{"type": "FeatureCollection", "features": [{"type": "Feature", "properties": {"height": 36.0}, "geometry": {"type": "Polygon", "coordinates": [[[101.607846, 3.073417], [101.607686, 3.073249], [101.607637, 3.073197], [101.607576, 3.073197], [101.607515, 3.073197], [101.607459, 3.073249], [101.607319, 3.073382], [101.606372, 3.073361], [101.606191, 3.07336], [101.605924, 3.073355], [101.605803, 3.073353], [101.605328, 3.073258], [101.605306, 3.07324], [101.605292, 3.073217], [101.6053, 3.07296], [101.605293, 3.072598], [101.605289, 3.072387], [101.605282, 3.072], [101.605529, 3.071932], [101.605679, 3.071804], [101.605687, 3.071785], [101.605738, 3.071659], [101.605765, 3.071631], [101.605788, 3.071607], [101.605806, 3.071607], [101.606093, 3.071601], [101.606903, 3.071599], [101.607597, 3.071711], [101.607772, 3.071753], [101.60786, 3.071792], [101.607972, 3.071792], [101.607971, 3.071971], [101.607969, 3.072113], [101.607965, 3.072417], [101.607809, 3.072418], [101.60781, 3.072576], [101.607875, 3.072576], [101.607875, 3.072659], [101.608193, 3.072658], [101.6082, 3.072664], [101.608192, 3.072555], [101.608874, 3.072553], [101.608875, 3.072959], [101.608876, 3.073175], [101.608824, 3.073174], [101.608816, 3.073415], [101.607846, 3.073417]]]}}, {"type": "Feature", "properties": {"height": 12.0}, "geometry": {"type": "Polygon", "coordinates": [[[101.612589, 3.065883], [101.612758, 3.065886], [101.612752, 3.066217], [101.612583, 3.066214], [101.612589, 3.065883]]]}}, {"type": "Feature", "properties": {"height": 12.0}, "geometry": {"type": "Polygon", "coordinates": [[[101.606857, 3.064321], [101.606829, 3.064252], [101.606714, 3.064298], [101.606742, 3.064367], [101.606857, 3.064321]]]}}, {"type": "Feature", "properties": {"height": 12.0}, "geometry": {"type": "Polygon", "coordinates": [[[101.612364, 3.065259], [101.612455, 3.065192], [101.612492, 3.065248], [101.612404, 3.065318], [101.612364, 3.065259]]]}}, {"type": "Feature", "properties": {"height": 12.0}, "geometry": {"type": "Polygon", "coordinates": [[[101.610027, 3.066377], [101.610034, 3.065815], [101.610509, 3.065814], [101.610475, 3.066401], [101.610027, 3.066377]]]}}, {"type": "Feature", "properties": {"height": 12.0}, "geometry": {"type": "Polygon", "coordinates": [[[101.599143, 3.068331], [101.599141, 3.068152], [101.599428, 3.068144], [101.59943, 3.068318], [101.599143, 3.068331]]]}}, {"type": "Feature", "properties": {"height": 4.0}, "geometry": {"type": "Polygon", "coordinates": [[[101.600515, 3.067753], [101.600482, 3.067751], [101.600437, 3.067789], [101.600438, 3.067975], [101.600518, 3.067972], [101.600515, 3.067753]]]}}, {"type": "Feature", "properties": {"height": 15.0}, "geometry": {"type": "Polygon", "coordinates": [[[101.602611, 3.068831], [101.602611, 3.068846], [101.602649, 3.068886], [101.602823, 3.068889], [101.602825, 3.068831], [101.602611, 3.068831]]]}}, {"type": "Feature", "properties": {"height": 15.0}, "geometry": {"type": "Polygon", "coordinates": [[[101.602265, 3.067324], [101.602437, 3.067323], [101.602438, 3.067497], [101.602391, 3.067535], [101.602269, 3.067538], [101.602265, 3.067324]]]}}, {"type": "Feature", "properties": {"height": 15.0}, "geometry": {"type": "Polygon", "coordinates": [[[101.602613, 3.067927], [101.602614, 3.067858], [101.602831, 3.067859], [101.602831, 3.067928], [101.602613, 3.067927]]]}}, {"type": "Feature", "properties": {"height": 12.0}, "geometry": {"type": "Polygon", "coordinates": [[[101.606341, 3.066307], [101.606352, 3.06592], [101.606019, 3.065911], [101.606008, 3.066298], [101.606341, 3.066307]]]}}, {"type": "Feature", "properties": {"height": 35.0}, "geometry": {"type": "Polygon", "coordinates": [[[101.603723, 3.069101], [101.603829, 3.0691], [101.60383, 3.069139], [101.603865, 3.069139], [101.603865, 3.069106], [101.603961, 3.069105], [101.603961, 3.069142], [101.603991, 3.069141], [101.603991, 3.069109], [101.604097, 3.069108], [101.604098, 3.069134], [101.604134, 3.069134], [101.604133, 3.069101], [101.604242, 3.0691], [101.604243, 3.069134], [101.604265, 3.069133], [101.604264, 3.069101], [101.604385, 3.069099], [101.604385, 3.069136], [101.604412, 3.069135], [101.604411, 3.069108], [101.60453, 3.069106], [101.604531, 3.069151], [101.604558, 3.069151], [101.604561, 3.06926], [101.604534, 3.06926], [101.604534, 3.06929], [101.604423, 3.069292], [101.604422, 3.069268], [101.604374, 3.069269], [101.604374, 3.069299], [101.604276, 3.069301], [101.604276, 3.069264], [101.604241, 3.069265], [101.604242, 3.069295], [101.604139, 3.069297], [101.604138, 3.069262], [101.604097, 3.069263], [101.604097, 3.069296], [101.603996, 3.069298], [101.603995, 3.069261], [101.603964, 3.069261], [101.603964, 3.069302], [101.603866, 3.069304], [101.603866, 3.069267], [101.603827, 3.069267], [101.603828, 3.0693], [101.603724, 3.069301], [101.603723, 3.069267], [101.603699, 3.069267], [101.603697, 3.069161], [101.603724, 3.069161], [101.603723, 3.069101]]]}}, {"type": "Feature", "properties": {"height": 12.0}, "geometry": {"type": "Polygon", "coordinates": [[[101.601103, 3.064963], [101.601102, 3.064907], [101.601062, 3.064908], [101.601061, 3.064796], [101.601102, 3.064796], [101.601098, 3.064087], [101.60131, 3.064086], [101.601315, 3.064961], [101.601103, 3.064963]]]}}, {"type": "Feature", "properties": {"height": 12.0}, "geometry": {"type": "Polygon", "coordinates": [[[101.599122, 3.067683], [101.599409, 3.067672], [101.599414, 3.067865], [101.59913, 3.067876], [101.599122, 3.067683]]]}}, {"type": "Feature", "properties": {"height": 7.0}, "geometry": {"type": "Polygon", "coordinates": [[[101.603154, 3.065688], [101.602931, 3.065689], [101.602929, 3.06562], [101.603111, 3.06562], [101.603155, 3.065666], [101.603154, 3.065688]]]}}, {"type": "Feature", "properties": {"height": 12.0}, "geometry": {"type": "Polygon", "coordinates": [[[101.599392, 3.064924], [101.600206, 3.064919], [101.600207, 3.065031], [101.599378, 3.065036], [101.599378, 3.06498], [101.599392, 3.06498], [101.599392, 3.064924]]]}}, {"type": "Feature", "properties": {"height": 105.0}, "geometry": {"type": "Polygon", "coordinates": [[[101.605596, 3.06623], [101.605616, 3.065881], [101.605766, 3.065886], [101.606003, 3.065898], [101.605985, 3.066252], [101.605596, 3.06623]]]}}, {"type": "Feature", "properties": {"height": 12.0}, "geometry": {"type": "Polygon", "coordinates": [[[101.59914, 3.064467], [101.599206, 3.064468], [101.599258, 3.064468], [101.599257, 3.064515], [101.599257, 3.064552], [101.599257, 3.064617], [101.599207, 3.064616], [101.599139, 3.064616], [101.599139, 3.06455], [101.59914, 3.064467]]]}}, {"type": "Feature", "properties": {"height": 35.0}, "geometry": {"type": "Polygon", "coordinates": [[[101.603478, 3.069287], [101.603536, 3.069287], [101.603536, 3.069249], [101.603621, 3.069249], [101.603621, 3.069286], [101.603656, 3.069286], [101.603656, 3.069375], [101.60363, 3.069375], [101.60363, 3.06943], [101.603656, 3.06943], [101.603657, 3.06952], [101.60362, 3.06952], [101.60362, 3.06955], [101.603517, 3.069551], [101.603517, 3.069524], [101.603482, 3.069524], [101.603482, 3.069422], [101.603505, 3.069422], [101.603505, 3.069383], [101.603478, 3.069383], [101.603478, 3.069287]]]}}, {"type": "Feature", "properties": {"height": 17.5}, "geometry": {"type": "Polygon", "coordinates": [[[101.603794, 3.067772], [101.603908, 3.067772], [101.604046, 3.067772], [101.604045, 3.067909], [101.604394, 3.067909], [101.604394, 3.068212], [101.604332, 3.068212], [101.604332, 3.06829], [101.604104, 3.06829], [101.604104, 3.068461], [101.60446, 3.068462], [101.604459, 3.068958], [101.603457, 3.068957], [101.603458, 3.068483], [101.603589, 3.068481], [101.603589, 3.06836], [101.60368, 3.06836], [101.60368, 3.068475], [101.603761, 3.068475], [101.603761, 3.06829], [101.603506, 3.068292], [101.603506, 3.068222], [101.603458, 3.068222], [101.603458, 3.068152], [101.603432, 3.068152], [101.603432, 3.067916], [101.603794, 3.067916], [101.603794, 3.067772]]]}}, {"type": "Feature", "properties": {"height": 35.0}, "geometry": {"type": "Polygon", "coordinates": [[[101.605257, 3.067086], [101.605408, 3.067037], [101.605431, 3.067109], [101.605504, 3.067085], [101.605487, 3.067033], [101.605674, 3.066973], [101.605665, 3.066946], [101.605802, 3.066901], [101.605859, 3.067076], [101.605781, 3.067101], [101.605801, 3.067162], [101.605508, 3.067258], [101.605489, 3.067197], [101.605312, 3.067255], [101.605257, 3.067086]]]}}, {"type": "Feature", "properties": {"height": 12.0}, "geometry": {"type": "Polygon", "coordinates": [[[101.600388, 3.06756], [101.600388, 3.067276], [101.600567, 3.067271], [101.600571, 3.067567], [101.600388, 3.06756]]]}}, {"type": "Feature", "properties": {"height": 4.0}, "geometry": {"type": "Polygon", "coordinates": [[[101.600523, 3.068298], [101.600459, 3.068299], [101.600457, 3.068079], [101.600521, 3.068078], [101.600523, 3.068298]]]}}, {"type": "Feature", "properties": {"height": 12.0}, "geometry": {"type": "Polygon", "coordinates": [[[101.599666, 3.068291], [101.599661, 3.068042], [101.600227, 3.06802], [101.600227, 3.068264], [101.599666, 3.068291]]]}}, {"type": "Feature", "properties": {"height": 40.0}, "geometry": {"type": "Polygon", "coordinates": [[[101.606169, 3.066407], [101.606259, 3.066432], [101.60627, 3.066491], [101.605976, 3.066788], [101.605907, 3.066764], [101.605911, 3.066687], [101.605926, 3.066673], [101.605895, 3.066642], [101.605921, 3.066611], [101.605939, 3.066631], [101.605998, 3.066572], [101.605974, 3.06655], [101.606007, 3.066524], [101.60603, 3.066549], [101.60608, 3.066485], [101.606063, 3.066465], [101.606091, 3.066433], [101.606113, 3.066452], [101.606169, 3.066407]]]}}, {"type": "Feature", "properties": {"height": 15.0}, "geometry": {"type": "Polygon", "coordinates": [[[101.60236, 3.067723], [101.602364, 3.06794], [101.602432, 3.067938], [101.602429, 3.067766], [101.602391, 3.067721], [101.60236, 3.067723]]]}}, {"type": "Feature", "properties": {"height": 12.0}, "geometry": {"type": "Polygon", "coordinates": [[[101.60237, 3.068629], [101.602292, 3.068628], [101.602289, 3.068779], [101.60193, 3.068779], [101.601927, 3.068516], [101.602064, 3.068519], [101.602064, 3.068487], [101.602158, 3.068484], [101.602158, 3.068516], [101.602195, 3.068516], [101.602195, 3.068462], [101.602369, 3.06846], [101.60237, 3.068629]]]}}, {"type": "Feature", "properties": {"height": 12.0}, "geometry": {"type": "Polygon", "coordinates": [[[101.604529, 3.068385], [101.604679, 3.068387], [101.604677, 3.068498], [101.604675, 3.068601], [101.604713, 3.068602], [101.604709, 3.068789], [101.604555, 3.068786], [101.604555, 3.068806], [101.604521, 3.068806], [101.604529, 3.068385]]]}}, {"type": "Feature", "properties": {"height": 35.0}, "geometry": {"type": "Polygon", "coordinates": [[[101.605076, 3.067176], [101.605244, 3.067275], [101.6052, 3.067349], [101.605287, 3.0674], [101.605111, 3.067697], [101.605071, 3.067673], [101.605032, 3.06774], [101.604957, 3.067696], [101.604921, 3.067758], [101.604769, 3.067668], [101.604798, 3.06762], [101.604816, 3.067588], [101.604901, 3.067638], [101.60498, 3.067503], [101.604927, 3.067472], [101.604987, 3.067371], [101.605031, 3.067397], [101.605085, 3.067306], [101.605021, 3.067268], [101.605076, 3.067176]]]}}, {"type": "Feature", "properties": {"height": 15.0}, "geometry": {"type": "Polygon", "coordinates": [[[101.603146, 3.068723], [101.603145, 3.068832], [101.603107, 3.068878], [101.602921, 3.068882], [101.602929, 3.068721], [101.603146, 3.068723]]]}}, {"type": "Feature", "properties": {"height": 12.0}, "geometry": {"type": "Polygon", "coordinates": [[[101.605127, 3.066378], [101.605159, 3.066336], [101.605232, 3.066392], [101.605224, 3.066422], [101.605275, 3.06643], [101.605267, 3.066489], [101.605202, 3.066483], [101.605205, 3.066443], [101.605127, 3.066378]]]}}, {"type": "Feature", "properties": {"height": 15.0}, "geometry": {"type": "Polygon", "coordinates": [[[101.602102, 3.06665], [101.602102, 3.066581], [101.601879, 3.066583], [101.601879, 3.066651], [101.602102, 3.06665]]]}}, {"type": "Feature", "properties": {"height": 7.0}, "geometry": {"type": "Polygon", "coordinates": [[[101.602831, 3.06569], [101.602833, 3.065628], [101.602649, 3.065625], [101.60261, 3.065669], [101.602611, 3.065689], [101.602831, 3.06569]]]}}, {"type": "Feature", "properties": {"height": 12.0}, "geometry": {"type": "Polygon", "coordinates": [[[101.599135, 3.067913], [101.599425, 3.067903], [101.599425, 3.068074], [101.599138, 3.068085], [101.599135, 3.067913]]]}}, {"type": "Feature", "properties": {"height": 35.0}, "geometry": {"type": "Polygon", "coordinates": [[[101.604934, 3.065755], [101.605274, 3.065758], [101.60526, 3.066124], [101.604928, 3.066121], [101.604934, 3.065755]]]}}, {"type": "Feature", "properties": {"height": 12.0}, "geometry": {"type": "Polygon", "coordinates": [[[101.604635, 3.066027], [101.604642, 3.06579], [101.604862, 3.065792], [101.604854, 3.06603], [101.604635, 3.066027]]]}}, {"type": "Feature", "properties": {"height": 35.0}, "geometry": {"type": "Polygon", "coordinates": [[[101.603712, 3.069548], [101.603711, 3.06944], [101.603742, 3.069439], [101.603742, 3.069404], [101.60384, 3.069402], [101.60384, 3.069437], [101.603881, 3.069436], [101.603881, 3.069409], [101.603972, 3.069408], [101.603972, 3.069442], [101.60401, 3.069441], [101.60401, 3.069409], [101.6041, 3.069408], [101.6041, 3.069429], [101.604152, 3.069428], [101.604152, 3.069406], [101.604253, 3.069405], [101.604253, 3.06944], [101.604287, 3.06944], [101.604286, 3.069404], [101.6044, 3.069403], [101.6044, 3.069427], [101.604429, 3.069426], [101.604429, 3.069399], [101.604539, 3.069398], [101.60454, 3.069435], [101.604575, 3.069434], [101.604576, 3.069546], [101.604545, 3.069547], [101.604545, 3.069582], [101.604434, 3.069583], [101.604433, 3.069549], [101.604384, 3.069549], [101.604384, 3.069582], [101.604286, 3.069583], [101.604286, 3.069546], [101.604252, 3.069547], [101.604253, 3.069582], [101.604138, 3.069584], [101.604138, 3.069555], [101.604103, 3.069555], [101.604103, 3.069585], [101.604004, 3.069587], [101.604004, 3.069552], [101.603977, 3.069553], [101.603977, 3.069586], [101.603866, 3.069587], [101.603866, 3.069556], [101.603835, 3.069556], [101.603836, 3.069586], [101.603743, 3.069587], [101.603742, 3.069548], [101.603712, 3.069548]]]}}, {"type": "Feature", "properties": {"height": 12.0}, "geometry": {"type": "Polygon", "coordinates": [[[101.602941, 3.067927], [101.602941, 3.067859], [101.603156, 3.067859], [101.603156, 3.067927], [101.602941, 3.067927]]]}}, {"type": "Feature", "properties": {"height": 15.0}, "geometry": {"type": "Polygon", "coordinates": [[[101.602276, 3.068056], [101.602442, 3.068053], [101.602445, 3.068227], [101.602396, 3.068273], [101.602279, 3.068273], [101.602276, 3.068056]]]}}, {"type": "Feature", "properties": {"height": 4.0}, "geometry": {"type": "Polygon", "coordinates": [[[101.602348, 3.066987], [101.602369, 3.066988], [101.602424, 3.067025], [101.602425, 3.067201], [101.602353, 3.067204], [101.602348, 3.066987]]]}}, {"type": "Feature", "properties": {"height": 12.0}, "geometry": {"type": "Polygon", "coordinates": [[[101.600653, 3.067297], [101.600948, 3.067292], [101.600954, 3.067546], [101.600656, 3.067552], [101.600653, 3.067297]]]}}, {"type": "Feature", "properties": {"height": 35.0}, "geometry": {"type": "Polygon", "coordinates": [[[101.604609, 3.069175], [101.604651, 3.069174], [101.604651, 3.069149], [101.604765, 3.069148], [101.604766, 3.069185], [101.604798, 3.069185], [101.604799, 3.069282], [101.604773, 3.069282], [101.604774, 3.069319], [101.604801, 3.069318], [101.604803, 3.069424], [101.604763, 3.069424], [101.604763, 3.069452], [101.604647, 3.069453], [101.604647, 3.069419], [101.604613, 3.06942], [101.604612, 3.069314], [101.604641, 3.069313], [101.604641, 3.069272], [101.604611, 3.069273], [101.604609, 3.069175]]]}}, {"type": "Feature", "properties": {"height": 12.0}, "geometry": {"type": "Polygon", "coordinates": [[[101.600222, 3.067857], [101.600224, 3.067627], [101.599637, 3.067632], [101.599631, 3.067876], [101.599814, 3.067871], [101.599814, 3.067911], [101.600197, 3.067903], [101.600195, 3.067862], [101.600222, 3.067857]]]}}, {"type": "Feature", "properties": {"height": 12.0}, "geometry": {"type": "Polygon", "coordinates": [[[101.599299, 3.07116], [101.599604, 3.071146], [101.599607, 3.071393], [101.599309, 3.071403], [101.599299, 3.07116]]]}}, {"type": "Feature", "properties": {"height": 15.0}, "geometry": {"type": "Polygon", "coordinates": [[[101.601889, 3.069914], [101.601889, 3.069846], [101.602103, 3.069846], [101.602103, 3.069914], [101.601889, 3.069914]]]}}, {"type": "Feature", "properties": {"height": 15.0}, "geometry": {"type": "Polygon", "coordinates": [[[101.599882, 3.069767], [101.599964, 3.069765], [101.599968, 3.069978], [101.599886, 3.069979], [101.599882, 3.069767]]]}}, {"type": "Feature", "properties": {"height": 15.0}, "geometry": {"type": "Polygon", "coordinates": [[[101.602198, 3.071409], [101.602209, 3.070035], [101.60244, 3.070032], [101.602431, 3.07135], [101.602362, 3.071411], [101.602198, 3.071409]]]}}, {"type": "Feature", "properties": {"height": 12.0}, "geometry": {"type": "Polygon", "coordinates": [[[101.600036, 3.068929], [101.600036, 3.068961], [101.600165, 3.068961], [101.600168, 3.069177], [101.600026, 3.06918], [101.600023, 3.069239], [101.59995, 3.069242], [101.599948, 3.069178], [101.59991, 3.069174], [101.599902, 3.068969], [101.599921, 3.068969], [101.599918, 3.068926], [101.600036, 3.068929]]]}}, {"type": "Feature", "properties": {"height": 12.0}, "geometry": {"type": "Polygon", "coordinates": [[[101.599263, 3.069724], [101.599572, 3.069719], [101.599573, 3.069959], [101.59927, 3.069965], [101.599263, 3.069724]]]}}, {"type": "Feature", "properties": {"height": 15.0}, "geometry": {"type": "Polygon", "coordinates": [[[101.600809, 3.070699], [101.600801, 3.07049], [101.601688, 3.070466], [101.601692, 3.070632], [101.60164, 3.07068], [101.600809, 3.070699]]]}}, {"type": "Feature", "properties": {"height": 12.0}, "geometry": {"type": "Polygon", "coordinates": [[[101.601337, 3.068567], [101.601646, 3.068556], [101.601654, 3.068776], [101.601345, 3.068779], [101.601343, 3.068741], [101.601278, 3.068744], [101.601275, 3.068679], [101.60134, 3.068677], [101.601337, 3.068567]]]}}, {"type": "Feature", "properties": {"height": 12.0}, "geometry": {"type": "Polygon", "coordinates": [[[101.600619, 3.069165], [101.600612, 3.068947], [101.600882, 3.068939], [101.600888, 3.069158], [101.600619, 3.069165]]]}}, {"type": "Feature", "properties": {"height": 12.0}, "geometry": {"type": "Polygon", "coordinates": [[[101.59929, 3.070431], [101.59958, 3.070426], [101.599583, 3.070683], [101.59951, 3.070688], [101.599511, 3.070733], [101.599256, 3.070744], [101.59925, 3.070552], [101.599291, 3.070552], [101.59929, 3.070431]]]}}, {"type": "Feature", "properties": {"height": 12.0}, "geometry": {"type": "Polygon", "coordinates": [[[101.600409, 3.071719], [101.600658, 3.071714], [101.600656, 3.071936], [101.600406, 3.071944], [101.600409, 3.071719]]]}}, {"type": "Feature", "properties": {"height": 12.0}, "geometry": {"type": "Polygon", "coordinates": [[[101.601336, 3.068933], [101.60147, 3.068929], [101.601469, 3.06889], [101.601697, 3.068884], [101.601705, 3.069163], [101.60166, 3.069164], [101.601656, 3.069037], [101.601602, 3.069039], [101.601606, 3.069148], [101.601576, 3.069148], [101.601579, 3.069228], [101.601466, 3.069231], [101.601463, 3.069146], [101.601342, 3.06915], [101.601336, 3.068933]]]}}, {"type": "Feature", "properties": {"height": 15.0}, "geometry": {"type": "Polygon", "coordinates": [[[101.602091, 3.071411], [101.60211, 3.070037], [101.601879, 3.07004], [101.601869, 3.071352], [101.60193, 3.071416], [101.602091, 3.071411]]]}}, {"type": "Feature", "properties": {"height": 12.0}, "geometry": {"type": "Polygon", "coordinates": [[[101.60146, 3.071698], [101.601723, 3.071687], [101.601731, 3.071805], [101.601764, 3.071805], [101.601764, 3.071864], [101.601761, 3.071941], [101.60142, 3.071955], [101.601415, 3.071781], [101.601466, 3.071778], [101.60146, 3.071698]]]}}, {"type": "Feature", "properties": {"height": 12.0}, "geometry": {"type": "Polygon", "coordinates": [[[101.599261, 3.070806], [101.599591, 3.07079], [101.599597, 3.071031], [101.599382, 3.071044], [101.599382, 3.071095], [101.59927, 3.071098], [101.599261, 3.070806]]]}}, {"type": "Feature", "properties": {"height": 12.0}, "geometry": {"type": "Polygon", "coordinates": [[[101.605774, 3.070712], [101.605734, 3.070642], [101.60571, 3.070591], [101.605656, 3.070616], [101.605672, 3.070653], [101.605602, 3.070696], [101.605618, 3.070718], [101.605637, 3.070744], [101.605701, 3.070707], [101.605723, 3.070747], [101.605774, 3.070712]]]}}, {"type": "Feature", "properties": {"height": 4.0}, "geometry": {"type": "Polygon", "coordinates": [[[101.59988, 3.069435], [101.599846, 3.069431], [101.599809, 3.069468], [101.599812, 3.069658], [101.599883, 3.069653], [101.59988, 3.069435]]]}}, {"type": "Feature", "properties": {"height": 15.0}, "geometry": {"type": "Polygon", "coordinates": [[[101.601854, 3.072119], [101.601857, 3.072367], [101.60116, 3.072386], [101.601162, 3.072191], [101.601208, 3.072191], [101.601208, 3.072124], [101.601527, 3.072116], [101.60153, 3.072191], [101.601632, 3.072188], [101.60163, 3.072121], [101.601854, 3.072119]]]}}, {"type": "Feature", "properties": {"height": 12.0}, "geometry": {"type": "Polygon", "coordinates": [[[101.602761, 3.069956], [101.603, 3.069958], [101.602994, 3.070777], [101.602755, 3.070775], [101.602761, 3.069956]]]}}, {"type": "Feature", "properties": {"height": 15.0}, "geometry": {"type": "Polygon", "coordinates": [[[101.601644, 3.069408], [101.601656, 3.069408], [101.601702, 3.069451], [101.601698, 3.069621], [101.601647, 3.069622], [101.601644, 3.069408]]]}}, {"type": "Feature", "properties": {"height": 15.0}, "geometry": {"type": "Polygon", "coordinates": [[[101.59992, 3.071237], [101.600736, 3.071216], [101.600739, 3.071438], [101.599924, 3.071459], [101.59992, 3.071237]]]}}, {"type": "Feature", "properties": {"height": 15.0}, "geometry": {"type": "Polygon", "coordinates": [[[101.602214, 3.069919], [101.602214, 3.069851], [101.602431, 3.069848], [101.602432, 3.069917], [101.602214, 3.069919]]]}}, {"type": "Feature", "properties": {"height": 12.0}, "geometry": {"type": "Polygon", "coordinates": [[[101.600923, 3.068904], [101.601113, 3.0689], [101.601113, 3.068939], [101.601236, 3.068937], [101.60124, 3.069152], [101.601113, 3.069155], [101.601114, 3.069233], [101.600999, 3.069235], [101.600997, 3.069137], [101.600928, 3.069138], [101.600923, 3.068904]]]}}, {"type": "Feature", "properties": {"height": 12.0}, "geometry": {"type": "Polygon", "coordinates": [[[101.601828, 3.071684], [101.602072, 3.071679], [101.60208, 3.071776], [101.602115, 3.071776], [101.602121, 3.071941], [101.601828, 3.071947], [101.601825, 3.071861], [101.601764, 3.071864], [101.601764, 3.071805], [101.601764, 3.071789], [101.601833, 3.071786], [101.601828, 3.071684]]]}}, {"type": "Feature", "properties": {"height": 12.0}, "geometry": {"type": "Polygon", "coordinates": [[[101.59932, 3.07151], [101.599623, 3.071505], [101.599626, 3.07162], [101.599685, 3.07162], [101.599691, 3.07169], [101.599637, 3.07169], [101.599633, 3.071751], [101.599264, 3.07176], [101.599261, 3.071569], [101.599323, 3.071569], [101.59932, 3.07151]]]}}, {"type": "Feature", "properties": {"height": 35.0}, "geometry": {"type": "Polygon", "coordinates": [[[101.604472, 3.070504], [101.604676, 3.070498], [101.604676, 3.070581], [101.604617, 3.070589], [101.604652, 3.070629], [101.604652, 3.07071], [101.604687, 3.07068], [101.60474, 3.070675], [101.604757, 3.070691], [101.604738, 3.070761], [101.604775, 3.070753], [101.604816, 3.070753], [101.604826, 3.070782], [101.604808, 3.070822], [101.604861, 3.070809], [101.60488, 3.070822], [101.60488, 3.071004], [101.604692, 3.07101], [101.604695, 3.070946], [101.604636, 3.070948], [101.604625, 3.070927], [101.604639, 3.070892], [101.604665, 3.07086], [101.604649, 3.070844], [101.604614, 3.070871], [101.60458, 3.07087], [101.604556, 3.070849], [101.604561, 3.070817], [101.604566, 3.070793], [101.604496, 3.070798], [101.604486, 3.070777], [101.604483, 3.070737], [101.604505, 3.070723], [101.604486, 3.070702], [101.604469, 3.070667], [101.604478, 3.070627], [101.604507, 3.070605], [101.604483, 3.070587], [101.604472, 3.07056], [101.604472, 3.070504]]]}}, {"type": "Feature", "properties": {"height": 12.0}, "geometry": {"type": "Polygon", "coordinates": [[[101.604006, 3.071012], [101.604211, 3.071006], [101.604215, 3.071152], [101.60401, 3.071158], [101.604006, 3.071012]]]}}, {"type": "Feature", "properties": {"height": 15.0}, "geometry": {"type": "Polygon", "coordinates": [[[101.600726, 3.071103], [101.600723, 3.070892], [101.599891, 3.070911], [101.5999, 3.07113], [101.600726, 3.071103]]]}}, {"type": "Feature", "properties": {"height": 15.0}, "geometry": {"type": "Polygon", "coordinates": [[[101.600706, 3.070372], [101.600701, 3.070161], [101.599886, 3.070174], [101.599822, 3.070228], [101.599822, 3.070404], [101.600706, 3.070372]]]}}, {"type": "Feature", "properties": {"height": 15.0}, "geometry": {"type": "Polygon", "coordinates": [[[101.600709, 3.070704], [101.600702, 3.070487], [101.599827, 3.070498], [101.59983, 3.070672], [101.5999, 3.070731], [101.600709, 3.070704]]]}}, {"type": "Feature", "properties": {"height": 12.0}, "geometry": {"type": "Polygon", "coordinates": [[[101.601238, 3.068578], [101.601238, 3.068658], [101.601278, 3.068655], [101.601275, 3.068679], [101.601278, 3.068744], [101.601281, 3.068819], [101.600931, 3.068818], [101.600927, 3.068687], [101.600994, 3.068684], [101.600994, 3.06858], [101.601238, 3.068578]]]}}, {"type": "Feature", "properties": {"height": 15.0}, "geometry": {"type": "Polygon", "coordinates": [[[101.600827, 3.071101], [101.600823, 3.070888], [101.60164, 3.070862], [101.60171, 3.070916], [101.601713, 3.071085], [101.600827, 3.071101]]]}}, {"type": "Feature", "properties": {"height": 12.0}, "geometry": {"type": "Polygon", "coordinates": [[[101.60062, 3.068591], [101.600878, 3.068583], [101.600878, 3.068827], [101.600565, 3.068829], [101.600562, 3.068695], [101.600562, 3.068671], [101.600621, 3.068669], [101.600621, 3.068631], [101.60062, 3.068591]]]}}, {"type": "Feature", "properties": {"height": 35.0}, "geometry": {"type": "Polygon", "coordinates": [[[101.603839, 3.072061], [101.602639, 3.072076], [101.602642, 3.072307], [101.603594, 3.072296], [101.6036, 3.07275], [101.603847, 3.072747], [101.603839, 3.072061]]]}}, {"type": "Feature", "properties": {"height": 15.0}, "geometry": {"type": "Polygon", "coordinates": [[[101.600811, 3.069748], [101.600893, 3.069746], [101.600896, 3.069958], [101.600815, 3.069959], [101.600811, 3.069748]]]}}, {"type": "Feature", "properties": {"height": 15.0}, "geometry": {"type": "Polygon", "coordinates": [[[101.601047, 3.072191], [101.601047, 3.072384], [101.600343, 3.072374], [101.600337, 3.072142], [101.600398, 3.07214], [101.600401, 3.072217], [101.600591, 3.072212], [101.600591, 3.072126], [101.600667, 3.072126], [101.600664, 3.072207], [101.600797, 3.0722], [101.600793, 3.072105], [101.600881, 3.072102], [101.600884, 3.072196], [101.601047, 3.072191]]]}}, {"type": "Feature", "properties": {"height": 12.0}, "geometry": {"type": "Polygon", "coordinates": [[[101.600272, 3.06917], [101.600267, 3.068958], [101.600519, 3.068947], [101.600524, 3.069172], [101.600434, 3.069172], [101.600431, 3.069231], [101.600369, 3.069228], [101.600369, 3.06917], [101.600272, 3.06917]]]}}, {"type": "Feature", "properties": {"height": 35.0}, "geometry": {"type": "Polygon", "coordinates": [[[101.60466, 3.069828], [101.604883, 3.069828], [101.604894, 3.070016], [101.604851, 3.070016], [101.6048, 3.07], [101.604824, 3.070045], [101.604824, 3.070088], [101.604757, 3.070096], [101.604725, 3.070072], [101.604706, 3.070091], [101.604733, 3.070115], [101.604736, 3.070171], [101.604639, 3.070171], [101.604634, 3.070206], [101.604698, 3.070267], [101.604666, 3.070289], [101.604666, 3.070337], [101.604451, 3.070348], [101.604454, 3.070278], [101.604494, 3.07026], [101.604465, 3.070241], [101.604462, 3.070171], [101.604492, 3.070155], [101.604459, 3.070128], [101.604459, 3.070096], [101.604483, 3.070059], [101.604529, 3.070051], [101.604559, 3.070075], [101.604529, 3.070024], [101.60454, 3.070005], [101.604564, 3.069992], [101.604588, 3.069986], [101.604636, 3.070005], [101.604596, 3.06996], [101.604599, 3.069909], [101.604668, 3.069901], [101.60466, 3.069828]]]}}, {"type": "Feature", "properties": {"height": 35.0}, "geometry": {"type": "Polygon", "coordinates": [[[101.603108, 3.07052], [101.603893, 3.070493], [101.603897, 3.070609], [101.603823, 3.070612], [101.603824, 3.07066], [101.603899, 3.070657], [101.603903, 3.07077], [101.603122, 3.070797], [101.603118, 3.07068], [101.603181, 3.070678], [101.603179, 3.070628], [101.603112, 3.07063], [101.603108, 3.07052]]]}}, {"type": "Feature", "properties": {"height": 12.0}, "geometry": {"type": "Polygon", "coordinates": [[[101.599886, 3.068602], [101.600162, 3.068588], [101.600168, 3.068701], [101.600267, 3.068695], [101.600267, 3.068837], [101.59995, 3.068846], [101.599948, 3.068816], [101.599891, 3.068819], [101.599886, 3.068602]]]}}, {"type": "Feature", "properties": {"height": 12.0}, "geometry": {"type": "Polygon", "coordinates": [[[101.600835, 3.071218], [101.60172, 3.07119], [101.601721, 3.071382], [101.601646, 3.071425], [101.600839, 3.071446], [101.600835, 3.071218]]]}}, {"type": "Feature", "properties": {"height": 12.0}, "geometry": {"type": "Polygon", "coordinates": [[[101.599236, 3.068998], [101.599553, 3.068987], [101.599553, 3.069242], [101.599414, 3.069244], [101.599409, 3.069298], [101.599269, 3.069304], [101.599269, 3.069242], [101.599236, 3.069241], [101.599236, 3.068998]]]}}, {"type": "Feature", "properties": {"height": 12.0}, "geometry": {"type": "Polygon", "coordinates": [[[101.599274, 3.070075], [101.599572, 3.070072], [101.599575, 3.070321], [101.599277, 3.070324], [101.599274, 3.070075]]]}}, {"type": "Feature", "properties": {"height": 12.0}, "geometry": {"type": "Polygon", "coordinates": [[[101.604637, 3.071237], [101.604921, 3.071229], [101.604921, 3.071374], [101.604637, 3.071379], [101.604637, 3.071237]]]}}, {"type": "Feature", "properties": {"height": 12.0}, "geometry": {"type": "Polygon", "coordinates": [[[101.602186, 3.071682], [101.602385, 3.071677], [101.602385, 3.071867], [101.602192, 3.07187], [101.602186, 3.071682]]]}}, {"type": "Feature", "properties": {"height": 12.0}, "geometry": {"type": "Polygon", "coordinates": [[[101.599979, 3.071724], [101.600248, 3.071717], [101.600256, 3.071939], [101.599985, 3.071942], [101.599979, 3.071724]]]}}, {"type": "Feature", "properties": {"height": 12.0}, "geometry": {"type": "Polygon", "coordinates": [[[101.605042, 3.071001], [101.60514, 3.070976], [101.605199, 3.07102], [101.605229, 3.07121], [101.605052, 3.071226], [101.604964, 3.071274], [101.604963, 3.071188], [101.605039, 3.071186], [101.605042, 3.071001]]]}}, {"type": "Feature", "properties": {"height": 12.0}, "geometry": {"type": "Polygon", "coordinates": [[[101.601996, 3.072268], [101.602061, 3.072266], [101.602067, 3.072373], [101.601997, 3.072375], [101.601996, 3.072268]]]}}, {"type": "Feature", "properties": {"height": 15.0}, "geometry": {"type": "Polygon", "coordinates": [[[101.602581, 3.07244], [101.602822, 3.072432], [101.602774, 3.072686], [101.60268, 3.07267], [101.602667, 3.072702], [101.6026, 3.072686], [101.602613, 3.072638], [101.602551, 3.072622], [101.602581, 3.07244]]]}}, {"type": "Feature", "properties": {"height": 12.0}, "geometry": {"type": "Polygon", "coordinates": [[[101.600758, 3.071701], [101.601013, 3.071693], [101.60101, 3.071958], [101.600871, 3.07196], [101.600869, 3.071925], [101.600755, 3.071926], [101.600758, 3.071701]]]}}, {"type": "Feature", "properties": {"height": 12.0}, "geometry": {"type": "Polygon", "coordinates": [[[101.599178, 3.071869], [101.59957, 3.071856], [101.599575, 3.072437], [101.59905, 3.072448], [101.599047, 3.072057], [101.599183, 3.072054], [101.599178, 3.071869]]]}}, {"type": "Feature", "properties": {"height": 12.0}, "geometry": {"type": "Polygon", "coordinates": [[[101.600267, 3.068588], [101.600516, 3.068586], [101.600519, 3.068698], [101.600562, 3.068695], [101.600565, 3.068829], [101.600267, 3.068837], [101.600267, 3.068695], [101.600267, 3.068588]]]}}, {"type": "Feature", "properties": {"height": 12.0}, "geometry": {"type": "Polygon", "coordinates": [[[101.599211, 3.069365], [101.599564, 3.069357], [101.599561, 3.069601], [101.599417, 3.069603], [101.59942, 3.069659], [101.599278, 3.069659], [101.599275, 3.069612], [101.599242, 3.069612], [101.599241, 3.069479], [101.59921, 3.069483], [101.599211, 3.069365]]]}}, {"type": "Feature", "properties": {"height": 12.0}, "geometry": {"type": "Polygon", "coordinates": [[[101.601106, 3.071695], [101.601364, 3.071684], [101.601372, 3.071783], [101.601415, 3.071781], [101.60142, 3.071955], [101.601256, 3.071963], [101.601248, 3.071922], [101.601114, 3.071931], [101.601106, 3.071695]]]}}, {"type": "Feature", "properties": {"height": 4.0}, "geometry": {"type": "Polygon", "coordinates": [[[101.602149, 3.072161], [101.602313, 3.072156], [101.602319, 3.072477], [101.602153, 3.072483], [101.602149, 3.072161]]]}}, {"type": "Feature", "properties": {"height": 15.0}, "geometry": {"type": "Polygon", "coordinates": [[[101.600801, 3.070378], [101.600796, 3.070168], [101.601712, 3.070142], [101.601715, 3.070257], [101.601678, 3.07026], [101.601678, 3.070359], [101.600801, 3.070378]]]}}, {"type": "Feature", "properties": {"height": 12.0}, "geometry": {"type": "Polygon", "coordinates": [[[101.605774, 3.068328], [101.605734, 3.068178], [101.605685, 3.068047], [101.60565, 3.06798], [101.605538, 3.068036], [101.605377, 3.068184], [101.605294, 3.068379], [101.605267, 3.068583], [101.605294, 3.06869], [101.605423, 3.068666], [101.605559, 3.068631], [101.605624, 3.068612], [101.605637, 3.068596], [101.60568, 3.068623], [101.605728, 3.068567], [101.60579, 3.068529], [101.605798, 3.068398], [101.605758, 3.068374], [101.605774, 3.068328]]]}}, {"type": "Feature", "properties": {"height": 15.0}, "geometry": {"type": "Polygon", "coordinates": [[[101.602952, 3.072416], [101.603545, 3.072509], [101.603494, 3.072785], [101.602912, 3.072681], [101.602952, 3.072416]]]}}, {"type": "Feature", "properties": {"height": 15.0}, "geometry": {"type": "Polygon", "coordinates": [[[101.609418, 3.072468], [101.609217, 3.072465], [101.609213, 3.072532], [101.609261, 3.072576], [101.609417, 3.072573], [101.609418, 3.072468]]]}}, {"type": "Feature", "properties": {"height": 12.0}, "geometry": {"type": "Polygon", "coordinates": [[[101.607964, 3.072484], [101.607965, 3.072417], [101.607969, 3.072113], [101.607971, 3.071971], [101.608323, 3.071976], [101.608764, 3.071981], [101.608763, 3.072074], [101.608757, 3.072495], [101.607964, 3.072484]]]}}, {"type": "Feature", "properties": {"height": 12.0}, "geometry": {"type": "Polygon", "coordinates": [[[101.6092, 3.07364], [101.60926, 3.073641], [101.60926, 3.073586], [101.609321, 3.073586], [101.609321, 3.073642], [101.609435, 3.073643], [101.609435, 3.073709], [101.609326, 3.073708], [101.609326, 3.073746], [101.609254, 3.073746], [101.609255, 3.073708], [101.6092, 3.073708], [101.6092, 3.07364]]]}}, {"type": "Feature", "properties": {"height": 15.0}, "geometry": {"type": "Polygon", "coordinates": [[[101.609217, 3.073208], [101.609217, 3.073325], [101.609256, 3.07336], [101.609431, 3.073361], [101.609425, 3.073206], [101.609217, 3.073208]]]}}, {"type": "Feature", "properties": {"height": 15.0}, "geometry": {"type": "Polygon", "coordinates": [[[101.609484, 3.073016], [101.610217, 3.073008], [101.610219, 3.073352], [101.609484, 3.073219], [101.609484, 3.073016]]]}}, {"type": "Feature", "properties": {"height": 15.0}, "geometry": {"type": "Polygon", "coordinates": [[[101.610268, 3.073374], [101.610484, 3.073373], [101.610487, 3.073482], [101.610428, 3.073541], [101.610267, 3.073506], [101.610268, 3.073374]]]}}, {"type": "Feature", "properties": {"height": 15.0}, "geometry": {"type": "Polygon", "coordinates": [[[101.610213, 3.072303], [101.610153, 3.072303], [101.610152, 3.072099], [101.610212, 3.072099], [101.610213, 3.072303]]]}}, {"type": "Feature", "properties": {"height": 15.0}, "geometry": {"type": "Polygon", "coordinates": [[[101.610262, 3.072466], [101.610485, 3.072465], [101.610485, 3.072491], [101.610433, 3.072558], [101.610259, 3.072558], [101.610262, 3.072466]]]}}, {"type": "Feature", "properties": {"height": 15.0}, "geometry": {"type": "Polygon", "coordinates": [[[101.610203, 3.072947], [101.610143, 3.072947], [101.610142, 3.072732], [101.610202, 3.072732], [101.610203, 3.072947]]]}}, {"type": "Feature", "properties": {"height": 12.0}, "geometry": {"type": "Polygon", "coordinates": [[[101.608104, 3.073542], [101.608522, 3.073555], [101.608517, 3.073706], [101.6081, 3.073693], [101.608104, 3.073542]]]}}, {"type": "Feature", "properties": {"height": 15.0}, "geometry": {"type": "Polygon", "coordinates": [[[101.610217, 3.072558], [101.610157, 3.072558], [101.610155, 3.072345], [101.610215, 3.072345], [101.610217, 3.072558]]]}}, {"type": "Feature", "properties": {"height": 4.0}, "geometry": {"type": "Polygon", "coordinates": [[[101.610277, 3.071094], [101.610276, 3.071049], [101.610275, 3.070906], [101.610274, 3.070838], [101.610548, 3.070833], [101.610547, 3.070895], [101.610547, 3.071042], [101.610547, 3.071092], [101.610277, 3.071094]]]}}, {"type": "Feature", "properties": {"height": 60.0}, "geometry": {"type": "Polygon", "coordinates": [[[101.610279, 3.068886], [101.61028, 3.068969], [101.610331, 3.068969], [101.610331, 3.069001], [101.610285, 3.069], [101.610288, 3.069209], [101.610305, 3.069208], [101.610414, 3.069205], [101.610412, 3.06939], [101.610312, 3.069393], [101.61029, 3.069391], [101.61029, 3.069437], [101.610268, 3.069437], [101.609829, 3.069435], [101.609832, 3.069129], [101.609891, 3.069127], [101.609888, 3.069022], [101.609982, 3.068897], [101.610044, 3.068891], [101.610041, 3.068779], [101.609768, 3.068783], [101.609767, 3.068838], [101.60966, 3.06884], [101.609655, 3.069127], [101.609516, 3.069121], [101.609513, 3.069158], [101.609451, 3.069159], [101.609437, 3.06869], [101.609521, 3.068693], [101.609521, 3.068634], [101.609944, 3.068629], [101.609944, 3.068516], [101.60999, 3.068513], [101.60999, 3.068593], [101.610095, 3.068591], [101.610092, 3.068636], [101.610178, 3.068634], [101.61018, 3.068578], [101.610315, 3.06857], [101.610315, 3.068754], [101.610108, 3.068759], [101.610108, 3.068891], [101.610279, 3.068886]]]}}, {"type": "Feature", "properties": {"height": 12.0}, "geometry": {"type": "Polygon", "coordinates": [[[101.610223, 3.067474], [101.610224, 3.067768], [101.610252, 3.067769], [101.610339, 3.067769], [101.610336, 3.067948], [101.610251, 3.067948], [101.610218, 3.067948], [101.610218, 3.068195], [101.610044, 3.068197], [101.610041, 3.068267], [101.610003, 3.06827], [101.610006, 3.068518], [101.60999, 3.068513], [101.609944, 3.068516], [101.609338, 3.068532], [101.609338, 3.068321], [101.609735, 3.068309], [101.609735, 3.068248], [101.609939, 3.06824], [101.609939, 3.068173], [101.609974, 3.068168], [101.609977, 3.067922], [101.60995, 3.067921], [101.60995, 3.067817], [101.610025, 3.067812], [101.610022, 3.067747], [101.609974, 3.06779], [101.609912, 3.067796], [101.609912, 3.067753], [101.609867, 3.067755], [101.609867, 3.067728], [101.609708, 3.067871], [101.609623, 3.067785], [101.609837, 3.067555], [101.609883, 3.067602], [101.609842, 3.067662], [101.609907, 3.067659], [101.609904, 3.067598], [101.609971, 3.067589], [101.609974, 3.067525], [101.610076, 3.067522], [101.610078, 3.06748], [101.610223, 3.067474]]]}}, {"type": "Feature", "properties": {"height": 12.0}, "geometry": {"type": "Polygon", "coordinates": [[[101.605738, 3.071659], [101.6057, 3.071591], [101.605688, 3.071569], [101.605562, 3.071604], [101.60549, 3.071545], [101.605409, 3.071513], [101.605294, 3.071508], [101.605283, 3.071507], [101.605203, 3.071515], [101.60509, 3.071569], [101.605018, 3.071459], [101.605093, 3.071414], [101.605184, 3.071382], [101.605294, 3.071363], [101.60538, 3.071363], [101.605418, 3.07137], [101.605479, 3.071382], [101.605559, 3.071411], [101.605599, 3.07144], [101.605624, 3.071416], [101.605682, 3.071462], [101.605717, 3.071503], [101.605766, 3.071588], [101.605806, 3.071607], [101.605788, 3.071607], [101.605765, 3.071631], [101.605738, 3.071659]]]}}, {"type": "Feature", "properties": {"height": 12.0}, "geometry": {"type": "Polygon", "coordinates": [[[101.60712, 3.069769], [101.607201, 3.069777], [101.60712, 3.070377], [101.607303, 3.070385], [101.607263, 3.070648], [101.607123, 3.070634], [101.607123, 3.070658], [101.607085, 3.070658], [101.607091, 3.070581], [101.60701, 3.07057], [101.60712, 3.069769]]]}}, {"type": "Feature", "properties": {"height": 12.0}, "geometry": {"type": "Polygon", "coordinates": [[[101.606541, 3.070921], [101.606648, 3.070921], [101.60664, 3.071111], [101.606536, 3.071111], [101.606541, 3.070921]]]}}, {"type": "Feature", "properties": {"height": 12.0}, "geometry": {"type": "Polygon", "coordinates": [[[101.605916, 3.070315], [101.606166, 3.070251], [101.606294, 3.070597], [101.606436, 3.070642], [101.606707, 3.07071], [101.606689, 3.070805], [101.606686, 3.070824], [101.606643, 3.070814], [101.606629, 3.070857], [101.60645, 3.070816], [101.606456, 3.070794], [101.606463, 3.070771], [101.606201, 3.070708], [101.606139, 3.070693], [101.606109, 3.070618], [101.606066, 3.070629], [101.606117, 3.070795], [101.606042, 3.070814], [101.605997, 3.070645], [101.606021, 3.07064], [101.605942, 3.070397], [101.605916, 3.070315]]]}}, {"type": "Feature", "properties": {"height": 12.0}, "geometry": {"type": "Polygon", "coordinates": [[[101.606436, 3.070642], [101.606463, 3.070554], [101.606812, 3.070645], [101.606833, 3.070648], [101.606839, 3.070626], [101.607002, 3.07064], [101.607002, 3.070664], [101.607552, 3.070712], [101.607582, 3.070715], [101.607571, 3.070811], [101.60745, 3.0708], [101.607448, 3.07081], [101.607442, 3.07083], [101.607297, 3.070814], [101.607297, 3.070797], [101.607297, 3.070784], [101.606986, 3.070752], [101.606986, 3.070781], [101.606823, 3.070765], [101.606823, 3.070739], [101.606707, 3.07071], [101.606436, 3.070642]]]}}, {"type": "Feature", "properties": {"height": 14.0}, "geometry": {"type": "Polygon", "coordinates": [[[101.600557, 3.06662], [101.600554, 3.065583], [101.600769, 3.065583], [101.601386, 3.065576], [101.601532, 3.065577], [101.601537, 3.066617], [101.600557, 3.06662]]]}}, {"type": "Feature", "properties": {"height": 12.0}, "geometry": {"type": "Polygon", "coordinates": [[[101.601535, 3.065397], [101.601438, 3.065396], [101.601439, 3.065259], [101.601471, 3.065259], [101.601472, 3.065089], [101.60161, 3.06509], [101.601608, 3.065258], [101.601687, 3.065259], [101.601685, 3.065578], [101.601532, 3.065577], [101.601386, 3.065576], [101.601387, 3.065448], [101.601535, 3.065449], [101.601535, 3.065397]]]}}, {"type": "Feature", "properties": {"height": 12.0}, "geometry": {"type": "Polygon", "coordinates": [[[101.606978, 3.066459], [101.606977, 3.066368], [101.606975, 3.06612], [101.608068, 3.06611], [101.608071, 3.066448], [101.608017, 3.066449], [101.606978, 3.066459]]]}}, {"type": "Feature", "properties": {"height": 42.0}, "geometry": {"type": "Polygon", "coordinates": [[[101.608122, 3.065212], [101.607261, 3.065215], [101.607267, 3.064924], [101.607272, 3.064682], [101.607561, 3.064395], [101.609103, 3.064409], [101.61041, 3.064401], [101.610437, 3.064848], [101.610445, 3.065013], [101.610439, 3.065094], [101.610402, 3.065156], [101.610337, 3.065184], [101.609963, 3.065189], [101.608662, 3.065205], [101.608122, 3.065212]]]}}, {"type": "Feature", "properties": {"height": 12.0}, "geometry": {"type": "Polygon", "coordinates": [[[101.608769, 3.065707], [101.608449, 3.065701], [101.608454, 3.065369], [101.608669, 3.065373], [101.608775, 3.065374], [101.608769, 3.065707]]]}}, {"type": "Feature", "properties": {"height": 12.0}, "geometry": {"type": "Polygon", "coordinates": [[[101.610504, 3.070775], [101.610505, 3.070682], [101.610655, 3.070685], [101.610675, 3.070669], [101.610675, 3.070633], [101.610673, 3.070569], [101.610812, 3.070566], [101.610814, 3.070459], [101.610898, 3.070456], [101.610897, 3.070754], [101.610811, 3.070756], [101.61081, 3.070811], [101.610676, 3.070816], [101.610657, 3.070783], [101.610504, 3.070775]]]}}, {"type": "Feature", "properties": {"height": 10.5}, "geometry": {"type": "Polygon", "coordinates": [[[101.610019, 3.076321], [101.61002, 3.076023], [101.610126, 3.076023], [101.610125, 3.076067], [101.610255, 3.076067], [101.610256, 3.075904], [101.610338, 3.075905], [101.610337, 3.076274], [101.610253, 3.076273], [101.610252, 3.076322], [101.610019, 3.076321]]]}}, {"type": "Feature", "properties": {"height": 144.0}, "geometry": {"type": "Polygon", "coordinates": [[[101.610407, 3.069833], [101.610401, 3.070271], [101.6099, 3.070264], [101.609906, 3.069869], [101.609907, 3.069826], [101.610274, 3.069831], [101.610407, 3.069833]]]}}, {"type": "Feature", "properties": {"height": 60.0}, "geometry": {"type": "Polygon", "coordinates": [[[101.604902, 3.073093], [101.604909, 3.073113], [101.604921, 3.073129], [101.60494, 3.073143], [101.604962, 3.073149], [101.604981, 3.073149], [101.605, 3.073143], [101.605016, 3.073132], [101.605025, 3.073122], [101.605031, 3.073111], [101.605036, 3.073099], [101.605038, 3.073087], [101.605036, 3.073065], [101.605028, 3.073045], [101.605013, 3.073028], [101.605016, 3.072969], [101.605125, 3.07298], [101.605198, 3.072981], [101.6053, 3.07296], [101.605293, 3.072598], [101.605185, 3.0726], [101.6051, 3.072604], [101.60501, 3.072608], [101.60411, 3.072622], [101.604111, 3.072665], [101.604139, 3.072964], [101.604316, 3.073002], [101.604309, 3.073067], [101.604304, 3.073113], [101.604551, 3.073167], [101.60456, 3.07312], [101.604579, 3.073046], [101.604902, 3.073093]]]}}, {"type": "Feature", "properties": {"height": 12.0}, "geometry": {"type": "Polygon", "coordinates": [[[101.608774, 3.066398], [101.609752, 3.066402], [101.609979, 3.066405], [101.609976, 3.065999], [101.609745, 3.065966], [101.609148, 3.065943], [101.609073, 3.06587], [101.609074, 3.065782], [101.608777, 3.065781], [101.608774, 3.066398]]]}}, {"type": "Feature", "properties": {"height": 12.0}, "geometry": {"type": "Polygon", "coordinates": [[[101.599962, 3.062678], [101.600052, 3.062676], [101.600084, 3.0627], [101.600093, 3.062733], [101.600111, 3.062756], [101.600144, 3.062783], [101.600203, 3.062804], [101.600228, 3.062804], [101.600246, 3.062803], [101.60032, 3.062848], [101.600329, 3.063012], [101.600536, 3.063125], [101.600704, 3.063217], [101.600704, 3.063248], [101.600744, 3.063248], [101.600745, 3.063188], [101.600373, 3.062967], [101.600365, 3.062866], [101.600395, 3.062822], [101.600271, 3.06274], [101.60026, 3.062715], [101.600239, 3.062692], [101.600219, 3.062674], [101.600196, 3.062663], [101.600171, 3.062649], [101.600147, 3.062639], [101.600116, 3.062648], [101.600064, 3.062613], [101.599964, 3.062613], [101.599962, 3.062678]]]}}, {"type": "Feature", "properties": {"height": 12.0}, "geometry": {"type": "Polygon", "coordinates": [[[101.601098, 3.064087], [101.60131, 3.064086], [101.601307, 3.063436], [101.601094, 3.063436], [101.601098, 3.064087]]]}}, {"type": "Feature", "properties": {"height": 28.0}, "geometry": {"type": "Polygon", "coordinates": [[[101.600688, 3.063523], [101.600934, 3.063521], [101.600932, 3.063246], [101.600669, 3.063248], [101.60067, 3.063365], [101.600687, 3.063365], [101.600688, 3.063523]]]}}, {"type": "Feature", "properties": {"height": 12.0}, "geometry": {"type": "Polygon", "coordinates": [[[101.600734, 3.06418], [101.600835, 3.064179], [101.600938, 3.064179], [101.600934, 3.063521], [101.600733, 3.063523], [101.600732, 3.063901], [101.600627, 3.063902], [101.600627, 3.063961], [101.600732, 3.06396], [101.600734, 3.06418]]]}}, {"type": "Feature", "properties": {"height": 21.0}, "geometry": {"type": "Polygon", "coordinates": [[[101.600528, 3.064595], [101.600837, 3.064593], [101.600837, 3.064569], [101.600891, 3.064569], [101.600889, 3.064222], [101.600835, 3.064222], [101.600835, 3.064179], [101.600734, 3.06418], [101.600732, 3.06396], [101.600627, 3.063961], [101.600627, 3.063902], [101.600524, 3.063902], [101.600525, 3.064114], [101.600527, 3.064461], [101.600528, 3.064595]]]}}, {"type": "Feature", "properties": {"height": 24.5}, "geometry": {"type": "Polygon", "coordinates": [[[101.600305, 3.064804], [101.600304, 3.064596], [101.600528, 3.064595], [101.600837, 3.064593], [101.600838, 3.064797], [101.600879, 3.064797], [101.600879, 3.064872], [101.600873, 3.064872], [101.600873, 3.064908], [101.600838, 3.064908], [101.600839, 3.064964], [101.600632, 3.064965], [101.600631, 3.064802], [101.600305, 3.064804]]]}}, {"type": "Feature", "properties": {"height": 21.0}, "geometry": {"type": "Polygon", "coordinates": [[[101.600239, 3.063412], [101.600444, 3.06342], [101.600477, 3.063422], [101.600485, 3.063318], [101.600487, 3.063295], [101.600489, 3.063268], [101.600508, 3.063195], [101.600536, 3.063125], [101.600329, 3.063012], [101.600294, 3.063101], [101.600277, 3.063143], [101.600255, 3.063241], [101.600249, 3.063273], [101.600242, 3.063363], [101.600239, 3.063412]]]}}, {"type": "Feature", "properties": {"height": 17.5}, "geometry": {"type": "Polygon", "coordinates": [[[101.599853, 3.064153], [101.599866, 3.064174], [101.599829, 3.064197], [101.599863, 3.064259], [101.599903, 3.064234], [101.599959, 3.064325], [101.600027, 3.064275], [101.600076, 3.064238], [101.600108, 3.064214], [101.600139, 3.064179], [101.600169, 3.064147], [101.6002, 3.064114], [101.600227, 3.064085], [101.600277, 3.064007], [101.600323, 3.063938], [101.600369, 3.063832], [101.600395, 3.06377], [101.600418, 3.063675], [101.600434, 3.0636], [101.600442, 3.063503], [101.600444, 3.06342], [101.600239, 3.063412], [101.600233, 3.063536], [101.60021, 3.063663], [101.600168, 3.063783], [101.600125, 3.063872], [101.600057, 3.063969], [101.599964, 3.064067], [101.599853, 3.064153]]]}}, {"type": "Feature", "properties": {"height": 12.0}, "geometry": {"type": "Polygon", "coordinates": [[[101.600527, 3.064461], [101.600461, 3.064446], [101.600369, 3.064413], [101.600281, 3.064365], [101.600233, 3.064332], [101.600222, 3.06432], [101.600208, 3.064292], [101.600202, 3.064261], [101.600208, 3.064229], [101.600216, 3.064213], [101.600232, 3.064193], [101.600169, 3.064147], [101.6002, 3.064114], [101.600258, 3.06416], [101.600301, 3.064106], [101.60033, 3.064085], [101.600346, 3.06408], [101.600364, 3.064076], [101.600401, 3.064076], [101.600439, 3.064082], [101.600487, 3.064096], [101.600514, 3.064109], [101.600525, 3.064114], [101.600527, 3.064461]]]}}, {"type": "Feature", "properties": {"height": 12.0}, "geometry": {"type": "Polygon", "coordinates": [[[101.599155, 3.06673], [101.599233, 3.066732], [101.599236, 3.066652], [101.599262, 3.06665], [101.599261, 3.066606], [101.599238, 3.066605], [101.599236, 3.066552], [101.599156, 3.066553], [101.599155, 3.06673]]]}}, {"type": "Feature", "properties": {"height": 12.0}, "geometry": {"type": "Polygon", "coordinates": [[[101.600107, 3.066656], [101.600107, 3.066588], [101.600209, 3.066593], [101.600207, 3.066656], [101.600107, 3.066656]]]}}, {"type": "Feature", "properties": {"height": 12.0}, "geometry": {"type": "Polygon", "coordinates": [[[101.600207, 3.066796], [101.600314, 3.066793], [101.600322, 3.066616], [101.60027, 3.066614], [101.60027, 3.066649], [101.600207, 3.066656], [101.600207, 3.066796]]]}}, {"type": "Feature", "properties": {"height": 12.0}, "geometry": {"type": "Polygon", "coordinates": [[[101.600125, 3.066094], [101.600331, 3.066094], [101.600335, 3.065821], [101.600125, 3.065821], [101.600125, 3.066094]]]}}, {"type": "Feature", "properties": {"height": 15.0}, "geometry": {"type": "Polygon", "coordinates": [[[101.602212, 3.065695], [101.602216, 3.065634], [101.602387, 3.065632], [101.602432, 3.065673], [101.602433, 3.065697], [101.602212, 3.065695]]]}}, {"type": "Feature", "properties": {"height": 12.0}, "geometry": {"type": "Polygon", "coordinates": [[[101.599251, 3.063698], [101.599393, 3.063697], [101.599395, 3.063593], [101.599417, 3.063593], [101.599417, 3.063697], [101.599596, 3.063698], [101.599596, 3.063589], [101.599668, 3.06359], [101.599668, 3.063551], [101.599714, 3.063551], [101.599713, 3.063448], [101.599668, 3.063448], [101.599668, 3.063438], [101.599624, 3.063437], [101.599623, 3.063422], [101.599721, 3.063421], [101.599721, 3.063259], [101.599776, 3.06326], [101.599775, 3.063288], [101.599825, 3.063287], [101.599831, 3.063072], [101.599776, 3.063072], [101.599775, 3.063109], [101.59972, 3.063108], [101.59972, 3.063071], [101.59962, 3.063072], [101.599621, 3.06303], [101.599676, 3.06303], [101.599676, 3.062917], [101.599753, 3.062919], [101.599754, 3.062803], [101.599684, 3.062803], [101.599686, 3.062691], [101.599963, 3.062686], [101.599964, 3.062613], [101.599966, 3.062419], [101.599516, 3.062417], [101.599513, 3.062691], [101.599642, 3.062688], [101.599642, 3.062803], [101.599387, 3.062805], [101.599387, 3.062859], [101.599356, 3.062859], [101.599356, 3.062805], [101.599212, 3.062805], [101.599213, 3.062882], [101.599227, 3.062882], [101.599227, 3.062901], [101.599213, 3.062901], [101.599213, 3.063031], [101.59936, 3.063031], [101.599359, 3.062955], [101.599387, 3.062955], [101.599387, 3.063032], [101.599547, 3.06303], [101.599548, 3.062902], [101.599586, 3.062902], [101.599586, 3.062912], [101.599567, 3.062913], [101.599567, 3.06303], [101.599585, 3.06303], [101.599586, 3.063071], [101.599491, 3.063072], [101.599491, 3.063215], [101.599565, 3.063215], [101.599565, 3.063237], [101.599491, 3.063238], [101.599491, 3.063421], [101.599586, 3.063421], [101.599586, 3.063456], [101.599418, 3.063457], [101.599419, 3.063536], [101.599395, 3.063536], [101.599396, 3.063456], [101.599251, 3.063457], [101.599251, 3.063698]]]}}, {"type": "Feature", "properties": {"height": 4.0}, "geometry": {"type": "Polygon", "coordinates": [[[101.606398, 3.07454], [101.606493, 3.074557], [101.6065, 3.074523], [101.606717, 3.074562], [101.606737, 3.074453], [101.60663, 3.074433], [101.606637, 3.074394], [101.606432, 3.074356], [101.606398, 3.07454]]]}}, {"type": "Feature", "properties": {"height": 28.0}, "geometry": {"type": "Polygon", "coordinates": [[[101.608094, 3.066437], [101.608598, 3.066438], [101.608598, 3.065807], [101.608095, 3.065807], [101.608094, 3.066437]]]}}, {"type": "Feature", "properties": {"height": 12.0}, "geometry": {"type": "Polygon", "coordinates": [[[101.606932, 3.06607], [101.607834, 3.066068], [101.607833, 3.065771], [101.606931, 3.065773], [101.606931, 3.066017], [101.606932, 3.06607]]]}}, {"type": "Feature", "properties": {"height": 42.0}, "geometry": {"type": "Polygon", "coordinates": [[[101.60344, 3.067684], [101.603657, 3.067683], [101.603656, 3.067319], [101.604042, 3.067318], [101.604043, 3.067688], [101.604279, 3.067688], [101.604278, 3.067027], [101.604277, 3.066914], [101.603934, 3.066915], [101.603934, 3.066875], [101.603626, 3.066875], [101.603627, 3.066914], [101.603438, 3.066915], [101.60344, 3.067684]]]}}, {"type": "Feature", "properties": {"height": 12.0}, "geometry": {"type": "Polygon", "coordinates": [[[101.604922, 3.068185], [101.60492, 3.068473], [101.604697, 3.068472], [101.604694, 3.068288], [101.604564, 3.068289], [101.604565, 3.068171], [101.604531, 3.068165], [101.604534, 3.068127], [101.604583, 3.068127], [101.604565, 3.068072], [101.604569, 3.068026], [101.604592, 3.067986], [101.604629, 3.067954], [101.604691, 3.067947], [101.604771, 3.067948], [101.604777, 3.067971], [101.604874, 3.067972], [101.604868, 3.068185], [101.604922, 3.068185]]]}}, {"type": "Feature", "properties": {"height": 35.0}, "geometry": {"type": "Polygon", "coordinates": [[[101.603111, 3.070395], [101.60311, 3.069987], [101.603414, 3.069986], [101.603415, 3.070394], [101.603111, 3.070395]]]}}, {"type": "Feature", "properties": {"height": 35.0}, "geometry": {"type": "Polygon", "coordinates": [[[101.603539, 3.070397], [101.603538, 3.069989], [101.603841, 3.069988], [101.603842, 3.070397], [101.603539, 3.070397]]]}}, {"type": "Feature", "properties": {"height": 35.0}, "geometry": {"type": "Polygon", "coordinates": [[[101.603969, 3.070405], [101.603968, 3.069997], [101.604271, 3.069996], [101.604272, 3.070404], [101.603969, 3.070405]]]}}, {"type": "Feature", "properties": {"height": 8.0}, "geometry": {"type": "Polygon", "coordinates": [[[101.602787, 3.071759], [101.602785, 3.071659], [101.603213, 3.071649], [101.603216, 3.071749], [101.602787, 3.071759]]]}}, {"type": "Feature", "properties": {"height": 8.0}, "geometry": {"type": "Polygon", "coordinates": [[[101.603296, 3.071755], [101.603294, 3.071648], [101.603372, 3.071647], [101.603374, 3.071754], [101.603296, 3.071755]]]}}, {"type": "Feature", "properties": {"height": 8.0}, "geometry": {"type": "Polygon", "coordinates": [[[101.602775, 3.071293], [101.602773, 3.071189], [101.603228, 3.07118], [101.60323, 3.071284], [101.602775, 3.071293]]]}}, {"type": "Feature", "properties": {"height": 8.0}, "geometry": {"type": "Polygon", "coordinates": [[[101.603284, 3.071279], [101.60328, 3.071176], [101.603777, 3.071156], [101.603781, 3.071259], [101.603284, 3.071279]]]}}, {"type": "Feature", "properties": {"height": 40.0}, "geometry": {"type": "Polygon", "coordinates": [[[101.614116, 3.063858], [101.613879, 3.063861], [101.61388, 3.063944], [101.613929, 3.063994], [101.614116, 3.063993], [101.614116, 3.063858]]]}}, {"type": "Feature", "properties": {"height": 60.0}, "geometry": {"type": "Polygon", "coordinates": [[[101.600782, 3.072628], [101.600788, 3.072845], [101.599656, 3.072904], [101.599654, 3.072727], [101.599653, 3.072643], [101.600782, 3.072628]]]}}, {"type": "Feature", "properties": {"height": 8.0}, "geometry": {"type": "Polygon", "coordinates": [[[101.603921, 3.076048], [101.60443, 3.076035], [101.604426, 3.075854], [101.603917, 3.075866], [101.603921, 3.076048]]]}}, {"type": "Feature", "properties": {"height": 8.0}, "geometry": {"type": "Polygon", "coordinates": [[[101.604372, 3.075576], [101.604368, 3.075405], [101.603605, 3.075424], [101.603609, 3.075595], [101.604372, 3.075576]]]}}, {"type": "Feature", "properties": {"height": 35.0}, "geometry": {"type": "Polygon", "coordinates": [[[101.603612, 3.075785], [101.604379, 3.075766], [101.604375, 3.075598], [101.603608, 3.075616], [101.603612, 3.075785]]]}}, {"type": "Feature", "properties": {"height": 8.0}, "geometry": {"type": "Polygon", "coordinates": [[[101.603679, 3.075113], [101.604352, 3.075096], [101.604348, 3.074931], [101.603675, 3.074947], [101.603679, 3.075113]]]}}, {"type": "Feature", "properties": {"height": 8.0}, "geometry": {"type": "Polygon", "coordinates": [[[101.604356, 3.075298], [101.604352, 3.075119], [101.603679, 3.075136], [101.603683, 3.075314], [101.604356, 3.075298]]]}}, {"type": "Feature", "properties": {"height": 8.0}, "geometry": {"type": "Polygon", "coordinates": [[[101.603645, 3.074672], [101.60365, 3.074845], [101.604368, 3.074828], [101.604364, 3.074655], [101.603645, 3.074672]]]}}, {"type": "Feature", "properties": {"height": 8.0}, "geometry": {"type": "Polygon", "coordinates": [[[101.603644, 3.07465], [101.604356, 3.074632], [101.604352, 3.074465], [101.60364, 3.074482], [101.603644, 3.07465]]]}}, {"type": "Feature", "properties": {"height": 8.0}, "geometry": {"type": "Polygon", "coordinates": [[[101.603655, 3.074204], [101.603659, 3.074371], [101.604389, 3.074354], [101.604385, 3.074186], [101.603655, 3.074204]]]}}, {"type": "Feature", "properties": {"height": 8.0}, "geometry": {"type": "Polygon", "coordinates": [[[101.603653, 3.074184], [101.604387, 3.074166], [101.604383, 3.073991], [101.603649, 3.074009], [101.603653, 3.074184]]]}}, {"type": "Feature", "properties": {"height": 8.0}, "geometry": {"type": "Polygon", "coordinates": [[[101.602222, 3.075169], [101.602227, 3.075353], [101.602867, 3.075338], [101.602863, 3.075153], [101.602222, 3.075169]]]}}, {"type": "Feature", "properties": {"height": 8.0}, "geometry": {"type": "Polygon", "coordinates": [[[101.602224, 3.075149], [101.602868, 3.075133], [101.602863, 3.074956], [101.602219, 3.074972], [101.602224, 3.075149]]]}}, {"type": "Feature", "properties": {"height": 8.0}, "geometry": {"type": "Polygon", "coordinates": [[[101.602904, 3.075149], [101.602908, 3.075336], [101.603583, 3.075319], [101.603579, 3.075133], [101.602904, 3.075149]]]}}, {"type": "Feature", "properties": {"height": 8.0}, "geometry": {"type": "Polygon", "coordinates": [[[101.602904, 3.07513], [101.603574, 3.075114], [101.60357, 3.074936], [101.602899, 3.074953], [101.602904, 3.07513]]]}}, {"type": "Feature", "properties": {"height": 8.0}, "geometry": {"type": "Polygon", "coordinates": [[[101.603557, 3.074482], [101.602924, 3.074498], [101.602928, 3.074662], [101.603561, 3.074646], [101.603557, 3.074482]]]}}, {"type": "Feature", "properties": {"height": 8.0}, "geometry": {"type": "Polygon", "coordinates": [[[101.603562, 3.074849], [101.603558, 3.074669], [101.602928, 3.074684], [101.602932, 3.074864], [101.603562, 3.074849]]]}}, {"type": "Feature", "properties": {"height": 8.0}, "geometry": {"type": "Polygon", "coordinates": [[[101.60221, 3.074518], [101.602214, 3.074675], [101.602782, 3.074662], [101.602778, 3.074505], [101.60221, 3.074518]]]}}, {"type": "Feature", "properties": {"height": 8.0}, "geometry": {"type": "Polygon", "coordinates": [[[101.602213, 3.074869], [101.60278, 3.074855], [101.602776, 3.074687], [101.602209, 3.074701], [101.602213, 3.074869]]]}}, {"type": "Feature", "properties": {"height": 8.0}, "geometry": {"type": "Polygon", "coordinates": [[[101.602865, 3.074174], [101.603528, 3.074158], [101.603525, 3.074012], [101.602861, 3.074028], [101.602865, 3.074174]]]}}, {"type": "Feature", "properties": {"height": 8.0}, "geometry": {"type": "Polygon", "coordinates": [[[101.602863, 3.074209], [101.602868, 3.074398], [101.603531, 3.074382], [101.603527, 3.074193], [101.602863, 3.074209]]]}}, {"type": "Feature", "properties": {"height": 8.0}, "geometry": {"type": "Polygon", "coordinates": [[[101.602204, 3.07404], [101.602207, 3.074197], [101.602823, 3.074182], [101.602819, 3.074025], [101.602204, 3.07404]]]}}, {"type": "Feature", "properties": {"height": 8.0}, "geometry": {"type": "Polygon", "coordinates": [[[101.602212, 3.07441], [101.602826, 3.074395], [101.602822, 3.074208], [101.602207, 3.074223], [101.602212, 3.07441]]]}}, {"type": "Feature", "properties": {"height": 8.0}, "geometry": {"type": "Polygon", "coordinates": [[[101.60338, 3.076065], [101.603868, 3.076053], [101.603864, 3.07588], [101.603375, 3.075892], [101.60338, 3.076065]]]}}, {"type": "Feature", "properties": {"height": 8.0}, "geometry": {"type": "Polygon", "coordinates": [[[101.602303, 3.0761], [101.602713, 3.07609], [101.602709, 3.075911], [101.602298, 3.075921], [101.602303, 3.0761]]]}}, {"type": "Feature", "properties": {"height": 8.0}, "geometry": {"type": "Polygon", "coordinates": [[[101.602625, 3.075616], [101.603568, 3.075593], [101.603563, 3.075395], [101.60262, 3.075418], [101.602625, 3.075616]]]}}, {"type": "Feature", "properties": {"height": 8.0}, "geometry": {"type": "Polygon", "coordinates": [[[101.602626, 3.075642], [101.602631, 3.075827], [101.603572, 3.075804], [101.603567, 3.075619], [101.602626, 3.075642]]]}}, {"type": "Feature", "properties": {"height": 8.0}, "geometry": {"type": "Polygon", "coordinates": [[[101.601745, 3.075852], [101.602581, 3.075832], [101.602576, 3.075639], [101.60174, 3.07566], [101.601745, 3.075852]]]}}, {"type": "Feature", "properties": {"height": 8.0}, "geometry": {"type": "Polygon", "coordinates": [[[101.601742, 3.075638], [101.602581, 3.075617], [101.602576, 3.075425], [101.601737, 3.075445], [101.601742, 3.075638]]]}}, {"type": "Feature", "properties": {"height": 12.0}, "geometry": {"type": "Polygon", "coordinates": [[[101.603107, 3.076249], [101.602988, 3.076032], [101.603118, 3.075957], [101.603099, 3.0759], [101.603288, 3.075897], [101.603292, 3.076165], [101.603107, 3.076249]]]}}, {"type": "Feature", "properties": {"height": 12.0}, "geometry": {"type": "Polygon", "coordinates": [[[101.602805, 3.076008], [101.603005, 3.076], [101.603002, 3.075913], [101.602802, 3.075921], [101.602805, 3.076008]]]}}, {"type": "Feature", "properties": {"height": 8.0}, "geometry": {"type": "Polygon", "coordinates": [[[101.601565, 3.075355], [101.602188, 3.07534], [101.602183, 3.075165], [101.601561, 3.07518], [101.601565, 3.075355]]]}}, {"type": "Feature", "properties": {"height": 8.0}, "geometry": {"type": "Polygon", "coordinates": [[[101.601556, 3.074992], [101.60156, 3.075163], [101.602185, 3.075148], [101.602181, 3.074977], [101.601556, 3.074992]]]}}, {"type": "Feature", "properties": {"height": 8.0}, "geometry": {"type": "Polygon", "coordinates": [[[101.601556, 3.074887], [101.602178, 3.074871], [101.602174, 3.074695], [101.601551, 3.07471], [101.601556, 3.074887]]]}}, {"type": "Feature", "properties": {"height": 8.0}, "geometry": {"type": "Polygon", "coordinates": [[[101.601541, 3.07453], [101.601545, 3.074693], [101.602178, 3.074678], [101.602174, 3.074515], [101.601541, 3.07453]]]}}, {"type": "Feature", "properties": {"height": 8.0}, "geometry": {"type": "Polygon", "coordinates": [[[101.601532, 3.074063], [101.601536, 3.074231], [101.602169, 3.074216], [101.602165, 3.074048], [101.601532, 3.074063]]]}}, {"type": "Feature", "properties": {"height": 8.0}, "geometry": {"type": "Polygon", "coordinates": [[[101.601537, 3.074425], [101.602174, 3.074409], [101.60217, 3.07423], [101.601533, 3.074246], [101.601537, 3.074425]]]}}, {"type": "Feature", "properties": {"height": 12.0}, "geometry": {"type": "Polygon", "coordinates": [[[101.601522, 3.073592], [101.601526, 3.073747], [101.601908, 3.073738], [101.601905, 3.073582], [101.601522, 3.073592]]]}}, {"type": "Feature", "properties": {"height": 8.0}, "geometry": {"type": "Polygon", "coordinates": [[[101.60153, 3.073964], [101.602071, 3.073951], [101.602067, 3.073756], [101.601526, 3.07377], [101.60153, 3.073964]]]}}, {"type": "Feature", "properties": {"height": 12.0}, "geometry": {"type": "Polygon", "coordinates": [[[101.601465, 3.073588], [101.600892, 3.073602], [101.600896, 3.073776], [101.601469, 3.073762], [101.601465, 3.073588]]]}}, {"type": "Feature", "properties": {"height": 8.0}, "geometry": {"type": "Polygon", "coordinates": [[[101.601475, 3.073948], [101.601471, 3.073777], [101.600878, 3.073791], [101.600883, 3.073962], [101.601475, 3.073948]]]}}, {"type": "Feature", "properties": {"height": 8.0}, "geometry": {"type": "Polygon", "coordinates": [[[101.600909, 3.07424], [101.601491, 3.074226], [101.601487, 3.074064], [101.600905, 3.074079], [101.600909, 3.07424]]]}}, {"type": "Feature", "properties": {"height": 8.0}, "geometry": {"type": "Polygon", "coordinates": [[[101.600923, 3.074433], [101.601482, 3.074419], [101.601478, 3.074249], [101.600919, 3.074263], [101.600923, 3.074433]]]}}, {"type": "Feature", "properties": {"height": 8.0}, "geometry": {"type": "Polygon", "coordinates": [[[101.600924, 3.074548], [101.600928, 3.074698], [101.60149, 3.074684], [101.601486, 3.074534], [101.600924, 3.074548]]]}}, {"type": "Feature", "properties": {"height": 8.0}, "geometry": {"type": "Polygon", "coordinates": [[[101.600935, 3.074899], [101.601494, 3.074885], [101.60149, 3.074714], [101.600931, 3.074727], [101.600935, 3.074899]]]}}, {"type": "Feature", "properties": {"height": 8.0}, "geometry": {"type": "Polygon", "coordinates": [[[101.600956, 3.075006], [101.60096, 3.075164], [101.601506, 3.07515], [101.601502, 3.074993], [101.600956, 3.075006]]]}}, {"type": "Feature", "properties": {"height": 8.0}, "geometry": {"type": "Polygon", "coordinates": [[[101.601517, 3.075351], [101.601513, 3.075185], [101.60094, 3.075199], [101.600944, 3.075365], [101.601517, 3.075351]]]}}, {"type": "Feature", "properties": {"height": 8.0}, "geometry": {"type": "Polygon", "coordinates": [[[101.601455, 3.075474], [101.600939, 3.075487], [101.600943, 3.07564], [101.601459, 3.075628], [101.601455, 3.075474]]]}}, {"type": "Feature", "properties": {"height": 8.0}, "geometry": {"type": "Polygon", "coordinates": [[[101.601455, 3.075828], [101.601451, 3.075674], [101.60097, 3.075686], [101.600973, 3.07584], [101.601455, 3.075828]]]}}, {"type": "Feature", "properties": {"height": 8.0}, "geometry": {"type": "Polygon", "coordinates": [[[101.600976, 3.075954], [101.600982, 3.076166], [101.601477, 3.076154], [101.601471, 3.075942], [101.600976, 3.075954]]]}}, {"type": "Feature", "properties": {"height": 8.0}, "geometry": {"type": "Polygon", "coordinates": [[[101.600774, 3.074465], [101.600754, 3.073609], [101.600559, 3.073613], [101.600579, 3.074469], [101.600774, 3.074465]]]}}, {"type": "Feature", "properties": {"height": 8.0}, "geometry": {"type": "Polygon", "coordinates": [[[101.600337, 3.074473], [101.600552, 3.074468], [101.600532, 3.073621], [101.600318, 3.073626], [101.600337, 3.074473]]]}}, {"type": "Feature", "properties": {"height": 8.0}, "geometry": {"type": "Polygon", "coordinates": [[[101.600803, 3.075362], [101.600784, 3.074519], [101.600581, 3.074524], [101.6006, 3.075367], [101.600803, 3.075362]]]}}, {"type": "Feature", "properties": {"height": 8.0}, "geometry": {"type": "Polygon", "coordinates": [[[101.600361, 3.075375], [101.600571, 3.075371], [101.600551, 3.07451], [101.600341, 3.074515], [101.600361, 3.075375]]]}}, {"type": "Feature", "properties": {"height": 8.0}, "geometry": {"type": "Polygon", "coordinates": [[[101.600594, 3.075442], [101.600608, 3.076063], [101.600806, 3.076058], [101.600792, 3.075438], [101.600594, 3.075442]]]}}, {"type": "Feature", "properties": {"height": 8.0}, "geometry": {"type": "Polygon", "coordinates": [[[101.600364, 3.07545], [101.600377, 3.076042], [101.600576, 3.076038], [101.600562, 3.075446], [101.600364, 3.07545]]]}}, {"type": "Feature", "properties": {"height": 60.0}, "geometry": {"type": "Polygon", "coordinates": [[[101.599391, 3.073876], [101.600044, 3.073857], [101.600038, 3.073653], [101.599386, 3.073672], [101.599391, 3.073876]]]}}, {"type": "Feature", "properties": {"height": 60.0}, "geometry": {"type": "Polygon", "coordinates": [[[101.599401, 3.074139], [101.600046, 3.074121], [101.600041, 3.073922], [101.599395, 3.07394], [101.599401, 3.074139]]]}}, {"type": "Feature", "properties": {"height": 8.0}, "geometry": {"type": "Polygon", "coordinates": [[[101.5995, 3.075229], [101.600224, 3.075278], [101.600239, 3.075059], [101.599515, 3.075011], [101.5995, 3.075229]]]}}, {"type": "Feature", "properties": {"height": 8.0}, "geometry": {"type": "Polygon", "coordinates": [[[101.599395, 3.075464], [101.600187, 3.075517], [101.600201, 3.075302], [101.59941, 3.075249], [101.599395, 3.075464]]]}}, {"type": "Feature", "properties": {"height": 8.0}, "geometry": {"type": "Polygon", "coordinates": [[[101.599283, 3.075772], [101.600231, 3.075835], [101.600245, 3.075623], [101.599297, 3.075559], [101.599283, 3.075772]]]}}, {"type": "Feature", "properties": {"height": 8.0}, "geometry": {"type": "Polygon", "coordinates": [[[101.599257, 3.076014], [101.600216, 3.076078], [101.600231, 3.075855], [101.599272, 3.07579], [101.599257, 3.076014]]]}}, {"type": "Feature", "properties": {"height": 8.0}, "geometry": {"type": "Polygon", "coordinates": [[[101.599281, 3.075224], [101.599501, 3.074452], [101.599311, 3.074398], [101.599091, 3.07517], [101.599281, 3.075224]]]}}, {"type": "Feature", "properties": {"height": 8.0}, "geometry": {"type": "Polygon", "coordinates": [[[101.598863, 3.075103], [101.599067, 3.075162], [101.599253, 3.074508], [101.599049, 3.07445], [101.598863, 3.075103]]]}}, {"type": "Feature", "properties": {"height": 8.0}, "geometry": {"type": "Polygon", "coordinates": [[[101.599068, 3.075223], [101.598878, 3.075888], [101.599072, 3.075943], [101.599262, 3.075278], [101.599068, 3.075223]]]}}, {"type": "Feature", "properties": {"height": 8.0}, "geometry": {"type": "Polygon", "coordinates": [[[101.598841, 3.075154], [101.598624, 3.075916], [101.598828, 3.075975], [101.599046, 3.075213], [101.598841, 3.075154]]]}}, {"type": "Feature", "properties": {"height": 12.0}, "geometry": {"type": "Polygon", "coordinates": [[[101.605377, 3.075865], [101.606144, 3.075847], [101.60614, 3.075682], [101.605373, 3.075701], [101.605377, 3.075865]]]}}, {"type": "Feature", "properties": {"height": 12.0}, "geometry": {"type": "Polygon", "coordinates": [[[101.605268, 3.075864], [101.605264, 3.075702], [101.604603, 3.075718], [101.604607, 3.07588], [101.605268, 3.075864]]]}}, {"type": "Feature", "properties": {"height": 8.0}, "geometry": {"type": "Polygon", "coordinates": [[[101.605382, 3.076066], [101.606045, 3.07605], [101.60604, 3.075876], [101.605378, 3.075892], [101.605382, 3.076066]]]}}, {"type": "Feature", "properties": {"height": 8.0}, "geometry": {"type": "Polygon", "coordinates": [[[101.605264, 3.075899], [101.604608, 3.075915], [101.604612, 3.076072], [101.605268, 3.076056], [101.605264, 3.075899]]]}}, {"type": "Feature", "properties": {"height": 12.0}, "geometry": {"type": "Polygon", "coordinates": [[[101.60788, 3.076041], [101.608074, 3.076037], [101.608068, 3.075689], [101.607874, 3.075692], [101.60788, 3.076041]]]}}, {"type": "Feature", "properties": {"height": 12.0}, "geometry": {"type": "Polygon", "coordinates": [[[101.60786, 3.076041], [101.607854, 3.075678], [101.607697, 3.075681], [101.607703, 3.076044], [101.60786, 3.076041]]]}}, {"type": "Feature", "properties": {"height": 12.0}, "geometry": {"type": "Polygon", "coordinates": [[[101.607227, 3.075693], [101.607234, 3.076036], [101.607408, 3.076033], [101.607402, 3.07569], [101.607227, 3.075693]]]}}, {"type": "Feature", "properties": {"height": 12.0}, "geometry": {"type": "Polygon", "coordinates": [[[101.607423, 3.076036], [101.607597, 3.076033], [101.607591, 3.075682], [101.607417, 3.075685], [101.607423, 3.076036]]]}}, {"type": "Feature", "properties": {"height": 12.0}, "geometry": {"type": "Polygon", "coordinates": [[[101.606765, 3.075675], [101.606771, 3.076045], [101.606938, 3.076042], [101.606931, 3.075672], [101.606765, 3.075675]]]}}, {"type": "Feature", "properties": {"height": 12.0}, "geometry": {"type": "Polygon", "coordinates": [[[101.606955, 3.076042], [101.607133, 3.076039], [101.607127, 3.075669], [101.606948, 3.075672], [101.606955, 3.076042]]]}}, {"type": "Feature", "properties": {"height": 12.0}, "geometry": {"type": "Polygon", "coordinates": [[[101.606644, 3.075844], [101.606641, 3.075682], [101.606358, 3.075687], [101.606361, 3.075849], [101.606644, 3.075844]]]}}, {"type": "Feature", "properties": {"height": 12.0}, "geometry": {"type": "Polygon", "coordinates": [[[101.606277, 3.076056], [101.606651, 3.076049], [101.606648, 3.075872], [101.606273, 3.075879], [101.606277, 3.076056]]]}}, {"type": "Feature", "properties": {"height": 12.0}, "geometry": {"type": "Polygon", "coordinates": [[[101.608707, 3.075986], [101.608867, 3.075983], [101.608865, 3.075859], [101.608704, 3.075862], [101.608707, 3.075986]]]}}, {"type": "Feature", "properties": {"height": 12.0}, "geometry": {"type": "Polygon", "coordinates": [[[101.608727, 3.07619], [101.608904, 3.076186], [101.608901, 3.075999], [101.608723, 3.076003], [101.608727, 3.07619]]]}}, {"type": "Feature", "properties": {"height": 35.0}, "geometry": {"type": "Polygon", "coordinates": [[[101.609108, 3.076147], [101.609841, 3.076152], [101.609842, 3.07599], [101.609109, 3.075985], [101.609108, 3.076147]]]}}, {"type": "Feature", "properties": {"height": 12.0}, "geometry": {"type": "Polygon", "coordinates": [[[101.609323, 3.074365], [101.609375, 3.07447], [101.60953, 3.074394], [101.609477, 3.074288], [101.609323, 3.074365]]]}}, {"type": "Feature", "properties": {"height": 12.0}, "geometry": {"type": "Polygon", "coordinates": [[[101.609759, 3.074362], [101.609743, 3.074459], [101.609925, 3.07449], [101.609942, 3.074392], [101.609759, 3.074362]]]}}, {"type": "Feature", "properties": {"height": 35.0}, "geometry": {"type": "Polygon", "coordinates": [[[101.609346, 3.075514], [101.61008, 3.075505], [101.610078, 3.075321], [101.609343, 3.07533], [101.609346, 3.075514]]]}}, {"type": "Feature", "properties": {"height": 17.5}, "geometry": {"type": "Polygon", "coordinates": [[[101.607014, 3.075534], [101.607661, 3.075528], [101.60766, 3.075394], [101.607012, 3.075401], [101.607014, 3.075534]]]}}, {"type": "Feature", "properties": {"height": 17.5}, "geometry": {"type": "Polygon", "coordinates": [[[101.608018, 3.07485], [101.608019, 3.074978], [101.608627, 3.074972], [101.608626, 3.074843], [101.608018, 3.07485]]]}}, {"type": "Feature", "properties": {"height": 17.5}, "geometry": {"type": "Polygon", "coordinates": [[[101.608021, 3.075352], [101.608642, 3.075352], [101.608642, 3.075234], [101.608021, 3.075234], [101.608021, 3.075352]]]}}, {"type": "Feature", "properties": {"height": 17.5}, "geometry": {"type": "Polygon", "coordinates": [[[101.608018, 3.075387], [101.608019, 3.075504], [101.608638, 3.075499], [101.608637, 3.075382], [101.608018, 3.075387]]]}}, {"type": "Feature", "properties": {"height": 12.0}, "geometry": {"type": "Polygon", "coordinates": [[[101.607331, 3.074619], [101.607436, 3.074577], [101.607386, 3.07445], [101.60728, 3.074491], [101.607331, 3.074619]]]}}, {"type": "Feature", "properties": {"height": 12.0}, "geometry": {"type": "Polygon", "coordinates": [[[101.607402, 3.075169], [101.60757, 3.075103], [101.607477, 3.074867], [101.607308, 3.074933], [101.607402, 3.075169]]]}}, {"type": "Feature", "properties": {"height": 12.0}, "geometry": {"type": "Polygon", "coordinates": [[[101.607329, 3.07488], [101.607339, 3.074904], [101.607485, 3.074846], [101.607454, 3.074766], [101.607534, 3.074734], [101.607508, 3.074666], [101.607427, 3.074698], [101.607398, 3.074624], [101.607251, 3.074682], [101.607262, 3.074711], [101.607205, 3.074733], [101.607167, 3.074637], [101.606847, 3.074763], [101.606907, 3.074918], [101.606845, 3.074942], [101.606872, 3.075011], [101.606934, 3.074987], [101.606994, 3.075137], [101.607315, 3.075011], [101.607272, 3.074902], [101.607329, 3.07488]]]}}, {"type": "Feature", "properties": {"height": 12.0}, "geometry": {"type": "Polygon", "coordinates": [[[101.60596, 3.074915], [101.606631, 3.074898], [101.606627, 3.074719], [101.605956, 3.074736], [101.60596, 3.074915]]]}}, {"type": "Feature", "properties": {"height": 12.0}, "geometry": {"type": "Polygon", "coordinates": [[[101.605959, 3.074933], [101.605963, 3.075121], [101.60663, 3.075105], [101.606626, 3.074917], [101.605959, 3.074933]]]}}, {"type": "Feature", "properties": {"height": 12.0}, "geometry": {"type": "Polygon", "coordinates": [[[101.605374, 3.075404], [101.606652, 3.075372], [101.606648, 3.075187], [101.605369, 3.075218], [101.605374, 3.075404]]]}}, {"type": "Feature", "properties": {"height": 12.0}, "geometry": {"type": "Polygon", "coordinates": [[[101.605373, 3.075428], [101.605377, 3.075607], [101.606382, 3.075583], [101.606378, 3.075403], [101.605373, 3.075428]]]}}, {"type": "Feature", "properties": {"height": 12.0}, "geometry": {"type": "Polygon", "coordinates": [[[101.605361, 3.074927], [101.605917, 3.074913], [101.605913, 3.074739], [101.605356, 3.074753], [101.605361, 3.074927]]]}}, {"type": "Feature", "properties": {"height": 12.0}, "geometry": {"type": "Polygon", "coordinates": [[[101.605361, 3.074947], [101.605365, 3.075135], [101.605925, 3.075121], [101.60592, 3.074933], [101.605361, 3.074947]]]}}, {"type": "Feature", "properties": {"height": 12.0}, "geometry": {"type": "Polygon", "coordinates": [[[101.605318, 3.075426], [101.6046, 3.075443], [101.604604, 3.075626], [101.605322, 3.07561], [101.605318, 3.075426]]]}}, {"type": "Feature", "properties": {"height": 12.0}, "geometry": {"type": "Polygon", "coordinates": [[[101.605319, 3.075404], [101.605315, 3.075224], [101.604596, 3.075241], [101.604601, 3.07542], [101.605319, 3.075404]]]}}, {"type": "Feature", "properties": {"height": 12.0}, "geometry": {"type": "Polygon", "coordinates": [[[101.605307, 3.074944], [101.604594, 3.07496], [101.604599, 3.075145], [101.605311, 3.075129], [101.605307, 3.074944]]]}}, {"type": "Feature", "properties": {"height": 12.0}, "geometry": {"type": "Polygon", "coordinates": [[[101.604596, 3.074943], [101.60531, 3.074927], [101.605306, 3.074757], [101.604592, 3.074773], [101.604596, 3.074943]]]}}, {"type": "Feature", "properties": {"height": 12.0}, "geometry": {"type": "Polygon", "coordinates": [[[101.605786, 3.074644], [101.606076, 3.074637], [101.606071, 3.074429], [101.60578, 3.074436], [101.605786, 3.074644]]]}}, {"type": "Feature", "properties": {"height": 12.0}, "geometry": {"type": "Polygon", "coordinates": [[[101.605351, 3.074656], [101.605757, 3.074646], [101.605752, 3.074431], [101.605346, 3.074441], [101.605351, 3.074656]]]}}, {"type": "Feature", "properties": {"height": 12.0}, "geometry": {"type": "Polygon", "coordinates": [[[101.605346, 3.074422], [101.606064, 3.074404], [101.606059, 3.074225], [101.605341, 3.074242], [101.605346, 3.074422]]]}}, {"type": "Feature", "properties": {"height": 12.0}, "geometry": {"type": "Polygon", "coordinates": [[[101.604582, 3.074435], [101.605294, 3.074416], [101.605289, 3.074228], [101.604577, 3.074247], [101.604582, 3.074435]]]}}, {"type": "Feature", "properties": {"height": 12.0}, "geometry": {"type": "Polygon", "coordinates": [[[101.605298, 3.074662], [101.605292, 3.074438], [101.604586, 3.074457], [101.604591, 3.07468], [101.605298, 3.074662]]]}}, {"type": "Feature", "properties": {"height": 12.0}, "geometry": {"type": "Polygon", "coordinates": [[[101.61308, 3.075977], [101.613327, 3.075975], [101.613325, 3.075737], [101.613325, 3.075527], [101.61329, 3.075533], [101.613078, 3.075739], [101.61308, 3.075977]]]}}, {"type": "Feature", "properties": {"height": 12.0}, "geometry": {"type": "Polygon", "coordinates": [[[101.612672, 3.075286], [101.613028, 3.075635], [101.613187, 3.075473], [101.612832, 3.075124], [101.612672, 3.075286]]]}}, {"type": "Feature", "properties": {"height": 12.0}, "geometry": {"type": "Polygon", "coordinates": [[[101.61241, 3.075337], [101.612414, 3.075911], [101.612892, 3.075908], [101.61289, 3.075586], [101.612791, 3.075587], [101.612791, 3.075476], [101.612735, 3.075477], [101.612734, 3.075406], [101.612638, 3.075406], [101.612638, 3.075336], [101.61241, 3.075337]]]}}, {"type": "Feature", "properties": {"height": 12.0}, "geometry": {"type": "Polygon", "coordinates": [[[101.612049, 3.075181], [101.612603, 3.075194], [101.612735, 3.075064], [101.612694, 3.075008], [101.612125, 3.074909], [101.612053, 3.074912], [101.612049, 3.075181]]]}}, {"type": "Feature", "properties": {"height": 12.0}, "geometry": {"type": "Polygon", "coordinates": [[[101.611602, 3.075046], [101.6116, 3.074816], [101.610745, 3.074667], [101.610748, 3.075052], [101.611602, 3.075046]]]}}, {"type": "Feature", "properties": {"height": 12.0}, "geometry": {"type": "Polygon", "coordinates": [[[101.61165, 3.075302], [101.611863, 3.0753], [101.611859, 3.074857], [101.611647, 3.074859], [101.61165, 3.075302]]]}}, {"type": "Feature", "properties": {"height": 12.0}, "geometry": {"type": "Polygon", "coordinates": [[[101.610745, 3.075306], [101.611606, 3.075299], [101.611605, 3.07507], [101.610743, 3.075076], [101.610745, 3.075306]]]}}, {"type": "Feature", "properties": {"height": 12.0}, "geometry": {"type": "Polygon", "coordinates": [[[101.610686, 3.075308], [101.610681, 3.074651], [101.610476, 3.074652], [101.61048, 3.07531], [101.610686, 3.075308]]]}}, {"type": "Feature", "properties": {"height": 12.0}, "geometry": {"type": "Polygon", "coordinates": [[[101.611641, 3.076252], [101.611847, 3.076251], [101.611843, 3.075766], [101.611637, 3.075768], [101.611641, 3.076252]]]}}, {"type": "Feature", "properties": {"height": 12.0}, "geometry": {"type": "Polygon", "coordinates": [[[101.610698, 3.075781], [101.610476, 3.075783], [101.610479, 3.076251], [101.610702, 3.07625], [101.610698, 3.075781]]]}}, {"type": "Feature", "properties": {"height": 12.0}, "geometry": {"type": "Polygon", "coordinates": [[[101.610756, 3.075993], [101.611597, 3.075987], [101.611595, 3.075774], [101.610754, 3.075781], [101.610756, 3.075993]]]}}, {"type": "Feature", "properties": {"height": 8.0}, "geometry": {"type": "Polygon", "coordinates": [[[101.611839, 3.070893], [101.6119, 3.070892], [101.611899, 3.070739], [101.611837, 3.07074], [101.611839, 3.070893]]]}}, {"type": "Feature", "properties": {"height": 8.0}, "geometry": {"type": "Polygon", "coordinates": [[[101.611052, 3.070905], [101.611114, 3.070905], [101.611112, 3.070745], [101.61105, 3.070745], [101.611052, 3.070905]]]}}, {"type": "Feature", "properties": {"height": 8.0}, "geometry": {"type": "Polygon", "coordinates": [[[101.611841, 3.071253], [101.611904, 3.071252], [101.611902, 3.071101], [101.61184, 3.071101], [101.611841, 3.071253]]]}}, {"type": "Feature", "properties": {"height": 8.0}, "geometry": {"type": "Polygon", "coordinates": [[[101.611842, 3.071443], [101.611905, 3.071443], [101.611903, 3.071288], [101.611841, 3.071289], [101.611842, 3.071443]]]}}, {"type": "Feature", "properties": {"height": 8.0}, "geometry": {"type": "Polygon", "coordinates": [[[101.611057, 3.071262], [101.611118, 3.071262], [101.611117, 3.071106], [101.611055, 3.071107], [101.611057, 3.071262]]]}}, {"type": "Feature", "properties": {"height": 8.0}, "geometry": {"type": "Polygon", "coordinates": [[[101.611058, 3.071448], [101.61112, 3.071448], [101.611118, 3.071297], [101.611057, 3.071298], [101.611058, 3.071448]]]}}, {"type": "Feature", "properties": {"height": 8.0}, "geometry": {"type": "Polygon", "coordinates": [[[101.612631, 3.071807], [101.612694, 3.071807], [101.612692, 3.071657], [101.61263, 3.071657], [101.612631, 3.071807]]]}}, {"type": "Feature", "properties": {"height": 8.0}, "geometry": {"type": "Polygon", "coordinates": [[[101.612631, 3.071997], [101.612694, 3.071996], [101.612693, 3.071849], [101.61263, 3.07185], [101.612631, 3.071997]]]}}, {"type": "Feature", "properties": {"height": 8.0}, "geometry": {"type": "Polygon", "coordinates": [[[101.611843, 3.07181], [101.611904, 3.071809], [101.611902, 3.071651], [101.611841, 3.071652], [101.611843, 3.07181]]]}}, {"type": "Feature", "properties": {"height": 8.0}, "geometry": {"type": "Polygon", "coordinates": [[[101.611844, 3.072003], [101.611905, 3.072002], [101.611904, 3.071847], [101.611842, 3.071848], [101.611844, 3.072003]]]}}, {"type": "Feature", "properties": {"height": 8.0}, "geometry": {"type": "Polygon", "coordinates": [[[101.61105, 3.071812], [101.611112, 3.071812], [101.611111, 3.071655], [101.611049, 3.071656], [101.61105, 3.071812]]]}}, {"type": "Feature", "properties": {"height": 8.0}, "geometry": {"type": "Polygon", "coordinates": [[[101.611051, 3.072002], [101.611114, 3.072002], [101.611112, 3.071848], [101.61105, 3.071848], [101.611051, 3.072002]]]}}, {"type": "Feature", "properties": {"height": 8.0}, "geometry": {"type": "Polygon", "coordinates": [[[101.61276, 3.072361], [101.612822, 3.07236], [101.612821, 3.072207], [101.612758, 3.072208], [101.61276, 3.072361]]]}}, {"type": "Feature", "properties": {"height": 8.0}, "geometry": {"type": "Polygon", "coordinates": [[[101.612638, 3.072558], [101.6127, 3.072558], [101.612698, 3.072401], [101.612636, 3.072401], [101.612638, 3.072558]]]}}, {"type": "Feature", "properties": {"height": 8.0}, "geometry": {"type": "Polygon", "coordinates": [[[101.611847, 3.072361], [101.611908, 3.07236], [101.611907, 3.072207], [101.611845, 3.072207], [101.611847, 3.072361]]]}}, {"type": "Feature", "properties": {"height": 8.0}, "geometry": {"type": "Polygon", "coordinates": [[[101.611058, 3.07237], [101.61112, 3.07237], [101.611119, 3.072211], [101.611057, 3.072211], [101.611058, 3.07237]]]}}, {"type": "Feature", "properties": {"height": 8.0}, "geometry": {"type": "Polygon", "coordinates": [[[101.611844, 3.072555], [101.611905, 3.072554], [101.611904, 3.072398], [101.611842, 3.072398], [101.611844, 3.072555]]]}}, {"type": "Feature", "properties": {"height": 8.0}, "geometry": {"type": "Polygon", "coordinates": [[[101.611055, 3.07256], [101.611118, 3.072559], [101.611116, 3.0724], [101.611054, 3.0724], [101.611055, 3.07256]]]}}, {"type": "Feature", "properties": {"height": 8.0}, "geometry": {"type": "Polygon", "coordinates": [[[101.613384, 3.072763], [101.613322, 3.072764], [101.613323, 3.072917], [101.613386, 3.072916], [101.613384, 3.072763]]]}}, {"type": "Feature", "properties": {"height": 8.0}, "geometry": {"type": "Polygon", "coordinates": [[[101.612634, 3.073111], [101.612696, 3.07311], [101.612695, 3.072961], [101.612633, 3.072962], [101.612634, 3.073111]]]}}, {"type": "Feature", "properties": {"height": 8.0}, "geometry": {"type": "Polygon", "coordinates": [[[101.612587, 3.072764], [101.612525, 3.072764], [101.612527, 3.072915], [101.612588, 3.072915], [101.612587, 3.072764]]]}}, {"type": "Feature", "properties": {"height": 8.0}, "geometry": {"type": "Polygon", "coordinates": [[[101.611062, 3.072926], [101.611124, 3.072926], [101.611122, 3.072773], [101.611061, 3.072774], [101.611062, 3.072926]]]}}, {"type": "Feature", "properties": {"height": 8.0}, "geometry": {"type": "Polygon", "coordinates": [[[101.611848, 3.073115], [101.61191, 3.073115], [101.611908, 3.072959], [101.611846, 3.07296], [101.611848, 3.073115]]]}}, {"type": "Feature", "properties": {"height": 8.0}, "geometry": {"type": "Polygon", "coordinates": [[[101.611067, 3.073117], [101.611129, 3.073117], [101.611127, 3.072964], [101.611066, 3.072965], [101.611067, 3.073117]]]}}, {"type": "Feature", "properties": {"height": 8.0}, "geometry": {"type": "Polygon", "coordinates": [[[101.612638, 3.073474], [101.6127, 3.073473], [101.612699, 3.073319], [101.612637, 3.073319], [101.612638, 3.073474]]]}}, {"type": "Feature", "properties": {"height": 8.0}, "geometry": {"type": "Polygon", "coordinates": [[[101.612639, 3.073663], [101.612701, 3.073663], [101.6127, 3.07351], [101.612638, 3.07351], [101.612639, 3.073663]]]}}, {"type": "Feature", "properties": {"height": 8.0}, "geometry": {"type": "Polygon", "coordinates": [[[101.612594, 3.073323], [101.612532, 3.073323], [101.612533, 3.073476], [101.612595, 3.073476], [101.612594, 3.073323]]]}}, {"type": "Feature", "properties": {"height": 8.0}, "geometry": {"type": "Polygon", "coordinates": [[[101.611802, 3.073317], [101.611741, 3.073318], [101.611742, 3.073476], [101.611803, 3.073476], [101.611802, 3.073317]]]}}, {"type": "Feature", "properties": {"height": 8.0}, "geometry": {"type": "Polygon", "coordinates": [[[101.611063, 3.073666], [101.611125, 3.073666], [101.611124, 3.073508], [101.611062, 3.073509], [101.611063, 3.073666]]]}}, {"type": "Feature", "properties": {"height": 8.0}, "geometry": {"type": "Polygon", "coordinates": [[[101.611848, 3.07366], [101.61191, 3.07366], [101.611909, 3.07351], [101.611847, 3.07351], [101.611848, 3.07366]]]}}, {"type": "Feature", "properties": {"height": 8.0}, "geometry": {"type": "Polygon", "coordinates": [[[101.612631, 3.067161], [101.612692, 3.067161], [101.612691, 3.067018], [101.61263, 3.067018], [101.612631, 3.067161]]]}}, {"type": "Feature", "properties": {"height": 8.0}, "geometry": {"type": "Polygon", "coordinates": [[[101.612628, 3.067343], [101.61269, 3.067343], [101.612689, 3.067204], [101.612628, 3.067205], [101.612628, 3.067343]]]}}, {"type": "Feature", "properties": {"height": 8.0}, "geometry": {"type": "Polygon", "coordinates": [[[101.61184, 3.067164], [101.611901, 3.067163], [101.6119, 3.067021], [101.611839, 3.067021], [101.61184, 3.067164]]]}}, {"type": "Feature", "properties": {"height": 8.0}, "geometry": {"type": "Polygon", "coordinates": [[[101.611047, 3.067166], [101.611109, 3.067165], [101.611108, 3.06703], [101.611046, 3.067031], [101.611047, 3.067166]]]}}, {"type": "Feature", "properties": {"height": 8.0}, "geometry": {"type": "Polygon", "coordinates": [[[101.611837, 3.067351], [101.611898, 3.067351], [101.611897, 3.067199], [101.611836, 3.067199], [101.611837, 3.067351]]]}}, {"type": "Feature", "properties": {"height": 8.0}, "geometry": {"type": "Polygon", "coordinates": [[[101.611057, 3.067349], [101.611117, 3.067349], [101.611116, 3.067207], [101.611056, 3.067208], [101.611057, 3.067349]]]}}, {"type": "Feature", "properties": {"height": 8.0}, "geometry": {"type": "Polygon", "coordinates": [[[101.611783, 3.067569], [101.611723, 3.067569], [101.611724, 3.067708], [101.611785, 3.067708], [101.611783, 3.067569]]]}}, {"type": "Feature", "properties": {"height": 8.0}, "geometry": {"type": "Polygon", "coordinates": [[[101.611046, 3.067903], [101.611115, 3.067903], [101.611114, 3.067742], [101.611044, 3.067742], [101.611046, 3.067903]]]}}, {"type": "Feature", "properties": {"height": 8.0}, "geometry": {"type": "Polygon", "coordinates": [[[101.612576, 3.067568], [101.612515, 3.067569], [101.612516, 3.06771], [101.612578, 3.067709], [101.612576, 3.067568]]]}}, {"type": "Feature", "properties": {"height": 8.0}, "geometry": {"type": "Polygon", "coordinates": [[[101.611839, 3.067898], [101.6119, 3.067897], [101.611898, 3.067736], [101.611837, 3.067736], [101.611839, 3.067898]]]}}, {"type": "Feature", "properties": {"height": 8.0}, "geometry": {"type": "Polygon", "coordinates": [[[101.613365, 3.067566], [101.613303, 3.067566], [101.613304, 3.067707], [101.613366, 3.067706], [101.613365, 3.067566]]]}}, {"type": "Feature", "properties": {"height": 8.0}, "geometry": {"type": "Polygon", "coordinates": [[[101.612626, 3.067898], [101.612688, 3.067898], [101.612687, 3.067737], [101.612625, 3.067737], [101.612626, 3.067898]]]}}, {"type": "Feature", "properties": {"height": 8.0}, "geometry": {"type": "Polygon", "coordinates": [[[101.613366, 3.068122], [101.613304, 3.068122], [101.613305, 3.068262], [101.613367, 3.068262], [101.613366, 3.068122]]]}}, {"type": "Feature", "properties": {"height": 8.0}, "geometry": {"type": "Polygon", "coordinates": [[[101.612623, 3.068448], [101.612685, 3.068447], [101.612684, 3.068292], [101.612622, 3.068293], [101.612623, 3.068448]]]}}, {"type": "Feature", "properties": {"height": 8.0}, "geometry": {"type": "Polygon", "coordinates": [[[101.612572, 3.068125], [101.612511, 3.068125], [101.612512, 3.068262], [101.612573, 3.068261], [101.612572, 3.068125]]]}}, {"type": "Feature", "properties": {"height": 8.0}, "geometry": {"type": "Polygon", "coordinates": [[[101.61184, 3.068449], [101.611901, 3.068449], [101.6119, 3.068292], [101.611838, 3.068293], [101.61184, 3.068449]]]}}, {"type": "Feature", "properties": {"height": 8.0}, "geometry": {"type": "Polygon", "coordinates": [[[101.611789, 3.068124], [101.611727, 3.068124], [101.611728, 3.068265], [101.61179, 3.068265], [101.611789, 3.068124]]]}}, {"type": "Feature", "properties": {"height": 8.0}, "geometry": {"type": "Polygon", "coordinates": [[[101.61105, 3.068449], [101.611111, 3.068449], [101.61111, 3.068294], [101.611048, 3.068294], [101.61105, 3.068449]]]}}, {"type": "Feature", "properties": {"height": 8.0}, "geometry": {"type": "Polygon", "coordinates": [[[101.613369, 3.068807], [101.613308, 3.068808], [101.613306, 3.068676], [101.613367, 3.068675], [101.613369, 3.068807]]]}}, {"type": "Feature", "properties": {"height": 8.0}, "geometry": {"type": "Polygon", "coordinates": [[[101.61264, 3.068998], [101.612701, 3.068998], [101.6127, 3.068841], [101.612639, 3.068841], [101.61264, 3.068998]]]}}, {"type": "Feature", "properties": {"height": 8.0}, "geometry": {"type": "Polygon", "coordinates": [[[101.612576, 3.068676], [101.612515, 3.068677], [101.612516, 3.068808], [101.612578, 3.068807], [101.612576, 3.068676]]]}}, {"type": "Feature", "properties": {"height": 8.0}, "geometry": {"type": "Polygon", "coordinates": [[[101.611848, 3.069], [101.611909, 3.069], [101.611908, 3.068848], [101.611847, 3.068848], [101.611848, 3.069]]]}}, {"type": "Feature", "properties": {"height": 8.0}, "geometry": {"type": "Polygon", "coordinates": [[[101.611053, 3.068828], [101.611114, 3.068828], [101.611112, 3.068685], [101.611051, 3.068686], [101.611053, 3.068828]]]}}, {"type": "Feature", "properties": {"height": 8.0}, "geometry": {"type": "Polygon", "coordinates": [[[101.611058, 3.069003], [101.611118, 3.069002], [101.611117, 3.068847], [101.611057, 3.068847], [101.611058, 3.069003]]]}}, {"type": "Feature", "properties": {"height": 8.0}, "geometry": {"type": "Polygon", "coordinates": [[[101.611027, 3.069399], [101.611123, 3.069399], [101.611121, 3.069262], [101.611026, 3.069262], [101.611027, 3.069399]]]}}, {"type": "Feature", "properties": {"height": 8.0}, "geometry": {"type": "Polygon", "coordinates": [[[101.611795, 3.06942], [101.611734, 3.06942], [101.611735, 3.069582], [101.611797, 3.069581], [101.611795, 3.06942]]]}}, {"type": "Feature", "properties": {"height": 8.0}, "geometry": {"type": "Polygon", "coordinates": [[[101.61269, 3.069399], [101.612751, 3.069399], [101.61275, 3.069249], [101.612689, 3.06925], [101.61269, 3.069399]]]}}, {"type": "Feature", "properties": {"height": 8.0}, "geometry": {"type": "Polygon", "coordinates": [[[101.612689, 3.069573], [101.61275, 3.069572], [101.612748, 3.069421], [101.612687, 3.069422], [101.612689, 3.069573]]]}}, {"type": "Feature", "properties": {"height": 8.0}, "geometry": {"type": "Polygon", "coordinates": [[[101.612686, 3.069936], [101.612747, 3.069936], [101.612746, 3.069798], [101.612685, 3.069798], [101.612686, 3.069936]]]}}, {"type": "Feature", "properties": {"height": 8.0}, "geometry": {"type": "Polygon", "coordinates": [[[101.612685, 3.070128], [101.612746, 3.070127], [101.612745, 3.06997], [101.612683, 3.069971], [101.612685, 3.070128]]]}}, {"type": "Feature", "properties": {"height": 8.0}, "geometry": {"type": "Polygon", "coordinates": [[[101.61348, 3.070346], [101.613419, 3.070346], [101.613421, 3.070487], [101.613481, 3.070486], [101.61348, 3.070346]]]}}, {"type": "Feature", "properties": {"height": 8.0}, "geometry": {"type": "Polygon", "coordinates": [[[101.611063, 3.069956], [101.611124, 3.069955], [101.611123, 3.069793], [101.611062, 3.069793], [101.611063, 3.069956]]]}}, {"type": "Feature", "properties": {"height": 8.0}, "geometry": {"type": "Polygon", "coordinates": [[[101.611062, 3.07013], [101.611123, 3.070129], [101.611121, 3.069976], [101.611061, 3.069976], [101.611062, 3.07013]]]}}, {"type": "Feature", "properties": {"height": 8.0}, "geometry": {"type": "Polygon", "coordinates": [[[101.612686, 3.070348], [101.612578, 3.070349], [101.61258, 3.070489], [101.612688, 3.070488], [101.612686, 3.070348]]]}}, {"type": "Feature", "properties": {"height": 8.0}, "geometry": {"type": "Polygon", "coordinates": [[[101.611791, 3.070354], [101.611731, 3.070354], [101.611732, 3.070503], [101.611793, 3.070503], [101.611791, 3.070354]]]}}, {"type": "Feature", "properties": {"height": 8.0}, "geometry": {"type": "Polygon", "coordinates": [[[101.611396, 3.063552], [101.611646, 3.063548], [101.611644, 3.06341], [101.611394, 3.063414], [101.611396, 3.063552]]]}}, {"type": "Feature", "properties": {"height": 8.0}, "geometry": {"type": "Polygon", "coordinates": [[[101.611644, 3.063711], [101.61164, 3.063557], [101.611458, 3.063562], [101.611463, 3.063715], [101.611644, 3.063711]]]}}, {"type": "Feature", "properties": {"height": 8.0}, "geometry": {"type": "Polygon", "coordinates": [[[101.611681, 3.06358], [101.61168, 3.063704], [101.611781, 3.063705], [101.611782, 3.063581], [101.611681, 3.06358]]]}}, {"type": "Feature", "properties": {"height": 8.0}, "geometry": {"type": "Polygon", "coordinates": [[[101.611919, 3.063713], [101.611918, 3.063566], [101.611804, 3.063567], [101.611805, 3.063714], [101.611919, 3.063713]]]}}, {"type": "Feature", "properties": {"height": 8.0}, "geometry": {"type": "Polygon", "coordinates": [[[101.612053, 3.063713], [101.612052, 3.063567], [101.611943, 3.063568], [101.611944, 3.063714], [101.612053, 3.063713]]]}}, {"type": "Feature", "properties": {"height": 8.0}, "geometry": {"type": "Polygon", "coordinates": [[[101.612353, 3.063422], [101.612354, 3.06357], [101.612459, 3.063569], [101.612458, 3.063421], [101.612353, 3.063422]]]}}, {"type": "Feature", "properties": {"height": 8.0}, "geometry": {"type": "Polygon", "coordinates": [[[101.612218, 3.063423], [101.612219, 3.06357], [101.612331, 3.063569], [101.61233, 3.063422], [101.612218, 3.063423]]]}}, {"type": "Feature", "properties": {"height": 8.0}, "geometry": {"type": "Polygon", "coordinates": [[[101.612082, 3.063433], [101.612083, 3.063575], [101.612192, 3.063574], [101.612191, 3.063432], [101.612082, 3.063433]]]}}, {"type": "Feature", "properties": {"height": 8.0}, "geometry": {"type": "Polygon", "coordinates": [[[101.611884, 3.063944], [101.611708, 3.063941], [101.61171, 3.064035], [101.611832, 3.064142], [101.611884, 3.064143], [101.611884, 3.063944]]]}}, {"type": "Feature", "properties": {"height": 8.0}, "geometry": {"type": "Polygon", "coordinates": [[[101.612345, 3.063929], [101.612345, 3.064068], [101.612473, 3.064068], [101.612473, 3.063929], [101.612345, 3.063929]]]}}, {"type": "Feature", "properties": {"height": 8.0}, "geometry": {"type": "Polygon", "coordinates": [[[101.612195, 3.063915], [101.612195, 3.064065], [101.612306, 3.064065], [101.612306, 3.063915], [101.612195, 3.063915]]]}}, {"type": "Feature", "properties": {"height": 8.0}, "geometry": {"type": "Polygon", "coordinates": [[[101.612058, 3.063915], [101.612058, 3.064064], [101.612169, 3.064064], [101.612169, 3.063915], [101.612058, 3.063915]]]}}, {"type": "Feature", "properties": {"height": 8.0}, "geometry": {"type": "Polygon", "coordinates": [[[101.611916, 3.06392], [101.611916, 3.064067], [101.612029, 3.064067], [101.612029, 3.06392], [101.611916, 3.06392]]]}}, {"type": "Feature", "properties": {"height": 8.0}, "geometry": {"type": "Polygon", "coordinates": [[[101.613244, 3.063422], [101.613245, 3.063568], [101.613352, 3.063568], [101.613352, 3.063421], [101.613244, 3.063422]]]}}, {"type": "Feature", "properties": {"height": 8.0}, "geometry": {"type": "Polygon", "coordinates": [[[101.613103, 3.063416], [101.613103, 3.063568], [101.613212, 3.063568], [101.613212, 3.063416], [101.613103, 3.063416]]]}}, {"type": "Feature", "properties": {"height": 8.0}, "geometry": {"type": "Polygon", "coordinates": [[[101.61297, 3.063417], [101.61297, 3.063567], [101.613077, 3.063567], [101.613076, 3.063416], [101.61297, 3.063417]]]}}, {"type": "Feature", "properties": {"height": 8.0}, "geometry": {"type": "Polygon", "coordinates": [[[101.612831, 3.063421], [101.612831, 3.063567], [101.612941, 3.063567], [101.61294, 3.06342], [101.612831, 3.063421]]]}}, {"type": "Feature", "properties": {"height": 8.0}, "geometry": {"type": "Polygon", "coordinates": [[[101.612807, 3.063717], [101.612806, 3.063565], [101.612698, 3.063566], [101.612698, 3.063718], [101.612807, 3.063717]]]}}, {"type": "Feature", "properties": {"height": 8.0}, "geometry": {"type": "Polygon", "coordinates": [[[101.61313, 3.064907], [101.613317, 3.064901], [101.613316, 3.064956], [101.613176, 3.065092], [101.613132, 3.065088], [101.61313, 3.064907]]]}}, {"type": "Feature", "properties": {"height": 8.0}, "geometry": {"type": "Polygon", "coordinates": [[[101.612989, 3.064918], [101.61299, 3.06506], [101.613099, 3.065059], [101.613097, 3.064918], [101.612989, 3.064918]]]}}, {"type": "Feature", "properties": {"height": 8.0}, "geometry": {"type": "Polygon", "coordinates": [[[101.612827, 3.065207], [101.612826, 3.065063], [101.612706, 3.065063], [101.612707, 3.065208], [101.612827, 3.065207]]]}}, {"type": "Feature", "properties": {"height": 8.0}, "geometry": {"type": "Polygon", "coordinates": [[[101.612963, 3.065206], [101.612962, 3.065062], [101.612848, 3.065062], [101.612849, 3.065206], [101.612963, 3.065206]]]}}, {"type": "Feature", "properties": {"height": 8.0}, "geometry": {"type": "Polygon", "coordinates": [[[101.611017, 3.064526], [101.611072, 3.064526], [101.611071, 3.064404], [101.611017, 3.064405], [101.611017, 3.064526]]]}}, {"type": "Feature", "properties": {"height": 8.0}, "geometry": {"type": "Polygon", "coordinates": [[[101.6109, 3.064195], [101.610954, 3.064194], [101.610952, 3.064069], [101.610898, 3.06407], [101.6109, 3.064195]]]}}, {"type": "Feature", "properties": {"height": 8.0}, "geometry": {"type": "Polygon", "coordinates": [[[101.611625, 3.064561], [101.611571, 3.064562], [101.611572, 3.064688], [101.611626, 3.064687], [101.611625, 3.064561]]]}}, {"type": "Feature", "properties": {"height": 8.0}, "geometry": {"type": "Polygon", "coordinates": [[[101.611037, 3.065022], [101.611092, 3.065022], [101.611092, 3.064901], [101.611037, 3.064901], [101.611037, 3.065022]]]}}, {"type": "Feature", "properties": {"height": 8.0}, "geometry": {"type": "Polygon", "coordinates": [[[101.611171, 3.065054], [101.611023, 3.065055], [101.611024, 3.065119], [101.611047, 3.065119], [101.611047, 3.065186], [101.611172, 3.065184], [101.611171, 3.065054]]]}}, {"type": "Feature", "properties": {"height": 8.0}, "geometry": {"type": "Polygon", "coordinates": [[[101.611111, 3.06603], [101.611172, 3.066031], [101.611173, 3.065892], [101.611112, 3.065892], [101.611111, 3.06603]]]}}, {"type": "Feature", "properties": {"height": 8.0}, "geometry": {"type": "Polygon", "coordinates": [[[101.612382, 3.065885], [101.612321, 3.065886], [101.612322, 3.066023], [101.612383, 3.066023], [101.612382, 3.065885]]]}}, {"type": "Feature", "properties": {"height": 8.0}, "geometry": {"type": "Polygon", "coordinates": [[[101.611834, 3.066217], [101.611896, 3.066217], [101.611894, 3.066057], [101.611833, 3.066057], [101.611834, 3.066217]]]}}, {"type": "Feature", "properties": {"height": 8.0}, "geometry": {"type": "Polygon", "coordinates": [[[101.611047, 3.066223], [101.611109, 3.066223], [101.611108, 3.066061], [101.611046, 3.066061], [101.611047, 3.066223]]]}}, {"type": "Feature", "properties": {"height": 8.0}, "geometry": {"type": "Polygon", "coordinates": [[[101.611831, 3.066588], [101.611892, 3.066587], [101.611891, 3.066444], [101.611829, 3.066444], [101.611831, 3.066588]]]}}, {"type": "Feature", "properties": {"height": 8.0}, "geometry": {"type": "Polygon", "coordinates": [[[101.611833, 3.066761], [101.611894, 3.06676], [101.611893, 3.066603], [101.611831, 3.066604], [101.611833, 3.066761]]]}}, {"type": "Feature", "properties": {"height": 8.0}, "geometry": {"type": "Polygon", "coordinates": [[[101.61105, 3.066596], [101.611111, 3.066595], [101.611109, 3.066443], [101.611048, 3.066444], [101.61105, 3.066596]]]}}, {"type": "Feature", "properties": {"height": 8.0}, "geometry": {"type": "Polygon", "coordinates": [[[101.61105, 3.066772], [101.61111, 3.066772], [101.611109, 3.066612], [101.611048, 3.066612], [101.61105, 3.066772]]]}}, {"type": "Feature", "properties": {"height": 60.0}, "geometry": {"type": "Polygon", "coordinates": [[[101.612923, 3.066085], [101.613392, 3.066085], [101.613392, 3.065823], [101.612923, 3.065823], [101.612923, 3.066085]]]}}, {"type": "Feature", "properties": {"height": 40.0}, "geometry": {"type": "Polygon", "coordinates": [[[101.612954, 3.066161], [101.612954, 3.066222], [101.613162, 3.066222], [101.613162, 3.066161], [101.612954, 3.066161]]]}}, {"type": "Feature", "properties": {"height": 40.0}, "geometry": {"type": "Polygon", "coordinates": [[[101.613209, 3.066159], [101.613209, 3.06622], [101.613415, 3.06622], [101.613415, 3.066159], [101.613209, 3.066159]]]}}, {"type": "Feature", "properties": {"height": 12.0}, "geometry": {"type": "Polygon", "coordinates": [[[101.61227, 3.066774], [101.612488, 3.066774], [101.612488, 3.066432], [101.61227, 3.066432], [101.61227, 3.066774]]]}}, {"type": "Feature", "properties": {"height": 8.0}, "geometry": {"type": "Polygon", "coordinates": [[[101.613244, 3.06308], [101.613153, 3.063084], [101.613145, 3.062922], [101.613237, 3.062918], [101.613244, 3.06308]]]}}, {"type": "Feature", "properties": {"height": 8.0}, "geometry": {"type": "Polygon", "coordinates": [[[101.612927, 3.062948], [101.613016, 3.062946], [101.613019, 3.063108], [101.61293, 3.063109], [101.612927, 3.062948]]]}}, {"type": "Feature", "properties": {"height": 8.0}, "geometry": {"type": "Polygon", "coordinates": [[[101.612878, 3.062949], [101.612791, 3.062951], [101.612796, 3.063116], [101.612883, 3.063114], [101.612878, 3.062949]]]}}, {"type": "Feature", "properties": {"height": 8.0}, "geometry": {"type": "Polygon", "coordinates": [[[101.611187, 3.063086], [101.611337, 3.063087], [101.611335, 3.063234], [101.611253, 3.063233], [101.611187, 3.063086]]]}}, {"type": "Feature", "properties": {"height": 8.0}, "geometry": {"type": "Polygon", "coordinates": [[[101.611489, 3.063223], [101.611492, 3.063057], [101.611582, 3.063059], [101.611579, 3.063225], [101.611489, 3.063223]]]}}, {"type": "Feature", "properties": {"height": 8.0}, "geometry": {"type": "Polygon", "coordinates": [[[101.611707, 3.063208], [101.611711, 3.063036], [101.611794, 3.063038], [101.611791, 3.063209], [101.611707, 3.063208]]]}}, {"type": "Feature", "properties": {"height": 8.0}, "geometry": {"type": "Polygon", "coordinates": [[[101.611927, 3.063018], [101.612024, 3.063018], [101.612025, 3.063187], [101.611928, 3.063187], [101.611927, 3.063018]]]}}, {"type": "Feature", "properties": {"height": 8.0}, "geometry": {"type": "Polygon", "coordinates": [[[101.612245, 3.063171], [101.61215, 3.063172], [101.61215, 3.063003], [101.61215, 3.062988], [101.612245, 3.062988], [101.612245, 3.063171]]]}}, {"type": "Feature", "properties": {"height": 8.0}, "geometry": {"type": "Polygon", "coordinates": [[[101.612266, 3.062996], [101.612361, 3.062994], [101.612364, 3.063152], [101.612269, 3.063153], [101.612266, 3.062996]]]}}, {"type": "Feature", "properties": {"height": 8.0}, "geometry": {"type": "Polygon", "coordinates": [[[101.611671, 3.062792], [101.61178, 3.062787], [101.611789, 3.062997], [101.61168, 3.063002], [101.611671, 3.062792]]]}}, {"type": "Feature", "properties": {"height": 8.0}, "geometry": {"type": "Polygon", "coordinates": [[[101.611511, 3.062808], [101.61164, 3.062805], [101.611646, 3.062999], [101.611517, 3.063003], [101.611511, 3.062808]]]}}, {"type": "Feature", "properties": {"height": 8.0}, "geometry": {"type": "Polygon", "coordinates": [[[101.611362, 3.062824], [101.611481, 3.06282], [101.611488, 3.063024], [101.611369, 3.063029], [101.611362, 3.062824]]]}}, {"type": "Feature", "properties": {"height": 8.0}, "geometry": {"type": "Polygon", "coordinates": [[[101.611204, 3.062839], [101.611322, 3.062833], [101.611333, 3.063041], [101.611215, 3.063047], [101.611204, 3.062839]]]}}, {"type": "Feature", "properties": {"height": 8.0}, "geometry": {"type": "Polygon", "coordinates": [[[101.611036, 3.062868], [101.611148, 3.062862], [101.611159, 3.063064], [101.611047, 3.06307], [101.611036, 3.062868]]]}}, {"type": "Feature", "properties": {"height": 8.0}, "geometry": {"type": "Polygon", "coordinates": [[[101.610873, 3.062924], [101.610983, 3.062917], [101.610998, 3.063124], [101.610889, 3.063132], [101.610873, 3.062924]]]}}, {"type": "Feature", "properties": {"height": 8.0}, "geometry": {"type": "Polygon", "coordinates": [[[101.610812, 3.062974], [101.610822, 3.063173], [101.610683, 3.063181], [101.610672, 3.062981], [101.610812, 3.062974]]]}}, {"type": "Feature", "properties": {"height": 8.0}, "geometry": {"type": "Polygon", "coordinates": [[[101.610733, 3.063305], [101.610833, 3.063425], [101.610952, 3.063325], [101.610893, 3.063254], [101.610848, 3.063292], [101.610807, 3.063243], [101.610733, 3.063305]]]}}, {"type": "Feature", "properties": {"height": 8.0}, "geometry": {"type": "Polygon", "coordinates": [[[101.61091, 3.06352], [101.610968, 3.063591], [101.611091, 3.063492], [101.611032, 3.063421], [101.61091, 3.06352]]]}}, {"type": "Feature", "properties": {"height": 8.0}, "geometry": {"type": "Polygon", "coordinates": [[[101.611046, 3.06369], [101.611104, 3.063761], [101.611223, 3.063664], [101.611165, 3.063593], [101.611046, 3.06369]]]}}, {"type": "Feature", "properties": {"height": 8.0}, "geometry": {"type": "Polygon", "coordinates": [[[101.611176, 3.063864], [101.611236, 3.063936], [101.611361, 3.063834], [101.611302, 3.063761], [101.611176, 3.063864]]]}}, {"type": "Feature", "properties": {"height": 8.0}, "geometry": {"type": "Polygon", "coordinates": [[[101.611315, 3.06403], [101.611375, 3.064104], [101.611497, 3.064004], [101.611437, 3.063931], [101.611315, 3.06403]]]}}, {"type": "Feature", "properties": {"height": 8.0}, "geometry": {"type": "Polygon", "coordinates": [[[101.611453, 3.064204], [101.611514, 3.064278], [101.611634, 3.06418], [101.611573, 3.064106], [101.611453, 3.064204]]]}}, {"type": "Feature", "properties": {"height": 8.0}, "geometry": {"type": "Polygon", "coordinates": [[[101.611588, 3.064377], [101.611648, 3.06445], [101.61177, 3.06435], [101.611711, 3.064277], [101.611588, 3.064377]]]}}, {"type": "Feature", "properties": {"height": 8.0}, "geometry": {"type": "Polygon", "coordinates": [[[101.611734, 3.06455], [101.611797, 3.064626], [101.611898, 3.064543], [101.611836, 3.064467], [101.611734, 3.06455]]]}}, {"type": "Feature", "properties": {"height": 8.0}, "geometry": {"type": "Polygon", "coordinates": [[[101.611862, 3.064721], [101.611923, 3.064795], [101.61204, 3.0647], [101.611979, 3.064625], [101.611862, 3.064721]]]}}, {"type": "Feature", "properties": {"height": 8.0}, "geometry": {"type": "Polygon", "coordinates": [[[101.611976, 3.0649], [101.612035, 3.064971], [101.612162, 3.064865], [101.612103, 3.064795], [101.611976, 3.0649]]]}}, {"type": "Feature", "properties": {"height": 8.0}, "geometry": {"type": "Polygon", "coordinates": [[[101.612114, 3.065076], [101.612172, 3.065145], [101.612303, 3.065036], [101.612245, 3.064967], [101.612114, 3.065076]]]}}, {"type": "Feature", "properties": {"height": 8.0}, "geometry": {"type": "Polygon", "coordinates": [[[101.605725, 3.063038], [101.605807, 3.062904], [101.605602, 3.062778], [101.60552, 3.062912], [101.605725, 3.063038]]]}}, {"type": "Feature", "properties": {"height": 8.0}, "geometry": {"type": "Polygon", "coordinates": [[[101.605637, 3.063209], [101.605722, 3.06307], [101.605511, 3.062941], [101.605426, 3.06308], [101.605637, 3.063209]]]}}, {"type": "Feature", "properties": {"height": 8.0}, "geometry": {"type": "Polygon", "coordinates": [[[101.605532, 3.063392], [101.605618, 3.063253], [101.605413, 3.063127], [101.605327, 3.063267], [101.605532, 3.063392]]]}}, {"type": "Feature", "properties": {"height": 8.0}, "geometry": {"type": "Polygon", "coordinates": [[[101.60543, 3.063552], [101.605519, 3.063408], [101.605319, 3.063285], [101.60523, 3.063429], [101.60543, 3.063552]]]}}, {"type": "Feature", "properties": {"height": 8.0}, "geometry": {"type": "Polygon", "coordinates": [[[101.605834, 3.063134], [101.606059, 3.063272], [101.60615, 3.063123], [101.605925, 3.062985], [101.605834, 3.063134]]]}}, {"type": "Feature", "properties": {"height": 8.0}, "geometry": {"type": "Polygon", "coordinates": [[[101.605721, 3.063308], [101.605954, 3.063451], [101.60605, 3.063295], [101.605817, 3.063152], [101.605721, 3.063308]]]}}, {"type": "Feature", "properties": {"height": 8.0}, "geometry": {"type": "Polygon", "coordinates": [[[101.605597, 3.063502], [101.605825, 3.063642], [101.605914, 3.063497], [101.605686, 3.063357], [101.605597, 3.063502]]]}}, {"type": "Feature", "properties": {"height": 8.0}, "geometry": {"type": "Polygon", "coordinates": [[[101.605499, 3.063655], [101.605729, 3.063796], [101.605811, 3.063662], [101.605581, 3.063521], [101.605499, 3.063655]]]}}, {"type": "Feature", "properties": {"height": 8.0}, "geometry": {"type": "Polygon", "coordinates": [[[101.606157, 3.063185], [101.606347, 3.063301], [101.606436, 3.063157], [101.606246, 3.06304], [101.606157, 3.063185]]]}}, {"type": "Feature", "properties": {"height": 8.0}, "geometry": {"type": "Polygon", "coordinates": [[[101.60605, 3.063363], [101.606248, 3.063484], [101.606342, 3.063331], [101.606144, 3.06321], [101.60605, 3.063363]]]}}, {"type": "Feature", "properties": {"height": 8.0}, "geometry": {"type": "Polygon", "coordinates": [[[101.605932, 3.063553], [101.606141, 3.063681], [101.606227, 3.063541], [101.606018, 3.063413], [101.605932, 3.063553]]]}}, {"type": "Feature", "properties": {"height": 8.0}, "geometry": {"type": "Polygon", "coordinates": [[[101.605822, 3.063732], [101.606034, 3.063863], [101.606129, 3.063708], [101.605917, 3.063578], [101.605822, 3.063732]]]}}, {"type": "Feature", "properties": {"height": 8.0}, "geometry": {"type": "Polygon", "coordinates": [[[101.605708, 3.063909], [101.605917, 3.064037], [101.606008, 3.063889], [101.605799, 3.063761], [101.605708, 3.063909]]]}}, {"type": "Feature", "properties": {"height": 8.0}, "geometry": {"type": "Polygon", "coordinates": [[[101.606482, 3.063371], [101.606676, 3.06349], [101.606763, 3.063348], [101.606569, 3.063229], [101.606482, 3.063371]]]}}, {"type": "Feature", "properties": {"height": 8.0}, "geometry": {"type": "Polygon", "coordinates": [[[101.606385, 3.063552], [101.606587, 3.063675], [101.606678, 3.063528], [101.606476, 3.063404], [101.606385, 3.063552]]]}}, {"type": "Feature", "properties": {"height": 8.0}, "geometry": {"type": "Polygon", "coordinates": [[[101.606273, 3.063741], [101.606477, 3.063866], [101.606578, 3.063702], [101.606373, 3.063576], [101.606273, 3.063741]]]}}, {"type": "Feature", "properties": {"height": 8.0}, "geometry": {"type": "Polygon", "coordinates": [[[101.606156, 3.063912], [101.606365, 3.06404], [101.606451, 3.0639], [101.606242, 3.063772], [101.606156, 3.063912]]]}}, {"type": "Feature", "properties": {"height": 8.0}, "geometry": {"type": "Polygon", "coordinates": [[[101.606053, 3.064083], [101.606264, 3.064213], [101.606356, 3.064063], [101.606144, 3.063934], [101.606053, 3.064083]]]}}, {"type": "Feature", "properties": {"height": 8.0}, "geometry": {"type": "Polygon", "coordinates": [[[101.606774, 3.063443], [101.606952, 3.063552], [101.607038, 3.063411], [101.606861, 3.063302], [101.606774, 3.063443]]]}}, {"type": "Feature", "properties": {"height": 8.0}, "geometry": {"type": "Polygon", "coordinates": [[[101.606681, 3.063616], [101.606848, 3.063718], [101.606938, 3.063573], [101.606771, 3.063471], [101.606681, 3.063616]]]}}, {"type": "Feature", "properties": {"height": 8.0}, "geometry": {"type": "Polygon", "coordinates": [[[101.606578, 3.063787], [101.606762, 3.0639], [101.60685, 3.063757], [101.606666, 3.063645], [101.606578, 3.063787]]]}}, {"type": "Feature", "properties": {"height": 8.0}, "geometry": {"type": "Polygon", "coordinates": [[[101.606478, 3.063957], [101.606668, 3.064074], [101.606758, 3.063928], [101.606567, 3.063811], [101.606478, 3.063957]]]}}, {"type": "Feature", "properties": {"height": 8.0}, "geometry": {"type": "Polygon", "coordinates": [[[101.60637, 3.064125], [101.606569, 3.064245], [101.606655, 3.064104], [101.606457, 3.063983], [101.60637, 3.064125]]]}}, {"type": "Feature", "properties": {"height": 8.0}, "geometry": {"type": "Polygon", "coordinates": [[[101.60635, 3.064157], [101.606275, 3.064288], [101.606475, 3.064403], [101.60655, 3.064272], [101.60635, 3.064157]]]}}, {"type": "Feature", "properties": {"height": 8.0}, "geometry": {"type": "Polygon", "coordinates": [[[101.606848, 3.064127], [101.607043, 3.064249], [101.607123, 3.064122], [101.606927, 3.064], [101.606848, 3.064127]]]}}, {"type": "Feature", "properties": {"height": 8.0}, "geometry": {"type": "Polygon", "coordinates": [[[101.607241, 3.063438], [101.607176, 3.063581], [101.607382, 3.063674], [101.607446, 3.06353], [101.607241, 3.063438]]]}}, {"type": "Feature", "properties": {"height": 8.0}, "geometry": {"type": "Polygon", "coordinates": [[[101.607124, 3.063201], [101.60716, 3.063042], [101.606969, 3.063], [101.606934, 3.063159], [101.607124, 3.063201]]]}}, {"type": "Feature", "properties": {"height": 8.0}, "geometry": {"type": "Polygon", "coordinates": [[[101.607281, 3.063349], [101.607492, 3.063422], [101.607538, 3.063286], [101.607327, 3.063213], [101.607281, 3.063349]]]}}, {"type": "Feature", "properties": {"height": 8.0}, "geometry": {"type": "Polygon", "coordinates": [[[101.614907, 3.075922], [101.614908, 3.075732], [101.614826, 3.075732], [101.614824, 3.075922], [101.614907, 3.075922]]]}}, {"type": "Feature", "properties": {"height": 8.0}, "geometry": {"type": "Polygon", "coordinates": [[[101.614824, 3.076144], [101.614907, 3.076144], [101.614908, 3.075954], [101.614825, 3.075954], [101.614824, 3.076144]]]}}, {"type": "Feature", "properties": {"height": 17.5}, "geometry": {"type": "Polygon", "coordinates": [[[101.614812, 3.075546], [101.615548, 3.075546], [101.615548, 3.075341], [101.614812, 3.075341], [101.614812, 3.075546]]]}}, {"type": "Feature", "properties": {"height": 17.5}, "geometry": {"type": "Polygon", "coordinates": [[[101.614798, 3.075013], [101.615534, 3.075013], [101.615534, 3.074808], [101.614798, 3.074808], [101.614798, 3.075013]]]}}, {"type": "Feature", "properties": {"height": 12.0}, "geometry": {"type": "Polygon", "coordinates": [[[101.613953, 3.075402], [101.614243, 3.075401], [101.614242, 3.075258], [101.613952, 3.075259], [101.613953, 3.075402]]]}}, {"type": "Feature", "properties": {"height": 17.5}, "geometry": {"type": "Polygon", "coordinates": [[[101.614184, 3.076512], [101.614184, 3.075858], [101.613997, 3.075858], [101.613997, 3.076512], [101.614184, 3.076512]]]}}, {"type": "Feature", "properties": {"height": 17.5}, "geometry": {"type": "Polygon", "coordinates": [[[101.613926, 3.075668], [101.614582, 3.075673], [101.614583, 3.075487], [101.613928, 3.075482], [101.613926, 3.075668]]]}}, {"type": "Feature", "properties": {"height": 8.0}, "geometry": {"type": "Polygon", "coordinates": [[[101.614872, 3.071838], [101.614937, 3.071838], [101.614937, 3.071692], [101.614871, 3.071692], [101.614872, 3.071838]]]}}, {"type": "Feature", "properties": {"height": 8.0}, "geometry": {"type": "Polygon", "coordinates": [[[101.614878, 3.072343], [101.614934, 3.072343], [101.614934, 3.072187], [101.614878, 3.072187], [101.614878, 3.072343]]]}}, {"type": "Feature", "properties": {"height": 8.0}, "geometry": {"type": "Polygon", "coordinates": [[[101.614882, 3.072843], [101.614938, 3.072843], [101.614938, 3.072686], [101.614882, 3.072686], [101.614882, 3.072843]]]}}, {"type": "Feature", "properties": {"height": 15.0}, "geometry": {"type": "Polygon", "coordinates": [[[101.614886, 3.074279], [101.614949, 3.074279], [101.614948, 3.074061], [101.614886, 3.074061], [101.614886, 3.074279]]]}}, {"type": "Feature", "properties": {"height": 15.0}, "geometry": {"type": "Polygon", "coordinates": [[[101.614888, 3.074022], [101.614949, 3.074021], [101.614949, 3.073798], [101.614887, 3.073799], [101.614888, 3.074022]]]}}, {"type": "Feature", "properties": {"height": 8.0}, "geometry": {"type": "Polygon", "coordinates": [[[101.614882, 3.073347], [101.614937, 3.073347], [101.614937, 3.073187], [101.614882, 3.073187], [101.614882, 3.073347]]]}}, {"type": "Feature", "properties": {"height": 8.0}, "geometry": {"type": "Polygon", "coordinates": [[[101.613861, 3.071063], [101.613916, 3.071063], [101.613916, 3.070927], [101.61386, 3.070927], [101.613861, 3.071063]]]}}, {"type": "Feature", "properties": {"height": 8.0}, "geometry": {"type": "Polygon", "coordinates": [[[101.614635, 3.071091], [101.61458, 3.071091], [101.614581, 3.071238], [101.614636, 3.071238], [101.614635, 3.071091]]]}}, {"type": "Feature", "properties": {"height": 8.0}, "geometry": {"type": "Polygon", "coordinates": [[[101.613862, 3.071562], [101.613917, 3.071562], [101.613917, 3.071425], [101.613862, 3.071426], [101.613862, 3.071562]]]}}, {"type": "Feature", "properties": {"height": 8.0}, "geometry": {"type": "Polygon", "coordinates": [[[101.61463, 3.072081], [101.614576, 3.072081], [101.614576, 3.072225], [101.61463, 3.072225], [101.61463, 3.072081]]]}}, {"type": "Feature", "properties": {"height": 8.0}, "geometry": {"type": "Polygon", "coordinates": [[[101.613862, 3.072062], [101.613917, 3.072062], [101.613917, 3.07191], [101.613862, 3.07191], [101.613862, 3.072062]]]}}, {"type": "Feature", "properties": {"height": 8.0}, "geometry": {"type": "Polygon", "coordinates": [[[101.614637, 3.072583], [101.614582, 3.072583], [101.614582, 3.072725], [101.614637, 3.072725], [101.614637, 3.072583]]]}}, {"type": "Feature", "properties": {"height": 8.0}, "geometry": {"type": "Polygon", "coordinates": [[[101.613865, 3.072565], [101.61392, 3.072565], [101.613919, 3.072417], [101.613864, 3.072417], [101.613865, 3.072565]]]}}, {"type": "Feature", "properties": {"height": 8.0}, "geometry": {"type": "Polygon", "coordinates": [[[101.61387, 3.073058], [101.613925, 3.073058], [101.613925, 3.072912], [101.61387, 3.072912], [101.61387, 3.073058]]]}}, {"type": "Feature", "properties": {"height": 8.0}, "geometry": {"type": "Polygon", "coordinates": [[[101.614645, 3.073081], [101.61459, 3.073081], [101.61459, 3.073224], [101.614645, 3.073224], [101.614645, 3.073081]]]}}, {"type": "Feature", "properties": {"height": 8.0}, "geometry": {"type": "Polygon", "coordinates": [[[101.614653, 3.07408], [101.614597, 3.07408], [101.614597, 3.074222], [101.614653, 3.074222], [101.614653, 3.07408]]]}}, {"type": "Feature", "properties": {"height": 8.0}, "geometry": {"type": "Polygon", "coordinates": [[[101.614099, 3.074056], [101.614212, 3.074055], [101.614211, 3.073915], [101.614098, 3.073916], [101.614099, 3.074056]]]}}, {"type": "Feature", "properties": {"height": 8.0}, "geometry": {"type": "Polygon", "coordinates": [[[101.614633, 3.07358], [101.614579, 3.07358], [101.614579, 3.073723], [101.614633, 3.073723], [101.614633, 3.07358]]]}}, {"type": "Feature", "properties": {"height": 8.0}, "geometry": {"type": "Polygon", "coordinates": [[[101.61387, 3.073555], [101.613925, 3.073555], [101.613925, 3.073416], [101.61387, 3.073416], [101.61387, 3.073555]]]}}, {"type": "Feature", "properties": {"height": 8.0}, "geometry": {"type": "Polygon", "coordinates": [[[101.612035, 3.064971], [101.612093, 3.065041], [101.61222, 3.064936], [101.612162, 3.064865], [101.612035, 3.064971]]]}}, {"type": "Feature", "properties": {"height": 8.0}, "geometry": {"type": "Polygon", "coordinates": [[[101.611916, 3.064067], [101.611916, 3.064214], [101.612029, 3.064214], [101.612029, 3.064067], [101.611916, 3.064067]]]}}, {"type": "Feature", "properties": {"height": 8.0}, "geometry": {"type": "Polygon", "coordinates": [[[101.612058, 3.064064], [101.612058, 3.064213], [101.612169, 3.064213], [101.612169, 3.064064], [101.612058, 3.064064]]]}}, {"type": "Feature", "properties": {"height": 8.0}, "geometry": {"type": "Polygon", "coordinates": [[[101.612195, 3.064065], [101.612195, 3.064214], [101.612306, 3.064214], [101.612306, 3.064065], [101.612195, 3.064065]]]}}, {"type": "Feature", "properties": {"height": 8.0}, "geometry": {"type": "Polygon", "coordinates": [[[101.612345, 3.064068], [101.612345, 3.064206], [101.612473, 3.064206], [101.612473, 3.064068], [101.612345, 3.064068]]]}}, {"type": "Feature", "properties": {"height": 8.0}, "geometry": {"type": "Polygon", "coordinates": [[[101.612083, 3.063575], [101.612083, 3.063717], [101.612193, 3.063716], [101.612192, 3.063574], [101.612083, 3.063575]]]}}, {"type": "Feature", "properties": {"height": 8.0}, "geometry": {"type": "Polygon", "coordinates": [[[101.612354, 3.06357], [101.612355, 3.063718], [101.61246, 3.063717], [101.612459, 3.063569], [101.612354, 3.06357]]]}}, {"type": "Feature", "properties": {"height": 8.0}, "geometry": {"type": "Polygon", "coordinates": [[[101.612219, 3.06357], [101.61222, 3.063717], [101.612332, 3.063716], [101.612331, 3.063569], [101.612219, 3.06357]]]}}, {"type": "Feature", "properties": {"height": 8.0}, "geometry": {"type": "Polygon", "coordinates": [[[101.61215, 3.063172], [101.612055, 3.063172], [101.612055, 3.063003], [101.61215, 3.063003], [101.61215, 3.063172]]]}}, {"type": "Feature", "properties": {"height": 8.0}, "geometry": {"type": "Polygon", "coordinates": [[[101.612172, 3.065145], [101.61223, 3.065215], [101.612361, 3.065106], [101.612303, 3.065036], [101.612172, 3.065145]]]}}, {"type": "Feature", "properties": {"height": 8.0}, "geometry": {"type": "Polygon", "coordinates": [[[101.61299, 3.06506], [101.612991, 3.065202], [101.613101, 3.065201], [101.613099, 3.065059], [101.61299, 3.06506]]]}}, {"type": "Feature", "properties": {"height": 8.0}, "geometry": {"type": "Polygon", "coordinates": [[[101.612962, 3.065062], [101.612961, 3.064918], [101.612847, 3.064919], [101.612848, 3.065062], [101.612962, 3.065062]]]}}, {"type": "Feature", "properties": {"height": 8.0}, "geometry": {"type": "Polygon", "coordinates": [[[101.612826, 3.065063], [101.612825, 3.064919], [101.612705, 3.064919], [101.612706, 3.065063], [101.612826, 3.065063]]]}}, {"type": "Feature", "properties": {"height": 8.0}, "geometry": {"type": "Polygon", "coordinates": [[[101.61326, 3.064409], [101.61326, 3.064555], [101.613368, 3.064555], [101.613367, 3.064408], [101.61326, 3.064409]]]}}, {"type": "Feature", "properties": {"height": 8.0}, "geometry": {"type": "Polygon", "coordinates": [[[101.613119, 3.064555], [101.613119, 3.064703], [101.613228, 3.064703], [101.613228, 3.064555], [101.613119, 3.064555]]]}}, {"type": "Feature", "properties": {"height": 8.0}, "geometry": {"type": "Polygon", "coordinates": [[[101.612847, 3.064554], [101.612848, 3.064704], [101.612957, 3.064704], [101.612956, 3.064554], [101.612847, 3.064554]]]}}, {"type": "Feature", "properties": {"height": 8.0}, "geometry": {"type": "Polygon", "coordinates": [[[101.612822, 3.064704], [101.612822, 3.064552], [101.612713, 3.064553], [101.612714, 3.064705], [101.612822, 3.064704]]]}}, {"type": "Feature", "properties": {"height": 8.0}, "geometry": {"type": "Polygon", "coordinates": [[[101.612847, 3.064408], [101.612847, 3.064554], [101.612956, 3.064554], [101.612956, 3.064407], [101.612847, 3.064408]]]}}, {"type": "Feature", "properties": {"height": 8.0}, "geometry": {"type": "Polygon", "coordinates": [[[101.612985, 3.064404], [101.612986, 3.064554], [101.613092, 3.064554], [101.613092, 3.064403], [101.612985, 3.064404]]]}}, {"type": "Feature", "properties": {"height": 8.0}, "geometry": {"type": "Polygon", "coordinates": [[[101.613118, 3.064403], [101.613119, 3.064555], [101.613228, 3.064555], [101.613227, 3.064403], [101.613118, 3.064403]]]}}, {"type": "Feature", "properties": {"height": 8.0}, "geometry": {"type": "Polygon", "coordinates": [[[101.61326, 3.064555], [101.613261, 3.064703], [101.613368, 3.064703], [101.613368, 3.064555], [101.61326, 3.064555]]]}}, {"type": "Feature", "properties": {"height": 8.0}, "geometry": {"type": "Polygon", "coordinates": [[[101.612822, 3.064552], [101.612821, 3.0644], [101.612713, 3.064401], [101.612713, 3.064553], [101.612822, 3.064552]]]}}, {"type": "Feature", "properties": {"height": 8.0}, "geometry": {"type": "Polygon", "coordinates": [[[101.612986, 3.064554], [101.612987, 3.064704], [101.613093, 3.064703], [101.613092, 3.064554], [101.612986, 3.064554]]]}}, {"type": "Feature", "properties": {"height": 8.0}, "geometry": {"type": "Polygon", "coordinates": [[[101.613245, 3.063925], [101.613246, 3.064071], [101.613353, 3.064071], [101.613352, 3.063924], [101.613245, 3.063925]]]}}, {"type": "Feature", "properties": {"height": 8.0}, "geometry": {"type": "Polygon", "coordinates": [[[101.613104, 3.064071], [101.613105, 3.064219], [101.613214, 3.064219], [101.613213, 3.064071], [101.613104, 3.064071]]]}}, {"type": "Feature", "properties": {"height": 8.0}, "geometry": {"type": "Polygon", "coordinates": [[[101.612832, 3.06407], [101.612833, 3.06422], [101.612942, 3.06422], [101.612942, 3.06407], [101.612832, 3.06407]]]}}, {"type": "Feature", "properties": {"height": 8.0}, "geometry": {"type": "Polygon", "coordinates": [[[101.612808, 3.06422], [101.612807, 3.064068], [101.612698, 3.064068], [101.612699, 3.064221], [101.612808, 3.06422]]]}}, {"type": "Feature", "properties": {"height": 8.0}, "geometry": {"type": "Polygon", "coordinates": [[[101.612832, 3.063924], [101.612832, 3.06407], [101.612942, 3.06407], [101.612941, 3.063923], [101.612832, 3.063924]]]}}, {"type": "Feature", "properties": {"height": 8.0}, "geometry": {"type": "Polygon", "coordinates": [[[101.612971, 3.063919], [101.612971, 3.06407], [101.613078, 3.06407], [101.613077, 3.063919], [101.612971, 3.063919]]]}}, {"type": "Feature", "properties": {"height": 8.0}, "geometry": {"type": "Polygon", "coordinates": [[[101.613104, 3.063919], [101.613104, 3.064071], [101.613213, 3.064071], [101.613213, 3.063919], [101.613104, 3.063919]]]}}, {"type": "Feature", "properties": {"height": 8.0}, "geometry": {"type": "Polygon", "coordinates": [[[101.613246, 3.064071], [101.613246, 3.064219], [101.613353, 3.064219], [101.613353, 3.064071], [101.613246, 3.064071]]]}}, {"type": "Feature", "properties": {"height": 8.0}, "geometry": {"type": "Polygon", "coordinates": [[[101.612807, 3.064068], [101.612807, 3.063916], [101.612698, 3.063917], [101.612698, 3.064068], [101.612807, 3.064068]]]}}, {"type": "Feature", "properties": {"height": 8.0}, "geometry": {"type": "Polygon", "coordinates": [[[101.612971, 3.06407], [101.612972, 3.06422], [101.613078, 3.06422], [101.613078, 3.06407], [101.612971, 3.06407]]]}}, {"type": "Feature", "properties": {"height": 8.0}, "geometry": {"type": "Polygon", "coordinates": [[[101.613245, 3.063568], [101.613245, 3.063716], [101.613353, 3.063716], [101.613352, 3.063568], [101.613245, 3.063568]]]}}, {"type": "Feature", "properties": {"height": 8.0}, "geometry": {"type": "Polygon", "coordinates": [[[101.613103, 3.063568], [101.613104, 3.063716], [101.613213, 3.063716], [101.613212, 3.063568], [101.613103, 3.063568]]]}}, {"type": "Feature", "properties": {"height": 8.0}, "geometry": {"type": "Polygon", "coordinates": [[[101.61297, 3.063567], [101.612971, 3.063717], [101.613077, 3.063717], [101.613077, 3.063567], [101.61297, 3.063567]]]}}, {"type": "Feature", "properties": {"height": 8.0}, "geometry": {"type": "Polygon", "coordinates": [[[101.612831, 3.063567], [101.612832, 3.063717], [101.612941, 3.063717], [101.612941, 3.063567], [101.612831, 3.063567]]]}}, {"type": "Feature", "properties": {"height": 8.0}, "geometry": {"type": "Polygon", "coordinates": [[[101.612806, 3.063565], [101.612806, 3.063413], [101.612697, 3.063414], [101.612698, 3.063566], [101.612806, 3.063565]]]}}, {"type": "Feature", "properties": {"height": 12.0}, "geometry": {"type": "Polygon", "coordinates": [[[101.604848, 3.06905], [101.605122, 3.069049], [101.605123, 3.069323], [101.605123, 3.069577], [101.604849, 3.069577], [101.604848, 3.06905]]]}}, {"type": "Feature", "properties": {"height": 7.0}, "geometry": {"type": "Polygon", "coordinates": [[[101.600508, 3.063195], [101.600489, 3.063268], [101.600487, 3.063295], [101.60067, 3.063365], [101.600669, 3.063248], [101.600704, 3.063248], [101.600704, 3.063217], [101.600536, 3.063125], [101.600508, 3.063195]]]}}, {"type": "Feature", "properties": {"height": 35.0}, "geometry": {"type": "Polygon", "coordinates": [[[101.608763, 3.066719], [101.608857, 3.066717], [101.608856, 3.066697], [101.609915, 3.066678], [101.609918, 3.066804], [101.60981, 3.066806], [101.609811, 3.066864], [101.609776, 3.066864], [101.609777, 3.06688], [101.609573, 3.066884], [101.609572, 3.066833], [101.609419, 3.066836], [101.60942, 3.066892], [101.609208, 3.066896], [101.609208, 3.066848], [101.6091, 3.06685], [101.6091, 3.066831], [101.609029, 3.066832], [101.60903, 3.066907], [101.608788, 3.066911], [101.608787, 3.066863], [101.608765, 3.066864], [101.608763, 3.066719]]]}}, {"type": "Feature", "properties": {"height": 35.0}, "geometry": {"type": "Polygon", "coordinates": [[[101.609153, 3.067489], [101.609248, 3.0675], [101.609357, 3.067446], [101.609366, 3.067376], [101.609453, 3.06736], [101.609455, 3.067342], [101.609498, 3.067321], [101.609502, 3.067321], [101.60959, 3.067331], [101.609696, 3.067279], [101.609705, 3.067204], [101.609762, 3.067194], [101.609836, 3.067157], [101.609876, 3.06715], [101.609921, 3.067155], [101.610033, 3.067135], [101.610099, 3.06727], [101.609389, 3.067618], [101.609335, 3.067612], [101.609331, 3.067649], [101.609151, 3.067735], [101.609026, 3.067762], [101.608934, 3.067575], [101.609023, 3.067531], [101.609092, 3.067519], [101.609153, 3.067489]]]}}, {"type": "Feature", "properties": {"height": 12.0}, "geometry": {"type": "Polygon", "coordinates": [[[101.605765, 3.070901], [101.605867, 3.071044], [101.605812, 3.071084], [101.605803, 3.07122], [101.605756, 3.071254], [101.605716, 3.071251], [101.605712, 3.071305], [101.605634, 3.0713], [101.605467, 3.071067], [101.605468, 3.071057], [101.605436, 3.071013], [101.605432, 3.07107], [101.605365, 3.071066], [101.605127, 3.070734], [101.605163, 3.070708], [101.60522, 3.070787], [101.605271, 3.070751], [101.605374, 3.070895], [101.605429, 3.070855], [101.605521, 3.070984], [101.605561, 3.070987], [101.605586, 3.070988], [101.605583, 3.071031], [101.605765, 3.070901]]]}}, {"type": "Feature", "properties": {"height": 12.0}, "geometry": {"type": "Polygon", "coordinates": [[[101.604539, 3.071852], [101.60454, 3.071903], [101.604272, 3.071909], [101.604271, 3.071859], [101.604539, 3.071852]]]}}, {"type": "Feature", "properties": {"height": 12.0}, "geometry": {"type": "Polygon", "coordinates": [[[101.604091, 3.071616], [101.604135, 3.071615], [101.604139, 3.07174], [101.604095, 3.071742], [101.604091, 3.071616]]]}}, {"type": "Feature", "properties": {"height": 12.0}, "geometry": {"type": "Polygon", "coordinates": [[[101.604857, 3.072029], [101.60447, 3.072044], [101.604467, 3.071961], [101.604854, 3.071947], [101.604857, 3.072029]]]}}, {"type": "Feature", "properties": {"height": 12.0}, "geometry": {"type": "Polygon", "coordinates": [[[101.605013, 3.072286], [101.604926, 3.072288], [101.604922, 3.072101], [101.605009, 3.072099], [101.605013, 3.072286]]]}}, {"type": "Feature", "properties": {"height": 12.0}, "geometry": {"type": "Polygon", "coordinates": [[[101.604932, 3.072458], [101.604925, 3.072293], [101.605032, 3.072289], [101.605039, 3.072453], [101.604932, 3.072458]]]}}, {"type": "Feature", "properties": {"height": 12.0}, "geometry": {"type": "Polygon", "coordinates": [[[101.604945, 3.071784], [101.605007, 3.071787], [101.605, 3.071944], [101.604933, 3.071942], [101.604928, 3.072083], [101.604869, 3.072081], [101.604877, 3.07187], [101.604941, 3.071872], [101.604945, 3.071784]]]}}, {"type": "Feature", "properties": {"height": 3.5}, "geometry": {"type": "Polygon", "coordinates": [[[101.606193, 3.073546], [101.605811, 3.073545], [101.605803, 3.073353], [101.605924, 3.073355], [101.606191, 3.07336], [101.606193, 3.073546]]]}}, {"type": "Feature", "properties": {"height": 12.0}, "geometry": {"type": "Polygon", "coordinates": [[[101.608344, 3.069797], [101.608263, 3.069778], [101.608436, 3.069218], [101.60852, 3.06924], [101.608344, 3.069797]]]}}, {"type": "Feature", "properties": {"height": 12.0}, "geometry": {"type": "Polygon", "coordinates": [[[101.608668, 3.070093], [101.608551, 3.070013], [101.608633, 3.069895], [101.608749, 3.069975], [101.608668, 3.070093]]]}}, {"type": "Feature", "properties": {"height": 35.0}, "geometry": {"type": "Polygon", "coordinates": [[[101.61005, 3.066896], [101.610037, 3.066815], [101.610074, 3.066733], [101.610107, 3.066727], [101.6101, 3.066682], [101.6103, 3.066648], [101.610319, 3.066758], [101.610456, 3.066735], [101.610496, 3.066973], [101.610401, 3.06699], [101.610415, 3.06707], [101.610357, 3.06708], [101.610344, 3.067109], [101.610399, 3.0671], [101.610402, 3.067118], [101.610355, 3.067126], [101.610347, 3.067143], [101.610281, 3.067155], [101.610247, 3.06714], [101.610242, 3.067108], [101.610194, 3.067116], [101.610099, 3.067073], [101.610085, 3.06699], [101.610328, 3.066948], [101.610312, 3.066852], [101.61005, 3.066896]]]}}, {"type": "Feature", "properties": {"height": 12.0}, "geometry": {"type": "Polygon", "coordinates": [[[101.608136, 3.07163], [101.608108, 3.071632], [101.608083, 3.071643], [101.608062, 3.071662], [101.608048, 3.071686], [101.608042, 3.071713], [101.608045, 3.07174], [101.608056, 3.071766], [101.608075, 3.071786], [101.608102, 3.0718], [101.608209, 3.071682], [101.608187, 3.07165], [101.608163, 3.071636], [101.608136, 3.07163]]]}}, {"type": "Feature", "properties": {"height": 12.0}, "geometry": {"type": "Polygon", "coordinates": [[[101.614504, 3.065249], [101.614646, 3.065249], [101.614646, 3.064994], [101.614504, 3.064994], [101.614504, 3.065249]]]}}, {"type": "Feature", "properties": {"height": 35.0}, "geometry": {"type": "Polygon", "coordinates": [[[101.614724, 3.064793], [101.614727, 3.065299], [101.615473, 3.065295], [101.615472, 3.065062], [101.615155, 3.065064], [101.615154, 3.064791], [101.614724, 3.064793]]]}}, {"type": "Feature", "properties": {"height": 8.0}, "geometry": {"type": "Polygon", "coordinates": [[[101.61415, 3.063755], [101.614211, 3.063755], [101.614212, 3.063595], [101.614151, 3.063595], [101.61415, 3.063755]]]}}, {"type": "Feature", "properties": {"height": 8.0}, "geometry": {"type": "Polygon", "coordinates": [[[101.614849, 3.064316], [101.614911, 3.064316], [101.614911, 3.064175], [101.614849, 3.064175], [101.614849, 3.064316]]]}}, {"type": "Feature", "properties": {"height": 8.0}, "geometry": {"type": "Polygon", "coordinates": [[[101.614564, 3.064367], [101.614504, 3.064367], [101.614503, 3.064522], [101.614563, 3.064523], [101.614564, 3.064367]]]}}, {"type": "Feature", "properties": {"height": 8.0}, "geometry": {"type": "Polygon", "coordinates": [[[101.613957, 3.064319], [101.614018, 3.064319], [101.614017, 3.064168], [101.613956, 3.064168], [101.613957, 3.064319]]]}}, {"type": "Feature", "properties": {"height": 8.0}, "geometry": {"type": "Polygon", "coordinates": [[[101.614145, 3.064755], [101.614146, 3.064818], [101.614302, 3.064815], [101.6143, 3.064752], [101.614145, 3.064755]]]}}, {"type": "Feature", "properties": {"height": 8.0}, "geometry": {"type": "Polygon", "coordinates": [[[101.613949, 3.064754], [101.61395, 3.064815], [101.614111, 3.064814], [101.614111, 3.064752], [101.613949, 3.064754]]]}}, {"type": "Feature", "properties": {"height": 8.0}, "geometry": {"type": "Polygon", "coordinates": [[[101.614837, 3.065527], [101.614776, 3.065527], [101.614777, 3.065692], [101.614837, 3.065692], [101.614837, 3.065527]]]}}, {"type": "Feature", "properties": {"height": 8.0}, "geometry": {"type": "Polygon", "coordinates": [[[101.613957, 3.066065], [101.614018, 3.066065], [101.614018, 3.065919], [101.613957, 3.065919], [101.613957, 3.066065]]]}}, {"type": "Feature", "properties": {"height": 8.0}, "geometry": {"type": "Polygon", "coordinates": [[[101.614444, 3.066098], [101.614383, 3.066098], [101.614383, 3.066253], [101.614444, 3.066253], [101.614444, 3.066098]]]}}, {"type": "Feature", "properties": {"height": 8.0}, "geometry": {"type": "Polygon", "coordinates": [[[101.61445, 3.066649], [101.614388, 3.06665], [101.614389, 3.066786], [101.614451, 3.066785], [101.61445, 3.066649]]]}}, {"type": "Feature", "properties": {"height": 8.0}, "geometry": {"type": "Polygon", "coordinates": [[[101.613956, 3.066617], [101.614017, 3.066617], [101.614017, 3.066469], [101.613956, 3.066469], [101.613956, 3.066617]]]}}, {"type": "Feature", "properties": {"height": 8.0}, "geometry": {"type": "Polygon", "coordinates": [[[101.614873, 3.067176], [101.614935, 3.067176], [101.614934, 3.067021], [101.614872, 3.067022], [101.614873, 3.067176]]]}}, {"type": "Feature", "properties": {"height": 8.0}, "geometry": {"type": "Polygon", "coordinates": [[[101.614821, 3.067195], [101.614759, 3.067195], [101.614758, 3.067362], [101.61482, 3.067362], [101.614821, 3.067195]]]}}, {"type": "Feature", "properties": {"height": 8.0}, "geometry": {"type": "Polygon", "coordinates": [[[101.613954, 3.067166], [101.614016, 3.067167], [101.614017, 3.067017], [101.613955, 3.067017], [101.613954, 3.067166]]]}}, {"type": "Feature", "properties": {"height": 8.0}, "geometry": {"type": "Polygon", "coordinates": [[[101.613822, 3.067985], [101.613908, 3.067985], [101.613908, 3.067833], [101.613821, 3.067834], [101.613822, 3.067985]]]}}, {"type": "Feature", "properties": {"height": 8.0}, "geometry": {"type": "Polygon", "coordinates": [[[101.614675, 3.068018], [101.614564, 3.068017], [101.614563, 3.068172], [101.614674, 3.068173], [101.614675, 3.068018]]]}}, {"type": "Feature", "properties": {"height": 8.0}, "geometry": {"type": "Polygon", "coordinates": [[[101.614863, 3.067986], [101.614918, 3.067986], [101.614919, 3.067836], [101.614864, 3.067836], [101.614863, 3.067986]]]}}, {"type": "Feature", "properties": {"height": 8.0}, "geometry": {"type": "Polygon", "coordinates": [[[101.614829, 3.068484], [101.61492, 3.068485], [101.614921, 3.068329], [101.614829, 3.068329], [101.614829, 3.068484]]]}}, {"type": "Feature", "properties": {"height": 8.0}, "geometry": {"type": "Polygon", "coordinates": [[[101.613797, 3.068487], [101.613904, 3.068487], [101.613905, 3.068336], [101.613798, 3.068336], [101.613797, 3.068487]]]}}, {"type": "Feature", "properties": {"height": 8.0}, "geometry": {"type": "Polygon", "coordinates": [[[101.61462, 3.068515], [101.614564, 3.068514], [101.614562, 3.068674], [101.614617, 3.068675], [101.61462, 3.068515]]]}}, {"type": "Feature", "properties": {"height": 8.0}, "geometry": {"type": "Polygon", "coordinates": [[[101.614928, 3.068985], [101.615034, 3.068984], [101.615033, 3.068827], [101.614928, 3.068827], [101.614928, 3.068985]]]}}, {"type": "Feature", "properties": {"height": 8.0}, "geometry": {"type": "Polygon", "coordinates": [[[101.61385, 3.068982], [101.613905, 3.068983], [101.613906, 3.068827], [101.613851, 3.068827], [101.61385, 3.068982]]]}}, {"type": "Feature", "properties": {"height": 8.0}, "geometry": {"type": "Polygon", "coordinates": [[[101.614621, 3.069012], [101.614567, 3.069011], [101.614566, 3.069141], [101.614621, 3.069142], [101.614621, 3.069012]]]}}, {"type": "Feature", "properties": {"height": 8.0}, "geometry": {"type": "Polygon", "coordinates": [[[101.614873, 3.069483], [101.614928, 3.069483], [101.614927, 3.069341], [101.614873, 3.069341], [101.614873, 3.069483]]]}}, {"type": "Feature", "properties": {"height": 8.0}, "geometry": {"type": "Polygon", "coordinates": [[[101.61386, 3.069478], [101.613916, 3.069479], [101.613916, 3.069351], [101.613861, 3.069351], [101.61386, 3.069478]]]}}, {"type": "Feature", "properties": {"height": 8.0}, "geometry": {"type": "Polygon", "coordinates": [[[101.613856, 3.06963], [101.613911, 3.069631], [101.613913, 3.069499], [101.613857, 3.069498], [101.613856, 3.06963]]]}}, {"type": "Feature", "properties": {"height": 8.0}, "geometry": {"type": "Polygon", "coordinates": [[[101.614882, 3.069976], [101.614936, 3.069976], [101.614936, 3.069839], [101.614882, 3.069839], [101.614882, 3.069976]]]}}, {"type": "Feature", "properties": {"height": 8.0}, "geometry": {"type": "Polygon", "coordinates": [[[101.614876, 3.070471], [101.614931, 3.07047], [101.614929, 3.070336], [101.614874, 3.070337], [101.614876, 3.070471]]]}}, {"type": "Feature", "properties": {"height": 12.0}, "geometry": {"type": "Polygon", "coordinates": [[[101.613844, 3.074021], [101.614002, 3.074196], [101.614096, 3.074111], [101.613939, 3.073936], [101.613844, 3.074021]]]}}, {"type": "Feature", "properties": {"height": 12.0}, "geometry": {"type": "Polygon", "coordinates": [[[101.599669, 3.067547], [101.600334, 3.06755], [101.60035, 3.067204], [101.600272, 3.067063], [101.599666, 3.067079], [101.599666, 3.067103], [101.599658, 3.067154], [101.599669, 3.067547]]]}}, {"type": "Feature", "properties": {"height": 12.0}, "geometry": {"type": "Polygon", "coordinates": [[[101.601848, 3.066771], [101.601927, 3.066771], [101.601922, 3.066642], [101.601847, 3.066645], [101.601847, 3.066671], [101.601848, 3.066771]]]}}, {"type": "Feature", "properties": {"height": 12.0}, "geometry": {"type": "Polygon", "coordinates": [[[101.601785, 3.066977], [101.602097, 3.066979], [101.602099, 3.066934], [101.601796, 3.06693], [101.601788, 3.06695], [101.601785, 3.066977]]]}}, {"type": "Feature", "properties": {"height": 12.0}, "geometry": {"type": "Polygon", "coordinates": [[[101.604913, 3.066123], [101.604924, 3.065736], [101.604591, 3.065727], [101.60458, 3.066114], [101.604913, 3.066123]]]}}, {"type": "Feature", "properties": {"height": 35.0}, "geometry": {"type": "Polygon", "coordinates": [[[101.609691, 3.06415], [101.610277, 3.064146], [101.610274, 3.063635], [101.609688, 3.06364], [101.609691, 3.06415]]]}}, {"type": "Feature", "properties": {"height": 35.0}, "geometry": {"type": "Polygon", "coordinates": [[[101.609686, 3.06358], [101.610273, 3.063576], [101.610269, 3.063065], [101.609683, 3.063069], [101.609686, 3.06358]]]}}, {"type": "Feature", "properties": {"height": 7.0}, "geometry": {"type": "Polygon", "coordinates": [[[101.607323, 3.063169], [101.607548, 3.063241], [101.607592, 3.063103], [101.607367, 3.063032], [101.607323, 3.063169]]]}}, {"type": "Feature", "properties": {"height": 35.0}, "geometry": {"type": "Polygon", "coordinates": [[[101.608449, 3.074606], [101.609183, 3.074597], [101.609181, 3.074414], [101.608447, 3.074423], [101.608449, 3.074606]]]}}, {"type": "Feature", "properties": {"height": 35.0}, "geometry": {"type": "Polygon", "coordinates": [[[101.609341, 3.074793], [101.610075, 3.074784], [101.610073, 3.0746], [101.609339, 3.074609], [101.609341, 3.074793]]]}}, {"type": "Feature", "properties": {"height": 35.0}, "geometry": {"type": "Polygon", "coordinates": [[[101.609344, 3.075147], [101.610078, 3.075138], [101.610076, 3.074955], [101.609341, 3.074964], [101.609344, 3.075147]]]}}, {"type": "Feature", "properties": {"height": 12.0}, "geometry": {"type": "Polygon", "coordinates": [[[101.610026, 3.07597], [101.610086, 3.075971], [101.610087, 3.075881], [101.610027, 3.07588], [101.610026, 3.07597]]]}}, {"type": "Feature", "properties": {"height": 17.5}, "geometry": {"type": "Polygon", "coordinates": [[[101.608824, 3.075505], [101.60882, 3.074859], [101.608686, 3.07486], [101.60869, 3.075506], [101.608824, 3.075505]]]}}, {"type": "Feature", "properties": {"height": 35.0}, "geometry": {"type": "Polygon", "coordinates": [[[101.607881, 3.075493], [101.607877, 3.074847], [101.607743, 3.074848], [101.607747, 3.075494], [101.607881, 3.075493]]]}}, {"type": "Feature", "properties": {"height": 12.0}, "geometry": {"type": "Polygon", "coordinates": [[[101.612345, 3.075338], [101.612156, 3.075339], [101.61216, 3.075913], [101.612348, 3.075912], [101.612345, 3.075338]]]}}, {"type": "Feature", "properties": {"height": 8.0}, "geometry": {"type": "Polygon", "coordinates": [[[101.61499, 3.076144], [101.615032, 3.076144], [101.615032, 3.075954], [101.614991, 3.075954], [101.61499, 3.076144]]]}}, {"type": "Feature", "properties": {"height": 8.0}, "geometry": {"type": "Polygon", "coordinates": [[[101.614949, 3.076144], [101.61499, 3.076144], [101.614991, 3.075954], [101.614949, 3.075954], [101.614949, 3.076144]]]}}, {"type": "Feature", "properties": {"height": 8.0}, "geometry": {"type": "Polygon", "coordinates": [[[101.614907, 3.076144], [101.614949, 3.076144], [101.614949, 3.075954], [101.614908, 3.075954], [101.614907, 3.076144]]]}}, {"type": "Feature", "properties": {"height": 8.0}, "geometry": {"type": "Polygon", "coordinates": [[[101.61499, 3.075923], [101.615031, 3.075923], [101.615033, 3.075734], [101.614991, 3.075733], [101.61499, 3.075923]]]}}, {"type": "Feature", "properties": {"height": 8.0}, "geometry": {"type": "Polygon", "coordinates": [[[101.614948, 3.075923], [101.61499, 3.075923], [101.614991, 3.075733], [101.61495, 3.075733], [101.614948, 3.075923]]]}}, {"type": "Feature", "properties": {"height": 8.0}, "geometry": {"type": "Polygon", "coordinates": [[[101.614907, 3.075922], [101.614948, 3.075923], [101.61495, 3.075733], [101.614908, 3.075732], [101.614907, 3.075922]]]}}, {"type": "Feature", "properties": {"height": 12.0}, "geometry": {"type": "Polygon", "coordinates": [[[101.606864, 3.066727], [101.608137, 3.067099], [101.608194, 3.0669], [101.607887, 3.066811], [101.607691, 3.066534], [101.606861, 3.06654], [101.606864, 3.066727]]]}}, {"type": "Feature", "properties": {"height": 8.0}, "geometry": {"type": "Polygon", "coordinates": [[[101.613857, 3.071722], [101.613913, 3.071722], [101.613914, 3.071584], [101.613858, 3.071584], [101.613857, 3.071722]]]}}, {"type": "Feature", "properties": {"height": 4.0}, "geometry": {"type": "Polygon", "coordinates": [[[101.607686, 3.073249], [101.607637, 3.073197], [101.607576, 3.073197], [101.607515, 3.073197], [101.607459, 3.073249], [101.607461, 3.073327], [101.607463, 3.073469], [101.607464, 3.0736], [101.607688, 3.073598], [101.607687, 3.073473], [101.607686, 3.073338], [101.607686, 3.073249]]]}}, {"type": "Feature", "properties": {"height": 12.0}, "geometry": {"type": "Polygon", "coordinates": [[[101.609433, 3.073557], [101.609576, 3.073582], [101.609585, 3.073531], [101.609443, 3.073506], [101.609433, 3.073557]]]}}, {"type": "Feature", "properties": {"height": 8.0}, "geometry": {"type": "Polygon", "coordinates": [[[101.611235, 3.065053], [101.611171, 3.065054], [101.611172, 3.065184], [101.611237, 3.065184], [101.611235, 3.065053]]]}}, {"type": "Feature", "properties": {"height": 8.0}, "geometry": {"type": "Polygon", "coordinates": [[[101.6113, 3.065053], [101.611235, 3.065053], [101.611237, 3.065184], [101.611301, 3.065183], [101.6113, 3.065053]]]}}, {"type": "Feature", "properties": {"height": 8.0}, "geometry": {"type": "Polygon", "coordinates": [[[101.611364, 3.065052], [101.6113, 3.065053], [101.611301, 3.065183], [101.611366, 3.065183], [101.611364, 3.065052]]]}}, {"type": "Feature", "properties": {"height": 8.0}, "geometry": {"type": "Polygon", "coordinates": [[[101.611429, 3.065051], [101.611364, 3.065052], [101.611366, 3.065183], [101.61143, 3.065182], [101.611429, 3.065051]]]}}, {"type": "Feature", "properties": {"height": 8.0}, "geometry": {"type": "Polygon", "coordinates": [[[101.611493, 3.065051], [101.611429, 3.065051], [101.61143, 3.065182], [101.611494, 3.065182], [101.611493, 3.065051]]]}}, {"type": "Feature", "properties": {"height": 8.0}, "geometry": {"type": "Polygon", "coordinates": [[[101.611558, 3.06505], [101.611493, 3.065051], [101.611494, 3.065182], [101.611559, 3.065181], [101.611558, 3.06505]]]}}, {"type": "Feature", "properties": {"height": 8.0}, "geometry": {"type": "Polygon", "coordinates": [[[101.611622, 3.06505], [101.611558, 3.06505], [101.611559, 3.065181], [101.611623, 3.06518], [101.611622, 3.06505]]]}}, {"type": "Feature", "properties": {"height": 8.0}, "geometry": {"type": "Polygon", "coordinates": [[[101.611687, 3.065049], [101.611622, 3.06505], [101.611623, 3.06518], [101.611688, 3.06518], [101.611687, 3.065049]]]}}, {"type": "Feature", "properties": {"height": 8.0}, "geometry": {"type": "Polygon", "coordinates": [[[101.611751, 3.065049], [101.611687, 3.065049], [101.611688, 3.06518], [101.611752, 3.065179], [101.611751, 3.065049]]]}}, {"type": "Feature", "properties": {"height": 8.0}, "geometry": {"type": "Polygon", "coordinates": [[[101.611816, 3.065048], [101.611751, 3.065049], [101.611752, 3.065179], [101.611817, 3.065179], [101.611816, 3.065048]]]}}, {"type": "Feature", "properties": {"height": 8.0}, "geometry": {"type": "Polygon", "coordinates": [[[101.61188, 3.065047], [101.611816, 3.065048], [101.611817, 3.065179], [101.611881, 3.065178], [101.61188, 3.065047]]]}}, {"type": "Feature", "properties": {"height": 8.0}, "geometry": {"type": "Polygon", "coordinates": [[[101.611945, 3.065047], [101.61188, 3.065047], [101.611881, 3.065178], [101.611946, 3.065178], [101.611945, 3.065047]]]}}, {"type": "Feature", "properties": {"height": 8.0}, "geometry": {"type": "Polygon", "coordinates": [[[101.61204, 3.065046], [101.611945, 3.065047], [101.611946, 3.065178], [101.612041, 3.065177], [101.61204, 3.065046]]]}}, {"type": "Feature", "properties": {"height": 8.0}, "geometry": {"type": "Polygon", "coordinates": [[[101.611805, 3.065018], [101.611937, 3.065018], [101.611937, 3.064968], [101.611881, 3.064969], [101.611881, 3.064897], [101.611804, 3.064897], [101.611805, 3.065018]]]}}, {"type": "Feature", "properties": {"height": 8.0}, "geometry": {"type": "Polygon", "coordinates": [[[101.61175, 3.065019], [101.611805, 3.065018], [101.611804, 3.064897], [101.61175, 3.064898], [101.61175, 3.065019]]]}}, {"type": "Feature", "properties": {"height": 8.0}, "geometry": {"type": "Polygon", "coordinates": [[[101.611695, 3.065019], [101.61175, 3.065019], [101.61175, 3.064898], [101.611695, 3.064898], [101.611695, 3.065019]]]}}, {"type": "Feature", "properties": {"height": 8.0}, "geometry": {"type": "Polygon", "coordinates": [[[101.61164, 3.065019], [101.611695, 3.065019], [101.611695, 3.064898], [101.61164, 3.064898], [101.61164, 3.065019]]]}}, {"type": "Feature", "properties": {"height": 8.0}, "geometry": {"type": "Polygon", "coordinates": [[[101.611586, 3.06502], [101.61164, 3.065019], [101.61164, 3.064898], [101.611585, 3.064898], [101.611586, 3.06502]]]}}, {"type": "Feature", "properties": {"height": 8.0}, "geometry": {"type": "Polygon", "coordinates": [[[101.611531, 3.06502], [101.611586, 3.06502], [101.611585, 3.064898], [101.61153, 3.064899], [101.611531, 3.06502]]]}}, {"type": "Feature", "properties": {"height": 8.0}, "geometry": {"type": "Polygon", "coordinates": [[[101.611476, 3.06502], [101.611531, 3.06502], [101.61153, 3.064899], [101.611475, 3.064899], [101.611476, 3.06502]]]}}, {"type": "Feature", "properties": {"height": 8.0}, "geometry": {"type": "Polygon", "coordinates": [[[101.611421, 3.06502], [101.611476, 3.06502], [101.611475, 3.064899], [101.611421, 3.064899], [101.611421, 3.06502]]]}}, {"type": "Feature", "properties": {"height": 8.0}, "geometry": {"type": "Polygon", "coordinates": [[[101.611366, 3.065021], [101.611421, 3.06502], [101.611421, 3.064899], [101.611366, 3.064899], [101.611366, 3.065021]]]}}, {"type": "Feature", "properties": {"height": 8.0}, "geometry": {"type": "Polygon", "coordinates": [[[101.611312, 3.065021], [101.611366, 3.065021], [101.611366, 3.064899], [101.611311, 3.0649], [101.611312, 3.065021]]]}}, {"type": "Feature", "properties": {"height": 8.0}, "geometry": {"type": "Polygon", "coordinates": [[[101.611257, 3.065021], [101.611312, 3.065021], [101.611311, 3.0649], [101.611256, 3.0649], [101.611257, 3.065021]]]}}, {"type": "Feature", "properties": {"height": 8.0}, "geometry": {"type": "Polygon", "coordinates": [[[101.611202, 3.065021], [101.611257, 3.065021], [101.611256, 3.0649], [101.611201, 3.0649], [101.611202, 3.065021]]]}}, {"type": "Feature", "properties": {"height": 8.0}, "geometry": {"type": "Polygon", "coordinates": [[[101.611147, 3.065022], [101.611202, 3.065021], [101.611201, 3.0649], [101.611147, 3.0649], [101.611147, 3.065022]]]}}, {"type": "Feature", "properties": {"height": 8.0}, "geometry": {"type": "Polygon", "coordinates": [[[101.611092, 3.065022], [101.611147, 3.065022], [101.611147, 3.0649], [101.611092, 3.064901], [101.611092, 3.065022]]]}}, {"type": "Feature", "properties": {"height": 8.0}, "geometry": {"type": "Polygon", "coordinates": [[[101.611083, 3.064567], [101.611029, 3.064567], [101.61103, 3.064693], [101.611084, 3.064692], [101.611083, 3.064567]]]}}, {"type": "Feature", "properties": {"height": 8.0}, "geometry": {"type": "Polygon", "coordinates": [[[101.611137, 3.064566], [101.611083, 3.064567], [101.611084, 3.064692], [101.611138, 3.064692], [101.611137, 3.064566]]]}}, {"type": "Feature", "properties": {"height": 8.0}, "geometry": {"type": "Polygon", "coordinates": [[[101.611191, 3.064566], [101.611137, 3.064566], [101.611138, 3.064692], [101.611192, 3.064691], [101.611191, 3.064566]]]}}, {"type": "Feature", "properties": {"height": 8.0}, "geometry": {"type": "Polygon", "coordinates": [[[101.611245, 3.064565], [101.611191, 3.064566], [101.611192, 3.064691], [101.611247, 3.064691], [101.611245, 3.064565]]]}}, {"type": "Feature", "properties": {"height": 8.0}, "geometry": {"type": "Polygon", "coordinates": [[[101.6113, 3.064564], [101.611245, 3.064565], [101.611247, 3.064691], [101.611301, 3.06469], [101.6113, 3.064564]]]}}, {"type": "Feature", "properties": {"height": 8.0}, "geometry": {"type": "Polygon", "coordinates": [[[101.611354, 3.064564], [101.6113, 3.064564], [101.611301, 3.06469], [101.611355, 3.06469], [101.611354, 3.064564]]]}}, {"type": "Feature", "properties": {"height": 8.0}, "geometry": {"type": "Polygon", "coordinates": [[[101.611408, 3.064564], [101.611354, 3.064564], [101.611355, 3.06469], [101.611409, 3.064689], [101.611408, 3.064564]]]}}, {"type": "Feature", "properties": {"height": 8.0}, "geometry": {"type": "Polygon", "coordinates": [[[101.611463, 3.064563], [101.611408, 3.064564], [101.611409, 3.064689], [101.611464, 3.064689], [101.611463, 3.064563]]]}}, {"type": "Feature", "properties": {"height": 8.0}, "geometry": {"type": "Polygon", "coordinates": [[[101.611517, 3.064563], [101.611463, 3.064563], [101.611464, 3.064689], [101.611518, 3.064688], [101.611517, 3.064563]]]}}, {"type": "Feature", "properties": {"height": 8.0}, "geometry": {"type": "Polygon", "coordinates": [[[101.611571, 3.064562], [101.611517, 3.064563], [101.611518, 3.064688], [101.611572, 3.064688], [101.611571, 3.064562]]]}}, {"type": "Feature", "properties": {"height": 8.0}, "geometry": {"type": "Polygon", "coordinates": [[[101.611398, 3.064525], [101.611452, 3.064525], [101.611452, 3.064403], [101.611397, 3.064403], [101.611398, 3.064525]]]}}, {"type": "Feature", "properties": {"height": 8.0}, "geometry": {"type": "Polygon", "coordinates": [[[101.611344, 3.064525], [101.611398, 3.064525], [101.611397, 3.064403], [101.611343, 3.064404], [101.611344, 3.064525]]]}}, {"type": "Feature", "properties": {"height": 8.0}, "geometry": {"type": "Polygon", "coordinates": [[[101.611289, 3.064525], [101.611344, 3.064525], [101.611343, 3.064404], [101.611289, 3.064404], [101.611289, 3.064525]]]}}, {"type": "Feature", "properties": {"height": 8.0}, "geometry": {"type": "Polygon", "coordinates": [[[101.611235, 3.064526], [101.611289, 3.064525], [101.611289, 3.064404], [101.611234, 3.064404], [101.611235, 3.064526]]]}}, {"type": "Feature", "properties": {"height": 8.0}, "geometry": {"type": "Polygon", "coordinates": [[[101.61118, 3.064526], [101.611235, 3.064526], [101.611234, 3.064404], [101.61118, 3.064404], [101.61118, 3.064526]]]}}, {"type": "Feature", "properties": {"height": 8.0}, "geometry": {"type": "Polygon", "coordinates": [[[101.611126, 3.064526], [101.61118, 3.064526], [101.61118, 3.064404], [101.611126, 3.064404], [101.611126, 3.064526]]]}}, {"type": "Feature", "properties": {"height": 8.0}, "geometry": {"type": "Polygon", "coordinates": [[[101.611072, 3.064526], [101.611126, 3.064526], [101.611126, 3.064404], [101.611071, 3.064404], [101.611072, 3.064526]]]}}, {"type": "Feature", "properties": {"height": 8.0}, "geometry": {"type": "Polygon", "coordinates": [[[101.611171, 3.064191], [101.611226, 3.06419], [101.611224, 3.064065], [101.61117, 3.064066], [101.611171, 3.064191]]]}}, {"type": "Feature", "properties": {"height": 8.0}, "geometry": {"type": "Polygon", "coordinates": [[[101.611117, 3.064192], [101.611171, 3.064191], [101.61117, 3.064066], [101.611115, 3.064067], [101.611117, 3.064192]]]}}, {"type": "Feature", "properties": {"height": 8.0}, "geometry": {"type": "Polygon", "coordinates": [[[101.611063, 3.064192], [101.611117, 3.064192], [101.611115, 3.064067], [101.611061, 3.064068], [101.611063, 3.064192]]]}}, {"type": "Feature", "properties": {"height": 8.0}, "geometry": {"type": "Polygon", "coordinates": [[[101.611008, 3.064193], [101.611063, 3.064192], [101.611061, 3.064068], [101.611007, 3.064068], [101.611008, 3.064193]]]}}, {"type": "Feature", "properties": {"height": 8.0}, "geometry": {"type": "Polygon", "coordinates": [[[101.610954, 3.064194], [101.611008, 3.064193], [101.611007, 3.064068], [101.610952, 3.064069], [101.610954, 3.064194]]]}}, {"type": "Feature", "properties": {"height": 8.0}, "geometry": {"type": "Polygon", "coordinates": [[[101.610833, 3.063425], [101.610893, 3.063496], [101.611012, 3.063396], [101.610952, 3.063325], [101.610833, 3.063425]]]}}, {"type": "Feature", "properties": {"height": 8.0}, "geometry": {"type": "Polygon", "coordinates": [[[101.610968, 3.063591], [101.611027, 3.063663], [101.611149, 3.063563], [101.611091, 3.063492], [101.610968, 3.063591]]]}}, {"type": "Feature", "properties": {"height": 8.0}, "geometry": {"type": "Polygon", "coordinates": [[[101.611104, 3.063761], [101.611162, 3.063833], [101.611282, 3.063735], [101.611223, 3.063664], [101.611104, 3.063761]]]}}, {"type": "Feature", "properties": {"height": 8.0}, "geometry": {"type": "Polygon", "coordinates": [[[101.611236, 3.063936], [101.611295, 3.064009], [101.611421, 3.063906], [101.611361, 3.063834], [101.611236, 3.063936]]]}}, {"type": "Feature", "properties": {"height": 8.0}, "geometry": {"type": "Polygon", "coordinates": [[[101.611375, 3.064104], [101.611436, 3.064177], [101.611557, 3.064078], [101.611497, 3.064004], [101.611375, 3.064104]]]}}, {"type": "Feature", "properties": {"height": 8.0}, "geometry": {"type": "Polygon", "coordinates": [[[101.611514, 3.064278], [101.611575, 3.064353], [101.611695, 3.064255], [101.611634, 3.06418], [101.611514, 3.064278]]]}}, {"type": "Feature", "properties": {"height": 8.0}, "geometry": {"type": "Polygon", "coordinates": [[[101.611648, 3.06445], [101.611707, 3.064522], [101.61183, 3.064422], [101.61177, 3.06435], [101.611648, 3.06445]]]}}, {"type": "Feature", "properties": {"height": 8.0}, "geometry": {"type": "Polygon", "coordinates": [[[101.611797, 3.064626], [101.611859, 3.064701], [101.61196, 3.064619], [101.611898, 3.064543], [101.611797, 3.064626]]]}}, {"type": "Feature", "properties": {"height": 8.0}, "geometry": {"type": "Polygon", "coordinates": [[[101.611923, 3.064795], [101.611983, 3.064869], [101.6121, 3.064774], [101.61204, 3.0647], [101.611923, 3.064795]]]}}, {"type": "Feature", "properties": {"height": 8.0}, "geometry": {"type": "Polygon", "coordinates": [[[101.611681, 3.06358], [101.611782, 3.063581], [101.611784, 3.063435], [101.611682, 3.063434], [101.611681, 3.06358]]]}}, {"type": "Feature", "properties": {"height": 8.0}, "geometry": {"type": "Polygon", "coordinates": [[[101.611918, 3.063566], [101.611917, 3.063419], [101.611803, 3.06342], [101.611804, 3.063567], [101.611918, 3.063566]]]}}, {"type": "Feature", "properties": {"height": 8.0}, "geometry": {"type": "Polygon", "coordinates": [[[101.612052, 3.063567], [101.612051, 3.063422], [101.611942, 3.063422], [101.611943, 3.063568], [101.612052, 3.063567]]]}}, {"type": "Feature", "properties": {"height": 8.0}, "geometry": {"type": "Polygon", "coordinates": [[[101.611187, 3.063086], [101.611253, 3.063233], [101.611173, 3.063293], [101.611093, 3.063171], [101.611187, 3.063086]]]}}, {"type": "Feature", "properties": {"height": 8.0}, "geometry": {"type": "Polygon", "coordinates": [[[101.611492, 3.063057], [101.611489, 3.063223], [101.611391, 3.063221], [101.611395, 3.063055], [101.611492, 3.063057]]]}}, {"type": "Feature", "properties": {"height": 8.0}, "geometry": {"type": "Polygon", "coordinates": [[[101.611711, 3.063036], [101.611707, 3.063208], [101.611614, 3.063206], [101.611617, 3.063035], [101.611711, 3.063036]]]}}, {"type": "Feature", "properties": {"height": 8.0}, "geometry": {"type": "Polygon", "coordinates": [[[101.611927, 3.063018], [101.611928, 3.063187], [101.611831, 3.063188], [101.61183, 3.063019], [101.611927, 3.063018]]]}}, {"type": "Feature", "properties": {"height": 8.0}, "geometry": {"type": "Polygon", "coordinates": [[[101.613244, 3.06308], [101.613237, 3.062918], [101.613325, 3.062914], [101.613333, 3.063076], [101.613244, 3.06308]]]}}, {"type": "Feature", "properties": {"height": 8.0}, "geometry": {"type": "Polygon", "coordinates": [[[101.613016, 3.062946], [101.613105, 3.062945], [101.613108, 3.063106], [101.613019, 3.063108], [101.613016, 3.062946]]]}}, {"type": "Feature", "properties": {"height": 8.0}, "geometry": {"type": "Polygon", "coordinates": [[[101.612791, 3.062951], [101.612703, 3.062954], [101.612708, 3.063119], [101.612796, 3.063116], [101.612791, 3.062951]]]}}, {"type": "Feature", "properties": {"height": 8.0}, "geometry": {"type": "Polygon", "coordinates": [[[101.612361, 3.062994], [101.612455, 3.062993], [101.612458, 3.06315], [101.612364, 3.063152], [101.612361, 3.062994]]]}}, {"type": "Feature", "properties": {"height": 8.0}, "geometry": {"type": "Polygon", "coordinates": [[[101.60797, 3.064238], [101.608385, 3.064218], [101.608375, 3.064001], [101.607959, 3.064022], [101.60797, 3.064238]]]}}, {"type": "Feature", "properties": {"height": 8.0}, "geometry": {"type": "Polygon", "coordinates": [[[101.608432, 3.064212], [101.608859, 3.064201], [101.608853, 3.063996], [101.608426, 3.064008], [101.608432, 3.064212]]]}}, {"type": "Feature", "properties": {"height": 8.0}, "geometry": {"type": "Polygon", "coordinates": [[[101.608449, 3.063803], [101.608879, 3.063785], [101.608871, 3.063579], [101.608441, 3.063596], [101.608449, 3.063803]]]}}, {"type": "Feature", "properties": {"height": 8.0}, "geometry": {"type": "Polygon", "coordinates": [[[101.608105, 3.063814], [101.608406, 3.063803], [101.608398, 3.063597], [101.608097, 3.063609], [101.608105, 3.063814]]]}}, {"type": "Feature", "properties": {"height": 8.0}, "geometry": {"type": "Polygon", "coordinates": [[[101.606685, 3.063007], [101.606915, 3.063045], [101.606941, 3.06289], [101.606711, 3.062852], [101.606685, 3.063007]]]}}, {"type": "Feature", "properties": {"height": 8.0}, "geometry": {"type": "Polygon", "coordinates": [[[101.607172, 3.063012], [101.607207, 3.062854], [101.607011, 3.062811], [101.606976, 3.062969], [101.607172, 3.063012]]]}}, {"type": "Feature", "properties": {"height": 8.0}, "geometry": {"type": "Polygon", "coordinates": [[[101.607372, 3.062965], [101.607597, 3.06301], [101.607626, 3.062867], [101.607401, 3.062821], [101.607372, 3.062965]]]}}, {"type": "Feature", "properties": {"height": 8.0}, "geometry": {"type": "Polygon", "coordinates": [[[101.607084, 3.063746], [101.607302, 3.063843], [101.607365, 3.063702], [101.607148, 3.063604], [101.607084, 3.063746]]]}}, {"type": "Feature", "properties": {"height": 8.0}, "geometry": {"type": "Polygon", "coordinates": [[[101.606955, 3.063973], [101.607151, 3.064087], [101.607225, 3.06396], [101.607028, 3.063847], [101.606955, 3.063973]]]}}, {"type": "Feature", "properties": {"height": 12.0}, "geometry": {"type": "Polygon", "coordinates": [[[101.602611, 3.065689], [101.602611, 3.065828], [101.602831, 3.065828], [101.602831, 3.06569], [101.602611, 3.065689]]]}}, {"type": "Feature", "properties": {"height": 15.0}, "geometry": {"type": "Polygon", "coordinates": [[[101.602098, 3.066034], [101.602097, 3.065966], [101.601875, 3.065967], [101.601875, 3.066036], [101.602098, 3.066034]]]}}, {"type": "Feature", "properties": {"height": 15.0}, "geometry": {"type": "Polygon", "coordinates": [[[101.600617, 3.069752], [101.600699, 3.06975], [101.600703, 3.069963], [101.600622, 3.069965], [101.600617, 3.069752]]]}}, {"type": "Feature", "properties": {"height": 15.0}, "geometry": {"type": "Polygon", "coordinates": [[[101.600969, 3.069418], [101.60105, 3.069417], [101.601053, 3.069631], [101.600972, 3.069632], [101.600969, 3.069418]]]}}, {"type": "Feature", "properties": {"height": 15.0}, "geometry": {"type": "Polygon", "coordinates": [[[101.601462, 3.069736], [101.601543, 3.069735], [101.601547, 3.069946], [101.601465, 3.069948], [101.601462, 3.069736]]]}}, {"type": "Feature", "properties": {"height": 12.0}, "geometry": {"type": "Polygon", "coordinates": [[[101.602935, 3.066374], [101.602934, 3.066305], [101.603156, 3.066304], [101.603157, 3.066372], [101.602935, 3.066374]]]}}, {"type": "Feature", "properties": {"height": 15.0}, "geometry": {"type": "Polygon", "coordinates": [[[101.602615, 3.067584], [101.602615, 3.067515], [101.602832, 3.067516], [101.602832, 3.067585], [101.602615, 3.067584]]]}}, {"type": "Feature", "properties": {"height": 15.0}, "geometry": {"type": "Polygon", "coordinates": [[[101.602185, 3.06699], [101.602254, 3.066989], [101.602259, 3.067206], [101.60219, 3.067208], [101.602185, 3.06699]]]}}, {"type": "Feature", "properties": {"height": 12.0}, "geometry": {"type": "Polygon", "coordinates": [[[101.602936, 3.066716], [101.602936, 3.066648], [101.603158, 3.066646], [101.603158, 3.066715], [101.602936, 3.066716]]]}}, {"type": "Feature", "properties": {"height": 15.0}, "geometry": {"type": "Polygon", "coordinates": [[[101.602612, 3.068446], [101.602612, 3.068514], [101.602825, 3.068514], [101.602825, 3.068446], [101.602612, 3.068446]]]}}, {"type": "Feature", "properties": {"height": 15.0}, "geometry": {"type": "Polygon", "coordinates": [[[101.602934, 3.068174], [101.602935, 3.068106], [101.603152, 3.068108], [101.603152, 3.068176], [101.602934, 3.068174]]]}}, {"type": "Feature", "properties": {"height": 15.0}, "geometry": {"type": "Polygon", "coordinates": [[[101.600893, 3.069746], [101.600974, 3.069745], [101.600977, 3.069956], [101.600896, 3.069958], [101.600893, 3.069746]]]}}, {"type": "Feature", "properties": {"height": 15.0}, "geometry": {"type": "Polygon", "coordinates": [[[101.601267, 3.067745], [101.601199, 3.067746], [101.601201, 3.067965], [101.601269, 3.067964], [101.601267, 3.067745]]]}}, {"type": "Feature", "properties": {"height": 15.0}, "geometry": {"type": "Polygon", "coordinates": [[[101.601162, 3.067014], [101.60123, 3.067013], [101.601236, 3.06723], [101.601167, 3.067232], [101.601162, 3.067014]]]}}, {"type": "Feature", "properties": {"height": 15.0}, "geometry": {"type": "Polygon", "coordinates": [[[101.60293, 3.068516], [101.602931, 3.068447], [101.603149, 3.068449], [101.603148, 3.068518], [101.60293, 3.068516]]]}}, {"type": "Feature", "properties": {"height": 12.0}, "geometry": {"type": "Polygon", "coordinates": [[[101.602831, 3.066646], [101.602831, 3.066578], [101.602611, 3.066578], [101.602611, 3.066646], [101.602831, 3.066646]]]}}, {"type": "Feature", "properties": {"height": 15.0}, "geometry": {"type": "Polygon", "coordinates": [[[101.602199, 3.067943], [101.602267, 3.067941], [101.602263, 3.067724], [101.602195, 3.067726], [101.602199, 3.067943]]]}}, {"type": "Feature", "properties": {"height": 15.0}, "geometry": {"type": "Polygon", "coordinates": [[[101.602201, 3.067539], [101.602132, 3.06754], [101.602128, 3.067327], [101.602197, 3.067326], [101.602201, 3.067539]]]}}, {"type": "Feature", "properties": {"height": 15.0}, "geometry": {"type": "Polygon", "coordinates": [[[101.600041, 3.069433], [101.599959, 3.069434], [101.599962, 3.069653], [101.600044, 3.069651], [101.600041, 3.069433]]]}}, {"type": "Feature", "properties": {"height": 15.0}, "geometry": {"type": "Polygon", "coordinates": [[[101.60172, 3.067951], [101.601789, 3.06795], [101.601785, 3.067733], [101.601716, 3.067734], [101.60172, 3.067951]]]}}, {"type": "Feature", "properties": {"height": 12.0}, "geometry": {"type": "Polygon", "coordinates": [[[101.602941, 3.067724], [101.602941, 3.067656], [101.603156, 3.067656], [101.603156, 3.067724], [101.602941, 3.067724]]]}}, {"type": "Feature", "properties": {"height": 15.0}, "geometry": {"type": "Polygon", "coordinates": [[[101.601131, 3.069416], [101.601213, 3.069415], [101.601216, 3.069629], [101.601135, 3.06963], [101.601131, 3.069416]]]}}, {"type": "Feature", "properties": {"height": 15.0}, "geometry": {"type": "Polygon", "coordinates": [[[101.602101, 3.066513], [101.602101, 3.066444], [101.601878, 3.066446], [101.601878, 3.066514], [101.602101, 3.066513]]]}}, {"type": "Feature", "properties": {"height": 15.0}, "geometry": {"type": "Polygon", "coordinates": [[[101.602269, 3.067538], [101.602201, 3.067539], [101.602197, 3.067326], [101.602265, 3.067324], [101.602269, 3.067538]]]}}, {"type": "Feature", "properties": {"height": 15.0}, "geometry": {"type": "Polygon", "coordinates": [[[101.602433, 3.065834], [101.602432, 3.065902], [101.602211, 3.0659], [101.602211, 3.065832], [101.602433, 3.065834]]]}}, {"type": "Feature", "properties": {"height": 12.0}, "geometry": {"type": "Polygon", "coordinates": [[[101.602935, 3.066442], [101.602935, 3.066374], [101.603157, 3.066372], [101.603157, 3.066441], [101.602935, 3.066442]]]}}, {"type": "Feature", "properties": {"height": 15.0}, "geometry": {"type": "Polygon", "coordinates": [[[101.602615, 3.067378], [101.602615, 3.067309], [101.602833, 3.06731], [101.602833, 3.067379], [101.602615, 3.067378]]]}}, {"type": "Feature", "properties": {"height": 15.0}, "geometry": {"type": "Polygon", "coordinates": [[[101.602933, 3.068242], [101.602934, 3.068174], [101.603152, 3.068176], [101.603151, 3.068244], [101.602933, 3.068242]]]}}, {"type": "Feature", "properties": {"height": 15.0}, "geometry": {"type": "Polygon", "coordinates": [[[101.601094, 3.067016], [101.601162, 3.067014], [101.601167, 3.067232], [101.601099, 3.067234], [101.601094, 3.067016]]]}}, {"type": "Feature", "properties": {"height": 12.0}, "geometry": {"type": "Polygon", "coordinates": [[[101.602831, 3.066442], [101.602831, 3.066373], [101.602611, 3.066373], [101.602611, 3.066441], [101.602831, 3.066442]]]}}, {"type": "Feature", "properties": {"height": 15.0}, "geometry": {"type": "Polygon", "coordinates": [[[101.601888, 3.069367], [101.601888, 3.069298], [101.602103, 3.069298], [101.602103, 3.069367], [101.601888, 3.069367]]]}}, {"type": "Feature", "properties": {"height": 15.0}, "geometry": {"type": "Polygon", "coordinates": [[[101.600612, 3.069425], [101.60053, 3.069427], [101.600533, 3.069645], [101.600615, 3.069644], [101.600612, 3.069425]]]}}, {"type": "Feature", "properties": {"height": 15.0}, "geometry": {"type": "Polygon", "coordinates": [[[101.601722, 3.067548], [101.601654, 3.067549], [101.60165, 3.067335], [101.601718, 3.067334], [101.601722, 3.067548]]]}}, {"type": "Feature", "properties": {"height": 12.0}, "geometry": {"type": "Polygon", "coordinates": [[[101.602942, 3.067452], [101.602942, 3.067385], [101.603156, 3.067385], [101.603156, 3.067453], [101.602942, 3.067452]]]}}, {"type": "Feature", "properties": {"height": 15.0}, "geometry": {"type": "Polygon", "coordinates": [[[101.602099, 3.066239], [101.602099, 3.066171], [101.601876, 3.066172], [101.601876, 3.066241], [101.602099, 3.066239]]]}}, {"type": "Feature", "properties": {"height": 15.0}, "geometry": {"type": "Polygon", "coordinates": [[[101.601376, 3.069412], [101.601457, 3.069411], [101.60146, 3.069625], [101.601379, 3.069626], [101.601376, 3.069412]]]}}, {"type": "Feature", "properties": {"height": 15.0}, "geometry": {"type": "Polygon", "coordinates": [[[101.601455, 3.068068], [101.601523, 3.068067], [101.601526, 3.068284], [101.601458, 3.068285], [101.601455, 3.068068]]]}}, {"type": "Feature", "properties": {"height": 15.0}, "geometry": {"type": "Polygon", "coordinates": [[[101.602102, 3.066581], [101.602101, 3.066513], [101.601878, 3.066514], [101.601879, 3.066583], [101.602102, 3.066581]]]}}, {"type": "Feature", "properties": {"height": 15.0}, "geometry": {"type": "Polygon", "coordinates": [[[101.599964, 3.069765], [101.600045, 3.069764], [101.60005, 3.069976], [101.599968, 3.069978], [101.599964, 3.069765]]]}}, {"type": "Feature", "properties": {"height": 15.0}, "geometry": {"type": "Polygon", "coordinates": [[[101.602432, 3.06597], [101.602431, 3.066038], [101.60221, 3.066037], [101.60221, 3.065969], [101.602432, 3.06597]]]}}, {"type": "Feature", "properties": {"height": 15.0}, "geometry": {"type": "Polygon", "coordinates": [[[101.602212, 3.069714], [101.602211, 3.069646], [101.602429, 3.069643], [101.602429, 3.069712], [101.602212, 3.069714]]]}}, {"type": "Feature", "properties": {"height": 15.0}, "geometry": {"type": "Polygon", "coordinates": [[[101.602616, 3.067241], [101.602616, 3.067172], [101.602833, 3.067173], [101.602833, 3.067241], [101.602616, 3.067241]]]}}, {"type": "Feature", "properties": {"height": 15.0}, "geometry": {"type": "Polygon", "coordinates": [[[101.602433, 3.065765], [101.602433, 3.065834], [101.602211, 3.065832], [101.602212, 3.065764], [101.602433, 3.065765]]]}}, {"type": "Feature", "properties": {"height": 12.0}, "geometry": {"type": "Polygon", "coordinates": [[[101.602934, 3.066237], [101.602934, 3.066168], [101.603156, 3.066167], [101.603156, 3.066236], [101.602934, 3.066237]]]}}, {"type": "Feature", "properties": {"height": 15.0}, "geometry": {"type": "Polygon", "coordinates": [[[101.600652, 3.067751], [101.600584, 3.067752], [101.600586, 3.067971], [101.600654, 3.067971], [101.600652, 3.067751]]]}}, {"type": "Feature", "properties": {"height": 15.0}, "geometry": {"type": "Polygon", "coordinates": [[[101.602615, 3.067447], [101.602615, 3.067378], [101.602833, 3.067379], [101.602833, 3.067447], [101.602615, 3.067447]]]}}, {"type": "Feature", "properties": {"height": 15.0}, "geometry": {"type": "Polygon", "coordinates": [[[101.601776, 3.067], [101.601844, 3.066998], [101.601849, 3.067216], [101.601781, 3.067218], [101.601776, 3.067]]]}}, {"type": "Feature", "properties": {"height": 12.0}, "geometry": {"type": "Polygon", "coordinates": [[[101.602831, 3.066305], [101.602831, 3.066237], [101.602611, 3.066237], [101.602611, 3.066305], [101.602831, 3.066305]]]}}, {"type": "Feature", "properties": {"height": 15.0}, "geometry": {"type": "Polygon", "coordinates": [[[101.60113, 3.067746], [101.601062, 3.067747], [101.601064, 3.067966], [101.601133, 3.067966], [101.60113, 3.067746]]]}}, {"type": "Feature", "properties": {"height": 15.0}, "geometry": {"type": "Polygon", "coordinates": [[[101.600286, 3.06943], [101.600204, 3.069431], [101.600207, 3.069649], [101.600288, 3.069648], [101.600286, 3.06943]]]}}, {"type": "Feature", "properties": {"height": 15.0}, "geometry": {"type": "Polygon", "coordinates": [[[101.601299, 3.067011], [101.601367, 3.06701], [101.601372, 3.067227], [101.601304, 3.067229], [101.601299, 3.067011]]]}}, {"type": "Feature", "properties": {"height": 15.0}, "geometry": {"type": "Polygon", "coordinates": [[[101.601449, 3.067553], [101.601381, 3.067554], [101.601377, 3.06734], [101.601445, 3.067339], [101.601449, 3.067553]]]}}, {"type": "Feature", "properties": {"height": 12.0}, "geometry": {"type": "Polygon", "coordinates": [[[101.602831, 3.06651], [101.602831, 3.066442], [101.602611, 3.066441], [101.602611, 3.06651], [101.602831, 3.06651]]]}}, {"type": "Feature", "properties": {"height": 15.0}, "geometry": {"type": "Polygon", "coordinates": [[[101.600728, 3.068297], [101.60066, 3.068297], [101.600658, 3.068077], [101.600727, 3.068077], [101.600728, 3.068297]]]}}, {"type": "Feature", "properties": {"height": 12.0}, "geometry": {"type": "Polygon", "coordinates": [[[101.602942, 3.067249], [101.602942, 3.067181], [101.603156, 3.067181], [101.603156, 3.067249], [101.602942, 3.067249]]]}}, {"type": "Feature", "properties": {"height": 15.0}, "geometry": {"type": "Polygon", "coordinates": [[[101.6021, 3.066308], [101.602099, 3.066239], [101.601876, 3.066241], [101.601877, 3.066309], [101.6021, 3.066308]]]}}, {"type": "Feature", "properties": {"height": 15.0}, "geometry": {"type": "Polygon", "coordinates": [[[101.60029, 3.069758], [101.600372, 3.069757], [101.600376, 3.06997], [101.600295, 3.069971], [101.60029, 3.069758]]]}}, {"type": "Feature", "properties": {"height": 15.0}, "geometry": {"type": "Polygon", "coordinates": [[[101.601207, 3.068293], [101.601138, 3.068293], [101.601137, 3.068074], [101.601205, 3.068073], [101.601207, 3.068293]]]}}, {"type": "Feature", "properties": {"height": 15.0}, "geometry": {"type": "Polygon", "coordinates": [[[101.602428, 3.066448], [101.602428, 3.066517], [101.602207, 3.066515], [101.602207, 3.066447], [101.602428, 3.066448]]]}}, {"type": "Feature", "properties": {"height": 15.0}, "geometry": {"type": "Polygon", "coordinates": [[[101.602612, 3.068038], [101.602612, 3.068106], [101.602825, 3.068106], [101.602825, 3.068038], [101.602612, 3.068038]]]}}, {"type": "Feature", "properties": {"height": 15.0}, "geometry": {"type": "Polygon", "coordinates": [[[101.60221, 3.069509], [101.602209, 3.069441], [101.602426, 3.069439], [101.602427, 3.069507], [101.60221, 3.069509]]]}}, {"type": "Feature", "properties": {"height": 15.0}, "geometry": {"type": "Polygon", "coordinates": [[[101.60207, 3.068059], [101.602139, 3.068058], [101.602142, 3.068275], [101.602073, 3.068276], [101.60207, 3.068059]]]}}, {"type": "Feature", "properties": {"height": 15.0}, "geometry": {"type": "Polygon", "coordinates": [[[101.601335, 3.067744], [101.601267, 3.067745], [101.601269, 3.067964], [101.601338, 3.067963], [101.601335, 3.067744]]]}}, {"type": "Feature", "properties": {"height": 15.0}, "geometry": {"type": "Polygon", "coordinates": [[[101.602612, 3.068174], [101.602612, 3.068242], [101.602825, 3.068242], [101.602825, 3.068174], [101.602612, 3.068174]]]}}, {"type": "Feature", "properties": {"height": 15.0}, "geometry": {"type": "Polygon", "coordinates": [[[101.601865, 3.068062], [101.601933, 3.068061], [101.601936, 3.068278], [101.601868, 3.068279], [101.601865, 3.068062]]]}}, {"type": "Feature", "properties": {"height": 15.0}, "geometry": {"type": "Polygon", "coordinates": [[[101.601981, 3.066995], [101.602049, 3.066994], [101.602054, 3.067211], [101.601986, 3.067213], [101.601981, 3.066995]]]}}, {"type": "Feature", "properties": {"height": 15.0}, "geometry": {"type": "Polygon", "coordinates": [[[101.601547, 3.069946], [101.601543, 3.069735], [101.601644, 3.069733], [101.601647, 3.069945], [101.601547, 3.069946]]]}}, {"type": "Feature", "properties": {"height": 15.0}, "geometry": {"type": "Polygon", "coordinates": [[[101.601889, 3.069572], [101.601888, 3.069504], [101.602103, 3.069503], [101.602103, 3.069572], [101.601889, 3.069572]]]}}, {"type": "Feature", "properties": {"height": 12.0}, "geometry": {"type": "Polygon", "coordinates": [[[101.602942, 3.067113], [101.602942, 3.067045], [101.603157, 3.067046], [101.603157, 3.067114], [101.602942, 3.067113]]]}}, {"type": "Feature", "properties": {"height": 15.0}, "geometry": {"type": "Polygon", "coordinates": [[[101.600367, 3.069429], [101.600286, 3.06943], [101.600288, 3.069648], [101.60037, 3.069647], [101.600367, 3.069429]]]}}, {"type": "Feature", "properties": {"height": 15.0}, "geometry": {"type": "Polygon", "coordinates": [[[101.601244, 3.067556], [101.601175, 3.067557], [101.601172, 3.067344], [101.60124, 3.067343], [101.601244, 3.067556]]]}}, {"type": "Feature", "properties": {"height": 15.0}, "geometry": {"type": "Polygon", "coordinates": [[[101.601889, 3.069777], [101.601889, 3.069709], [101.602103, 3.069709], [101.602103, 3.069777], [101.601889, 3.069777]]]}}, {"type": "Feature", "properties": {"height": 12.0}, "geometry": {"type": "Polygon", "coordinates": [[[101.602942, 3.067317], [101.602942, 3.067249], [101.603156, 3.067249], [101.603156, 3.067317], [101.602942, 3.067317]]]}}, {"type": "Feature", "properties": {"height": 15.0}, "geometry": {"type": "Polygon", "coordinates": [[[101.602428, 3.066585], [101.602427, 3.066653], [101.602206, 3.066652], [101.602206, 3.066584], [101.602428, 3.066585]]]}}, {"type": "Feature", "properties": {"height": 12.0}, "geometry": {"type": "Polygon", "coordinates": [[[101.602831, 3.06685], [101.602831, 3.066782], [101.60261, 3.066782], [101.60261, 3.06685], [101.602831, 3.06685]]]}}, {"type": "Feature", "properties": {"height": 15.0}, "geometry": {"type": "Polygon", "coordinates": [[[101.602098, 3.066102], [101.602098, 3.066034], [101.601875, 3.066036], [101.601876, 3.066104], [101.602098, 3.066102]]]}}, {"type": "Feature", "properties": {"height": 15.0}, "geometry": {"type": "Polygon", "coordinates": [[[101.602208, 3.069373], [101.602208, 3.069304], [101.602425, 3.069302], [101.602426, 3.06937], [101.602208, 3.069373]]]}}, {"type": "Feature", "properties": {"height": 15.0}, "geometry": {"type": "Polygon", "coordinates": [[[101.600888, 3.06942], [101.600969, 3.069418], [101.600972, 3.069632], [101.600891, 3.069634], [101.600888, 3.06942]]]}}, {"type": "Feature", "properties": {"height": 15.0}, "geometry": {"type": "Polygon", "coordinates": [[[101.602205, 3.066749], [101.602206, 3.066652], [101.602427, 3.066653], [101.602426, 3.066751], [101.602205, 3.066749]]]}}, {"type": "Feature", "properties": {"height": 15.0}, "geometry": {"type": "Polygon", "coordinates": [[[101.601381, 3.069738], [101.601462, 3.069736], [101.601465, 3.069948], [101.601384, 3.069949], [101.601381, 3.069738]]]}}, {"type": "Feature", "properties": {"height": 15.0}, "geometry": {"type": "Polygon", "coordinates": [[[101.60221, 3.069577], [101.60221, 3.069509], [101.602427, 3.069507], [101.602428, 3.069575], [101.60221, 3.069577]]]}}, {"type": "Feature", "properties": {"height": 15.0}, "geometry": {"type": "Polygon", "coordinates": [[[101.602614, 3.067652], [101.602615, 3.067584], [101.602832, 3.067585], [101.602832, 3.067653], [101.602614, 3.067652]]]}}, {"type": "Feature", "properties": {"height": 15.0}, "geometry": {"type": "Polygon", "coordinates": [[[101.602002, 3.06806], [101.60207, 3.068059], [101.602073, 3.068276], [101.602005, 3.068277], [101.602002, 3.06806]]]}}, {"type": "Feature", "properties": {"height": 15.0}, "geometry": {"type": "Polygon", "coordinates": [[[101.602117, 3.066992], [101.602185, 3.06699], [101.60219, 3.067208], [101.602122, 3.06721], [101.602117, 3.066992]]]}}, {"type": "Feature", "properties": {"height": 12.0}, "geometry": {"type": "Polygon", "coordinates": [[[101.602937, 3.066784], [101.602936, 3.066716], [101.603158, 3.066715], [101.603159, 3.066783], [101.602937, 3.066784]]]}}, {"type": "Feature", "properties": {"height": 15.0}, "geometry": {"type": "Polygon", "coordinates": [[[101.602612, 3.06865], [101.602611, 3.068718], [101.602825, 3.068718], [101.602825, 3.06865], [101.602612, 3.06865]]]}}, {"type": "Feature", "properties": {"height": 15.0}, "geometry": {"type": "Polygon", "coordinates": [[[101.601136, 3.069742], [101.601218, 3.069741], [101.601221, 3.069952], [101.60114, 3.069953], [101.601136, 3.069742]]]}}, {"type": "Feature", "properties": {"height": 15.0}, "geometry": {"type": "Polygon", "coordinates": [[[101.602614, 3.067858], [101.602614, 3.06779], [101.602831, 3.06779], [101.602831, 3.067859], [101.602614, 3.067858]]]}}, {"type": "Feature", "properties": {"height": 15.0}, "geometry": {"type": "Polygon", "coordinates": [[[101.601343, 3.068292], [101.601275, 3.068292], [101.601273, 3.068073], [101.601342, 3.068072], [101.601343, 3.068292]]]}}, {"type": "Feature", "properties": {"height": 15.0}, "geometry": {"type": "Polygon", "coordinates": [[[101.601912, 3.066997], [101.601981, 3.066995], [101.601986, 3.067213], [101.601918, 3.067214], [101.601912, 3.066997]]]}}, {"type": "Feature", "properties": {"height": 15.0}, "geometry": {"type": "Polygon", "coordinates": [[[101.60293, 3.068584], [101.60293, 3.068516], [101.603148, 3.068518], [101.603148, 3.068586], [101.60293, 3.068584]]]}}, {"type": "Feature", "properties": {"height": 12.0}, "geometry": {"type": "Polygon", "coordinates": [[[101.602831, 3.066714], [101.602831, 3.066646], [101.602611, 3.066646], [101.60261, 3.066714], [101.602831, 3.066714]]]}}, {"type": "Feature", "properties": {"height": 15.0}, "geometry": {"type": "Polygon", "coordinates": [[[101.602131, 3.067944], [101.602199, 3.067943], [101.602195, 3.067726], [101.602127, 3.067727], [101.602131, 3.067944]]]}}, {"type": "Feature", "properties": {"height": 15.0}, "geometry": {"type": "Polygon", "coordinates": [[[101.601889, 3.069641], [101.601889, 3.069572], [101.602103, 3.069572], [101.602103, 3.06964], [101.601889, 3.069641]]]}}, {"type": "Feature", "properties": {"height": 15.0}, "geometry": {"type": "Polygon", "coordinates": [[[101.600806, 3.069421], [101.600888, 3.06942], [101.600891, 3.069634], [101.600809, 3.069635], [101.600806, 3.069421]]]}}, {"type": "Feature", "properties": {"height": 15.0}, "geometry": {"type": "Polygon", "coordinates": [[[101.601996, 3.067543], [101.601927, 3.067544], [101.601923, 3.067331], [101.601992, 3.067329], [101.601996, 3.067543]]]}}, {"type": "Feature", "properties": {"height": 15.0}, "geometry": {"type": "Polygon", "coordinates": [[[101.600122, 3.069432], [101.600041, 3.069433], [101.600044, 3.069651], [101.600125, 3.06965], [101.600122, 3.069432]]]}}, {"type": "Feature", "properties": {"height": 15.0}, "geometry": {"type": "Polygon", "coordinates": [[[101.601312, 3.067555], [101.601244, 3.067556], [101.60124, 3.067343], [101.601308, 3.067341], [101.601312, 3.067555]]]}}, {"type": "Feature", "properties": {"height": 15.0}, "geometry": {"type": "Polygon", "coordinates": [[[101.601925, 3.067947], [101.601994, 3.067946], [101.60199, 3.067729], [101.601922, 3.067731], [101.601925, 3.067947]]]}}, {"type": "Feature", "properties": {"height": 12.0}, "geometry": {"type": "Polygon", "coordinates": [[[101.602941, 3.067791], [101.602941, 3.067724], [101.603156, 3.067724], [101.603156, 3.067792], [101.602941, 3.067791]]]}}, {"type": "Feature", "properties": {"height": 15.0}, "geometry": {"type": "Polygon", "coordinates": [[[101.60105, 3.069417], [101.601131, 3.069416], [101.601135, 3.06963], [101.601053, 3.069631], [101.60105, 3.069417]]]}}, {"type": "Feature", "properties": {"height": 15.0}, "geometry": {"type": "Polygon", "coordinates": [[[101.600592, 3.068298], [101.600523, 3.068298], [101.600521, 3.068078], [101.60059, 3.068078], [101.600592, 3.068298]]]}}, {"type": "Feature", "properties": {"height": 15.0}, "geometry": {"type": "Polygon", "coordinates": [[[101.601299, 3.069739], [101.601381, 3.069738], [101.601384, 3.069949], [101.601303, 3.069951], [101.601299, 3.069739]]]}}, {"type": "Feature", "properties": {"height": 12.0}, "geometry": {"type": "Polygon", "coordinates": [[[101.602935, 3.066511], [101.602935, 3.066442], [101.603157, 3.066441], [101.603157, 3.066509], [101.602935, 3.066511]]]}}, {"type": "Feature", "properties": {"height": 15.0}, "geometry": {"type": "Polygon", "coordinates": [[[101.602614, 3.067721], [101.602614, 3.067652], [101.602832, 3.067653], [101.602832, 3.067722], [101.602614, 3.067721]]]}}, {"type": "Feature", "properties": {"height": 15.0}, "geometry": {"type": "Polygon", "coordinates": [[[101.602207, 3.068057], [101.602276, 3.068056], [101.602279, 3.068273], [101.60221, 3.068274], [101.602207, 3.068057]]]}}, {"type": "Feature", "properties": {"height": 15.0}, "geometry": {"type": "Polygon", "coordinates": [[[101.602933, 3.06831], [101.602933, 3.068242], [101.603151, 3.068244], [101.60315, 3.068313], [101.602933, 3.06831]]]}}, {"type": "Feature", "properties": {"height": 12.0}, "geometry": {"type": "Polygon", "coordinates": [[[101.602831, 3.066782], [101.602831, 3.066714], [101.60261, 3.066714], [101.60261, 3.066782], [101.602831, 3.066782]]]}}, {"type": "Feature", "properties": {"height": 15.0}, "geometry": {"type": "Polygon", "coordinates": [[[101.602062, 3.067945], [101.602131, 3.067944], [101.602127, 3.067727], [101.602058, 3.067728], [101.602062, 3.067945]]]}}, {"type": "Feature", "properties": {"height": 15.0}, "geometry": {"type": "Polygon", "coordinates": [[[101.601888, 3.069435], [101.601888, 3.069367], [101.602103, 3.069367], [101.602103, 3.069435], [101.601888, 3.069435]]]}}, {"type": "Feature", "properties": {"height": 15.0}, "geometry": {"type": "Polygon", "coordinates": [[[101.601791, 3.067547], [101.601722, 3.067548], [101.601718, 3.067334], [101.601787, 3.067333], [101.601791, 3.067547]]]}}, {"type": "Feature", "properties": {"height": 12.0}, "geometry": {"type": "Polygon", "coordinates": [[[101.602941, 3.06752], [101.602942, 3.067452], [101.603156, 3.067453], [101.603156, 3.06752], [101.602941, 3.06752]]]}}, {"type": "Feature", "properties": {"height": 12.0}, "geometry": {"type": "Polygon", "coordinates": [[[101.602941, 3.067859], [101.602941, 3.067791], [101.603156, 3.067792], [101.603156, 3.067859], [101.602941, 3.067859]]]}}, {"type": "Feature", "properties": {"height": 15.0}, "geometry": {"type": "Polygon", "coordinates": [[[101.600693, 3.069424], [101.600612, 3.069425], [101.600615, 3.069644], [101.600696, 3.069643], [101.600693, 3.069424]]]}}, {"type": "Feature", "properties": {"height": 15.0}, "geometry": {"type": "Polygon", "coordinates": [[[101.600209, 3.06976], [101.60029, 3.069758], [101.600295, 3.069971], [101.600213, 3.069973], [101.600209, 3.06976]]]}}, {"type": "Feature", "properties": {"height": 15.0}, "geometry": {"type": "Polygon", "coordinates": [[[101.60243, 3.066175], [101.60243, 3.066243], [101.602209, 3.066242], [101.602209, 3.066174], [101.60243, 3.066175]]]}}, {"type": "Feature", "properties": {"height": 15.0}, "geometry": {"type": "Polygon", "coordinates": [[[101.602213, 3.069782], [101.602212, 3.069714], [101.602429, 3.069712], [101.60243, 3.06978], [101.602213, 3.069782]]]}}, {"type": "Feature", "properties": {"height": 15.0}, "geometry": {"type": "Polygon", "coordinates": [[[101.602616, 3.067035], [101.602616, 3.066966], [101.602834, 3.066967], [101.602834, 3.067035], [101.602616, 3.067035]]]}}, {"type": "Feature", "properties": {"height": 12.0}, "geometry": {"type": "Polygon", "coordinates": [[[101.602933, 3.066031], [101.602933, 3.065963], [101.603155, 3.065962], [101.603155, 3.06603], [101.602933, 3.066031]]]}}, {"type": "Feature", "properties": {"height": 15.0}, "geometry": {"type": "Polygon", "coordinates": [[[101.60072, 3.067751], [101.600652, 3.067751], [101.600654, 3.067971], [101.600723, 3.06797], [101.60072, 3.067751]]]}}, {"type": "Feature", "properties": {"height": 15.0}, "geometry": {"type": "Polygon", "coordinates": [[[101.602353, 3.067204], [101.602259, 3.067206], [101.602254, 3.066989], [101.602348, 3.066987], [101.602353, 3.067204]]]}}, {"type": "Feature", "properties": {"height": 15.0}, "geometry": {"type": "Polygon", "coordinates": [[[101.602615, 3.067515], [101.602615, 3.067447], [101.602833, 3.067447], [101.602832, 3.067516], [101.602615, 3.067515]]]}}, {"type": "Feature", "properties": {"height": 15.0}, "geometry": {"type": "Polygon", "coordinates": [[[101.601591, 3.068066], [101.60166, 3.068065], [101.601663, 3.068282], [101.601594, 3.068283], [101.601591, 3.068066]]]}}, {"type": "Feature", "properties": {"height": 15.0}, "geometry": {"type": "Polygon", "coordinates": [[[101.601708, 3.067002], [101.601776, 3.067], [101.601781, 3.067218], [101.601713, 3.067219], [101.601708, 3.067002]]]}}, {"type": "Feature", "properties": {"height": 12.0}, "geometry": {"type": "Polygon", "coordinates": [[[101.602831, 3.066101], [101.602831, 3.066033], [101.602611, 3.066033], [101.602611, 3.066101], [101.602831, 3.066101]]]}}, {"type": "Feature", "properties": {"height": 15.0}, "geometry": {"type": "Polygon", "coordinates": [[[101.600925, 3.067749], [101.600857, 3.067749], [101.600859, 3.067968], [101.600928, 3.067968], [101.600925, 3.067749]]]}}, {"type": "Feature", "properties": {"height": 15.0}, "geometry": {"type": "Polygon", "coordinates": [[[101.601503, 3.067006], [101.601572, 3.067005], [101.601577, 3.067222], [101.601508, 3.067224], [101.601503, 3.067006]]]}}, {"type": "Feature", "properties": {"height": 15.0}, "geometry": {"type": "Polygon", "coordinates": [[[101.601517, 3.067551], [101.601449, 3.067553], [101.601445, 3.067339], [101.601513, 3.067338], [101.601517, 3.067551]]]}}, {"type": "Feature", "properties": {"height": 12.0}, "geometry": {"type": "Polygon", "coordinates": [[[101.602831, 3.066578], [101.602831, 3.06651], [101.602611, 3.06651], [101.602611, 3.066578], [101.602831, 3.066578]]]}}, {"type": "Feature", "properties": {"height": 15.0}, "geometry": {"type": "Polygon", "coordinates": [[[101.600797, 3.068296], [101.600728, 3.068297], [101.600727, 3.068077], [101.600795, 3.068076], [101.600797, 3.068296]]]}}, {"type": "Feature", "properties": {"height": 15.0}, "geometry": {"type": "Polygon", "coordinates": [[[101.601859, 3.067545], [101.601791, 3.067547], [101.601787, 3.067333], [101.601855, 3.067332], [101.601859, 3.067545]]]}}, {"type": "Feature", "properties": {"height": 12.0}, "geometry": {"type": "Polygon", "coordinates": [[[101.602941, 3.067588], [101.602941, 3.06752], [101.603156, 3.06752], [101.603156, 3.067588], [101.602941, 3.067588]]]}}, {"type": "Feature", "properties": {"height": 15.0}, "geometry": {"type": "Polygon", "coordinates": [[[101.6021, 3.066376], [101.6021, 3.066308], [101.601877, 3.066309], [101.601877, 3.066378], [101.6021, 3.066376]]]}}, {"type": "Feature", "properties": {"height": 15.0}, "geometry": {"type": "Polygon", "coordinates": [[[101.600536, 3.069754], [101.600617, 3.069752], [101.600622, 3.069965], [101.60054, 3.069966], [101.600536, 3.069754]]]}}, {"type": "Feature", "properties": {"height": 15.0}, "geometry": {"type": "Polygon", "coordinates": [[[101.601002, 3.068294], [101.600933, 3.068295], [101.600932, 3.068075], [101.601, 3.068075], [101.601002, 3.068294]]]}}, {"type": "Feature", "properties": {"height": 12.0}, "geometry": {"type": "Polygon", "coordinates": [[[101.603154, 3.065825], [101.602932, 3.065826], [101.602931, 3.065689], [101.603154, 3.065688], [101.603154, 3.065825]]]}}, {"type": "Feature", "properties": {"height": 15.0}, "geometry": {"type": "Polygon", "coordinates": [[[101.602429, 3.06638], [101.602428, 3.066448], [101.602207, 3.066447], [101.602208, 3.066379], [101.602429, 3.06638]]]}}, {"type": "Feature", "properties": {"height": 12.0}, "geometry": {"type": "Polygon", "coordinates": [[[101.602932, 3.065894], [101.602932, 3.065826], [101.603154, 3.065825], [101.603155, 3.065893], [101.602932, 3.065894]]]}}, {"type": "Feature", "properties": {"height": 15.0}, "geometry": {"type": "Polygon", "coordinates": [[[101.602214, 3.069851], [101.602213, 3.069782], [101.60243, 3.06978], [101.602431, 3.069848], [101.602214, 3.069851]]]}}, {"type": "Feature", "properties": {"height": 15.0}, "geometry": {"type": "Polygon", "coordinates": [[[101.602612, 3.068378], [101.602612, 3.068446], [101.602825, 3.068446], [101.602825, 3.068378], [101.602612, 3.068378]]]}}, {"type": "Feature", "properties": {"height": 15.0}, "geometry": {"type": "Polygon", "coordinates": [[[101.600789, 3.06775], [101.60072, 3.067751], [101.600723, 3.06797], [101.600791, 3.067969], [101.600789, 3.06775]]]}}, {"type": "Feature", "properties": {"height": 15.0}, "geometry": {"type": "Polygon", "coordinates": [[[101.601797, 3.068063], [101.601865, 3.068062], [101.601868, 3.068279], [101.6018, 3.06828], [101.601797, 3.068063]]]}}, {"type": "Feature", "properties": {"height": 15.0}, "geometry": {"type": "Polygon", "coordinates": [[[101.60164, 3.067003], [101.601708, 3.067002], [101.601713, 3.067219], [101.601645, 3.067221], [101.60164, 3.067003]]]}}, {"type": "Feature", "properties": {"height": 12.0}, "geometry": {"type": "Polygon", "coordinates": [[[101.602831, 3.065896], [101.602831, 3.065828], [101.602611, 3.065828], [101.602611, 3.065896], [101.602831, 3.065896]]]}}, {"type": "Feature", "properties": {"height": 15.0}, "geometry": {"type": "Polygon", "coordinates": [[[101.600449, 3.069428], [101.600367, 3.069429], [101.60037, 3.069647], [101.600452, 3.069646], [101.600449, 3.069428]]]}}, {"type": "Feature", "properties": {"height": 15.0}, "geometry": {"type": "Polygon", "coordinates": [[[101.601585, 3.06755], [101.601517, 3.067551], [101.601513, 3.067338], [101.601582, 3.067337], [101.601585, 3.06755]]]}}, {"type": "Feature", "properties": {"height": 15.0}, "geometry": {"type": "Polygon", "coordinates": [[[101.59988, 3.069435], [101.599883, 3.069653], [101.599962, 3.069653], [101.599959, 3.069434], [101.59988, 3.069435]]]}}, {"type": "Feature", "properties": {"height": 15.0}, "geometry": {"type": "Polygon", "coordinates": [[[101.601652, 3.067952], [101.60172, 3.067951], [101.601716, 3.067734], [101.601648, 3.067735], [101.601652, 3.067952]]]}}, {"type": "Feature", "properties": {"height": 15.0}, "geometry": {"type": "Polygon", "coordinates": [[[101.601889, 3.069846], [101.601889, 3.069777], [101.602103, 3.069777], [101.602103, 3.069846], [101.601889, 3.069846]]]}}, {"type": "Feature", "properties": {"height": 15.0}, "geometry": {"type": "Polygon", "coordinates": [[[101.600865, 3.068296], [101.600797, 3.068296], [101.600795, 3.068076], [101.600863, 3.068076], [101.600865, 3.068296]]]}}, {"type": "Feature", "properties": {"height": 12.0}, "geometry": {"type": "Polygon", "coordinates": [[[101.602942, 3.067385], [101.602942, 3.067317], [101.603156, 3.067317], [101.603156, 3.067385], [101.602942, 3.067385]]]}}, {"type": "Feature", "properties": {"height": 15.0}, "geometry": {"type": "Polygon", "coordinates": [[[101.602428, 3.066517], [101.602428, 3.066585], [101.602206, 3.066584], [101.602207, 3.066515], [101.602428, 3.066517]]]}}, {"type": "Feature", "properties": {"height": 15.0}, "geometry": {"type": "Polygon", "coordinates": [[[101.602825, 3.068718], [101.602611, 3.068718], [101.602611, 3.068831], [101.602825, 3.068831], [101.602825, 3.068718]]]}}, {"type": "Feature", "properties": {"height": 15.0}, "geometry": {"type": "Polygon", "coordinates": [[[101.602097, 3.065897], [101.602096, 3.065829], [101.601874, 3.06583], [101.601874, 3.065899], [101.602097, 3.065897]]]}}, {"type": "Feature", "properties": {"height": 15.0}, "geometry": {"type": "Polygon", "coordinates": [[[101.602429, 3.066312], [101.602429, 3.06638], [101.602208, 3.066379], [101.602208, 3.06631], [101.602429, 3.066312]]]}}, {"type": "Feature", "properties": {"height": 15.0}, "geometry": {"type": "Polygon", "coordinates": [[[101.602211, 3.069646], [101.60221, 3.069577], [101.602428, 3.069575], [101.602429, 3.069643], [101.602211, 3.069646]]]}}, {"type": "Feature", "properties": {"height": 15.0}, "geometry": {"type": "Polygon", "coordinates": [[[101.601933, 3.068061], [101.602002, 3.06806], [101.602005, 3.068277], [101.601936, 3.068278], [101.601933, 3.068061]]]}}, {"type": "Feature", "properties": {"height": 12.0}, "geometry": {"type": "Polygon", "coordinates": [[[101.602936, 3.066579], [101.602935, 3.066511], [101.603157, 3.066509], [101.603158, 3.066578], [101.602936, 3.066579]]]}}, {"type": "Feature", "properties": {"height": 15.0}, "geometry": {"type": "Polygon", "coordinates": [[[101.602612, 3.068582], [101.602612, 3.06865], [101.602825, 3.06865], [101.602825, 3.068582], [101.602612, 3.068582]]]}}, {"type": "Feature", "properties": {"height": 15.0}, "geometry": {"type": "Polygon", "coordinates": [[[101.601055, 3.069743], [101.601136, 3.069742], [101.60114, 3.069953], [101.601059, 3.069955], [101.601055, 3.069743]]]}}, {"type": "Feature", "properties": {"height": 15.0}, "geometry": {"type": "Polygon", "coordinates": [[[101.600584, 3.067752], [101.600515, 3.067753], [101.600518, 3.067972], [101.600586, 3.067971], [101.600584, 3.067752]]]}}, {"type": "Feature", "properties": {"height": 15.0}, "geometry": {"type": "Polygon", "coordinates": [[[101.601728, 3.068064], [101.601797, 3.068063], [101.6018, 3.06828], [101.601731, 3.068281], [101.601728, 3.068064]]]}}, {"type": "Feature", "properties": {"height": 15.0}, "geometry": {"type": "Polygon", "coordinates": [[[101.601844, 3.066998], [101.601912, 3.066997], [101.601918, 3.067214], [101.601849, 3.067216], [101.601844, 3.066998]]]}}, {"type": "Feature", "properties": {"height": 15.0}, "geometry": {"type": "Polygon", "coordinates": [[[101.602932, 3.068379], [101.602933, 3.06831], [101.60315, 3.068313], [101.60315, 3.068381], [101.602932, 3.068379]]]}}, {"type": "Feature", "properties": {"height": 12.0}, "geometry": {"type": "Polygon", "coordinates": [[[101.602831, 3.065965], [101.602831, 3.065896], [101.602611, 3.065896], [101.602611, 3.065965], [101.602831, 3.065965]]]}}, {"type": "Feature", "properties": {"height": 15.0}, "geometry": {"type": "Polygon", "coordinates": [[[101.601889, 3.069709], [101.601889, 3.069641], [101.602103, 3.06964], [101.602103, 3.069709], [101.601889, 3.069709]]]}}, {"type": "Feature", "properties": {"height": 15.0}, "geometry": {"type": "Polygon", "coordinates": [[[101.602064, 3.067542], [101.601996, 3.067543], [101.601992, 3.067329], [101.60206, 3.067328], [101.602064, 3.067542]]]}}, {"type": "Feature", "properties": {"height": 15.0}, "geometry": {"type": "Polygon", "coordinates": [[[101.601381, 3.067554], [101.601312, 3.067555], [101.601308, 3.067341], [101.601377, 3.06734], [101.601381, 3.067554]]]}}, {"type": "Feature", "properties": {"height": 15.0}, "geometry": {"type": "Polygon", "coordinates": [[[101.602096, 3.065761], [101.602095, 3.065692], [101.601873, 3.065694], [101.601873, 3.065762], [101.602096, 3.065761]]]}}, {"type": "Feature", "properties": {"height": 15.0}, "geometry": {"type": "Polygon", "coordinates": [[[101.601857, 3.067949], [101.601925, 3.067947], [101.601922, 3.067731], [101.601853, 3.067732], [101.601857, 3.067949]]]}}, {"type": "Feature", "properties": {"height": 15.0}, "geometry": {"type": "Polygon", "coordinates": [[[101.601294, 3.069414], [101.601376, 3.069412], [101.601379, 3.069626], [101.601297, 3.069627], [101.601294, 3.069414]]]}}, {"type": "Feature", "properties": {"height": 15.0}, "geometry": {"type": "Polygon", "coordinates": [[[101.60066, 3.068297], [101.600592, 3.068298], [101.60059, 3.068078], [101.600658, 3.068077], [101.60066, 3.068297]]]}}, {"type": "Feature", "properties": {"height": 15.0}, "geometry": {"type": "Polygon", "coordinates": [[[101.601447, 3.067956], [101.601515, 3.067955], [101.601511, 3.067738], [101.601443, 3.067739], [101.601447, 3.067956]]]}}, {"type": "Feature", "properties": {"height": 15.0}, "geometry": {"type": "Polygon", "coordinates": [[[101.601218, 3.069741], [101.601299, 3.069739], [101.601303, 3.069951], [101.601221, 3.069952], [101.601218, 3.069741]]]}}, {"type": "Feature", "properties": {"height": 12.0}, "geometry": {"type": "Polygon", "coordinates": [[[101.602934, 3.066305], [101.602934, 3.066237], [101.603156, 3.066236], [101.603156, 3.066304], [101.602934, 3.066305]]]}}, {"type": "Feature", "properties": {"height": 15.0}, "geometry": {"type": "Polygon", "coordinates": [[[101.602614, 3.06779], [101.602614, 3.067721], [101.602832, 3.067722], [101.602831, 3.06779], [101.602614, 3.06779]]]}}, {"type": "Feature", "properties": {"height": 15.0}, "geometry": {"type": "Polygon", "coordinates": [[[101.602612, 3.068514], [101.602612, 3.068582], [101.602825, 3.068582], [101.602825, 3.068514], [101.602612, 3.068514]]]}}, {"type": "Feature", "properties": {"height": 15.0}, "geometry": {"type": "Polygon", "coordinates": [[[101.601647, 3.069622], [101.601541, 3.069624], [101.601538, 3.06941], [101.601644, 3.069408], [101.601647, 3.069622]]]}}, {"type": "Feature", "properties": {"height": 15.0}, "geometry": {"type": "Polygon", "coordinates": [[[101.602935, 3.068106], [101.602935, 3.068037], [101.603153, 3.068039], [101.603152, 3.068108], [101.602935, 3.068106]]]}}, {"type": "Feature", "properties": {"height": 15.0}, "geometry": {"type": "Polygon", "coordinates": [[[101.600974, 3.069745], [101.601055, 3.069743], [101.601059, 3.069955], [101.600977, 3.069956], [101.600974, 3.069745]]]}}, {"type": "Feature", "properties": {"height": 15.0}, "geometry": {"type": "Polygon", "coordinates": [[[101.601199, 3.067746], [101.60113, 3.067746], [101.601133, 3.067966], [101.601201, 3.067965], [101.601199, 3.067746]]]}}, {"type": "Feature", "properties": {"height": 15.0}, "geometry": {"type": "Polygon", "coordinates": [[[101.60123, 3.067013], [101.601299, 3.067011], [101.601304, 3.067229], [101.601236, 3.06723], [101.60123, 3.067013]]]}}, {"type": "Feature", "properties": {"height": 15.0}, "geometry": {"type": "Polygon", "coordinates": [[[101.601994, 3.067946], [101.602062, 3.067945], [101.602058, 3.067728], [101.60199, 3.067729], [101.601994, 3.067946]]]}}, {"type": "Feature", "properties": {"height": 15.0}, "geometry": {"type": "Polygon", "coordinates": [[[101.602132, 3.06754], [101.602064, 3.067542], [101.60206, 3.067328], [101.602128, 3.067327], [101.602132, 3.06754]]]}}, {"type": "Feature", "properties": {"height": 15.0}, "geometry": {"type": "Polygon", "coordinates": [[[101.601789, 3.06795], [101.601857, 3.067949], [101.601853, 3.067732], [101.601785, 3.067733], [101.601789, 3.06795]]]}}, {"type": "Feature", "properties": {"height": 15.0}, "geometry": {"type": "Polygon", "coordinates": [[[101.601275, 3.068292], [101.601207, 3.068293], [101.601205, 3.068073], [101.601273, 3.068073], [101.601275, 3.068292]]]}}, {"type": "Feature", "properties": {"height": 15.0}, "geometry": {"type": "Polygon", "coordinates": [[[101.602101, 3.066444], [101.6021, 3.066376], [101.601877, 3.066378], [101.601878, 3.066446], [101.602101, 3.066444]]]}}, {"type": "Feature", "properties": {"height": 15.0}, "geometry": {"type": "Polygon", "coordinates": [[[101.600127, 3.069762], [101.600209, 3.06976], [101.600213, 3.069973], [101.600131, 3.069974], [101.600127, 3.069762]]]}}, {"type": "Feature", "properties": {"height": 15.0}, "geometry": {"type": "Polygon", "coordinates": [[[101.602431, 3.066107], [101.60243, 3.066175], [101.602209, 3.066174], [101.602209, 3.066105], [101.602431, 3.066107]]]}}, {"type": "Feature", "properties": {"height": 15.0}, "geometry": {"type": "Polygon", "coordinates": [[[101.602616, 3.067103], [101.602616, 3.067035], [101.602834, 3.067035], [101.602834, 3.067104], [101.602616, 3.067103]]]}}, {"type": "Feature", "properties": {"height": 15.0}, "geometry": {"type": "Polygon", "coordinates": [[[101.601879, 3.066651], [101.60188, 3.066755], [101.602103, 3.066753], [101.602102, 3.06665], [101.601879, 3.066651]]]}}, {"type": "Feature", "properties": {"height": 15.0}, "geometry": {"type": "Polygon", "coordinates": [[[101.602432, 3.065902], [101.602432, 3.06597], [101.60221, 3.065969], [101.602211, 3.0659], [101.602432, 3.065902]]]}}, {"type": "Feature", "properties": {"height": 15.0}, "geometry": {"type": "Polygon", "coordinates": [[[101.602267, 3.067941], [101.602364, 3.06794], [101.60236, 3.067723], [101.602263, 3.067724], [101.602267, 3.067941]]]}}, {"type": "Feature", "properties": {"height": 12.0}, "geometry": {"type": "Polygon", "coordinates": [[[101.602933, 3.0661], [101.602933, 3.066031], [101.603155, 3.06603], [101.603155, 3.066099], [101.602933, 3.0661]]]}}, {"type": "Feature", "properties": {"height": 15.0}, "geometry": {"type": "Polygon", "coordinates": [[[101.602615, 3.067309], [101.602616, 3.067241], [101.602833, 3.067241], [101.602833, 3.06731], [101.602615, 3.067309]]]}}, {"type": "Feature", "properties": {"height": 15.0}, "geometry": {"type": "Polygon", "coordinates": [[[101.601523, 3.068067], [101.601591, 3.068066], [101.601594, 3.068283], [101.601526, 3.068284], [101.601523, 3.068067]]]}}, {"type": "Feature", "properties": {"height": 12.0}, "geometry": {"type": "Polygon", "coordinates": [[[101.602831, 3.066169], [101.602831, 3.066101], [101.602611, 3.066101], [101.602611, 3.066169], [101.602831, 3.066169]]]}}, {"type": "Feature", "properties": {"height": 15.0}, "geometry": {"type": "Polygon", "coordinates": [[[101.600994, 3.067748], [101.600925, 3.067749], [101.600928, 3.067968], [101.600996, 3.067967], [101.600994, 3.067748]]]}}, {"type": "Feature", "properties": {"height": 15.0}, "geometry": {"type": "Polygon", "coordinates": [[[101.601435, 3.067008], [101.601503, 3.067006], [101.601508, 3.067224], [101.60144, 3.067226], [101.601435, 3.067008]]]}}, {"type": "Feature", "properties": {"height": 12.0}, "geometry": {"type": "Polygon", "coordinates": [[[101.602831, 3.066373], [101.602831, 3.066305], [101.602611, 3.066305], [101.602611, 3.066373], [101.602831, 3.066373]]]}}, {"type": "Feature", "properties": {"height": 15.0}, "geometry": {"type": "Polygon", "coordinates": [[[101.60053, 3.069427], [101.600449, 3.069428], [101.600452, 3.069646], [101.600533, 3.069645], [101.60053, 3.069427]]]}}, {"type": "Feature", "properties": {"height": 15.0}, "geometry": {"type": "Polygon", "coordinates": [[[101.601927, 3.067544], [101.601859, 3.067545], [101.601855, 3.067332], [101.601923, 3.067331], [101.601927, 3.067544]]]}}, {"type": "Feature", "properties": {"height": 12.0}, "geometry": {"type": "Polygon", "coordinates": [[[101.602941, 3.067656], [101.602941, 3.067588], [101.603156, 3.067588], [101.603156, 3.067656], [101.602941, 3.067656]]]}}, {"type": "Feature", "properties": {"height": 15.0}, "geometry": {"type": "Polygon", "coordinates": [[[101.602099, 3.066171], [101.602098, 3.066102], [101.601876, 3.066104], [101.601876, 3.066172], [101.602099, 3.066171]]]}}, {"type": "Feature", "properties": {"height": 15.0}, "geometry": {"type": "Polygon", "coordinates": [[[101.600454, 3.069755], [101.600536, 3.069754], [101.60054, 3.069966], [101.600458, 3.069968], [101.600454, 3.069755]]]}}, {"type": "Feature", "properties": {"height": 15.0}, "geometry": {"type": "Polygon", "coordinates": [[[101.601457, 3.069411], [101.601538, 3.06941], [101.601541, 3.069624], [101.60146, 3.069625], [101.601457, 3.069411]]]}}, {"type": "Feature", "properties": {"height": 15.0}, "geometry": {"type": "Polygon", "coordinates": [[[101.60107, 3.068294], [101.601002, 3.068294], [101.601, 3.068075], [101.601068, 3.068074], [101.60107, 3.068294]]]}}, {"type": "Feature", "properties": {"height": 15.0}, "geometry": {"type": "Polygon", "coordinates": [[[101.602433, 3.065697], [101.602433, 3.065765], [101.602212, 3.065764], [101.602212, 3.065695], [101.602433, 3.065697]]]}}, {"type": "Feature", "properties": {"height": 12.0}, "geometry": {"type": "Polygon", "coordinates": [[[101.602937, 3.066853], [101.602937, 3.066784], [101.603159, 3.066783], [101.603159, 3.066852], [101.602937, 3.066853]]]}}, {"type": "Feature", "properties": {"height": 15.0}, "geometry": {"type": "Polygon", "coordinates": [[[101.600045, 3.069764], [101.600127, 3.069762], [101.600131, 3.069974], [101.60005, 3.069976], [101.600045, 3.069764]]]}}, {"type": "Feature", "properties": {"height": 15.0}, "geometry": {"type": "Polygon", "coordinates": [[[101.602431, 3.066038], [101.602431, 3.066107], [101.602209, 3.066105], [101.60221, 3.066037], [101.602431, 3.066038]]]}}, {"type": "Feature", "properties": {"height": 12.0}, "geometry": {"type": "Polygon", "coordinates": [[[101.602933, 3.065963], [101.602932, 3.065894], [101.603155, 3.065893], [101.603155, 3.065962], [101.602933, 3.065963]]]}}, {"type": "Feature", "properties": {"height": 15.0}, "geometry": {"type": "Polygon", "coordinates": [[[101.602616, 3.067172], [101.602616, 3.067103], [101.602834, 3.067104], [101.602833, 3.067173], [101.602616, 3.067172]]]}}, {"type": "Feature", "properties": {"height": 15.0}, "geometry": {"type": "Polygon", "coordinates": [[[101.602612, 3.06831], [101.602612, 3.068378], [101.602825, 3.068378], [101.602825, 3.06831], [101.602612, 3.06831]]]}}, {"type": "Feature", "properties": {"height": 12.0}, "geometry": {"type": "Polygon", "coordinates": [[[101.602934, 3.066168], [101.602933, 3.0661], [101.603155, 3.066099], [101.603156, 3.066167], [101.602934, 3.066168]]]}}, {"type": "Feature", "properties": {"height": 15.0}, "geometry": {"type": "Polygon", "coordinates": [[[101.600857, 3.067749], [101.600789, 3.06775], [101.600791, 3.067969], [101.600859, 3.067968], [101.600857, 3.067749]]]}}, {"type": "Feature", "properties": {"height": 15.0}, "geometry": {"type": "Polygon", "coordinates": [[[101.601572, 3.067005], [101.60164, 3.067003], [101.601645, 3.067221], [101.601577, 3.067222], [101.601572, 3.067005]]]}}, {"type": "Feature", "properties": {"height": 15.0}, "geometry": {"type": "Polygon", "coordinates": [[[101.602929, 3.068652], [101.60293, 3.068584], [101.603148, 3.068586], [101.603147, 3.068655], [101.602929, 3.068652]]]}}, {"type": "Feature", "properties": {"height": 12.0}, "geometry": {"type": "Polygon", "coordinates": [[[101.602831, 3.066237], [101.602831, 3.066169], [101.602611, 3.066169], [101.602611, 3.066237], [101.602831, 3.066237]]]}}, {"type": "Feature", "properties": {"height": 15.0}, "geometry": {"type": "Polygon", "coordinates": [[[101.602612, 3.068106], [101.602612, 3.068174], [101.602825, 3.068174], [101.602825, 3.068106], [101.602612, 3.068106]]]}}, {"type": "Feature", "properties": {"height": 15.0}, "geometry": {"type": "Polygon", "coordinates": [[[101.601062, 3.067747], [101.600994, 3.067748], [101.600996, 3.067967], [101.601064, 3.067966], [101.601062, 3.067747]]]}}, {"type": "Feature", "properties": {"height": 15.0}, "geometry": {"type": "Polygon", "coordinates": [[[101.600204, 3.069431], [101.600122, 3.069432], [101.600125, 3.06965], [101.600207, 3.069649], [101.600204, 3.069431]]]}}, {"type": "Feature", "properties": {"height": 15.0}, "geometry": {"type": "Polygon", "coordinates": [[[101.601367, 3.06701], [101.601435, 3.067008], [101.60144, 3.067226], [101.601372, 3.067227], [101.601367, 3.06701]]]}}, {"type": "Feature", "properties": {"height": 15.0}, "geometry": {"type": "Polygon", "coordinates": [[[101.601654, 3.067549], [101.601585, 3.06755], [101.601582, 3.067337], [101.60165, 3.067335], [101.601654, 3.067549]]]}}, {"type": "Feature", "properties": {"height": 15.0}, "geometry": {"type": "Polygon", "coordinates": [[[101.601584, 3.067953], [101.601652, 3.067952], [101.601648, 3.067735], [101.60158, 3.067737], [101.601584, 3.067953]]]}}, {"type": "Feature", "properties": {"height": 15.0}, "geometry": {"type": "Polygon", "coordinates": [[[101.600933, 3.068295], [101.600865, 3.068296], [101.600863, 3.068076], [101.600932, 3.068075], [101.600933, 3.068295]]]}}, {"type": "Feature", "properties": {"height": 15.0}, "geometry": {"type": "Polygon", "coordinates": [[[101.602205, 3.066749], [101.602426, 3.066751], [101.602427, 3.06677], [101.602385, 3.06681], [101.602203, 3.066808], [101.602205, 3.066749]]]}}, {"type": "Feature", "properties": {"height": 12.0}, "geometry": {"type": "Polygon", "coordinates": [[[101.602942, 3.067181], [101.602942, 3.067113], [101.603157, 3.067114], [101.603156, 3.067181], [101.602942, 3.067181]]]}}, {"type": "Feature", "properties": {"height": 15.0}, "geometry": {"type": "Polygon", "coordinates": [[[101.602097, 3.065966], [101.602097, 3.065897], [101.601874, 3.065899], [101.601875, 3.065967], [101.602097, 3.065966]]]}}, {"type": "Feature", "properties": {"height": 15.0}, "geometry": {"type": "Polygon", "coordinates": [[[101.600372, 3.069757], [101.600454, 3.069755], [101.600458, 3.069968], [101.600376, 3.06997], [101.600372, 3.069757]]]}}, {"type": "Feature", "properties": {"height": 15.0}, "geometry": {"type": "Polygon", "coordinates": [[[101.601138, 3.068293], [101.60107, 3.068294], [101.601068, 3.068074], [101.601137, 3.068074], [101.601138, 3.068293]]]}}, {"type": "Feature", "properties": {"height": 15.0}, "geometry": {"type": "Polygon", "coordinates": [[[101.60243, 3.066243], [101.602429, 3.066312], [101.602208, 3.06631], [101.602209, 3.066242], [101.60243, 3.066243]]]}}, {"type": "Feature", "properties": {"height": 15.0}, "geometry": {"type": "Polygon", "coordinates": [[[101.602209, 3.069441], [101.602208, 3.069373], [101.602426, 3.06937], [101.602426, 3.069439], [101.602209, 3.069441]]]}}, {"type": "Feature", "properties": {"height": 15.0}, "geometry": {"type": "Polygon", "coordinates": [[[101.602139, 3.068058], [101.602207, 3.068057], [101.60221, 3.068274], [101.602142, 3.068275], [101.602139, 3.068058]]]}}, {"type": "Feature", "properties": {"height": 12.0}, "geometry": {"type": "Polygon", "coordinates": [[[101.602936, 3.066648], [101.602936, 3.066579], [101.603158, 3.066578], [101.603158, 3.066646], [101.602936, 3.066648]]]}}, {"type": "Feature", "properties": {"height": 15.0}, "geometry": {"type": "Polygon", "coordinates": [[[101.602612, 3.068242], [101.602612, 3.06831], [101.602825, 3.06831], [101.602825, 3.068242], [101.602612, 3.068242]]]}}, {"type": "Feature", "properties": {"height": 15.0}, "geometry": {"type": "Polygon", "coordinates": [[[101.60166, 3.068065], [101.601728, 3.068064], [101.601731, 3.068281], [101.601663, 3.068282], [101.60166, 3.068065]]]}}, {"type": "Feature", "properties": {"height": 15.0}, "geometry": {"type": "Polygon", "coordinates": [[[101.602049, 3.066994], [101.602117, 3.066992], [101.602122, 3.06721], [101.602054, 3.067211], [101.602049, 3.066994]]]}}, {"type": "Feature", "properties": {"height": 15.0}, "geometry": {"type": "Polygon", "coordinates": [[[101.602931, 3.068447], [101.602932, 3.068379], [101.60315, 3.068381], [101.603149, 3.068449], [101.602931, 3.068447]]]}}, {"type": "Feature", "properties": {"height": 12.0}, "geometry": {"type": "Polygon", "coordinates": [[[101.602831, 3.066033], [101.602831, 3.065965], [101.602611, 3.065965], [101.602611, 3.066033], [101.602831, 3.066033]]]}}, {"type": "Feature", "properties": {"height": 15.0}, "geometry": {"type": "Polygon", "coordinates": [[[101.601888, 3.069504], [101.601888, 3.069435], [101.602103, 3.069435], [101.602103, 3.069503], [101.601888, 3.069504]]]}}, {"type": "Feature", "properties": {"height": 12.0}, "geometry": {"type": "Polygon", "coordinates": [[[101.602942, 3.067045], [101.602942, 3.066978], [101.603157, 3.066978], [101.603157, 3.067046], [101.602942, 3.067045]]]}}, {"type": "Feature", "properties": {"height": 15.0}, "geometry": {"type": "Polygon", "coordinates": [[[101.601175, 3.067557], [101.601107, 3.067559], [101.601103, 3.067345], [101.601172, 3.067344], [101.601175, 3.067557]]]}}, {"type": "Feature", "properties": {"height": 15.0}, "geometry": {"type": "Polygon", "coordinates": [[[101.602929, 3.068721], [101.602929, 3.068652], [101.603147, 3.068655], [101.603146, 3.068723], [101.602929, 3.068721]]]}}, {"type": "Feature", "properties": {"height": 15.0}, "geometry": {"type": "Polygon", "coordinates": [[[101.602096, 3.065829], [101.602096, 3.065761], [101.601873, 3.065762], [101.601874, 3.06583], [101.602096, 3.065829]]]}}, {"type": "Feature", "properties": {"height": 15.0}, "geometry": {"type": "Polygon", "coordinates": [[[101.601515, 3.067955], [101.601584, 3.067953], [101.60158, 3.067737], [101.601511, 3.067738], [101.601515, 3.067955]]]}}, {"type": "Feature", "properties": {"height": 15.0}, "geometry": {"type": "Polygon", "coordinates": [[[101.601213, 3.069415], [101.601294, 3.069414], [101.601297, 3.069627], [101.601216, 3.069629], [101.601213, 3.069415]]]}}, {"type": "Feature", "properties": {"height": 8.0}, "geometry": {"type": "Polygon", "coordinates": [[[101.611127, 3.07036], [101.611066, 3.07036], [101.611068, 3.070509], [101.611128, 3.070509], [101.611127, 3.07036]]]}}, {"type": "Feature", "properties": {"height": 8.0}, "geometry": {"type": "Polygon", "coordinates": [[[101.611187, 3.070359], [101.611127, 3.07036], [101.611128, 3.070509], [101.611188, 3.070508], [101.611187, 3.070359]]]}}, {"type": "Feature", "properties": {"height": 8.0}, "geometry": {"type": "Polygon", "coordinates": [[[101.611248, 3.070359], [101.611187, 3.070359], [101.611188, 3.070508], [101.611249, 3.070508], [101.611248, 3.070359]]]}}, {"type": "Feature", "properties": {"height": 8.0}, "geometry": {"type": "Polygon", "coordinates": [[[101.611308, 3.070358], [101.611248, 3.070359], [101.611249, 3.070508], [101.611309, 3.070507], [101.611308, 3.070358]]]}}, {"type": "Feature", "properties": {"height": 8.0}, "geometry": {"type": "Polygon", "coordinates": [[[101.611368, 3.070358], [101.611308, 3.070358], [101.611309, 3.070507], [101.61137, 3.070507], [101.611368, 3.070358]]]}}, {"type": "Feature", "properties": {"height": 8.0}, "geometry": {"type": "Polygon", "coordinates": [[[101.611429, 3.070357], [101.611368, 3.070358], [101.61137, 3.070507], [101.61143, 3.070506], [101.611429, 3.070357]]]}}, {"type": "Feature", "properties": {"height": 8.0}, "geometry": {"type": "Polygon", "coordinates": [[[101.611489, 3.070356], [101.611429, 3.070357], [101.61143, 3.070506], [101.611491, 3.070505], [101.611489, 3.070356]]]}}, {"type": "Feature", "properties": {"height": 8.0}, "geometry": {"type": "Polygon", "coordinates": [[[101.61155, 3.070356], [101.611489, 3.070356], [101.611491, 3.070505], [101.611551, 3.070505], [101.61155, 3.070356]]]}}, {"type": "Feature", "properties": {"height": 8.0}, "geometry": {"type": "Polygon", "coordinates": [[[101.61161, 3.070355], [101.61155, 3.070356], [101.611551, 3.070505], [101.611612, 3.070504], [101.61161, 3.070355]]]}}, {"type": "Feature", "properties": {"height": 8.0}, "geometry": {"type": "Polygon", "coordinates": [[[101.611671, 3.070355], [101.61161, 3.070355], [101.611612, 3.070504], [101.611672, 3.070504], [101.611671, 3.070355]]]}}, {"type": "Feature", "properties": {"height": 8.0}, "geometry": {"type": "Polygon", "coordinates": [[[101.611731, 3.070354], [101.611671, 3.070355], [101.611672, 3.070504], [101.611732, 3.070503], [101.611731, 3.070354]]]}}, {"type": "Feature", "properties": {"height": 8.0}, "geometry": {"type": "Polygon", "coordinates": [[[101.611911, 3.070355], [101.611851, 3.070356], [101.611852, 3.070495], [101.611913, 3.070495], [101.611911, 3.070355]]]}}, {"type": "Feature", "properties": {"height": 8.0}, "geometry": {"type": "Polygon", "coordinates": [[[101.611972, 3.070355], [101.611911, 3.070355], [101.611913, 3.070495], [101.611973, 3.070494], [101.611972, 3.070355]]]}}, {"type": "Feature", "properties": {"height": 8.0}, "geometry": {"type": "Polygon", "coordinates": [[[101.612033, 3.070354], [101.611972, 3.070355], [101.611973, 3.070494], [101.612034, 3.070494], [101.612033, 3.070354]]]}}, {"type": "Feature", "properties": {"height": 8.0}, "geometry": {"type": "Polygon", "coordinates": [[[101.612093, 3.070354], [101.612033, 3.070354], [101.612034, 3.070494], [101.612095, 3.070493], [101.612093, 3.070354]]]}}, {"type": "Feature", "properties": {"height": 8.0}, "geometry": {"type": "Polygon", "coordinates": [[[101.612154, 3.070353], [101.612093, 3.070354], [101.612095, 3.070493], [101.612155, 3.070492], [101.612154, 3.070353]]]}}, {"type": "Feature", "properties": {"height": 8.0}, "geometry": {"type": "Polygon", "coordinates": [[[101.612215, 3.070353], [101.612154, 3.070353], [101.612155, 3.070492], [101.612216, 3.070492], [101.612215, 3.070353]]]}}, {"type": "Feature", "properties": {"height": 8.0}, "geometry": {"type": "Polygon", "coordinates": [[[101.612275, 3.070352], [101.612215, 3.070353], [101.612216, 3.070492], [101.612276, 3.070491], [101.612275, 3.070352]]]}}, {"type": "Feature", "properties": {"height": 8.0}, "geometry": {"type": "Polygon", "coordinates": [[[101.612336, 3.070352], [101.612275, 3.070352], [101.612276, 3.070491], [101.612337, 3.070491], [101.612336, 3.070352]]]}}, {"type": "Feature", "properties": {"height": 8.0}, "geometry": {"type": "Polygon", "coordinates": [[[101.612397, 3.070351], [101.612336, 3.070352], [101.612337, 3.070491], [101.612398, 3.07049], [101.612397, 3.070351]]]}}, {"type": "Feature", "properties": {"height": 8.0}, "geometry": {"type": "Polygon", "coordinates": [[[101.612457, 3.07035], [101.612397, 3.070351], [101.612398, 3.07049], [101.612459, 3.07049], [101.612457, 3.07035]]]}}, {"type": "Feature", "properties": {"height": 8.0}, "geometry": {"type": "Polygon", "coordinates": [[[101.612518, 3.07035], [101.612457, 3.07035], [101.612459, 3.07049], [101.612519, 3.070489], [101.612518, 3.07035]]]}}, {"type": "Feature", "properties": {"height": 8.0}, "geometry": {"type": "Polygon", "coordinates": [[[101.612578, 3.070349], [101.612518, 3.07035], [101.612519, 3.070489], [101.61258, 3.070489], [101.612578, 3.070349]]]}}, {"type": "Feature", "properties": {"height": 8.0}, "geometry": {"type": "Polygon", "coordinates": [[[101.61281, 3.070352], [101.612749, 3.070353], [101.612751, 3.070493], [101.612812, 3.070492], [101.61281, 3.070352]]]}}, {"type": "Feature", "properties": {"height": 8.0}, "geometry": {"type": "Polygon", "coordinates": [[[101.612871, 3.070352], [101.61281, 3.070352], [101.612812, 3.070492], [101.612872, 3.070492], [101.612871, 3.070352]]]}}, {"type": "Feature", "properties": {"height": 8.0}, "geometry": {"type": "Polygon", "coordinates": [[[101.612932, 3.070351], [101.612871, 3.070352], [101.612872, 3.070492], [101.612933, 3.070491], [101.612932, 3.070351]]]}}, {"type": "Feature", "properties": {"height": 8.0}, "geometry": {"type": "Polygon", "coordinates": [[[101.612993, 3.07035], [101.612932, 3.070351], [101.612933, 3.070491], [101.612994, 3.070491], [101.612993, 3.07035]]]}}, {"type": "Feature", "properties": {"height": 8.0}, "geometry": {"type": "Polygon", "coordinates": [[[101.613054, 3.07035], [101.612993, 3.07035], [101.612994, 3.070491], [101.613055, 3.07049], [101.613054, 3.07035]]]}}, {"type": "Feature", "properties": {"height": 8.0}, "geometry": {"type": "Polygon", "coordinates": [[[101.613115, 3.070349], [101.613054, 3.07035], [101.613055, 3.07049], [101.613116, 3.07049], [101.613115, 3.070349]]]}}, {"type": "Feature", "properties": {"height": 8.0}, "geometry": {"type": "Polygon", "coordinates": [[[101.613176, 3.070349], [101.613115, 3.070349], [101.613116, 3.07049], [101.613177, 3.070489], [101.613176, 3.070349]]]}}, {"type": "Feature", "properties": {"height": 8.0}, "geometry": {"type": "Polygon", "coordinates": [[[101.613236, 3.070348], [101.613176, 3.070349], [101.613177, 3.070489], [101.613238, 3.070489], [101.613236, 3.070348]]]}}, {"type": "Feature", "properties": {"height": 8.0}, "geometry": {"type": "Polygon", "coordinates": [[[101.613297, 3.070348], [101.613236, 3.070348], [101.613238, 3.070489], [101.613299, 3.070488], [101.613297, 3.070348]]]}}, {"type": "Feature", "properties": {"height": 8.0}, "geometry": {"type": "Polygon", "coordinates": [[[101.613358, 3.070347], [101.613297, 3.070348], [101.613299, 3.070488], [101.61336, 3.070487], [101.613358, 3.070347]]]}}, {"type": "Feature", "properties": {"height": 8.0}, "geometry": {"type": "Polygon", "coordinates": [[[101.613419, 3.070346], [101.613358, 3.070347], [101.61336, 3.070487], [101.613421, 3.070487], [101.613419, 3.070346]]]}}, {"type": "Feature", "properties": {"height": 8.0}, "geometry": {"type": "Polygon", "coordinates": [[[101.61342, 3.070121], [101.613481, 3.07012], [101.61348, 3.069964], [101.613419, 3.069964], [101.61342, 3.070121]]]}}, {"type": "Feature", "properties": {"height": 8.0}, "geometry": {"type": "Polygon", "coordinates": [[[101.613359, 3.070121], [101.61342, 3.070121], [101.613419, 3.069964], [101.613357, 3.069965], [101.613359, 3.070121]]]}}, {"type": "Feature", "properties": {"height": 8.0}, "geometry": {"type": "Polygon", "coordinates": [[[101.613298, 3.070122], [101.613359, 3.070121], [101.613357, 3.069965], [101.613296, 3.069965], [101.613298, 3.070122]]]}}, {"type": "Feature", "properties": {"height": 8.0}, "geometry": {"type": "Polygon", "coordinates": [[[101.613236, 3.070123], [101.613298, 3.070122], [101.613296, 3.069965], [101.613235, 3.069966], [101.613236, 3.070123]]]}}, {"type": "Feature", "properties": {"height": 8.0}, "geometry": {"type": "Polygon", "coordinates": [[[101.613175, 3.070123], [101.613236, 3.070123], [101.613235, 3.069966], [101.613174, 3.069967], [101.613175, 3.070123]]]}}, {"type": "Feature", "properties": {"height": 8.0}, "geometry": {"type": "Polygon", "coordinates": [[[101.613114, 3.070124], [101.613175, 3.070123], [101.613174, 3.069967], [101.613112, 3.069967], [101.613114, 3.070124]]]}}, {"type": "Feature", "properties": {"height": 8.0}, "geometry": {"type": "Polygon", "coordinates": [[[101.613052, 3.070124], [101.613114, 3.070124], [101.613112, 3.069967], [101.613051, 3.069968], [101.613052, 3.070124]]]}}, {"type": "Feature", "properties": {"height": 8.0}, "geometry": {"type": "Polygon", "coordinates": [[[101.612991, 3.070125], [101.613052, 3.070124], [101.613051, 3.069968], [101.61299, 3.069968], [101.612991, 3.070125]]]}}, {"type": "Feature", "properties": {"height": 8.0}, "geometry": {"type": "Polygon", "coordinates": [[[101.61293, 3.070125], [101.612991, 3.070125], [101.61299, 3.069968], [101.612928, 3.069969], [101.61293, 3.070125]]]}}, {"type": "Feature", "properties": {"height": 8.0}, "geometry": {"type": "Polygon", "coordinates": [[[101.612869, 3.070126], [101.61293, 3.070125], [101.612928, 3.069969], [101.612867, 3.069969], [101.612869, 3.070126]]]}}, {"type": "Feature", "properties": {"height": 8.0}, "geometry": {"type": "Polygon", "coordinates": [[[101.612807, 3.070127], [101.612869, 3.070126], [101.612867, 3.069969], [101.612806, 3.06997], [101.612807, 3.070127]]]}}, {"type": "Feature", "properties": {"height": 8.0}, "geometry": {"type": "Polygon", "coordinates": [[[101.612746, 3.070127], [101.612807, 3.070127], [101.612806, 3.06997], [101.612745, 3.06997], [101.612746, 3.070127]]]}}, {"type": "Feature", "properties": {"height": 8.0}, "geometry": {"type": "Polygon", "coordinates": [[[101.61342, 3.06993], [101.613481, 3.069929], [101.61348, 3.069791], [101.613419, 3.069792], [101.61342, 3.06993]]]}}, {"type": "Feature", "properties": {"height": 8.0}, "geometry": {"type": "Polygon", "coordinates": [[[101.613359, 3.06993], [101.61342, 3.06993], [101.613419, 3.069792], [101.613358, 3.069792], [101.613359, 3.06993]]]}}, {"type": "Feature", "properties": {"height": 8.0}, "geometry": {"type": "Polygon", "coordinates": [[[101.613298, 3.069931], [101.613359, 3.06993], [101.613358, 3.069792], [101.613297, 3.069793], [101.613298, 3.069931]]]}}, {"type": "Feature", "properties": {"height": 8.0}, "geometry": {"type": "Polygon", "coordinates": [[[101.613237, 3.069931], [101.613298, 3.069931], [101.613297, 3.069793], [101.613235, 3.069793], [101.613237, 3.069931]]]}}, {"type": "Feature", "properties": {"height": 8.0}, "geometry": {"type": "Polygon", "coordinates": [[[101.613175, 3.069932], [101.613237, 3.069931], [101.613235, 3.069793], [101.613174, 3.069794], [101.613175, 3.069932]]]}}, {"type": "Feature", "properties": {"height": 8.0}, "geometry": {"type": "Polygon", "coordinates": [[[101.613114, 3.069932], [101.613175, 3.069932], [101.613174, 3.069794], [101.613113, 3.069794], [101.613114, 3.069932]]]}}, {"type": "Feature", "properties": {"height": 8.0}, "geometry": {"type": "Polygon", "coordinates": [[[101.613053, 3.069933], [101.613114, 3.069932], [101.613113, 3.069794], [101.613052, 3.069795], [101.613053, 3.069933]]]}}, {"type": "Feature", "properties": {"height": 8.0}, "geometry": {"type": "Polygon", "coordinates": [[[101.612992, 3.069933], [101.613053, 3.069933], [101.613052, 3.069795], [101.612991, 3.069796], [101.612992, 3.069933]]]}}, {"type": "Feature", "properties": {"height": 8.0}, "geometry": {"type": "Polygon", "coordinates": [[[101.612931, 3.069934], [101.612992, 3.069933], [101.612991, 3.069796], [101.61293, 3.069796], [101.612931, 3.069934]]]}}, {"type": "Feature", "properties": {"height": 8.0}, "geometry": {"type": "Polygon", "coordinates": [[[101.61287, 3.069935], [101.612931, 3.069934], [101.61293, 3.069796], [101.612868, 3.069797], [101.61287, 3.069935]]]}}, {"type": "Feature", "properties": {"height": 8.0}, "geometry": {"type": "Polygon", "coordinates": [[[101.612808, 3.069935], [101.61287, 3.069935], [101.612868, 3.069797], [101.612807, 3.069797], [101.612808, 3.069935]]]}}, {"type": "Feature", "properties": {"height": 8.0}, "geometry": {"type": "Polygon", "coordinates": [[[101.612747, 3.069936], [101.612808, 3.069935], [101.612807, 3.069797], [101.612746, 3.069798], [101.612747, 3.069936]]]}}, {"type": "Feature", "properties": {"height": 8.0}, "geometry": {"type": "Polygon", "coordinates": [[[101.61342, 3.069566], [101.613481, 3.069565], [101.61348, 3.069414], [101.613419, 3.069415], [101.61342, 3.069566]]]}}, {"type": "Feature", "properties": {"height": 8.0}, "geometry": {"type": "Polygon", "coordinates": [[[101.613359, 3.069567], [101.61342, 3.069566], [101.613419, 3.069415], [101.613358, 3.069416], [101.613359, 3.069567]]]}}, {"type": "Feature", "properties": {"height": 8.0}, "geometry": {"type": "Polygon", "coordinates": [[[101.613298, 3.069567], [101.613359, 3.069567], [101.613358, 3.069416], [101.613297, 3.069416], [101.613298, 3.069567]]]}}, {"type": "Feature", "properties": {"height": 8.0}, "geometry": {"type": "Polygon", "coordinates": [[[101.613237, 3.069568], [101.613298, 3.069567], [101.613297, 3.069416], [101.613236, 3.069417], [101.613237, 3.069568]]]}}, {"type": "Feature", "properties": {"height": 8.0}, "geometry": {"type": "Polygon", "coordinates": [[[101.613176, 3.069568], [101.613237, 3.069568], [101.613236, 3.069417], [101.613175, 3.069417], [101.613176, 3.069568]]]}}, {"type": "Feature", "properties": {"height": 8.0}, "geometry": {"type": "Polygon", "coordinates": [[[101.613116, 3.069569], [101.613176, 3.069568], [101.613175, 3.069417], [101.613114, 3.069418], [101.613116, 3.069569]]]}}, {"type": "Feature", "properties": {"height": 8.0}, "geometry": {"type": "Polygon", "coordinates": [[[101.613055, 3.069569], [101.613116, 3.069569], [101.613114, 3.069418], [101.613053, 3.069418], [101.613055, 3.069569]]]}}, {"type": "Feature", "properties": {"height": 8.0}, "geometry": {"type": "Polygon", "coordinates": [[[101.612994, 3.06957], [101.613055, 3.069569], [101.613053, 3.069418], [101.612992, 3.069419], [101.612994, 3.06957]]]}}, {"type": "Feature", "properties": {"height": 8.0}, "geometry": {"type": "Polygon", "coordinates": [[[101.612933, 3.069571], [101.612994, 3.06957], [101.612992, 3.069419], [101.612931, 3.069419], [101.612933, 3.069571]]]}}, {"type": "Feature", "properties": {"height": 8.0}, "geometry": {"type": "Polygon", "coordinates": [[[101.612872, 3.069571], [101.612933, 3.069571], [101.612931, 3.069419], [101.61287, 3.06942], [101.612872, 3.069571]]]}}, {"type": "Feature", "properties": {"height": 8.0}, "geometry": {"type": "Polygon", "coordinates": [[[101.612811, 3.069572], [101.612872, 3.069571], [101.61287, 3.06942], [101.612809, 3.069421], [101.612811, 3.069572]]]}}, {"type": "Feature", "properties": {"height": 8.0}, "geometry": {"type": "Polygon", "coordinates": [[[101.61275, 3.069572], [101.612811, 3.069572], [101.612809, 3.069421], [101.612748, 3.069421], [101.61275, 3.069572]]]}}, {"type": "Feature", "properties": {"height": 8.0}, "geometry": {"type": "Polygon", "coordinates": [[[101.613418, 3.069393], [101.613479, 3.069392], [101.613477, 3.069243], [101.613416, 3.069243], [101.613418, 3.069393]]]}}, {"type": "Feature", "properties": {"height": 8.0}, "geometry": {"type": "Polygon", "coordinates": [[[101.613357, 3.069393], [101.613418, 3.069393], [101.613416, 3.069243], [101.613356, 3.069244], [101.613357, 3.069393]]]}}, {"type": "Feature", "properties": {"height": 8.0}, "geometry": {"type": "Polygon", "coordinates": [[[101.613297, 3.069394], [101.613357, 3.069393], [101.613356, 3.069244], [101.613295, 3.069244], [101.613297, 3.069394]]]}}, {"type": "Feature", "properties": {"height": 8.0}, "geometry": {"type": "Polygon", "coordinates": [[[101.613236, 3.069394], [101.613297, 3.069394], [101.613295, 3.069244], [101.613235, 3.069245], [101.613236, 3.069394]]]}}, {"type": "Feature", "properties": {"height": 8.0}, "geometry": {"type": "Polygon", "coordinates": [[[101.613175, 3.069395], [101.613236, 3.069394], [101.613235, 3.069245], [101.613174, 3.069246], [101.613175, 3.069395]]]}}, {"type": "Feature", "properties": {"height": 8.0}, "geometry": {"type": "Polygon", "coordinates": [[[101.613115, 3.069395], [101.613175, 3.069395], [101.613174, 3.069246], [101.613113, 3.069246], [101.613115, 3.069395]]]}}, {"type": "Feature", "properties": {"height": 8.0}, "geometry": {"type": "Polygon", "coordinates": [[[101.613054, 3.069396], [101.613115, 3.069395], [101.613113, 3.069246], [101.613053, 3.069247], [101.613054, 3.069396]]]}}, {"type": "Feature", "properties": {"height": 8.0}, "geometry": {"type": "Polygon", "coordinates": [[[101.612993, 3.069396], [101.613054, 3.069396], [101.613053, 3.069247], [101.612992, 3.069247], [101.612993, 3.069396]]]}}, {"type": "Feature", "properties": {"height": 8.0}, "geometry": {"type": "Polygon", "coordinates": [[[101.612933, 3.069397], [101.612993, 3.069396], [101.612992, 3.069247], [101.612932, 3.069248], [101.612933, 3.069397]]]}}, {"type": "Feature", "properties": {"height": 8.0}, "geometry": {"type": "Polygon", "coordinates": [[[101.612872, 3.069398], [101.612933, 3.069397], [101.612932, 3.069248], [101.612871, 3.069248], [101.612872, 3.069398]]]}}, {"type": "Feature", "properties": {"height": 8.0}, "geometry": {"type": "Polygon", "coordinates": [[[101.612812, 3.069398], [101.612872, 3.069398], [101.612871, 3.069248], [101.61281, 3.069249], [101.612812, 3.069398]]]}}, {"type": "Feature", "properties": {"height": 8.0}, "geometry": {"type": "Polygon", "coordinates": [[[101.612751, 3.069399], [101.612812, 3.069398], [101.61281, 3.069249], [101.61275, 3.069249], [101.612751, 3.069399]]]}}, {"type": "Feature", "properties": {"height": 8.0}, "geometry": {"type": "Polygon", "coordinates": [[[101.611729, 3.070124], [101.61179, 3.070123], [101.611789, 3.06997], [101.611728, 3.06997], [101.611729, 3.070124]]]}}, {"type": "Feature", "properties": {"height": 8.0}, "geometry": {"type": "Polygon", "coordinates": [[[101.611669, 3.070124], [101.611729, 3.070124], [101.611728, 3.06997], [101.611667, 3.069971], [101.611669, 3.070124]]]}}, {"type": "Feature", "properties": {"height": 8.0}, "geometry": {"type": "Polygon", "coordinates": [[[101.611608, 3.070125], [101.611669, 3.070124], [101.611667, 3.069971], [101.611607, 3.069971], [101.611608, 3.070125]]]}}, {"type": "Feature", "properties": {"height": 8.0}, "geometry": {"type": "Polygon", "coordinates": [[[101.611548, 3.070126], [101.611608, 3.070125], [101.611607, 3.069971], [101.611546, 3.069972], [101.611548, 3.070126]]]}}, {"type": "Feature", "properties": {"height": 8.0}, "geometry": {"type": "Polygon", "coordinates": [[[101.611487, 3.070126], [101.611548, 3.070126], [101.611546, 3.069972], [101.611485, 3.069972], [101.611487, 3.070126]]]}}, {"type": "Feature", "properties": {"height": 8.0}, "geometry": {"type": "Polygon", "coordinates": [[[101.611426, 3.070127], [101.611487, 3.070126], [101.611485, 3.069972], [101.611425, 3.069973], [101.611426, 3.070127]]]}}, {"type": "Feature", "properties": {"height": 8.0}, "geometry": {"type": "Polygon", "coordinates": [[[101.611366, 3.070127], [101.611426, 3.070127], [101.611425, 3.069973], [101.611364, 3.069974], [101.611366, 3.070127]]]}}, {"type": "Feature", "properties": {"height": 8.0}, "geometry": {"type": "Polygon", "coordinates": [[[101.611305, 3.070128], [101.611366, 3.070127], [101.611364, 3.069974], [101.611303, 3.069974], [101.611305, 3.070128]]]}}, {"type": "Feature", "properties": {"height": 8.0}, "geometry": {"type": "Polygon", "coordinates": [[[101.611244, 3.070128], [101.611305, 3.070128], [101.611303, 3.069974], [101.611243, 3.069975], [101.611244, 3.070128]]]}}, {"type": "Feature", "properties": {"height": 8.0}, "geometry": {"type": "Polygon", "coordinates": [[[101.611184, 3.070129], [101.611244, 3.070128], [101.611243, 3.069975], [101.611182, 3.069975], [101.611184, 3.070129]]]}}, {"type": "Feature", "properties": {"height": 8.0}, "geometry": {"type": "Polygon", "coordinates": [[[101.611123, 3.070129], [101.611184, 3.070129], [101.611182, 3.069975], [101.611121, 3.069976], [101.611123, 3.070129]]]}}, {"type": "Feature", "properties": {"height": 8.0}, "geometry": {"type": "Polygon", "coordinates": [[[101.611734, 3.06995], [101.611795, 3.069949], [101.611794, 3.069787], [101.611733, 3.069787], [101.611734, 3.06995]]]}}, {"type": "Feature", "properties": {"height": 8.0}, "geometry": {"type": "Polygon", "coordinates": [[[101.611673, 3.06995], [101.611734, 3.06995], [101.611733, 3.069787], [101.611672, 3.069788], [101.611673, 3.06995]]]}}, {"type": "Feature", "properties": {"height": 8.0}, "geometry": {"type": "Polygon", "coordinates": [[[101.611612, 3.069951], [101.611673, 3.06995], [101.611672, 3.069788], [101.611611, 3.069788], [101.611612, 3.069951]]]}}, {"type": "Feature", "properties": {"height": 8.0}, "geometry": {"type": "Polygon", "coordinates": [[[101.611551, 3.069951], [101.611612, 3.069951], [101.611611, 3.069788], [101.61155, 3.069789], [101.611551, 3.069951]]]}}, {"type": "Feature", "properties": {"height": 8.0}, "geometry": {"type": "Polygon", "coordinates": [[[101.61149, 3.069952], [101.611551, 3.069951], [101.61155, 3.069789], [101.611489, 3.069789], [101.61149, 3.069952]]]}}, {"type": "Feature", "properties": {"height": 8.0}, "geometry": {"type": "Polygon", "coordinates": [[[101.611429, 3.069952], [101.61149, 3.069952], [101.611489, 3.069789], [101.611428, 3.06979], [101.611429, 3.069952]]]}}, {"type": "Feature", "properties": {"height": 8.0}, "geometry": {"type": "Polygon", "coordinates": [[[101.611368, 3.069953], [101.611429, 3.069952], [101.611428, 3.06979], [101.611367, 3.06979], [101.611368, 3.069953]]]}}, {"type": "Feature", "properties": {"height": 8.0}, "geometry": {"type": "Polygon", "coordinates": [[[101.611307, 3.069954], [101.611368, 3.069953], [101.611367, 3.06979], [101.611306, 3.069791], [101.611307, 3.069954]]]}}, {"type": "Feature", "properties": {"height": 8.0}, "geometry": {"type": "Polygon", "coordinates": [[[101.611246, 3.069954], [101.611307, 3.069954], [101.611306, 3.069791], [101.611245, 3.069792], [101.611246, 3.069954]]]}}, {"type": "Feature", "properties": {"height": 8.0}, "geometry": {"type": "Polygon", "coordinates": [[[101.611185, 3.069955], [101.611246, 3.069954], [101.611245, 3.069792], [101.611184, 3.069792], [101.611185, 3.069955]]]}}, {"type": "Feature", "properties": {"height": 8.0}, "geometry": {"type": "Polygon", "coordinates": [[[101.611124, 3.069955], [101.611185, 3.069955], [101.611184, 3.069792], [101.611123, 3.069793], [101.611124, 3.069955]]]}}, {"type": "Feature", "properties": {"height": 8.0}, "geometry": {"type": "Polygon", "coordinates": [[[101.611729, 3.069393], [101.61179, 3.069393], [101.611789, 3.069255], [101.611728, 3.069256], [101.611729, 3.069393]]]}}, {"type": "Feature", "properties": {"height": 8.0}, "geometry": {"type": "Polygon", "coordinates": [[[101.611669, 3.069394], [101.611729, 3.069393], [101.611728, 3.069256], [101.611667, 3.069256], [101.611669, 3.069394]]]}}, {"type": "Feature", "properties": {"height": 8.0}, "geometry": {"type": "Polygon", "coordinates": [[[101.611608, 3.069394], [101.611669, 3.069394], [101.611667, 3.069256], [101.611607, 3.069257], [101.611608, 3.069394]]]}}, {"type": "Feature", "properties": {"height": 8.0}, "geometry": {"type": "Polygon", "coordinates": [[[101.611547, 3.069395], [101.611608, 3.069394], [101.611607, 3.069257], [101.611546, 3.069258], [101.611547, 3.069395]]]}}, {"type": "Feature", "properties": {"height": 8.0}, "geometry": {"type": "Polygon", "coordinates": [[[101.611487, 3.069395], [101.611547, 3.069395], [101.611546, 3.069258], [101.611485, 3.069258], [101.611487, 3.069395]]]}}, {"type": "Feature", "properties": {"height": 8.0}, "geometry": {"type": "Polygon", "coordinates": [[[101.611426, 3.069396], [101.611487, 3.069395], [101.611485, 3.069258], [101.611425, 3.069259], [101.611426, 3.069396]]]}}, {"type": "Feature", "properties": {"height": 8.0}, "geometry": {"type": "Polygon", "coordinates": [[[101.611365, 3.069396], [101.611426, 3.069396], [101.611425, 3.069259], [101.611364, 3.069259], [101.611365, 3.069396]]]}}, {"type": "Feature", "properties": {"height": 8.0}, "geometry": {"type": "Polygon", "coordinates": [[[101.611305, 3.069397], [101.611365, 3.069396], [101.611364, 3.069259], [101.611303, 3.06926], [101.611305, 3.069397]]]}}, {"type": "Feature", "properties": {"height": 8.0}, "geometry": {"type": "Polygon", "coordinates": [[[101.611244, 3.069398], [101.611305, 3.069397], [101.611303, 3.06926], [101.611243, 3.06926], [101.611244, 3.069398]]]}}, {"type": "Feature", "properties": {"height": 8.0}, "geometry": {"type": "Polygon", "coordinates": [[[101.611183, 3.069398], [101.611244, 3.069398], [101.611243, 3.06926], [101.611182, 3.069261], [101.611183, 3.069398]]]}}, {"type": "Feature", "properties": {"height": 8.0}, "geometry": {"type": "Polygon", "coordinates": [[[101.611123, 3.069399], [101.611183, 3.069398], [101.611182, 3.069261], [101.611121, 3.069262], [101.611123, 3.069399]]]}}, {"type": "Feature", "properties": {"height": 8.0}, "geometry": {"type": "Polygon", "coordinates": [[[101.611121, 3.069426], [101.611028, 3.069427], [101.61103, 3.069589], [101.611122, 3.069588], [101.611121, 3.069426]]]}}, {"type": "Feature", "properties": {"height": 8.0}, "geometry": {"type": "Polygon", "coordinates": [[[101.611182, 3.069425], [101.611121, 3.069426], [101.611122, 3.069588], [101.611184, 3.069587], [101.611182, 3.069425]]]}}, {"type": "Feature", "properties": {"height": 8.0}, "geometry": {"type": "Polygon", "coordinates": [[[101.611243, 3.069425], [101.611182, 3.069425], [101.611184, 3.069587], [101.611245, 3.069587], [101.611243, 3.069425]]]}}, {"type": "Feature", "properties": {"height": 8.0}, "geometry": {"type": "Polygon", "coordinates": [[[101.611305, 3.069424], [101.611243, 3.069425], [101.611245, 3.069587], [101.611306, 3.069586], [101.611305, 3.069424]]]}}, {"type": "Feature", "properties": {"height": 8.0}, "geometry": {"type": "Polygon", "coordinates": [[[101.611366, 3.069424], [101.611305, 3.069424], [101.611306, 3.069586], [101.611368, 3.069585], [101.611366, 3.069424]]]}}, {"type": "Feature", "properties": {"height": 8.0}, "geometry": {"type": "Polygon", "coordinates": [[[101.611427, 3.069423], [101.611366, 3.069424], [101.611368, 3.069585], [101.611429, 3.069585], [101.611427, 3.069423]]]}}, {"type": "Feature", "properties": {"height": 8.0}, "geometry": {"type": "Polygon", "coordinates": [[[101.611489, 3.069422], [101.611427, 3.069423], [101.611429, 3.069585], [101.61149, 3.069584], [101.611489, 3.069422]]]}}, {"type": "Feature", "properties": {"height": 8.0}, "geometry": {"type": "Polygon", "coordinates": [[[101.61155, 3.069422], [101.611489, 3.069422], [101.61149, 3.069584], [101.611552, 3.069584], [101.61155, 3.069422]]]}}, {"type": "Feature", "properties": {"height": 8.0}, "geometry": {"type": "Polygon", "coordinates": [[[101.611611, 3.069421], [101.61155, 3.069422], [101.611552, 3.069584], [101.611613, 3.069583], [101.611611, 3.069421]]]}}, {"type": "Feature", "properties": {"height": 8.0}, "geometry": {"type": "Polygon", "coordinates": [[[101.611673, 3.069421], [101.611611, 3.069421], [101.611613, 3.069583], [101.611674, 3.069583], [101.611673, 3.069421]]]}}, {"type": "Feature", "properties": {"height": 8.0}, "geometry": {"type": "Polygon", "coordinates": [[[101.611734, 3.06942], [101.611673, 3.069421], [101.611674, 3.069583], [101.611735, 3.069582], [101.611734, 3.06942]]]}}, {"type": "Feature", "properties": {"height": 8.0}, "geometry": {"type": "Polygon", "coordinates": [[[101.611727, 3.068821], [101.611788, 3.06882], [101.611786, 3.068677], [101.611725, 3.068678], [101.611727, 3.068821]]]}}, {"type": "Feature", "properties": {"height": 8.0}, "geometry": {"type": "Polygon", "coordinates": [[[101.611665, 3.068821], [101.611727, 3.068821], [101.611725, 3.068678], [101.611664, 3.068679], [101.611665, 3.068821]]]}}, {"type": "Feature", "properties": {"height": 8.0}, "geometry": {"type": "Polygon", "coordinates": [[[101.611604, 3.068822], [101.611665, 3.068821], [101.611664, 3.068679], [101.611602, 3.06868], [101.611604, 3.068822]]]}}, {"type": "Feature", "properties": {"height": 8.0}, "geometry": {"type": "Polygon", "coordinates": [[[101.611543, 3.068823], [101.611604, 3.068822], [101.611602, 3.06868], [101.611541, 3.06868], [101.611543, 3.068823]]]}}, {"type": "Feature", "properties": {"height": 8.0}, "geometry": {"type": "Polygon", "coordinates": [[[101.611481, 3.068823], [101.611543, 3.068823], [101.611541, 3.06868], [101.61148, 3.068681], [101.611481, 3.068823]]]}}, {"type": "Feature", "properties": {"height": 8.0}, "geometry": {"type": "Polygon", "coordinates": [[[101.61142, 3.068824], [101.611481, 3.068823], [101.61148, 3.068681], [101.611419, 3.068682], [101.61142, 3.068824]]]}}, {"type": "Feature", "properties": {"height": 8.0}, "geometry": {"type": "Polygon", "coordinates": [[[101.611359, 3.068825], [101.61142, 3.068824], [101.611419, 3.068682], [101.611357, 3.068682], [101.611359, 3.068825]]]}}, {"type": "Feature", "properties": {"height": 8.0}, "geometry": {"type": "Polygon", "coordinates": [[[101.611298, 3.068826], [101.611359, 3.068825], [101.611357, 3.068682], [101.611296, 3.068683], [101.611298, 3.068826]]]}}, {"type": "Feature", "properties": {"height": 8.0}, "geometry": {"type": "Polygon", "coordinates": [[[101.611237, 3.068826], [101.611298, 3.068826], [101.611296, 3.068683], [101.611235, 3.068684], [101.611237, 3.068826]]]}}, {"type": "Feature", "properties": {"height": 8.0}, "geometry": {"type": "Polygon", "coordinates": [[[101.611175, 3.068827], [101.611237, 3.068826], [101.611235, 3.068684], [101.611174, 3.068685], [101.611175, 3.068827]]]}}, {"type": "Feature", "properties": {"height": 8.0}, "geometry": {"type": "Polygon", "coordinates": [[[101.611114, 3.068828], [101.611175, 3.068827], [101.611174, 3.068685], [101.611112, 3.068685], [101.611114, 3.068828]]]}}, {"type": "Feature", "properties": {"height": 8.0}, "geometry": {"type": "Polygon", "coordinates": [[[101.611722, 3.068998], [101.611782, 3.068998], [101.611781, 3.068843], [101.611721, 3.068843], [101.611722, 3.068998]]]}}, {"type": "Feature", "properties": {"height": 8.0}, "geometry": {"type": "Polygon", "coordinates": [[[101.611661, 3.068999], [101.611722, 3.068998], [101.611721, 3.068843], [101.61166, 3.068843], [101.611661, 3.068999]]]}}, {"type": "Feature", "properties": {"height": 8.0}, "geometry": {"type": "Polygon", "coordinates": [[[101.611601, 3.068999], [101.611661, 3.068999], [101.61166, 3.068843], [101.6116, 3.068844], [101.611601, 3.068999]]]}}, {"type": "Feature", "properties": {"height": 8.0}, "geometry": {"type": "Polygon", "coordinates": [[[101.611541, 3.069], [101.611601, 3.068999], [101.6116, 3.068844], [101.61154, 3.068844], [101.611541, 3.069]]]}}, {"type": "Feature", "properties": {"height": 8.0}, "geometry": {"type": "Polygon", "coordinates": [[[101.61148, 3.069], [101.611541, 3.069], [101.61154, 3.068844], [101.611479, 3.068845], [101.61148, 3.069]]]}}, {"type": "Feature", "properties": {"height": 8.0}, "geometry": {"type": "Polygon", "coordinates": [[[101.61142, 3.069], [101.61148, 3.069], [101.611479, 3.068845], [101.611419, 3.068845], [101.61142, 3.069]]]}}, {"type": "Feature", "properties": {"height": 8.0}, "geometry": {"type": "Polygon", "coordinates": [[[101.61136, 3.069001], [101.61142, 3.069], [101.611419, 3.068845], [101.611359, 3.068845], [101.61136, 3.069001]]]}}, {"type": "Feature", "properties": {"height": 8.0}, "geometry": {"type": "Polygon", "coordinates": [[[101.611299, 3.069001], [101.61136, 3.069001], [101.611359, 3.068845], [101.611298, 3.068846], [101.611299, 3.069001]]]}}, {"type": "Feature", "properties": {"height": 8.0}, "geometry": {"type": "Polygon", "coordinates": [[[101.611239, 3.069002], [101.611299, 3.069001], [101.611298, 3.068846], [101.611238, 3.068846], [101.611239, 3.069002]]]}}, {"type": "Feature", "properties": {"height": 8.0}, "geometry": {"type": "Polygon", "coordinates": [[[101.611179, 3.069002], [101.611239, 3.069002], [101.611238, 3.068846], [101.611178, 3.068847], [101.611179, 3.069002]]]}}, {"type": "Feature", "properties": {"height": 8.0}, "geometry": {"type": "Polygon", "coordinates": [[[101.611118, 3.069002], [101.611179, 3.069002], [101.611178, 3.068847], [101.611117, 3.068847], [101.611118, 3.069002]]]}}, {"type": "Feature", "properties": {"height": 8.0}, "geometry": {"type": "Polygon", "coordinates": [[[101.612397, 3.068996], [101.612458, 3.068996], [101.612457, 3.068844], [101.612396, 3.068844], [101.612397, 3.068996]]]}}, {"type": "Feature", "properties": {"height": 8.0}, "geometry": {"type": "Polygon", "coordinates": [[[101.612336, 3.068997], [101.612397, 3.068996], [101.612396, 3.068844], [101.612335, 3.068845], [101.612336, 3.068997]]]}}, {"type": "Feature", "properties": {"height": 8.0}, "geometry": {"type": "Polygon", "coordinates": [[[101.612275, 3.068997], [101.612336, 3.068997], [101.612335, 3.068845], [101.612274, 3.068845], [101.612275, 3.068997]]]}}, {"type": "Feature", "properties": {"height": 8.0}, "geometry": {"type": "Polygon", "coordinates": [[[101.612214, 3.068998], [101.612275, 3.068997], [101.612274, 3.068845], [101.612213, 3.068846], [101.612214, 3.068998]]]}}, {"type": "Feature", "properties": {"height": 8.0}, "geometry": {"type": "Polygon", "coordinates": [[[101.612153, 3.068998], [101.612214, 3.068998], [101.612213, 3.068846], [101.612152, 3.068846], [101.612153, 3.068998]]]}}, {"type": "Feature", "properties": {"height": 8.0}, "geometry": {"type": "Polygon", "coordinates": [[[101.612092, 3.068999], [101.612153, 3.068998], [101.612152, 3.068846], [101.612091, 3.068846], [101.612092, 3.068999]]]}}, {"type": "Feature", "properties": {"height": 8.0}, "geometry": {"type": "Polygon", "coordinates": [[[101.612031, 3.068999], [101.612092, 3.068999], [101.612091, 3.068846], [101.61203, 3.068847], [101.612031, 3.068999]]]}}, {"type": "Feature", "properties": {"height": 8.0}, "geometry": {"type": "Polygon", "coordinates": [[[101.61197, 3.069], [101.612031, 3.068999], [101.61203, 3.068847], [101.611969, 3.068847], [101.61197, 3.069]]]}}, {"type": "Feature", "properties": {"height": 8.0}, "geometry": {"type": "Polygon", "coordinates": [[[101.611909, 3.069], [101.61197, 3.069], [101.611969, 3.068847], [101.611908, 3.068848], [101.611909, 3.069]]]}}, {"type": "Feature", "properties": {"height": 8.0}, "geometry": {"type": "Polygon", "coordinates": [[[101.6119, 3.068684], [101.611838, 3.068684], [101.61184, 3.068815], [101.611901, 3.068815], [101.6119, 3.068684]]]}}, {"type": "Feature", "properties": {"height": 8.0}, "geometry": {"type": "Polygon", "coordinates": [[[101.611961, 3.068683], [101.6119, 3.068684], [101.611901, 3.068815], [101.611963, 3.068814], [101.611961, 3.068683]]]}}, {"type": "Feature", "properties": {"height": 8.0}, "geometry": {"type": "Polygon", "coordinates": [[[101.612023, 3.068682], [101.611961, 3.068683], [101.611963, 3.068814], [101.612024, 3.068813], [101.612023, 3.068682]]]}}, {"type": "Feature", "properties": {"height": 8.0}, "geometry": {"type": "Polygon", "coordinates": [[[101.612084, 3.068681], [101.612023, 3.068682], [101.612024, 3.068813], [101.612086, 3.068813], [101.612084, 3.068681]]]}}, {"type": "Feature", "properties": {"height": 8.0}, "geometry": {"type": "Polygon", "coordinates": [[[101.612146, 3.068681], [101.612084, 3.068681], [101.612086, 3.068813], [101.612147, 3.068812], [101.612146, 3.068681]]]}}, {"type": "Feature", "properties": {"height": 8.0}, "geometry": {"type": "Polygon", "coordinates": [[[101.612207, 3.06868], [101.612146, 3.068681], [101.612147, 3.068812], [101.612209, 3.068811], [101.612207, 3.06868]]]}}, {"type": "Feature", "properties": {"height": 8.0}, "geometry": {"type": "Polygon", "coordinates": [[[101.612269, 3.068679], [101.612207, 3.06868], [101.612209, 3.068811], [101.61227, 3.068811], [101.612269, 3.068679]]]}}, {"type": "Feature", "properties": {"height": 8.0}, "geometry": {"type": "Polygon", "coordinates": [[[101.61233, 3.068679], [101.612269, 3.068679], [101.61227, 3.068811], [101.612332, 3.06881], [101.61233, 3.068679]]]}}, {"type": "Feature", "properties": {"height": 8.0}, "geometry": {"type": "Polygon", "coordinates": [[[101.612392, 3.068678], [101.61233, 3.068679], [101.612332, 3.06881], [101.612393, 3.068809], [101.612392, 3.068678]]]}}, {"type": "Feature", "properties": {"height": 8.0}, "geometry": {"type": "Polygon", "coordinates": [[[101.612453, 3.068677], [101.612392, 3.068678], [101.612393, 3.068809], [101.612455, 3.068808], [101.612453, 3.068677]]]}}, {"type": "Feature", "properties": {"height": 8.0}, "geometry": {"type": "Polygon", "coordinates": [[[101.612515, 3.068677], [101.612453, 3.068677], [101.612455, 3.068808], [101.612516, 3.068808], [101.612515, 3.068677]]]}}, {"type": "Feature", "properties": {"height": 8.0}, "geometry": {"type": "Polygon", "coordinates": [[[101.613305, 3.068994], [101.613366, 3.068994], [101.613365, 3.068836], [101.613304, 3.068837], [101.613305, 3.068994]]]}}, {"type": "Feature", "properties": {"height": 8.0}, "geometry": {"type": "Polygon", "coordinates": [[[101.613245, 3.068995], [101.613305, 3.068994], [101.613304, 3.068837], [101.613244, 3.068837], [101.613245, 3.068995]]]}}, {"type": "Feature", "properties": {"height": 8.0}, "geometry": {"type": "Polygon", "coordinates": [[[101.613185, 3.068995], [101.613245, 3.068995], [101.613244, 3.068837], [101.613184, 3.068838], [101.613185, 3.068995]]]}}, {"type": "Feature", "properties": {"height": 8.0}, "geometry": {"type": "Polygon", "coordinates": [[[101.613124, 3.068995], [101.613185, 3.068995], [101.613184, 3.068838], [101.613123, 3.068838], [101.613124, 3.068995]]]}}, {"type": "Feature", "properties": {"height": 8.0}, "geometry": {"type": "Polygon", "coordinates": [[[101.613064, 3.068996], [101.613124, 3.068995], [101.613123, 3.068838], [101.613063, 3.068838], [101.613064, 3.068996]]]}}, {"type": "Feature", "properties": {"height": 8.0}, "geometry": {"type": "Polygon", "coordinates": [[[101.613003, 3.068996], [101.613064, 3.068996], [101.613063, 3.068838], [101.613002, 3.068839], [101.613003, 3.068996]]]}}, {"type": "Feature", "properties": {"height": 8.0}, "geometry": {"type": "Polygon", "coordinates": [[[101.612943, 3.068996], [101.613003, 3.068996], [101.613002, 3.068839], [101.612942, 3.068839], [101.612943, 3.068996]]]}}, {"type": "Feature", "properties": {"height": 8.0}, "geometry": {"type": "Polygon", "coordinates": [[[101.612882, 3.068997], [101.612943, 3.068996], [101.612942, 3.068839], [101.612881, 3.06884], [101.612882, 3.068997]]]}}, {"type": "Feature", "properties": {"height": 8.0}, "geometry": {"type": "Polygon", "coordinates": [[[101.612822, 3.068997], [101.612882, 3.068997], [101.612881, 3.06884], [101.612821, 3.06884], [101.612822, 3.068997]]]}}, {"type": "Feature", "properties": {"height": 8.0}, "geometry": {"type": "Polygon", "coordinates": [[[101.612761, 3.068998], [101.612822, 3.068997], [101.612821, 3.06884], [101.61276, 3.06884], [101.612761, 3.068998]]]}}, {"type": "Feature", "properties": {"height": 8.0}, "geometry": {"type": "Polygon", "coordinates": [[[101.612701, 3.068998], [101.612761, 3.068998], [101.61276, 3.06884], [101.6127, 3.068841], [101.612701, 3.068998]]]}}, {"type": "Feature", "properties": {"height": 8.0}, "geometry": {"type": "Polygon", "coordinates": [[[101.612699, 3.068815], [101.612638, 3.068816], [101.612636, 3.068684], [101.612697, 3.068683], [101.612699, 3.068815]]]}}, {"type": "Feature", "properties": {"height": 8.0}, "geometry": {"type": "Polygon", "coordinates": [[[101.61276, 3.068814], [101.612699, 3.068815], [101.612697, 3.068683], [101.612758, 3.068682], [101.61276, 3.068814]]]}}, {"type": "Feature", "properties": {"height": 8.0}, "geometry": {"type": "Polygon", "coordinates": [[[101.612821, 3.068814], [101.61276, 3.068814], [101.612758, 3.068682], [101.612819, 3.068682], [101.612821, 3.068814]]]}}, {"type": "Feature", "properties": {"height": 8.0}, "geometry": {"type": "Polygon", "coordinates": [[[101.612882, 3.068813], [101.612821, 3.068814], [101.612819, 3.068682], [101.61288, 3.068681], [101.612882, 3.068813]]]}}, {"type": "Feature", "properties": {"height": 8.0}, "geometry": {"type": "Polygon", "coordinates": [[[101.612943, 3.068812], [101.612882, 3.068813], [101.61288, 3.068681], [101.612941, 3.06868], [101.612943, 3.068812]]]}}, {"type": "Feature", "properties": {"height": 8.0}, "geometry": {"type": "Polygon", "coordinates": [[[101.613003, 3.068812], [101.612943, 3.068812], [101.612941, 3.06868], [101.613002, 3.06868], [101.613003, 3.068812]]]}}, {"type": "Feature", "properties": {"height": 8.0}, "geometry": {"type": "Polygon", "coordinates": [[[101.613064, 3.068811], [101.613003, 3.068812], [101.613002, 3.06868], [101.613063, 3.068679], [101.613064, 3.068811]]]}}, {"type": "Feature", "properties": {"height": 8.0}, "geometry": {"type": "Polygon", "coordinates": [[[101.613125, 3.06881], [101.613064, 3.068811], [101.613063, 3.068679], [101.613124, 3.068678], [101.613125, 3.06881]]]}}, {"type": "Feature", "properties": {"height": 8.0}, "geometry": {"type": "Polygon", "coordinates": [[[101.613186, 3.068809], [101.613125, 3.06881], [101.613124, 3.068678], [101.613185, 3.068678], [101.613186, 3.068809]]]}}, {"type": "Feature", "properties": {"height": 8.0}, "geometry": {"type": "Polygon", "coordinates": [[[101.613247, 3.068809], [101.613186, 3.068809], [101.613185, 3.068678], [101.613246, 3.068677], [101.613247, 3.068809]]]}}, {"type": "Feature", "properties": {"height": 8.0}, "geometry": {"type": "Polygon", "coordinates": [[[101.613308, 3.068808], [101.613247, 3.068809], [101.613246, 3.068677], [101.613306, 3.068676], [101.613308, 3.068808]]]}}, {"type": "Feature", "properties": {"height": 8.0}, "geometry": {"type": "Polygon", "coordinates": [[[101.611108, 3.068129], [101.611046, 3.068129], [101.611047, 3.06827], [101.611109, 3.068269], [101.611108, 3.068129]]]}}, {"type": "Feature", "properties": {"height": 8.0}, "geometry": {"type": "Polygon", "coordinates": [[[101.61117, 3.068128], [101.611108, 3.068129], [101.611109, 3.068269], [101.611171, 3.068269], [101.61117, 3.068128]]]}}, {"type": "Feature", "properties": {"height": 8.0}, "geometry": {"type": "Polygon", "coordinates": [[[101.611232, 3.068128], [101.61117, 3.068128], [101.611171, 3.068269], [101.611233, 3.068268], [101.611232, 3.068128]]]}}, {"type": "Feature", "properties": {"height": 8.0}, "geometry": {"type": "Polygon", "coordinates": [[[101.611294, 3.068127], [101.611232, 3.068128], [101.611233, 3.068268], [101.611295, 3.068268], [101.611294, 3.068127]]]}}, {"type": "Feature", "properties": {"height": 8.0}, "geometry": {"type": "Polygon", "coordinates": [[[101.611356, 3.068127], [101.611294, 3.068127], [101.611295, 3.068268], [101.611357, 3.068268], [101.611356, 3.068127]]]}}, {"type": "Feature", "properties": {"height": 8.0}, "geometry": {"type": "Polygon", "coordinates": [[[101.611418, 3.068126], [101.611356, 3.068127], [101.611357, 3.068268], [101.611419, 3.068267], [101.611418, 3.068126]]]}}, {"type": "Feature", "properties": {"height": 8.0}, "geometry": {"type": "Polygon", "coordinates": [[[101.61148, 3.068126], [101.611418, 3.068126], [101.611419, 3.068267], [101.611481, 3.068267], [101.61148, 3.068126]]]}}, {"type": "Feature", "properties": {"height": 8.0}, "geometry": {"type": "Polygon", "coordinates": [[[101.611542, 3.068126], [101.61148, 3.068126], [101.611481, 3.068267], [101.611542, 3.068266], [101.611542, 3.068126]]]}}, {"type": "Feature", "properties": {"height": 8.0}, "geometry": {"type": "Polygon", "coordinates": [[[101.611603, 3.068125], [101.611542, 3.068126], [101.611542, 3.068266], [101.611604, 3.068266], [101.611603, 3.068125]]]}}, {"type": "Feature", "properties": {"height": 8.0}, "geometry": {"type": "Polygon", "coordinates": [[[101.611665, 3.068125], [101.611603, 3.068125], [101.611604, 3.068266], [101.611666, 3.068265], [101.611665, 3.068125]]]}}, {"type": "Feature", "properties": {"height": 8.0}, "geometry": {"type": "Polygon", "coordinates": [[[101.611727, 3.068124], [101.611665, 3.068125], [101.611666, 3.068265], [101.611728, 3.068265], [101.611727, 3.068124]]]}}, {"type": "Feature", "properties": {"height": 8.0}, "geometry": {"type": "Polygon", "coordinates": [[[101.611727, 3.068443], [101.611789, 3.068443], [101.611788, 3.068288], [101.611726, 3.068288], [101.611727, 3.068443]]]}}, {"type": "Feature", "properties": {"height": 8.0}, "geometry": {"type": "Polygon", "coordinates": [[[101.611666, 3.068444], [101.611727, 3.068443], [101.611726, 3.068288], [101.611664, 3.068289], [101.611666, 3.068444]]]}}, {"type": "Feature", "properties": {"height": 8.0}, "geometry": {"type": "Polygon", "coordinates": [[[101.611604, 3.068444], [101.611666, 3.068444], [101.611664, 3.068289], [101.611603, 3.06829], [101.611604, 3.068444]]]}}, {"type": "Feature", "properties": {"height": 8.0}, "geometry": {"type": "Polygon", "coordinates": [[[101.611543, 3.068445], [101.611604, 3.068444], [101.611603, 3.06829], [101.611541, 3.06829], [101.611543, 3.068445]]]}}, {"type": "Feature", "properties": {"height": 8.0}, "geometry": {"type": "Polygon", "coordinates": [[[101.611481, 3.068445], [101.611543, 3.068445], [101.611541, 3.06829], [101.61148, 3.068291], [101.611481, 3.068445]]]}}, {"type": "Feature", "properties": {"height": 8.0}, "geometry": {"type": "Polygon", "coordinates": [[[101.611419, 3.068446], [101.611481, 3.068445], [101.61148, 3.068291], [101.611418, 3.068291], [101.611419, 3.068446]]]}}, {"type": "Feature", "properties": {"height": 8.0}, "geometry": {"type": "Polygon", "coordinates": [[[101.611358, 3.068446], [101.611419, 3.068446], [101.611418, 3.068291], [101.611356, 3.068292], [101.611358, 3.068446]]]}}, {"type": "Feature", "properties": {"height": 8.0}, "geometry": {"type": "Polygon", "coordinates": [[[101.611296, 3.068447], [101.611358, 3.068446], [101.611356, 3.068292], [101.611295, 3.068292], [101.611296, 3.068447]]]}}, {"type": "Feature", "properties": {"height": 8.0}, "geometry": {"type": "Polygon", "coordinates": [[[101.611235, 3.068447], [101.611296, 3.068447], [101.611295, 3.068292], [101.611233, 3.068293], [101.611235, 3.068447]]]}}, {"type": "Feature", "properties": {"height": 8.0}, "geometry": {"type": "Polygon", "coordinates": [[[101.611173, 3.068448], [101.611235, 3.068447], [101.611233, 3.068293], [101.611172, 3.068293], [101.611173, 3.068448]]]}}, {"type": "Feature", "properties": {"height": 8.0}, "geometry": {"type": "Polygon", "coordinates": [[[101.611111, 3.068449], [101.611173, 3.068448], [101.611172, 3.068293], [101.61111, 3.068294], [101.611111, 3.068449]]]}}, {"type": "Feature", "properties": {"height": 8.0}, "geometry": {"type": "Polygon", "coordinates": [[[101.612512, 3.068443], [101.612573, 3.068443], [101.612572, 3.068286], [101.612511, 3.068287], [101.612512, 3.068443]]]}}, {"type": "Feature", "properties": {"height": 8.0}, "geometry": {"type": "Polygon", "coordinates": [[[101.612451, 3.068444], [101.612512, 3.068443], [101.612511, 3.068287], [101.61245, 3.068287], [101.612451, 3.068444]]]}}, {"type": "Feature", "properties": {"height": 8.0}, "geometry": {"type": "Polygon", "coordinates": [[[101.61239, 3.068444], [101.612451, 3.068444], [101.61245, 3.068287], [101.612389, 3.068288], [101.61239, 3.068444]]]}}, {"type": "Feature", "properties": {"height": 8.0}, "geometry": {"type": "Polygon", "coordinates": [[[101.612329, 3.068445], [101.61239, 3.068444], [101.612389, 3.068288], [101.612327, 3.068288], [101.612329, 3.068445]]]}}, {"type": "Feature", "properties": {"height": 8.0}, "geometry": {"type": "Polygon", "coordinates": [[[101.612268, 3.068445], [101.612329, 3.068445], [101.612327, 3.068288], [101.612266, 3.068289], [101.612268, 3.068445]]]}}, {"type": "Feature", "properties": {"height": 8.0}, "geometry": {"type": "Polygon", "coordinates": [[[101.612207, 3.068446], [101.612268, 3.068445], [101.612266, 3.068289], [101.612205, 3.068289], [101.612207, 3.068446]]]}}, {"type": "Feature", "properties": {"height": 8.0}, "geometry": {"type": "Polygon", "coordinates": [[[101.612145, 3.068446], [101.612207, 3.068446], [101.612205, 3.068289], [101.612144, 3.06829], [101.612145, 3.068446]]]}}, {"type": "Feature", "properties": {"height": 8.0}, "geometry": {"type": "Polygon", "coordinates": [[[101.612084, 3.068447], [101.612145, 3.068446], [101.612144, 3.06829], [101.612083, 3.06829], [101.612084, 3.068447]]]}}, {"type": "Feature", "properties": {"height": 8.0}, "geometry": {"type": "Polygon", "coordinates": [[[101.612023, 3.068448], [101.612084, 3.068447], [101.612083, 3.06829], [101.612022, 3.068291], [101.612023, 3.068448]]]}}, {"type": "Feature", "properties": {"height": 8.0}, "geometry": {"type": "Polygon", "coordinates": [[[101.611962, 3.068448], [101.612023, 3.068448], [101.612022, 3.068291], [101.611961, 3.068291], [101.611962, 3.068448]]]}}, {"type": "Feature", "properties": {"height": 8.0}, "geometry": {"type": "Polygon", "coordinates": [[[101.611901, 3.068449], [101.611962, 3.068448], [101.611961, 3.068291], [101.6119, 3.068292], [101.611901, 3.068449]]]}}, {"type": "Feature", "properties": {"height": 8.0}, "geometry": {"type": "Polygon", "coordinates": [[[101.611899, 3.068129], [101.611837, 3.06813], [101.611838, 3.068267], [101.6119, 3.068266], [101.611899, 3.068129]]]}}, {"type": "Feature", "properties": {"height": 8.0}, "geometry": {"type": "Polygon", "coordinates": [[[101.61196, 3.068129], [101.611899, 3.068129], [101.6119, 3.068266], [101.611961, 3.068266], [101.61196, 3.068129]]]}}, {"type": "Feature", "properties": {"height": 8.0}, "geometry": {"type": "Polygon", "coordinates": [[[101.612021, 3.068129], [101.61196, 3.068129], [101.611961, 3.068266], [101.612022, 3.068265], [101.612021, 3.068129]]]}}, {"type": "Feature", "properties": {"height": 8.0}, "geometry": {"type": "Polygon", "coordinates": [[[101.612082, 3.068128], [101.612021, 3.068129], [101.612022, 3.068265], [101.612083, 3.068265], [101.612082, 3.068128]]]}}, {"type": "Feature", "properties": {"height": 8.0}, "geometry": {"type": "Polygon", "coordinates": [[[101.612144, 3.068128], [101.612082, 3.068128], [101.612083, 3.068265], [101.612145, 3.068264], [101.612144, 3.068128]]]}}, {"type": "Feature", "properties": {"height": 8.0}, "geometry": {"type": "Polygon", "coordinates": [[[101.612205, 3.068127], [101.612144, 3.068128], [101.612145, 3.068264], [101.612206, 3.068264], [101.612205, 3.068127]]]}}, {"type": "Feature", "properties": {"height": 8.0}, "geometry": {"type": "Polygon", "coordinates": [[[101.612266, 3.068127], [101.612205, 3.068127], [101.612206, 3.068264], [101.612267, 3.068264], [101.612266, 3.068127]]]}}, {"type": "Feature", "properties": {"height": 8.0}, "geometry": {"type": "Polygon", "coordinates": [[[101.612327, 3.068126], [101.612266, 3.068127], [101.612267, 3.068264], [101.612328, 3.068263], [101.612327, 3.068126]]]}}, {"type": "Feature", "properties": {"height": 8.0}, "geometry": {"type": "Polygon", "coordinates": [[[101.612388, 3.068126], [101.612327, 3.068126], [101.612328, 3.068263], [101.61239, 3.068263], [101.612388, 3.068126]]]}}, {"type": "Feature", "properties": {"height": 8.0}, "geometry": {"type": "Polygon", "coordinates": [[[101.61245, 3.068126], [101.612388, 3.068126], [101.61239, 3.068263], [101.612451, 3.068262], [101.61245, 3.068126]]]}}, {"type": "Feature", "properties": {"height": 8.0}, "geometry": {"type": "Polygon", "coordinates": [[[101.612511, 3.068125], [101.61245, 3.068126], [101.612451, 3.068262], [101.612512, 3.068262], [101.612511, 3.068125]]]}}, {"type": "Feature", "properties": {"height": 8.0}, "geometry": {"type": "Polygon", "coordinates": [[[101.613306, 3.068442], [101.613369, 3.068442], [101.613367, 3.068286], [101.613305, 3.068287], [101.613306, 3.068442]]]}}, {"type": "Feature", "properties": {"height": 8.0}, "geometry": {"type": "Polygon", "coordinates": [[[101.613244, 3.068443], [101.613306, 3.068442], [101.613305, 3.068287], [101.613243, 3.068287], [101.613244, 3.068443]]]}}, {"type": "Feature", "properties": {"height": 8.0}, "geometry": {"type": "Polygon", "coordinates": [[[101.613182, 3.068443], [101.613244, 3.068443], [101.613243, 3.068287], [101.613181, 3.068288], [101.613182, 3.068443]]]}}, {"type": "Feature", "properties": {"height": 8.0}, "geometry": {"type": "Polygon", "coordinates": [[[101.61312, 3.068444], [101.613182, 3.068443], [101.613181, 3.068288], [101.613119, 3.068288], [101.61312, 3.068444]]]}}, {"type": "Feature", "properties": {"height": 8.0}, "geometry": {"type": "Polygon", "coordinates": [[[101.613058, 3.068444], [101.61312, 3.068444], [101.613119, 3.068288], [101.613057, 3.068289], [101.613058, 3.068444]]]}}, {"type": "Feature", "properties": {"height": 8.0}, "geometry": {"type": "Polygon", "coordinates": [[[101.612996, 3.068445], [101.613058, 3.068444], [101.613057, 3.068289], [101.612994, 3.06829], [101.612996, 3.068445]]]}}, {"type": "Feature", "properties": {"height": 8.0}, "geometry": {"type": "Polygon", "coordinates": [[[101.612934, 3.068445], [101.612996, 3.068445], [101.612994, 3.06829], [101.612932, 3.06829], [101.612934, 3.068445]]]}}, {"type": "Feature", "properties": {"height": 8.0}, "geometry": {"type": "Polygon", "coordinates": [[[101.612872, 3.068446], [101.612934, 3.068445], [101.612932, 3.06829], [101.61287, 3.068291], [101.612872, 3.068446]]]}}, {"type": "Feature", "properties": {"height": 8.0}, "geometry": {"type": "Polygon", "coordinates": [[[101.612809, 3.068446], [101.612872, 3.068446], [101.61287, 3.068291], [101.612808, 3.068291], [101.612809, 3.068446]]]}}, {"type": "Feature", "properties": {"height": 8.0}, "geometry": {"type": "Polygon", "coordinates": [[[101.612747, 3.068447], [101.612809, 3.068446], [101.612808, 3.068291], [101.612746, 3.068292], [101.612747, 3.068447]]]}}, {"type": "Feature", "properties": {"height": 8.0}, "geometry": {"type": "Polygon", "coordinates": [[[101.612685, 3.068447], [101.612747, 3.068447], [101.612746, 3.068292], [101.612684, 3.068292], [101.612685, 3.068447]]]}}, {"type": "Feature", "properties": {"height": 8.0}, "geometry": {"type": "Polygon", "coordinates": [[[101.612681, 3.068126], [101.612619, 3.068126], [101.61262, 3.068267], [101.612683, 3.068267], [101.612681, 3.068126]]]}}, {"type": "Feature", "properties": {"height": 8.0}, "geometry": {"type": "Polygon", "coordinates": [[[101.612744, 3.068125], [101.612681, 3.068126], [101.612683, 3.068267], [101.612745, 3.068266], [101.612744, 3.068125]]]}}, {"type": "Feature", "properties": {"height": 8.0}, "geometry": {"type": "Polygon", "coordinates": [[[101.612806, 3.068125], [101.612744, 3.068125], [101.612745, 3.068266], [101.612807, 3.068266], [101.612806, 3.068125]]]}}, {"type": "Feature", "properties": {"height": 8.0}, "geometry": {"type": "Polygon", "coordinates": [[[101.612868, 3.068125], [101.612806, 3.068125], [101.612807, 3.068266], [101.612869, 3.068265], [101.612868, 3.068125]]]}}, {"type": "Feature", "properties": {"height": 8.0}, "geometry": {"type": "Polygon", "coordinates": [[[101.612931, 3.068124], [101.612868, 3.068125], [101.612869, 3.068265], [101.612932, 3.068265], [101.612931, 3.068124]]]}}, {"type": "Feature", "properties": {"height": 8.0}, "geometry": {"type": "Polygon", "coordinates": [[[101.612993, 3.068124], [101.612931, 3.068124], [101.612932, 3.068265], [101.612994, 3.068265], [101.612993, 3.068124]]]}}, {"type": "Feature", "properties": {"height": 8.0}, "geometry": {"type": "Polygon", "coordinates": [[[101.613055, 3.068124], [101.612993, 3.068124], [101.612994, 3.068265], [101.613056, 3.068264], [101.613055, 3.068124]]]}}, {"type": "Feature", "properties": {"height": 8.0}, "geometry": {"type": "Polygon", "coordinates": [[[101.613117, 3.068123], [101.613055, 3.068124], [101.613056, 3.068264], [101.613118, 3.068264], [101.613117, 3.068123]]]}}, {"type": "Feature", "properties": {"height": 8.0}, "geometry": {"type": "Polygon", "coordinates": [[[101.61318, 3.068123], [101.613117, 3.068123], [101.613118, 3.068264], [101.61318, 3.068263], [101.61318, 3.068123]]]}}, {"type": "Feature", "properties": {"height": 8.0}, "geometry": {"type": "Polygon", "coordinates": [[[101.613242, 3.068122], [101.61318, 3.068123], [101.61318, 3.068263], [101.613243, 3.068263], [101.613242, 3.068122]]]}}, {"type": "Feature", "properties": {"height": 8.0}, "geometry": {"type": "Polygon", "coordinates": [[[101.613304, 3.068122], [101.613242, 3.068122], [101.613243, 3.068263], [101.613305, 3.068262], [101.613304, 3.068122]]]}}, {"type": "Feature", "properties": {"height": 8.0}, "geometry": {"type": "Polygon", "coordinates": [[[101.612684, 3.067572], [101.612622, 3.067573], [101.612623, 3.067713], [101.612685, 3.067712], [101.612684, 3.067572]]]}}, {"type": "Feature", "properties": {"height": 8.0}, "geometry": {"type": "Polygon", "coordinates": [[[101.612746, 3.067572], [101.612684, 3.067572], [101.612685, 3.067712], [101.612747, 3.067712], [101.612746, 3.067572]]]}}, {"type": "Feature", "properties": {"height": 8.0}, "geometry": {"type": "Polygon", "coordinates": [[[101.612808, 3.067571], [101.612746, 3.067572], [101.612747, 3.067712], [101.612809, 3.067711], [101.612808, 3.067571]]]}}, {"type": "Feature", "properties": {"height": 8.0}, "geometry": {"type": "Polygon", "coordinates": [[[101.612869, 3.06757], [101.612808, 3.067571], [101.612809, 3.067711], [101.612871, 3.067711], [101.612869, 3.06757]]]}}, {"type": "Feature", "properties": {"height": 8.0}, "geometry": {"type": "Polygon", "coordinates": [[[101.612931, 3.06757], [101.612869, 3.06757], [101.612871, 3.067711], [101.612932, 3.06771], [101.612931, 3.06757]]]}}, {"type": "Feature", "properties": {"height": 8.0}, "geometry": {"type": "Polygon", "coordinates": [[[101.612993, 3.067569], [101.612931, 3.06757], [101.612932, 3.06771], [101.612994, 3.067709], [101.612993, 3.067569]]]}}, {"type": "Feature", "properties": {"height": 8.0}, "geometry": {"type": "Polygon", "coordinates": [[[101.613055, 3.067569], [101.612993, 3.067569], [101.612994, 3.067709], [101.613056, 3.067709], [101.613055, 3.067569]]]}}, {"type": "Feature", "properties": {"height": 8.0}, "geometry": {"type": "Polygon", "coordinates": [[[101.613117, 3.067568], [101.613055, 3.067569], [101.613056, 3.067709], [101.613118, 3.067708], [101.613117, 3.067568]]]}}, {"type": "Feature", "properties": {"height": 8.0}, "geometry": {"type": "Polygon", "coordinates": [[[101.613179, 3.067568], [101.613117, 3.067568], [101.613118, 3.067708], [101.61318, 3.067708], [101.613179, 3.067568]]]}}, {"type": "Feature", "properties": {"height": 8.0}, "geometry": {"type": "Polygon", "coordinates": [[[101.613241, 3.067567], [101.613179, 3.067568], [101.61318, 3.067708], [101.613242, 3.067707], [101.613241, 3.067567]]]}}, {"type": "Feature", "properties": {"height": 8.0}, "geometry": {"type": "Polygon", "coordinates": [[[101.613303, 3.067566], [101.613241, 3.067567], [101.613242, 3.067707], [101.613304, 3.067707], [101.613303, 3.067566]]]}}, {"type": "Feature", "properties": {"height": 8.0}, "geometry": {"type": "Polygon", "coordinates": [[[101.613308, 3.067893], [101.61337, 3.067893], [101.613369, 3.067732], [101.613307, 3.067732], [101.613308, 3.067893]]]}}, {"type": "Feature", "properties": {"height": 8.0}, "geometry": {"type": "Polygon", "coordinates": [[[101.613246, 3.067894], [101.613308, 3.067893], [101.613307, 3.067732], [101.613245, 3.067733], [101.613246, 3.067894]]]}}, {"type": "Feature", "properties": {"height": 8.0}, "geometry": {"type": "Polygon", "coordinates": [[[101.613184, 3.067894], [101.613246, 3.067894], [101.613245, 3.067733], [101.613183, 3.067733], [101.613184, 3.067894]]]}}, {"type": "Feature", "properties": {"height": 8.0}, "geometry": {"type": "Polygon", "coordinates": [[[101.613122, 3.067895], [101.613184, 3.067894], [101.613183, 3.067733], [101.613121, 3.067734], [101.613122, 3.067895]]]}}, {"type": "Feature", "properties": {"height": 8.0}, "geometry": {"type": "Polygon", "coordinates": [[[101.61306, 3.067895], [101.613122, 3.067895], [101.613121, 3.067734], [101.613059, 3.067734], [101.61306, 3.067895]]]}}, {"type": "Feature", "properties": {"height": 8.0}, "geometry": {"type": "Polygon", "coordinates": [[[101.612998, 3.067896], [101.61306, 3.067895], [101.613059, 3.067734], [101.612997, 3.067735], [101.612998, 3.067896]]]}}, {"type": "Feature", "properties": {"height": 8.0}, "geometry": {"type": "Polygon", "coordinates": [[[101.612936, 3.067896], [101.612998, 3.067896], [101.612997, 3.067735], [101.612935, 3.067735], [101.612936, 3.067896]]]}}, {"type": "Feature", "properties": {"height": 8.0}, "geometry": {"type": "Polygon", "coordinates": [[[101.612874, 3.067896], [101.612936, 3.067896], [101.612935, 3.067735], [101.612873, 3.067736], [101.612874, 3.067896]]]}}, {"type": "Feature", "properties": {"height": 8.0}, "geometry": {"type": "Polygon", "coordinates": [[[101.612812, 3.067897], [101.612874, 3.067896], [101.612873, 3.067736], [101.612811, 3.067736], [101.612812, 3.067897]]]}}, {"type": "Feature", "properties": {"height": 8.0}, "geometry": {"type": "Polygon", "coordinates": [[[101.61275, 3.067897], [101.612812, 3.067897], [101.612811, 3.067736], [101.612749, 3.067737], [101.61275, 3.067897]]]}}, {"type": "Feature", "properties": {"height": 8.0}, "geometry": {"type": "Polygon", "coordinates": [[[101.612688, 3.067898], [101.61275, 3.067897], [101.612749, 3.067737], [101.612687, 3.067737], [101.612688, 3.067898]]]}}, {"type": "Feature", "properties": {"height": 8.0}, "geometry": {"type": "Polygon", "coordinates": [[[101.611896, 3.067575], [101.611834, 3.067575], [101.611836, 3.067716], [101.611898, 3.067716], [101.611896, 3.067575]]]}}, {"type": "Feature", "properties": {"height": 8.0}, "geometry": {"type": "Polygon", "coordinates": [[[101.611958, 3.067574], [101.611896, 3.067575], [101.611898, 3.067716], [101.611959, 3.067715], [101.611958, 3.067574]]]}}, {"type": "Feature", "properties": {"height": 8.0}, "geometry": {"type": "Polygon", "coordinates": [[[101.61202, 3.067573], [101.611958, 3.067574], [101.611959, 3.067715], [101.612021, 3.067715], [101.61202, 3.067573]]]}}, {"type": "Feature", "properties": {"height": 8.0}, "geometry": {"type": "Polygon", "coordinates": [[[101.612082, 3.067573], [101.61202, 3.067573], [101.612021, 3.067715], [101.612083, 3.067714], [101.612082, 3.067573]]]}}, {"type": "Feature", "properties": {"height": 8.0}, "geometry": {"type": "Polygon", "coordinates": [[[101.612144, 3.067572], [101.612082, 3.067573], [101.612083, 3.067714], [101.612145, 3.067713], [101.612144, 3.067572]]]}}, {"type": "Feature", "properties": {"height": 8.0}, "geometry": {"type": "Polygon", "coordinates": [[[101.612205, 3.067572], [101.612144, 3.067572], [101.612145, 3.067713], [101.612207, 3.067713], [101.612205, 3.067572]]]}}, {"type": "Feature", "properties": {"height": 8.0}, "geometry": {"type": "Polygon", "coordinates": [[[101.612267, 3.067571], [101.612205, 3.067572], [101.612207, 3.067713], [101.612268, 3.067712], [101.612267, 3.067571]]]}}, {"type": "Feature", "properties": {"height": 8.0}, "geometry": {"type": "Polygon", "coordinates": [[[101.612329, 3.067571], [101.612267, 3.067571], [101.612268, 3.067712], [101.61233, 3.067712], [101.612329, 3.067571]]]}}, {"type": "Feature", "properties": {"height": 8.0}, "geometry": {"type": "Polygon", "coordinates": [[[101.612391, 3.06757], [101.612329, 3.067571], [101.61233, 3.067712], [101.612392, 3.067711], [101.612391, 3.06757]]]}}, {"type": "Feature", "properties": {"height": 8.0}, "geometry": {"type": "Polygon", "coordinates": [[[101.612453, 3.067569], [101.612391, 3.06757], [101.612392, 3.067711], [101.612454, 3.067711], [101.612453, 3.067569]]]}}, {"type": "Feature", "properties": {"height": 8.0}, "geometry": {"type": "Polygon", "coordinates": [[[101.612515, 3.067569], [101.612453, 3.067569], [101.612454, 3.067711], [101.612516, 3.06771], [101.612515, 3.067569]]]}}, {"type": "Feature", "properties": {"height": 8.0}, "geometry": {"type": "Polygon", "coordinates": [[[101.61251, 3.067893], [101.612571, 3.067892], [101.612569, 3.06773], [101.612508, 3.067731], [101.61251, 3.067893]]]}}, {"type": "Feature", "properties": {"height": 8.0}, "geometry": {"type": "Polygon", "coordinates": [[[101.612449, 3.067893], [101.61251, 3.067893], [101.612508, 3.067731], [101.612447, 3.067731], [101.612449, 3.067893]]]}}, {"type": "Feature", "properties": {"height": 8.0}, "geometry": {"type": "Polygon", "coordinates": [[[101.612388, 3.067893], [101.612449, 3.067893], [101.612447, 3.067731], [101.612386, 3.067732], [101.612388, 3.067893]]]}}, {"type": "Feature", "properties": {"height": 8.0}, "geometry": {"type": "Polygon", "coordinates": [[[101.612327, 3.067894], [101.612388, 3.067893], [101.612386, 3.067732], [101.612325, 3.067732], [101.612327, 3.067894]]]}}, {"type": "Feature", "properties": {"height": 8.0}, "geometry": {"type": "Polygon", "coordinates": [[[101.612266, 3.067894], [101.612327, 3.067894], [101.612325, 3.067732], [101.612264, 3.067733], [101.612266, 3.067894]]]}}, {"type": "Feature", "properties": {"height": 8.0}, "geometry": {"type": "Polygon", "coordinates": [[[101.612205, 3.067895], [101.612266, 3.067894], [101.612264, 3.067733], [101.612203, 3.067733], [101.612205, 3.067895]]]}}, {"type": "Feature", "properties": {"height": 8.0}, "geometry": {"type": "Polygon", "coordinates": [[[101.612144, 3.067895], [101.612205, 3.067895], [101.612203, 3.067733], [101.612142, 3.067734], [101.612144, 3.067895]]]}}, {"type": "Feature", "properties": {"height": 8.0}, "geometry": {"type": "Polygon", "coordinates": [[[101.612082, 3.067896], [101.612144, 3.067895], [101.612142, 3.067734], [101.612081, 3.067734], [101.612082, 3.067896]]]}}, {"type": "Feature", "properties": {"height": 8.0}, "geometry": {"type": "Polygon", "coordinates": [[[101.612021, 3.067896], [101.612082, 3.067896], [101.612081, 3.067734], [101.61202, 3.067735], [101.612021, 3.067896]]]}}, {"type": "Feature", "properties": {"height": 8.0}, "geometry": {"type": "Polygon", "coordinates": [[[101.61196, 3.067897], [101.612021, 3.067896], [101.61202, 3.067735], [101.611959, 3.067735], [101.61196, 3.067897]]]}}, {"type": "Feature", "properties": {"height": 8.0}, "geometry": {"type": "Polygon", "coordinates": [[[101.6119, 3.067897], [101.61196, 3.067897], [101.611959, 3.067735], [101.611898, 3.067736], [101.6119, 3.067897]]]}}, {"type": "Feature", "properties": {"height": 8.0}, "geometry": {"type": "Polygon", "coordinates": [[[101.611728, 3.067898], [101.611789, 3.067898], [101.611788, 3.067737], [101.611726, 3.067737], [101.611728, 3.067898]]]}}, {"type": "Feature", "properties": {"height": 8.0}, "geometry": {"type": "Polygon", "coordinates": [[[101.611666, 3.067899], [101.611728, 3.067898], [101.611726, 3.067737], [101.611665, 3.067737], [101.611666, 3.067899]]]}}, {"type": "Feature", "properties": {"height": 8.0}, "geometry": {"type": "Polygon", "coordinates": [[[101.611605, 3.067899], [101.611666, 3.067899], [101.611665, 3.067737], [101.611604, 3.067738], [101.611605, 3.067899]]]}}, {"type": "Feature", "properties": {"height": 8.0}, "geometry": {"type": "Polygon", "coordinates": [[[101.611544, 3.0679], [101.611605, 3.067899], [101.611604, 3.067738], [101.611543, 3.067738], [101.611544, 3.0679]]]}}, {"type": "Feature", "properties": {"height": 8.0}, "geometry": {"type": "Polygon", "coordinates": [[[101.611483, 3.0679], [101.611544, 3.0679], [101.611543, 3.067738], [101.611481, 3.067739], [101.611483, 3.0679]]]}}, {"type": "Feature", "properties": {"height": 8.0}, "geometry": {"type": "Polygon", "coordinates": [[[101.611421, 3.067901], [101.611483, 3.0679], [101.611481, 3.067739], [101.61142, 3.067739], [101.611421, 3.067901]]]}}, {"type": "Feature", "properties": {"height": 8.0}, "geometry": {"type": "Polygon", "coordinates": [[[101.61136, 3.067901], [101.611421, 3.067901], [101.61142, 3.067739], [101.611359, 3.06774], [101.61136, 3.067901]]]}}, {"type": "Feature", "properties": {"height": 8.0}, "geometry": {"type": "Polygon", "coordinates": [[[101.611299, 3.067902], [101.61136, 3.067901], [101.611359, 3.06774], [101.611298, 3.06774], [101.611299, 3.067902]]]}}, {"type": "Feature", "properties": {"height": 8.0}, "geometry": {"type": "Polygon", "coordinates": [[[101.611238, 3.067902], [101.611299, 3.067902], [101.611298, 3.06774], [101.611237, 3.067741], [101.611238, 3.067902]]]}}, {"type": "Feature", "properties": {"height": 8.0}, "geometry": {"type": "Polygon", "coordinates": [[[101.611176, 3.067903], [101.611238, 3.067902], [101.611237, 3.067741], [101.611175, 3.067741], [101.611176, 3.067903]]]}}, {"type": "Feature", "properties": {"height": 8.0}, "geometry": {"type": "Polygon", "coordinates": [[[101.611115, 3.067903], [101.611176, 3.067903], [101.611175, 3.067741], [101.611114, 3.067742], [101.611115, 3.067903]]]}}, {"type": "Feature", "properties": {"height": 8.0}, "geometry": {"type": "Polygon", "coordinates": [[[101.611116, 3.067575], [101.611042, 3.067576], [101.611043, 3.067715], [101.611117, 3.067714], [101.611116, 3.067575]]]}}, {"type": "Feature", "properties": {"height": 8.0}, "geometry": {"type": "Polygon", "coordinates": [[[101.611177, 3.067574], [101.611116, 3.067575], [101.611117, 3.067714], [101.611178, 3.067713], [101.611177, 3.067574]]]}}, {"type": "Feature", "properties": {"height": 8.0}, "geometry": {"type": "Polygon", "coordinates": [[[101.611237, 3.067574], [101.611177, 3.067574], [101.611178, 3.067713], [101.611239, 3.067713], [101.611237, 3.067574]]]}}, {"type": "Feature", "properties": {"height": 8.0}, "geometry": {"type": "Polygon", "coordinates": [[[101.611298, 3.067573], [101.611237, 3.067574], [101.611239, 3.067713], [101.611299, 3.067712], [101.611298, 3.067573]]]}}, {"type": "Feature", "properties": {"height": 8.0}, "geometry": {"type": "Polygon", "coordinates": [[[101.611359, 3.067573], [101.611298, 3.067573], [101.611299, 3.067712], [101.61136, 3.067712], [101.611359, 3.067573]]]}}, {"type": "Feature", "properties": {"height": 8.0}, "geometry": {"type": "Polygon", "coordinates": [[[101.611419, 3.067572], [101.611359, 3.067573], [101.61136, 3.067712], [101.611421, 3.067711], [101.611419, 3.067572]]]}}, {"type": "Feature", "properties": {"height": 8.0}, "geometry": {"type": "Polygon", "coordinates": [[[101.61148, 3.067572], [101.611419, 3.067572], [101.611421, 3.067711], [101.611481, 3.067711], [101.61148, 3.067572]]]}}, {"type": "Feature", "properties": {"height": 8.0}, "geometry": {"type": "Polygon", "coordinates": [[[101.611541, 3.067571], [101.61148, 3.067572], [101.611481, 3.067711], [101.611542, 3.06771], [101.611541, 3.067571]]]}}, {"type": "Feature", "properties": {"height": 8.0}, "geometry": {"type": "Polygon", "coordinates": [[[101.611601, 3.06757], [101.611541, 3.067571], [101.611542, 3.06771], [101.611603, 3.067709], [101.611601, 3.06757]]]}}, {"type": "Feature", "properties": {"height": 8.0}, "geometry": {"type": "Polygon", "coordinates": [[[101.611662, 3.06757], [101.611601, 3.06757], [101.611603, 3.067709], [101.611663, 3.067709], [101.611662, 3.06757]]]}}, {"type": "Feature", "properties": {"height": 8.0}, "geometry": {"type": "Polygon", "coordinates": [[[101.611723, 3.067569], [101.611662, 3.06757], [101.611663, 3.067709], [101.611724, 3.067708], [101.611723, 3.067569]]]}}, {"type": "Feature", "properties": {"height": 8.0}, "geometry": {"type": "Polygon", "coordinates": [[[101.611723, 3.067345], [101.611783, 3.067345], [101.611783, 3.067203], [101.611722, 3.067204], [101.611723, 3.067345]]]}}, {"type": "Feature", "properties": {"height": 8.0}, "geometry": {"type": "Polygon", "coordinates": [[[101.611662, 3.067345], [101.611723, 3.067345], [101.611722, 3.067204], [101.611661, 3.067204], [101.611662, 3.067345]]]}}, {"type": "Feature", "properties": {"height": 8.0}, "geometry": {"type": "Polygon", "coordinates": [[[101.611602, 3.067346], [101.611662, 3.067345], [101.611661, 3.067204], [101.611601, 3.067204], [101.611602, 3.067346]]]}}, {"type": "Feature", "properties": {"height": 8.0}, "geometry": {"type": "Polygon", "coordinates": [[[101.611541, 3.067346], [101.611602, 3.067346], [101.611601, 3.067204], [101.61154, 3.067205], [101.611541, 3.067346]]]}}, {"type": "Feature", "properties": {"height": 8.0}, "geometry": {"type": "Polygon", "coordinates": [[[101.61148, 3.067346], [101.611541, 3.067346], [101.61154, 3.067205], [101.61148, 3.067205], [101.61148, 3.067346]]]}}, {"type": "Feature", "properties": {"height": 8.0}, "geometry": {"type": "Polygon", "coordinates": [[[101.61142, 3.067347], [101.61148, 3.067346], [101.61148, 3.067205], [101.611419, 3.067206], [101.61142, 3.067347]]]}}, {"type": "Feature", "properties": {"height": 8.0}, "geometry": {"type": "Polygon", "coordinates": [[[101.611359, 3.067347], [101.61142, 3.067347], [101.611419, 3.067206], [101.611359, 3.067206], [101.611359, 3.067347]]]}}, {"type": "Feature", "properties": {"height": 8.0}, "geometry": {"type": "Polygon", "coordinates": [[[101.611299, 3.067347], [101.611359, 3.067347], [101.611359, 3.067206], [101.611298, 3.067206], [101.611299, 3.067347]]]}}, {"type": "Feature", "properties": {"height": 8.0}, "geometry": {"type": "Polygon", "coordinates": [[[101.611238, 3.067348], [101.611299, 3.067347], [101.611298, 3.067206], [101.611237, 3.067207], [101.611238, 3.067348]]]}}, {"type": "Feature", "properties": {"height": 8.0}, "geometry": {"type": "Polygon", "coordinates": [[[101.611178, 3.067348], [101.611238, 3.067348], [101.611237, 3.067207], [101.611177, 3.067207], [101.611178, 3.067348]]]}}, {"type": "Feature", "properties": {"height": 8.0}, "geometry": {"type": "Polygon", "coordinates": [[[101.611117, 3.067349], [101.611178, 3.067348], [101.611177, 3.067207], [101.611116, 3.067207], [101.611117, 3.067349]]]}}, {"type": "Feature", "properties": {"height": 8.0}, "geometry": {"type": "Polygon", "coordinates": [[[101.611722, 3.06716], [101.611783, 3.067159], [101.611782, 3.067024], [101.611721, 3.067024], [101.611722, 3.06716]]]}}, {"type": "Feature", "properties": {"height": 8.0}, "geometry": {"type": "Polygon", "coordinates": [[[101.611661, 3.06716], [101.611722, 3.06716], [101.611721, 3.067024], [101.61166, 3.067025], [101.611661, 3.06716]]]}}, {"type": "Feature", "properties": {"height": 8.0}, "geometry": {"type": "Polygon", "coordinates": [[[101.611599, 3.067161], [101.611661, 3.06716], [101.61166, 3.067025], [101.611598, 3.067026], [101.611599, 3.067161]]]}}, {"type": "Feature", "properties": {"height": 8.0}, "geometry": {"type": "Polygon", "coordinates": [[[101.611538, 3.067161], [101.611599, 3.067161], [101.611598, 3.067026], [101.611537, 3.067026], [101.611538, 3.067161]]]}}, {"type": "Feature", "properties": {"height": 8.0}, "geometry": {"type": "Polygon", "coordinates": [[[101.611477, 3.067162], [101.611538, 3.067161], [101.611537, 3.067026], [101.611475, 3.067027], [101.611477, 3.067162]]]}}, {"type": "Feature", "properties": {"height": 8.0}, "geometry": {"type": "Polygon", "coordinates": [[[101.611415, 3.067162], [101.611477, 3.067162], [101.611475, 3.067027], [101.611414, 3.067027], [101.611415, 3.067162]]]}}, {"type": "Feature", "properties": {"height": 8.0}, "geometry": {"type": "Polygon", "coordinates": [[[101.611354, 3.067163], [101.611415, 3.067162], [101.611414, 3.067027], [101.611353, 3.067028], [101.611354, 3.067163]]]}}, {"type": "Feature", "properties": {"height": 8.0}, "geometry": {"type": "Polygon", "coordinates": [[[101.611293, 3.067164], [101.611354, 3.067163], [101.611353, 3.067028], [101.611291, 3.067028], [101.611293, 3.067164]]]}}, {"type": "Feature", "properties": {"height": 8.0}, "geometry": {"type": "Polygon", "coordinates": [[[101.611232, 3.067164], [101.611293, 3.067164], [101.611291, 3.067028], [101.61123, 3.067029], [101.611232, 3.067164]]]}}, {"type": "Feature", "properties": {"height": 8.0}, "geometry": {"type": "Polygon", "coordinates": [[[101.61117, 3.067165], [101.611232, 3.067164], [101.61123, 3.067029], [101.611169, 3.067029], [101.61117, 3.067165]]]}}, {"type": "Feature", "properties": {"height": 8.0}, "geometry": {"type": "Polygon", "coordinates": [[[101.611109, 3.067165], [101.61117, 3.067165], [101.611169, 3.067029], [101.611108, 3.06703], [101.611109, 3.067165]]]}}, {"type": "Feature", "properties": {"height": 8.0}, "geometry": {"type": "Polygon", "coordinates": [[[101.612511, 3.067347], [101.612572, 3.067347], [101.612571, 3.067195], [101.61251, 3.067195], [101.612511, 3.067347]]]}}, {"type": "Feature", "properties": {"height": 8.0}, "geometry": {"type": "Polygon", "coordinates": [[[101.612449, 3.067348], [101.612511, 3.067347], [101.61251, 3.067195], [101.612449, 3.067196], [101.612449, 3.067348]]]}}, {"type": "Feature", "properties": {"height": 8.0}, "geometry": {"type": "Polygon", "coordinates": [[[101.612388, 3.067348], [101.612449, 3.067348], [101.612449, 3.067196], [101.612387, 3.067196], [101.612388, 3.067348]]]}}, {"type": "Feature", "properties": {"height": 8.0}, "geometry": {"type": "Polygon", "coordinates": [[[101.612327, 3.067348], [101.612388, 3.067348], [101.612387, 3.067196], [101.612326, 3.067196], [101.612327, 3.067348]]]}}, {"type": "Feature", "properties": {"height": 8.0}, "geometry": {"type": "Polygon", "coordinates": [[[101.612266, 3.067349], [101.612327, 3.067348], [101.612326, 3.067196], [101.612265, 3.067197], [101.612266, 3.067349]]]}}, {"type": "Feature", "properties": {"height": 8.0}, "geometry": {"type": "Polygon", "coordinates": [[[101.612204, 3.067349], [101.612266, 3.067349], [101.612265, 3.067197], [101.612204, 3.067197], [101.612204, 3.067349]]]}}, {"type": "Feature", "properties": {"height": 8.0}, "geometry": {"type": "Polygon", "coordinates": [[[101.612143, 3.067349], [101.612204, 3.067349], [101.612204, 3.067197], [101.612142, 3.067197], [101.612143, 3.067349]]]}}, {"type": "Feature", "properties": {"height": 8.0}, "geometry": {"type": "Polygon", "coordinates": [[[101.612082, 3.06735], [101.612143, 3.067349], [101.612142, 3.067197], [101.612081, 3.067198], [101.612082, 3.06735]]]}}, {"type": "Feature", "properties": {"height": 8.0}, "geometry": {"type": "Polygon", "coordinates": [[[101.612021, 3.06735], [101.612082, 3.06735], [101.612081, 3.067198], [101.61202, 3.067198], [101.612021, 3.06735]]]}}, {"type": "Feature", "properties": {"height": 8.0}, "geometry": {"type": "Polygon", "coordinates": [[[101.611959, 3.06735], [101.612021, 3.06735], [101.61202, 3.067198], [101.611959, 3.067198], [101.611959, 3.06735]]]}}, {"type": "Feature", "properties": {"height": 8.0}, "geometry": {"type": "Polygon", "coordinates": [[[101.611898, 3.067351], [101.611959, 3.06735], [101.611959, 3.067198], [101.611897, 3.067199], [101.611898, 3.067351]]]}}, {"type": "Feature", "properties": {"height": 8.0}, "geometry": {"type": "Polygon", "coordinates": [[[101.612511, 3.067157], [101.612572, 3.067157], [101.612571, 3.067014], [101.61251, 3.067015], [101.612511, 3.067157]]]}}, {"type": "Feature", "properties": {"height": 8.0}, "geometry": {"type": "Polygon", "coordinates": [[[101.61245, 3.067158], [101.612511, 3.067157], [101.61251, 3.067015], [101.612449, 3.067016], [101.61245, 3.067158]]]}}, {"type": "Feature", "properties": {"height": 8.0}, "geometry": {"type": "Polygon", "coordinates": [[[101.612389, 3.067159], [101.61245, 3.067158], [101.612449, 3.067016], [101.612388, 3.067016], [101.612389, 3.067159]]]}}, {"type": "Feature", "properties": {"height": 8.0}, "geometry": {"type": "Polygon", "coordinates": [[[101.612328, 3.067159], [101.612389, 3.067159], [101.612388, 3.067016], [101.612327, 3.067017], [101.612328, 3.067159]]]}}, {"type": "Feature", "properties": {"height": 8.0}, "geometry": {"type": "Polygon", "coordinates": [[[101.612267, 3.06716], [101.612328, 3.067159], [101.612327, 3.067017], [101.612266, 3.067017], [101.612267, 3.06716]]]}}, {"type": "Feature", "properties": {"height": 8.0}, "geometry": {"type": "Polygon", "coordinates": [[[101.612206, 3.06716], [101.612267, 3.06716], [101.612266, 3.067017], [101.612205, 3.067018], [101.612206, 3.06716]]]}}, {"type": "Feature", "properties": {"height": 8.0}, "geometry": {"type": "Polygon", "coordinates": [[[101.612145, 3.067161], [101.612206, 3.06716], [101.612205, 3.067018], [101.612144, 3.067018], [101.612145, 3.067161]]]}}, {"type": "Feature", "properties": {"height": 8.0}, "geometry": {"type": "Polygon", "coordinates": [[[101.612084, 3.067161], [101.612145, 3.067161], [101.612144, 3.067018], [101.612083, 3.067019], [101.612084, 3.067161]]]}}, {"type": "Feature", "properties": {"height": 8.0}, "geometry": {"type": "Polygon", "coordinates": [[[101.612023, 3.067162], [101.612084, 3.067161], [101.612083, 3.067019], [101.612022, 3.067019], [101.612023, 3.067162]]]}}, {"type": "Feature", "properties": {"height": 8.0}, "geometry": {"type": "Polygon", "coordinates": [[[101.611962, 3.067162], [101.612023, 3.067162], [101.612022, 3.067019], [101.611961, 3.06702], [101.611962, 3.067162]]]}}, {"type": "Feature", "properties": {"height": 8.0}, "geometry": {"type": "Polygon", "coordinates": [[[101.611901, 3.067163], [101.611962, 3.067162], [101.611961, 3.06702], [101.6119, 3.067021], [101.611901, 3.067163]]]}}, {"type": "Feature", "properties": {"height": 8.0}, "geometry": {"type": "Polygon", "coordinates": [[[101.613308, 3.067339], [101.61337, 3.067339], [101.613369, 3.067201], [101.613307, 3.067201], [101.613308, 3.067339]]]}}, {"type": "Feature", "properties": {"height": 8.0}, "geometry": {"type": "Polygon", "coordinates": [[[101.613246, 3.06734], [101.613308, 3.067339], [101.613307, 3.067201], [101.613245, 3.067201], [101.613246, 3.06734]]]}}, {"type": "Feature", "properties": {"height": 8.0}, "geometry": {"type": "Polygon", "coordinates": [[[101.613184, 3.06734], [101.613246, 3.06734], [101.613245, 3.067201], [101.613184, 3.067201], [101.613184, 3.06734]]]}}, {"type": "Feature", "properties": {"height": 8.0}, "geometry": {"type": "Polygon", "coordinates": [[[101.613123, 3.06734], [101.613184, 3.06734], [101.613184, 3.067201], [101.613122, 3.067202], [101.613123, 3.06734]]]}}, {"type": "Feature", "properties": {"height": 8.0}, "geometry": {"type": "Polygon", "coordinates": [[[101.613061, 3.067341], [101.613123, 3.06734], [101.613122, 3.067202], [101.61306, 3.067202], [101.613061, 3.067341]]]}}, {"type": "Feature", "properties": {"height": 8.0}, "geometry": {"type": "Polygon", "coordinates": [[[101.612999, 3.067341], [101.613061, 3.067341], [101.61306, 3.067202], [101.612998, 3.067203], [101.612999, 3.067341]]]}}, {"type": "Feature", "properties": {"height": 8.0}, "geometry": {"type": "Polygon", "coordinates": [[[101.612937, 3.067341], [101.612999, 3.067341], [101.612998, 3.067203], [101.612936, 3.067203], [101.612937, 3.067341]]]}}, {"type": "Feature", "properties": {"height": 8.0}, "geometry": {"type": "Polygon", "coordinates": [[[101.612875, 3.067342], [101.612937, 3.067341], [101.612936, 3.067203], [101.612875, 3.067203], [101.612875, 3.067342]]]}}, {"type": "Feature", "properties": {"height": 8.0}, "geometry": {"type": "Polygon", "coordinates": [[[101.612814, 3.067342], [101.612875, 3.067342], [101.612875, 3.067203], [101.612813, 3.067204], [101.612814, 3.067342]]]}}, {"type": "Feature", "properties": {"height": 8.0}, "geometry": {"type": "Polygon", "coordinates": [[[101.612752, 3.067342], [101.612814, 3.067342], [101.612813, 3.067204], [101.612751, 3.067204], [101.612752, 3.067342]]]}}, {"type": "Feature", "properties": {"height": 8.0}, "geometry": {"type": "Polygon", "coordinates": [[[101.61269, 3.067343], [101.612752, 3.067342], [101.612751, 3.067204], [101.612689, 3.067204], [101.61269, 3.067343]]]}}, {"type": "Feature", "properties": {"height": 8.0}, "geometry": {"type": "Polygon", "coordinates": [[[101.613305, 3.067155], [101.613366, 3.067155], [101.613365, 3.067012], [101.613304, 3.067012], [101.613305, 3.067155]]]}}, {"type": "Feature", "properties": {"height": 8.0}, "geometry": {"type": "Polygon", "coordinates": [[[101.613244, 3.067156], [101.613305, 3.067155], [101.613304, 3.067012], [101.613242, 3.067013], [101.613244, 3.067156]]]}}, {"type": "Feature", "properties": {"height": 8.0}, "geometry": {"type": "Polygon", "coordinates": [[[101.613182, 3.067156], [101.613244, 3.067156], [101.613242, 3.067013], [101.613181, 3.067013], [101.613182, 3.067156]]]}}, {"type": "Feature", "properties": {"height": 8.0}, "geometry": {"type": "Polygon", "coordinates": [[[101.613121, 3.067157], [101.613182, 3.067156], [101.613181, 3.067013], [101.61312, 3.067014], [101.613121, 3.067157]]]}}, {"type": "Feature", "properties": {"height": 8.0}, "geometry": {"type": "Polygon", "coordinates": [[[101.61306, 3.067157], [101.613121, 3.067157], [101.61312, 3.067014], [101.613058, 3.067014], [101.61306, 3.067157]]]}}, {"type": "Feature", "properties": {"height": 8.0}, "geometry": {"type": "Polygon", "coordinates": [[[101.612999, 3.067158], [101.61306, 3.067157], [101.613058, 3.067014], [101.612997, 3.067015], [101.612999, 3.067158]]]}}, {"type": "Feature", "properties": {"height": 8.0}, "geometry": {"type": "Polygon", "coordinates": [[[101.612937, 3.067159], [101.612999, 3.067158], [101.612997, 3.067015], [101.612936, 3.067015], [101.612937, 3.067159]]]}}, {"type": "Feature", "properties": {"height": 8.0}, "geometry": {"type": "Polygon", "coordinates": [[[101.612876, 3.067159], [101.612937, 3.067159], [101.612936, 3.067015], [101.612875, 3.067016], [101.612876, 3.067159]]]}}, {"type": "Feature", "properties": {"height": 8.0}, "geometry": {"type": "Polygon", "coordinates": [[[101.612815, 3.06716], [101.612876, 3.067159], [101.612875, 3.067016], [101.612814, 3.067016], [101.612815, 3.06716]]]}}, {"type": "Feature", "properties": {"height": 8.0}, "geometry": {"type": "Polygon", "coordinates": [[[101.612754, 3.06716], [101.612815, 3.06716], [101.612814, 3.067016], [101.612752, 3.067017], [101.612754, 3.06716]]]}}, {"type": "Feature", "properties": {"height": 8.0}, "geometry": {"type": "Polygon", "coordinates": [[[101.612692, 3.067161], [101.612754, 3.06716], [101.612752, 3.067017], [101.612691, 3.067018], [101.612692, 3.067161]]]}}, {"type": "Feature", "properties": {"height": 40.0}, "geometry": {"type": "Polygon", "coordinates": [[[101.612954, 3.066714], [101.612954, 3.066775], [101.613162, 3.066775], [101.613162, 3.066714], [101.612954, 3.066714]]]}}, {"type": "Feature", "properties": {"height": 40.0}, "geometry": {"type": "Polygon", "coordinates": [[[101.612954, 3.066652], [101.612954, 3.066714], [101.613162, 3.066714], [101.613162, 3.066652], [101.612954, 3.066652]]]}}, {"type": "Feature", "properties": {"height": 40.0}, "geometry": {"type": "Polygon", "coordinates": [[[101.612954, 3.066591], [101.612954, 3.066652], [101.613162, 3.066652], [101.613162, 3.066591], [101.612954, 3.066591]]]}}, {"type": "Feature", "properties": {"height": 40.0}, "geometry": {"type": "Polygon", "coordinates": [[[101.612954, 3.066529], [101.612954, 3.066591], [101.613162, 3.066591], [101.613162, 3.066529], [101.612954, 3.066529]]]}}, {"type": "Feature", "properties": {"height": 40.0}, "geometry": {"type": "Polygon", "coordinates": [[[101.612954, 3.066468], [101.612954, 3.066529], [101.613162, 3.066529], [101.613162, 3.066468], [101.612954, 3.066468]]]}}, {"type": "Feature", "properties": {"height": 40.0}, "geometry": {"type": "Polygon", "coordinates": [[[101.612954, 3.066406], [101.612954, 3.066468], [101.613162, 3.066468], [101.613162, 3.066406], [101.612954, 3.066406]]]}}, {"type": "Feature", "properties": {"height": 40.0}, "geometry": {"type": "Polygon", "coordinates": [[[101.612954, 3.066345], [101.612954, 3.066406], [101.613162, 3.066406], [101.613162, 3.066345], [101.612954, 3.066345]]]}}, {"type": "Feature", "properties": {"height": 40.0}, "geometry": {"type": "Polygon", "coordinates": [[[101.612954, 3.066283], [101.612954, 3.066345], [101.613162, 3.066345], [101.613162, 3.066283], [101.612954, 3.066283]]]}}, {"type": "Feature", "properties": {"height": 40.0}, "geometry": {"type": "Polygon", "coordinates": [[[101.612954, 3.066222], [101.612954, 3.066283], [101.613162, 3.066283], [101.613162, 3.066222], [101.612954, 3.066222]]]}}, {"type": "Feature", "properties": {"height": 40.0}, "geometry": {"type": "Polygon", "coordinates": [[[101.613209, 3.06671], [101.613209, 3.066771], [101.613415, 3.066771], [101.613415, 3.06671], [101.613209, 3.06671]]]}}, {"type": "Feature", "properties": {"height": 40.0}, "geometry": {"type": "Polygon", "coordinates": [[[101.613209, 3.066649], [101.613209, 3.06671], [101.613415, 3.06671], [101.613415, 3.066649], [101.613209, 3.066649]]]}}, {"type": "Feature", "properties": {"height": 40.0}, "geometry": {"type": "Polygon", "coordinates": [[[101.613209, 3.066588], [101.613209, 3.066649], [101.613415, 3.066649], [101.613415, 3.066588], [101.613209, 3.066588]]]}}, {"type": "Feature", "properties": {"height": 40.0}, "geometry": {"type": "Polygon", "coordinates": [[[101.613209, 3.066526], [101.613209, 3.066588], [101.613415, 3.066588], [101.613415, 3.066526], [101.613209, 3.066526]]]}}, {"type": "Feature", "properties": {"height": 40.0}, "geometry": {"type": "Polygon", "coordinates": [[[101.613209, 3.066465], [101.613209, 3.066526], [101.613415, 3.066526], [101.613415, 3.066465], [101.613209, 3.066465]]]}}, {"type": "Feature", "properties": {"height": 40.0}, "geometry": {"type": "Polygon", "coordinates": [[[101.613209, 3.066404], [101.613209, 3.066465], [101.613415, 3.066465], [101.613415, 3.066404], [101.613209, 3.066404]]]}}, {"type": "Feature", "properties": {"height": 40.0}, "geometry": {"type": "Polygon", "coordinates": [[[101.613209, 3.066343], [101.613209, 3.066404], [101.613415, 3.066404], [101.613415, 3.066343], [101.613209, 3.066343]]]}}, {"type": "Feature", "properties": {"height": 40.0}, "geometry": {"type": "Polygon", "coordinates": [[[101.613209, 3.066282], [101.613209, 3.066343], [101.613415, 3.066343], [101.613415, 3.066282], [101.613209, 3.066282]]]}}, {"type": "Feature", "properties": {"height": 40.0}, "geometry": {"type": "Polygon", "coordinates": [[[101.613209, 3.06622], [101.613209, 3.066282], [101.613415, 3.066282], [101.613415, 3.06622], [101.613209, 3.06622]]]}}, {"type": "Feature", "properties": {"height": 8.0}, "geometry": {"type": "Polygon", "coordinates": [[[101.611718, 3.066766], [101.611778, 3.066766], [101.611777, 3.066606], [101.611716, 3.066606], [101.611718, 3.066766]]]}}, {"type": "Feature", "properties": {"height": 8.0}, "geometry": {"type": "Polygon", "coordinates": [[[101.611657, 3.066767], [101.611718, 3.066766], [101.611716, 3.066606], [101.611655, 3.066607], [101.611657, 3.066767]]]}}, {"type": "Feature", "properties": {"height": 8.0}, "geometry": {"type": "Polygon", "coordinates": [[[101.611596, 3.066767], [101.611657, 3.066767], [101.611655, 3.066607], [101.611595, 3.066607], [101.611596, 3.066767]]]}}, {"type": "Feature", "properties": {"height": 8.0}, "geometry": {"type": "Polygon", "coordinates": [[[101.611536, 3.066768], [101.611596, 3.066767], [101.611595, 3.066607], [101.611534, 3.066608], [101.611536, 3.066768]]]}}, {"type": "Feature", "properties": {"height": 8.0}, "geometry": {"type": "Polygon", "coordinates": [[[101.611475, 3.066768], [101.611536, 3.066768], [101.611534, 3.066608], [101.611473, 3.066609], [101.611475, 3.066768]]]}}, {"type": "Feature", "properties": {"height": 8.0}, "geometry": {"type": "Polygon", "coordinates": [[[101.611414, 3.066769], [101.611475, 3.066768], [101.611473, 3.066609], [101.611413, 3.066609], [101.611414, 3.066769]]]}}, {"type": "Feature", "properties": {"height": 8.0}, "geometry": {"type": "Polygon", "coordinates": [[[101.611353, 3.066769], [101.611414, 3.066769], [101.611413, 3.066609], [101.611352, 3.06661], [101.611353, 3.066769]]]}}, {"type": "Feature", "properties": {"height": 8.0}, "geometry": {"type": "Polygon", "coordinates": [[[101.611293, 3.06677], [101.611353, 3.066769], [101.611352, 3.06661], [101.611291, 3.06661], [101.611293, 3.06677]]]}}, {"type": "Feature", "properties": {"height": 8.0}, "geometry": {"type": "Polygon", "coordinates": [[[101.611232, 3.066771], [101.611293, 3.06677], [101.611291, 3.06661], [101.611231, 3.066611], [101.611232, 3.066771]]]}}, {"type": "Feature", "properties": {"height": 8.0}, "geometry": {"type": "Polygon", "coordinates": [[[101.611171, 3.066771], [101.611232, 3.066771], [101.611231, 3.066611], [101.61117, 3.066611], [101.611171, 3.066771]]]}}, {"type": "Feature", "properties": {"height": 8.0}, "geometry": {"type": "Polygon", "coordinates": [[[101.61111, 3.066772], [101.611171, 3.066771], [101.61117, 3.066611], [101.611109, 3.066612], [101.61111, 3.066772]]]}}, {"type": "Feature", "properties": {"height": 8.0}, "geometry": {"type": "Polygon", "coordinates": [[[101.611718, 3.06659], [101.611779, 3.066589], [101.611778, 3.066437], [101.611717, 3.066438], [101.611718, 3.06659]]]}}, {"type": "Feature", "properties": {"height": 8.0}, "geometry": {"type": "Polygon", "coordinates": [[[101.611658, 3.06659], [101.611718, 3.06659], [101.611717, 3.066438], [101.611656, 3.066438], [101.611658, 3.06659]]]}}, {"type": "Feature", "properties": {"height": 8.0}, "geometry": {"type": "Polygon", "coordinates": [[[101.611597, 3.066591], [101.611658, 3.06659], [101.611656, 3.066438], [101.611596, 3.066439], [101.611597, 3.066591]]]}}, {"type": "Feature", "properties": {"height": 8.0}, "geometry": {"type": "Polygon", "coordinates": [[[101.611536, 3.066591], [101.611597, 3.066591], [101.611596, 3.066439], [101.611535, 3.066439], [101.611536, 3.066591]]]}}, {"type": "Feature", "properties": {"height": 8.0}, "geometry": {"type": "Polygon", "coordinates": [[[101.611475, 3.066592], [101.611536, 3.066591], [101.611535, 3.066439], [101.611474, 3.06644], [101.611475, 3.066592]]]}}, {"type": "Feature", "properties": {"height": 8.0}, "geometry": {"type": "Polygon", "coordinates": [[[101.611415, 3.066592], [101.611475, 3.066592], [101.611474, 3.06644], [101.611413, 3.06644], [101.611415, 3.066592]]]}}, {"type": "Feature", "properties": {"height": 8.0}, "geometry": {"type": "Polygon", "coordinates": [[[101.611354, 3.066593], [101.611415, 3.066592], [101.611413, 3.06644], [101.611352, 3.066441], [101.611354, 3.066593]]]}}, {"type": "Feature", "properties": {"height": 8.0}, "geometry": {"type": "Polygon", "coordinates": [[[101.611293, 3.066593], [101.611354, 3.066593], [101.611352, 3.066441], [101.611292, 3.066441], [101.611293, 3.066593]]]}}, {"type": "Feature", "properties": {"height": 8.0}, "geometry": {"type": "Polygon", "coordinates": [[[101.611232, 3.066594], [101.611293, 3.066593], [101.611292, 3.066441], [101.611231, 3.066442], [101.611232, 3.066594]]]}}, {"type": "Feature", "properties": {"height": 8.0}, "geometry": {"type": "Polygon", "coordinates": [[[101.611171, 3.066594], [101.611232, 3.066594], [101.611231, 3.066442], [101.61117, 3.066442], [101.611171, 3.066594]]]}}, {"type": "Feature", "properties": {"height": 8.0}, "geometry": {"type": "Polygon", "coordinates": [[[101.611111, 3.066595], [101.611171, 3.066594], [101.61117, 3.066442], [101.611109, 3.066443], [101.611111, 3.066595]]]}}, {"type": "Feature", "properties": {"height": 8.0}, "geometry": {"type": "Polygon", "coordinates": [[[101.612138, 3.066758], [101.612199, 3.066758], [101.612198, 3.0666], [101.612137, 3.066601], [101.612138, 3.066758]]]}}, {"type": "Feature", "properties": {"height": 8.0}, "geometry": {"type": "Polygon", "coordinates": [[[101.612077, 3.066759], [101.612138, 3.066758], [101.612137, 3.066601], [101.612076, 3.066601], [101.612077, 3.066759]]]}}, {"type": "Feature", "properties": {"height": 8.0}, "geometry": {"type": "Polygon", "coordinates": [[[101.612016, 3.066759], [101.612077, 3.066759], [101.612076, 3.066601], [101.612015, 3.066602], [101.612016, 3.066759]]]}}, {"type": "Feature", "properties": {"height": 8.0}, "geometry": {"type": "Polygon", "coordinates": [[[101.611955, 3.06676], [101.612016, 3.066759], [101.612015, 3.066602], [101.611954, 3.066602], [101.611955, 3.06676]]]}}, {"type": "Feature", "properties": {"height": 8.0}, "geometry": {"type": "Polygon", "coordinates": [[[101.611894, 3.06676], [101.611955, 3.06676], [101.611954, 3.066602], [101.611893, 3.066603], [101.611894, 3.06676]]]}}, {"type": "Feature", "properties": {"height": 8.0}, "geometry": {"type": "Polygon", "coordinates": [[[101.612138, 3.066585], [101.612199, 3.066584], [101.612198, 3.066441], [101.612136, 3.066442], [101.612138, 3.066585]]]}}, {"type": "Feature", "properties": {"height": 8.0}, "geometry": {"type": "Polygon", "coordinates": [[[101.612076, 3.066586], [101.612138, 3.066585], [101.612136, 3.066442], [101.612075, 3.066442], [101.612076, 3.066586]]]}}, {"type": "Feature", "properties": {"height": 8.0}, "geometry": {"type": "Polygon", "coordinates": [[[101.612015, 3.066586], [101.612076, 3.066586], [101.612075, 3.066442], [101.612014, 3.066443], [101.612015, 3.066586]]]}}, {"type": "Feature", "properties": {"height": 8.0}, "geometry": {"type": "Polygon", "coordinates": [[[101.611953, 3.066587], [101.612015, 3.066586], [101.612014, 3.066443], [101.611952, 3.066443], [101.611953, 3.066587]]]}}, {"type": "Feature", "properties": {"height": 8.0}, "geometry": {"type": "Polygon", "coordinates": [[[101.611892, 3.066587], [101.611953, 3.066587], [101.611952, 3.066443], [101.611891, 3.066444], [101.611892, 3.066587]]]}}, {"type": "Feature", "properties": {"height": 8.0}, "geometry": {"type": "Polygon", "coordinates": [[[101.611721, 3.066035], [101.611782, 3.066035], [101.611783, 3.065896], [101.611722, 3.065896], [101.611721, 3.066035]]]}}, {"type": "Feature", "properties": {"height": 8.0}, "geometry": {"type": "Polygon", "coordinates": [[[101.61166, 3.066034], [101.611721, 3.066035], [101.611722, 3.065896], [101.61166, 3.065895], [101.61166, 3.066034]]]}}, {"type": "Feature", "properties": {"height": 8.0}, "geometry": {"type": "Polygon", "coordinates": [[[101.611598, 3.066034], [101.61166, 3.066034], [101.61166, 3.065895], [101.611599, 3.065895], [101.611598, 3.066034]]]}}, {"type": "Feature", "properties": {"height": 8.0}, "geometry": {"type": "Polygon", "coordinates": [[[101.611538, 3.066033], [101.611598, 3.066034], [101.611599, 3.065895], [101.611538, 3.065895], [101.611538, 3.066033]]]}}, {"type": "Feature", "properties": {"height": 8.0}, "geometry": {"type": "Polygon", "coordinates": [[[101.611477, 3.066033], [101.611538, 3.066033], [101.611538, 3.065895], [101.611478, 3.065894], [101.611477, 3.066033]]]}}, {"type": "Feature", "properties": {"height": 8.0}, "geometry": {"type": "Polygon", "coordinates": [[[101.611416, 3.066032], [101.611477, 3.066033], [101.611478, 3.065894], [101.611417, 3.065894], [101.611416, 3.066032]]]}}, {"type": "Feature", "properties": {"height": 8.0}, "geometry": {"type": "Polygon", "coordinates": [[[101.611355, 3.066032], [101.611416, 3.066032], [101.611417, 3.065894], [101.611356, 3.065893], [101.611355, 3.066032]]]}}, {"type": "Feature", "properties": {"height": 8.0}, "geometry": {"type": "Polygon", "coordinates": [[[101.611294, 3.066032], [101.611355, 3.066032], [101.611356, 3.065893], [101.611295, 3.065893], [101.611294, 3.066032]]]}}, {"type": "Feature", "properties": {"height": 8.0}, "geometry": {"type": "Polygon", "coordinates": [[[101.611233, 3.066031], [101.611294, 3.066032], [101.611295, 3.065893], [101.611234, 3.065892], [101.611233, 3.066031]]]}}, {"type": "Feature", "properties": {"height": 8.0}, "geometry": {"type": "Polygon", "coordinates": [[[101.611172, 3.066031], [101.611233, 3.066031], [101.611234, 3.065892], [101.611173, 3.065892], [101.611172, 3.066031]]]}}, {"type": "Feature", "properties": {"height": 8.0}, "geometry": {"type": "Polygon", "coordinates": [[[101.611112, 3.065892], [101.611043, 3.065891], [101.611042, 3.06603], [101.611111, 3.06603], [101.611112, 3.065892]]]}}, {"type": "Feature", "properties": {"height": 8.0}, "geometry": {"type": "Polygon", "coordinates": [[[101.612327, 3.066213], [101.612388, 3.066212], [101.612387, 3.066052], [101.612325, 3.066053], [101.612327, 3.066213]]]}}, {"type": "Feature", "properties": {"height": 8.0}, "geometry": {"type": "Polygon", "coordinates": [[[101.612265, 3.066213], [101.612327, 3.066213], [101.612325, 3.066053], [101.612264, 3.066053], [101.612265, 3.066213]]]}}, {"type": "Feature", "properties": {"height": 8.0}, "geometry": {"type": "Polygon", "coordinates": [[[101.612204, 3.066214], [101.612265, 3.066213], [101.612264, 3.066053], [101.612202, 3.066054], [101.612204, 3.066214]]]}}, {"type": "Feature", "properties": {"height": 8.0}, "geometry": {"type": "Polygon", "coordinates": [[[101.612142, 3.066214], [101.612204, 3.066214], [101.612202, 3.066054], [101.612141, 3.066054], [101.612142, 3.066214]]]}}, {"type": "Feature", "properties": {"height": 8.0}, "geometry": {"type": "Polygon", "coordinates": [[[101.612081, 3.066215], [101.612142, 3.066214], [101.612141, 3.066054], [101.612079, 3.066055], [101.612081, 3.066215]]]}}, {"type": "Feature", "properties": {"height": 8.0}, "geometry": {"type": "Polygon", "coordinates": [[[101.612019, 3.066215], [101.612081, 3.066215], [101.612079, 3.066055], [101.612017, 3.066056], [101.612019, 3.066215]]]}}, {"type": "Feature", "properties": {"height": 8.0}, "geometry": {"type": "Polygon", "coordinates": [[[101.611957, 3.066216], [101.612019, 3.066215], [101.612017, 3.066056], [101.611956, 3.066056], [101.611957, 3.066216]]]}}, {"type": "Feature", "properties": {"height": 8.0}, "geometry": {"type": "Polygon", "coordinates": [[[101.611896, 3.066217], [101.611957, 3.066216], [101.611956, 3.066056], [101.611894, 3.066057], [101.611896, 3.066217]]]}}, {"type": "Feature", "properties": {"height": 8.0}, "geometry": {"type": "Polygon", "coordinates": [[[101.611893, 3.06589], [101.611832, 3.06589], [101.611833, 3.066028], [101.611894, 3.066027], [101.611893, 3.06589]]]}}, {"type": "Feature", "properties": {"height": 8.0}, "geometry": {"type": "Polygon", "coordinates": [[[101.611954, 3.065889], [101.611893, 3.06589], [101.611894, 3.066027], [101.611955, 3.066027], [101.611954, 3.065889]]]}}, {"type": "Feature", "properties": {"height": 8.0}, "geometry": {"type": "Polygon", "coordinates": [[[101.612015, 3.065889], [101.611954, 3.065889], [101.611955, 3.066027], [101.612016, 3.066026], [101.612015, 3.065889]]]}}, {"type": "Feature", "properties": {"height": 8.0}, "geometry": {"type": "Polygon", "coordinates": [[[101.612076, 3.065888], [101.612015, 3.065889], [101.612016, 3.066026], [101.612077, 3.066025], [101.612076, 3.065888]]]}}, {"type": "Feature", "properties": {"height": 8.0}, "geometry": {"type": "Polygon", "coordinates": [[[101.612137, 3.065888], [101.612076, 3.065888], [101.612077, 3.066025], [101.612139, 3.066025], [101.612137, 3.065888]]]}}, {"type": "Feature", "properties": {"height": 8.0}, "geometry": {"type": "Polygon", "coordinates": [[[101.612198, 3.065887], [101.612137, 3.065888], [101.612139, 3.066025], [101.6122, 3.066024], [101.612198, 3.065887]]]}}, {"type": "Feature", "properties": {"height": 8.0}, "geometry": {"type": "Polygon", "coordinates": [[[101.612259, 3.065886], [101.612198, 3.065887], [101.6122, 3.066024], [101.612261, 3.066024], [101.612259, 3.065886]]]}}, {"type": "Feature", "properties": {"height": 8.0}, "geometry": {"type": "Polygon", "coordinates": [[[101.612321, 3.065886], [101.612259, 3.065886], [101.612261, 3.066024], [101.612322, 3.066023], [101.612321, 3.065886]]]}}, {"type": "Feature", "properties": {"height": 8.0}, "geometry": {"type": "Polygon", "coordinates": [[[101.611724, 3.066217], [101.611786, 3.066217], [101.611785, 3.066055], [101.611723, 3.066055], [101.611724, 3.066217]]]}}, {"type": "Feature", "properties": {"height": 8.0}, "geometry": {"type": "Polygon", "coordinates": [[[101.611663, 3.066218], [101.611724, 3.066217], [101.611723, 3.066055], [101.611661, 3.066056], [101.611663, 3.066218]]]}}, {"type": "Feature", "properties": {"height": 8.0}, "geometry": {"type": "Polygon", "coordinates": [[[101.611601, 3.066218], [101.611663, 3.066218], [101.611661, 3.066056], [101.6116, 3.066056], [101.611601, 3.066218]]]}}, {"type": "Feature", "properties": {"height": 8.0}, "geometry": {"type": "Polygon", "coordinates": [[[101.61154, 3.066219], [101.611601, 3.066218], [101.6116, 3.066056], [101.611538, 3.066057], [101.61154, 3.066219]]]}}, {"type": "Feature", "properties": {"height": 8.0}, "geometry": {"type": "Polygon", "coordinates": [[[101.611478, 3.066219], [101.61154, 3.066219], [101.611538, 3.066057], [101.611477, 3.066057], [101.611478, 3.066219]]]}}, {"type": "Feature", "properties": {"height": 8.0}, "geometry": {"type": "Polygon", "coordinates": [[[101.611417, 3.06622], [101.611478, 3.066219], [101.611477, 3.066057], [101.611415, 3.066058], [101.611417, 3.06622]]]}}, {"type": "Feature", "properties": {"height": 8.0}, "geometry": {"type": "Polygon", "coordinates": [[[101.611355, 3.066221], [101.611417, 3.06622], [101.611415, 3.066058], [101.611354, 3.066059], [101.611355, 3.066221]]]}}, {"type": "Feature", "properties": {"height": 8.0}, "geometry": {"type": "Polygon", "coordinates": [[[101.611294, 3.066221], [101.611355, 3.066221], [101.611354, 3.066059], [101.611292, 3.066059], [101.611294, 3.066221]]]}}, {"type": "Feature", "properties": {"height": 8.0}, "geometry": {"type": "Polygon", "coordinates": [[[101.611232, 3.066222], [101.611294, 3.066221], [101.611292, 3.066059], [101.611231, 3.06606], [101.611232, 3.066222]]]}}, {"type": "Feature", "properties": {"height": 8.0}, "geometry": {"type": "Polygon", "coordinates": [[[101.611171, 3.066222], [101.611232, 3.066222], [101.611231, 3.06606], [101.611169, 3.06606], [101.611171, 3.066222]]]}}, {"type": "Feature", "properties": {"height": 8.0}, "geometry": {"type": "Polygon", "coordinates": [[[101.611109, 3.066223], [101.611171, 3.066222], [101.611169, 3.06606], [101.611108, 3.066061], [101.611109, 3.066223]]]}}, {"type": "Feature", "properties": {"height": 15.0}, "geometry": {"type": "Polygon", "coordinates": [[[101.614949, 3.074279], [101.615011, 3.074278], [101.615011, 3.074061], [101.614948, 3.074061], [101.614949, 3.074279]]]}}, {"type": "Feature", "properties": {"height": 15.0}, "geometry": {"type": "Polygon", "coordinates": [[[101.614949, 3.074021], [101.615011, 3.074021], [101.615011, 3.073798], [101.614949, 3.073798], [101.614949, 3.074021]]]}}, {"type": "Feature", "properties": {"height": 8.0}, "geometry": {"type": "Polygon", "coordinates": [[[101.61494, 3.073363], [101.614885, 3.073363], [101.614885, 3.073506], [101.61494, 3.073506], [101.61494, 3.073363]]]}}, {"type": "Feature", "properties": {"height": 8.0}, "geometry": {"type": "Polygon", "coordinates": [[[101.614996, 3.073363], [101.61494, 3.073363], [101.61494, 3.073506], [101.614996, 3.073506], [101.614996, 3.073363]]]}}, {"type": "Feature", "properties": {"height": 8.0}, "geometry": {"type": "Polygon", "coordinates": [[[101.615051, 3.073363], [101.614996, 3.073363], [101.614996, 3.073506], [101.615051, 3.073506], [101.615051, 3.073363]]]}}, {"type": "Feature", "properties": {"height": 8.0}, "geometry": {"type": "Polygon", "coordinates": [[[101.614993, 3.073347], [101.615048, 3.073347], [101.615047, 3.073186], [101.614992, 3.073187], [101.614993, 3.073347]]]}}, {"type": "Feature", "properties": {"height": 8.0}, "geometry": {"type": "Polygon", "coordinates": [[[101.614937, 3.073347], [101.614993, 3.073347], [101.614992, 3.073187], [101.614937, 3.073187], [101.614937, 3.073347]]]}}, {"type": "Feature", "properties": {"height": 8.0}, "geometry": {"type": "Polygon", "coordinates": [[[101.614941, 3.07286], [101.614886, 3.07286], [101.614886, 3.073001], [101.614941, 3.073001], [101.614941, 3.07286]]]}}, {"type": "Feature", "properties": {"height": 8.0}, "geometry": {"type": "Polygon", "coordinates": [[[101.614995, 3.07286], [101.614941, 3.07286], [101.614941, 3.073001], [101.614996, 3.073001], [101.614995, 3.07286]]]}}, {"type": "Feature", "properties": {"height": 8.0}, "geometry": {"type": "Polygon", "coordinates": [[[101.61505, 3.072859], [101.614995, 3.07286], [101.614996, 3.073001], [101.61505, 3.073001], [101.61505, 3.072859]]]}}, {"type": "Feature", "properties": {"height": 8.0}, "geometry": {"type": "Polygon", "coordinates": [[[101.614993, 3.072843], [101.615049, 3.072843], [101.615048, 3.072686], [101.614993, 3.072686], [101.614993, 3.072843]]]}}, {"type": "Feature", "properties": {"height": 8.0}, "geometry": {"type": "Polygon", "coordinates": [[[101.614938, 3.072843], [101.614993, 3.072843], [101.614993, 3.072686], [101.614938, 3.072686], [101.614938, 3.072843]]]}}, {"type": "Feature", "properties": {"height": 8.0}, "geometry": {"type": "Polygon", "coordinates": [[[101.614935, 3.072364], [101.61488, 3.072364], [101.61488, 3.072505], [101.614935, 3.072505], [101.614935, 3.072364]]]}}, {"type": "Feature", "properties": {"height": 8.0}, "geometry": {"type": "Polygon", "coordinates": [[[101.61499, 3.072364], [101.614935, 3.072364], [101.614935, 3.072505], [101.61499, 3.072504], [101.61499, 3.072364]]]}}, {"type": "Feature", "properties": {"height": 8.0}, "geometry": {"type": "Polygon", "coordinates": [[[101.615046, 3.072364], [101.61499, 3.072364], [101.61499, 3.072504], [101.615046, 3.072504], [101.615046, 3.072364]]]}}, {"type": "Feature", "properties": {"height": 8.0}, "geometry": {"type": "Polygon", "coordinates": [[[101.61499, 3.072343], [101.615045, 3.072343], [101.615045, 3.072187], [101.614989, 3.072187], [101.61499, 3.072343]]]}}, {"type": "Feature", "properties": {"height": 8.0}, "geometry": {"type": "Polygon", "coordinates": [[[101.614934, 3.072343], [101.61499, 3.072343], [101.614989, 3.072187], [101.614934, 3.072187], [101.614934, 3.072343]]]}}, {"type": "Feature", "properties": {"height": 8.0}, "geometry": {"type": "Polygon", "coordinates": [[[101.614937, 3.071863], [101.614863, 3.071863], [101.614864, 3.072008], [101.614938, 3.072008], [101.614937, 3.071863]]]}}, {"type": "Feature", "properties": {"height": 8.0}, "geometry": {"type": "Polygon", "coordinates": [[[101.614993, 3.071863], [101.614937, 3.071863], [101.614938, 3.072008], [101.614993, 3.072008], [101.614993, 3.071863]]]}}, {"type": "Feature", "properties": {"height": 8.0}, "geometry": {"type": "Polygon", "coordinates": [[[101.615048, 3.071863], [101.614993, 3.071863], [101.614993, 3.072008], [101.615048, 3.072008], [101.615048, 3.071863]]]}}, {"type": "Feature", "properties": {"height": 8.0}, "geometry": {"type": "Polygon", "coordinates": [[[101.614993, 3.071838], [101.615048, 3.071837], [101.615047, 3.071692], [101.614992, 3.071692], [101.614993, 3.071838]]]}}, {"type": "Feature", "properties": {"height": 8.0}, "geometry": {"type": "Polygon", "coordinates": [[[101.614937, 3.071838], [101.614993, 3.071838], [101.614992, 3.071692], [101.614937, 3.071692], [101.614937, 3.071838]]]}}, {"type": "Feature", "properties": {"height": 8.0}, "geometry": {"type": "Polygon", "coordinates": [[[101.614596, 3.074052], [101.614651, 3.074052], [101.61465, 3.073912], [101.614595, 3.073912], [101.614596, 3.074052]]]}}, {"type": "Feature", "properties": {"height": 8.0}, "geometry": {"type": "Polygon", "coordinates": [[[101.614541, 3.074052], [101.614596, 3.074052], [101.614595, 3.073912], [101.61454, 3.073913], [101.614541, 3.074052]]]}}, {"type": "Feature", "properties": {"height": 8.0}, "geometry": {"type": "Polygon", "coordinates": [[[101.614486, 3.074053], [101.614541, 3.074052], [101.61454, 3.073913], [101.614485, 3.073913], [101.614486, 3.074053]]]}}, {"type": "Feature", "properties": {"height": 8.0}, "geometry": {"type": "Polygon", "coordinates": [[[101.614431, 3.074053], [101.614486, 3.074053], [101.614485, 3.073913], [101.61443, 3.073914], [101.614431, 3.074053]]]}}, {"type": "Feature", "properties": {"height": 8.0}, "geometry": {"type": "Polygon", "coordinates": [[[101.614377, 3.074054], [101.614431, 3.074053], [101.61443, 3.073914], [101.614375, 3.073914], [101.614377, 3.074054]]]}}, {"type": "Feature", "properties": {"height": 8.0}, "geometry": {"type": "Polygon", "coordinates": [[[101.614322, 3.074054], [101.614377, 3.074054], [101.614375, 3.073914], [101.614321, 3.073914], [101.614322, 3.074054]]]}}, {"type": "Feature", "properties": {"height": 8.0}, "geometry": {"type": "Polygon", "coordinates": [[[101.614267, 3.074055], [101.614322, 3.074054], [101.614321, 3.073914], [101.614266, 3.073915], [101.614267, 3.074055]]]}}, {"type": "Feature", "properties": {"height": 8.0}, "geometry": {"type": "Polygon", "coordinates": [[[101.614212, 3.074055], [101.614267, 3.074055], [101.614266, 3.073915], [101.614211, 3.073915], [101.614212, 3.074055]]]}}, {"type": "Feature", "properties": {"height": 8.0}, "geometry": {"type": "Polygon", "coordinates": [[[101.614371, 3.074081], [101.614315, 3.074081], [101.614315, 3.074223], [101.614372, 3.074223], [101.614371, 3.074081]]]}}, {"type": "Feature", "properties": {"height": 8.0}, "geometry": {"type": "Polygon", "coordinates": [[[101.614428, 3.074081], [101.614371, 3.074081], [101.614372, 3.074223], [101.614428, 3.074222], [101.614428, 3.074081]]]}}, {"type": "Feature", "properties": {"height": 8.0}, "geometry": {"type": "Polygon", "coordinates": [[[101.614484, 3.074081], [101.614428, 3.074081], [101.614428, 3.074222], [101.614484, 3.074222], [101.614484, 3.074081]]]}}, {"type": "Feature", "properties": {"height": 8.0}, "geometry": {"type": "Polygon", "coordinates": [[[101.61454, 3.074081], [101.614484, 3.074081], [101.614484, 3.074222], [101.614541, 3.074222], [101.61454, 3.074081]]]}}, {"type": "Feature", "properties": {"height": 8.0}, "geometry": {"type": "Polygon", "coordinates": [[[101.614597, 3.07408], [101.61454, 3.074081], [101.614541, 3.074222], [101.614597, 3.074222], [101.614597, 3.07408]]]}}, {"type": "Feature", "properties": {"height": 8.0}, "geometry": {"type": "Polygon", "coordinates": [[[101.61393, 3.073581], [101.613876, 3.073581], [101.613877, 3.073724], [101.613931, 3.073724], [101.61393, 3.073581]]]}}, {"type": "Feature", "properties": {"height": 8.0}, "geometry": {"type": "Polygon", "coordinates": [[[101.613984, 3.073581], [101.61393, 3.073581], [101.613931, 3.073724], [101.613985, 3.073724], [101.613984, 3.073581]]]}}, {"type": "Feature", "properties": {"height": 8.0}, "geometry": {"type": "Polygon", "coordinates": [[[101.614038, 3.073581], [101.613984, 3.073581], [101.613985, 3.073724], [101.614039, 3.073724], [101.614038, 3.073581]]]}}, {"type": "Feature", "properties": {"height": 8.0}, "geometry": {"type": "Polygon", "coordinates": [[[101.614092, 3.073581], [101.614038, 3.073581], [101.614039, 3.073724], [101.614093, 3.073724], [101.614092, 3.073581]]]}}, {"type": "Feature", "properties": {"height": 8.0}, "geometry": {"type": "Polygon", "coordinates": [[[101.614146, 3.073581], [101.614092, 3.073581], [101.614093, 3.073724], [101.614147, 3.073724], [101.614146, 3.073581]]]}}, {"type": "Feature", "properties": {"height": 8.0}, "geometry": {"type": "Polygon", "coordinates": [[[101.6142, 3.073581], [101.614146, 3.073581], [101.614147, 3.073724], [101.614201, 3.073724], [101.6142, 3.073581]]]}}, {"type": "Feature", "properties": {"height": 8.0}, "geometry": {"type": "Polygon", "coordinates": [[[101.614255, 3.073581], [101.6142, 3.073581], [101.614201, 3.073724], [101.614255, 3.073724], [101.614255, 3.073581]]]}}, {"type": "Feature", "properties": {"height": 8.0}, "geometry": {"type": "Polygon", "coordinates": [[[101.614309, 3.073581], [101.614255, 3.073581], [101.614255, 3.073724], [101.614309, 3.073724], [101.614309, 3.073581]]]}}, {"type": "Feature", "properties": {"height": 8.0}, "geometry": {"type": "Polygon", "coordinates": [[[101.614363, 3.073581], [101.614309, 3.073581], [101.614309, 3.073724], [101.614363, 3.073724], [101.614363, 3.073581]]]}}, {"type": "Feature", "properties": {"height": 8.0}, "geometry": {"type": "Polygon", "coordinates": [[[101.614417, 3.073581], [101.614363, 3.073581], [101.614363, 3.073724], [101.614417, 3.073724], [101.614417, 3.073581]]]}}, {"type": "Feature", "properties": {"height": 8.0}, "geometry": {"type": "Polygon", "coordinates": [[[101.614471, 3.07358], [101.614417, 3.073581], [101.614417, 3.073724], [101.614471, 3.073724], [101.614471, 3.07358]]]}}, {"type": "Feature", "properties": {"height": 8.0}, "geometry": {"type": "Polygon", "coordinates": [[[101.614525, 3.07358], [101.614471, 3.07358], [101.614471, 3.073724], [101.614525, 3.073724], [101.614525, 3.07358]]]}}, {"type": "Feature", "properties": {"height": 8.0}, "geometry": {"type": "Polygon", "coordinates": [[[101.614579, 3.07358], [101.614525, 3.07358], [101.614525, 3.073724], [101.614579, 3.073723], [101.614579, 3.07358]]]}}, {"type": "Feature", "properties": {"height": 8.0}, "geometry": {"type": "Polygon", "coordinates": [[[101.614588, 3.073554], [101.614644, 3.073553], [101.614643, 3.073415], [101.614588, 3.073415], [101.614588, 3.073554]]]}}, {"type": "Feature", "properties": {"height": 8.0}, "geometry": {"type": "Polygon", "coordinates": [[[101.614533, 3.073554], [101.614588, 3.073554], [101.614588, 3.073415], [101.614533, 3.073415], [101.614533, 3.073554]]]}}, {"type": "Feature", "properties": {"height": 8.0}, "geometry": {"type": "Polygon", "coordinates": [[[101.614478, 3.073554], [101.614533, 3.073554], [101.614533, 3.073415], [101.614478, 3.073415], [101.614478, 3.073554]]]}}, {"type": "Feature", "properties": {"height": 8.0}, "geometry": {"type": "Polygon", "coordinates": [[[101.614423, 3.073554], [101.614478, 3.073554], [101.614478, 3.073415], [101.614422, 3.073415], [101.614423, 3.073554]]]}}, {"type": "Feature", "properties": {"height": 8.0}, "geometry": {"type": "Polygon", "coordinates": [[[101.614367, 3.073554], [101.614423, 3.073554], [101.614422, 3.073415], [101.614367, 3.073415], [101.614367, 3.073554]]]}}, {"type": "Feature", "properties": {"height": 8.0}, "geometry": {"type": "Polygon", "coordinates": [[[101.614312, 3.073554], [101.614367, 3.073554], [101.614367, 3.073415], [101.614312, 3.073415], [101.614312, 3.073554]]]}}, {"type": "Feature", "properties": {"height": 8.0}, "geometry": {"type": "Polygon", "coordinates": [[[101.614257, 3.073554], [101.614312, 3.073554], [101.614312, 3.073415], [101.614257, 3.073415], [101.614257, 3.073554]]]}}, {"type": "Feature", "properties": {"height": 8.0}, "geometry": {"type": "Polygon", "coordinates": [[[101.614201, 3.073554], [101.614257, 3.073554], [101.614257, 3.073415], [101.614201, 3.073415], [101.614201, 3.073554]]]}}, {"type": "Feature", "properties": {"height": 8.0}, "geometry": {"type": "Polygon", "coordinates": [[[101.614146, 3.073554], [101.614201, 3.073554], [101.614201, 3.073415], [101.614146, 3.073415], [101.614146, 3.073554]]]}}, {"type": "Feature", "properties": {"height": 8.0}, "geometry": {"type": "Polygon", "coordinates": [[[101.614091, 3.073554], [101.614146, 3.073554], [101.614146, 3.073415], [101.614091, 3.073415], [101.614091, 3.073554]]]}}, {"type": "Feature", "properties": {"height": 8.0}, "geometry": {"type": "Polygon", "coordinates": [[[101.614036, 3.073554], [101.614091, 3.073554], [101.614091, 3.073415], [101.614035, 3.073415], [101.614036, 3.073554]]]}}, {"type": "Feature", "properties": {"height": 8.0}, "geometry": {"type": "Polygon", "coordinates": [[[101.61398, 3.073555], [101.614036, 3.073554], [101.614035, 3.073415], [101.61398, 3.073416], [101.61398, 3.073555]]]}}, {"type": "Feature", "properties": {"height": 8.0}, "geometry": {"type": "Polygon", "coordinates": [[[101.613925, 3.073555], [101.61398, 3.073555], [101.61398, 3.073416], [101.613925, 3.073416], [101.613925, 3.073555]]]}}, {"type": "Feature", "properties": {"height": 8.0}, "geometry": {"type": "Polygon", "coordinates": [[[101.613929, 3.073082], [101.613874, 3.073082], [101.613874, 3.073225], [101.613929, 3.073225], [101.613929, 3.073082]]]}}, {"type": "Feature", "properties": {"height": 8.0}, "geometry": {"type": "Polygon", "coordinates": [[[101.613984, 3.073082], [101.613929, 3.073082], [101.613929, 3.073225], [101.613984, 3.073225], [101.613984, 3.073082]]]}}, {"type": "Feature", "properties": {"height": 8.0}, "geometry": {"type": "Polygon", "coordinates": [[[101.614039, 3.073082], [101.613984, 3.073082], [101.613984, 3.073225], [101.614039, 3.073225], [101.614039, 3.073082]]]}}, {"type": "Feature", "properties": {"height": 8.0}, "geometry": {"type": "Polygon", "coordinates": [[[101.614094, 3.073082], [101.614039, 3.073082], [101.614039, 3.073225], [101.614094, 3.073225], [101.614094, 3.073082]]]}}, {"type": "Feature", "properties": {"height": 8.0}, "geometry": {"type": "Polygon", "coordinates": [[[101.614149, 3.073082], [101.614094, 3.073082], [101.614094, 3.073225], [101.614149, 3.073225], [101.614149, 3.073082]]]}}, {"type": "Feature", "properties": {"height": 8.0}, "geometry": {"type": "Polygon", "coordinates": [[[101.614204, 3.073082], [101.614149, 3.073082], [101.614149, 3.073225], [101.614204, 3.073225], [101.614204, 3.073082]]]}}, {"type": "Feature", "properties": {"height": 8.0}, "geometry": {"type": "Polygon", "coordinates": [[[101.614259, 3.073082], [101.614204, 3.073082], [101.614204, 3.073225], [101.61426, 3.073224], [101.614259, 3.073082]]]}}, {"type": "Feature", "properties": {"height": 8.0}, "geometry": {"type": "Polygon", "coordinates": [[[101.614314, 3.073081], [101.614259, 3.073082], [101.61426, 3.073224], [101.614315, 3.073224], [101.614314, 3.073081]]]}}, {"type": "Feature", "properties": {"height": 8.0}, "geometry": {"type": "Polygon", "coordinates": [[[101.614369, 3.073081], [101.614314, 3.073081], [101.614315, 3.073224], [101.61437, 3.073224], [101.614369, 3.073081]]]}}, {"type": "Feature", "properties": {"height": 8.0}, "geometry": {"type": "Polygon", "coordinates": [[[101.614424, 3.073081], [101.614369, 3.073081], [101.61437, 3.073224], [101.614425, 3.073224], [101.614424, 3.073081]]]}}, {"type": "Feature", "properties": {"height": 8.0}, "geometry": {"type": "Polygon", "coordinates": [[[101.61448, 3.073081], [101.614424, 3.073081], [101.614425, 3.073224], [101.61448, 3.073224], [101.61448, 3.073081]]]}}, {"type": "Feature", "properties": {"height": 8.0}, "geometry": {"type": "Polygon", "coordinates": [[[101.614535, 3.073081], [101.61448, 3.073081], [101.61448, 3.073224], [101.614535, 3.073224], [101.614535, 3.073081]]]}}, {"type": "Feature", "properties": {"height": 8.0}, "geometry": {"type": "Polygon", "coordinates": [[[101.61459, 3.073081], [101.614535, 3.073081], [101.614535, 3.073224], [101.61459, 3.073224], [101.61459, 3.073081]]]}}, {"type": "Feature", "properties": {"height": 8.0}, "geometry": {"type": "Polygon", "coordinates": [[[101.614587, 3.073057], [101.614642, 3.073057], [101.614642, 3.072911], [101.614587, 3.072911], [101.614587, 3.073057]]]}}, {"type": "Feature", "properties": {"height": 8.0}, "geometry": {"type": "Polygon", "coordinates": [[[101.614532, 3.073057], [101.614587, 3.073057], [101.614587, 3.072911], [101.614532, 3.072911], [101.614532, 3.073057]]]}}, {"type": "Feature", "properties": {"height": 8.0}, "geometry": {"type": "Polygon", "coordinates": [[[101.614477, 3.073057], [101.614532, 3.073057], [101.614532, 3.072911], [101.614477, 3.072911], [101.614477, 3.073057]]]}}, {"type": "Feature", "properties": {"height": 8.0}, "geometry": {"type": "Polygon", "coordinates": [[[101.614422, 3.073057], [101.614477, 3.073057], [101.614477, 3.072911], [101.614421, 3.072911], [101.614422, 3.073057]]]}}, {"type": "Feature", "properties": {"height": 8.0}, "geometry": {"type": "Polygon", "coordinates": [[[101.614367, 3.073057], [101.614422, 3.073057], [101.614421, 3.072911], [101.614366, 3.072911], [101.614367, 3.073057]]]}}, {"type": "Feature", "properties": {"height": 8.0}, "geometry": {"type": "Polygon", "coordinates": [[[101.614311, 3.073057], [101.614367, 3.073057], [101.614366, 3.072911], [101.614311, 3.072911], [101.614311, 3.073057]]]}}, {"type": "Feature", "properties": {"height": 8.0}, "geometry": {"type": "Polygon", "coordinates": [[[101.614256, 3.073057], [101.614311, 3.073057], [101.614311, 3.072911], [101.614256, 3.072911], [101.614256, 3.073057]]]}}, {"type": "Feature", "properties": {"height": 8.0}, "geometry": {"type": "Polygon", "coordinates": [[[101.614201, 3.073057], [101.614256, 3.073057], [101.614256, 3.072911], [101.614201, 3.072912], [101.614201, 3.073057]]]}}, {"type": "Feature", "properties": {"height": 8.0}, "geometry": {"type": "Polygon", "coordinates": [[[101.614146, 3.073057], [101.614201, 3.073057], [101.614201, 3.072912], [101.614146, 3.072912], [101.614146, 3.073057]]]}}, {"type": "Feature", "properties": {"height": 8.0}, "geometry": {"type": "Polygon", "coordinates": [[[101.614091, 3.073057], [101.614146, 3.073057], [101.614146, 3.072912], [101.61409, 3.072912], [101.614091, 3.073057]]]}}, {"type": "Feature", "properties": {"height": 8.0}, "geometry": {"type": "Polygon", "coordinates": [[[101.614035, 3.073057], [101.614091, 3.073057], [101.61409, 3.072912], [101.614035, 3.072912], [101.614035, 3.073057]]]}}, {"type": "Feature", "properties": {"height": 8.0}, "geometry": {"type": "Polygon", "coordinates": [[[101.61398, 3.073058], [101.614035, 3.073057], [101.614035, 3.072912], [101.61398, 3.072912], [101.61398, 3.073058]]]}}, {"type": "Feature", "properties": {"height": 8.0}, "geometry": {"type": "Polygon", "coordinates": [[[101.613925, 3.073058], [101.61398, 3.073058], [101.61398, 3.072912], [101.613925, 3.072912], [101.613925, 3.073058]]]}}, {"type": "Feature", "properties": {"height": 8.0}, "geometry": {"type": "Polygon", "coordinates": [[[101.613921, 3.072584], [101.613866, 3.072584], [101.613866, 3.072726], [101.613921, 3.072726], [101.613921, 3.072584]]]}}, {"type": "Feature", "properties": {"height": 8.0}, "geometry": {"type": "Polygon", "coordinates": [[[101.613976, 3.072584], [101.613921, 3.072584], [101.613921, 3.072726], [101.613976, 3.072726], [101.613976, 3.072584]]]}}, {"type": "Feature", "properties": {"height": 8.0}, "geometry": {"type": "Polygon", "coordinates": [[[101.614031, 3.072584], [101.613976, 3.072584], [101.613976, 3.072726], [101.614031, 3.072726], [101.614031, 3.072584]]]}}, {"type": "Feature", "properties": {"height": 8.0}, "geometry": {"type": "Polygon", "coordinates": [[[101.614086, 3.072584], [101.614031, 3.072584], [101.614031, 3.072726], [101.614086, 3.072726], [101.614086, 3.072584]]]}}, {"type": "Feature", "properties": {"height": 8.0}, "geometry": {"type": "Polygon", "coordinates": [[[101.614141, 3.072584], [101.614086, 3.072584], [101.614086, 3.072726], [101.614141, 3.072725], [101.614141, 3.072584]]]}}, {"type": "Feature", "properties": {"height": 8.0}, "geometry": {"type": "Polygon", "coordinates": [[[101.614196, 3.072584], [101.614141, 3.072584], [101.614141, 3.072725], [101.614196, 3.072725], [101.614196, 3.072584]]]}}, {"type": "Feature", "properties": {"height": 8.0}, "geometry": {"type": "Polygon", "coordinates": [[[101.614251, 3.072584], [101.614196, 3.072584], [101.614196, 3.072725], [101.614251, 3.072725], [101.614251, 3.072584]]]}}, {"type": "Feature", "properties": {"height": 8.0}, "geometry": {"type": "Polygon", "coordinates": [[[101.614306, 3.072584], [101.614251, 3.072584], [101.614251, 3.072725], [101.614306, 3.072725], [101.614306, 3.072584]]]}}, {"type": "Feature", "properties": {"height": 8.0}, "geometry": {"type": "Polygon", "coordinates": [[[101.614361, 3.072583], [101.614306, 3.072584], [101.614306, 3.072725], [101.614362, 3.072725], [101.614361, 3.072583]]]}}, {"type": "Feature", "properties": {"height": 8.0}, "geometry": {"type": "Polygon", "coordinates": [[[101.614416, 3.072583], [101.614361, 3.072583], [101.614362, 3.072725], [101.614417, 3.072725], [101.614416, 3.072583]]]}}, {"type": "Feature", "properties": {"height": 8.0}, "geometry": {"type": "Polygon", "coordinates": [[[101.614471, 3.072583], [101.614416, 3.072583], [101.614417, 3.072725], [101.614472, 3.072725], [101.614471, 3.072583]]]}}, {"type": "Feature", "properties": {"height": 8.0}, "geometry": {"type": "Polygon", "coordinates": [[[101.614527, 3.072583], [101.614471, 3.072583], [101.614472, 3.072725], [101.614527, 3.072725], [101.614527, 3.072583]]]}}, {"type": "Feature", "properties": {"height": 8.0}, "geometry": {"type": "Polygon", "coordinates": [[[101.614582, 3.072583], [101.614527, 3.072583], [101.614527, 3.072725], [101.614582, 3.072725], [101.614582, 3.072583]]]}}, {"type": "Feature", "properties": {"height": 8.0}, "geometry": {"type": "Polygon", "coordinates": [[[101.614581, 3.072564], [101.614636, 3.072564], [101.614635, 3.072415], [101.61458, 3.072415], [101.614581, 3.072564]]]}}, {"type": "Feature", "properties": {"height": 8.0}, "geometry": {"type": "Polygon", "coordinates": [[[101.614525, 3.072564], [101.614581, 3.072564], [101.61458, 3.072415], [101.614525, 3.072416], [101.614525, 3.072564]]]}}, {"type": "Feature", "properties": {"height": 8.0}, "geometry": {"type": "Polygon", "coordinates": [[[101.61447, 3.072564], [101.614525, 3.072564], [101.614525, 3.072416], [101.61447, 3.072416], [101.61447, 3.072564]]]}}, {"type": "Feature", "properties": {"height": 8.0}, "geometry": {"type": "Polygon", "coordinates": [[[101.614415, 3.072564], [101.61447, 3.072564], [101.61447, 3.072416], [101.614415, 3.072416], [101.614415, 3.072564]]]}}, {"type": "Feature", "properties": {"height": 8.0}, "geometry": {"type": "Polygon", "coordinates": [[[101.61436, 3.072564], [101.614415, 3.072564], [101.614415, 3.072416], [101.61436, 3.072416], [101.61436, 3.072564]]]}}, {"type": "Feature", "properties": {"height": 8.0}, "geometry": {"type": "Polygon", "coordinates": [[[101.614305, 3.072564], [101.61436, 3.072564], [101.61436, 3.072416], [101.614305, 3.072416], [101.614305, 3.072564]]]}}, {"type": "Feature", "properties": {"height": 8.0}, "geometry": {"type": "Polygon", "coordinates": [[[101.61425, 3.072564], [101.614305, 3.072564], [101.614305, 3.072416], [101.61425, 3.072416], [101.61425, 3.072564]]]}}, {"type": "Feature", "properties": {"height": 8.0}, "geometry": {"type": "Polygon", "coordinates": [[[101.614195, 3.072564], [101.61425, 3.072564], [101.61425, 3.072416], [101.614195, 3.072416], [101.614195, 3.072564]]]}}, {"type": "Feature", "properties": {"height": 8.0}, "geometry": {"type": "Polygon", "coordinates": [[[101.61414, 3.072564], [101.614195, 3.072564], [101.614195, 3.072416], [101.61414, 3.072416], [101.61414, 3.072564]]]}}, {"type": "Feature", "properties": {"height": 8.0}, "geometry": {"type": "Polygon", "coordinates": [[[101.614085, 3.072564], [101.61414, 3.072564], [101.61414, 3.072416], [101.614085, 3.072416], [101.614085, 3.072564]]]}}, {"type": "Feature", "properties": {"height": 8.0}, "geometry": {"type": "Polygon", "coordinates": [[[101.61403, 3.072564], [101.614085, 3.072564], [101.614085, 3.072416], [101.61403, 3.072416], [101.61403, 3.072564]]]}}, {"type": "Feature", "properties": {"height": 8.0}, "geometry": {"type": "Polygon", "coordinates": [[[101.613975, 3.072564], [101.61403, 3.072564], [101.61403, 3.072416], [101.613974, 3.072417], [101.613975, 3.072564]]]}}, {"type": "Feature", "properties": {"height": 8.0}, "geometry": {"type": "Polygon", "coordinates": [[[101.61392, 3.072565], [101.613975, 3.072564], [101.613974, 3.072417], [101.613919, 3.072417], [101.61392, 3.072565]]]}}, {"type": "Feature", "properties": {"height": 8.0}, "geometry": {"type": "Polygon", "coordinates": [[[101.61392, 3.072082], [101.613866, 3.072082], [101.613866, 3.072226], [101.61392, 3.072226], [101.61392, 3.072082]]]}}, {"type": "Feature", "properties": {"height": 8.0}, "geometry": {"type": "Polygon", "coordinates": [[[101.613975, 3.072082], [101.61392, 3.072082], [101.61392, 3.072226], [101.613975, 3.072226], [101.613975, 3.072082]]]}}, {"type": "Feature", "properties": {"height": 8.0}, "geometry": {"type": "Polygon", "coordinates": [[[101.614029, 3.072082], [101.613975, 3.072082], [101.613975, 3.072226], [101.61403, 3.072226], [101.614029, 3.072082]]]}}, {"type": "Feature", "properties": {"height": 8.0}, "geometry": {"type": "Polygon", "coordinates": [[[101.614084, 3.072082], [101.614029, 3.072082], [101.61403, 3.072226], [101.614084, 3.072226], [101.614084, 3.072082]]]}}, {"type": "Feature", "properties": {"height": 8.0}, "geometry": {"type": "Polygon", "coordinates": [[[101.614139, 3.072081], [101.614084, 3.072082], [101.614084, 3.072226], [101.614139, 3.072226], [101.614139, 3.072081]]]}}, {"type": "Feature", "properties": {"height": 8.0}, "geometry": {"type": "Polygon", "coordinates": [[[101.614193, 3.072081], [101.614139, 3.072081], [101.614139, 3.072226], [101.614193, 3.072226], [101.614193, 3.072081]]]}}, {"type": "Feature", "properties": {"height": 8.0}, "geometry": {"type": "Polygon", "coordinates": [[[101.614248, 3.072081], [101.614193, 3.072081], [101.614193, 3.072226], [101.614248, 3.072226], [101.614248, 3.072081]]]}}, {"type": "Feature", "properties": {"height": 8.0}, "geometry": {"type": "Polygon", "coordinates": [[[101.614302, 3.072081], [101.614248, 3.072081], [101.614248, 3.072226], [101.614303, 3.072225], [101.614302, 3.072081]]]}}, {"type": "Feature", "properties": {"height": 8.0}, "geometry": {"type": "Polygon", "coordinates": [[[101.614357, 3.072081], [101.614302, 3.072081], [101.614303, 3.072225], [101.614357, 3.072225], [101.614357, 3.072081]]]}}, {"type": "Feature", "properties": {"height": 8.0}, "geometry": {"type": "Polygon", "coordinates": [[[101.614412, 3.072081], [101.614357, 3.072081], [101.614357, 3.072225], [101.614412, 3.072225], [101.614412, 3.072081]]]}}, {"type": "Feature", "properties": {"height": 8.0}, "geometry": {"type": "Polygon", "coordinates": [[[101.614466, 3.072081], [101.614412, 3.072081], [101.614412, 3.072225], [101.614467, 3.072225], [101.614466, 3.072081]]]}}, {"type": "Feature", "properties": {"height": 8.0}, "geometry": {"type": "Polygon", "coordinates": [[[101.614521, 3.072081], [101.614466, 3.072081], [101.614467, 3.072225], [101.614521, 3.072225], [101.614521, 3.072081]]]}}, {"type": "Feature", "properties": {"height": 8.0}, "geometry": {"type": "Polygon", "coordinates": [[[101.614576, 3.072081], [101.614521, 3.072081], [101.614521, 3.072225], [101.614576, 3.072225], [101.614576, 3.072081]]]}}, {"type": "Feature", "properties": {"height": 8.0}, "geometry": {"type": "Polygon", "coordinates": [[[101.614579, 3.072061], [101.614634, 3.072061], [101.614634, 3.071909], [101.614579, 3.071909], [101.614579, 3.072061]]]}}, {"type": "Feature", "properties": {"height": 8.0}, "geometry": {"type": "Polygon", "coordinates": [[[101.614524, 3.072062], [101.614579, 3.072061], [101.614579, 3.071909], [101.614524, 3.071909], [101.614524, 3.072062]]]}}, {"type": "Feature", "properties": {"height": 8.0}, "geometry": {"type": "Polygon", "coordinates": [[[101.614469, 3.072062], [101.614524, 3.072062], [101.614524, 3.071909], [101.614469, 3.07191], [101.614469, 3.072062]]]}}, {"type": "Feature", "properties": {"height": 8.0}, "geometry": {"type": "Polygon", "coordinates": [[[101.614414, 3.072062], [101.614469, 3.072062], [101.614469, 3.07191], [101.614413, 3.07191], [101.614414, 3.072062]]]}}, {"type": "Feature", "properties": {"height": 8.0}, "geometry": {"type": "Polygon", "coordinates": [[[101.614358, 3.072062], [101.614414, 3.072062], [101.614413, 3.07191], [101.614358, 3.07191], [101.614358, 3.072062]]]}}, {"type": "Feature", "properties": {"height": 8.0}, "geometry": {"type": "Polygon", "coordinates": [[[101.614303, 3.072062], [101.614358, 3.072062], [101.614358, 3.07191], [101.614303, 3.07191], [101.614303, 3.072062]]]}}, {"type": "Feature", "properties": {"height": 8.0}, "geometry": {"type": "Polygon", "coordinates": [[[101.614248, 3.072062], [101.614303, 3.072062], [101.614303, 3.07191], [101.614248, 3.07191], [101.614248, 3.072062]]]}}, {"type": "Feature", "properties": {"height": 8.0}, "geometry": {"type": "Polygon", "coordinates": [[[101.614193, 3.072062], [101.614248, 3.072062], [101.614248, 3.07191], [101.614193, 3.07191], [101.614193, 3.072062]]]}}, {"type": "Feature", "properties": {"height": 8.0}, "geometry": {"type": "Polygon", "coordinates": [[[101.614138, 3.072062], [101.614193, 3.072062], [101.614193, 3.07191], [101.614137, 3.07191], [101.614138, 3.072062]]]}}, {"type": "Feature", "properties": {"height": 8.0}, "geometry": {"type": "Polygon", "coordinates": [[[101.614082, 3.072062], [101.614138, 3.072062], [101.614137, 3.07191], [101.614082, 3.07191], [101.614082, 3.072062]]]}}, {"type": "Feature", "properties": {"height": 8.0}, "geometry": {"type": "Polygon", "coordinates": [[[101.614027, 3.072062], [101.614082, 3.072062], [101.614082, 3.07191], [101.614027, 3.07191], [101.614027, 3.072062]]]}}, {"type": "Feature", "properties": {"height": 8.0}, "geometry": {"type": "Polygon", "coordinates": [[[101.613972, 3.072062], [101.614027, 3.072062], [101.614027, 3.07191], [101.613972, 3.07191], [101.613972, 3.072062]]]}}, {"type": "Feature", "properties": {"height": 8.0}, "geometry": {"type": "Polygon", "coordinates": [[[101.613917, 3.072062], [101.613972, 3.072062], [101.613972, 3.07191], [101.613917, 3.07191], [101.613917, 3.072062]]]}}, {"type": "Feature", "properties": {"height": 8.0}, "geometry": {"type": "Polygon", "coordinates": [[[101.614583, 3.071726], [101.614639, 3.071726], [101.61464, 3.071588], [101.614584, 3.071588], [101.614583, 3.071726]]]}}, {"type": "Feature", "properties": {"height": 8.0}, "geometry": {"type": "Polygon", "coordinates": [[[101.614528, 3.071725], [101.614583, 3.071726], [101.614584, 3.071588], [101.614528, 3.071588], [101.614528, 3.071725]]]}}, {"type": "Feature", "properties": {"height": 8.0}, "geometry": {"type": "Polygon", "coordinates": [[[101.614472, 3.071725], [101.614528, 3.071725], [101.614528, 3.071588], [101.614473, 3.071588], [101.614472, 3.071725]]]}}, {"type": "Feature", "properties": {"height": 8.0}, "geometry": {"type": "Polygon", "coordinates": [[[101.614416, 3.071725], [101.614472, 3.071725], [101.614473, 3.071588], [101.614417, 3.071587], [101.614416, 3.071725]]]}}, {"type": "Feature", "properties": {"height": 8.0}, "geometry": {"type": "Polygon", "coordinates": [[[101.61436, 3.071724], [101.614416, 3.071725], [101.614417, 3.071587], [101.614361, 3.071587], [101.61436, 3.071724]]]}}, {"type": "Feature", "properties": {"height": 8.0}, "geometry": {"type": "Polygon", "coordinates": [[[101.614304, 3.071724], [101.61436, 3.071724], [101.614361, 3.071587], [101.614305, 3.071587], [101.614304, 3.071724]]]}}, {"type": "Feature", "properties": {"height": 8.0}, "geometry": {"type": "Polygon", "coordinates": [[[101.614248, 3.071724], [101.614304, 3.071724], [101.614305, 3.071587], [101.614249, 3.071586], [101.614248, 3.071724]]]}}, {"type": "Feature", "properties": {"height": 8.0}, "geometry": {"type": "Polygon", "coordinates": [[[101.614193, 3.071723], [101.614248, 3.071724], [101.614249, 3.071586], [101.614193, 3.071586], [101.614193, 3.071723]]]}}, {"type": "Feature", "properties": {"height": 8.0}, "geometry": {"type": "Polygon", "coordinates": [[[101.614137, 3.071723], [101.614193, 3.071723], [101.614193, 3.071586], [101.614137, 3.071586], [101.614137, 3.071723]]]}}, {"type": "Feature", "properties": {"height": 8.0}, "geometry": {"type": "Polygon", "coordinates": [[[101.614081, 3.071723], [101.614137, 3.071723], [101.614137, 3.071586], [101.614082, 3.071585], [101.614081, 3.071723]]]}}, {"type": "Feature", "properties": {"height": 8.0}, "geometry": {"type": "Polygon", "coordinates": [[[101.614025, 3.071722], [101.614081, 3.071723], [101.614082, 3.071585], [101.614026, 3.071585], [101.614025, 3.071722]]]}}, {"type": "Feature", "properties": {"height": 8.0}, "geometry": {"type": "Polygon", "coordinates": [[[101.613969, 3.071722], [101.614025, 3.071722], [101.614026, 3.071585], [101.61397, 3.071585], [101.613969, 3.071722]]]}}, {"type": "Feature", "properties": {"height": 8.0}, "geometry": {"type": "Polygon", "coordinates": [[[101.613913, 3.071722], [101.613969, 3.071722], [101.61397, 3.071585], [101.613914, 3.071584], [101.613913, 3.071722]]]}}, {"type": "Feature", "properties": {"height": 8.0}, "geometry": {"type": "Polygon", "coordinates": [[[101.614579, 3.071561], [101.614634, 3.071561], [101.614634, 3.071424], [101.614579, 3.071424], [101.614579, 3.071561]]]}}, {"type": "Feature", "properties": {"height": 8.0}, "geometry": {"type": "Polygon", "coordinates": [[[101.614524, 3.071561], [101.614579, 3.071561], [101.614579, 3.071424], [101.614524, 3.071425], [101.614524, 3.071561]]]}}, {"type": "Feature", "properties": {"height": 8.0}, "geometry": {"type": "Polygon", "coordinates": [[[101.614469, 3.071561], [101.614524, 3.071561], [101.614524, 3.071425], [101.614469, 3.071425], [101.614469, 3.071561]]]}}, {"type": "Feature", "properties": {"height": 8.0}, "geometry": {"type": "Polygon", "coordinates": [[[101.614414, 3.071561], [101.614469, 3.071561], [101.614469, 3.071425], [101.614413, 3.071425], [101.614414, 3.071561]]]}}, {"type": "Feature", "properties": {"height": 8.0}, "geometry": {"type": "Polygon", "coordinates": [[[101.614358, 3.071561], [101.614414, 3.071561], [101.614413, 3.071425], [101.614358, 3.071425], [101.614358, 3.071561]]]}}, {"type": "Feature", "properties": {"height": 8.0}, "geometry": {"type": "Polygon", "coordinates": [[[101.614303, 3.071561], [101.614358, 3.071561], [101.614358, 3.071425], [101.614303, 3.071425], [101.614303, 3.071561]]]}}, {"type": "Feature", "properties": {"height": 8.0}, "geometry": {"type": "Polygon", "coordinates": [[[101.614248, 3.071561], [101.614303, 3.071561], [101.614303, 3.071425], [101.614248, 3.071425], [101.614248, 3.071561]]]}}, {"type": "Feature", "properties": {"height": 8.0}, "geometry": {"type": "Polygon", "coordinates": [[[101.614193, 3.071561], [101.614248, 3.071561], [101.614248, 3.071425], [101.614193, 3.071425], [101.614193, 3.071561]]]}}, {"type": "Feature", "properties": {"height": 8.0}, "geometry": {"type": "Polygon", "coordinates": [[[101.614138, 3.071561], [101.614193, 3.071561], [101.614193, 3.071425], [101.614137, 3.071425], [101.614138, 3.071561]]]}}, {"type": "Feature", "properties": {"height": 8.0}, "geometry": {"type": "Polygon", "coordinates": [[[101.614083, 3.071562], [101.614138, 3.071561], [101.614137, 3.071425], [101.614082, 3.071425], [101.614083, 3.071562]]]}}, {"type": "Feature", "properties": {"height": 8.0}, "geometry": {"type": "Polygon", "coordinates": [[[101.614027, 3.071562], [101.614083, 3.071562], [101.614082, 3.071425], [101.614027, 3.071425], [101.614027, 3.071562]]]}}, {"type": "Feature", "properties": {"height": 8.0}, "geometry": {"type": "Polygon", "coordinates": [[[101.613972, 3.071562], [101.614027, 3.071562], [101.614027, 3.071425], [101.613972, 3.071425], [101.613972, 3.071562]]]}}, {"type": "Feature", "properties": {"height": 8.0}, "geometry": {"type": "Polygon", "coordinates": [[[101.613917, 3.071562], [101.613972, 3.071562], [101.613972, 3.071425], [101.613917, 3.071425], [101.613917, 3.071562]]]}}, {"type": "Feature", "properties": {"height": 8.0}, "geometry": {"type": "Polygon", "coordinates": [[[101.613918, 3.071092], [101.613863, 3.071092], [101.613863, 3.071239], [101.613918, 3.071239], [101.613918, 3.071092]]]}}, {"type": "Feature", "properties": {"height": 8.0}, "geometry": {"type": "Polygon", "coordinates": [[[101.613973, 3.071092], [101.613918, 3.071092], [101.613918, 3.071239], [101.613974, 3.071239], [101.613973, 3.071092]]]}}, {"type": "Feature", "properties": {"height": 8.0}, "geometry": {"type": "Polygon", "coordinates": [[[101.614029, 3.071092], [101.613973, 3.071092], [101.613974, 3.071239], [101.614029, 3.071239], [101.614029, 3.071092]]]}}, {"type": "Feature", "properties": {"height": 8.0}, "geometry": {"type": "Polygon", "coordinates": [[[101.614084, 3.071092], [101.614029, 3.071092], [101.614029, 3.071239], [101.614084, 3.071239], [101.614084, 3.071092]]]}}, {"type": "Feature", "properties": {"height": 8.0}, "geometry": {"type": "Polygon", "coordinates": [[[101.614139, 3.071092], [101.614084, 3.071092], [101.614084, 3.071239], [101.614139, 3.071239], [101.614139, 3.071092]]]}}, {"type": "Feature", "properties": {"height": 8.0}, "geometry": {"type": "Polygon", "coordinates": [[[101.614194, 3.071092], [101.614139, 3.071092], [101.614139, 3.071239], [101.614194, 3.071239], [101.614194, 3.071092]]]}}, {"type": "Feature", "properties": {"height": 8.0}, "geometry": {"type": "Polygon", "coordinates": [[[101.614249, 3.071091], [101.614194, 3.071092], [101.614194, 3.071239], [101.614249, 3.071238], [101.614249, 3.071091]]]}}, {"type": "Feature", "properties": {"height": 8.0}, "geometry": {"type": "Polygon", "coordinates": [[[101.614304, 3.071091], [101.614249, 3.071091], [101.614249, 3.071238], [101.614305, 3.071238], [101.614304, 3.071091]]]}}, {"type": "Feature", "properties": {"height": 8.0}, "geometry": {"type": "Polygon", "coordinates": [[[101.61436, 3.071091], [101.614304, 3.071091], [101.614305, 3.071238], [101.61436, 3.071238], [101.61436, 3.071091]]]}}, {"type": "Feature", "properties": {"height": 8.0}, "geometry": {"type": "Polygon", "coordinates": [[[101.614415, 3.071091], [101.61436, 3.071091], [101.61436, 3.071238], [101.614415, 3.071238], [101.614415, 3.071091]]]}}, {"type": "Feature", "properties": {"height": 8.0}, "geometry": {"type": "Polygon", "coordinates": [[[101.61447, 3.071091], [101.614415, 3.071091], [101.614415, 3.071238], [101.61447, 3.071238], [101.61447, 3.071091]]]}}, {"type": "Feature", "properties": {"height": 8.0}, "geometry": {"type": "Polygon", "coordinates": [[[101.614525, 3.071091], [101.61447, 3.071091], [101.61447, 3.071238], [101.614525, 3.071238], [101.614525, 3.071091]]]}}, {"type": "Feature", "properties": {"height": 8.0}, "geometry": {"type": "Polygon", "coordinates": [[[101.61458, 3.071091], [101.614525, 3.071091], [101.614525, 3.071238], [101.614581, 3.071238], [101.61458, 3.071091]]]}}, {"type": "Feature", "properties": {"height": 8.0}, "geometry": {"type": "Polygon", "coordinates": [[[101.614584, 3.071062], [101.61464, 3.071062], [101.614639, 3.070926], [101.614584, 3.070926], [101.614584, 3.071062]]]}}, {"type": "Feature", "properties": {"height": 8.0}, "geometry": {"type": "Polygon", "coordinates": [[[101.614528, 3.071062], [101.614584, 3.071062], [101.614584, 3.070926], [101.614528, 3.070926], [101.614528, 3.071062]]]}}, {"type": "Feature", "properties": {"height": 8.0}, "geometry": {"type": "Polygon", "coordinates": [[[101.614473, 3.071062], [101.614528, 3.071062], [101.614528, 3.070926], [101.614473, 3.070926], [101.614473, 3.071062]]]}}, {"type": "Feature", "properties": {"height": 8.0}, "geometry": {"type": "Polygon", "coordinates": [[[101.614417, 3.071062], [101.614473, 3.071062], [101.614473, 3.070926], [101.614417, 3.070926], [101.614417, 3.071062]]]}}, {"type": "Feature", "properties": {"height": 8.0}, "geometry": {"type": "Polygon", "coordinates": [[[101.614361, 3.071062], [101.614417, 3.071062], [101.614417, 3.070926], [101.614361, 3.070926], [101.614361, 3.071062]]]}}, {"type": "Feature", "properties": {"height": 8.0}, "geometry": {"type": "Polygon", "coordinates": [[[101.614306, 3.071062], [101.614361, 3.071062], [101.614361, 3.070926], [101.614306, 3.070926], [101.614306, 3.071062]]]}}, {"type": "Feature", "properties": {"height": 8.0}, "geometry": {"type": "Polygon", "coordinates": [[[101.61425, 3.071062], [101.614306, 3.071062], [101.614306, 3.070926], [101.61425, 3.070927], [101.61425, 3.071062]]]}}, {"type": "Feature", "properties": {"height": 8.0}, "geometry": {"type": "Polygon", "coordinates": [[[101.614194, 3.071063], [101.61425, 3.071062], [101.61425, 3.070927], [101.614194, 3.070927], [101.614194, 3.071063]]]}}, {"type": "Feature", "properties": {"height": 8.0}, "geometry": {"type": "Polygon", "coordinates": [[[101.614139, 3.071063], [101.614194, 3.071063], [101.614194, 3.070927], [101.614139, 3.070927], [101.614139, 3.071063]]]}}, {"type": "Feature", "properties": {"height": 8.0}, "geometry": {"type": "Polygon", "coordinates": [[[101.614083, 3.071063], [101.614139, 3.071063], [101.614139, 3.070927], [101.614083, 3.070927], [101.614083, 3.071063]]]}}, {"type": "Feature", "properties": {"height": 8.0}, "geometry": {"type": "Polygon", "coordinates": [[[101.614028, 3.071063], [101.614083, 3.071063], [101.614083, 3.070927], [101.614027, 3.070927], [101.614028, 3.071063]]]}}, {"type": "Feature", "properties": {"height": 8.0}, "geometry": {"type": "Polygon", "coordinates": [[[101.613972, 3.071063], [101.614028, 3.071063], [101.614027, 3.070927], [101.613972, 3.070927], [101.613972, 3.071063]]]}}, {"type": "Feature", "properties": {"height": 8.0}, "geometry": {"type": "Polygon", "coordinates": [[[101.613916, 3.071063], [101.613972, 3.071063], [101.613972, 3.070927], [101.613916, 3.070927], [101.613916, 3.071063]]]}}, {"type": "Feature", "properties": {"height": 8.0}, "geometry": {"type": "Polygon", "coordinates": [[[101.614986, 3.07047], [101.615041, 3.070469], [101.615039, 3.070334], [101.614984, 3.070335], [101.614986, 3.07047]]]}}, {"type": "Feature", "properties": {"height": 8.0}, "geometry": {"type": "Polygon", "coordinates": [[[101.614931, 3.07047], [101.614986, 3.07047], [101.614984, 3.070335], [101.614929, 3.070336], [101.614931, 3.07047]]]}}, {"type": "Feature", "properties": {"height": 8.0}, "geometry": {"type": "Polygon", "coordinates": [[[101.61493, 3.069995], [101.614875, 3.069995], [101.614874, 3.070131], [101.614929, 3.070132], [101.61493, 3.069995]]]}}, {"type": "Feature", "properties": {"height": 8.0}, "geometry": {"type": "Polygon", "coordinates": [[[101.614985, 3.069996], [101.61493, 3.069995], [101.614929, 3.070132], [101.614983, 3.070132], [101.614985, 3.069996]]]}}, {"type": "Feature", "properties": {"height": 8.0}, "geometry": {"type": "Polygon", "coordinates": [[[101.61504, 3.069996], [101.614985, 3.069996], [101.614983, 3.070132], [101.615038, 3.070133], [101.61504, 3.069996]]]}}, {"type": "Feature", "properties": {"height": 8.0}, "geometry": {"type": "Polygon", "coordinates": [[[101.614991, 3.069976], [101.615044, 3.069976], [101.615044, 3.069839], [101.614991, 3.069839], [101.614991, 3.069976]]]}}, {"type": "Feature", "properties": {"height": 8.0}, "geometry": {"type": "Polygon", "coordinates": [[[101.614936, 3.069976], [101.614991, 3.069976], [101.614991, 3.069839], [101.614936, 3.069839], [101.614936, 3.069976]]]}}, {"type": "Feature", "properties": {"height": 8.0}, "geometry": {"type": "Polygon", "coordinates": [[[101.614928, 3.069503], [101.614873, 3.069502], [101.614873, 3.069639], [101.614928, 3.069639], [101.614928, 3.069503]]]}}, {"type": "Feature", "properties": {"height": 8.0}, "geometry": {"type": "Polygon", "coordinates": [[[101.614983, 3.069503], [101.614928, 3.069503], [101.614928, 3.069639], [101.614983, 3.069639], [101.614983, 3.069503]]]}}, {"type": "Feature", "properties": {"height": 8.0}, "geometry": {"type": "Polygon", "coordinates": [[[101.615038, 3.069503], [101.614983, 3.069503], [101.614983, 3.069639], [101.615037, 3.069639], [101.615038, 3.069503]]]}}, {"type": "Feature", "properties": {"height": 8.0}, "geometry": {"type": "Polygon", "coordinates": [[[101.614982, 3.069483], [101.615037, 3.069483], [101.615037, 3.06934], [101.614982, 3.06934], [101.614982, 3.069483]]]}}, {"type": "Feature", "properties": {"height": 8.0}, "geometry": {"type": "Polygon", "coordinates": [[[101.614928, 3.069483], [101.614982, 3.069483], [101.614982, 3.06934], [101.614927, 3.069341], [101.614928, 3.069483]]]}}, {"type": "Feature", "properties": {"height": 8.0}, "geometry": {"type": "Polygon", "coordinates": [[[101.614927, 3.069005], [101.614872, 3.069005], [101.614871, 3.06913], [101.614926, 3.06913], [101.614927, 3.069005]]]}}, {"type": "Feature", "properties": {"height": 8.0}, "geometry": {"type": "Polygon", "coordinates": [[[101.614982, 3.069005], [101.614927, 3.069005], [101.614926, 3.06913], [101.614981, 3.06913], [101.614982, 3.069005]]]}}, {"type": "Feature", "properties": {"height": 8.0}, "geometry": {"type": "Polygon", "coordinates": [[[101.615037, 3.069006], [101.614982, 3.069005], [101.614981, 3.06913], [101.615036, 3.069131], [101.615037, 3.069006]]]}}, {"type": "Feature", "properties": {"height": 8.0}, "geometry": {"type": "Polygon", "coordinates": [[[101.614915, 3.068512], [101.614836, 3.068512], [101.614837, 3.068663], [101.614916, 3.068662], [101.614915, 3.068512]]]}}, {"type": "Feature", "properties": {"height": 8.0}, "geometry": {"type": "Polygon", "coordinates": [[[101.61497, 3.068512], [101.614915, 3.068512], [101.614916, 3.068662], [101.614971, 3.068662], [101.61497, 3.068512]]]}}, {"type": "Feature", "properties": {"height": 8.0}, "geometry": {"type": "Polygon", "coordinates": [[[101.615025, 3.068511], [101.61497, 3.068512], [101.614971, 3.068662], [101.615026, 3.068662], [101.615025, 3.068511]]]}}, {"type": "Feature", "properties": {"height": 8.0}, "geometry": {"type": "Polygon", "coordinates": [[[101.614975, 3.068485], [101.615029, 3.068485], [101.61503, 3.06833], [101.614975, 3.06833], [101.614975, 3.068485]]]}}, {"type": "Feature", "properties": {"height": 8.0}, "geometry": {"type": "Polygon", "coordinates": [[[101.61492, 3.068485], [101.614975, 3.068485], [101.614975, 3.06833], [101.614921, 3.068329], [101.61492, 3.068485]]]}}, {"type": "Feature", "properties": {"height": 8.0}, "geometry": {"type": "Polygon", "coordinates": [[[101.614919, 3.068008], [101.614864, 3.068007], [101.614863, 3.068158], [101.614918, 3.068159], [101.614919, 3.068008]]]}}, {"type": "Feature", "properties": {"height": 8.0}, "geometry": {"type": "Polygon", "coordinates": [[[101.614974, 3.068008], [101.614919, 3.068008], [101.614918, 3.068159], [101.614972, 3.068159], [101.614974, 3.068008]]]}}, {"type": "Feature", "properties": {"height": 8.0}, "geometry": {"type": "Polygon", "coordinates": [[[101.615029, 3.068009], [101.614974, 3.068008], [101.614972, 3.068159], [101.615027, 3.06816], [101.615029, 3.068009]]]}}, {"type": "Feature", "properties": {"height": 8.0}, "geometry": {"type": "Polygon", "coordinates": [[[101.614973, 3.067986], [101.615027, 3.067986], [101.615028, 3.067837], [101.614973, 3.067836], [101.614973, 3.067986]]]}}, {"type": "Feature", "properties": {"height": 8.0}, "geometry": {"type": "Polygon", "coordinates": [[[101.614918, 3.067986], [101.614973, 3.067986], [101.614973, 3.067836], [101.614919, 3.067836], [101.614918, 3.067986]]]}}, {"type": "Feature", "properties": {"height": 8.0}, "geometry": {"type": "Polygon", "coordinates": [[[101.614576, 3.069638], [101.614631, 3.069638], [101.614632, 3.069506], [101.614577, 3.069505], [101.614576, 3.069638]]]}}, {"type": "Feature", "properties": {"height": 8.0}, "geometry": {"type": "Polygon", "coordinates": [[[101.61452, 3.069637], [101.614576, 3.069638], [101.614577, 3.069505], [101.614522, 3.069505], [101.61452, 3.069637]]]}}, {"type": "Feature", "properties": {"height": 8.0}, "geometry": {"type": "Polygon", "coordinates": [[[101.614465, 3.069637], [101.61452, 3.069637], [101.614522, 3.069505], [101.614466, 3.069504], [101.614465, 3.069637]]]}}, {"type": "Feature", "properties": {"height": 8.0}, "geometry": {"type": "Polygon", "coordinates": [[[101.61441, 3.069636], [101.614465, 3.069637], [101.614466, 3.069504], [101.614411, 3.069504], [101.61441, 3.069636]]]}}, {"type": "Feature", "properties": {"height": 8.0}, "geometry": {"type": "Polygon", "coordinates": [[[101.614354, 3.069635], [101.61441, 3.069636], [101.614411, 3.069504], [101.614356, 3.069503], [101.614354, 3.069635]]]}}, {"type": "Feature", "properties": {"height": 8.0}, "geometry": {"type": "Polygon", "coordinates": [[[101.614299, 3.069635], [101.614354, 3.069635], [101.614356, 3.069503], [101.6143, 3.069503], [101.614299, 3.069635]]]}}, {"type": "Feature", "properties": {"height": 8.0}, "geometry": {"type": "Polygon", "coordinates": [[[101.614244, 3.069634], [101.614299, 3.069635], [101.6143, 3.069503], [101.614245, 3.069502], [101.614244, 3.069634]]]}}, {"type": "Feature", "properties": {"height": 8.0}, "geometry": {"type": "Polygon", "coordinates": [[[101.614188, 3.069634], [101.614244, 3.069634], [101.614245, 3.069502], [101.614189, 3.069502], [101.614188, 3.069634]]]}}, {"type": "Feature", "properties": {"height": 8.0}, "geometry": {"type": "Polygon", "coordinates": [[[101.614133, 3.069633], [101.614188, 3.069634], [101.614189, 3.069502], [101.614134, 3.069501], [101.614133, 3.069633]]]}}, {"type": "Feature", "properties": {"height": 8.0}, "geometry": {"type": "Polygon", "coordinates": [[[101.614077, 3.069633], [101.614133, 3.069633], [101.614134, 3.069501], [101.614079, 3.069501], [101.614077, 3.069633]]]}}, {"type": "Feature", "properties": {"height": 8.0}, "geometry": {"type": "Polygon", "coordinates": [[[101.614022, 3.069632], [101.614077, 3.069633], [101.614079, 3.069501], [101.614023, 3.0695], [101.614022, 3.069632]]]}}, {"type": "Feature", "properties": {"height": 8.0}, "geometry": {"type": "Polygon", "coordinates": [[[101.613967, 3.069631], [101.614022, 3.069632], [101.614023, 3.0695], [101.613968, 3.069499], [101.613967, 3.069631]]]}}, {"type": "Feature", "properties": {"height": 8.0}, "geometry": {"type": "Polygon", "coordinates": [[[101.613911, 3.069631], [101.613967, 3.069631], [101.613968, 3.069499], [101.613913, 3.069499], [101.613911, 3.069631]]]}}, {"type": "Feature", "properties": {"height": 8.0}, "geometry": {"type": "Polygon", "coordinates": [[[101.61458, 3.069483], [101.614635, 3.069484], [101.614636, 3.069356], [101.614581, 3.069355], [101.61458, 3.069483]]]}}, {"type": "Feature", "properties": {"height": 8.0}, "geometry": {"type": "Polygon", "coordinates": [[[101.614525, 3.069483], [101.61458, 3.069483], [101.614581, 3.069355], [101.614526, 3.069355], [101.614525, 3.069483]]]}}, {"type": "Feature", "properties": {"height": 8.0}, "geometry": {"type": "Polygon", "coordinates": [[[101.614469, 3.069482], [101.614525, 3.069483], [101.614526, 3.069355], [101.61447, 3.069355], [101.614469, 3.069482]]]}}, {"type": "Feature", "properties": {"height": 8.0}, "geometry": {"type": "Polygon", "coordinates": [[[101.614414, 3.069482], [101.614469, 3.069482], [101.61447, 3.069355], [101.614415, 3.069354], [101.614414, 3.069482]]]}}, {"type": "Feature", "properties": {"height": 8.0}, "geometry": {"type": "Polygon", "coordinates": [[[101.614358, 3.069482], [101.614414, 3.069482], [101.614415, 3.069354], [101.614359, 3.069354], [101.614358, 3.069482]]]}}, {"type": "Feature", "properties": {"height": 8.0}, "geometry": {"type": "Polygon", "coordinates": [[[101.614303, 3.069481], [101.614358, 3.069482], [101.614359, 3.069354], [101.614304, 3.069354], [101.614303, 3.069481]]]}}, {"type": "Feature", "properties": {"height": 8.0}, "geometry": {"type": "Polygon", "coordinates": [[[101.614248, 3.069481], [101.614303, 3.069481], [101.614304, 3.069354], [101.614249, 3.069353], [101.614248, 3.069481]]]}}, {"type": "Feature", "properties": {"height": 8.0}, "geometry": {"type": "Polygon", "coordinates": [[[101.614192, 3.069481], [101.614248, 3.069481], [101.614249, 3.069353], [101.614193, 3.069353], [101.614192, 3.069481]]]}}, {"type": "Feature", "properties": {"height": 8.0}, "geometry": {"type": "Polygon", "coordinates": [[[101.614137, 3.06948], [101.614192, 3.069481], [101.614193, 3.069353], [101.614138, 3.069352], [101.614137, 3.06948]]]}}, {"type": "Feature", "properties": {"height": 8.0}, "geometry": {"type": "Polygon", "coordinates": [[[101.614082, 3.06948], [101.614137, 3.06948], [101.614138, 3.069352], [101.614083, 3.069352], [101.614082, 3.06948]]]}}, {"type": "Feature", "properties": {"height": 8.0}, "geometry": {"type": "Polygon", "coordinates": [[[101.614026, 3.069479], [101.614082, 3.06948], [101.614083, 3.069352], [101.614027, 3.069352], [101.614026, 3.069479]]]}}, {"type": "Feature", "properties": {"height": 8.0}, "geometry": {"type": "Polygon", "coordinates": [[[101.613971, 3.069479], [101.614026, 3.069479], [101.614027, 3.069352], [101.613972, 3.069351], [101.613971, 3.069479]]]}}, {"type": "Feature", "properties": {"height": 8.0}, "geometry": {"type": "Polygon", "coordinates": [[[101.613916, 3.069479], [101.613971, 3.069479], [101.613972, 3.069351], [101.613916, 3.069351], [101.613916, 3.069479]]]}}, {"type": "Feature", "properties": {"height": 8.0}, "geometry": {"type": "Polygon", "coordinates": [[[101.613912, 3.069007], [101.613857, 3.069007], [101.613856, 3.069137], [101.613911, 3.069137], [101.613912, 3.069007]]]}}, {"type": "Feature", "properties": {"height": 8.0}, "geometry": {"type": "Polygon", "coordinates": [[[101.613966, 3.069008], [101.613912, 3.069007], [101.613911, 3.069137], [101.613965, 3.069137], [101.613966, 3.069008]]]}}, {"type": "Feature", "properties": {"height": 8.0}, "geometry": {"type": "Polygon", "coordinates": [[[101.614021, 3.069008], [101.613966, 3.069008], [101.613965, 3.069137], [101.61402, 3.069138], [101.614021, 3.069008]]]}}, {"type": "Feature", "properties": {"height": 8.0}, "geometry": {"type": "Polygon", "coordinates": [[[101.614075, 3.069008], [101.614021, 3.069008], [101.61402, 3.069138], [101.614075, 3.069138], [101.614075, 3.069008]]]}}, {"type": "Feature", "properties": {"height": 8.0}, "geometry": {"type": "Polygon", "coordinates": [[[101.61413, 3.069009], [101.614075, 3.069008], [101.614075, 3.069138], [101.614129, 3.069139], [101.61413, 3.069009]]]}}, {"type": "Feature", "properties": {"height": 8.0}, "geometry": {"type": "Polygon", "coordinates": [[[101.614185, 3.069009], [101.61413, 3.069009], [101.614129, 3.069139], [101.614184, 3.069139], [101.614185, 3.069009]]]}}, {"type": "Feature", "properties": {"height": 8.0}, "geometry": {"type": "Polygon", "coordinates": [[[101.614239, 3.069009], [101.614185, 3.069009], [101.614184, 3.069139], [101.614238, 3.069139], [101.614239, 3.069009]]]}}, {"type": "Feature", "properties": {"height": 8.0}, "geometry": {"type": "Polygon", "coordinates": [[[101.614294, 3.06901], [101.614239, 3.069009], [101.614238, 3.069139], [101.614293, 3.06914], [101.614294, 3.06901]]]}}, {"type": "Feature", "properties": {"height": 8.0}, "geometry": {"type": "Polygon", "coordinates": [[[101.614348, 3.06901], [101.614294, 3.06901], [101.614293, 3.06914], [101.614347, 3.06914], [101.614348, 3.06901]]]}}, {"type": "Feature", "properties": {"height": 8.0}, "geometry": {"type": "Polygon", "coordinates": [[[101.614403, 3.06901], [101.614348, 3.06901], [101.614347, 3.06914], [101.614402, 3.06914], [101.614403, 3.06901]]]}}, {"type": "Feature", "properties": {"height": 8.0}, "geometry": {"type": "Polygon", "coordinates": [[[101.614458, 3.069011], [101.614403, 3.06901], [101.614402, 3.06914], [101.614457, 3.069141], [101.614458, 3.069011]]]}}, {"type": "Feature", "properties": {"height": 8.0}, "geometry": {"type": "Polygon", "coordinates": [[[101.614512, 3.069011], [101.614458, 3.069011], [101.614457, 3.069141], [101.614511, 3.069141], [101.614512, 3.069011]]]}}, {"type": "Feature", "properties": {"height": 8.0}, "geometry": {"type": "Polygon", "coordinates": [[[101.614567, 3.069011], [101.614512, 3.069011], [101.614511, 3.069141], [101.614566, 3.069141], [101.614567, 3.069011]]]}}, {"type": "Feature", "properties": {"height": 8.0}, "geometry": {"type": "Polygon", "coordinates": [[[101.614564, 3.06899], [101.614619, 3.06899], [101.614621, 3.068835], [101.614565, 3.068834], [101.614564, 3.06899]]]}}, {"type": "Feature", "properties": {"height": 8.0}, "geometry": {"type": "Polygon", "coordinates": [[[101.614509, 3.068989], [101.614564, 3.06899], [101.614565, 3.068834], [101.614511, 3.068834], [101.614509, 3.068989]]]}}, {"type": "Feature", "properties": {"height": 8.0}, "geometry": {"type": "Polygon", "coordinates": [[[101.614454, 3.068988], [101.614509, 3.068989], [101.614511, 3.068834], [101.614456, 3.068833], [101.614454, 3.068988]]]}}, {"type": "Feature", "properties": {"height": 8.0}, "geometry": {"type": "Polygon", "coordinates": [[[101.614399, 3.068988], [101.614454, 3.068988], [101.614456, 3.068833], [101.614401, 3.068832], [101.614399, 3.068988]]]}}, {"type": "Feature", "properties": {"height": 8.0}, "geometry": {"type": "Polygon", "coordinates": [[[101.614344, 3.068987], [101.614399, 3.068988], [101.614401, 3.068832], [101.614346, 3.068832], [101.614344, 3.068987]]]}}, {"type": "Feature", "properties": {"height": 8.0}, "geometry": {"type": "Polygon", "coordinates": [[[101.614289, 3.068987], [101.614344, 3.068987], [101.614346, 3.068832], [101.614291, 3.068831], [101.614289, 3.068987]]]}}, {"type": "Feature", "properties": {"height": 8.0}, "geometry": {"type": "Polygon", "coordinates": [[[101.614234, 3.068986], [101.614289, 3.068987], [101.614291, 3.068831], [101.614236, 3.068831], [101.614234, 3.068986]]]}}, {"type": "Feature", "properties": {"height": 8.0}, "geometry": {"type": "Polygon", "coordinates": [[[101.614179, 3.068986], [101.614234, 3.068986], [101.614236, 3.068831], [101.614181, 3.06883], [101.614179, 3.068986]]]}}, {"type": "Feature", "properties": {"height": 8.0}, "geometry": {"type": "Polygon", "coordinates": [[[101.614124, 3.068985], [101.614179, 3.068986], [101.614181, 3.06883], [101.614126, 3.06883], [101.614124, 3.068985]]]}}, {"type": "Feature", "properties": {"height": 8.0}, "geometry": {"type": "Polygon", "coordinates": [[[101.614069, 3.068984], [101.614124, 3.068985], [101.614126, 3.06883], [101.614071, 3.068829], [101.614069, 3.068984]]]}}, {"type": "Feature", "properties": {"height": 8.0}, "geometry": {"type": "Polygon", "coordinates": [[[101.614014, 3.068984], [101.614069, 3.068984], [101.614071, 3.068829], [101.614016, 3.068828], [101.614014, 3.068984]]]}}, {"type": "Feature", "properties": {"height": 8.0}, "geometry": {"type": "Polygon", "coordinates": [[[101.61396, 3.068983], [101.614014, 3.068984], [101.614016, 3.068828], [101.613961, 3.068828], [101.61396, 3.068983]]]}}, {"type": "Feature", "properties": {"height": 8.0}, "geometry": {"type": "Polygon", "coordinates": [[[101.613905, 3.068983], [101.61396, 3.068983], [101.613961, 3.068828], [101.613906, 3.068827], [101.613905, 3.068983]]]}}, {"type": "Feature", "properties": {"height": 8.0}, "geometry": {"type": "Polygon", "coordinates": [[[101.613902, 3.068505], [101.6138, 3.068504], [101.613798, 3.068664], [101.6139, 3.068666], [101.613902, 3.068505]]]}}, {"type": "Feature", "properties": {"height": 8.0}, "geometry": {"type": "Polygon", "coordinates": [[[101.613958, 3.068506], [101.613902, 3.068505], [101.6139, 3.068666], [101.613956, 3.068666], [101.613958, 3.068506]]]}}, {"type": "Feature", "properties": {"height": 8.0}, "geometry": {"type": "Polygon", "coordinates": [[[101.614013, 3.068507], [101.613958, 3.068506], [101.613956, 3.068666], [101.614011, 3.068667], [101.614013, 3.068507]]]}}, {"type": "Feature", "properties": {"height": 8.0}, "geometry": {"type": "Polygon", "coordinates": [[[101.614068, 3.068507], [101.614013, 3.068507], [101.614011, 3.068667], [101.614066, 3.068668], [101.614068, 3.068507]]]}}, {"type": "Feature", "properties": {"height": 8.0}, "geometry": {"type": "Polygon", "coordinates": [[[101.614123, 3.068508], [101.614068, 3.068507], [101.614066, 3.068668], [101.614121, 3.068668], [101.614123, 3.068508]]]}}, {"type": "Feature", "properties": {"height": 8.0}, "geometry": {"type": "Polygon", "coordinates": [[[101.614178, 3.068509], [101.614123, 3.068508], [101.614121, 3.068668], [101.614176, 3.068669], [101.614178, 3.068509]]]}}, {"type": "Feature", "properties": {"height": 8.0}, "geometry": {"type": "Polygon", "coordinates": [[[101.614233, 3.06851], [101.614178, 3.068509], [101.614176, 3.068669], [101.614231, 3.06867], [101.614233, 3.06851]]]}}, {"type": "Feature", "properties": {"height": 8.0}, "geometry": {"type": "Polygon", "coordinates": [[[101.614289, 3.06851], [101.614233, 3.06851], [101.614231, 3.06867], [101.614286, 3.068671], [101.614289, 3.06851]]]}}, {"type": "Feature", "properties": {"height": 8.0}, "geometry": {"type": "Polygon", "coordinates": [[[101.614344, 3.068511], [101.614289, 3.06851], [101.614286, 3.068671], [101.614342, 3.068671], [101.614344, 3.068511]]]}}, {"type": "Feature", "properties": {"height": 8.0}, "geometry": {"type": "Polygon", "coordinates": [[[101.614399, 3.068512], [101.614344, 3.068511], [101.614342, 3.068671], [101.614397, 3.068672], [101.614399, 3.068512]]]}}, {"type": "Feature", "properties": {"height": 8.0}, "geometry": {"type": "Polygon", "coordinates": [[[101.614454, 3.068512], [101.614399, 3.068512], [101.614397, 3.068672], [101.614452, 3.068673], [101.614454, 3.068512]]]}}, {"type": "Feature", "properties": {"height": 8.0}, "geometry": {"type": "Polygon", "coordinates": [[[101.614509, 3.068513], [101.614454, 3.068512], [101.614452, 3.068673], [101.614507, 3.068673], [101.614509, 3.068513]]]}}, {"type": "Feature", "properties": {"height": 8.0}, "geometry": {"type": "Polygon", "coordinates": [[[101.614564, 3.068514], [101.614509, 3.068513], [101.614507, 3.068673], [101.614562, 3.068674], [101.614564, 3.068514]]]}}, {"type": "Feature", "properties": {"height": 8.0}, "geometry": {"type": "Polygon", "coordinates": [[[101.614564, 3.068492], [101.614619, 3.068492], [101.61462, 3.068341], [101.614565, 3.068341], [101.614564, 3.068492]]]}}, {"type": "Feature", "properties": {"height": 8.0}, "geometry": {"type": "Polygon", "coordinates": [[[101.614509, 3.068491], [101.614564, 3.068492], [101.614565, 3.068341], [101.61451, 3.06834], [101.614509, 3.068491]]]}}, {"type": "Feature", "properties": {"height": 8.0}, "geometry": {"type": "Polygon", "coordinates": [[[101.614454, 3.068491], [101.614509, 3.068491], [101.61451, 3.06834], [101.614455, 3.06834], [101.614454, 3.068491]]]}}, {"type": "Feature", "properties": {"height": 8.0}, "geometry": {"type": "Polygon", "coordinates": [[[101.614399, 3.06849], [101.614454, 3.068491], [101.614455, 3.06834], [101.6144, 3.068339], [101.614399, 3.06849]]]}}, {"type": "Feature", "properties": {"height": 8.0}, "geometry": {"type": "Polygon", "coordinates": [[[101.614344, 3.06849], [101.614399, 3.06849], [101.6144, 3.068339], [101.614345, 3.068339], [101.614344, 3.06849]]]}}, {"type": "Feature", "properties": {"height": 8.0}, "geometry": {"type": "Polygon", "coordinates": [[[101.614289, 3.06849], [101.614344, 3.06849], [101.614345, 3.068339], [101.61429, 3.068339], [101.614289, 3.06849]]]}}, {"type": "Feature", "properties": {"height": 8.0}, "geometry": {"type": "Polygon", "coordinates": [[[101.614234, 3.06849], [101.614289, 3.06849], [101.61429, 3.068339], [101.614235, 3.068338], [101.614234, 3.06849]]]}}, {"type": "Feature", "properties": {"height": 8.0}, "geometry": {"type": "Polygon", "coordinates": [[[101.614179, 3.068489], [101.614234, 3.06849], [101.614235, 3.068338], [101.61418, 3.068338], [101.614179, 3.068489]]]}}, {"type": "Feature", "properties": {"height": 8.0}, "geometry": {"type": "Polygon", "coordinates": [[[101.614124, 3.068489], [101.614179, 3.068489], [101.61418, 3.068338], [101.614125, 3.068338], [101.614124, 3.068489]]]}}, {"type": "Feature", "properties": {"height": 8.0}, "geometry": {"type": "Polygon", "coordinates": [[[101.614069, 3.068488], [101.614124, 3.068489], [101.614125, 3.068338], [101.61407, 3.068337], [101.614069, 3.068488]]]}}, {"type": "Feature", "properties": {"height": 8.0}, "geometry": {"type": "Polygon", "coordinates": [[[101.614014, 3.068488], [101.614069, 3.068488], [101.61407, 3.068337], [101.614015, 3.068337], [101.614014, 3.068488]]]}}, {"type": "Feature", "properties": {"height": 8.0}, "geometry": {"type": "Polygon", "coordinates": [[[101.613959, 3.068488], [101.614014, 3.068488], [101.614015, 3.068337], [101.61396, 3.068337], [101.613959, 3.068488]]]}}, {"type": "Feature", "properties": {"height": 8.0}, "geometry": {"type": "Polygon", "coordinates": [[[101.613904, 3.068487], [101.613959, 3.068488], [101.61396, 3.068337], [101.613905, 3.068336], [101.613904, 3.068487]]]}}, {"type": "Feature", "properties": {"height": 8.0}, "geometry": {"type": "Polygon", "coordinates": [[[101.613901, 3.068013], [101.613813, 3.068013], [101.613812, 3.068167], [101.613901, 3.068168], [101.613901, 3.068013]]]}}, {"type": "Feature", "properties": {"height": 8.0}, "geometry": {"type": "Polygon", "coordinates": [[[101.613957, 3.068014], [101.613901, 3.068013], [101.613901, 3.068168], [101.613956, 3.068168], [101.613957, 3.068014]]]}}, {"type": "Feature", "properties": {"height": 8.0}, "geometry": {"type": "Polygon", "coordinates": [[[101.614012, 3.068014], [101.613957, 3.068014], [101.613956, 3.068168], [101.614011, 3.068169], [101.614012, 3.068014]]]}}, {"type": "Feature", "properties": {"height": 8.0}, "geometry": {"type": "Polygon", "coordinates": [[[101.614067, 3.068014], [101.614012, 3.068014], [101.614011, 3.068169], [101.614066, 3.068169], [101.614067, 3.068014]]]}}, {"type": "Feature", "properties": {"height": 8.0}, "geometry": {"type": "Polygon", "coordinates": [[[101.614122, 3.068014], [101.614067, 3.068014], [101.614066, 3.068169], [101.614121, 3.068169], [101.614122, 3.068014]]]}}, {"type": "Feature", "properties": {"height": 8.0}, "geometry": {"type": "Polygon", "coordinates": [[[101.614177, 3.068015], [101.614122, 3.068014], [101.614121, 3.068169], [101.614176, 3.06817], [101.614177, 3.068015]]]}}, {"type": "Feature", "properties": {"height": 8.0}, "geometry": {"type": "Polygon", "coordinates": [[[101.614233, 3.068015], [101.614177, 3.068015], [101.614176, 3.06817], [101.614232, 3.06817], [101.614233, 3.068015]]]}}, {"type": "Feature", "properties": {"height": 8.0}, "geometry": {"type": "Polygon", "coordinates": [[[101.614288, 3.068016], [101.614233, 3.068015], [101.614232, 3.06817], [101.614287, 3.06817], [101.614288, 3.068016]]]}}, {"type": "Feature", "properties": {"height": 8.0}, "geometry": {"type": "Polygon", "coordinates": [[[101.614343, 3.068016], [101.614288, 3.068016], [101.614287, 3.06817], [101.614342, 3.068171], [101.614343, 3.068016]]]}}, {"type": "Feature", "properties": {"height": 8.0}, "geometry": {"type": "Polygon", "coordinates": [[[101.614398, 3.068016], [101.614343, 3.068016], [101.614342, 3.068171], [101.614397, 3.068171], [101.614398, 3.068016]]]}}, {"type": "Feature", "properties": {"height": 8.0}, "geometry": {"type": "Polygon", "coordinates": [[[101.614453, 3.068017], [101.614398, 3.068016], [101.614397, 3.068171], [101.614452, 3.068171], [101.614453, 3.068017]]]}}, {"type": "Feature", "properties": {"height": 8.0}, "geometry": {"type": "Polygon", "coordinates": [[[101.614508, 3.068017], [101.614453, 3.068017], [101.614452, 3.068171], [101.614507, 3.068172], [101.614508, 3.068017]]]}}, {"type": "Feature", "properties": {"height": 8.0}, "geometry": {"type": "Polygon", "coordinates": [[[101.614564, 3.068017], [101.614508, 3.068017], [101.614507, 3.068172], [101.614563, 3.068172], [101.614564, 3.068017]]]}}, {"type": "Feature", "properties": {"height": 8.0}, "geometry": {"type": "Polygon", "coordinates": [[[101.614564, 3.067983], [101.614618, 3.067983], [101.614618, 3.067831], [101.614563, 3.067831], [101.614564, 3.067983]]]}}, {"type": "Feature", "properties": {"height": 8.0}, "geometry": {"type": "Polygon", "coordinates": [[[101.614509, 3.067983], [101.614564, 3.067983], [101.614563, 3.067831], [101.614509, 3.067831], [101.614509, 3.067983]]]}}, {"type": "Feature", "properties": {"height": 8.0}, "geometry": {"type": "Polygon", "coordinates": [[[101.614454, 3.067983], [101.614509, 3.067983], [101.614509, 3.067831], [101.614454, 3.067832], [101.614454, 3.067983]]]}}, {"type": "Feature", "properties": {"height": 8.0}, "geometry": {"type": "Polygon", "coordinates": [[[101.6144, 3.067983], [101.614454, 3.067983], [101.614454, 3.067832], [101.614399, 3.067832], [101.6144, 3.067983]]]}}, {"type": "Feature", "properties": {"height": 8.0}, "geometry": {"type": "Polygon", "coordinates": [[[101.614345, 3.067983], [101.6144, 3.067983], [101.614399, 3.067832], [101.614345, 3.067832], [101.614345, 3.067983]]]}}, {"type": "Feature", "properties": {"height": 8.0}, "geometry": {"type": "Polygon", "coordinates": [[[101.614291, 3.067984], [101.614345, 3.067983], [101.614345, 3.067832], [101.61429, 3.067832], [101.614291, 3.067984]]]}}, {"type": "Feature", "properties": {"height": 8.0}, "geometry": {"type": "Polygon", "coordinates": [[[101.614236, 3.067984], [101.614291, 3.067984], [101.61429, 3.067832], [101.614236, 3.067832], [101.614236, 3.067984]]]}}, {"type": "Feature", "properties": {"height": 8.0}, "geometry": {"type": "Polygon", "coordinates": [[[101.614182, 3.067984], [101.614236, 3.067984], [101.614236, 3.067832], [101.614181, 3.067833], [101.614182, 3.067984]]]}}, {"type": "Feature", "properties": {"height": 8.0}, "geometry": {"type": "Polygon", "coordinates": [[[101.614127, 3.067984], [101.614182, 3.067984], [101.614181, 3.067833], [101.614126, 3.067833], [101.614127, 3.067984]]]}}, {"type": "Feature", "properties": {"height": 8.0}, "geometry": {"type": "Polygon", "coordinates": [[[101.614072, 3.067985], [101.614127, 3.067984], [101.614126, 3.067833], [101.614072, 3.067833], [101.614072, 3.067985]]]}}, {"type": "Feature", "properties": {"height": 8.0}, "geometry": {"type": "Polygon", "coordinates": [[[101.614018, 3.067985], [101.614072, 3.067985], [101.614072, 3.067833], [101.614017, 3.067833], [101.614018, 3.067985]]]}}, {"type": "Feature", "properties": {"height": 8.0}, "geometry": {"type": "Polygon", "coordinates": [[[101.613963, 3.067985], [101.614018, 3.067985], [101.614017, 3.067833], [101.613963, 3.067833], [101.613963, 3.067985]]]}}, {"type": "Feature", "properties": {"height": 8.0}, "geometry": {"type": "Polygon", "coordinates": [[[101.613908, 3.067985], [101.613963, 3.067985], [101.613963, 3.067833], [101.613908, 3.067833], [101.613908, 3.067985]]]}}, {"type": "Feature", "properties": {"height": 8.0}, "geometry": {"type": "Polygon", "coordinates": [[[101.614014, 3.067193], [101.613952, 3.067193], [101.613951, 3.067359], [101.614013, 3.06736], [101.614014, 3.067193]]]}}, {"type": "Feature", "properties": {"height": 8.0}, "geometry": {"type": "Polygon", "coordinates": [[[101.614076, 3.067193], [101.614014, 3.067193], [101.614013, 3.06736], [101.614075, 3.06736], [101.614076, 3.067193]]]}}, {"type": "Feature", "properties": {"height": 8.0}, "geometry": {"type": "Polygon", "coordinates": [[[101.614138, 3.067193], [101.614076, 3.067193], [101.614075, 3.06736], [101.614138, 3.06736], [101.614138, 3.067193]]]}}, {"type": "Feature", "properties": {"height": 8.0}, "geometry": {"type": "Polygon", "coordinates": [[[101.6142, 3.067193], [101.614138, 3.067193], [101.614138, 3.06736], [101.6142, 3.06736], [101.6142, 3.067193]]]}}, {"type": "Feature", "properties": {"height": 8.0}, "geometry": {"type": "Polygon", "coordinates": [[[101.614262, 3.067194], [101.6142, 3.067193], [101.6142, 3.06736], [101.614262, 3.06736], [101.614262, 3.067194]]]}}, {"type": "Feature", "properties": {"height": 8.0}, "geometry": {"type": "Polygon", "coordinates": [[[101.614324, 3.067194], [101.614262, 3.067194], [101.614262, 3.06736], [101.614324, 3.067361], [101.614324, 3.067194]]]}}, {"type": "Feature", "properties": {"height": 8.0}, "geometry": {"type": "Polygon", "coordinates": [[[101.614386, 3.067194], [101.614324, 3.067194], [101.614324, 3.067361], [101.614386, 3.067361], [101.614386, 3.067194]]]}}, {"type": "Feature", "properties": {"height": 8.0}, "geometry": {"type": "Polygon", "coordinates": [[[101.614448, 3.067194], [101.614386, 3.067194], [101.614386, 3.067361], [101.614448, 3.067361], [101.614448, 3.067194]]]}}, {"type": "Feature", "properties": {"height": 8.0}, "geometry": {"type": "Polygon", "coordinates": [[[101.614511, 3.067194], [101.614448, 3.067194], [101.614448, 3.067361], [101.61451, 3.067361], [101.614511, 3.067194]]]}}, {"type": "Feature", "properties": {"height": 8.0}, "geometry": {"type": "Polygon", "coordinates": [[[101.614573, 3.067194], [101.614511, 3.067194], [101.61451, 3.067361], [101.614572, 3.067361], [101.614573, 3.067194]]]}}, {"type": "Feature", "properties": {"height": 8.0}, "geometry": {"type": "Polygon", "coordinates": [[[101.614635, 3.067195], [101.614573, 3.067194], [101.614572, 3.067361], [101.614634, 3.067362], [101.614635, 3.067195]]]}}, {"type": "Feature", "properties": {"height": 8.0}, "geometry": {"type": "Polygon", "coordinates": [[[101.614697, 3.067195], [101.614635, 3.067195], [101.614634, 3.067362], [101.614696, 3.067362], [101.614697, 3.067195]]]}}, {"type": "Feature", "properties": {"height": 8.0}, "geometry": {"type": "Polygon", "coordinates": [[[101.614759, 3.067195], [101.614697, 3.067195], [101.614696, 3.067362], [101.614758, 3.067362], [101.614759, 3.067195]]]}}, {"type": "Feature", "properties": {"height": 8.0}, "geometry": {"type": "Polygon", "coordinates": [[[101.614761, 3.067169], [101.614823, 3.067169], [101.614824, 3.067019], [101.614762, 3.067019], [101.614761, 3.067169]]]}}, {"type": "Feature", "properties": {"height": 8.0}, "geometry": {"type": "Polygon", "coordinates": [[[101.614699, 3.067169], [101.614761, 3.067169], [101.614762, 3.067019], [101.614699, 3.067019], [101.614699, 3.067169]]]}}, {"type": "Feature", "properties": {"height": 8.0}, "geometry": {"type": "Polygon", "coordinates": [[[101.614637, 3.067169], [101.614699, 3.067169], [101.614699, 3.067019], [101.614637, 3.067019], [101.614637, 3.067169]]]}}, {"type": "Feature", "properties": {"height": 8.0}, "geometry": {"type": "Polygon", "coordinates": [[[101.614575, 3.067169], [101.614637, 3.067169], [101.614637, 3.067019], [101.614575, 3.067019], [101.614575, 3.067169]]]}}, {"type": "Feature", "properties": {"height": 8.0}, "geometry": {"type": "Polygon", "coordinates": [[[101.614513, 3.067168], [101.614575, 3.067169], [101.614575, 3.067019], [101.614513, 3.067019], [101.614513, 3.067168]]]}}, {"type": "Feature", "properties": {"height": 8.0}, "geometry": {"type": "Polygon", "coordinates": [[[101.614451, 3.067168], [101.614513, 3.067168], [101.614513, 3.067019], [101.614451, 3.067018], [101.614451, 3.067168]]]}}, {"type": "Feature", "properties": {"height": 8.0}, "geometry": {"type": "Polygon", "coordinates": [[[101.614389, 3.067168], [101.614451, 3.067168], [101.614451, 3.067018], [101.614389, 3.067018], [101.614389, 3.067168]]]}}, {"type": "Feature", "properties": {"height": 8.0}, "geometry": {"type": "Polygon", "coordinates": [[[101.614327, 3.067168], [101.614389, 3.067168], [101.614389, 3.067018], [101.614327, 3.067018], [101.614327, 3.067168]]]}}, {"type": "Feature", "properties": {"height": 8.0}, "geometry": {"type": "Polygon", "coordinates": [[[101.614265, 3.067168], [101.614327, 3.067168], [101.614327, 3.067018], [101.614265, 3.067018], [101.614265, 3.067168]]]}}, {"type": "Feature", "properties": {"height": 8.0}, "geometry": {"type": "Polygon", "coordinates": [[[101.614203, 3.067167], [101.614265, 3.067168], [101.614265, 3.067018], [101.614203, 3.067017], [101.614203, 3.067167]]]}}, {"type": "Feature", "properties": {"height": 8.0}, "geometry": {"type": "Polygon", "coordinates": [[[101.61414, 3.067167], [101.614203, 3.067167], [101.614203, 3.067017], [101.614141, 3.067017], [101.61414, 3.067167]]]}}, {"type": "Feature", "properties": {"height": 8.0}, "geometry": {"type": "Polygon", "coordinates": [[[101.614078, 3.067167], [101.61414, 3.067167], [101.614141, 3.067017], [101.614079, 3.067017], [101.614078, 3.067167]]]}}, {"type": "Feature", "properties": {"height": 8.0}, "geometry": {"type": "Polygon", "coordinates": [[[101.614016, 3.067167], [101.614078, 3.067167], [101.614079, 3.067017], [101.614017, 3.067017], [101.614016, 3.067167]]]}}, {"type": "Feature", "properties": {"height": 8.0}, "geometry": {"type": "Polygon", "coordinates": [[[101.614933, 3.067198], [101.61487, 3.067198], [101.614872, 3.067354], [101.614935, 3.067353], [101.614933, 3.067198]]]}}, {"type": "Feature", "properties": {"height": 8.0}, "geometry": {"type": "Polygon", "coordinates": [[[101.614996, 3.067197], [101.614933, 3.067198], [101.614935, 3.067353], [101.614997, 3.067353], [101.614996, 3.067197]]]}}, {"type": "Feature", "properties": {"height": 8.0}, "geometry": {"type": "Polygon", "coordinates": [[[101.615058, 3.067197], [101.614996, 3.067197], [101.614997, 3.067353], [101.61506, 3.067352], [101.615058, 3.067197]]]}}, {"type": "Feature", "properties": {"height": 8.0}, "geometry": {"type": "Polygon", "coordinates": [[[101.614997, 3.067175], [101.615059, 3.067175], [101.615058, 3.06702], [101.614996, 3.067021], [101.614997, 3.067175]]]}}, {"type": "Feature", "properties": {"height": 8.0}, "geometry": {"type": "Polygon", "coordinates": [[[101.614935, 3.067176], [101.614997, 3.067175], [101.614996, 3.067021], [101.614934, 3.067021], [101.614935, 3.067176]]]}}, {"type": "Feature", "properties": {"height": 8.0}, "geometry": {"type": "Polygon", "coordinates": [[[101.614015, 3.066654], [101.613953, 3.066654], [101.613955, 3.066791], [101.614017, 3.06679], [101.614015, 3.066654]]]}}, {"type": "Feature", "properties": {"height": 8.0}, "geometry": {"type": "Polygon", "coordinates": [[[101.614077, 3.066653], [101.614015, 3.066654], [101.614017, 3.06679], [101.614079, 3.06679], [101.614077, 3.066653]]]}}, {"type": "Feature", "properties": {"height": 8.0}, "geometry": {"type": "Polygon", "coordinates": [[[101.614139, 3.066652], [101.614077, 3.066653], [101.614079, 3.06679], [101.614141, 3.066789], [101.614139, 3.066652]]]}}, {"type": "Feature", "properties": {"height": 8.0}, "geometry": {"type": "Polygon", "coordinates": [[[101.614201, 3.066652], [101.614139, 3.066652], [101.614141, 3.066789], [101.614203, 3.066788], [101.614201, 3.066652]]]}}, {"type": "Feature", "properties": {"height": 8.0}, "geometry": {"type": "Polygon", "coordinates": [[[101.614264, 3.066651], [101.614201, 3.066652], [101.614203, 3.066788], [101.614265, 3.066788], [101.614264, 3.066651]]]}}, {"type": "Feature", "properties": {"height": 8.0}, "geometry": {"type": "Polygon", "coordinates": [[[101.614326, 3.06665], [101.614264, 3.066651], [101.614265, 3.066788], [101.614327, 3.066787], [101.614326, 3.06665]]]}}, {"type": "Feature", "properties": {"height": 8.0}, "geometry": {"type": "Polygon", "coordinates": [[[101.614388, 3.06665], [101.614326, 3.06665], [101.614327, 3.066787], [101.614389, 3.066786], [101.614388, 3.06665]]]}}, {"type": "Feature", "properties": {"height": 8.0}, "geometry": {"type": "Polygon", "coordinates": [[[101.614388, 3.066617], [101.614449, 3.066617], [101.614449, 3.066469], [101.614388, 3.066469], [101.614388, 3.066617]]]}}, {"type": "Feature", "properties": {"height": 8.0}, "geometry": {"type": "Polygon", "coordinates": [[[101.614326, 3.066617], [101.614388, 3.066617], [101.614388, 3.066469], [101.614326, 3.066469], [101.614326, 3.066617]]]}}, {"type": "Feature", "properties": {"height": 8.0}, "geometry": {"type": "Polygon", "coordinates": [[[101.614264, 3.066617], [101.614326, 3.066617], [101.614326, 3.066469], [101.614264, 3.066469], [101.614264, 3.066617]]]}}, {"type": "Feature", "properties": {"height": 8.0}, "geometry": {"type": "Polygon", "coordinates": [[[101.614202, 3.066617], [101.614264, 3.066617], [101.614264, 3.066469], [101.614202, 3.066469], [101.614202, 3.066617]]]}}, {"type": "Feature", "properties": {"height": 8.0}, "geometry": {"type": "Polygon", "coordinates": [[[101.614141, 3.066617], [101.614202, 3.066617], [101.614202, 3.066469], [101.614141, 3.066469], [101.614141, 3.066617]]]}}, {"type": "Feature", "properties": {"height": 8.0}, "geometry": {"type": "Polygon", "coordinates": [[[101.614079, 3.066617], [101.614141, 3.066617], [101.614141, 3.066469], [101.614079, 3.066469], [101.614079, 3.066617]]]}}, {"type": "Feature", "properties": {"height": 8.0}, "geometry": {"type": "Polygon", "coordinates": [[[101.614017, 3.066617], [101.614079, 3.066617], [101.614079, 3.066469], [101.614017, 3.066469], [101.614017, 3.066617]]]}}, {"type": "Feature", "properties": {"height": 8.0}, "geometry": {"type": "Polygon", "coordinates": [[[101.614017, 3.066098], [101.613956, 3.066098], [101.613956, 3.066253], [101.614017, 3.066253], [101.614017, 3.066098]]]}}, {"type": "Feature", "properties": {"height": 8.0}, "geometry": {"type": "Polygon", "coordinates": [[[101.614078, 3.066098], [101.614017, 3.066098], [101.614017, 3.066253], [101.614078, 3.066253], [101.614078, 3.066098]]]}}, {"type": "Feature", "properties": {"height": 8.0}, "geometry": {"type": "Polygon", "coordinates": [[[101.614139, 3.066098], [101.614078, 3.066098], [101.614078, 3.066253], [101.614139, 3.066253], [101.614139, 3.066098]]]}}, {"type": "Feature", "properties": {"height": 8.0}, "geometry": {"type": "Polygon", "coordinates": [[[101.6142, 3.066098], [101.614139, 3.066098], [101.614139, 3.066253], [101.6142, 3.066253], [101.6142, 3.066098]]]}}, {"type": "Feature", "properties": {"height": 8.0}, "geometry": {"type": "Polygon", "coordinates": [[[101.614261, 3.066098], [101.6142, 3.066098], [101.6142, 3.066253], [101.614261, 3.066253], [101.614261, 3.066098]]]}}, {"type": "Feature", "properties": {"height": 8.0}, "geometry": {"type": "Polygon", "coordinates": [[[101.614322, 3.066098], [101.614261, 3.066098], [101.614261, 3.066253], [101.614322, 3.066253], [101.614322, 3.066098]]]}}, {"type": "Feature", "properties": {"height": 8.0}, "geometry": {"type": "Polygon", "coordinates": [[[101.614383, 3.066098], [101.614322, 3.066098], [101.614322, 3.066253], [101.614383, 3.066253], [101.614383, 3.066098]]]}}, {"type": "Feature", "properties": {"height": 15.0}, "geometry": {"type": "Polygon", "coordinates": [[[101.609423, 3.072897], [101.609422, 3.072836], [101.609214, 3.072837], [101.609215, 3.072899], [101.609423, 3.072897]]]}}, {"type": "Feature", "properties": {"height": 15.0}, "geometry": {"type": "Polygon", "coordinates": [[[101.609423, 3.072959], [101.609423, 3.072897], [101.609215, 3.072899], [101.609215, 3.072961], [101.609423, 3.072959]]]}}, {"type": "Feature", "properties": {"height": 15.0}, "geometry": {"type": "Polygon", "coordinates": [[[101.609424, 3.073021], [101.609423, 3.072959], [101.609215, 3.072961], [101.609216, 3.073023], [101.609424, 3.073021]]]}}, {"type": "Feature", "properties": {"height": 15.0}, "geometry": {"type": "Polygon", "coordinates": [[[101.609424, 3.073083], [101.609424, 3.073021], [101.609216, 3.073023], [101.609216, 3.073084], [101.609424, 3.073083]]]}}, {"type": "Feature", "properties": {"height": 15.0}, "geometry": {"type": "Polygon", "coordinates": [[[101.609425, 3.073145], [101.609424, 3.073083], [101.609216, 3.073084], [101.609217, 3.073146], [101.609425, 3.073145]]]}}, {"type": "Feature", "properties": {"height": 15.0}, "geometry": {"type": "Polygon", "coordinates": [[[101.609422, 3.072836], [101.609419, 3.072749], [101.60926, 3.072752], [101.609215, 3.0728], [101.609214, 3.072837], [101.609422, 3.072836]]]}}, {"type": "Feature", "properties": {"height": 15.0}, "geometry": {"type": "Polygon", "coordinates": [[[101.609425, 3.073206], [101.609425, 3.073145], [101.609217, 3.073146], [101.609217, 3.073208], [101.609425, 3.073206]]]}}, {"type": "Feature", "properties": {"height": 15.0}, "geometry": {"type": "Polygon", "coordinates": [[[101.610484, 3.073312], [101.610484, 3.073373], [101.610268, 3.073374], [101.610268, 3.073314], [101.610484, 3.073312]]]}}, {"type": "Feature", "properties": {"height": 15.0}, "geometry": {"type": "Polygon", "coordinates": [[[101.610483, 3.073252], [101.610484, 3.073312], [101.610268, 3.073314], [101.610267, 3.073253], [101.610483, 3.073252]]]}}, {"type": "Feature", "properties": {"height": 15.0}, "geometry": {"type": "Polygon", "coordinates": [[[101.610483, 3.07319], [101.610483, 3.073252], [101.610267, 3.073253], [101.610267, 3.073192], [101.610483, 3.07319]]]}}, {"type": "Feature", "properties": {"height": 15.0}, "geometry": {"type": "Polygon", "coordinates": [[[101.610483, 3.07313], [101.610483, 3.07319], [101.610267, 3.073192], [101.610267, 3.073131], [101.610483, 3.07313]]]}}, {"type": "Feature", "properties": {"height": 15.0}, "geometry": {"type": "Polygon", "coordinates": [[[101.610482, 3.073069], [101.610483, 3.07313], [101.610267, 3.073131], [101.610266, 3.07307], [101.610482, 3.073069]]]}}, {"type": "Feature", "properties": {"height": 15.0}, "geometry": {"type": "Polygon", "coordinates": [[[101.610482, 3.073008], [101.610482, 3.073069], [101.610266, 3.07307], [101.610266, 3.073009], [101.610482, 3.073008]]]}}, {"type": "Feature", "properties": {"height": 15.0}, "geometry": {"type": "Polygon", "coordinates": [[[101.610482, 3.072947], [101.610482, 3.073008], [101.610266, 3.073009], [101.610266, 3.072948], [101.610482, 3.072947]]]}}, {"type": "Feature", "properties": {"height": 15.0}, "geometry": {"type": "Polygon", "coordinates": [[[101.610481, 3.072886], [101.610482, 3.072947], [101.610266, 3.072948], [101.610265, 3.072887], [101.610481, 3.072886]]]}}, {"type": "Feature", "properties": {"height": 15.0}, "geometry": {"type": "Polygon", "coordinates": [[[101.610481, 3.072825], [101.610481, 3.072886], [101.610265, 3.072887], [101.610265, 3.072826], [101.610481, 3.072825]]]}}, {"type": "Feature", "properties": {"height": 15.0}, "geometry": {"type": "Polygon", "coordinates": [[[101.610481, 3.072825], [101.610265, 3.072826], [101.610266, 3.072738], [101.610427, 3.072736], [101.610479, 3.072797], [101.610481, 3.072825]]]}}, {"type": "Feature", "properties": {"height": 15.0}, "geometry": {"type": "Polygon", "coordinates": [[[101.609537, 3.07295], [101.609477, 3.072951], [101.609476, 3.072736], [101.609536, 3.072736], [101.609537, 3.07295]]]}}, {"type": "Feature", "properties": {"height": 15.0}, "geometry": {"type": "Polygon", "coordinates": [[[101.609598, 3.07295], [101.609537, 3.07295], [101.609536, 3.072736], [101.609597, 3.072735], [101.609598, 3.07295]]]}}, {"type": "Feature", "properties": {"height": 15.0}, "geometry": {"type": "Polygon", "coordinates": [[[101.609658, 3.07295], [101.609598, 3.07295], [101.609597, 3.072735], [101.609657, 3.072735], [101.609658, 3.07295]]]}}, {"type": "Feature", "properties": {"height": 15.0}, "geometry": {"type": "Polygon", "coordinates": [[[101.609719, 3.072949], [101.609658, 3.07295], [101.609657, 3.072735], [101.609718, 3.072735], [101.609719, 3.072949]]]}}, {"type": "Feature", "properties": {"height": 15.0}, "geometry": {"type": "Polygon", "coordinates": [[[101.60978, 3.072949], [101.609719, 3.072949], [101.609718, 3.072735], [101.609778, 3.072734], [101.60978, 3.072949]]]}}, {"type": "Feature", "properties": {"height": 15.0}, "geometry": {"type": "Polygon", "coordinates": [[[101.60984, 3.072949], [101.60978, 3.072949], [101.609778, 3.072734], [101.609839, 3.072734], [101.60984, 3.072949]]]}}, {"type": "Feature", "properties": {"height": 15.0}, "geometry": {"type": "Polygon", "coordinates": [[[101.609901, 3.072948], [101.60984, 3.072949], [101.609839, 3.072734], [101.609899, 3.072734], [101.609901, 3.072948]]]}}, {"type": "Feature", "properties": {"height": 15.0}, "geometry": {"type": "Polygon", "coordinates": [[[101.609961, 3.072948], [101.609901, 3.072948], [101.609899, 3.072734], [101.60996, 3.072733], [101.609961, 3.072948]]]}}, {"type": "Feature", "properties": {"height": 15.0}, "geometry": {"type": "Polygon", "coordinates": [[[101.610022, 3.072948], [101.609961, 3.072948], [101.60996, 3.072733], [101.610021, 3.072733], [101.610022, 3.072948]]]}}, {"type": "Feature", "properties": {"height": 15.0}, "geometry": {"type": "Polygon", "coordinates": [[[101.610082, 3.072947], [101.610022, 3.072948], [101.610021, 3.072733], [101.610081, 3.072733], [101.610082, 3.072947]]]}}, {"type": "Feature", "properties": {"height": 15.0}, "geometry": {"type": "Polygon", "coordinates": [[[101.610143, 3.072947], [101.610082, 3.072947], [101.610081, 3.072733], [101.610142, 3.072732], [101.610143, 3.072947]]]}}, {"type": "Feature", "properties": {"height": 15.0}, "geometry": {"type": "Polygon", "coordinates": [[[101.610261, 3.072292], [101.610261, 3.072234], [101.610485, 3.072233], [101.610485, 3.072291], [101.610261, 3.072292]]]}}, {"type": "Feature", "properties": {"height": 15.0}, "geometry": {"type": "Polygon", "coordinates": [[[101.610262, 3.07235], [101.610261, 3.072292], [101.610485, 3.072291], [101.610485, 3.072349], [101.610262, 3.07235]]]}}, {"type": "Feature", "properties": {"height": 15.0}, "geometry": {"type": "Polygon", "coordinates": [[[101.610262, 3.072408], [101.610262, 3.07235], [101.610485, 3.072349], [101.610485, 3.072407], [101.610262, 3.072408]]]}}, {"type": "Feature", "properties": {"height": 15.0}, "geometry": {"type": "Polygon", "coordinates": [[[101.610262, 3.072466], [101.610262, 3.072408], [101.610485, 3.072407], [101.610485, 3.072465], [101.610262, 3.072466]]]}}, {"type": "Feature", "properties": {"height": 15.0}, "geometry": {"type": "Polygon", "coordinates": [[[101.609421, 3.072298], [101.609422, 3.072241], [101.609221, 3.072238], [101.60922, 3.072294], [101.609421, 3.072298]]]}}, {"type": "Feature", "properties": {"height": 15.0}, "geometry": {"type": "Polygon", "coordinates": [[[101.60942, 3.072354], [101.609421, 3.072298], [101.60922, 3.072294], [101.609219, 3.072351], [101.60942, 3.072354]]]}}, {"type": "Feature", "properties": {"height": 15.0}, "geometry": {"type": "Polygon", "coordinates": [[[101.609419, 3.072411], [101.60942, 3.072354], [101.609219, 3.072351], [101.609218, 3.072408], [101.609419, 3.072411]]]}}, {"type": "Feature", "properties": {"height": 15.0}, "geometry": {"type": "Polygon", "coordinates": [[[101.609221, 3.072238], [101.609422, 3.072241], [101.609425, 3.072102], [101.609278, 3.072107], [101.609227, 3.072155], [101.609221, 3.072238]]]}}, {"type": "Feature", "properties": {"height": 15.0}, "geometry": {"type": "Polygon", "coordinates": [[[101.609418, 3.072468], [101.609419, 3.072411], [101.609218, 3.072408], [101.609217, 3.072465], [101.609418, 3.072468]]]}}, {"type": "Feature", "properties": {"height": 15.0}, "geometry": {"type": "Polygon", "coordinates": [[[101.610485, 3.072233], [101.610261, 3.072234], [101.610264, 3.07209], [101.610441, 3.072084], [101.610488, 3.072135], [101.610485, 3.072233]]]}}, {"type": "Feature", "properties": {"height": 15.0}, "geometry": {"type": "Polygon", "coordinates": [[[101.609553, 3.072307], [101.609475, 3.072307], [101.609474, 3.072103], [101.609552, 3.072103], [101.609553, 3.072307]]]}}, {"type": "Feature", "properties": {"height": 15.0}, "geometry": {"type": "Polygon", "coordinates": [[[101.609613, 3.072306], [101.609553, 3.072307], [101.609552, 3.072103], [101.609612, 3.072102], [101.609613, 3.072306]]]}}, {"type": "Feature", "properties": {"height": 15.0}, "geometry": {"type": "Polygon", "coordinates": [[[101.609673, 3.072306], [101.609613, 3.072306], [101.609612, 3.072102], [101.609672, 3.072102], [101.609673, 3.072306]]]}}, {"type": "Feature", "properties": {"height": 15.0}, "geometry": {"type": "Polygon", "coordinates": [[[101.609733, 3.072306], [101.609673, 3.072306], [101.609672, 3.072102], [101.609732, 3.072102], [101.609733, 3.072306]]]}}, {"type": "Feature", "properties": {"height": 15.0}, "geometry": {"type": "Polygon", "coordinates": [[[101.609793, 3.072305], [101.609733, 3.072306], [101.609732, 3.072102], [101.609792, 3.072101], [101.609793, 3.072305]]]}}, {"type": "Feature", "properties": {"height": 15.0}, "geometry": {"type": "Polygon", "coordinates": [[[101.609853, 3.072305], [101.609793, 3.072305], [101.609792, 3.072101], [101.609852, 3.072101], [101.609853, 3.072305]]]}}, {"type": "Feature", "properties": {"height": 15.0}, "geometry": {"type": "Polygon", "coordinates": [[[101.609913, 3.072304], [101.609853, 3.072305], [101.609852, 3.072101], [101.609912, 3.0721], [101.609913, 3.072304]]]}}, {"type": "Feature", "properties": {"height": 15.0}, "geometry": {"type": "Polygon", "coordinates": [[[101.609973, 3.072304], [101.609913, 3.072304], [101.609912, 3.0721], [101.609972, 3.0721], [101.609973, 3.072304]]]}}, {"type": "Feature", "properties": {"height": 15.0}, "geometry": {"type": "Polygon", "coordinates": [[[101.610033, 3.072304], [101.609973, 3.072304], [101.609972, 3.0721], [101.610032, 3.0721], [101.610033, 3.072304]]]}}, {"type": "Feature", "properties": {"height": 15.0}, "geometry": {"type": "Polygon", "coordinates": [[[101.610093, 3.072303], [101.610033, 3.072304], [101.610032, 3.0721], [101.610092, 3.072099], [101.610093, 3.072303]]]}}, {"type": "Feature", "properties": {"height": 15.0}, "geometry": {"type": "Polygon", "coordinates": [[[101.610153, 3.072303], [101.610093, 3.072303], [101.610092, 3.072099], [101.610152, 3.072099], [101.610153, 3.072303]]]}}, {"type": "Feature", "properties": {"height": 15.0}, "geometry": {"type": "Polygon", "coordinates": [[[101.609558, 3.072564], [101.609478, 3.072565], [101.609476, 3.072351], [101.609556, 3.072351], [101.609558, 3.072564]]]}}, {"type": "Feature", "properties": {"height": 15.0}, "geometry": {"type": "Polygon", "coordinates": [[[101.609618, 3.072563], [101.609558, 3.072564], [101.609556, 3.072351], [101.609616, 3.07235], [101.609618, 3.072563]]]}}, {"type": "Feature", "properties": {"height": 15.0}, "geometry": {"type": "Polygon", "coordinates": [[[101.609678, 3.072563], [101.609618, 3.072563], [101.609616, 3.07235], [101.609676, 3.07235], [101.609678, 3.072563]]]}}, {"type": "Feature", "properties": {"height": 15.0}, "geometry": {"type": "Polygon", "coordinates": [[[101.609738, 3.072562], [101.609678, 3.072563], [101.609676, 3.07235], [101.609736, 3.072349], [101.609738, 3.072562]]]}}, {"type": "Feature", "properties": {"height": 15.0}, "geometry": {"type": "Polygon", "coordinates": [[[101.609798, 3.072562], [101.609738, 3.072562], [101.609736, 3.072349], [101.609796, 3.072349], [101.609798, 3.072562]]]}}, {"type": "Feature", "properties": {"height": 15.0}, "geometry": {"type": "Polygon", "coordinates": [[[101.609858, 3.072561], [101.609798, 3.072562], [101.609796, 3.072349], [101.609856, 3.072348], [101.609858, 3.072561]]]}}, {"type": "Feature", "properties": {"height": 15.0}, "geometry": {"type": "Polygon", "coordinates": [[[101.609918, 3.072561], [101.609858, 3.072561], [101.609856, 3.072348], [101.609916, 3.072347], [101.609918, 3.072561]]]}}, {"type": "Feature", "properties": {"height": 15.0}, "geometry": {"type": "Polygon", "coordinates": [[[101.609977, 3.07256], [101.609918, 3.072561], [101.609916, 3.072347], [101.609976, 3.072347], [101.609977, 3.07256]]]}}, {"type": "Feature", "properties": {"height": 15.0}, "geometry": {"type": "Polygon", "coordinates": [[[101.610037, 3.07256], [101.609977, 3.07256], [101.609976, 3.072347], [101.610035, 3.072346], [101.610037, 3.07256]]]}}, {"type": "Feature", "properties": {"height": 15.0}, "geometry": {"type": "Polygon", "coordinates": [[[101.610097, 3.072559], [101.610037, 3.07256], [101.610035, 3.072346], [101.610095, 3.072346], [101.610097, 3.072559]]]}}, {"type": "Feature", "properties": {"height": 15.0}, "geometry": {"type": "Polygon", "coordinates": [[[101.610157, 3.072558], [101.610097, 3.072559], [101.610095, 3.072346], [101.610155, 3.072345], [101.610157, 3.072558]]]}}, {"type": "Feature", "properties": {"height": 8.0}, "geometry": {"type": "Polygon", "coordinates": [[[101.611744, 3.073663], [101.611806, 3.073663], [101.611805, 3.073505], [101.611743, 3.073505], [101.611744, 3.073663]]]}}, {"type": "Feature", "properties": {"height": 8.0}, "geometry": {"type": "Polygon", "coordinates": [[[101.611682, 3.073663], [101.611744, 3.073663], [101.611743, 3.073505], [101.611682, 3.073506], [101.611682, 3.073663]]]}}, {"type": "Feature", "properties": {"height": 8.0}, "geometry": {"type": "Polygon", "coordinates": [[[101.61162, 3.073663], [101.611682, 3.073663], [101.611682, 3.073506], [101.61162, 3.073506], [101.61162, 3.073663]]]}}, {"type": "Feature", "properties": {"height": 8.0}, "geometry": {"type": "Polygon", "coordinates": [[[101.611559, 3.073664], [101.61162, 3.073663], [101.61162, 3.073506], [101.611558, 3.073506], [101.611559, 3.073664]]]}}, {"type": "Feature", "properties": {"height": 8.0}, "geometry": {"type": "Polygon", "coordinates": [[[101.611497, 3.073664], [101.611559, 3.073664], [101.611558, 3.073506], [101.611496, 3.073507], [101.611497, 3.073664]]]}}, {"type": "Feature", "properties": {"height": 8.0}, "geometry": {"type": "Polygon", "coordinates": [[[101.611435, 3.073665], [101.611497, 3.073664], [101.611496, 3.073507], [101.611434, 3.073507], [101.611435, 3.073665]]]}}, {"type": "Feature", "properties": {"height": 8.0}, "geometry": {"type": "Polygon", "coordinates": [[[101.611373, 3.073665], [101.611435, 3.073665], [101.611434, 3.073507], [101.611372, 3.073507], [101.611373, 3.073665]]]}}, {"type": "Feature", "properties": {"height": 8.0}, "geometry": {"type": "Polygon", "coordinates": [[[101.611311, 3.073665], [101.611373, 3.073665], [101.611372, 3.073507], [101.61131, 3.073507], [101.611311, 3.073665]]]}}, {"type": "Feature", "properties": {"height": 8.0}, "geometry": {"type": "Polygon", "coordinates": [[[101.611249, 3.073666], [101.611311, 3.073665], [101.61131, 3.073507], [101.611248, 3.073508], [101.611249, 3.073666]]]}}, {"type": "Feature", "properties": {"height": 8.0}, "geometry": {"type": "Polygon", "coordinates": [[[101.611187, 3.073666], [101.611249, 3.073666], [101.611248, 3.073508], [101.611186, 3.073508], [101.611187, 3.073666]]]}}, {"type": "Feature", "properties": {"height": 8.0}, "geometry": {"type": "Polygon", "coordinates": [[[101.611125, 3.073666], [101.611187, 3.073666], [101.611186, 3.073508], [101.611124, 3.073508], [101.611125, 3.073666]]]}}, {"type": "Feature", "properties": {"height": 8.0}, "geometry": {"type": "Polygon", "coordinates": [[[101.611124, 3.073321], [101.611062, 3.073321], [101.611063, 3.07348], [101.611125, 3.07348], [101.611124, 3.073321]]]}}, {"type": "Feature", "properties": {"height": 8.0}, "geometry": {"type": "Polygon", "coordinates": [[[101.611186, 3.07332], [101.611124, 3.073321], [101.611125, 3.07348], [101.611187, 3.073479], [101.611186, 3.07332]]]}}, {"type": "Feature", "properties": {"height": 8.0}, "geometry": {"type": "Polygon", "coordinates": [[[101.611247, 3.07332], [101.611186, 3.07332], [101.611187, 3.073479], [101.611248, 3.073479], [101.611247, 3.07332]]]}}, {"type": "Feature", "properties": {"height": 8.0}, "geometry": {"type": "Polygon", "coordinates": [[[101.611309, 3.07332], [101.611247, 3.07332], [101.611248, 3.073479], [101.61131, 3.073479], [101.611309, 3.07332]]]}}, {"type": "Feature", "properties": {"height": 8.0}, "geometry": {"type": "Polygon", "coordinates": [[[101.611371, 3.07332], [101.611309, 3.07332], [101.61131, 3.073479], [101.611372, 3.073478], [101.611371, 3.07332]]]}}, {"type": "Feature", "properties": {"height": 8.0}, "geometry": {"type": "Polygon", "coordinates": [[[101.611433, 3.073319], [101.611371, 3.07332], [101.611372, 3.073478], [101.611433, 3.073478], [101.611433, 3.073319]]]}}, {"type": "Feature", "properties": {"height": 8.0}, "geometry": {"type": "Polygon", "coordinates": [[[101.611494, 3.073319], [101.611433, 3.073319], [101.611433, 3.073478], [101.611495, 3.073478], [101.611494, 3.073319]]]}}, {"type": "Feature", "properties": {"height": 8.0}, "geometry": {"type": "Polygon", "coordinates": [[[101.611556, 3.073319], [101.611494, 3.073319], [101.611495, 3.073478], [101.611557, 3.073477], [101.611556, 3.073319]]]}}, {"type": "Feature", "properties": {"height": 8.0}, "geometry": {"type": "Polygon", "coordinates": [[[101.611617, 3.073318], [101.611556, 3.073319], [101.611557, 3.073477], [101.611618, 3.073477], [101.611617, 3.073318]]]}}, {"type": "Feature", "properties": {"height": 8.0}, "geometry": {"type": "Polygon", "coordinates": [[[101.611679, 3.073318], [101.611617, 3.073318], [101.611618, 3.073477], [101.61168, 3.073477], [101.611679, 3.073318]]]}}, {"type": "Feature", "properties": {"height": 8.0}, "geometry": {"type": "Polygon", "coordinates": [[[101.611741, 3.073318], [101.611679, 3.073318], [101.61168, 3.073477], [101.611742, 3.073476], [101.611741, 3.073318]]]}}, {"type": "Feature", "properties": {"height": 8.0}, "geometry": {"type": "Polygon", "coordinates": [[[101.61191, 3.073326], [101.611848, 3.073327], [101.611849, 3.073479], [101.611911, 3.073479], [101.61191, 3.073326]]]}}, {"type": "Feature", "properties": {"height": 8.0}, "geometry": {"type": "Polygon", "coordinates": [[[101.611972, 3.073326], [101.61191, 3.073326], [101.611911, 3.073479], [101.611973, 3.073479], [101.611972, 3.073326]]]}}, {"type": "Feature", "properties": {"height": 8.0}, "geometry": {"type": "Polygon", "coordinates": [[[101.612035, 3.073326], [101.611972, 3.073326], [101.611973, 3.073479], [101.612036, 3.073478], [101.612035, 3.073326]]]}}, {"type": "Feature", "properties": {"height": 8.0}, "geometry": {"type": "Polygon", "coordinates": [[[101.612097, 3.073325], [101.612035, 3.073326], [101.612036, 3.073478], [101.612098, 3.073478], [101.612097, 3.073325]]]}}, {"type": "Feature", "properties": {"height": 8.0}, "geometry": {"type": "Polygon", "coordinates": [[[101.612159, 3.073325], [101.612097, 3.073325], [101.612098, 3.073478], [101.61216, 3.073478], [101.612159, 3.073325]]]}}, {"type": "Feature", "properties": {"height": 8.0}, "geometry": {"type": "Polygon", "coordinates": [[[101.612221, 3.073325], [101.612159, 3.073325], [101.61216, 3.073478], [101.612222, 3.073478], [101.612221, 3.073325]]]}}, {"type": "Feature", "properties": {"height": 8.0}, "geometry": {"type": "Polygon", "coordinates": [[[101.612283, 3.073324], [101.612221, 3.073325], [101.612222, 3.073478], [101.612284, 3.073477], [101.612283, 3.073324]]]}}, {"type": "Feature", "properties": {"height": 8.0}, "geometry": {"type": "Polygon", "coordinates": [[[101.612345, 3.073324], [101.612283, 3.073324], [101.612284, 3.073477], [101.612346, 3.073477], [101.612345, 3.073324]]]}}, {"type": "Feature", "properties": {"height": 8.0}, "geometry": {"type": "Polygon", "coordinates": [[[101.612408, 3.073324], [101.612345, 3.073324], [101.612346, 3.073477], [101.612408, 3.073476], [101.612408, 3.073324]]]}}, {"type": "Feature", "properties": {"height": 8.0}, "geometry": {"type": "Polygon", "coordinates": [[[101.61247, 3.073323], [101.612408, 3.073324], [101.612408, 3.073476], [101.612471, 3.073476], [101.61247, 3.073323]]]}}, {"type": "Feature", "properties": {"height": 8.0}, "geometry": {"type": "Polygon", "coordinates": [[[101.612532, 3.073323], [101.61247, 3.073323], [101.612471, 3.073476], [101.612533, 3.073476], [101.612532, 3.073323]]]}}, {"type": "Feature", "properties": {"height": 8.0}, "geometry": {"type": "Polygon", "coordinates": [[[101.61253, 3.073656], [101.612592, 3.073656], [101.612591, 3.073506], [101.612529, 3.073507], [101.61253, 3.073656]]]}}, {"type": "Feature", "properties": {"height": 8.0}, "geometry": {"type": "Polygon", "coordinates": [[[101.612468, 3.073657], [101.61253, 3.073656], [101.612529, 3.073507], [101.612467, 3.073507], [101.612468, 3.073657]]]}}, {"type": "Feature", "properties": {"height": 8.0}, "geometry": {"type": "Polygon", "coordinates": [[[101.612406, 3.073657], [101.612468, 3.073657], [101.612467, 3.073507], [101.612405, 3.073507], [101.612406, 3.073657]]]}}, {"type": "Feature", "properties": {"height": 8.0}, "geometry": {"type": "Polygon", "coordinates": [[[101.612344, 3.073657], [101.612406, 3.073657], [101.612405, 3.073507], [101.612343, 3.073508], [101.612344, 3.073657]]]}}, {"type": "Feature", "properties": {"height": 8.0}, "geometry": {"type": "Polygon", "coordinates": [[[101.612282, 3.073658], [101.612344, 3.073657], [101.612343, 3.073508], [101.612281, 3.073508], [101.612282, 3.073658]]]}}, {"type": "Feature", "properties": {"height": 8.0}, "geometry": {"type": "Polygon", "coordinates": [[[101.61222, 3.073658], [101.612282, 3.073658], [101.612281, 3.073508], [101.612219, 3.073508], [101.61222, 3.073658]]]}}, {"type": "Feature", "properties": {"height": 8.0}, "geometry": {"type": "Polygon", "coordinates": [[[101.612158, 3.073659], [101.61222, 3.073658], [101.612219, 3.073508], [101.612157, 3.073509], [101.612158, 3.073659]]]}}, {"type": "Feature", "properties": {"height": 8.0}, "geometry": {"type": "Polygon", "coordinates": [[[101.612096, 3.073659], [101.612158, 3.073659], [101.612157, 3.073509], [101.612095, 3.073509], [101.612096, 3.073659]]]}}, {"type": "Feature", "properties": {"height": 8.0}, "geometry": {"type": "Polygon", "coordinates": [[[101.612034, 3.073659], [101.612096, 3.073659], [101.612095, 3.073509], [101.612033, 3.073509], [101.612034, 3.073659]]]}}, {"type": "Feature", "properties": {"height": 8.0}, "geometry": {"type": "Polygon", "coordinates": [[[101.611972, 3.073659], [101.612034, 3.073659], [101.612033, 3.073509], [101.611971, 3.07351], [101.611972, 3.073659]]]}}, {"type": "Feature", "properties": {"height": 8.0}, "geometry": {"type": "Polygon", "coordinates": [[[101.61191, 3.07366], [101.611972, 3.073659], [101.611971, 3.07351], [101.611909, 3.07351], [101.61191, 3.07366]]]}}, {"type": "Feature", "properties": {"height": 8.0}, "geometry": {"type": "Polygon", "coordinates": [[[101.613325, 3.07366], [101.613387, 3.073659], [101.613387, 3.073506], [101.613324, 3.073506], [101.613325, 3.07366]]]}}, {"type": "Feature", "properties": {"height": 8.0}, "geometry": {"type": "Polygon", "coordinates": [[[101.613263, 3.07366], [101.613325, 3.07366], [101.613324, 3.073506], [101.613262, 3.073507], [101.613263, 3.07366]]]}}, {"type": "Feature", "properties": {"height": 8.0}, "geometry": {"type": "Polygon", "coordinates": [[[101.6132, 3.07366], [101.613263, 3.07366], [101.613262, 3.073507], [101.613199, 3.073507], [101.6132, 3.07366]]]}}, {"type": "Feature", "properties": {"height": 8.0}, "geometry": {"type": "Polygon", "coordinates": [[[101.613138, 3.07366], [101.6132, 3.07366], [101.613199, 3.073507], [101.613137, 3.073507], [101.613138, 3.07366]]]}}, {"type": "Feature", "properties": {"height": 8.0}, "geometry": {"type": "Polygon", "coordinates": [[[101.613075, 3.073661], [101.613138, 3.07366], [101.613137, 3.073507], [101.613075, 3.073508], [101.613075, 3.073661]]]}}, {"type": "Feature", "properties": {"height": 8.0}, "geometry": {"type": "Polygon", "coordinates": [[[101.613013, 3.073661], [101.613075, 3.073661], [101.613075, 3.073508], [101.613012, 3.073508], [101.613013, 3.073661]]]}}, {"type": "Feature", "properties": {"height": 8.0}, "geometry": {"type": "Polygon", "coordinates": [[[101.612951, 3.073662], [101.613013, 3.073661], [101.613012, 3.073508], [101.61295, 3.073508], [101.612951, 3.073662]]]}}, {"type": "Feature", "properties": {"height": 8.0}, "geometry": {"type": "Polygon", "coordinates": [[[101.612888, 3.073662], [101.612951, 3.073662], [101.61295, 3.073508], [101.612887, 3.073509], [101.612888, 3.073662]]]}}, {"type": "Feature", "properties": {"height": 8.0}, "geometry": {"type": "Polygon", "coordinates": [[[101.612826, 3.073662], [101.612888, 3.073662], [101.612887, 3.073509], [101.612825, 3.073509], [101.612826, 3.073662]]]}}, {"type": "Feature", "properties": {"height": 8.0}, "geometry": {"type": "Polygon", "coordinates": [[[101.612764, 3.073662], [101.612826, 3.073662], [101.612825, 3.073509], [101.612763, 3.073509], [101.612764, 3.073662]]]}}, {"type": "Feature", "properties": {"height": 8.0}, "geometry": {"type": "Polygon", "coordinates": [[[101.612701, 3.073663], [101.612764, 3.073662], [101.612763, 3.073509], [101.6127, 3.07351], [101.612701, 3.073663]]]}}, {"type": "Feature", "properties": {"height": 8.0}, "geometry": {"type": "Polygon", "coordinates": [[[101.613325, 3.07347], [101.613387, 3.07347], [101.613387, 3.073315], [101.613324, 3.073316], [101.613325, 3.07347]]]}}, {"type": "Feature", "properties": {"height": 8.0}, "geometry": {"type": "Polygon", "coordinates": [[[101.613262, 3.07347], [101.613325, 3.07347], [101.613324, 3.073316], [101.613261, 3.073316], [101.613262, 3.07347]]]}}, {"type": "Feature", "properties": {"height": 8.0}, "geometry": {"type": "Polygon", "coordinates": [[[101.6132, 3.073471], [101.613262, 3.07347], [101.613261, 3.073316], [101.613199, 3.073316], [101.6132, 3.073471]]]}}, {"type": "Feature", "properties": {"height": 8.0}, "geometry": {"type": "Polygon", "coordinates": [[[101.613137, 3.073471], [101.6132, 3.073471], [101.613199, 3.073316], [101.613137, 3.073316], [101.613137, 3.073471]]]}}, {"type": "Feature", "properties": {"height": 8.0}, "geometry": {"type": "Polygon", "coordinates": [[[101.613075, 3.073472], [101.613137, 3.073471], [101.613137, 3.073316], [101.613074, 3.073317], [101.613075, 3.073472]]]}}, {"type": "Feature", "properties": {"height": 8.0}, "geometry": {"type": "Polygon", "coordinates": [[[101.613012, 3.073472], [101.613075, 3.073472], [101.613074, 3.073317], [101.613012, 3.073317], [101.613012, 3.073472]]]}}, {"type": "Feature", "properties": {"height": 8.0}, "geometry": {"type": "Polygon", "coordinates": [[[101.61295, 3.073472], [101.613012, 3.073472], [101.613012, 3.073317], [101.612949, 3.073317], [101.61295, 3.073472]]]}}, {"type": "Feature", "properties": {"height": 8.0}, "geometry": {"type": "Polygon", "coordinates": [[[101.612887, 3.073472], [101.61295, 3.073472], [101.612949, 3.073317], [101.612887, 3.073318], [101.612887, 3.073472]]]}}, {"type": "Feature", "properties": {"height": 8.0}, "geometry": {"type": "Polygon", "coordinates": [[[101.612825, 3.073473], [101.612887, 3.073472], [101.612887, 3.073318], [101.612824, 3.073318], [101.612825, 3.073473]]]}}, {"type": "Feature", "properties": {"height": 8.0}, "geometry": {"type": "Polygon", "coordinates": [[[101.612763, 3.073473], [101.612825, 3.073473], [101.612824, 3.073318], [101.612762, 3.073319], [101.612763, 3.073473]]]}}, {"type": "Feature", "properties": {"height": 8.0}, "geometry": {"type": "Polygon", "coordinates": [[[101.6127, 3.073473], [101.612763, 3.073473], [101.612762, 3.073319], [101.612699, 3.073319], [101.6127, 3.073473]]]}}, {"type": "Feature", "properties": {"height": 8.0}, "geometry": {"type": "Polygon", "coordinates": [[[101.612698, 3.072769], [101.612635, 3.07277], [101.612636, 3.072923], [101.612699, 3.072923], [101.612698, 3.072769]]]}}, {"type": "Feature", "properties": {"height": 8.0}, "geometry": {"type": "Polygon", "coordinates": [[[101.61276, 3.072769], [101.612698, 3.072769], [101.612699, 3.072923], [101.612761, 3.072922], [101.61276, 3.072769]]]}}, {"type": "Feature", "properties": {"height": 8.0}, "geometry": {"type": "Polygon", "coordinates": [[[101.612822, 3.072768], [101.61276, 3.072769], [101.612761, 3.072922], [101.612824, 3.072922], [101.612822, 3.072768]]]}}, {"type": "Feature", "properties": {"height": 8.0}, "geometry": {"type": "Polygon", "coordinates": [[[101.612885, 3.072768], [101.612822, 3.072768], [101.612824, 3.072922], [101.612886, 3.072921], [101.612885, 3.072768]]]}}, {"type": "Feature", "properties": {"height": 8.0}, "geometry": {"type": "Polygon", "coordinates": [[[101.612947, 3.072767], [101.612885, 3.072768], [101.612886, 3.072921], [101.612949, 3.07292], [101.612947, 3.072767]]]}}, {"type": "Feature", "properties": {"height": 8.0}, "geometry": {"type": "Polygon", "coordinates": [[[101.61301, 3.072767], [101.612947, 3.072767], [101.612949, 3.07292], [101.613011, 3.07292], [101.61301, 3.072767]]]}}, {"type": "Feature", "properties": {"height": 8.0}, "geometry": {"type": "Polygon", "coordinates": [[[101.613072, 3.072766], [101.61301, 3.072767], [101.613011, 3.07292], [101.613074, 3.072919], [101.613072, 3.072766]]]}}, {"type": "Feature", "properties": {"height": 8.0}, "geometry": {"type": "Polygon", "coordinates": [[[101.613135, 3.072765], [101.613072, 3.072766], [101.613074, 3.072919], [101.613136, 3.072919], [101.613135, 3.072765]]]}}, {"type": "Feature", "properties": {"height": 8.0}, "geometry": {"type": "Polygon", "coordinates": [[[101.613197, 3.072765], [101.613135, 3.072765], [101.613136, 3.072919], [101.613198, 3.072918], [101.613197, 3.072765]]]}}, {"type": "Feature", "properties": {"height": 8.0}, "geometry": {"type": "Polygon", "coordinates": [[[101.61326, 3.072764], [101.613197, 3.072765], [101.613198, 3.072918], [101.613261, 3.072917], [101.61326, 3.072764]]]}}, {"type": "Feature", "properties": {"height": 8.0}, "geometry": {"type": "Polygon", "coordinates": [[[101.613322, 3.072764], [101.61326, 3.072764], [101.613261, 3.072917], [101.613323, 3.072917], [101.613322, 3.072764]]]}}, {"type": "Feature", "properties": {"height": 8.0}, "geometry": {"type": "Polygon", "coordinates": [[[101.613321, 3.073105], [101.613383, 3.073104], [101.613382, 3.072955], [101.61332, 3.072956], [101.613321, 3.073105]]]}}, {"type": "Feature", "properties": {"height": 8.0}, "geometry": {"type": "Polygon", "coordinates": [[[101.613258, 3.073105], [101.613321, 3.073105], [101.61332, 3.072956], [101.613257, 3.072956], [101.613258, 3.073105]]]}}, {"type": "Feature", "properties": {"height": 8.0}, "geometry": {"type": "Polygon", "coordinates": [[[101.613196, 3.073106], [101.613258, 3.073105], [101.613257, 3.072956], [101.613195, 3.072957], [101.613196, 3.073106]]]}}, {"type": "Feature", "properties": {"height": 8.0}, "geometry": {"type": "Polygon", "coordinates": [[[101.613134, 3.073107], [101.613196, 3.073106], [101.613195, 3.072957], [101.613132, 3.072957], [101.613134, 3.073107]]]}}, {"type": "Feature", "properties": {"height": 8.0}, "geometry": {"type": "Polygon", "coordinates": [[[101.613071, 3.073107], [101.613134, 3.073107], [101.613132, 3.072957], [101.61307, 3.072958], [101.613071, 3.073107]]]}}, {"type": "Feature", "properties": {"height": 8.0}, "geometry": {"type": "Polygon", "coordinates": [[[101.613009, 3.073108], [101.613071, 3.073107], [101.61307, 3.072958], [101.613007, 3.072958], [101.613009, 3.073108]]]}}, {"type": "Feature", "properties": {"height": 8.0}, "geometry": {"type": "Polygon", "coordinates": [[[101.612946, 3.073108], [101.613009, 3.073108], [101.613007, 3.072958], [101.612945, 3.072959], [101.612946, 3.073108]]]}}, {"type": "Feature", "properties": {"height": 8.0}, "geometry": {"type": "Polygon", "coordinates": [[[101.612884, 3.073109], [101.612946, 3.073108], [101.612945, 3.072959], [101.612882, 3.07296], [101.612884, 3.073109]]]}}, {"type": "Feature", "properties": {"height": 8.0}, "geometry": {"type": "Polygon", "coordinates": [[[101.612821, 3.073109], [101.612884, 3.073109], [101.612882, 3.07296], [101.61282, 3.07296], [101.612821, 3.073109]]]}}, {"type": "Feature", "properties": {"height": 8.0}, "geometry": {"type": "Polygon", "coordinates": [[[101.612759, 3.07311], [101.612821, 3.073109], [101.61282, 3.07296], [101.612758, 3.072961], [101.612759, 3.07311]]]}}, {"type": "Feature", "properties": {"height": 8.0}, "geometry": {"type": "Polygon", "coordinates": [[[101.612696, 3.07311], [101.612759, 3.07311], [101.612758, 3.072961], [101.612695, 3.072961], [101.612696, 3.07311]]]}}, {"type": "Feature", "properties": {"height": 8.0}, "geometry": {"type": "Polygon", "coordinates": [[[101.611911, 3.07277], [101.611849, 3.07277], [101.611851, 3.072921], [101.611912, 3.072921], [101.611911, 3.07277]]]}}, {"type": "Feature", "properties": {"height": 8.0}, "geometry": {"type": "Polygon", "coordinates": [[[101.611972, 3.072769], [101.611911, 3.07277], [101.611912, 3.072921], [101.611974, 3.07292], [101.611972, 3.072769]]]}}, {"type": "Feature", "properties": {"height": 8.0}, "geometry": {"type": "Polygon", "coordinates": [[[101.612034, 3.072769], [101.611972, 3.072769], [101.611974, 3.07292], [101.612035, 3.07292], [101.612034, 3.072769]]]}}, {"type": "Feature", "properties": {"height": 8.0}, "geometry": {"type": "Polygon", "coordinates": [[[101.612095, 3.072768], [101.612034, 3.072769], [101.612035, 3.07292], [101.612097, 3.072919], [101.612095, 3.072768]]]}}, {"type": "Feature", "properties": {"height": 8.0}, "geometry": {"type": "Polygon", "coordinates": [[[101.612157, 3.072767], [101.612095, 3.072768], [101.612097, 3.072919], [101.612158, 3.072919], [101.612157, 3.072767]]]}}, {"type": "Feature", "properties": {"height": 8.0}, "geometry": {"type": "Polygon", "coordinates": [[[101.612218, 3.072767], [101.612157, 3.072767], [101.612158, 3.072919], [101.612219, 3.072918], [101.612218, 3.072767]]]}}, {"type": "Feature", "properties": {"height": 8.0}, "geometry": {"type": "Polygon", "coordinates": [[[101.612279, 3.072766], [101.612218, 3.072767], [101.612219, 3.072918], [101.612281, 3.072917], [101.612279, 3.072766]]]}}, {"type": "Feature", "properties": {"height": 8.0}, "geometry": {"type": "Polygon", "coordinates": [[[101.612341, 3.072766], [101.612279, 3.072766], [101.612281, 3.072917], [101.612342, 3.072917], [101.612341, 3.072766]]]}}, {"type": "Feature", "properties": {"height": 8.0}, "geometry": {"type": "Polygon", "coordinates": [[[101.612402, 3.072765], [101.612341, 3.072766], [101.612342, 3.072917], [101.612404, 3.072916], [101.612402, 3.072765]]]}}, {"type": "Feature", "properties": {"height": 8.0}, "geometry": {"type": "Polygon", "coordinates": [[[101.612464, 3.072765], [101.612402, 3.072765], [101.612404, 3.072916], [101.612465, 3.072916], [101.612464, 3.072765]]]}}, {"type": "Feature", "properties": {"height": 8.0}, "geometry": {"type": "Polygon", "coordinates": [[[101.612525, 3.072764], [101.612464, 3.072765], [101.612465, 3.072916], [101.612527, 3.072915], [101.612525, 3.072764]]]}}, {"type": "Feature", "properties": {"height": 8.0}, "geometry": {"type": "Polygon", "coordinates": [[[101.61253, 3.073109], [101.612592, 3.073109], [101.612591, 3.072953], [101.612529, 3.072954], [101.61253, 3.073109]]]}}, {"type": "Feature", "properties": {"height": 8.0}, "geometry": {"type": "Polygon", "coordinates": [[[101.612468, 3.07311], [101.61253, 3.073109], [101.612529, 3.072954], [101.612467, 3.072954], [101.612468, 3.07311]]]}}, {"type": "Feature", "properties": {"height": 8.0}, "geometry": {"type": "Polygon", "coordinates": [[[101.612406, 3.07311], [101.612468, 3.07311], [101.612467, 3.072954], [101.612405, 3.072955], [101.612406, 3.07311]]]}}, {"type": "Feature", "properties": {"height": 8.0}, "geometry": {"type": "Polygon", "coordinates": [[[101.612344, 3.073111], [101.612406, 3.07311], [101.612405, 3.072955], [101.612343, 3.072955], [101.612344, 3.073111]]]}}, {"type": "Feature", "properties": {"height": 8.0}, "geometry": {"type": "Polygon", "coordinates": [[[101.612282, 3.073111], [101.612344, 3.073111], [101.612343, 3.072955], [101.61228, 3.072956], [101.612282, 3.073111]]]}}, {"type": "Feature", "properties": {"height": 8.0}, "geometry": {"type": "Polygon", "coordinates": [[[101.61222, 3.073112], [101.612282, 3.073111], [101.61228, 3.072956], [101.612218, 3.072957], [101.61222, 3.073112]]]}}, {"type": "Feature", "properties": {"height": 8.0}, "geometry": {"type": "Polygon", "coordinates": [[[101.612158, 3.073113], [101.61222, 3.073112], [101.612218, 3.072957], [101.612156, 3.072957], [101.612158, 3.073113]]]}}, {"type": "Feature", "properties": {"height": 8.0}, "geometry": {"type": "Polygon", "coordinates": [[[101.612096, 3.073113], [101.612158, 3.073113], [101.612156, 3.072957], [101.612094, 3.072958], [101.612096, 3.073113]]]}}, {"type": "Feature", "properties": {"height": 8.0}, "geometry": {"type": "Polygon", "coordinates": [[[101.612034, 3.073114], [101.612096, 3.073113], [101.612094, 3.072958], [101.612032, 3.072958], [101.612034, 3.073114]]]}}, {"type": "Feature", "properties": {"height": 8.0}, "geometry": {"type": "Polygon", "coordinates": [[[101.611972, 3.073114], [101.612034, 3.073114], [101.612032, 3.072958], [101.61197, 3.072959], [101.611972, 3.073114]]]}}, {"type": "Feature", "properties": {"height": 8.0}, "geometry": {"type": "Polygon", "coordinates": [[[101.61191, 3.073115], [101.611972, 3.073114], [101.61197, 3.072959], [101.611908, 3.072959], [101.61191, 3.073115]]]}}, {"type": "Feature", "properties": {"height": 8.0}, "geometry": {"type": "Polygon", "coordinates": [[[101.61174, 3.073111], [101.611801, 3.073111], [101.6118, 3.072958], [101.611738, 3.072959], [101.61174, 3.073111]]]}}, {"type": "Feature", "properties": {"height": 8.0}, "geometry": {"type": "Polygon", "coordinates": [[[101.611679, 3.073112], [101.61174, 3.073111], [101.611738, 3.072959], [101.611677, 3.072959], [101.611679, 3.073112]]]}}, {"type": "Feature", "properties": {"height": 8.0}, "geometry": {"type": "Polygon", "coordinates": [[[101.611618, 3.073112], [101.611679, 3.073112], [101.611677, 3.072959], [101.611616, 3.07296], [101.611618, 3.073112]]]}}, {"type": "Feature", "properties": {"height": 8.0}, "geometry": {"type": "Polygon", "coordinates": [[[101.611556, 3.073113], [101.611618, 3.073112], [101.611616, 3.07296], [101.611555, 3.07296], [101.611556, 3.073113]]]}}, {"type": "Feature", "properties": {"height": 8.0}, "geometry": {"type": "Polygon", "coordinates": [[[101.611495, 3.073113], [101.611556, 3.073113], [101.611555, 3.07296], [101.611494, 3.072961], [101.611495, 3.073113]]]}}, {"type": "Feature", "properties": {"height": 8.0}, "geometry": {"type": "Polygon", "coordinates": [[[101.611434, 3.073114], [101.611495, 3.073113], [101.611494, 3.072961], [101.611433, 3.072961], [101.611434, 3.073114]]]}}, {"type": "Feature", "properties": {"height": 8.0}, "geometry": {"type": "Polygon", "coordinates": [[[101.611373, 3.073114], [101.611434, 3.073114], [101.611433, 3.072961], [101.611372, 3.072962], [101.611373, 3.073114]]]}}, {"type": "Feature", "properties": {"height": 8.0}, "geometry": {"type": "Polygon", "coordinates": [[[101.611312, 3.073115], [101.611373, 3.073114], [101.611372, 3.072962], [101.611311, 3.072963], [101.611312, 3.073115]]]}}, {"type": "Feature", "properties": {"height": 8.0}, "geometry": {"type": "Polygon", "coordinates": [[[101.611251, 3.073116], [101.611312, 3.073115], [101.611311, 3.072963], [101.611249, 3.072963], [101.611251, 3.073116]]]}}, {"type": "Feature", "properties": {"height": 8.0}, "geometry": {"type": "Polygon", "coordinates": [[[101.61119, 3.073116], [101.611251, 3.073116], [101.611249, 3.072963], [101.611188, 3.072964], [101.61119, 3.073116]]]}}, {"type": "Feature", "properties": {"height": 8.0}, "geometry": {"type": "Polygon", "coordinates": [[[101.611129, 3.073117], [101.61119, 3.073116], [101.611188, 3.072964], [101.611127, 3.072964], [101.611129, 3.073117]]]}}, {"type": "Feature", "properties": {"height": 8.0}, "geometry": {"type": "Polygon", "coordinates": [[[101.611741, 3.07292], [101.611802, 3.072919], [101.611801, 3.072767], [101.611739, 3.072767], [101.611741, 3.07292]]]}}, {"type": "Feature", "properties": {"height": 8.0}, "geometry": {"type": "Polygon", "coordinates": [[[101.611679, 3.072921], [101.611741, 3.07292], [101.611739, 3.072767], [101.611678, 3.072768], [101.611679, 3.072921]]]}}, {"type": "Feature", "properties": {"height": 8.0}, "geometry": {"type": "Polygon", "coordinates": [[[101.611617, 3.072921], [101.611679, 3.072921], [101.611678, 3.072768], [101.611616, 3.072769], [101.611617, 3.072921]]]}}, {"type": "Feature", "properties": {"height": 8.0}, "geometry": {"type": "Polygon", "coordinates": [[[101.611556, 3.072922], [101.611617, 3.072921], [101.611616, 3.072769], [101.611554, 3.072769], [101.611556, 3.072922]]]}}, {"type": "Feature", "properties": {"height": 8.0}, "geometry": {"type": "Polygon", "coordinates": [[[101.611494, 3.072922], [101.611556, 3.072922], [101.611554, 3.072769], [101.611492, 3.07277], [101.611494, 3.072922]]]}}, {"type": "Feature", "properties": {"height": 8.0}, "geometry": {"type": "Polygon", "coordinates": [[[101.611432, 3.072923], [101.611494, 3.072922], [101.611492, 3.07277], [101.611431, 3.07277], [101.611432, 3.072923]]]}}, {"type": "Feature", "properties": {"height": 8.0}, "geometry": {"type": "Polygon", "coordinates": [[[101.611371, 3.072923], [101.611432, 3.072923], [101.611431, 3.07277], [101.611369, 3.072771], [101.611371, 3.072923]]]}}, {"type": "Feature", "properties": {"height": 8.0}, "geometry": {"type": "Polygon", "coordinates": [[[101.611309, 3.072924], [101.611371, 3.072923], [101.611369, 3.072771], [101.611307, 3.072771], [101.611309, 3.072924]]]}}, {"type": "Feature", "properties": {"height": 8.0}, "geometry": {"type": "Polygon", "coordinates": [[[101.611247, 3.072924], [101.611309, 3.072924], [101.611307, 3.072771], [101.611246, 3.072772], [101.611247, 3.072924]]]}}, {"type": "Feature", "properties": {"height": 8.0}, "geometry": {"type": "Polygon", "coordinates": [[[101.611185, 3.072925], [101.611247, 3.072924], [101.611246, 3.072772], [101.611184, 3.072773], [101.611185, 3.072925]]]}}, {"type": "Feature", "properties": {"height": 8.0}, "geometry": {"type": "Polygon", "coordinates": [[[101.611124, 3.072926], [101.611185, 3.072925], [101.611184, 3.072773], [101.611122, 3.072773], [101.611124, 3.072926]]]}}, {"type": "Feature", "properties": {"height": 8.0}, "geometry": {"type": "Polygon", "coordinates": [[[101.611739, 3.072364], [101.611801, 3.072363], [101.6118, 3.072204], [101.611738, 3.072205], [101.611739, 3.072364]]]}}, {"type": "Feature", "properties": {"height": 8.0}, "geometry": {"type": "Polygon", "coordinates": [[[101.611677, 3.072364], [101.611739, 3.072364], [101.611738, 3.072205], [101.611676, 3.072206], [101.611677, 3.072364]]]}}, {"type": "Feature", "properties": {"height": 8.0}, "geometry": {"type": "Polygon", "coordinates": [[[101.611615, 3.072365], [101.611677, 3.072364], [101.611676, 3.072206], [101.611614, 3.072206], [101.611615, 3.072365]]]}}, {"type": "Feature", "properties": {"height": 8.0}, "geometry": {"type": "Polygon", "coordinates": [[[101.611553, 3.072366], [101.611615, 3.072365], [101.611614, 3.072206], [101.611552, 3.072207], [101.611553, 3.072366]]]}}, {"type": "Feature", "properties": {"height": 8.0}, "geometry": {"type": "Polygon", "coordinates": [[[101.611491, 3.072366], [101.611553, 3.072366], [101.611552, 3.072207], [101.61149, 3.072207], [101.611491, 3.072366]]]}}, {"type": "Feature", "properties": {"height": 8.0}, "geometry": {"type": "Polygon", "coordinates": [[[101.61143, 3.072367], [101.611491, 3.072366], [101.61149, 3.072207], [101.611428, 3.072208], [101.61143, 3.072367]]]}}, {"type": "Feature", "properties": {"height": 8.0}, "geometry": {"type": "Polygon", "coordinates": [[[101.611368, 3.072367], [101.61143, 3.072367], [101.611428, 3.072208], [101.611366, 3.072208], [101.611368, 3.072367]]]}}, {"type": "Feature", "properties": {"height": 8.0}, "geometry": {"type": "Polygon", "coordinates": [[[101.611306, 3.072368], [101.611368, 3.072367], [101.611366, 3.072208], [101.611304, 3.072209], [101.611306, 3.072368]]]}}, {"type": "Feature", "properties": {"height": 8.0}, "geometry": {"type": "Polygon", "coordinates": [[[101.611244, 3.072368], [101.611306, 3.072368], [101.611304, 3.072209], [101.611242, 3.07221], [101.611244, 3.072368]]]}}, {"type": "Feature", "properties": {"height": 8.0}, "geometry": {"type": "Polygon", "coordinates": [[[101.611182, 3.072369], [101.611244, 3.072368], [101.611242, 3.07221], [101.611181, 3.07221], [101.611182, 3.072369]]]}}, {"type": "Feature", "properties": {"height": 8.0}, "geometry": {"type": "Polygon", "coordinates": [[[101.61112, 3.07237], [101.611182, 3.072369], [101.611181, 3.07221], [101.611119, 3.072211], [101.61112, 3.07237]]]}}, {"type": "Feature", "properties": {"height": 8.0}, "geometry": {"type": "Polygon", "coordinates": [[[101.611739, 3.072554], [101.611801, 3.072553], [101.611799, 3.072393], [101.611737, 3.072394], [101.611739, 3.072554]]]}}, {"type": "Feature", "properties": {"height": 8.0}, "geometry": {"type": "Polygon", "coordinates": [[[101.611677, 3.072554], [101.611739, 3.072554], [101.611737, 3.072394], [101.611675, 3.072395], [101.611677, 3.072554]]]}}, {"type": "Feature", "properties": {"height": 8.0}, "geometry": {"type": "Polygon", "coordinates": [[[101.611615, 3.072555], [101.611677, 3.072554], [101.611675, 3.072395], [101.611613, 3.072395], [101.611615, 3.072555]]]}}, {"type": "Feature", "properties": {"height": 8.0}, "geometry": {"type": "Polygon", "coordinates": [[[101.611552, 3.072555], [101.611615, 3.072555], [101.611613, 3.072395], [101.611551, 3.072396], [101.611552, 3.072555]]]}}, {"type": "Feature", "properties": {"height": 8.0}, "geometry": {"type": "Polygon", "coordinates": [[[101.61149, 3.072556], [101.611552, 3.072555], [101.611551, 3.072396], [101.611489, 3.072396], [101.61149, 3.072556]]]}}, {"type": "Feature", "properties": {"height": 8.0}, "geometry": {"type": "Polygon", "coordinates": [[[101.611428, 3.072557], [101.61149, 3.072556], [101.611489, 3.072396], [101.611427, 3.072397], [101.611428, 3.072557]]]}}, {"type": "Feature", "properties": {"height": 8.0}, "geometry": {"type": "Polygon", "coordinates": [[[101.611366, 3.072557], [101.611428, 3.072557], [101.611427, 3.072397], [101.611364, 3.072397], [101.611366, 3.072557]]]}}, {"type": "Feature", "properties": {"height": 8.0}, "geometry": {"type": "Polygon", "coordinates": [[[101.611304, 3.072558], [101.611366, 3.072557], [101.611364, 3.072397], [101.611302, 3.072398], [101.611304, 3.072558]]]}}, {"type": "Feature", "properties": {"height": 8.0}, "geometry": {"type": "Polygon", "coordinates": [[[101.611242, 3.072558], [101.611304, 3.072558], [101.611302, 3.072398], [101.61124, 3.072398], [101.611242, 3.072558]]]}}, {"type": "Feature", "properties": {"height": 8.0}, "geometry": {"type": "Polygon", "coordinates": [[[101.61118, 3.072559], [101.611242, 3.072558], [101.61124, 3.072398], [101.611178, 3.072399], [101.61118, 3.072559]]]}}, {"type": "Feature", "properties": {"height": 8.0}, "geometry": {"type": "Polygon", "coordinates": [[[101.611118, 3.072559], [101.61118, 3.072559], [101.611178, 3.072399], [101.611116, 3.0724], [101.611118, 3.072559]]]}}, {"type": "Feature", "properties": {"height": 8.0}, "geometry": {"type": "Polygon", "coordinates": [[[101.612525, 3.072549], [101.612587, 3.072548], [101.612585, 3.072391], [101.612524, 3.072392], [101.612525, 3.072549]]]}}, {"type": "Feature", "properties": {"height": 8.0}, "geometry": {"type": "Polygon", "coordinates": [[[101.612463, 3.072549], [101.612525, 3.072549], [101.612524, 3.072392], [101.612462, 3.072392], [101.612463, 3.072549]]]}}, {"type": "Feature", "properties": {"height": 8.0}, "geometry": {"type": "Polygon", "coordinates": [[[101.612401, 3.07255], [101.612463, 3.072549], [101.612462, 3.072392], [101.6124, 3.072393], [101.612401, 3.07255]]]}}, {"type": "Feature", "properties": {"height": 8.0}, "geometry": {"type": "Polygon", "coordinates": [[[101.612339, 3.07255], [101.612401, 3.07255], [101.6124, 3.072393], [101.612338, 3.072394], [101.612339, 3.07255]]]}}, {"type": "Feature", "properties": {"height": 8.0}, "geometry": {"type": "Polygon", "coordinates": [[[101.612277, 3.072551], [101.612339, 3.07255], [101.612338, 3.072394], [101.612276, 3.072394], [101.612277, 3.072551]]]}}, {"type": "Feature", "properties": {"height": 8.0}, "geometry": {"type": "Polygon", "coordinates": [[[101.612215, 3.072551], [101.612277, 3.072551], [101.612276, 3.072394], [101.612214, 3.072395], [101.612215, 3.072551]]]}}, {"type": "Feature", "properties": {"height": 8.0}, "geometry": {"type": "Polygon", "coordinates": [[[101.612153, 3.072552], [101.612215, 3.072551], [101.612214, 3.072395], [101.612152, 3.072395], [101.612153, 3.072552]]]}}, {"type": "Feature", "properties": {"height": 8.0}, "geometry": {"type": "Polygon", "coordinates": [[[101.612091, 3.072553], [101.612153, 3.072552], [101.612152, 3.072395], [101.61209, 3.072396], [101.612091, 3.072553]]]}}, {"type": "Feature", "properties": {"height": 8.0}, "geometry": {"type": "Polygon", "coordinates": [[[101.612029, 3.072553], [101.612091, 3.072553], [101.61209, 3.072396], [101.612028, 3.072396], [101.612029, 3.072553]]]}}, {"type": "Feature", "properties": {"height": 8.0}, "geometry": {"type": "Polygon", "coordinates": [[[101.611967, 3.072554], [101.612029, 3.072553], [101.612028, 3.072396], [101.611966, 3.072397], [101.611967, 3.072554]]]}}, {"type": "Feature", "properties": {"height": 8.0}, "geometry": {"type": "Polygon", "coordinates": [[[101.611905, 3.072554], [101.611967, 3.072554], [101.611966, 3.072397], [101.611904, 3.072398], [101.611905, 3.072554]]]}}, {"type": "Feature", "properties": {"height": 8.0}, "geometry": {"type": "Polygon", "coordinates": [[[101.612524, 3.072355], [101.612585, 3.072354], [101.612584, 3.0722], [101.612522, 3.072201], [101.612524, 3.072355]]]}}, {"type": "Feature", "properties": {"height": 8.0}, "geometry": {"type": "Polygon", "coordinates": [[[101.612462, 3.072355], [101.612524, 3.072355], [101.612522, 3.072201], [101.612461, 3.072202], [101.612462, 3.072355]]]}}, {"type": "Feature", "properties": {"height": 8.0}, "geometry": {"type": "Polygon", "coordinates": [[[101.612401, 3.072356], [101.612462, 3.072355], [101.612461, 3.072202], [101.612399, 3.072202], [101.612401, 3.072356]]]}}, {"type": "Feature", "properties": {"height": 8.0}, "geometry": {"type": "Polygon", "coordinates": [[[101.612339, 3.072356], [101.612401, 3.072356], [101.612399, 3.072202], [101.612338, 3.072203], [101.612339, 3.072356]]]}}, {"type": "Feature", "properties": {"height": 8.0}, "geometry": {"type": "Polygon", "coordinates": [[[101.612278, 3.072357], [101.612339, 3.072356], [101.612338, 3.072203], [101.612276, 3.072203], [101.612278, 3.072357]]]}}, {"type": "Feature", "properties": {"height": 8.0}, "geometry": {"type": "Polygon", "coordinates": [[[101.612216, 3.072357], [101.612278, 3.072357], [101.612276, 3.072203], [101.612215, 3.072204], [101.612216, 3.072357]]]}}, {"type": "Feature", "properties": {"height": 8.0}, "geometry": {"type": "Polygon", "coordinates": [[[101.612154, 3.072358], [101.612216, 3.072357], [101.612215, 3.072204], [101.612153, 3.072204], [101.612154, 3.072358]]]}}, {"type": "Feature", "properties": {"height": 8.0}, "geometry": {"type": "Polygon", "coordinates": [[[101.612093, 3.072359], [101.612154, 3.072358], [101.612153, 3.072204], [101.612092, 3.072205], [101.612093, 3.072359]]]}}, {"type": "Feature", "properties": {"height": 8.0}, "geometry": {"type": "Polygon", "coordinates": [[[101.612031, 3.072359], [101.612093, 3.072359], [101.612092, 3.072205], [101.61203, 3.072205], [101.612031, 3.072359]]]}}, {"type": "Feature", "properties": {"height": 8.0}, "geometry": {"type": "Polygon", "coordinates": [[[101.61197, 3.07236], [101.612031, 3.072359], [101.61203, 3.072205], [101.611968, 3.072206], [101.61197, 3.07236]]]}}, {"type": "Feature", "properties": {"height": 8.0}, "geometry": {"type": "Polygon", "coordinates": [[[101.611908, 3.07236], [101.61197, 3.07236], [101.611968, 3.072206], [101.611907, 3.072207], [101.611908, 3.07236]]]}}, {"type": "Feature", "properties": {"height": 8.0}, "geometry": {"type": "Polygon", "coordinates": [[[101.613322, 3.072356], [101.613385, 3.072355], [101.613383, 3.072202], [101.613321, 3.072202], [101.613322, 3.072356]]]}}, {"type": "Feature", "properties": {"height": 8.0}, "geometry": {"type": "Polygon", "coordinates": [[[101.61326, 3.072356], [101.613322, 3.072356], [101.613321, 3.072202], [101.613258, 3.072203], [101.61326, 3.072356]]]}}, {"type": "Feature", "properties": {"height": 8.0}, "geometry": {"type": "Polygon", "coordinates": [[[101.613197, 3.072357], [101.61326, 3.072356], [101.613258, 3.072203], [101.613196, 3.072204], [101.613197, 3.072357]]]}}, {"type": "Feature", "properties": {"height": 8.0}, "geometry": {"type": "Polygon", "coordinates": [[[101.613135, 3.072357], [101.613197, 3.072357], [101.613196, 3.072204], [101.613133, 3.072204], [101.613135, 3.072357]]]}}, {"type": "Feature", "properties": {"height": 8.0}, "geometry": {"type": "Polygon", "coordinates": [[[101.613072, 3.072358], [101.613135, 3.072357], [101.613133, 3.072204], [101.613071, 3.072205], [101.613072, 3.072358]]]}}, {"type": "Feature", "properties": {"height": 8.0}, "geometry": {"type": "Polygon", "coordinates": [[[101.61301, 3.072358], [101.613072, 3.072358], [101.613071, 3.072205], [101.613008, 3.072205], [101.61301, 3.072358]]]}}, {"type": "Feature", "properties": {"height": 8.0}, "geometry": {"type": "Polygon", "coordinates": [[[101.612947, 3.072359], [101.61301, 3.072358], [101.613008, 3.072205], [101.612946, 3.072206], [101.612947, 3.072359]]]}}, {"type": "Feature", "properties": {"height": 8.0}, "geometry": {"type": "Polygon", "coordinates": [[[101.612885, 3.07236], [101.612947, 3.072359], [101.612946, 3.072206], [101.612883, 3.072206], [101.612885, 3.07236]]]}}, {"type": "Feature", "properties": {"height": 8.0}, "geometry": {"type": "Polygon", "coordinates": [[[101.612822, 3.07236], [101.612885, 3.07236], [101.612883, 3.072206], [101.612821, 3.072207], [101.612822, 3.07236]]]}}, {"type": "Feature", "properties": {"height": 8.0}, "geometry": {"type": "Polygon", "coordinates": [[[101.613322, 3.072552], [101.613385, 3.072552], [101.613383, 3.072395], [101.613321, 3.072395], [101.613322, 3.072552]]]}}, {"type": "Feature", "properties": {"height": 8.0}, "geometry": {"type": "Polygon", "coordinates": [[[101.61326, 3.072553], [101.613322, 3.072552], [101.613321, 3.072395], [101.613259, 3.072396], [101.61326, 3.072553]]]}}, {"type": "Feature", "properties": {"height": 8.0}, "geometry": {"type": "Polygon", "coordinates": [[[101.613198, 3.072554], [101.61326, 3.072553], [101.613259, 3.072396], [101.613197, 3.072396], [101.613198, 3.072554]]]}}, {"type": "Feature", "properties": {"height": 8.0}, "geometry": {"type": "Polygon", "coordinates": [[[101.613136, 3.072554], [101.613198, 3.072554], [101.613197, 3.072396], [101.613134, 3.072397], [101.613136, 3.072554]]]}}, {"type": "Feature", "properties": {"height": 8.0}, "geometry": {"type": "Polygon", "coordinates": [[[101.613073, 3.072555], [101.613136, 3.072554], [101.613134, 3.072397], [101.613072, 3.072398], [101.613073, 3.072555]]]}}, {"type": "Feature", "properties": {"height": 8.0}, "geometry": {"type": "Polygon", "coordinates": [[[101.613011, 3.072555], [101.613073, 3.072555], [101.613072, 3.072398], [101.61301, 3.072398], [101.613011, 3.072555]]]}}, {"type": "Feature", "properties": {"height": 8.0}, "geometry": {"type": "Polygon", "coordinates": [[[101.612949, 3.072556], [101.613011, 3.072555], [101.61301, 3.072398], [101.612948, 3.072399], [101.612949, 3.072556]]]}}, {"type": "Feature", "properties": {"height": 8.0}, "geometry": {"type": "Polygon", "coordinates": [[[101.612887, 3.072556], [101.612949, 3.072556], [101.612948, 3.072399], [101.612885, 3.072399], [101.612887, 3.072556]]]}}, {"type": "Feature", "properties": {"height": 8.0}, "geometry": {"type": "Polygon", "coordinates": [[[101.612824, 3.072557], [101.612887, 3.072556], [101.612885, 3.072399], [101.612823, 3.0724], [101.612824, 3.072557]]]}}, {"type": "Feature", "properties": {"height": 8.0}, "geometry": {"type": "Polygon", "coordinates": [[[101.612762, 3.072557], [101.612824, 3.072557], [101.612823, 3.0724], [101.612761, 3.0724], [101.612762, 3.072557]]]}}, {"type": "Feature", "properties": {"height": 8.0}, "geometry": {"type": "Polygon", "coordinates": [[[101.6127, 3.072558], [101.612762, 3.072557], [101.612761, 3.0724], [101.612698, 3.072401], [101.6127, 3.072558]]]}}, {"type": "Feature", "properties": {"height": 8.0}, "geometry": {"type": "Polygon", "coordinates": [[[101.613318, 3.071801], [101.613381, 3.0718], [101.613379, 3.07165], [101.613317, 3.071651], [101.613318, 3.071801]]]}}, {"type": "Feature", "properties": {"height": 8.0}, "geometry": {"type": "Polygon", "coordinates": [[[101.613256, 3.071801], [101.613318, 3.071801], [101.613317, 3.071651], [101.613254, 3.071652], [101.613256, 3.071801]]]}}, {"type": "Feature", "properties": {"height": 8.0}, "geometry": {"type": "Polygon", "coordinates": [[[101.613193, 3.071802], [101.613256, 3.071801], [101.613254, 3.071652], [101.613192, 3.071652], [101.613193, 3.071802]]]}}, {"type": "Feature", "properties": {"height": 8.0}, "geometry": {"type": "Polygon", "coordinates": [[[101.613131, 3.071802], [101.613193, 3.071802], [101.613192, 3.071652], [101.61313, 3.071653], [101.613131, 3.071802]]]}}, {"type": "Feature", "properties": {"height": 8.0}, "geometry": {"type": "Polygon", "coordinates": [[[101.613068, 3.071803], [101.613131, 3.071802], [101.61313, 3.071653], [101.613067, 3.071653], [101.613068, 3.071803]]]}}, {"type": "Feature", "properties": {"height": 8.0}, "geometry": {"type": "Polygon", "coordinates": [[[101.613006, 3.071804], [101.613068, 3.071803], [101.613067, 3.071653], [101.613005, 3.071654], [101.613006, 3.071804]]]}}, {"type": "Feature", "properties": {"height": 8.0}, "geometry": {"type": "Polygon", "coordinates": [[[101.612944, 3.071804], [101.613006, 3.071804], [101.613005, 3.071654], [101.612942, 3.071654], [101.612944, 3.071804]]]}}, {"type": "Feature", "properties": {"height": 8.0}, "geometry": {"type": "Polygon", "coordinates": [[[101.612881, 3.071805], [101.612944, 3.071804], [101.612942, 3.071654], [101.61288, 3.071655], [101.612881, 3.071805]]]}}, {"type": "Feature", "properties": {"height": 8.0}, "geometry": {"type": "Polygon", "coordinates": [[[101.612819, 3.071805], [101.612881, 3.071805], [101.61288, 3.071655], [101.612817, 3.071656], [101.612819, 3.071805]]]}}, {"type": "Feature", "properties": {"height": 8.0}, "geometry": {"type": "Polygon", "coordinates": [[[101.612756, 3.071806], [101.612819, 3.071805], [101.612817, 3.071656], [101.612755, 3.071656], [101.612756, 3.071806]]]}}, {"type": "Feature", "properties": {"height": 8.0}, "geometry": {"type": "Polygon", "coordinates": [[[101.612694, 3.071807], [101.612756, 3.071806], [101.612755, 3.071656], [101.612692, 3.071657], [101.612694, 3.071807]]]}}, {"type": "Feature", "properties": {"height": 8.0}, "geometry": {"type": "Polygon", "coordinates": [[[101.613322, 3.07199], [101.613385, 3.07199], [101.613383, 3.071843], [101.613321, 3.071844], [101.613322, 3.07199]]]}}, {"type": "Feature", "properties": {"height": 8.0}, "geometry": {"type": "Polygon", "coordinates": [[[101.613259, 3.071991], [101.613322, 3.07199], [101.613321, 3.071844], [101.613258, 3.071844], [101.613259, 3.071991]]]}}, {"type": "Feature", "properties": {"height": 8.0}, "geometry": {"type": "Polygon", "coordinates": [[[101.613197, 3.071991], [101.613259, 3.071991], [101.613258, 3.071844], [101.613195, 3.071845], [101.613197, 3.071991]]]}}, {"type": "Feature", "properties": {"height": 8.0}, "geometry": {"type": "Polygon", "coordinates": [[[101.613134, 3.071992], [101.613197, 3.071991], [101.613195, 3.071845], [101.613132, 3.071845], [101.613134, 3.071992]]]}}, {"type": "Feature", "properties": {"height": 8.0}, "geometry": {"type": "Polygon", "coordinates": [[[101.613071, 3.071992], [101.613134, 3.071992], [101.613132, 3.071845], [101.613069, 3.071846], [101.613071, 3.071992]]]}}, {"type": "Feature", "properties": {"height": 8.0}, "geometry": {"type": "Polygon", "coordinates": [[[101.613008, 3.071993], [101.613071, 3.071992], [101.613069, 3.071846], [101.613007, 3.071846], [101.613008, 3.071993]]]}}, {"type": "Feature", "properties": {"height": 8.0}, "geometry": {"type": "Polygon", "coordinates": [[[101.612945, 3.071994], [101.613008, 3.071993], [101.613007, 3.071846], [101.612944, 3.071847], [101.612945, 3.071994]]]}}, {"type": "Feature", "properties": {"height": 8.0}, "geometry": {"type": "Polygon", "coordinates": [[[101.612882, 3.071994], [101.612945, 3.071994], [101.612944, 3.071847], [101.612881, 3.071848], [101.612882, 3.071994]]]}}, {"type": "Feature", "properties": {"height": 8.0}, "geometry": {"type": "Polygon", "coordinates": [[[101.61282, 3.071995], [101.612882, 3.071994], [101.612881, 3.071848], [101.612818, 3.071848], [101.61282, 3.071995]]]}}, {"type": "Feature", "properties": {"height": 8.0}, "geometry": {"type": "Polygon", "coordinates": [[[101.612757, 3.071995], [101.61282, 3.071995], [101.612818, 3.071848], [101.612756, 3.071849], [101.612757, 3.071995]]]}}, {"type": "Feature", "properties": {"height": 8.0}, "geometry": {"type": "Polygon", "coordinates": [[[101.612694, 3.071996], [101.612757, 3.071995], [101.612756, 3.071849], [101.612693, 3.071849], [101.612694, 3.071996]]]}}, {"type": "Feature", "properties": {"height": 8.0}, "geometry": {"type": "Polygon", "coordinates": [[[101.612519, 3.071997], [101.61258, 3.071996], [101.612579, 3.071841], [101.612517, 3.071842], [101.612519, 3.071997]]]}}, {"type": "Feature", "properties": {"height": 8.0}, "geometry": {"type": "Polygon", "coordinates": [[[101.612457, 3.071997], [101.612519, 3.071997], [101.612517, 3.071842], [101.612456, 3.071842], [101.612457, 3.071997]]]}}, {"type": "Feature", "properties": {"height": 8.0}, "geometry": {"type": "Polygon", "coordinates": [[[101.612396, 3.071998], [101.612457, 3.071997], [101.612456, 3.071842], [101.612395, 3.071843], [101.612396, 3.071998]]]}}, {"type": "Feature", "properties": {"height": 8.0}, "geometry": {"type": "Polygon", "coordinates": [[[101.612335, 3.071998], [101.612396, 3.071998], [101.612395, 3.071843], [101.612333, 3.071843], [101.612335, 3.071998]]]}}, {"type": "Feature", "properties": {"height": 8.0}, "geometry": {"type": "Polygon", "coordinates": [[[101.612273, 3.071999], [101.612335, 3.071998], [101.612333, 3.071843], [101.612272, 3.071844], [101.612273, 3.071999]]]}}, {"type": "Feature", "properties": {"height": 8.0}, "geometry": {"type": "Polygon", "coordinates": [[[101.612212, 3.072], [101.612273, 3.071999], [101.612272, 3.071844], [101.612211, 3.071844], [101.612212, 3.072]]]}}, {"type": "Feature", "properties": {"height": 8.0}, "geometry": {"type": "Polygon", "coordinates": [[[101.612151, 3.072], [101.612212, 3.072], [101.612211, 3.071844], [101.612149, 3.071845], [101.612151, 3.072]]]}}, {"type": "Feature", "properties": {"height": 8.0}, "geometry": {"type": "Polygon", "coordinates": [[[101.612089, 3.072001], [101.612151, 3.072], [101.612149, 3.071845], [101.612088, 3.071845], [101.612089, 3.072001]]]}}, {"type": "Feature", "properties": {"height": 8.0}, "geometry": {"type": "Polygon", "coordinates": [[[101.612028, 3.072001], [101.612089, 3.072001], [101.612088, 3.071845], [101.612026, 3.071846], [101.612028, 3.072001]]]}}, {"type": "Feature", "properties": {"height": 8.0}, "geometry": {"type": "Polygon", "coordinates": [[[101.611967, 3.072002], [101.612028, 3.072001], [101.612026, 3.071846], [101.611965, 3.071846], [101.611967, 3.072002]]]}}, {"type": "Feature", "properties": {"height": 8.0}, "geometry": {"type": "Polygon", "coordinates": [[[101.611905, 3.072002], [101.611967, 3.072002], [101.611965, 3.071846], [101.611904, 3.071847], [101.611905, 3.072002]]]}}, {"type": "Feature", "properties": {"height": 8.0}, "geometry": {"type": "Polygon", "coordinates": [[[101.612515, 3.071804], [101.612576, 3.071803], [101.612575, 3.071645], [101.612514, 3.071645], [101.612515, 3.071804]]]}}, {"type": "Feature", "properties": {"height": 8.0}, "geometry": {"type": "Polygon", "coordinates": [[[101.612454, 3.071804], [101.612515, 3.071804], [101.612514, 3.071645], [101.612453, 3.071646], [101.612454, 3.071804]]]}}, {"type": "Feature", "properties": {"height": 8.0}, "geometry": {"type": "Polygon", "coordinates": [[[101.612393, 3.071805], [101.612454, 3.071804], [101.612453, 3.071646], [101.612391, 3.071646], [101.612393, 3.071805]]]}}, {"type": "Feature", "properties": {"height": 8.0}, "geometry": {"type": "Polygon", "coordinates": [[[101.612332, 3.071805], [101.612393, 3.071805], [101.612391, 3.071646], [101.61233, 3.071647], [101.612332, 3.071805]]]}}, {"type": "Feature", "properties": {"height": 8.0}, "geometry": {"type": "Polygon", "coordinates": [[[101.61227, 3.071806], [101.612332, 3.071805], [101.61233, 3.071647], [101.612269, 3.071648], [101.61227, 3.071806]]]}}, {"type": "Feature", "properties": {"height": 8.0}, "geometry": {"type": "Polygon", "coordinates": [[[101.612209, 3.071806], [101.61227, 3.071806], [101.612269, 3.071648], [101.612208, 3.071648], [101.612209, 3.071806]]]}}, {"type": "Feature", "properties": {"height": 8.0}, "geometry": {"type": "Polygon", "coordinates": [[[101.612148, 3.071807], [101.612209, 3.071806], [101.612208, 3.071648], [101.612147, 3.071649], [101.612148, 3.071807]]]}}, {"type": "Feature", "properties": {"height": 8.0}, "geometry": {"type": "Polygon", "coordinates": [[[101.612087, 3.071807], [101.612148, 3.071807], [101.612147, 3.071649], [101.612086, 3.071649], [101.612087, 3.071807]]]}}, {"type": "Feature", "properties": {"height": 8.0}, "geometry": {"type": "Polygon", "coordinates": [[[101.612026, 3.071808], [101.612087, 3.071807], [101.612086, 3.071649], [101.612025, 3.07165], [101.612026, 3.071808]]]}}, {"type": "Feature", "properties": {"height": 8.0}, "geometry": {"type": "Polygon", "coordinates": [[[101.611965, 3.071808], [101.612026, 3.071808], [101.612025, 3.07165], [101.611963, 3.07165], [101.611965, 3.071808]]]}}, {"type": "Feature", "properties": {"height": 8.0}, "geometry": {"type": "Polygon", "coordinates": [[[101.611904, 3.071809], [101.611965, 3.071808], [101.611963, 3.07165], [101.611902, 3.071651], [101.611904, 3.071809]]]}}, {"type": "Feature", "properties": {"height": 8.0}, "geometry": {"type": "Polygon", "coordinates": [[[101.611737, 3.071996], [101.6118, 3.071995], [101.611798, 3.071841], [101.611736, 3.071842], [101.611737, 3.071996]]]}}, {"type": "Feature", "properties": {"height": 8.0}, "geometry": {"type": "Polygon", "coordinates": [[[101.611675, 3.071997], [101.611737, 3.071996], [101.611736, 3.071842], [101.611673, 3.071842], [101.611675, 3.071997]]]}}, {"type": "Feature", "properties": {"height": 8.0}, "geometry": {"type": "Polygon", "coordinates": [[[101.611613, 3.071997], [101.611675, 3.071997], [101.611673, 3.071842], [101.611611, 3.071843], [101.611613, 3.071997]]]}}, {"type": "Feature", "properties": {"height": 8.0}, "geometry": {"type": "Polygon", "coordinates": [[[101.61155, 3.071998], [101.611613, 3.071997], [101.611611, 3.071843], [101.611549, 3.071843], [101.61155, 3.071998]]]}}, {"type": "Feature", "properties": {"height": 8.0}, "geometry": {"type": "Polygon", "coordinates": [[[101.611488, 3.071998], [101.61155, 3.071998], [101.611549, 3.071843], [101.611486, 3.071844], [101.611488, 3.071998]]]}}, {"type": "Feature", "properties": {"height": 8.0}, "geometry": {"type": "Polygon", "coordinates": [[[101.611425, 3.071999], [101.611488, 3.071998], [101.611486, 3.071844], [101.611424, 3.071845], [101.611425, 3.071999]]]}}, {"type": "Feature", "properties": {"height": 8.0}, "geometry": {"type": "Polygon", "coordinates": [[[101.611363, 3.071999], [101.611425, 3.071999], [101.611424, 3.071845], [101.611362, 3.071845], [101.611363, 3.071999]]]}}, {"type": "Feature", "properties": {"height": 8.0}, "geometry": {"type": "Polygon", "coordinates": [[[101.611301, 3.072], [101.611363, 3.071999], [101.611362, 3.071845], [101.611299, 3.071846], [101.611301, 3.072]]]}}, {"type": "Feature", "properties": {"height": 8.0}, "geometry": {"type": "Polygon", "coordinates": [[[101.611238, 3.072001], [101.611301, 3.072], [101.611299, 3.071846], [101.611237, 3.071846], [101.611238, 3.072001]]]}}, {"type": "Feature", "properties": {"height": 8.0}, "geometry": {"type": "Polygon", "coordinates": [[[101.611176, 3.072001], [101.611238, 3.072001], [101.611237, 3.071846], [101.611175, 3.071847], [101.611176, 3.072001]]]}}, {"type": "Feature", "properties": {"height": 8.0}, "geometry": {"type": "Polygon", "coordinates": [[[101.611114, 3.072002], [101.611176, 3.072001], [101.611175, 3.071847], [101.611112, 3.071848], [101.611114, 3.072002]]]}}, {"type": "Feature", "properties": {"height": 8.0}, "geometry": {"type": "Polygon", "coordinates": [[[101.611736, 3.071806], [101.611798, 3.071806], [101.611797, 3.071649], [101.611735, 3.07165], [101.611736, 3.071806]]]}}, {"type": "Feature", "properties": {"height": 8.0}, "geometry": {"type": "Polygon", "coordinates": [[[101.611674, 3.071807], [101.611736, 3.071806], [101.611735, 3.07165], [101.611672, 3.07165], [101.611674, 3.071807]]]}}, {"type": "Feature", "properties": {"height": 8.0}, "geometry": {"type": "Polygon", "coordinates": [[[101.611611, 3.071807], [101.611674, 3.071807], [101.611672, 3.07165], [101.61161, 3.071651], [101.611611, 3.071807]]]}}, {"type": "Feature", "properties": {"height": 8.0}, "geometry": {"type": "Polygon", "coordinates": [[[101.611549, 3.071808], [101.611611, 3.071807], [101.61161, 3.071651], [101.611548, 3.071652], [101.611549, 3.071808]]]}}, {"type": "Feature", "properties": {"height": 8.0}, "geometry": {"type": "Polygon", "coordinates": [[[101.611487, 3.071808], [101.611549, 3.071808], [101.611548, 3.071652], [101.611485, 3.071652], [101.611487, 3.071808]]]}}, {"type": "Feature", "properties": {"height": 8.0}, "geometry": {"type": "Polygon", "coordinates": [[[101.611424, 3.071809], [101.611487, 3.071808], [101.611485, 3.071652], [101.611423, 3.071653], [101.611424, 3.071809]]]}}, {"type": "Feature", "properties": {"height": 8.0}, "geometry": {"type": "Polygon", "coordinates": [[[101.611362, 3.07181], [101.611424, 3.071809], [101.611423, 3.071653], [101.611361, 3.071653], [101.611362, 3.07181]]]}}, {"type": "Feature", "properties": {"height": 8.0}, "geometry": {"type": "Polygon", "coordinates": [[[101.6113, 3.07181], [101.611362, 3.07181], [101.611361, 3.071653], [101.611298, 3.071654], [101.6113, 3.07181]]]}}, {"type": "Feature", "properties": {"height": 8.0}, "geometry": {"type": "Polygon", "coordinates": [[[101.611237, 3.071811], [101.6113, 3.07181], [101.611298, 3.071654], [101.611236, 3.071654], [101.611237, 3.071811]]]}}, {"type": "Feature", "properties": {"height": 8.0}, "geometry": {"type": "Polygon", "coordinates": [[[101.611175, 3.071811], [101.611237, 3.071811], [101.611236, 3.071654], [101.611173, 3.071655], [101.611175, 3.071811]]]}}, {"type": "Feature", "properties": {"height": 8.0}, "geometry": {"type": "Polygon", "coordinates": [[[101.611112, 3.071812], [101.611175, 3.071811], [101.611173, 3.071655], [101.611111, 3.071655], [101.611112, 3.071812]]]}}, {"type": "Feature", "properties": {"height": 8.0}, "geometry": {"type": "Polygon", "coordinates": [[[101.611735, 3.071442], [101.611797, 3.071442], [101.611795, 3.071291], [101.611734, 3.071292], [101.611735, 3.071442]]]}}, {"type": "Feature", "properties": {"height": 8.0}, "geometry": {"type": "Polygon", "coordinates": [[[101.611674, 3.071443], [101.611735, 3.071442], [101.611734, 3.071292], [101.611672, 3.071292], [101.611674, 3.071443]]]}}, {"type": "Feature", "properties": {"height": 8.0}, "geometry": {"type": "Polygon", "coordinates": [[[101.611612, 3.071443], [101.611674, 3.071443], [101.611672, 3.071292], [101.611611, 3.071293], [101.611612, 3.071443]]]}}, {"type": "Feature", "properties": {"height": 8.0}, "geometry": {"type": "Polygon", "coordinates": [[[101.611551, 3.071444], [101.611612, 3.071443], [101.611611, 3.071293], [101.611549, 3.071293], [101.611551, 3.071444]]]}}, {"type": "Feature", "properties": {"height": 8.0}, "geometry": {"type": "Polygon", "coordinates": [[[101.611489, 3.071445], [101.611551, 3.071444], [101.611549, 3.071293], [101.611488, 3.071294], [101.611489, 3.071445]]]}}, {"type": "Feature", "properties": {"height": 8.0}, "geometry": {"type": "Polygon", "coordinates": [[[101.611427, 3.071445], [101.611489, 3.071445], [101.611488, 3.071294], [101.611426, 3.071295], [101.611427, 3.071445]]]}}, {"type": "Feature", "properties": {"height": 8.0}, "geometry": {"type": "Polygon", "coordinates": [[[101.611366, 3.071446], [101.611427, 3.071445], [101.611426, 3.071295], [101.611364, 3.071295], [101.611366, 3.071446]]]}}, {"type": "Feature", "properties": {"height": 8.0}, "geometry": {"type": "Polygon", "coordinates": [[[101.611304, 3.071446], [101.611366, 3.071446], [101.611364, 3.071295], [101.611303, 3.071296], [101.611304, 3.071446]]]}}, {"type": "Feature", "properties": {"height": 8.0}, "geometry": {"type": "Polygon", "coordinates": [[[101.611243, 3.071447], [101.611304, 3.071446], [101.611303, 3.071296], [101.611241, 3.071296], [101.611243, 3.071447]]]}}, {"type": "Feature", "properties": {"height": 8.0}, "geometry": {"type": "Polygon", "coordinates": [[[101.611181, 3.071447], [101.611243, 3.071447], [101.611241, 3.071296], [101.61118, 3.071297], [101.611181, 3.071447]]]}}, {"type": "Feature", "properties": {"height": 8.0}, "geometry": {"type": "Polygon", "coordinates": [[[101.61112, 3.071448], [101.611181, 3.071447], [101.61118, 3.071297], [101.611118, 3.071297], [101.61112, 3.071448]]]}}, {"type": "Feature", "properties": {"height": 8.0}, "geometry": {"type": "Polygon", "coordinates": [[[101.611733, 3.071256], [101.611794, 3.071256], [101.611793, 3.0711], [101.611731, 3.071101], [101.611733, 3.071256]]]}}, {"type": "Feature", "properties": {"height": 8.0}, "geometry": {"type": "Polygon", "coordinates": [[[101.611671, 3.071257], [101.611733, 3.071256], [101.611731, 3.071101], [101.61167, 3.071102], [101.611671, 3.071257]]]}}, {"type": "Feature", "properties": {"height": 8.0}, "geometry": {"type": "Polygon", "coordinates": [[[101.61161, 3.071257], [101.611671, 3.071257], [101.61167, 3.071102], [101.611609, 3.071102], [101.61161, 3.071257]]]}}, {"type": "Feature", "properties": {"height": 8.0}, "geometry": {"type": "Polygon", "coordinates": [[[101.611548, 3.071258], [101.61161, 3.071257], [101.611609, 3.071102], [101.611547, 3.071103], [101.611548, 3.071258]]]}}, {"type": "Feature", "properties": {"height": 8.0}, "geometry": {"type": "Polygon", "coordinates": [[[101.611487, 3.071258], [101.611548, 3.071258], [101.611547, 3.071103], [101.611486, 3.071103], [101.611487, 3.071258]]]}}, {"type": "Feature", "properties": {"height": 8.0}, "geometry": {"type": "Polygon", "coordinates": [[[101.611425, 3.071259], [101.611487, 3.071258], [101.611486, 3.071103], [101.611424, 3.071104], [101.611425, 3.071259]]]}}, {"type": "Feature", "properties": {"height": 8.0}, "geometry": {"type": "Polygon", "coordinates": [[[101.611364, 3.07126], [101.611425, 3.071259], [101.611424, 3.071104], [101.611362, 3.071104], [101.611364, 3.07126]]]}}, {"type": "Feature", "properties": {"height": 8.0}, "geometry": {"type": "Polygon", "coordinates": [[[101.611302, 3.07126], [101.611364, 3.07126], [101.611362, 3.071104], [101.611301, 3.071105], [101.611302, 3.07126]]]}}, {"type": "Feature", "properties": {"height": 8.0}, "geometry": {"type": "Polygon", "coordinates": [[[101.611241, 3.071261], [101.611302, 3.07126], [101.611301, 3.071105], [101.61124, 3.071105], [101.611241, 3.071261]]]}}, {"type": "Feature", "properties": {"height": 8.0}, "geometry": {"type": "Polygon", "coordinates": [[[101.61118, 3.071261], [101.611241, 3.071261], [101.61124, 3.071105], [101.611178, 3.071106], [101.61118, 3.071261]]]}}, {"type": "Feature", "properties": {"height": 8.0}, "geometry": {"type": "Polygon", "coordinates": [[[101.611118, 3.071262], [101.61118, 3.071261], [101.611178, 3.071106], [101.611117, 3.071106], [101.611118, 3.071262]]]}}, {"type": "Feature", "properties": {"height": 8.0}, "geometry": {"type": "Polygon", "coordinates": [[[101.61253, 3.071437], [101.612592, 3.071437], [101.612591, 3.071282], [101.612528, 3.071283], [101.61253, 3.071437]]]}}, {"type": "Feature", "properties": {"height": 8.0}, "geometry": {"type": "Polygon", "coordinates": [[[101.612467, 3.071438], [101.61253, 3.071437], [101.612528, 3.071283], [101.612466, 3.071283], [101.612467, 3.071438]]]}}, {"type": "Feature", "properties": {"height": 8.0}, "geometry": {"type": "Polygon", "coordinates": [[[101.612405, 3.071438], [101.612467, 3.071438], [101.612466, 3.071283], [101.612403, 3.071284], [101.612405, 3.071438]]]}}, {"type": "Feature", "properties": {"height": 8.0}, "geometry": {"type": "Polygon", "coordinates": [[[101.612342, 3.071439], [101.612405, 3.071438], [101.612403, 3.071284], [101.612341, 3.071284], [101.612342, 3.071439]]]}}, {"type": "Feature", "properties": {"height": 8.0}, "geometry": {"type": "Polygon", "coordinates": [[[101.61228, 3.071439], [101.612342, 3.071439], [101.612341, 3.071284], [101.612278, 3.071285], [101.61228, 3.071439]]]}}, {"type": "Feature", "properties": {"height": 8.0}, "geometry": {"type": "Polygon", "coordinates": [[[101.612217, 3.07144], [101.61228, 3.071439], [101.612278, 3.071285], [101.612216, 3.071286], [101.612217, 3.07144]]]}}, {"type": "Feature", "properties": {"height": 8.0}, "geometry": {"type": "Polygon", "coordinates": [[[101.612155, 3.071441], [101.612217, 3.07144], [101.612216, 3.071286], [101.612153, 3.071286], [101.612155, 3.071441]]]}}, {"type": "Feature", "properties": {"height": 8.0}, "geometry": {"type": "Polygon", "coordinates": [[[101.612092, 3.071441], [101.612155, 3.071441], [101.612153, 3.071286], [101.612091, 3.071287], [101.612092, 3.071441]]]}}, {"type": "Feature", "properties": {"height": 8.0}, "geometry": {"type": "Polygon", "coordinates": [[[101.61203, 3.071442], [101.612092, 3.071441], [101.612091, 3.071287], [101.612028, 3.071287], [101.61203, 3.071442]]]}}, {"type": "Feature", "properties": {"height": 8.0}, "geometry": {"type": "Polygon", "coordinates": [[[101.611968, 3.071442], [101.61203, 3.071442], [101.612028, 3.071287], [101.611966, 3.071288], [101.611968, 3.071442]]]}}, {"type": "Feature", "properties": {"height": 8.0}, "geometry": {"type": "Polygon", "coordinates": [[[101.611905, 3.071443], [101.611968, 3.071442], [101.611966, 3.071288], [101.611903, 3.071288], [101.611905, 3.071443]]]}}, {"type": "Feature", "properties": {"height": 8.0}, "geometry": {"type": "Polygon", "coordinates": [[[101.612528, 3.071247], [101.612591, 3.071246], [101.612589, 3.071095], [101.612527, 3.071095], [101.612528, 3.071247]]]}}, {"type": "Feature", "properties": {"height": 8.0}, "geometry": {"type": "Polygon", "coordinates": [[[101.612466, 3.071247], [101.612528, 3.071247], [101.612527, 3.071095], [101.612465, 3.071096], [101.612466, 3.071247]]]}}, {"type": "Feature", "properties": {"height": 8.0}, "geometry": {"type": "Polygon", "coordinates": [[[101.612403, 3.071248], [101.612466, 3.071247], [101.612465, 3.071096], [101.612402, 3.071096], [101.612403, 3.071248]]]}}, {"type": "Feature", "properties": {"height": 8.0}, "geometry": {"type": "Polygon", "coordinates": [[[101.612341, 3.071248], [101.612403, 3.071248], [101.612402, 3.071096], [101.61234, 3.071097], [101.612341, 3.071248]]]}}, {"type": "Feature", "properties": {"height": 8.0}, "geometry": {"type": "Polygon", "coordinates": [[[101.612278, 3.071249], [101.612341, 3.071248], [101.61234, 3.071097], [101.612277, 3.071097], [101.612278, 3.071249]]]}}, {"type": "Feature", "properties": {"height": 8.0}, "geometry": {"type": "Polygon", "coordinates": [[[101.612216, 3.071249], [101.612278, 3.071249], [101.612277, 3.071097], [101.612215, 3.071098], [101.612216, 3.071249]]]}}, {"type": "Feature", "properties": {"height": 8.0}, "geometry": {"type": "Polygon", "coordinates": [[[101.612154, 3.07125], [101.612216, 3.071249], [101.612215, 3.071098], [101.612152, 3.071099], [101.612154, 3.07125]]]}}, {"type": "Feature", "properties": {"height": 8.0}, "geometry": {"type": "Polygon", "coordinates": [[[101.612091, 3.071251], [101.612154, 3.07125], [101.612152, 3.071099], [101.61209, 3.071099], [101.612091, 3.071251]]]}}, {"type": "Feature", "properties": {"height": 8.0}, "geometry": {"type": "Polygon", "coordinates": [[[101.612028, 3.071251], [101.612091, 3.071251], [101.61209, 3.071099], [101.612027, 3.0711], [101.612028, 3.071251]]]}}, {"type": "Feature", "properties": {"height": 8.0}, "geometry": {"type": "Polygon", "coordinates": [[[101.611966, 3.071252], [101.612028, 3.071251], [101.612027, 3.0711], [101.611965, 3.0711], [101.611966, 3.071252]]]}}, {"type": "Feature", "properties": {"height": 8.0}, "geometry": {"type": "Polygon", "coordinates": [[[101.611904, 3.071252], [101.611966, 3.071252], [101.611965, 3.0711], [101.611902, 3.071101], [101.611904, 3.071252]]]}}, {"type": "Feature", "properties": {"height": 8.0}, "geometry": {"type": "Polygon", "coordinates": [[[101.611735, 3.070899], [101.611797, 3.070898], [101.611795, 3.070739], [101.611733, 3.070739], [101.611735, 3.070899]]]}}, {"type": "Feature", "properties": {"height": 8.0}, "geometry": {"type": "Polygon", "coordinates": [[[101.611673, 3.070899], [101.611735, 3.070899], [101.611733, 3.070739], [101.611671, 3.07074], [101.611673, 3.070899]]]}}, {"type": "Feature", "properties": {"height": 8.0}, "geometry": {"type": "Polygon", "coordinates": [[[101.611611, 3.0709], [101.611673, 3.070899], [101.611671, 3.07074], [101.611609, 3.07074], [101.611611, 3.0709]]]}}, {"type": "Feature", "properties": {"height": 8.0}, "geometry": {"type": "Polygon", "coordinates": [[[101.611548, 3.070901], [101.611611, 3.0709], [101.611609, 3.07074], [101.611547, 3.070741], [101.611548, 3.070901]]]}}, {"type": "Feature", "properties": {"height": 8.0}, "geometry": {"type": "Polygon", "coordinates": [[[101.611486, 3.070901], [101.611548, 3.070901], [101.611547, 3.070741], [101.611485, 3.070741], [101.611486, 3.070901]]]}}, {"type": "Feature", "properties": {"height": 8.0}, "geometry": {"type": "Polygon", "coordinates": [[[101.611424, 3.070902], [101.611486, 3.070901], [101.611485, 3.070741], [101.611423, 3.070742], [101.611424, 3.070902]]]}}, {"type": "Feature", "properties": {"height": 8.0}, "geometry": {"type": "Polygon", "coordinates": [[[101.611362, 3.070902], [101.611424, 3.070902], [101.611423, 3.070742], [101.611361, 3.070742], [101.611362, 3.070902]]]}}, {"type": "Feature", "properties": {"height": 8.0}, "geometry": {"type": "Polygon", "coordinates": [[[101.6113, 3.070903], [101.611362, 3.070902], [101.611361, 3.070742], [101.611299, 3.070743], [101.6113, 3.070903]]]}}, {"type": "Feature", "properties": {"height": 8.0}, "geometry": {"type": "Polygon", "coordinates": [[[101.611238, 3.070903], [101.6113, 3.070903], [101.611299, 3.070743], [101.611236, 3.070743], [101.611238, 3.070903]]]}}, {"type": "Feature", "properties": {"height": 8.0}, "geometry": {"type": "Polygon", "coordinates": [[[101.611176, 3.070904], [101.611238, 3.070903], [101.611236, 3.070743], [101.611174, 3.070744], [101.611176, 3.070904]]]}}, {"type": "Feature", "properties": {"height": 8.0}, "geometry": {"type": "Polygon", "coordinates": [[[101.611114, 3.070905], [101.611176, 3.070904], [101.611174, 3.070744], [101.611112, 3.070745], [101.611114, 3.070905]]]}}, {"type": "Feature", "properties": {"height": 8.0}, "geometry": {"type": "Polygon", "coordinates": [[[101.612644, 3.070886], [101.612706, 3.070885], [101.612705, 3.070732], [101.612643, 3.070732], [101.612644, 3.070886]]]}}, {"type": "Feature", "properties": {"height": 8.0}, "geometry": {"type": "Polygon", "coordinates": [[[101.612582, 3.070886], [101.612644, 3.070886], [101.612643, 3.070732], [101.612581, 3.070733], [101.612582, 3.070886]]]}}, {"type": "Feature", "properties": {"height": 8.0}, "geometry": {"type": "Polygon", "coordinates": [[[101.61252, 3.070887], [101.612582, 3.070886], [101.612581, 3.070733], [101.612519, 3.070733], [101.61252, 3.070887]]]}}, {"type": "Feature", "properties": {"height": 8.0}, "geometry": {"type": "Polygon", "coordinates": [[[101.612458, 3.070887], [101.61252, 3.070887], [101.612519, 3.070733], [101.612457, 3.070734], [101.612458, 3.070887]]]}}, {"type": "Feature", "properties": {"height": 8.0}, "geometry": {"type": "Polygon", "coordinates": [[[101.612396, 3.070888], [101.612458, 3.070887], [101.612457, 3.070734], [101.612395, 3.070734], [101.612396, 3.070888]]]}}, {"type": "Feature", "properties": {"height": 8.0}, "geometry": {"type": "Polygon", "coordinates": [[[101.612334, 3.070889], [101.612396, 3.070888], [101.612395, 3.070734], [101.612333, 3.070735], [101.612334, 3.070889]]]}}, {"type": "Feature", "properties": {"height": 8.0}, "geometry": {"type": "Polygon", "coordinates": [[[101.612272, 3.070889], [101.612334, 3.070889], [101.612333, 3.070735], [101.612271, 3.070736], [101.612272, 3.070889]]]}}, {"type": "Feature", "properties": {"height": 8.0}, "geometry": {"type": "Polygon", "coordinates": [[[101.61221, 3.07089], [101.612272, 3.070889], [101.612271, 3.070736], [101.612209, 3.070736], [101.61221, 3.07089]]]}}, {"type": "Feature", "properties": {"height": 8.0}, "geometry": {"type": "Polygon", "coordinates": [[[101.612148, 3.07089], [101.61221, 3.07089], [101.612209, 3.070736], [101.612147, 3.070737], [101.612148, 3.07089]]]}}, {"type": "Feature", "properties": {"height": 8.0}, "geometry": {"type": "Polygon", "coordinates": [[[101.612086, 3.070891], [101.612148, 3.07089], [101.612147, 3.070737], [101.612085, 3.070737], [101.612086, 3.070891]]]}}, {"type": "Feature", "properties": {"height": 8.0}, "geometry": {"type": "Polygon", "coordinates": [[[101.612024, 3.070891], [101.612086, 3.070891], [101.612085, 3.070737], [101.612023, 3.070738], [101.612024, 3.070891]]]}}, {"type": "Feature", "properties": {"height": 8.0}, "geometry": {"type": "Polygon", "coordinates": [[[101.611962, 3.070892], [101.612024, 3.070891], [101.612023, 3.070738], [101.611961, 3.070739], [101.611962, 3.070892]]]}}, {"type": "Feature", "properties": {"height": 8.0}, "geometry": {"type": "Polygon", "coordinates": [[[101.6119, 3.070892], [101.611962, 3.070892], [101.611961, 3.070739], [101.611899, 3.070739], [101.6119, 3.070892]]]}}, {"type": "Feature", "properties": {"height": 8.0}, "geometry": {"type": "Polygon", "coordinates": [[[101.613923, 3.065532], [101.613826, 3.065532], [101.613827, 3.065697], [101.613924, 3.065697], [101.613923, 3.065532]]]}}, {"type": "Feature", "properties": {"height": 8.0}, "geometry": {"type": "Polygon", "coordinates": [[[101.613984, 3.065532], [101.613923, 3.065532], [101.613924, 3.065697], [101.613985, 3.065697], [101.613984, 3.065532]]]}}, {"type": "Feature", "properties": {"height": 8.0}, "geometry": {"type": "Polygon", "coordinates": [[[101.614045, 3.065531], [101.613984, 3.065532], [101.613985, 3.065697], [101.614046, 3.065696], [101.614045, 3.065531]]]}}, {"type": "Feature", "properties": {"height": 8.0}, "geometry": {"type": "Polygon", "coordinates": [[[101.614106, 3.065531], [101.614045, 3.065531], [101.614046, 3.065696], [101.614107, 3.065696], [101.614106, 3.065531]]]}}, {"type": "Feature", "properties": {"height": 8.0}, "geometry": {"type": "Polygon", "coordinates": [[[101.614167, 3.065531], [101.614106, 3.065531], [101.614107, 3.065696], [101.614168, 3.065696], [101.614167, 3.065531]]]}}, {"type": "Feature", "properties": {"height": 8.0}, "geometry": {"type": "Polygon", "coordinates": [[[101.614228, 3.06553], [101.614167, 3.065531], [101.614168, 3.065696], [101.614229, 3.065695], [101.614228, 3.06553]]]}}, {"type": "Feature", "properties": {"height": 8.0}, "geometry": {"type": "Polygon", "coordinates": [[[101.614289, 3.06553], [101.614228, 3.06553], [101.614229, 3.065695], [101.614289, 3.065695], [101.614289, 3.06553]]]}}, {"type": "Feature", "properties": {"height": 8.0}, "geometry": {"type": "Polygon", "coordinates": [[[101.61435, 3.06553], [101.614289, 3.06553], [101.614289, 3.065695], [101.61435, 3.065695], [101.61435, 3.06553]]]}}, {"type": "Feature", "properties": {"height": 8.0}, "geometry": {"type": "Polygon", "coordinates": [[[101.61441, 3.065529], [101.61435, 3.06553], [101.61435, 3.065695], [101.614411, 3.065694], [101.61441, 3.065529]]]}}, {"type": "Feature", "properties": {"height": 8.0}, "geometry": {"type": "Polygon", "coordinates": [[[101.614471, 3.065529], [101.61441, 3.065529], [101.614411, 3.065694], [101.614472, 3.065694], [101.614471, 3.065529]]]}}, {"type": "Feature", "properties": {"height": 8.0}, "geometry": {"type": "Polygon", "coordinates": [[[101.614532, 3.065529], [101.614471, 3.065529], [101.614472, 3.065694], [101.614533, 3.065694], [101.614532, 3.065529]]]}}, {"type": "Feature", "properties": {"height": 8.0}, "geometry": {"type": "Polygon", "coordinates": [[[101.614593, 3.065528], [101.614532, 3.065529], [101.614533, 3.065694], [101.614594, 3.065694], [101.614593, 3.065528]]]}}, {"type": "Feature", "properties": {"height": 8.0}, "geometry": {"type": "Polygon", "coordinates": [[[101.614654, 3.065528], [101.614593, 3.065528], [101.614594, 3.065694], [101.614655, 3.065693], [101.614654, 3.065528]]]}}, {"type": "Feature", "properties": {"height": 8.0}, "geometry": {"type": "Polygon", "coordinates": [[[101.614715, 3.065528], [101.614654, 3.065528], [101.614655, 3.065693], [101.614716, 3.065693], [101.614715, 3.065528]]]}}, {"type": "Feature", "properties": {"height": 8.0}, "geometry": {"type": "Polygon", "coordinates": [[[101.614776, 3.065527], [101.614715, 3.065528], [101.614716, 3.065693], [101.614777, 3.065692], [101.614776, 3.065527]]]}}, {"type": "Feature", "properties": {"height": 8.0}, "geometry": {"type": "Polygon", "coordinates": [[[101.614941, 3.06552], [101.61488, 3.065522], [101.614883, 3.065687], [101.614944, 3.065686], [101.614941, 3.06552]]]}}, {"type": "Feature", "properties": {"height": 8.0}, "geometry": {"type": "Polygon", "coordinates": [[[101.615003, 3.065519], [101.614941, 3.06552], [101.614944, 3.065686], [101.615006, 3.065685], [101.615003, 3.065519]]]}}, {"type": "Feature", "properties": {"height": 8.0}, "geometry": {"type": "Polygon", "coordinates": [[[101.614386, 3.066065], [101.614448, 3.066065], [101.614448, 3.065919], [101.614386, 3.065919], [101.614386, 3.066065]]]}}, {"type": "Feature", "properties": {"height": 8.0}, "geometry": {"type": "Polygon", "coordinates": [[[101.614325, 3.066065], [101.614386, 3.066065], [101.614386, 3.065919], [101.614325, 3.065919], [101.614325, 3.066065]]]}}, {"type": "Feature", "properties": {"height": 8.0}, "geometry": {"type": "Polygon", "coordinates": [[[101.614264, 3.066065], [101.614325, 3.066065], [101.614325, 3.065919], [101.614264, 3.065919], [101.614264, 3.066065]]]}}, {"type": "Feature", "properties": {"height": 8.0}, "geometry": {"type": "Polygon", "coordinates": [[[101.614202, 3.066065], [101.614264, 3.066065], [101.614264, 3.065919], [101.614202, 3.065919], [101.614202, 3.066065]]]}}, {"type": "Feature", "properties": {"height": 8.0}, "geometry": {"type": "Polygon", "coordinates": [[[101.614141, 3.066065], [101.614202, 3.066065], [101.614202, 3.065919], [101.614141, 3.065919], [101.614141, 3.066065]]]}}, {"type": "Feature", "properties": {"height": 8.0}, "geometry": {"type": "Polygon", "coordinates": [[[101.61408, 3.066065], [101.614141, 3.066065], [101.614141, 3.065919], [101.61408, 3.065919], [101.61408, 3.066065]]]}}, {"type": "Feature", "properties": {"height": 8.0}, "geometry": {"type": "Polygon", "coordinates": [[[101.614018, 3.066065], [101.61408, 3.066065], [101.61408, 3.065919], [101.614018, 3.065919], [101.614018, 3.066065]]]}}, {"type": "Feature", "properties": {"height": 40.0}, "geometry": {"type": "Polygon", "coordinates": [[[101.613877, 3.063679], [101.614113, 3.063676], [101.614113, 3.063537], [101.613914, 3.063538], [101.613875, 3.063594], [101.613877, 3.063679]]]}}, {"type": "Feature", "properties": {"height": 40.0}, "geometry": {"type": "Polygon", "coordinates": [[[101.613877, 3.063679], [101.613877, 3.063744], [101.614114, 3.06374], [101.614113, 3.063676], [101.613877, 3.063679]]]}}, {"type": "Feature", "properties": {"height": 40.0}, "geometry": {"type": "Polygon", "coordinates": [[[101.613877, 3.063744], [101.613878, 3.063798], [101.614115, 3.063795], [101.614114, 3.06374], [101.613877, 3.063744]]]}}, {"type": "Feature", "properties": {"height": 40.0}, "geometry": {"type": "Polygon", "coordinates": [[[101.613878, 3.063798], [101.613879, 3.063861], [101.614116, 3.063858], [101.614115, 3.063795], [101.613878, 3.063798]]]}}, {"type": "Feature", "properties": {"height": 8.0}, "geometry": {"type": "Polygon", "coordinates": [[[101.614946, 3.063761], [101.615008, 3.063762], [101.615009, 3.063601], [101.614947, 3.063601], [101.614946, 3.063761]]]}}, {"type": "Feature", "properties": {"height": 8.0}, "geometry": {"type": "Polygon", "coordinates": [[[101.614885, 3.063761], [101.614946, 3.063761], [101.614947, 3.063601], [101.614886, 3.063601], [101.614885, 3.063761]]]}}, {"type": "Feature", "properties": {"height": 8.0}, "geometry": {"type": "Polygon", "coordinates": [[[101.614824, 3.06376], [101.614885, 3.063761], [101.614886, 3.063601], [101.614825, 3.0636], [101.614824, 3.06376]]]}}, {"type": "Feature", "properties": {"height": 8.0}, "geometry": {"type": "Polygon", "coordinates": [[[101.614762, 3.06376], [101.614824, 3.06376], [101.614825, 3.0636], [101.614764, 3.0636], [101.614762, 3.06376]]]}}, {"type": "Feature", "properties": {"height": 8.0}, "geometry": {"type": "Polygon", "coordinates": [[[101.614701, 3.063759], [101.614762, 3.06376], [101.614764, 3.0636], [101.614702, 3.063599], [101.614701, 3.063759]]]}}, {"type": "Feature", "properties": {"height": 8.0}, "geometry": {"type": "Polygon", "coordinates": [[[101.61464, 3.063759], [101.614701, 3.063759], [101.614702, 3.063599], [101.614641, 3.063598], [101.61464, 3.063759]]]}}, {"type": "Feature", "properties": {"height": 8.0}, "geometry": {"type": "Polygon", "coordinates": [[[101.614579, 3.063758], [101.61464, 3.063759], [101.614641, 3.063598], [101.61458, 3.063598], [101.614579, 3.063758]]]}}, {"type": "Feature", "properties": {"height": 8.0}, "geometry": {"type": "Polygon", "coordinates": [[[101.614517, 3.063758], [101.614579, 3.063758], [101.61458, 3.063598], [101.614519, 3.063598], [101.614517, 3.063758]]]}}, {"type": "Feature", "properties": {"height": 8.0}, "geometry": {"type": "Polygon", "coordinates": [[[101.614456, 3.063757], [101.614517, 3.063758], [101.614519, 3.063598], [101.614457, 3.063597], [101.614456, 3.063757]]]}}, {"type": "Feature", "properties": {"height": 8.0}, "geometry": {"type": "Polygon", "coordinates": [[[101.614395, 3.063757], [101.614456, 3.063757], [101.614457, 3.063597], [101.614396, 3.063597], [101.614395, 3.063757]]]}}, {"type": "Feature", "properties": {"height": 8.0}, "geometry": {"type": "Polygon", "coordinates": [[[101.614334, 3.063756], [101.614395, 3.063757], [101.614396, 3.063597], [101.614335, 3.063596], [101.614334, 3.063756]]]}}, {"type": "Feature", "properties": {"height": 8.0}, "geometry": {"type": "Polygon", "coordinates": [[[101.614272, 3.063756], [101.614334, 3.063756], [101.614335, 3.063596], [101.614274, 3.063596], [101.614272, 3.063756]]]}}, {"type": "Feature", "properties": {"height": 8.0}, "geometry": {"type": "Polygon", "coordinates": [[[101.614211, 3.063755], [101.614272, 3.063756], [101.614274, 3.063596], [101.614212, 3.063595], [101.614211, 3.063755]]]}}, {"type": "Feature", "properties": {"height": 8.0}, "geometry": {"type": "Polygon", "coordinates": [[[101.614211, 3.063797], [101.61415, 3.063797], [101.61415, 3.063955], [101.614212, 3.063954], [101.614211, 3.063797]]]}}, {"type": "Feature", "properties": {"height": 8.0}, "geometry": {"type": "Polygon", "coordinates": [[[101.614272, 3.063796], [101.614211, 3.063797], [101.614212, 3.063954], [101.614273, 3.063954], [101.614272, 3.063796]]]}}, {"type": "Feature", "properties": {"height": 8.0}, "geometry": {"type": "Polygon", "coordinates": [[[101.614334, 3.063796], [101.614272, 3.063796], [101.614273, 3.063954], [101.614334, 3.063954], [101.614334, 3.063796]]]}}, {"type": "Feature", "properties": {"height": 8.0}, "geometry": {"type": "Polygon", "coordinates": [[[101.614395, 3.063796], [101.614334, 3.063796], [101.614334, 3.063954], [101.614395, 3.063954], [101.614395, 3.063796]]]}}, {"type": "Feature", "properties": {"height": 8.0}, "geometry": {"type": "Polygon", "coordinates": [[[101.614456, 3.063796], [101.614395, 3.063796], [101.614395, 3.063954], [101.614456, 3.063954], [101.614456, 3.063796]]]}}, {"type": "Feature", "properties": {"height": 8.0}, "geometry": {"type": "Polygon", "coordinates": [[[101.614517, 3.063796], [101.614456, 3.063796], [101.614456, 3.063954], [101.614518, 3.063954], [101.614517, 3.063796]]]}}, {"type": "Feature", "properties": {"height": 8.0}, "geometry": {"type": "Polygon", "coordinates": [[[101.614578, 3.063796], [101.614517, 3.063796], [101.614518, 3.063954], [101.614579, 3.063954], [101.614578, 3.063796]]]}}, {"type": "Feature", "properties": {"height": 8.0}, "geometry": {"type": "Polygon", "coordinates": [[[101.614639, 3.063795], [101.614578, 3.063796], [101.614579, 3.063954], [101.61464, 3.063953], [101.614639, 3.063795]]]}}, {"type": "Feature", "properties": {"height": 8.0}, "geometry": {"type": "Polygon", "coordinates": [[[101.614701, 3.063795], [101.614639, 3.063795], [101.61464, 3.063953], [101.614701, 3.063953], [101.614701, 3.063795]]]}}, {"type": "Feature", "properties": {"height": 8.0}, "geometry": {"type": "Polygon", "coordinates": [[[101.614762, 3.063795], [101.614701, 3.063795], [101.614701, 3.063953], [101.614762, 3.063953], [101.614762, 3.063795]]]}}, {"type": "Feature", "properties": {"height": 8.0}, "geometry": {"type": "Polygon", "coordinates": [[[101.614823, 3.063795], [101.614762, 3.063795], [101.614762, 3.063953], [101.614823, 3.063953], [101.614823, 3.063795]]]}}, {"type": "Feature", "properties": {"height": 8.0}, "geometry": {"type": "Polygon", "coordinates": [[[101.614884, 3.063795], [101.614823, 3.063795], [101.614823, 3.063953], [101.614885, 3.063953], [101.614884, 3.063795]]]}}, {"type": "Feature", "properties": {"height": 8.0}, "geometry": {"type": "Polygon", "coordinates": [[[101.614945, 3.063795], [101.614884, 3.063795], [101.614885, 3.063953], [101.614946, 3.063953], [101.614945, 3.063795]]]}}, {"type": "Feature", "properties": {"height": 8.0}, "geometry": {"type": "Polygon", "coordinates": [[[101.615007, 3.063794], [101.614945, 3.063795], [101.614946, 3.063953], [101.615007, 3.063952], [101.615007, 3.063794]]]}}, {"type": "Feature", "properties": {"height": 8.0}, "geometry": {"type": "Polygon", "coordinates": [[[101.614914, 3.064372], [101.614854, 3.064373], [101.614856, 3.064519], [101.614916, 3.064519], [101.614914, 3.064372]]]}}, {"type": "Feature", "properties": {"height": 8.0}, "geometry": {"type": "Polygon", "coordinates": [[[101.614975, 3.064371], [101.614914, 3.064372], [101.614916, 3.064519], [101.614976, 3.064518], [101.614975, 3.064371]]]}}, {"type": "Feature", "properties": {"height": 8.0}, "geometry": {"type": "Polygon", "coordinates": [[[101.615035, 3.06437], [101.614975, 3.064371], [101.614976, 3.064518], [101.615037, 3.064517], [101.615035, 3.06437]]]}}, {"type": "Feature", "properties": {"height": 8.0}, "geometry": {"type": "Polygon", "coordinates": [[[101.614974, 3.064316], [101.615036, 3.064316], [101.615036, 3.064175], [101.614974, 3.064175], [101.614974, 3.064316]]]}}, {"type": "Feature", "properties": {"height": 8.0}, "geometry": {"type": "Polygon", "coordinates": [[[101.614911, 3.064316], [101.614974, 3.064316], [101.614974, 3.064175], [101.614911, 3.064175], [101.614911, 3.064316]]]}}, {"type": "Feature", "properties": {"height": 8.0}, "geometry": {"type": "Polygon", "coordinates": [[[101.614026, 3.064363], [101.613955, 3.064362], [101.613954, 3.064518], [101.614024, 3.064518], [101.614026, 3.064363]]]}}, {"type": "Feature", "properties": {"height": 8.0}, "geometry": {"type": "Polygon", "coordinates": [[[101.614086, 3.064363], [101.614026, 3.064363], [101.614024, 3.064518], [101.614084, 3.064519], [101.614086, 3.064363]]]}}, {"type": "Feature", "properties": {"height": 8.0}, "geometry": {"type": "Polygon", "coordinates": [[[101.614145, 3.064364], [101.614086, 3.064363], [101.614084, 3.064519], [101.614144, 3.064519], [101.614145, 3.064364]]]}}, {"type": "Feature", "properties": {"height": 8.0}, "geometry": {"type": "Polygon", "coordinates": [[[101.614205, 3.064364], [101.614145, 3.064364], [101.614144, 3.064519], [101.614204, 3.06452], [101.614205, 3.064364]]]}}, {"type": "Feature", "properties": {"height": 8.0}, "geometry": {"type": "Polygon", "coordinates": [[[101.614265, 3.064365], [101.614205, 3.064364], [101.614204, 3.06452], [101.614264, 3.06452], [101.614265, 3.064365]]]}}, {"type": "Feature", "properties": {"height": 8.0}, "geometry": {"type": "Polygon", "coordinates": [[[101.614325, 3.064365], [101.614265, 3.064365], [101.614264, 3.06452], [101.614324, 3.064521], [101.614325, 3.064365]]]}}, {"type": "Feature", "properties": {"height": 8.0}, "geometry": {"type": "Polygon", "coordinates": [[[101.614385, 3.064366], [101.614325, 3.064365], [101.614324, 3.064521], [101.614383, 3.064521], [101.614385, 3.064366]]]}}, {"type": "Feature", "properties": {"height": 8.0}, "geometry": {"type": "Polygon", "coordinates": [[[101.614445, 3.064366], [101.614385, 3.064366], [101.614383, 3.064521], [101.614443, 3.064522], [101.614445, 3.064366]]]}}, {"type": "Feature", "properties": {"height": 8.0}, "geometry": {"type": "Polygon", "coordinates": [[[101.614504, 3.064367], [101.614445, 3.064366], [101.614443, 3.064522], [101.614503, 3.064522], [101.614504, 3.064367]]]}}, {"type": "Feature", "properties": {"height": 8.0}, "geometry": {"type": "Polygon", "coordinates": [[[101.614507, 3.064314], [101.614568, 3.064314], [101.614566, 3.064163], [101.614505, 3.064163], [101.614507, 3.064314]]]}}, {"type": "Feature", "properties": {"height": 8.0}, "geometry": {"type": "Polygon", "coordinates": [[[101.614446, 3.064315], [101.614507, 3.064314], [101.614505, 3.064163], [101.614444, 3.064164], [101.614446, 3.064315]]]}}, {"type": "Feature", "properties": {"height": 8.0}, "geometry": {"type": "Polygon", "coordinates": [[[101.614385, 3.064315], [101.614446, 3.064315], [101.614444, 3.064164], [101.614383, 3.064165], [101.614385, 3.064315]]]}}, {"type": "Feature", "properties": {"height": 8.0}, "geometry": {"type": "Polygon", "coordinates": [[[101.614323, 3.064316], [101.614385, 3.064315], [101.614383, 3.064165], [101.614322, 3.064165], [101.614323, 3.064316]]]}}, {"type": "Feature", "properties": {"height": 8.0}, "geometry": {"type": "Polygon", "coordinates": [[[101.614262, 3.064316], [101.614323, 3.064316], [101.614322, 3.064165], [101.614261, 3.064166], [101.614262, 3.064316]]]}}, {"type": "Feature", "properties": {"height": 8.0}, "geometry": {"type": "Polygon", "coordinates": [[[101.614201, 3.064317], [101.614262, 3.064316], [101.614261, 3.064166], [101.6142, 3.064166], [101.614201, 3.064317]]]}}, {"type": "Feature", "properties": {"height": 8.0}, "geometry": {"type": "Polygon", "coordinates": [[[101.61414, 3.064318], [101.614201, 3.064317], [101.6142, 3.064166], [101.614139, 3.064167], [101.61414, 3.064318]]]}}, {"type": "Feature", "properties": {"height": 8.0}, "geometry": {"type": "Polygon", "coordinates": [[[101.614079, 3.064318], [101.61414, 3.064318], [101.614139, 3.064167], [101.614078, 3.064167], [101.614079, 3.064318]]]}}, {"type": "Feature", "properties": {"height": 8.0}, "geometry": {"type": "Polygon", "coordinates": [[[101.614018, 3.064319], [101.614079, 3.064318], [101.614078, 3.064167], [101.614017, 3.064168], [101.614018, 3.064319]]]}}, {"type": "Feature", "properties": {"height": 8.0}, "geometry": {"type": "Polygon", "coordinates": [[[101.614154, 3.065193], [101.614156, 3.065256], [101.614311, 3.065253], [101.61431, 3.06519], [101.614154, 3.065193]]]}}, {"type": "Feature", "properties": {"height": 8.0}, "geometry": {"type": "Polygon", "coordinates": [[[101.614153, 3.065131], [101.614154, 3.065193], [101.61431, 3.06519], [101.614309, 3.065128], [101.614153, 3.065131]]]}}, {"type": "Feature", "properties": {"height": 8.0}, "geometry": {"type": "Polygon", "coordinates": [[[101.614152, 3.065068], [101.614153, 3.065131], [101.614309, 3.065128], [101.614307, 3.065065], [101.614152, 3.065068]]]}}, {"type": "Feature", "properties": {"height": 8.0}, "geometry": {"type": "Polygon", "coordinates": [[[101.61415, 3.065006], [101.614152, 3.065068], [101.614307, 3.065065], [101.614306, 3.065002], [101.61415, 3.065006]]]}}, {"type": "Feature", "properties": {"height": 8.0}, "geometry": {"type": "Polygon", "coordinates": [[[101.614149, 3.064943], [101.61415, 3.065006], [101.614306, 3.065002], [101.614304, 3.06494], [101.614149, 3.064943]]]}}, {"type": "Feature", "properties": {"height": 8.0}, "geometry": {"type": "Polygon", "coordinates": [[[101.614148, 3.064881], [101.614149, 3.064943], [101.614304, 3.06494], [101.614303, 3.064877], [101.614148, 3.064881]]]}}, {"type": "Feature", "properties": {"height": 8.0}, "geometry": {"type": "Polygon", "coordinates": [[[101.614146, 3.064818], [101.614148, 3.064881], [101.614303, 3.064877], [101.614302, 3.064815], [101.614146, 3.064818]]]}}, {"type": "Feature", "properties": {"height": 8.0}, "geometry": {"type": "Polygon", "coordinates": [[[101.613953, 3.065186], [101.613954, 3.065248], [101.614116, 3.065246], [101.614115, 3.065184], [101.613953, 3.065186]]]}}, {"type": "Feature", "properties": {"height": 8.0}, "geometry": {"type": "Polygon", "coordinates": [[[101.613953, 3.065125], [101.613953, 3.065186], [101.614115, 3.065184], [101.614114, 3.065123], [101.613953, 3.065125]]]}}, {"type": "Feature", "properties": {"height": 8.0}, "geometry": {"type": "Polygon", "coordinates": [[[101.613952, 3.065063], [101.613953, 3.065125], [101.614114, 3.065123], [101.614114, 3.065061], [101.613952, 3.065063]]]}}, {"type": "Feature", "properties": {"height": 8.0}, "geometry": {"type": "Polygon", "coordinates": [[[101.613952, 3.065001], [101.613952, 3.065063], [101.614114, 3.065061], [101.614113, 3.064999], [101.613952, 3.065001]]]}}, {"type": "Feature", "properties": {"height": 8.0}, "geometry": {"type": "Polygon", "coordinates": [[[101.613951, 3.064939], [101.613952, 3.065001], [101.614113, 3.064999], [101.614113, 3.064937], [101.613951, 3.064939]]]}}, {"type": "Feature", "properties": {"height": 8.0}, "geometry": {"type": "Polygon", "coordinates": [[[101.61395, 3.064877], [101.613951, 3.064939], [101.614113, 3.064937], [101.614112, 3.064876], [101.61395, 3.064877]]]}}, {"type": "Feature", "properties": {"height": 8.0}, "geometry": {"type": "Polygon", "coordinates": [[[101.61395, 3.064815], [101.61395, 3.064877], [101.614112, 3.064876], [101.614111, 3.064814], [101.61395, 3.064815]]]}}, {"type": "Feature", "properties": {"height": 12.0}, "geometry": {"type": "Polygon", "coordinates": [[[101.604848, 3.06905], [101.605122, 3.069049], [101.605066, 3.068873], [101.604982, 3.068879], [101.60487, 3.068617], [101.604722, 3.068662], [101.604721, 3.068804], [101.604757, 3.068901], [101.604806, 3.068889], [101.604848, 3.06905]]]}}, {"type": "Feature", "properties": {"height": 12.0}, "geometry": {"type": "Polygon", "coordinates": [[[101.609106, 3.075824], [101.609831, 3.075825], [101.609831, 3.07578], [101.609106, 3.075779], [101.609106, 3.075824]]]}}, {"type": "Feature", "properties": {"height": 50.0}, "geometry": {"type": "Polygon", "coordinates": [[[101.608529, 3.07117], [101.608375, 3.071219], [101.608339, 3.071001], [101.608328, 3.070981], [101.608076, 3.070824], [101.608181, 3.070653], [101.608441, 3.070813], [101.608467, 3.070816], [101.608636, 3.07077], [101.608682, 3.070699], [101.608669, 3.070686], [101.608661, 3.07067], [101.608659, 3.070651], [101.608663, 3.070633], [101.608673, 3.070618], [101.608688, 3.070606], [101.608705, 3.0706], [101.608724, 3.0706], [101.608741, 3.070607], [101.608908, 3.070347], [101.609042, 3.070433], [101.609297, 3.070596], [101.609317, 3.070564], [101.609383, 3.070607], [101.609368, 3.070631], [101.609073, 3.07109], [101.608706, 3.070855], [101.608586, 3.070966], [101.608533, 3.071045], [101.608529, 3.07117]]]}}, {"type": "Feature", "properties": {"height": 50.0}, "geometry": {"type": "Polygon", "coordinates": [[[101.608375, 3.071219], [101.608529, 3.07117], [101.608545, 3.071215], [101.608656, 3.07128], [101.608617, 3.071343], [101.60862, 3.071388], [101.608612, 3.071436], [101.608591, 3.071487], [101.608608, 3.07151], [101.608617, 3.071535], [101.608625, 3.071567], [101.608639, 3.071574], [101.608661, 3.071591], [101.608672, 3.071613], [101.608664, 3.071643], [101.608644, 3.071681], [101.608615, 3.071721], [101.608579, 3.071751], [101.608543, 3.071772], [101.608535, 3.071772], [101.608513, 3.071772], [101.60847, 3.071746], [101.608437, 3.071746], [101.608398, 3.07174], [101.608349, 3.071712], [101.608312, 3.071671], [101.608298, 3.07163], [101.608296, 3.071585], [101.60831, 3.071539], [101.608464, 3.071337], [101.608375, 3.071219]]]}}, {"type": "Feature", "properties": {"height": 50.0}, "geometry": {"type": "Polygon", "coordinates": [[[101.608529, 3.07117], [101.608545, 3.071215], [101.608656, 3.07128], [101.608982, 3.071471], [101.609006, 3.071469], [101.609021, 3.071456], [101.609035, 3.071434], [101.609041, 3.07141], [101.609039, 3.071395], [101.609019, 3.071376], [101.608882, 3.071298], [101.60891, 3.071251], [101.609058, 3.071334], [101.609081, 3.07134], [101.609107, 3.071329], [101.609125, 3.0713], [101.609133, 3.071273], [101.609133, 3.071242], [101.609104, 3.07121], [101.609028, 3.07116], [101.609073, 3.07109], [101.608706, 3.070855], [101.608586, 3.070966], [101.608533, 3.071045], [101.608529, 3.07117]]]}}, {"type": "Feature", "properties": {"height": 50.0}, "geometry": {"type": "Polygon", "coordinates": [[[101.609042, 3.070433], [101.609297, 3.070596], [101.609317, 3.070564], [101.609383, 3.070607], [101.609368, 3.070631], [101.609407, 3.070656], [101.609548, 3.070441], [101.609258, 3.070255], [101.609234, 3.070255], [101.609222, 3.070255], [101.609156, 3.070276], [101.609106, 3.070326], [101.609042, 3.070433]]]}}, {"type": "Feature", "properties": {"height": 15.0}, "geometry": {"type": "Polygon", "coordinates": [[[101.608296, 3.071585], [101.608298, 3.07163], [101.608312, 3.071671], [101.608349, 3.071712], [101.608398, 3.07174], [101.608437, 3.071746], [101.60847, 3.071746], [101.608513, 3.071772], [101.608535, 3.071772], [101.608524, 3.071836], [101.608517, 3.071871], [101.608412, 3.071852], [101.608323, 3.071976], [101.607971, 3.071971], [101.607972, 3.071792], [101.608102, 3.0718], [101.608209, 3.071682], [101.608296, 3.071585]]]}}, {"type": "Feature", "properties": {"height": 15.0}, "geometry": {"type": "Polygon", "coordinates": [[[101.609234, 3.070255], [101.609258, 3.070255], [101.609548, 3.070441], [101.609569, 3.070454], [101.609628, 3.070361], [101.609695, 3.070361], [101.609741, 3.07036], [101.60974, 3.070133], [101.609659, 3.070134], [101.609496, 3.07003], [101.609393, 3.070191], [101.60931, 3.070137], [101.609234, 3.070255]]]}}, {"type": "Feature", "properties": {"height": 12.0}, "geometry": {"type": "Polygon", "coordinates": [[[101.608023, 3.071095], [101.607907, 3.070972], [101.607855, 3.070937], [101.607828, 3.07097], [101.607798, 3.071008], [101.607706, 3.070863], [101.60762, 3.070917], [101.607715, 3.071065], [101.607775, 3.071029], [101.607829, 3.071069], [101.60787, 3.071019], [101.607965, 3.071113], [101.607916, 3.071263], [101.607891, 3.071289], [101.607939, 3.071534], [101.608048, 3.071686], [101.608062, 3.071662], [101.608083, 3.071643], [101.608108, 3.071632], [101.607999, 3.071512], [101.607961, 3.071306], [101.608023, 3.071095]]]}}, {"type": "Feature", "properties": {"height": 12.0}, "geometry": {"type": "Polygon", "coordinates": [[[101.608023, 3.071095], [101.607907, 3.070972], [101.607855, 3.070937], [101.607828, 3.07097], [101.607798, 3.071008], [101.607706, 3.070863], [101.60762, 3.070917], [101.607715, 3.071065], [101.607775, 3.071029], [101.607829, 3.071069], [101.60787, 3.071019], [101.607965, 3.071113], [101.607916, 3.071263], [101.607891, 3.071289], [101.607939, 3.071534], [101.608048, 3.071686], [101.608062, 3.071662], [101.608083, 3.071643], [101.608108, 3.071632], [101.607999, 3.071512], [101.607961, 3.071306], [101.608023, 3.071095]]]}}]}