{"type": "FeatureCollection", "features": [{"type": "Feature", "properties": {}, "geometry": {"type": "Polygon", "coordinates": [[[101.607533, 3.071472], [101.606723, 3.071474], [101.606437, 3.071479], [101.606418, 3.07148], [101.605788, 3.071607], [101.605282, 3.072], [101.605292, 3.073217], [101.605306, 3.07324], [101.605328, 3.073258], [101.605803, 3.073353], [101.607846, 3.073417], [101.608816, 3.073415], [101.609447, 3.073288], [101.609507, 3.073047], [101.609506, 3.072831], [101.609505, 3.072425], [101.608602, 3.071664], [101.608228, 3.071583], [101.607533, 3.071472]]]}}, {"type": "Feature", "properties": {}, "geometry": {"type": "Polygon", "coordinates": [[[101.6128, 3.06584], [101.612589, 3.065883], [101.612583, 3.066214], [101.612752, 3.066217], [101.612962, 3.066174], [101.612969, 3.065844], [101.6128, 3.06584]]]}}, {"type": "Feature", "properties": {}, "geometry": {"type": "Polygon", "coordinates": [[[101.607039, 3.06421], [101.606829, 3.064252], [101.606714, 3.064298], [101.606742, 3.064367], [101.606952, 3.064325], [101.607067, 3.064279], [101.607039, 3.06421]]]}}, {"type": "Feature", "properties": {}, "geometry": {"type": "Polygon", "coordinates": [[[101.612665, 3.06515], [101.612455, 3.065192], [101.612364, 3.065259], [101.612404, 3.065318], [101.612614, 3.065276], [101.612703, 3.065206], [101.612665, 3.06515]]]}}, {"type": "Feature", "properties": {}, "geometry": {"type": "Polygon", "coordinates": [[[101.610719, 3.065772], [101.610244, 3.065773], [101.610034, 3.065815], [101.610027, 3.066377], [101.610475, 3.066401], [101.610685, 3.066359], [101.610719, 3.065772]]]}}, {"type": "Feature", "properties": {}, "geometry": {"type": "Polygon", "coordinates": [[[101.599638, 3.068101], [101.599351, 3.068109], [101.599141, 3.068152], [101.599143, 3.068331], [101.59943, 3.068318], [101.59964, 3.068275], [101.599638, 3.068101]]]}}, {"type": "Feature", "properties": {}, "geometry": {"type": "Polygon", "coordinates": [[[101.600552, 3.067737], [101.600482, 3.067751], [101.600437, 3.067789], [101.600438, 3.067975], [101.600518, 3.067972], [101.600588, 3.067958], [101.600585, 3.067739], [101.600552, 3.067737]]]}}, {"type": "Feature", "properties": {}, "geometry": {"type": "Polygon", "coordinates": [[[101.602874, 3.068778], [101.602611, 3.068831], [101.602611, 3.068846], [101.602649, 3.068886], [101.602823, 3.068889], [101.603085, 3.068836], [101.603088, 3.068778], [101.602874, 3.068778]]]}}, {"type": "Feature", "properties": {}, "geometry": {"type": "Polygon", "coordinates": [[[101.6027, 3.06727], [101.602528, 3.067271], [101.602265, 3.067324], [101.602269, 3.067538], [101.602391, 3.067535], [101.602654, 3.067482], [101.602701, 3.067444], [101.6027, 3.06727]]]}}, {"type": "Feature", "properties": {}, "geometry": {"type": "Polygon", "coordinates": [[[101.602876, 3.067805], [101.602614, 3.067858], [101.602613, 3.067927], [101.602831, 3.067928], [101.603094, 3.067874], [101.603094, 3.067806], [101.602876, 3.067805]]]}}, {"type": "Feature", "properties": {}, "geometry": {"type": "Polygon", "coordinates": [[[101.606229, 3.065868], [101.606019, 3.065911], [101.606008, 3.066298], [101.606341, 3.066307], [101.606551, 3.066265], [101.606562, 3.065877], [101.606229, 3.065868]]]}}, {"type": "Feature", "properties": {}, "geometry": {"type": "Polygon", "coordinates": [[[101.604998, 3.068975], [101.604442, 3.068976], [101.604336, 3.068977], [101.603723, 3.069101], [101.603697, 3.069161], [101.603699, 3.069267], [101.603724, 3.069301], [101.603866, 3.069304], [101.604276, 3.069301], [101.604374, 3.069299], [101.604534, 3.06929], [101.605147, 3.069166], [101.605174, 3.069136], [101.605172, 3.069027], [101.605144, 3.068982], [101.604998, 3.068975]]]}}, {"type": "Feature", "properties": {}, "geometry": {"type": "Polygon", "coordinates": [[[101.60152, 3.064044], [101.601308, 3.064045], [101.601098, 3.064087], [101.601061, 3.064796], [101.601062, 3.064908], [101.601103, 3.064963], [101.601315, 3.064961], [101.601525, 3.064919], [101.60152, 3.064044]]]}}, {"type": "Feature", "properties": {}, "geometry": {"type": "Polygon", "coordinates": [[[101.599619, 3.06763], [101.599332, 3.067641], [101.599122, 3.067683], [101.59913, 3.067876], [101.599414, 3.067865], [101.599624, 3.067823], [101.599619, 3.06763]]]}}, {"type": "Feature", "properties": {}, "geometry": {"type": "Polygon", "coordinates": [[[101.603052, 3.065595], [101.602929, 3.06562], [101.602931, 3.065689], [101.603154, 3.065688], [101.603276, 3.065663], [101.603278, 3.065642], [101.603234, 3.065595], [101.603052, 3.065595]]]}}, {"type": "Feature", "properties": {}, "geometry": {"type": "Polygon", "coordinates": [[[101.600416, 3.064877], [101.599602, 3.064881], [101.599392, 3.064924], [101.599378, 3.06498], [101.599378, 3.065036], [101.600207, 3.065031], [101.600417, 3.064988], [101.600416, 3.064877]]]}}, {"type": "Feature", "properties": {}, "geometry": {"type": "Polygon", "coordinates": [[[101.60738, 3.065525], [101.605616, 3.065881], [101.605596, 3.06623], [101.605985, 3.066252], [101.607749, 3.065895], [101.607767, 3.065541], [101.60753, 3.06553], [101.60738, 3.065525]]]}}, {"type": "Feature", "properties": {}, "geometry": {"type": "Polygon", "coordinates": [[[101.59935, 3.064425], [101.59914, 3.064467], [101.599139, 3.064616], [101.599207, 3.064616], [101.599257, 3.064617], [101.599467, 3.064574], [101.599468, 3.064425], [101.59935, 3.064425]]]}}, {"type": "Feature", "properties": {}, "geometry": {"type": "Polygon", "coordinates": [[[101.604234, 3.069125], [101.604149, 3.069125], [101.603536, 3.069249], [101.603478, 3.069287], [101.603478, 3.069383], [101.603482, 3.069524], [101.603517, 3.069551], [101.60362, 3.06955], [101.604233, 3.069426], [101.60427, 3.069396], [101.604269, 3.069251], [101.604269, 3.069162], [101.604234, 3.069125]]]}}, {"type": "Feature", "properties": {}, "geometry": {"type": "Polygon", "coordinates": [[[101.604101, 3.06771], [101.603794, 3.067772], [101.603432, 3.067916], [101.603432, 3.068152], [101.603457, 3.068957], [101.604459, 3.068958], [101.604766, 3.068896], [101.604767, 3.0684], [101.604701, 3.067847], [101.604352, 3.06771], [101.604101, 3.06771]]]}}, {"type": "Feature", "properties": {}, "geometry": {"type": "Polygon", "coordinates": [[[101.606415, 3.066777], [101.605802, 3.066901], [101.605665, 3.066946], [101.605257, 3.067086], [101.605312, 3.067255], [101.605508, 3.067258], [101.606121, 3.067134], [101.606414, 3.067038], [101.606472, 3.066952], [101.606415, 3.066777]]]}}, {"type": "Feature", "properties": {}, "geometry": {"type": "Polygon", "coordinates": [[[101.600778, 3.067228], [101.600598, 3.067233], [101.600388, 3.067276], [101.600388, 3.06756], [101.600571, 3.067567], [101.600781, 3.067524], [101.600778, 3.067228]]]}}, {"type": "Feature", "properties": {}, "geometry": {"type": "Polygon", "coordinates": [[[101.600592, 3.068064], [101.600527, 3.068065], [101.600457, 3.068079], [101.600459, 3.068299], [101.600523, 3.068298], [101.600593, 3.068284], [101.600592, 3.068064]]]}}, {"type": "Feature", "properties": {}, "geometry": {"type": "Polygon", "coordinates": [[[101.600437, 3.067978], [101.599871, 3.067999], [101.599661, 3.068042], [101.599666, 3.068291], [101.600227, 3.068264], [101.600437, 3.068222], [101.600437, 3.067978]]]}}, {"type": "Feature", "properties": {}, "geometry": {"type": "Polygon", "coordinates": [[[101.60687, 3.066265], [101.606169, 3.066407], [101.606091, 3.066433], [101.605974, 3.06655], [101.605921, 3.066611], [101.605895, 3.066642], [101.605907, 3.066764], [101.605976, 3.066788], [101.606677, 3.066647], [101.606971, 3.06635], [101.606959, 3.066291], [101.60687, 3.066265]]]}}, {"type": "Feature", "properties": {}, "geometry": {"type": "Polygon", "coordinates": [[[101.602654, 3.067668], [101.602623, 3.06767], [101.60236, 3.067723], [101.602364, 3.06794], [101.602432, 3.067938], [101.602695, 3.067885], [101.602692, 3.067713], [101.602654, 3.067668]]]}}, {"type": "Feature", "properties": {}, "geometry": {"type": "Polygon", "coordinates": [[[101.602579, 3.068417], [101.602406, 3.06842], [101.602274, 3.068444], [101.602064, 3.068487], [101.601927, 3.068516], [101.60193, 3.068779], [101.602289, 3.068779], [101.602499, 3.068736], [101.60258, 3.068586], [101.602579, 3.068417]]]}}, {"type": "Feature", "properties": {}, "geometry": {"type": "Polygon", "coordinates": [[[101.604739, 3.068342], [101.604529, 3.068385], [101.604521, 3.068806], [101.604555, 3.068806], [101.604709, 3.068789], [101.60492, 3.068746], [101.604923, 3.068559], [101.604889, 3.068345], [101.604739, 3.068342]]]}}, {"type": "Feature", "properties": {}, "geometry": {"type": "Polygon", "coordinates": [[[101.605689, 3.067052], [101.605076, 3.067176], [101.604816, 3.067588], [101.604769, 3.067668], [101.604921, 3.067758], [101.605032, 3.06774], [101.605645, 3.067616], [101.605724, 3.067573], [101.6059, 3.067276], [101.605857, 3.067151], [101.605689, 3.067052]]]}}, {"type": "Feature", "properties": {}, "geometry": {"type": "Polygon", "coordinates": [[[101.603191, 3.068668], [101.602929, 3.068721], [101.602921, 3.068882], [101.603107, 3.068878], [101.60337, 3.068825], [101.603407, 3.068779], [101.603409, 3.06867], [101.603191, 3.068668]]]}}, {"type": "Feature", "properties": {}, "geometry": {"type": "Polygon", "coordinates": [[[101.605369, 3.066293], [101.605159, 3.066336], [101.605127, 3.066378], [101.605202, 3.066483], [101.605267, 3.066489], [101.605477, 3.066446], [101.605485, 3.066387], [101.605442, 3.06635], [101.605369, 3.066293]]]}}, {"type": "Feature", "properties": {}, "geometry": {"type": "Polygon", "coordinates": [[[101.602364, 3.066528], [101.602142, 3.06653], [101.601879, 3.066583], [101.601879, 3.066651], [101.602102, 3.06665], [101.602365, 3.066596], [101.602364, 3.066528]]]}}, {"type": "Feature", "properties": {}, "geometry": {"type": "Polygon", "coordinates": [[[101.602772, 3.0656], [101.602649, 3.065625], [101.60261, 3.065669], [101.602611, 3.065689], [101.602831, 3.06569], [101.602954, 3.065665], [101.602955, 3.065603], [101.602772, 3.0656]]]}}, {"type": "Feature", "properties": {}, "geometry": {"type": "Polygon", "coordinates": [[[101.599635, 3.06786], [101.599345, 3.067871], [101.599135, 3.067913], [101.599138, 3.068085], [101.599425, 3.068074], [101.599635, 3.068032], [101.599635, 3.06786]]]}}, {"type": "Feature", "properties": {}, "geometry": {"type": "Polygon", "coordinates": [[[101.605548, 3.065631], [101.604934, 3.065755], [101.604928, 3.066121], [101.60526, 3.066124], [101.605873, 3.066], [101.605887, 3.065634], [101.605548, 3.065631]]]}}, {"type": "Feature", "properties": {}, "geometry": {"type": "Polygon", "coordinates": [[[101.604852, 3.065747], [101.604642, 3.06579], [101.604635, 3.066027], [101.604854, 3.06603], [101.605064, 3.065988], [101.605072, 3.065749], [101.604852, 3.065747]]]}}, {"type": "Feature", "properties": {}, "geometry": {"type": "Polygon", "coordinates": [[[101.605152, 3.069274], [101.604453, 3.069278], [101.604355, 3.06928], [101.603742, 3.069404], [101.603711, 3.06944], [101.603712, 3.069548], [101.603743, 3.069587], [101.603866, 3.069587], [101.604004, 3.069587], [101.604434, 3.069583], [101.604545, 3.069582], [101.605158, 3.069458], [101.605189, 3.069422], [101.605188, 3.06931], [101.605152, 3.069274]]]}}, {"type": "Feature", "properties": {}, "geometry": {"type": "Polygon", "coordinates": [[[101.603151, 3.067817], [101.602941, 3.067859], [101.602941, 3.067927], [101.603156, 3.067927], [101.603366, 3.067885], [101.603366, 3.067817], [101.603151, 3.067817]]]}}, {"type": "Feature", "properties": {}, "geometry": {"type": "Polygon", "coordinates": [[[101.602705, 3.068], [101.602538, 3.068003], [101.602276, 3.068056], [101.602279, 3.068273], [101.602396, 3.068273], [101.602659, 3.06822], [101.602708, 3.068174], [101.602705, 3.068]]]}}, {"type": "Feature", "properties": {}, "geometry": {"type": "Polygon", "coordinates": [[[101.602418, 3.066972], [101.602348, 3.066987], [101.602353, 3.067204], [101.602425, 3.067201], [101.602495, 3.067187], [101.602494, 3.06701], [101.60244, 3.066974], [101.602418, 3.066972]]]}}, {"type": "Feature", "properties": {}, "geometry": {"type": "Polygon", "coordinates": [[[101.601158, 3.06725], [101.600863, 3.067255], [101.600653, 3.067297], [101.600656, 3.067552], [101.600954, 3.067546], [101.601164, 3.067504], [101.601158, 3.06725]]]}}, {"type": "Feature", "properties": {}, "geometry": {"type": "Polygon", "coordinates": [[[101.605378, 3.069024], [101.605264, 3.069025], [101.604651, 3.069149], [101.604609, 3.069175], [101.604611, 3.069273], [101.604613, 3.06942], [101.604647, 3.069453], [101.604763, 3.069452], [101.605376, 3.069328], [101.605416, 3.0693], [101.605414, 3.069194], [101.605411, 3.069061], [101.605378, 3.069024]]]}}, {"type": "Feature", "properties": {}, "geometry": {"type": "Polygon", "coordinates": [[[101.600434, 3.067584], [101.599847, 3.06759], [101.599637, 3.067632], [101.599631, 3.067876], [101.599814, 3.067911], [101.600197, 3.067903], [101.600408, 3.06786], [101.600432, 3.067815], [101.600434, 3.067584]]]}}, {"type": "Feature", "properties": {}, "geometry": {"type": "Polygon", "coordinates": [[[101.599815, 3.071104], [101.599509, 3.071117], [101.599299, 3.07116], [101.599309, 3.071403], [101.599607, 3.071393], [101.599817, 3.07135], [101.599815, 3.071104]]]}}, {"type": "Feature", "properties": {}, "geometry": {"type": "Polygon", "coordinates": [[[101.602366, 3.069792], [101.602152, 3.069793], [101.601889, 3.069846], [101.601889, 3.069914], [101.602103, 3.069914], [101.602366, 3.069861], [101.602366, 3.069792]]]}}, {"type": "Feature", "properties": {}, "geometry": {"type": "Polygon", "coordinates": [[[101.600226, 3.069712], [101.600145, 3.069714], [101.599882, 3.069767], [101.599886, 3.069979], [101.599968, 3.069978], [101.600231, 3.069925], [101.600226, 3.069712]]]}}, {"type": "Feature", "properties": {}, "geometry": {"type": "Polygon", "coordinates": [[[101.602702, 3.069979], [101.602472, 3.069982], [101.602209, 3.070035], [101.602198, 3.071409], [101.602362, 3.071411], [101.602624, 3.071358], [101.602694, 3.071297], [101.602702, 3.069979]]]}}, {"type": "Feature", "properties": {}, "geometry": {"type": "Polygon", "coordinates": [[[101.600128, 3.068883], [101.599918, 3.068926], [101.599902, 3.068969], [101.59991, 3.069174], [101.59995, 3.069242], [101.600023, 3.069239], [101.600233, 3.069196], [101.600378, 3.069135], [101.600375, 3.068918], [101.600246, 3.068886], [101.600128, 3.068883]]]}}, {"type": "Feature", "properties": {}, "geometry": {"type": "Polygon", "coordinates": [[[101.599782, 3.069676], [101.599473, 3.069681], [101.599263, 3.069724], [101.59927, 3.069965], [101.599573, 3.069959], [101.599783, 3.069917], [101.599782, 3.069676]]]}}, {"type": "Feature", "properties": {}, "geometry": {"type": "Polygon", "coordinates": [[[101.601951, 3.070413], [101.601063, 3.070437], [101.600801, 3.07049], [101.600809, 3.070699], [101.60164, 3.07068], [101.601903, 3.070627], [101.601954, 3.070579], [101.601951, 3.070413]]]}}, {"type": "Feature", "properties": {}, "geometry": {"type": "Polygon", "coordinates": [[[101.601856, 3.068514], [101.601547, 3.068524], [101.601337, 3.068567], [101.601275, 3.068679], [101.601278, 3.068744], [101.601345, 3.068779], [101.601654, 3.068776], [101.601864, 3.068733], [101.601856, 3.068514]]]}}, {"type": "Feature", "properties": {}, "geometry": {"type": "Polygon", "coordinates": [[[101.601092, 3.068897], [101.600823, 3.068905], [101.600612, 3.068947], [101.600619, 3.069165], [101.600888, 3.069158], [101.601099, 3.069115], [101.601092, 3.068897]]]}}, {"type": "Feature", "properties": {}, "geometry": {"type": "Polygon", "coordinates": [[[101.59979, 3.070383], [101.5995, 3.070388], [101.59929, 3.070431], [101.59925, 3.070552], [101.599256, 3.070744], [101.599511, 3.070733], [101.599721, 3.070691], [101.599793, 3.07064], [101.59979, 3.070383]]]}}, {"type": "Feature", "properties": {}, "geometry": {"type": "Polygon", "coordinates": [[[101.600869, 3.071672], [101.600619, 3.071677], [101.600409, 3.071719], [101.600406, 3.071944], [101.600656, 3.071936], [101.600866, 3.071894], [101.600869, 3.071672]]]}}, {"type": "Feature", "properties": {}, "geometry": {"type": "Polygon", "coordinates": [[[101.601907, 3.068841], [101.601679, 3.068848], [101.601469, 3.06889], [101.601336, 3.068933], [101.601342, 3.06915], [101.601466, 3.069231], [101.601579, 3.069228], [101.601789, 3.069186], [101.601915, 3.069121], [101.601907, 3.068841]]]}}, {"type": "Feature", "properties": {}, "geometry": {"type": "Polygon", "coordinates": [[[101.602372, 3.069984], [101.602142, 3.069987], [101.601879, 3.07004], [101.601869, 3.071352], [101.60193, 3.071416], [101.602091, 3.071411], [101.602354, 3.071358], [101.602372, 3.069984]]]}}, {"type": "Feature", "properties": {}, "geometry": {"type": "Polygon", "coordinates": [[[101.601934, 3.071645], [101.60167, 3.071655], [101.60146, 3.071698], [101.601415, 3.071781], [101.60142, 3.071955], [101.601761, 3.071941], [101.601971, 3.071899], [101.601974, 3.071822], [101.601974, 3.071762], [101.601934, 3.071645]]]}}, {"type": "Feature", "properties": {}, "geometry": {"type": "Polygon", "coordinates": [[[101.599801, 3.070748], [101.599471, 3.070763], [101.599261, 3.070806], [101.59927, 3.071098], [101.599382, 3.071095], [101.599592, 3.071053], [101.599807, 3.070988], [101.599801, 3.070748]]]}}, {"type": "Feature", "properties": {}, "geometry": {"type": "Polygon", "coordinates": [[[101.60592, 3.070549], [101.60571, 3.070591], [101.605656, 3.070616], [101.605602, 3.070696], [101.605618, 3.070718], [101.605637, 3.070744], [101.605723, 3.070747], [101.605933, 3.070704], [101.605984, 3.07067], [101.60592, 3.070549]]]}}, {"type": "Feature", "properties": {}, "geometry": {"type": "Polygon", "coordinates": [[[101.599916, 3.069416], [101.599846, 3.069431], [101.599809, 3.069468], [101.599812, 3.069658], [101.599883, 3.069653], [101.599953, 3.069639], [101.59995, 3.069421], [101.599916, 3.069416]]]}}, {"type": "Feature", "properties": {}, "geometry": {"type": "Polygon", "coordinates": [[[101.60179, 3.072063], [101.601471, 3.072071], [101.601208, 3.072124], [101.601162, 3.072191], [101.60116, 3.072386], [101.601857, 3.072367], [101.60212, 3.072314], [101.602117, 3.072065], [101.60179, 3.072063]]]}}, {"type": "Feature", "properties": {}, "geometry": {"type": "Polygon", "coordinates": [[[101.602971, 3.069914], [101.602761, 3.069956], [101.602755, 3.070775], [101.602994, 3.070777], [101.603204, 3.070734], [101.60321, 3.069916], [101.602971, 3.069914]]]}}, {"type": "Feature", "properties": {}, "geometry": {"type": "Polygon", "coordinates": [[[101.601919, 3.069354], [101.601906, 3.069355], [101.601644, 3.069408], [101.601647, 3.069622], [101.601698, 3.069621], [101.601961, 3.069567], [101.601964, 3.069398], [101.601919, 3.069354]]]}}, {"type": "Feature", "properties": {}, "geometry": {"type": "Polygon", "coordinates": [[[101.600999, 3.071163], [101.600183, 3.071184], [101.59992, 3.071237], [101.599924, 3.071459], [101.600739, 3.071438], [101.601002, 3.071385], [101.600999, 3.071163]]]}}, {"type": "Feature", "properties": {}, "geometry": {"type": "Polygon", "coordinates": [[[101.602694, 3.069795], [101.602476, 3.069797], [101.602214, 3.069851], [101.602214, 3.069919], [101.602432, 3.069917], [101.602695, 3.069863], [101.602694, 3.069795]]]}}, {"type": "Feature", "properties": {}, "geometry": {"type": "Polygon", "coordinates": [[[101.601323, 3.068857], [101.601133, 3.068861], [101.600923, 3.068904], [101.600928, 3.069138], [101.600999, 3.069235], [101.601114, 3.069233], [101.601324, 3.06919], [101.60145, 3.06911], [101.601446, 3.068894], [101.601323, 3.068857]]]}}, {"type": "Feature", "properties": {}, "geometry": {"type": "Polygon", "coordinates": [[[101.602282, 3.071637], [101.602038, 3.071642], [101.601828, 3.071684], [101.601764, 3.071789], [101.601764, 3.071864], [101.601828, 3.071947], [101.602121, 3.071941], [101.602331, 3.071899], [101.602325, 3.071733], [101.602282, 3.071637]]]}}, {"type": "Feature", "properties": {}, "geometry": {"type": "Polygon", "coordinates": [[[101.599833, 3.071463], [101.59953, 3.071468], [101.59932, 3.07151], [101.599261, 3.071569], [101.599264, 3.07176], [101.599633, 3.071751], [101.599843, 3.071709], [101.599901, 3.071647], [101.599895, 3.071578], [101.599833, 3.071463]]]}}, {"type": "Feature", "properties": {}, "geometry": {"type": "Polygon", "coordinates": [[[101.605289, 3.070374], [101.605085, 3.07038], [101.604472, 3.070504], [101.604469, 3.070667], [101.604486, 3.070777], [101.604496, 3.070798], [101.604692, 3.07101], [101.60488, 3.071004], [101.605493, 3.070881], [101.605493, 3.070698], [101.605289, 3.070374]]]}}, {"type": "Feature", "properties": {}, "geometry": {"type": "Polygon", "coordinates": [[[101.604421, 3.070963], [101.604216, 3.07097], [101.604006, 3.071012], [101.60401, 3.071158], [101.604215, 3.071152], [101.604425, 3.071109], [101.604421, 3.070963]]]}}, {"type": "Feature", "properties": {}, "geometry": {"type": "Polygon", "coordinates": [[[101.600986, 3.070839], [101.600154, 3.070857], [101.599891, 3.070911], [101.5999, 3.07113], [101.600726, 3.071103], [101.600988, 3.07105], [101.600986, 3.070839]]]}}, {"type": "Feature", "properties": {}, "geometry": {"type": "Polygon", "coordinates": [[[101.600964, 3.070107], [101.600149, 3.070121], [101.599886, 3.070174], [101.599822, 3.070228], [101.599822, 3.070404], [101.600706, 3.070372], [101.600969, 3.070319], [101.600964, 3.070107]]]}}, {"type": "Feature", "properties": {}, "geometry": {"type": "Polygon", "coordinates": [[[101.600965, 3.070434], [101.60009, 3.070445], [101.599827, 3.070498], [101.59983, 3.070672], [101.5999, 3.070731], [101.600709, 3.070704], [101.600972, 3.070651], [101.600965, 3.070434]]]}}, {"type": "Feature", "properties": {}, "geometry": {"type": "Polygon", "coordinates": [[[101.601448, 3.068535], [101.601204, 3.068538], [101.600994, 3.06858], [101.600927, 3.068687], [101.600931, 3.068818], [101.601281, 3.068819], [101.601491, 3.068776], [101.601488, 3.068613], [101.601448, 3.068535]]]}}, {"type": "Feature", "properties": {}, "geometry": {"type": "Polygon", "coordinates": [[[101.601903, 3.070809], [101.601086, 3.070835], [101.600823, 3.070888], [101.600827, 3.071101], [101.601713, 3.071085], [101.601975, 3.071031], [101.601973, 3.070862], [101.601903, 3.070809]]]}}, {"type": "Feature", "properties": {}, "geometry": {"type": "Polygon", "coordinates": [[[101.601089, 3.068541], [101.60083, 3.068548], [101.60062, 3.068591], [101.600562, 3.068671], [101.600562, 3.068695], [101.600565, 3.068829], [101.600878, 3.068827], [101.601089, 3.068784], [101.601089, 3.068541]]]}}, {"type": "Feature", "properties": {}, "geometry": {"type": "Polygon", "coordinates": [[[101.604452, 3.071938], [101.603252, 3.071952], [101.602639, 3.072076], [101.602642, 3.072307], [101.6036, 3.07275], [101.603847, 3.072747], [101.60446, 3.072623], [101.604452, 3.071938]]]}}, {"type": "Feature", "properties": {}, "geometry": {"type": "Polygon", "coordinates": [[[101.601155, 3.069693], [101.601074, 3.069694], [101.600811, 3.069748], [101.600815, 3.069959], [101.600896, 3.069958], [101.601159, 3.069904], [101.601155, 3.069693]]]}}, {"type": "Feature", "properties": {}, "geometry": {"type": "Polygon", "coordinates": [[[101.601144, 3.072049], [101.601056, 3.072052], [101.600599, 3.072089], [101.600337, 3.072142], [101.600343, 3.072374], [101.601047, 3.072384], [101.60131, 3.07233], [101.60131, 3.072138], [101.601144, 3.072049]]]}}, {"type": "Feature", "properties": {}, "geometry": {"type": "Polygon", "coordinates": [[[101.600729, 3.068905], [101.600477, 3.068916], [101.600267, 3.068958], [101.600272, 3.06917], [101.600369, 3.069228], [101.600431, 3.069231], [101.600641, 3.069188], [101.600735, 3.06913], [101.600729, 3.068905]]]}}, {"type": "Feature", "properties": {}, "geometry": {"type": "Polygon", "coordinates": [[[101.605273, 3.069704], [101.60466, 3.069828], [101.604483, 3.070059], [101.604459, 3.070096], [101.604451, 3.070348], [101.604666, 3.070337], [101.605279, 3.070213], [101.605507, 3.069892], [101.605496, 3.069704], [101.605273, 3.069704]]]}}, {"type": "Feature", "properties": {}, "geometry": {"type": "Polygon", "coordinates": [[[101.604506, 3.070369], [101.603721, 3.070396], [101.603108, 3.07052], [101.603112, 3.07063], [101.603122, 3.070797], [101.603903, 3.07077], [101.604516, 3.070646], [101.604512, 3.070534], [101.604506, 3.070369]]]}}, {"type": "Feature", "properties": {}, "geometry": {"type": "Polygon", "coordinates": [[[101.600372, 3.068546], [101.600096, 3.068559], [101.599886, 3.068602], [101.599891, 3.068819], [101.59995, 3.068846], [101.600267, 3.068837], [101.600477, 3.068795], [101.600477, 3.068653], [101.600372, 3.068546]]]}}, {"type": "Feature", "properties": {}, "geometry": {"type": "Polygon", "coordinates": [[[101.60193, 3.071148], [101.601045, 3.071176], [101.600835, 3.071218], [101.600839, 3.071446], [101.601646, 3.071425], [101.601856, 3.071382], [101.601931, 3.071339], [101.60193, 3.071148]]]}}, {"type": "Feature", "properties": {}, "geometry": {"type": "Polygon", "coordinates": [[[101.599764, 3.068945], [101.599446, 3.068956], [101.599236, 3.068998], [101.599236, 3.069241], [101.599269, 3.069304], [101.599409, 3.069298], [101.599619, 3.069256], [101.599764, 3.069199], [101.599764, 3.068945]]]}}, {"type": "Feature", "properties": {}, "geometry": {"type": "Polygon", "coordinates": [[[101.599782, 3.07003], [101.599484, 3.070032], [101.599274, 3.070075], [101.599277, 3.070324], [101.599575, 3.070321], [101.599785, 3.070279], [101.599782, 3.07003]]]}}, {"type": "Feature", "properties": {}, "geometry": {"type": "Polygon", "coordinates": [[[101.605131, 3.071186], [101.604847, 3.071195], [101.604637, 3.071237], [101.604637, 3.071379], [101.604921, 3.071374], [101.605131, 3.071331], [101.605131, 3.071186]]]}}, {"type": "Feature", "properties": {}, "geometry": {"type": "Polygon", "coordinates": [[[101.602596, 3.071634], [101.602397, 3.07164], [101.602186, 3.071682], [101.602192, 3.07187], [101.602385, 3.071867], [101.602596, 3.071824], [101.602596, 3.071634]]]}}, {"type": "Feature", "properties": {}, "geometry": {"type": "Polygon", "coordinates": [[[101.600458, 3.071674], [101.600189, 3.071682], [101.599979, 3.071724], [101.599985, 3.071942], [101.600256, 3.071939], [101.600466, 3.071897], [101.600458, 3.071674]]]}}, {"type": "Feature", "properties": {}, "geometry": {"type": "Polygon", "coordinates": [[[101.60535, 3.070934], [101.60514, 3.070976], [101.605042, 3.071001], [101.604963, 3.071188], [101.604964, 3.071274], [101.605174, 3.071232], [101.60544, 3.071168], [101.605409, 3.070978], [101.60535, 3.070934]]]}}, {"type": "Feature", "properties": {}, "geometry": {"type": "Polygon", "coordinates": [[[101.602271, 3.072223], [101.602207, 3.072226], [101.601996, 3.072268], [101.601997, 3.072375], [101.602067, 3.072373], [101.602277, 3.07233], [101.602271, 3.072223]]]}}, {"type": "Feature", "properties": {}, "geometry": {"type": "Polygon", "coordinates": [[[101.603085, 3.072379], [101.602843, 3.072387], [101.602581, 3.07244], [101.602551, 3.072622], [101.6026, 3.072686], [101.602667, 3.072702], [101.602774, 3.072686], [101.603037, 3.072633], [101.603085, 3.072379]]]}}, {"type": "Feature", "properties": {}, "geometry": {"type": "Polygon", "coordinates": [[[101.601223, 3.07165], [101.600968, 3.071658], [101.600758, 3.071701], [101.600755, 3.071926], [101.600871, 3.07196], [101.60101, 3.071958], [101.60122, 3.071915], [101.601223, 3.07165]]]}}, {"type": "Feature", "properties": {}, "geometry": {"type": "Polygon", "coordinates": [[[101.59978, 3.071813], [101.599388, 3.071827], [101.599178, 3.071869], [101.599047, 3.072057], [101.59905, 3.072448], [101.599575, 3.072437], [101.599785, 3.072394], [101.59978, 3.071813]]]}}, {"type": "Feature", "properties": {}, "geometry": {"type": "Polygon", "coordinates": [[[101.600727, 3.068543], [101.600477, 3.068546], [101.600267, 3.068588], [101.600267, 3.068837], [101.600565, 3.068829], [101.600775, 3.068787], [101.600773, 3.068653], [101.600727, 3.068543]]]}}, {"type": "Feature", "properties": {}, "geometry": {"type": "Polygon", "coordinates": [[[101.599774, 3.069315], [101.599421, 3.069322], [101.599211, 3.069365], [101.59921, 3.069483], [101.599242, 3.069612], [101.599278, 3.069659], [101.59942, 3.069659], [101.59963, 3.069617], [101.599772, 3.069558], [101.599774, 3.069315]]]}}, {"type": "Feature", "properties": {}, "geometry": {"type": "Polygon", "coordinates": [[[101.601574, 3.071642], [101.601317, 3.071653], [101.601106, 3.071695], [101.601114, 3.071931], [101.601256, 3.071963], [101.60142, 3.071955], [101.60163, 3.071913], [101.601625, 3.071738], [101.601574, 3.071642]]]}}, {"type": "Feature", "properties": {}, "geometry": {"type": "Polygon", "coordinates": [[[101.602383, 3.072142], [101.602219, 3.072147], [101.602149, 3.072161], [101.602153, 3.072483], [101.602319, 3.072477], [101.602389, 3.072463], [101.602383, 3.072142]]]}}, {"type": "Feature", "properties": {}, "geometry": {"type": "Polygon", "coordinates": [[[101.601975, 3.070089], [101.601058, 3.070115], [101.600796, 3.070168], [101.600801, 3.070378], [101.601678, 3.070359], [101.601941, 3.070305], [101.601978, 3.070204], [101.601975, 3.070089]]]}}, {"type": "Feature", "properties": {}, "geometry": {"type": "Polygon", "coordinates": [[[101.605861, 3.067938], [101.60565, 3.06798], [101.605538, 3.068036], [101.605377, 3.068184], [101.605294, 3.068379], [101.605267, 3.068583], [101.605294, 3.06869], [101.60568, 3.068623], [101.60589, 3.06858], [101.606, 3.068487], [101.606008, 3.068355], [101.605944, 3.068136], [101.605896, 3.068005], [101.605861, 3.067938]]]}}, {"type": "Feature", "properties": {}, "geometry": {"type": "Polygon", "coordinates": [[[101.603215, 3.072363], [101.602952, 3.072416], [101.602912, 3.072681], [101.603494, 3.072785], [101.603757, 3.072732], [101.603807, 3.072456], [101.603215, 3.072363]]]}}, {"type": "Feature", "properties": {}, "geometry": {"type": "Polygon", "coordinates": [[[101.60948, 3.072412], [101.609217, 3.072465], [101.609213, 3.072532], [101.609261, 3.072576], [101.609417, 3.072573], [101.60968, 3.07252], [101.609681, 3.072415], [101.60948, 3.072412]]]}}, {"type": "Feature", "properties": {}, "geometry": {"type": "Polygon", "coordinates": [[[101.608181, 3.071928], [101.607971, 3.071971], [101.607969, 3.072113], [101.607964, 3.072484], [101.608757, 3.072495], [101.608967, 3.072453], [101.608973, 3.072032], [101.608974, 3.071939], [101.608533, 3.071933], [101.608181, 3.071928]]]}}, {"type": "Feature", "properties": {}, "geometry": {"type": "Polygon", "coordinates": [[[101.60947, 3.073543], [101.60926, 3.073586], [101.6092, 3.07364], [101.6092, 3.073708], [101.609254, 3.073746], [101.609326, 3.073746], [101.609536, 3.073704], [101.609645, 3.073667], [101.609646, 3.0736], [101.609532, 3.073544], [101.60947, 3.073543]]]}}, {"type": "Feature", "properties": {}, "geometry": {"type": "Polygon", "coordinates": [[[101.609688, 3.073153], [101.60948, 3.073155], [101.609217, 3.073208], [101.609217, 3.073325], [101.609256, 3.07336], [101.609431, 3.073361], [101.609693, 3.073308], [101.609688, 3.073153]]]}}, {"type": "Feature", "properties": {}, "geometry": {"type": "Polygon", "coordinates": [[[101.610479, 3.072955], [101.609747, 3.072963], [101.609484, 3.073016], [101.609484, 3.073219], [101.610219, 3.073352], [101.610482, 3.073299], [101.610479, 3.072955]]]}}, {"type": "Feature", "properties": {}, "geometry": {"type": "Polygon", "coordinates": [[[101.610747, 3.07332], [101.610531, 3.073321], [101.610268, 3.073374], [101.610267, 3.073506], [101.610428, 3.073541], [101.610691, 3.073488], [101.61075, 3.073429], [101.610747, 3.07332]]]}}, {"type": "Feature", "properties": {}, "geometry": {"type": "Polygon", "coordinates": [[[101.610474, 3.072045], [101.610414, 3.072046], [101.610152, 3.072099], [101.610153, 3.072303], [101.610213, 3.072303], [101.610476, 3.072249], [101.610474, 3.072045]]]}}, {"type": "Feature", "properties": {}, "geometry": {"type": "Polygon", "coordinates": [[[101.610748, 3.072412], [101.610525, 3.072412], [101.610262, 3.072466], [101.610259, 3.072558], [101.610433, 3.072558], [101.610696, 3.072505], [101.610748, 3.072438], [101.610748, 3.072412]]]}}, {"type": "Feature", "properties": {}, "geometry": {"type": "Polygon", "coordinates": [[[101.610465, 3.072679], [101.610404, 3.072679], [101.610142, 3.072732], [101.610143, 3.072947], [101.610203, 3.072947], [101.610466, 3.072893], [101.610465, 3.072679]]]}}, {"type": "Feature", "properties": {}, "geometry": {"type": "Polygon", "coordinates": [[[101.608314, 3.073499], [101.608104, 3.073542], [101.6081, 3.073693], [101.608517, 3.073706], [101.608727, 3.073663], [101.608732, 3.073512], [101.608314, 3.073499]]]}}, {"type": "Feature", "properties": {}, "geometry": {"type": "Polygon", "coordinates": [[[101.610478, 3.072292], [101.610418, 3.072292], [101.610155, 3.072345], [101.610157, 3.072558], [101.610217, 3.072558], [101.61048, 3.072505], [101.610478, 3.072292]]]}}, {"type": "Feature", "properties": {}, "geometry": {"type": "Polygon", "coordinates": [[[101.610618, 3.070819], [101.610344, 3.070824], [101.610274, 3.070838], [101.610276, 3.071049], [101.610277, 3.071094], [101.610547, 3.071092], [101.610618, 3.071078], [101.610618, 3.070819]]]}}, {"type": "Feature", "properties": {}, "geometry": {"type": "Polygon", "coordinates": [[[101.611041, 3.068301], [101.610995, 3.068304], [101.609944, 3.068516], [101.609521, 3.068634], [101.609437, 3.06869], [101.609451, 3.069159], [101.609829, 3.069435], [101.610268, 3.069437], [101.61029, 3.069437], [101.611341, 3.069225], [101.611463, 3.069177], [101.611465, 3.068992], [101.611365, 3.068357], [101.611041, 3.068301]]]}}, {"type": "Feature", "properties": {}, "geometry": {"type": "Polygon", "coordinates": [[[101.610433, 3.067432], [101.610289, 3.067437], [101.610078, 3.06748], [101.609837, 3.067555], [101.609623, 3.067785], [101.609338, 3.068321], [101.609338, 3.068532], [101.610006, 3.068518], [101.610217, 3.068476], [101.610428, 3.068152], [101.610546, 3.067906], [101.610549, 3.067726], [101.610433, 3.067432]]]}}, {"type": "Feature", "properties": {}, "geometry": {"type": "Polygon", "coordinates": [[[101.605504, 3.07132], [101.605394, 3.071339], [101.605184, 3.071382], [101.605093, 3.071414], [101.605018, 3.071459], [101.60509, 3.071569], [101.605738, 3.071659], [101.605948, 3.071617], [101.606016, 3.071564], [101.605927, 3.07146], [101.605893, 3.07142], [101.605834, 3.071374], [101.605689, 3.071339], [101.605628, 3.071327], [101.60559, 3.07132], [101.605504, 3.07132]]]}}, {"type": "Feature", "properties": {}, "geometry": {"type": "Polygon", "coordinates": [[[101.607331, 3.069727], [101.60712, 3.069769], [101.60701, 3.07057], [101.607085, 3.070658], [101.607123, 3.070658], [101.607263, 3.070648], [101.607473, 3.070605], [101.607513, 3.070343], [101.607411, 3.069735], [101.607331, 3.069727]]]}}, {"type": "Feature", "properties": {}, "geometry": {"type": "Polygon", "coordinates": [[[101.606751, 3.070878], [101.606541, 3.070921], [101.606536, 3.071111], [101.60664, 3.071111], [101.60685, 3.071069], [101.606858, 3.070878], [101.606751, 3.070878]]]}}, {"type": "Feature", "properties": {}, "geometry": {"type": "Polygon", "coordinates": [[[101.606376, 3.070209], [101.606166, 3.070251], [101.605916, 3.070315], [101.605997, 3.070645], [101.606042, 3.070814], [101.606629, 3.070857], [101.60684, 3.070814], [101.606896, 3.070782], [101.606917, 3.070667], [101.606376, 3.070209]]]}}, {"type": "Feature", "properties": {}, "geometry": {"type": "Polygon", "coordinates": [[[101.606673, 3.070511], [101.606463, 3.070554], [101.606436, 3.070642], [101.606823, 3.070765], [101.607442, 3.07083], [101.607571, 3.070811], [101.607781, 3.070769], [101.607792, 3.070672], [101.606673, 3.070511]]]}}, {"type": "Feature", "properties": {}, "geometry": {"type": "Polygon", "coordinates": [[[101.601631, 3.065527], [101.600799, 3.065533], [101.600554, 3.065583], [101.600557, 3.06662], [101.601537, 3.066617], [101.601783, 3.066567], [101.601777, 3.065528], [101.601631, 3.065527]]]}}, {"type": "Feature", "properties": {}, "geometry": {"type": "Polygon", "coordinates": [[[101.601682, 3.065046], [101.601472, 3.065089], [101.601387, 3.065448], [101.601386, 3.065576], [101.601532, 3.065577], [101.601685, 3.065578], [101.601895, 3.065536], [101.601897, 3.065216], [101.60182, 3.065047], [101.601682, 3.065046]]]}}, {"type": "Feature", "properties": {}, "geometry": {"type": "Polygon", "coordinates": [[[101.608278, 3.066068], [101.607185, 3.066078], [101.606975, 3.06612], [101.606978, 3.066459], [101.608071, 3.066448], [101.608281, 3.066406], [101.608278, 3.066068]]]}}, {"type": "Feature", "properties": {}, "geometry": {"type": "Polygon", "coordinates": [[[101.608297, 3.064247], [101.607561, 3.064395], [101.607272, 3.064682], [101.607267, 3.064924], [101.607261, 3.065215], [101.608122, 3.065212], [101.610337, 3.065184], [101.611073, 3.065035], [101.611137, 3.065007], [101.611175, 3.064946], [101.61118, 3.064864], [101.611172, 3.064699], [101.611145, 3.064252], [101.608297, 3.064247]]]}}, {"type": "Feature", "properties": {}, "geometry": {"type": "Polygon", "coordinates": [[[101.608664, 3.065327], [101.608454, 3.065369], [101.608449, 3.065701], [101.608769, 3.065707], [101.608979, 3.065664], [101.608985, 3.065332], [101.608664, 3.065327]]]}}, {"type": "Feature", "properties": {}, "geometry": {"type": "Polygon", "coordinates": [[[101.611108, 3.070414], [101.611024, 3.070417], [101.610814, 3.070459], [101.610505, 3.070682], [101.610504, 3.070775], [101.610676, 3.070816], [101.61081, 3.070811], [101.61102, 3.070768], [101.611108, 3.070711], [101.611108, 3.070414]]]}}, {"type": "Feature", "properties": {}, "geometry": {"type": "Polygon", "coordinates": [[[101.61044, 3.075867], [101.610256, 3.075904], [101.61002, 3.076023], [101.610019, 3.076321], [101.610252, 3.076322], [101.610436, 3.076285], [101.61052, 3.076237], [101.610522, 3.075868], [101.61044, 3.075867]]]}}, {"type": "Feature", "properties": {}, "geometry": {"type": "Polygon", "coordinates": [[[101.611671, 3.069469], [101.609907, 3.069826], [101.6099, 3.070264], [101.610401, 3.070271], [101.612165, 3.069914], [101.612171, 3.069476], [101.612038, 3.069475], [101.611671, 3.069469]]]}}, {"type": "Feature", "properties": {}, "geometry": {"type": "Polygon", "coordinates": [[[101.606344, 3.072386], [101.606236, 3.072387], [101.605161, 3.07241], [101.60411, 3.072622], [101.604111, 3.072665], [101.604139, 3.072964], [101.604304, 3.073113], [101.604551, 3.073167], [101.604981, 3.073149], [101.606032, 3.072936], [101.606051, 3.07293], [101.606351, 3.072748], [101.606344, 3.072386]]]}}, {"type": "Feature", "properties": {}, "geometry": {"type": "Polygon", "coordinates": [[[101.608987, 3.065738], [101.608777, 3.065781], [101.608774, 3.066398], [101.609979, 3.066405], [101.610189, 3.066363], [101.610186, 3.065956], [101.609284, 3.06574], [101.608987, 3.065738]]]}}, {"type": "Feature", "properties": {}, "geometry": {"type": "Polygon", "coordinates": [[[101.600174, 3.062571], [101.599964, 3.062613], [101.599962, 3.062678], [101.600329, 3.063012], [101.600704, 3.063248], [101.600744, 3.063248], [101.600954, 3.063205], [101.600955, 3.063146], [101.600605, 3.06278], [101.600429, 3.062632], [101.600381, 3.062606], [101.600357, 3.062596], [101.600274, 3.062571], [101.600174, 3.062571]]]}}, {"type": "Feature", "properties": {}, "geometry": {"type": "Polygon", "coordinates": [[[101.601517, 3.063393], [101.601304, 3.063393], [101.601094, 3.063436], [101.601098, 3.064087], [101.60131, 3.064086], [101.60152, 3.064044], [101.601517, 3.063393]]]}}, {"type": "Feature", "properties": {}, "geometry": {"type": "Polygon", "coordinates": [[[101.601423, 3.063147], [101.60116, 3.063149], [101.600669, 3.063248], [101.60067, 3.063365], [101.600688, 3.063523], [101.600934, 3.063521], [101.601424, 3.063422], [101.601423, 3.063147]]]}}, {"type": "Feature", "properties": {}, "geometry": {"type": "Polygon", "coordinates": [[[101.601144, 3.063479], [101.600943, 3.06348], [101.600733, 3.063523], [101.600627, 3.063902], [101.600627, 3.063961], [101.600734, 3.06418], [101.600835, 3.064179], [101.600938, 3.064179], [101.601148, 3.064136], [101.601144, 3.063479]]]}}, {"type": "Feature", "properties": {}, "geometry": {"type": "Polygon", "coordinates": [[[101.600995, 3.063827], [101.600892, 3.063828], [101.600524, 3.063902], [101.600527, 3.064461], [101.600528, 3.064595], [101.600837, 3.064593], [101.601205, 3.064519], [101.601259, 3.064494], [101.601257, 3.064147], [101.6011, 3.063886], [101.600995, 3.063827]]]}}, {"type": "Feature", "properties": {}, "geometry": {"type": "Polygon", "coordinates": [[[101.601266, 3.064506], [101.600957, 3.064508], [101.600733, 3.064509], [101.600304, 3.064596], [101.600305, 3.064804], [101.600632, 3.064965], [101.600839, 3.064964], [101.601268, 3.064877], [101.601302, 3.064821], [101.601308, 3.064785], [101.601308, 3.06471], [101.601266, 3.064506]]]}}, {"type": "Feature", "properties": {}, "geometry": {"type": "Polygon", "coordinates": [[[101.600697, 3.062938], [101.600329, 3.063012], [101.600294, 3.063101], [101.600277, 3.063143], [101.600255, 3.063241], [101.600249, 3.063273], [101.600242, 3.063363], [101.600239, 3.063412], [101.600477, 3.063422], [101.600845, 3.063347], [101.600904, 3.063051], [101.600697, 3.062938]]]}}, {"type": "Feature", "properties": {}, "geometry": {"type": "Polygon", "coordinates": [[[101.600545, 3.06335], [101.600239, 3.063412], [101.599829, 3.064197], [101.599863, 3.064259], [101.599959, 3.064325], [101.600266, 3.064263], [101.600334, 3.064213], [101.600415, 3.064152], [101.600533, 3.064023], [101.600629, 3.063876], [101.600676, 3.06377], [101.600701, 3.063708], [101.600724, 3.063613], [101.60074, 3.063538], [101.600748, 3.063442], [101.600751, 3.063358], [101.600545, 3.06335]]]}}, {"type": "Feature", "properties": {}, "geometry": {"type": "Polygon", "coordinates": [[[101.600574, 3.064034], [101.600557, 3.064037], [101.600346, 3.06408], [101.6002, 3.064114], [101.600169, 3.064147], [101.600208, 3.064292], [101.600222, 3.06432], [101.600233, 3.064332], [101.600281, 3.064365], [101.600369, 3.064413], [101.600461, 3.064446], [101.600527, 3.064461], [101.600737, 3.064419], [101.600735, 3.064071], [101.600724, 3.064066], [101.600697, 3.064053], [101.600649, 3.064039], [101.600612, 3.064034], [101.600574, 3.064034]]]}}, {"type": "Feature", "properties": {}, "geometry": {"type": "Polygon", "coordinates": [[[101.599447, 3.066509], [101.599366, 3.066511], [101.599156, 3.066553], [101.599155, 3.06673], [101.599233, 3.066732], [101.599444, 3.06669], [101.599472, 3.066607], [101.599471, 3.066564], [101.599447, 3.066509]]]}}, {"type": "Feature", "properties": {}, "geometry": {"type": "Polygon", "coordinates": [[[101.600317, 3.066546], [101.600107, 3.066588], [101.600107, 3.066656], [101.600207, 3.066656], [101.600417, 3.066613], [101.60042, 3.06655], [101.600317, 3.066546]]]}}, {"type": "Feature", "properties": {}, "geometry": {"type": "Polygon", "coordinates": [[[101.60048, 3.066571], [101.60027, 3.066614], [101.600207, 3.066656], [101.600207, 3.066796], [101.600314, 3.066793], [101.600525, 3.066751], [101.600532, 3.066574], [101.60048, 3.066571]]]}}, {"type": "Feature", "properties": {}, "geometry": {"type": "Polygon", "coordinates": [[[101.600336, 3.065779], [101.600125, 3.065821], [101.600125, 3.066094], [101.600331, 3.066094], [101.600541, 3.066051], [101.600546, 3.065779], [101.600336, 3.065779]]]}}, {"type": "Feature", "properties": {}, "geometry": {"type": "Polygon", "coordinates": [[[101.602649, 3.065579], [101.602478, 3.065581], [101.602216, 3.065634], [101.602212, 3.065695], [101.602433, 3.065697], [101.602696, 3.065644], [101.602695, 3.06562], [101.602649, 3.065579]]]}}, {"type": "Feature", "properties": {}, "geometry": {"type": "Polygon", "coordinates": [[[101.599727, 3.062375], [101.599516, 3.062417], [101.599212, 3.062805], [101.599213, 3.063031], [101.599251, 3.063698], [101.599596, 3.063698], [101.599806, 3.063655], [101.599924, 3.063509], [101.600035, 3.063244], [101.600173, 3.062643], [101.600174, 3.062571], [101.600176, 3.062377], [101.599727, 3.062375]]]}}, {"type": "Feature", "properties": {}, "geometry": {"type": "Polygon", "coordinates": [[[101.606502, 3.074342], [101.606432, 3.074356], [101.606398, 3.07454], [101.606493, 3.074557], [101.606717, 3.074562], [101.606787, 3.074548], [101.606807, 3.074438], [101.606707, 3.07438], [101.606502, 3.074342]]]}}, {"type": "Feature", "properties": {}, "geometry": {"type": "Polygon", "coordinates": [[[101.608585, 3.065708], [101.608095, 3.065807], [101.608094, 3.066437], [101.608598, 3.066438], [101.609088, 3.066339], [101.609089, 3.065708], [101.608585, 3.065708]]]}}, {"type": "Feature", "properties": {}, "geometry": {"type": "Polygon", "coordinates": [[[101.608043, 3.065729], [101.607141, 3.065731], [101.606931, 3.065773], [101.606931, 3.066017], [101.606932, 3.06607], [101.607834, 3.066068], [101.608044, 3.066026], [101.608043, 3.065729]]]}}, {"type": "Feature", "properties": {}, "geometry": {"type": "Polygon", "coordinates": [[[101.60467, 3.066726], [101.604362, 3.066727], [101.603626, 3.066875], [101.603438, 3.066915], [101.60344, 3.067684], [101.604043, 3.067688], [101.604279, 3.067688], [101.605015, 3.067539], [101.605013, 3.066878], [101.605013, 3.066765], [101.60467, 3.066726]]]}}, {"type": "Feature", "properties": {}, "geometry": {"type": "Polygon", "coordinates": [[[101.604901, 3.067904], [101.604839, 3.067911], [101.604629, 3.067954], [101.604592, 3.067986], [101.604569, 3.068026], [101.604534, 3.068127], [101.604531, 3.068165], [101.604564, 3.068289], [101.604697, 3.068472], [101.60492, 3.068473], [101.60513, 3.06843], [101.605133, 3.068143], [101.605084, 3.067929], [101.604981, 3.067905], [101.604901, 3.067904]]]}}, {"type": "Feature", "properties": {}, "geometry": {"type": "Polygon", "coordinates": [[[101.604027, 3.069862], [101.603723, 3.069863], [101.60311, 3.069987], [101.603111, 3.070395], [101.603415, 3.070394], [101.604028, 3.07027], [101.604027, 3.069862]]]}}, {"type": "Feature", "properties": {}, "geometry": {"type": "Polygon", "coordinates": [[[101.604454, 3.069864], [101.604151, 3.069865], [101.603538, 3.069989], [101.603539, 3.070397], [101.603842, 3.070397], [101.604455, 3.070273], [101.604454, 3.069864]]]}}, {"type": "Feature", "properties": {}, "geometry": {"type": "Polygon", "coordinates": [[[101.604884, 3.069872], [101.604581, 3.069873], [101.603968, 3.069997], [101.603969, 3.070405], [101.604272, 3.070404], [101.604885, 3.07028], [101.604884, 3.069872]]]}}, {"type": "Feature", "properties": {}, "geometry": {"type": "Polygon", "coordinates": [[[101.603353, 3.071621], [101.602925, 3.071631], [101.602785, 3.071659], [101.602787, 3.071759], [101.603216, 3.071749], [101.603356, 3.071721], [101.603353, 3.071621]]]}}, {"type": "Feature", "properties": {}, "geometry": {"type": "Polygon", "coordinates": [[[101.603512, 3.071619], [101.603435, 3.07162], [101.603294, 3.071648], [101.603296, 3.071755], [101.603374, 3.071754], [101.603514, 3.071725], [101.603512, 3.071619]]]}}, {"type": "Feature", "properties": {}, "geometry": {"type": "Polygon", "coordinates": [[[101.603368, 3.071152], [101.602913, 3.07116], [101.602773, 3.071189], [101.602775, 3.071293], [101.60323, 3.071284], [101.60337, 3.071255], [101.603368, 3.071152]]]}}, {"type": "Feature", "properties": {}, "geometry": {"type": "Polygon", "coordinates": [[[101.603917, 3.071128], [101.60342, 3.071147], [101.60328, 3.071176], [101.603284, 3.071279], [101.603781, 3.071259], [101.603921, 3.071231], [101.603917, 3.071128]]]}}, {"type": "Feature", "properties": {}, "geometry": {"type": "Polygon", "coordinates": [[[101.614817, 3.063716], [101.61458, 3.063719], [101.613879, 3.063861], [101.61388, 3.063944], [101.613929, 3.063994], [101.614116, 3.063993], [101.614817, 3.063851], [101.614817, 3.063716]]]}}, {"type": "Feature", "properties": {}, "geometry": {"type": "Polygon", "coordinates": [[[101.601833, 3.072415], [101.600704, 3.072431], [101.599653, 3.072643], [101.599656, 3.072904], [101.600788, 3.072845], [101.601839, 3.072633], [101.601833, 3.072415]]]}}, {"type": "Feature", "properties": {}, "geometry": {"type": "Polygon", "coordinates": [[[101.599031, 3.07036], [101.598799, 3.070363], [101.598588, 3.070406], [101.598593, 3.070686], [101.598825, 3.070682], [101.599035, 3.07064], [101.599031, 3.07036]]]}}, {"type": "Feature", "properties": {}, "geometry": {"type": "Polygon", "coordinates": [[[101.599037, 3.070661], [101.598805, 3.070665], [101.598595, 3.070707], [101.598599, 3.070987], [101.598831, 3.070984], [101.599041, 3.070941], [101.599037, 3.070661]]]}}, {"type": "Feature", "properties": {}, "geometry": {"type": "Polygon", "coordinates": [[[101.599037, 3.071055], [101.598805, 3.071059], [101.598595, 3.071101], [101.598599, 3.071381], [101.598831, 3.071377], [101.599041, 3.071335], [101.599037, 3.071055]]]}}, {"type": "Feature", "properties": {}, "geometry": {"type": "Polygon", "coordinates": [[[101.598547, 3.069968], [101.598337, 3.07001], [101.598334, 3.070282], [101.598837, 3.070288], [101.599048, 3.070246], [101.599051, 3.069974], [101.598547, 3.069968]]]}}, {"type": "Feature", "properties": {}, "geometry": {"type": "Polygon", "coordinates": [[[101.599031, 3.069661], [101.598799, 3.069665], [101.598588, 3.069707], [101.598593, 3.069987], [101.598825, 3.069984], [101.599035, 3.069941], [101.599031, 3.069661]]]}}, {"type": "Feature", "properties": {}, "geometry": {"type": "Polygon", "coordinates": [[[101.599037, 3.069261], [101.598805, 3.069265], [101.598595, 3.069307], [101.598599, 3.069587], [101.598831, 3.069584], [101.599041, 3.069541], [101.599037, 3.069261]]]}}, {"type": "Feature", "properties": {}, "geometry": {"type": "Polygon", "coordinates": [[[101.599037, 3.068963], [101.598805, 3.068966], [101.598595, 3.069009], [101.598599, 3.069289], [101.598831, 3.069285], [101.599041, 3.069243], [101.599037, 3.068963]]]}}, {"type": "Feature", "properties": {}, "geometry": {"type": "Polygon", "coordinates": [[[101.599016, 3.068265], [101.598783, 3.068268], [101.598573, 3.06831], [101.598577, 3.06859], [101.59881, 3.068587], [101.59902, 3.068544], [101.599016, 3.068265]]]}}, {"type": "Feature", "properties": {}, "geometry": {"type": "Polygon", "coordinates": [[[101.599025, 3.068578], [101.598792, 3.068582], [101.598582, 3.068624], [101.598586, 3.068904], [101.598819, 3.068901], [101.599029, 3.068858], [101.599025, 3.068578]]]}}, {"type": "Feature", "properties": {}, "geometry": {"type": "Polygon", "coordinates": [[[101.599022, 3.067871], [101.598789, 3.067874], [101.598579, 3.067917], [101.598583, 3.068197], [101.598816, 3.068193], [101.599026, 3.068151], [101.599022, 3.067871]]]}}, {"type": "Feature", "properties": {}, "geometry": {"type": "Polygon", "coordinates": [[[101.599016, 3.067557], [101.598783, 3.06756], [101.598573, 3.067603], [101.598577, 3.067883], [101.59881, 3.067879], [101.59902, 3.067837], [101.599016, 3.067557]]]}}, {"type": "Feature", "properties": {}, "geometry": {"type": "Polygon", "coordinates": [[[101.612651, 3.075821], [101.611814, 3.075827], [101.610763, 3.076039], [101.610765, 3.076253], [101.611602, 3.076247], [101.612653, 3.076034], [101.612651, 3.075821]]]}}, {"type": "Feature", "properties": {}, "geometry": {"type": "Polygon", "coordinates": [[[101.604566, 3.075825], [101.604057, 3.075837], [101.603917, 3.075866], [101.603921, 3.076048], [101.60443, 3.076035], [101.60457, 3.076007], [101.604566, 3.075825]]]}}, {"type": "Feature", "properties": {}, "geometry": {"type": "Polygon", "coordinates": [[[101.604508, 3.075377], [101.603745, 3.075395], [101.603605, 3.075424], [101.603609, 3.075595], [101.604372, 3.075576], [101.604512, 3.075548], [101.604508, 3.075377]]]}}, {"type": "Feature", "properties": {}, "geometry": {"type": "Polygon", "coordinates": [[[101.604988, 3.075474], [101.604221, 3.075492], [101.603608, 3.075616], [101.603612, 3.075785], [101.604379, 3.075766], [101.604992, 3.075643], [101.604988, 3.075474]]]}}, {"type": "Feature", "properties": {}, "geometry": {"type": "Polygon", "coordinates": [[[101.604488, 3.074902], [101.603815, 3.074919], [101.603675, 3.074947], [101.603679, 3.075113], [101.604352, 3.075096], [101.604492, 3.075068], [101.604488, 3.074902]]]}}, {"type": "Feature", "properties": {}, "geometry": {"type": "Polygon", "coordinates": [[[101.604492, 3.075091], [101.603819, 3.075107], [101.603679, 3.075136], [101.603683, 3.075314], [101.604356, 3.075298], [101.604496, 3.075269], [101.604492, 3.075091]]]}}, {"type": "Feature", "properties": {}, "geometry": {"type": "Polygon", "coordinates": [[[101.604504, 3.074626], [101.603785, 3.074644], [101.603645, 3.074672], [101.60365, 3.074845], [101.604368, 3.074828], [101.604508, 3.074799], [101.604504, 3.074626]]]}}, {"type": "Feature", "properties": {}, "geometry": {"type": "Polygon", "coordinates": [[[101.604492, 3.074436], [101.60378, 3.074454], [101.60364, 3.074482], [101.603644, 3.07465], [101.604356, 3.074632], [101.604496, 3.074604], [101.604492, 3.074436]]]}}, {"type": "Feature", "properties": {}, "geometry": {"type": "Polygon", "coordinates": [[[101.604526, 3.074157], [101.603795, 3.074175], [101.603655, 3.074204], [101.603659, 3.074371], [101.604389, 3.074354], [101.60453, 3.074325], [101.604526, 3.074157]]]}}, {"type": "Feature", "properties": {}, "geometry": {"type": "Polygon", "coordinates": [[[101.604523, 3.073962], [101.603789, 3.07398], [101.603649, 3.074009], [101.603653, 3.074184], [101.604387, 3.074166], [101.604527, 3.074137], [101.604523, 3.073962]]]}}, {"type": "Feature", "properties": {}, "geometry": {"type": "Polygon", "coordinates": [[[101.603003, 3.075125], [101.602362, 3.075141], [101.602222, 3.075169], [101.602227, 3.075353], [101.602867, 3.075338], [101.603008, 3.07531], [101.603003, 3.075125]]]}}, {"type": "Feature", "properties": {}, "geometry": {"type": "Polygon", "coordinates": [[[101.603004, 3.074928], [101.602359, 3.074944], [101.602219, 3.074972], [101.602224, 3.075149], [101.602868, 3.075133], [101.603008, 3.075105], [101.603004, 3.074928]]]}}, {"type": "Feature", "properties": {}, "geometry": {"type": "Polygon", "coordinates": [[[101.603719, 3.075104], [101.603044, 3.075121], [101.602904, 3.075149], [101.602908, 3.075336], [101.603583, 3.075319], [101.603724, 3.075291], [101.603719, 3.075104]]]}}, {"type": "Feature", "properties": {}, "geometry": {"type": "Polygon", "coordinates": [[[101.60371, 3.074908], [101.603039, 3.074924], [101.602899, 3.074953], [101.602904, 3.07513], [101.603574, 3.075114], [101.603715, 3.075086], [101.60371, 3.074908]]]}}, {"type": "Feature", "properties": {}, "geometry": {"type": "Polygon", "coordinates": [[[101.603697, 3.074454], [101.603064, 3.074469], [101.602924, 3.074498], [101.602928, 3.074662], [101.603561, 3.074646], [101.603701, 3.074618], [101.603697, 3.074454]]]}}, {"type": "Feature", "properties": {}, "geometry": {"type": "Polygon", "coordinates": [[[101.603698, 3.074641], [101.603068, 3.074656], [101.602928, 3.074684], [101.602932, 3.074864], [101.603562, 3.074849], [101.603702, 3.074821], [101.603698, 3.074641]]]}}, {"type": "Feature", "properties": {}, "geometry": {"type": "Polygon", "coordinates": [[[101.602918, 3.074476], [101.60235, 3.07449], [101.60221, 3.074518], [101.602214, 3.074675], [101.602782, 3.074662], [101.602922, 3.074633], [101.602918, 3.074476]]]}}, {"type": "Feature", "properties": {}, "geometry": {"type": "Polygon", "coordinates": [[[101.602916, 3.074659], [101.602349, 3.074673], [101.602209, 3.074701], [101.602213, 3.074869], [101.60278, 3.074855], [101.60292, 3.074827], [101.602916, 3.074659]]]}}, {"type": "Feature", "properties": {}, "geometry": {"type": "Polygon", "coordinates": [[[101.603665, 3.073984], [101.603001, 3.074], [101.602861, 3.074028], [101.602865, 3.074174], [101.603528, 3.074158], [101.603668, 3.07413], [101.603665, 3.073984]]]}}, {"type": "Feature", "properties": {}, "geometry": {"type": "Polygon", "coordinates": [[[101.603667, 3.074164], [101.603004, 3.074181], [101.602863, 3.074209], [101.602868, 3.074398], [101.603531, 3.074382], [101.603671, 3.074353], [101.603667, 3.074164]]]}}, {"type": "Feature", "properties": {}, "geometry": {"type": "Polygon", "coordinates": [[[101.602959, 3.073997], [101.602344, 3.074012], [101.602204, 3.07404], [101.602207, 3.074197], [101.602823, 3.074182], [101.602963, 3.074154], [101.602959, 3.073997]]]}}, {"type": "Feature", "properties": {}, "geometry": {"type": "Polygon", "coordinates": [[[101.602962, 3.074179], [101.602347, 3.074194], [101.602207, 3.074223], [101.602212, 3.07441], [101.602826, 3.074395], [101.602967, 3.074367], [101.602962, 3.074179]]]}}, {"type": "Feature", "properties": {}, "geometry": {"type": "Polygon", "coordinates": [[[101.604004, 3.075852], [101.603516, 3.075864], [101.603375, 3.075892], [101.60338, 3.076065], [101.603868, 3.076053], [101.604008, 3.076025], [101.604004, 3.075852]]]}}, {"type": "Feature", "properties": {}, "geometry": {"type": "Polygon", "coordinates": [[[101.602849, 3.075883], [101.602439, 3.075893], [101.602298, 3.075921], [101.602303, 3.0761], [101.602713, 3.07609], [101.602854, 3.076062], [101.602849, 3.075883]]]}}, {"type": "Feature", "properties": {}, "geometry": {"type": "Polygon", "coordinates": [[[101.603704, 3.075367], [101.60276, 3.07539], [101.60262, 3.075418], [101.602625, 3.075616], [101.603568, 3.075593], [101.603708, 3.075565], [101.603704, 3.075367]]]}}, {"type": "Feature", "properties": {}, "geometry": {"type": "Polygon", "coordinates": [[[101.603707, 3.075591], [101.602766, 3.075614], [101.602626, 3.075642], [101.602631, 3.075827], [101.603572, 3.075804], [101.603712, 3.075776], [101.603707, 3.075591]]]}}, {"type": "Feature", "properties": {}, "geometry": {"type": "Polygon", "coordinates": [[[101.602717, 3.075611], [101.60188, 3.075631], [101.60174, 3.07566], [101.601745, 3.075852], [101.602581, 3.075832], [101.602721, 3.075803], [101.602717, 3.075611]]]}}, {"type": "Feature", "properties": {}, "geometry": {"type": "Polygon", "coordinates": [[[101.602717, 3.075397], [101.601878, 3.075417], [101.601737, 3.075445], [101.601742, 3.075638], [101.602581, 3.075617], [101.602721, 3.075589], [101.602717, 3.075397]]]}}, {"type": "Feature", "properties": {}, "geometry": {"type": "Polygon", "coordinates": [[[101.603498, 3.075855], [101.60331, 3.075858], [101.603099, 3.0759], [101.602988, 3.076032], [101.603107, 3.076249], [101.603318, 3.076206], [101.603503, 3.076122], [101.603498, 3.075855]]]}}, {"type": "Feature", "properties": {}, "geometry": {"type": "Polygon", "coordinates": [[[101.603085, 3.075994], [101.602964, 3.075997], [101.602754, 3.076039], [101.602758, 3.076252], [101.602879, 3.07625], [101.603089, 3.076207], [101.603085, 3.075994]]]}}, {"type": "Feature", "properties": {}, "geometry": {"type": "Polygon", "coordinates": [[[101.603212, 3.075871], [101.603012, 3.075879], [101.602802, 3.075921], [101.602805, 3.076008], [101.603005, 3.076], [101.603215, 3.075958], [101.603212, 3.075871]]]}}, {"type": "Feature", "properties": {}, "geometry": {"type": "Polygon", "coordinates": [[[101.602324, 3.075137], [101.601701, 3.075152], [101.601561, 3.07518], [101.601565, 3.075355], [101.602188, 3.07534], [101.602328, 3.075312], [101.602324, 3.075137]]]}}, {"type": "Feature", "properties": {}, "geometry": {"type": "Polygon", "coordinates": [[[101.602321, 3.074949], [101.601696, 3.074964], [101.601556, 3.074992], [101.60156, 3.075163], [101.602185, 3.075148], [101.602325, 3.075119], [101.602321, 3.074949]]]}}, {"type": "Feature", "properties": {}, "geometry": {"type": "Polygon", "coordinates": [[[101.602314, 3.074667], [101.601692, 3.074682], [101.601551, 3.07471], [101.601556, 3.074887], [101.602178, 3.074871], [101.602318, 3.074843], [101.602314, 3.074667]]]}}, {"type": "Feature", "properties": {}, "geometry": {"type": "Polygon", "coordinates": [[[101.602314, 3.074487], [101.601681, 3.074502], [101.601541, 3.07453], [101.601545, 3.074693], [101.602178, 3.074678], [101.602318, 3.074649], [101.602314, 3.074487]]]}}, {"type": "Feature", "properties": {}, "geometry": {"type": "Polygon", "coordinates": [[[101.602305, 3.074019], [101.601672, 3.074035], [101.601532, 3.074063], [101.601536, 3.074231], [101.602169, 3.074216], [101.602309, 3.074187], [101.602305, 3.074019]]]}}, {"type": "Feature", "properties": {}, "geometry": {"type": "Polygon", "coordinates": [[[101.60231, 3.074202], [101.601673, 3.074218], [101.601533, 3.074246], [101.601537, 3.074425], [101.602174, 3.074409], [101.602315, 3.074381], [101.60231, 3.074202]]]}}, {"type": "Feature", "properties": {}, "geometry": {"type": "Polygon", "coordinates": [[[101.602115, 3.07354], [101.601732, 3.073549], [101.601522, 3.073592], [101.601526, 3.073747], [101.601908, 3.073738], [101.602119, 3.073695], [101.602115, 3.07354]]]}}, {"type": "Feature", "properties": {}, "geometry": {"type": "Polygon", "coordinates": [[[101.602207, 3.073728], [101.601666, 3.073741], [101.601526, 3.07377], [101.60153, 3.073964], [101.602071, 3.073951], [101.602212, 3.073922], [101.602207, 3.073728]]]}}, {"type": "Feature", "properties": {}, "geometry": {"type": "Polygon", "coordinates": [[[101.601675, 3.073545], [101.601102, 3.073559], [101.600892, 3.073602], [101.600896, 3.073776], [101.601469, 3.073762], [101.601679, 3.07372], [101.601675, 3.073545]]]}}, {"type": "Feature", "properties": {}, "geometry": {"type": "Polygon", "coordinates": [[[101.601611, 3.073748], [101.601019, 3.073763], [101.600878, 3.073791], [101.600883, 3.073962], [101.601475, 3.073948], [101.601615, 3.073919], [101.601611, 3.073748]]]}}, {"type": "Feature", "properties": {}, "geometry": {"type": "Polygon", "coordinates": [[[101.601628, 3.074036], [101.601046, 3.07405], [101.600905, 3.074079], [101.600909, 3.07424], [101.601491, 3.074226], [101.601631, 3.074197], [101.601628, 3.074036]]]}}, {"type": "Feature", "properties": {}, "geometry": {"type": "Polygon", "coordinates": [[[101.601618, 3.074221], [101.601059, 3.074234], [101.600919, 3.074263], [101.600923, 3.074433], [101.601482, 3.074419], [101.601622, 3.074391], [101.601618, 3.074221]]]}}, {"type": "Feature", "properties": {}, "geometry": {"type": "Polygon", "coordinates": [[[101.601627, 3.074506], [101.601064, 3.074519], [101.600924, 3.074548], [101.600928, 3.074698], [101.60149, 3.074684], [101.60163, 3.074656], [101.601627, 3.074506]]]}}, {"type": "Feature", "properties": {}, "geometry": {"type": "Polygon", "coordinates": [[[101.60163, 3.074685], [101.601071, 3.074699], [101.600931, 3.074727], [101.600935, 3.074899], [101.601494, 3.074885], [101.601634, 3.074857], [101.60163, 3.074685]]]}}, {"type": "Feature", "properties": {}, "geometry": {"type": "Polygon", "coordinates": [[[101.601642, 3.074964], [101.601096, 3.074977], [101.600956, 3.075006], [101.60096, 3.075164], [101.601506, 3.07515], [101.601646, 3.075122], [101.601642, 3.074964]]]}}, {"type": "Feature", "properties": {}, "geometry": {"type": "Polygon", "coordinates": [[[101.601653, 3.075156], [101.60108, 3.07517], [101.60094, 3.075199], [101.600944, 3.075365], [101.601517, 3.075351], [101.601657, 3.075323], [101.601653, 3.075156]]]}}, {"type": "Feature", "properties": {}, "geometry": {"type": "Polygon", "coordinates": [[[101.601595, 3.075446], [101.601079, 3.075459], [101.600939, 3.075487], [101.600943, 3.07564], [101.601459, 3.075628], [101.601599, 3.0756], [101.601595, 3.075446]]]}}, {"type": "Feature", "properties": {}, "geometry": {"type": "Polygon", "coordinates": [[[101.601592, 3.075646], [101.60111, 3.075658], [101.60097, 3.075686], [101.600973, 3.07584], [101.601455, 3.075828], [101.601595, 3.0758], [101.601592, 3.075646]]]}}, {"type": "Feature", "properties": {}, "geometry": {"type": "Polygon", "coordinates": [[[101.601611, 3.075913], [101.601117, 3.075926], [101.600976, 3.075954], [101.600982, 3.076166], [101.601477, 3.076154], [101.601617, 3.076126], [101.601611, 3.075913]]]}}, {"type": "Feature", "properties": {}, "geometry": {"type": "Polygon", "coordinates": [[[101.600895, 3.07358], [101.6007, 3.073585], [101.600559, 3.073613], [101.600579, 3.074469], [101.600774, 3.074465], [101.600914, 3.074436], [101.600895, 3.07358]]]}}, {"type": "Feature", "properties": {}, "geometry": {"type": "Polygon", "coordinates": [[[101.600673, 3.073593], [101.600458, 3.073598], [101.600318, 3.073626], [101.600337, 3.074473], [101.600552, 3.074468], [101.600692, 3.07444], [101.600673, 3.073593]]]}}, {"type": "Feature", "properties": {}, "geometry": {"type": "Polygon", "coordinates": [[[101.600924, 3.074491], [101.600721, 3.074495], [101.600581, 3.074524], [101.6006, 3.075367], [101.600803, 3.075362], [101.600944, 3.075334], [101.600924, 3.074491]]]}}, {"type": "Feature", "properties": {}, "geometry": {"type": "Polygon", "coordinates": [[[101.600691, 3.074482], [101.600482, 3.074487], [101.600341, 3.074515], [101.600361, 3.075375], [101.600571, 3.075371], [101.600711, 3.075342], [101.600691, 3.074482]]]}}, {"type": "Feature", "properties": {}, "geometry": {"type": "Polygon", "coordinates": [[[101.600932, 3.07541], [101.600734, 3.075414], [101.600594, 3.075442], [101.600608, 3.076063], [101.600806, 3.076058], [101.600946, 3.07603], [101.600932, 3.07541]]]}}, {"type": "Feature", "properties": {}, "geometry": {"type": "Polygon", "coordinates": [[[101.600703, 3.075418], [101.600504, 3.075422], [101.600364, 3.07545], [101.600377, 3.076042], [101.600576, 3.076038], [101.600716, 3.076009], [101.600703, 3.075418]]]}}, {"type": "Feature", "properties": {}, "geometry": {"type": "Polygon", "coordinates": [[[101.601089, 3.073441], [101.600437, 3.073459], [101.599386, 3.073672], [101.599391, 3.073876], [101.600044, 3.073857], [101.601095, 3.073645], [101.601089, 3.073441]]]}}, {"type": "Feature", "properties": {}, "geometry": {"type": "Polygon", "coordinates": [[[101.601092, 3.07371], [101.600446, 3.073728], [101.599395, 3.07394], [101.599401, 3.074139], [101.600046, 3.074121], [101.601097, 3.073909], [101.601092, 3.07371]]]}}, {"type": "Feature", "properties": {}, "geometry": {"type": "Polygon", "coordinates": [[[101.599121, 3.073562], [101.598901, 3.073566], [101.598761, 3.073594], [101.598772, 3.074224], [101.598991, 3.07422], [101.599131, 3.074192], [101.599121, 3.073562]]]}}, {"type": "Feature", "properties": {}, "geometry": {"type": "Polygon", "coordinates": [[[101.599655, 3.074982], [101.599515, 3.075011], [101.5995, 3.075229], [101.600224, 3.075278], [101.600364, 3.07525], [101.600379, 3.075031], [101.599655, 3.074982]]]}}, {"type": "Feature", "properties": {}, "geometry": {"type": "Polygon", "coordinates": [[[101.59955, 3.07522], [101.59941, 3.075249], [101.599395, 3.075464], [101.600187, 3.075517], [101.600327, 3.075488], [101.600341, 3.075273], [101.59955, 3.07522]]]}}, {"type": "Feature", "properties": {}, "geometry": {"type": "Polygon", "coordinates": [[[101.599437, 3.075531], [101.599297, 3.075559], [101.599283, 3.075772], [101.600231, 3.075835], [101.600371, 3.075807], [101.600386, 3.075595], [101.599437, 3.075531]]]}}, {"type": "Feature", "properties": {}, "geometry": {"type": "Polygon", "coordinates": [[[101.599412, 3.075762], [101.599272, 3.07579], [101.599257, 3.076014], [101.600216, 3.076078], [101.600356, 3.07605], [101.600371, 3.075826], [101.599412, 3.075762]]]}}, {"type": "Feature", "properties": {}, "geometry": {"type": "Polygon", "coordinates": [[[101.598908, 3.074253], [101.598767, 3.074281], [101.598552, 3.075038], [101.598777, 3.075102], [101.598917, 3.075074], [101.599133, 3.074317], [101.598908, 3.074253]]]}}, {"type": "Feature", "properties": {}, "geometry": {"type": "Polygon", "coordinates": [[[101.599451, 3.074369], [101.599311, 3.074398], [101.599091, 3.07517], [101.599281, 3.075224], [101.599421, 3.075196], [101.599642, 3.074424], [101.599451, 3.074369]]]}}, {"type": "Feature", "properties": {}, "geometry": {"type": "Polygon", "coordinates": [[[101.599189, 3.074421], [101.599049, 3.07445], [101.598863, 3.075103], [101.599067, 3.075162], [101.599207, 3.075133], [101.599393, 3.074479], [101.599189, 3.074421]]]}}, {"type": "Feature", "properties": {}, "geometry": {"type": "Polygon", "coordinates": [[[101.599208, 3.075194], [101.599068, 3.075223], [101.598878, 3.075888], [101.599072, 3.075943], [101.599212, 3.075915], [101.599402, 3.075249], [101.599208, 3.075194]]]}}, {"type": "Feature", "properties": {}, "geometry": {"type": "Polygon", "coordinates": [[[101.598982, 3.075126], [101.598841, 3.075154], [101.598624, 3.075916], [101.598828, 3.075975], [101.598969, 3.075946], [101.599186, 3.075184], [101.598982, 3.075126]]]}}, {"type": "Feature", "properties": {}, "geometry": {"type": "Polygon", "coordinates": [[[101.60635, 3.07564], [101.605583, 3.075658], [101.605373, 3.075701], [101.605377, 3.075865], [101.606144, 3.075847], [101.606354, 3.075804], [101.60635, 3.07564]]]}}, {"type": "Feature", "properties": {}, "geometry": {"type": "Polygon", "coordinates": [[[101.605474, 3.07566], [101.604813, 3.075676], [101.604603, 3.075718], [101.604607, 3.07588], [101.605268, 3.075864], [101.605478, 3.075822], [101.605474, 3.07566]]]}}, {"type": "Feature", "properties": {}, "geometry": {"type": "Polygon", "coordinates": [[[101.606181, 3.075848], [101.605518, 3.075864], [101.605378, 3.075892], [101.605382, 3.076066], [101.606045, 3.07605], [101.606185, 3.076022], [101.606181, 3.075848]]]}}, {"type": "Feature", "properties": {}, "geometry": {"type": "Polygon", "coordinates": [[[101.605404, 3.075871], [101.604749, 3.075887], [101.604608, 3.075915], [101.604612, 3.076072], [101.605268, 3.076056], [101.605408, 3.076027], [101.605404, 3.075871]]]}}, {"type": "Feature", "properties": {}, "geometry": {"type": "Polygon", "coordinates": [[[101.608278, 3.075646], [101.608084, 3.07565], [101.607874, 3.075692], [101.60788, 3.076041], [101.608074, 3.076037], [101.608285, 3.075995], [101.608278, 3.075646]]]}}, {"type": "Feature", "properties": {}, "geometry": {"type": "Polygon", "coordinates": [[[101.608064, 3.075635], [101.607907, 3.075638], [101.607697, 3.075681], [101.607703, 3.076044], [101.60786, 3.076041], [101.60807, 3.075998], [101.608064, 3.075635]]]}}, {"type": "Feature", "properties": {}, "geometry": {"type": "Polygon", "coordinates": [[[101.607612, 3.075647], [101.607437, 3.07565], [101.607227, 3.075693], [101.607234, 3.076036], [101.607408, 3.076033], [101.607619, 3.07599], [101.607612, 3.075647]]]}}, {"type": "Feature", "properties": {}, "geometry": {"type": "Polygon", "coordinates": [[[101.607801, 3.07564], [101.607627, 3.075643], [101.607417, 3.075685], [101.607423, 3.076036], [101.607597, 3.076033], [101.607807, 3.07599], [101.607801, 3.07564]]]}}, {"type": "Feature", "properties": {}, "geometry": {"type": "Polygon", "coordinates": [[[101.607141, 3.07563], [101.606975, 3.075633], [101.606765, 3.075675], [101.606771, 3.076045], [101.606938, 3.076042], [101.607148, 3.076], [101.607141, 3.07563]]]}}, {"type": "Feature", "properties": {}, "geometry": {"type": "Polygon", "coordinates": [[[101.607337, 3.075626], [101.607159, 3.075629], [101.606948, 3.075672], [101.606955, 3.076042], [101.607133, 3.076039], [101.607344, 3.075997], [101.607337, 3.075626]]]}}, {"type": "Feature", "properties": {}, "geometry": {"type": "Polygon", "coordinates": [[[101.606851, 3.07564], [101.606568, 3.075645], [101.606358, 3.075687], [101.606361, 3.075849], [101.606644, 3.075844], [101.606854, 3.075802], [101.606851, 3.07564]]]}}, {"type": "Feature", "properties": {}, "geometry": {"type": "Polygon", "coordinates": [[[101.606858, 3.07583], [101.606483, 3.075836], [101.606273, 3.075879], [101.606277, 3.076056], [101.606651, 3.076049], [101.606861, 3.076007], [101.606858, 3.07583]]]}}, {"type": "Feature", "properties": {}, "geometry": {"type": "Polygon", "coordinates": [[[101.60873, 3.075965], [101.608602, 3.075968], [101.608391, 3.07601], [101.608395, 3.076205], [101.608523, 3.076203], [101.608733, 3.076161], [101.60873, 3.075965]]]}}, {"type": "Feature", "properties": {}, "geometry": {"type": "Polygon", "coordinates": [[[101.609075, 3.075816], [101.608914, 3.075819], [101.608704, 3.075862], [101.608707, 3.075986], [101.608867, 3.075983], [101.609077, 3.075941], [101.609075, 3.075816]]]}}, {"type": "Feature", "properties": {}, "geometry": {"type": "Polygon", "coordinates": [[[101.609111, 3.075957], [101.608933, 3.07596], [101.608723, 3.076003], [101.608727, 3.07619], [101.608904, 3.076186], [101.609115, 3.076144], [101.609111, 3.075957]]]}}, {"type": "Feature", "properties": {}, "geometry": {"type": "Polygon", "coordinates": [[[101.609722, 3.075861], [101.609109, 3.075985], [101.609108, 3.076147], [101.609841, 3.076152], [101.610454, 3.076028], [101.610455, 3.075866], [101.609722, 3.075861]]]}}, {"type": "Feature", "properties": {}, "geometry": {"type": "Polygon", "coordinates": [[[101.609687, 3.074245], [101.609477, 3.074288], [101.609323, 3.074365], [101.609375, 3.07447], [101.609585, 3.074428], [101.60974, 3.074351], [101.609687, 3.074245]]]}}, {"type": "Feature", "properties": {}, "geometry": {"type": "Polygon", "coordinates": [[[101.609969, 3.074319], [101.609759, 3.074362], [101.609743, 3.074459], [101.609925, 3.07449], [101.610135, 3.074447], [101.610152, 3.07435], [101.609969, 3.074319]]]}}, {"type": "Feature", "properties": {}, "geometry": {"type": "Polygon", "coordinates": [[[101.610691, 3.075197], [101.609957, 3.075206], [101.609343, 3.07533], [101.609346, 3.075514], [101.61008, 3.075505], [101.610693, 3.075381], [101.610691, 3.075197]]]}}, {"type": "Feature", "properties": {}, "geometry": {"type": "Polygon", "coordinates": [[[101.607966, 3.075332], [101.607319, 3.075339], [101.607012, 3.075401], [101.607014, 3.075534], [101.607661, 3.075528], [101.607968, 3.075466], [101.607966, 3.075332]]]}}, {"type": "Feature", "properties": {}, "geometry": {"type": "Polygon", "coordinates": [[[101.608932, 3.074781], [101.608324, 3.074788], [101.608018, 3.07485], [101.608019, 3.074978], [101.608627, 3.074972], [101.608933, 3.07491], [101.608932, 3.074781]]]}}, {"type": "Feature", "properties": {}, "geometry": {"type": "Polygon", "coordinates": [[[101.608328, 3.075172], [101.608021, 3.075234], [101.608021, 3.075352], [101.608642, 3.075352], [101.608948, 3.07529], [101.608948, 3.075172], [101.608328, 3.075172]]]}}, {"type": "Feature", "properties": {}, "geometry": {"type": "Polygon", "coordinates": [[[101.608943, 3.075321], [101.608324, 3.075325], [101.608018, 3.075387], [101.608019, 3.075504], [101.608638, 3.075499], [101.608944, 3.075437], [101.608943, 3.075321]]]}}, {"type": "Feature", "properties": {}, "geometry": {"type": "Polygon", "coordinates": [[[101.607596, 3.074408], [101.607386, 3.07445], [101.60728, 3.074491], [101.607331, 3.074619], [101.607541, 3.074576], [101.607646, 3.074535], [101.607596, 3.074408]]]}}, {"type": "Feature", "properties": {}, "geometry": {"type": "Polygon", "coordinates": [[[101.607687, 3.074824], [101.607477, 3.074867], [101.607308, 3.074933], [101.607402, 3.075169], [101.607612, 3.075127], [101.60778, 3.07506], [101.607687, 3.074824]]]}}, {"type": "Feature", "properties": {}, "geometry": {"type": "Polygon", "coordinates": [[[101.607608, 3.074582], [101.607377, 3.074595], [101.607167, 3.074637], [101.606847, 3.074763], [101.606845, 3.074942], [101.606872, 3.075011], [101.606994, 3.075137], [101.607204, 3.075095], [101.607525, 3.074968], [101.607695, 3.074804], [101.607745, 3.074691], [101.607718, 3.074624], [101.607608, 3.074582]]]}}, {"type": "Feature", "properties": {}, "geometry": {"type": "Polygon", "coordinates": [[[101.606837, 3.074677], [101.606166, 3.074693], [101.605956, 3.074736], [101.60596, 3.074915], [101.606631, 3.074898], [101.606841, 3.074856], [101.606837, 3.074677]]]}}, {"type": "Feature", "properties": {}, "geometry": {"type": "Polygon", "coordinates": [[[101.606836, 3.074875], [101.606169, 3.074891], [101.605959, 3.074933], [101.605963, 3.075121], [101.60663, 3.075105], [101.606841, 3.075062], [101.606836, 3.074875]]]}}, {"type": "Feature", "properties": {}, "geometry": {"type": "Polygon", "coordinates": [[[101.606858, 3.075144], [101.60558, 3.075175], [101.605369, 3.075218], [101.605374, 3.075404], [101.606652, 3.075372], [101.606863, 3.07533], [101.606858, 3.075144]]]}}, {"type": "Feature", "properties": {}, "geometry": {"type": "Polygon", "coordinates": [[[101.606588, 3.075361], [101.605583, 3.075385], [101.605373, 3.075428], [101.605377, 3.075607], [101.606382, 3.075583], [101.606593, 3.07554], [101.606588, 3.075361]]]}}, {"type": "Feature", "properties": {}, "geometry": {"type": "Polygon", "coordinates": [[[101.606123, 3.074697], [101.605566, 3.07471], [101.605356, 3.074753], [101.605361, 3.074927], [101.605917, 3.074913], [101.606127, 3.074871], [101.606123, 3.074697]]]}}, {"type": "Feature", "properties": {}, "geometry": {"type": "Polygon", "coordinates": [[[101.606131, 3.074891], [101.605571, 3.074904], [101.605361, 3.074947], [101.605365, 3.075135], [101.605925, 3.075121], [101.606135, 3.075078], [101.606131, 3.074891]]]}}, {"type": "Feature", "properties": {}, "geometry": {"type": "Polygon", "coordinates": [[[101.605528, 3.075384], [101.60481, 3.075401], [101.6046, 3.075443], [101.604604, 3.075626], [101.605322, 3.07561], [101.605532, 3.075567], [101.605528, 3.075384]]]}}, {"type": "Feature", "properties": {}, "geometry": {"type": "Polygon", "coordinates": [[[101.605525, 3.075181], [101.604806, 3.075198], [101.604596, 3.075241], [101.604601, 3.07542], [101.605319, 3.075404], [101.605529, 3.075361], [101.605525, 3.075181]]]}}, {"type": "Feature", "properties": {}, "geometry": {"type": "Polygon", "coordinates": [[[101.605517, 3.074902], [101.604804, 3.074918], [101.604594, 3.07496], [101.604599, 3.075145], [101.605311, 3.075129], [101.605522, 3.075086], [101.605517, 3.074902]]]}}, {"type": "Feature", "properties": {}, "geometry": {"type": "Polygon", "coordinates": [[[101.605516, 3.074714], [101.604802, 3.074731], [101.604592, 3.074773], [101.604596, 3.074943], [101.60531, 3.074927], [101.60552, 3.074884], [101.605516, 3.074714]]]}}, {"type": "Feature", "properties": {}, "geometry": {"type": "Polygon", "coordinates": [[[101.606281, 3.074386], [101.605991, 3.074393], [101.60578, 3.074436], [101.605786, 3.074644], [101.606076, 3.074637], [101.606287, 3.074595], [101.606281, 3.074386]]]}}, {"type": "Feature", "properties": {}, "geometry": {"type": "Polygon", "coordinates": [[[101.605962, 3.074389], [101.605556, 3.074399], [101.605346, 3.074441], [101.605351, 3.074656], [101.605757, 3.074646], [101.605968, 3.074604], [101.605962, 3.074389]]]}}, {"type": "Feature", "properties": {}, "geometry": {"type": "Polygon", "coordinates": [[[101.606269, 3.074183], [101.605552, 3.0742], [101.605341, 3.074242], [101.605346, 3.074422], [101.606064, 3.074404], [101.606274, 3.074362], [101.606269, 3.074183]]]}}, {"type": "Feature", "properties": {}, "geometry": {"type": "Polygon", "coordinates": [[[101.6055, 3.074185], [101.604788, 3.074204], [101.604577, 3.074247], [101.604582, 3.074435], [101.605294, 3.074416], [101.605504, 3.074374], [101.6055, 3.074185]]]}}, {"type": "Feature", "properties": {}, "geometry": {"type": "Polygon", "coordinates": [[[101.605502, 3.074395], [101.604796, 3.074414], [101.604586, 3.074457], [101.604591, 3.07468], [101.605298, 3.074662], [101.605508, 3.074619], [101.605502, 3.074395]]]}}, {"type": "Feature", "properties": {}, "geometry": {"type": "Polygon", "coordinates": [[[101.613535, 3.075484], [101.613501, 3.075491], [101.61329, 3.075533], [101.613078, 3.075739], [101.61308, 3.075977], [101.613327, 3.075975], [101.613537, 3.075932], [101.613535, 3.075484]]]}}, {"type": "Feature", "properties": {}, "geometry": {"type": "Polygon", "coordinates": [[[101.613526, 3.075984], [101.612934, 3.075988], [101.612724, 3.07603], [101.612726, 3.076247], [101.613317, 3.076243], [101.613528, 3.0762], [101.613526, 3.075984]]]}}, {"type": "Feature", "properties": {}, "geometry": {"type": "Polygon", "coordinates": [[[101.612904, 3.075986], [101.612241, 3.07599], [101.612031, 3.076033], [101.612033, 3.076253], [101.612695, 3.076249], [101.612905, 3.076206], [101.612904, 3.075986]]]}}, {"type": "Feature", "properties": {}, "geometry": {"type": "Polygon", "coordinates": [[[101.613042, 3.075082], [101.612832, 3.075124], [101.612672, 3.075286], [101.613028, 3.075635], [101.613238, 3.075593], [101.613397, 3.075431], [101.613042, 3.075082]]]}}, {"type": "Feature", "properties": {}, "geometry": {"type": "Polygon", "coordinates": [[[101.612848, 3.075293], [101.61262, 3.075295], [101.61241, 3.075337], [101.612414, 3.075911], [101.612892, 3.075908], [101.613102, 3.075866], [101.6131, 3.075544], [101.612944, 3.075363], [101.612848, 3.075293]]]}}, {"type": "Feature", "properties": {}, "geometry": {"type": "Polygon", "coordinates": [[[101.612335, 3.074867], [101.612263, 3.07487], [101.612053, 3.074912], [101.612049, 3.075181], [101.612603, 3.075194], [101.612813, 3.075151], [101.612946, 3.075021], [101.612904, 3.074966], [101.612335, 3.074867]]]}}, {"type": "Feature", "properties": {}, "geometry": {"type": "Polygon", "coordinates": [[[101.610955, 3.074625], [101.610745, 3.074667], [101.610748, 3.075052], [101.611602, 3.075046], [101.611812, 3.075003], [101.61181, 3.074774], [101.610955, 3.074625]]]}}, {"type": "Feature", "properties": {}, "geometry": {"type": "Polygon", "coordinates": [[[101.61207, 3.074815], [101.611857, 3.074816], [101.611647, 3.074859], [101.61165, 3.075302], [101.611863, 3.0753], [101.612073, 3.075258], [101.61207, 3.074815]]]}}, {"type": "Feature", "properties": {}, "geometry": {"type": "Polygon", "coordinates": [[[101.611815, 3.075028], [101.610954, 3.075034], [101.610743, 3.075076], [101.610745, 3.075306], [101.611606, 3.075299], [101.611817, 3.075257], [101.611815, 3.075028]]]}}, {"type": "Feature", "properties": {}, "geometry": {"type": "Polygon", "coordinates": [[[101.610891, 3.074608], [101.610686, 3.07461], [101.610476, 3.074652], [101.61048, 3.07531], [101.610686, 3.075308], [101.610896, 3.075266], [101.610891, 3.074608]]]}}, {"type": "Feature", "properties": {}, "geometry": {"type": "Polygon", "coordinates": [[[101.612054, 3.075724], [101.611848, 3.075725], [101.611637, 3.075768], [101.611641, 3.076252], [101.611847, 3.076251], [101.612057, 3.076209], [101.612054, 3.075724]]]}}, {"type": "Feature", "properties": {}, "geometry": {"type": "Polygon", "coordinates": [[[101.610908, 3.075739], [101.610686, 3.07574], [101.610476, 3.075783], [101.610479, 3.076251], [101.610702, 3.07625], [101.610912, 3.076207], [101.610908, 3.075739]]]}}, {"type": "Feature", "properties": {}, "geometry": {"type": "Polygon", "coordinates": [[[101.611805, 3.075732], [101.610964, 3.075738], [101.610754, 3.075781], [101.610756, 3.075993], [101.611597, 3.075987], [101.611807, 3.075944], [101.611805, 3.075732]]]}}, {"type": "Feature", "properties": {}, "geometry": {"type": "Polygon", "coordinates": [[[101.612039, 3.070711], [101.611977, 3.070711], [101.611837, 3.07074], [101.611839, 3.070893], [101.6119, 3.070892], [101.612041, 3.070864], [101.612039, 3.070711]]]}}, {"type": "Feature", "properties": {}, "geometry": {"type": "Polygon", "coordinates": [[[101.611252, 3.070716], [101.61119, 3.070717], [101.61105, 3.070745], [101.611052, 3.070905], [101.611114, 3.070905], [101.611254, 3.070876], [101.611252, 3.070716]]]}}, {"type": "Feature", "properties": {}, "geometry": {"type": "Polygon", "coordinates": [[[101.612042, 3.071072], [101.61198, 3.071073], [101.61184, 3.071101], [101.611841, 3.071253], [101.611904, 3.071252], [101.612044, 3.071224], [101.612042, 3.071072]]]}}, {"type": "Feature", "properties": {}, "geometry": {"type": "Polygon", "coordinates": [[[101.612044, 3.07126], [101.611981, 3.071261], [101.611841, 3.071289], [101.611842, 3.071443], [101.611905, 3.071443], [101.612045, 3.071415], [101.612044, 3.07126]]]}}, {"type": "Feature", "properties": {}, "geometry": {"type": "Polygon", "coordinates": [[[101.611257, 3.071078], [101.611195, 3.071079], [101.611055, 3.071107], [101.611057, 3.071262], [101.611118, 3.071262], [101.611258, 3.071233], [101.611257, 3.071078]]]}}, {"type": "Feature", "properties": {}, "geometry": {"type": "Polygon", "coordinates": [[[101.611258, 3.071269], [101.611197, 3.07127], [101.611057, 3.071298], [101.611058, 3.071448], [101.61112, 3.071448], [101.61126, 3.071419], [101.611258, 3.071269]]]}}, {"type": "Feature", "properties": {}, "geometry": {"type": "Polygon", "coordinates": [[[101.612832, 3.071628], [101.61277, 3.071629], [101.61263, 3.071657], [101.612631, 3.071807], [101.612694, 3.071807], [101.612834, 3.071778], [101.612832, 3.071628]]]}}, {"type": "Feature", "properties": {}, "geometry": {"type": "Polygon", "coordinates": [[[101.612833, 3.071821], [101.61277, 3.071822], [101.61263, 3.07185], [101.612631, 3.071997], [101.612694, 3.071996], [101.612834, 3.071968], [101.612833, 3.071821]]]}}, {"type": "Feature", "properties": {}, "geometry": {"type": "Polygon", "coordinates": [[[101.612042, 3.071623], [101.611981, 3.071623], [101.611841, 3.071652], [101.611843, 3.07181], [101.611904, 3.071809], [101.612044, 3.071781], [101.612042, 3.071623]]]}}, {"type": "Feature", "properties": {}, "geometry": {"type": "Polygon", "coordinates": [[[101.612044, 3.071819], [101.611983, 3.071819], [101.611842, 3.071848], [101.611844, 3.072003], [101.611905, 3.072002], [101.612045, 3.071974], [101.612044, 3.071819]]]}}, {"type": "Feature", "properties": {}, "geometry": {"type": "Polygon", "coordinates": [[[101.611251, 3.071627], [101.611189, 3.071628], [101.611049, 3.071656], [101.61105, 3.071812], [101.611112, 3.071812], [101.611253, 3.071784], [101.611251, 3.071627]]]}}, {"type": "Feature", "properties": {}, "geometry": {"type": "Polygon", "coordinates": [[[101.611252, 3.071819], [101.61119, 3.07182], [101.61105, 3.071848], [101.611051, 3.072002], [101.611114, 3.072002], [101.611254, 3.071973], [101.611252, 3.071819]]]}}, {"type": "Feature", "properties": {}, "geometry": {"type": "Polygon", "coordinates": [[[101.612961, 3.072179], [101.612899, 3.072179], [101.612758, 3.072208], [101.61276, 3.072361], [101.612822, 3.07236], [101.612963, 3.072332], [101.612961, 3.072179]]]}}, {"type": "Feature", "properties": {}, "geometry": {"type": "Polygon", "coordinates": [[[101.612839, 3.072373], [101.612776, 3.072373], [101.612636, 3.072401], [101.612638, 3.072558], [101.6127, 3.072558], [101.61284, 3.07253], [101.612839, 3.072373]]]}}, {"type": "Feature", "properties": {}, "geometry": {"type": "Polygon", "coordinates": [[[101.612047, 3.072178], [101.611985, 3.072179], [101.611845, 3.072207], [101.611847, 3.072361], [101.611908, 3.07236], [101.612048, 3.072332], [101.612047, 3.072178]]]}}, {"type": "Feature", "properties": {}, "geometry": {"type": "Polygon", "coordinates": [[[101.611259, 3.072182], [101.611197, 3.072183], [101.611057, 3.072211], [101.611058, 3.07237], [101.61112, 3.07237], [101.61126, 3.072341], [101.611259, 3.072182]]]}}, {"type": "Feature", "properties": {}, "geometry": {"type": "Polygon", "coordinates": [[[101.612044, 3.072369], [101.611982, 3.07237], [101.611842, 3.072398], [101.611844, 3.072555], [101.611905, 3.072554], [101.612046, 3.072526], [101.612044, 3.072369]]]}}, {"type": "Feature", "properties": {}, "geometry": {"type": "Polygon", "coordinates": [[[101.611256, 3.072371], [101.611194, 3.072372], [101.611054, 3.0724], [101.611055, 3.07256], [101.611118, 3.072559], [101.611258, 3.072531], [101.611256, 3.072371]]]}}, {"type": "Feature", "properties": {}, "geometry": {"type": "Polygon", "coordinates": [[[101.613525, 3.072735], [101.613462, 3.072735], [101.613322, 3.072764], [101.613323, 3.072917], [101.613386, 3.072916], [101.613526, 3.072888], [101.613525, 3.072735]]]}}, {"type": "Feature", "properties": {}, "geometry": {"type": "Polygon", "coordinates": [[[101.612835, 3.072933], [101.612773, 3.072934], [101.612633, 3.072962], [101.612634, 3.073111], [101.612696, 3.07311], [101.612836, 3.073082], [101.612835, 3.072933]]]}}, {"type": "Feature", "properties": {}, "geometry": {"type": "Polygon", "coordinates": [[[101.612727, 3.072735], [101.612666, 3.072736], [101.612525, 3.072764], [101.612527, 3.072915], [101.612588, 3.072915], [101.612728, 3.072886], [101.612727, 3.072735]]]}}, {"type": "Feature", "properties": {}, "geometry": {"type": "Polygon", "coordinates": [[[101.611262, 3.072745], [101.611201, 3.072745], [101.611061, 3.072774], [101.611062, 3.072926], [101.611124, 3.072926], [101.611264, 3.072897], [101.611262, 3.072745]]]}}, {"type": "Feature", "properties": {}, "geometry": {"type": "Polygon", "coordinates": [[[101.612048, 3.072931], [101.611986, 3.072932], [101.611846, 3.07296], [101.611848, 3.073115], [101.61191, 3.073115], [101.61205, 3.073086], [101.612048, 3.072931]]]}}, {"type": "Feature", "properties": {}, "geometry": {"type": "Polygon", "coordinates": [[[101.611267, 3.072936], [101.611206, 3.072936], [101.611066, 3.072965], [101.611067, 3.073117], [101.611129, 3.073117], [101.611269, 3.073088], [101.611267, 3.072936]]]}}, {"type": "Feature", "properties": {}, "geometry": {"type": "Polygon", "coordinates": [[[101.612839, 3.07329], [101.612777, 3.073291], [101.612637, 3.073319], [101.612638, 3.073474], [101.6127, 3.073473], [101.61284, 3.073445], [101.612839, 3.07329]]]}}, {"type": "Feature", "properties": {}, "geometry": {"type": "Polygon", "coordinates": [[[101.612841, 3.073481], [101.612778, 3.073482], [101.612638, 3.07351], [101.612639, 3.073663], [101.612701, 3.073663], [101.612841, 3.073634], [101.612841, 3.073481]]]}}, {"type": "Feature", "properties": {}, "geometry": {"type": "Polygon", "coordinates": [[[101.612734, 3.073294], [101.612672, 3.073295], [101.612532, 3.073323], [101.612533, 3.073476], [101.612595, 3.073476], [101.612735, 3.073447], [101.612734, 3.073294]]]}}, {"type": "Feature", "properties": {}, "geometry": {"type": "Polygon", "coordinates": [[[101.611943, 3.073289], [101.611881, 3.073289], [101.611741, 3.073318], [101.611742, 3.073476], [101.611803, 3.073476], [101.611944, 3.073448], [101.611943, 3.073289]]]}}, {"type": "Feature", "properties": {}, "geometry": {"type": "Polygon", "coordinates": [[[101.611264, 3.07348], [101.611202, 3.07348], [101.611062, 3.073509], [101.611063, 3.073666], [101.611125, 3.073666], [101.611265, 3.073638], [101.611264, 3.07348]]]}}, {"type": "Feature", "properties": {}, "geometry": {"type": "Polygon", "coordinates": [[[101.612049, 3.073482], [101.611987, 3.073482], [101.611847, 3.07351], [101.611848, 3.07366], [101.61191, 3.07366], [101.61205, 3.073631], [101.612049, 3.073482]]]}}, {"type": "Feature", "properties": {}, "geometry": {"type": "Polygon", "coordinates": [[[101.612831, 3.066989], [101.61277, 3.06699], [101.61263, 3.067018], [101.612631, 3.067161], [101.612692, 3.067161], [101.612833, 3.067132], [101.612831, 3.066989]]]}}, {"type": "Feature", "properties": {}, "geometry": {"type": "Polygon", "coordinates": [[[101.612829, 3.067176], [101.612768, 3.067176], [101.612628, 3.067205], [101.612628, 3.067343], [101.61269, 3.067343], [101.61283, 3.067314], [101.612829, 3.067176]]]}}, {"type": "Feature", "properties": {}, "geometry": {"type": "Polygon", "coordinates": [[[101.61204, 3.066992], [101.611979, 3.066993], [101.611839, 3.067021], [101.61184, 3.067164], [101.611901, 3.067163], [101.612041, 3.067135], [101.61204, 3.066992]]]}}, {"type": "Feature", "properties": {}, "geometry": {"type": "Polygon", "coordinates": [[[101.611248, 3.067002], [101.611186, 3.067002], [101.611046, 3.067031], [101.611047, 3.067166], [101.611109, 3.067165], [101.611249, 3.067137], [101.611248, 3.067002]]]}}, {"type": "Feature", "properties": {}, "geometry": {"type": "Polygon", "coordinates": [[[101.612038, 3.06717], [101.611976, 3.067171], [101.611836, 3.067199], [101.611837, 3.067351], [101.611898, 3.067351], [101.612038, 3.067322], [101.612038, 3.06717]]]}}, {"type": "Feature", "properties": {}, "geometry": {"type": "Polygon", "coordinates": [[[101.611256, 3.067179], [101.611196, 3.067179], [101.611056, 3.067208], [101.611057, 3.067349], [101.611117, 3.067349], [101.611257, 3.06732], [101.611256, 3.067179]]]}}, {"type": "Feature", "properties": {}, "geometry": {"type": "Polygon", "coordinates": [[[101.611924, 3.06754], [101.611863, 3.067541], [101.611723, 3.067569], [101.611724, 3.067708], [101.611785, 3.067708], [101.611925, 3.067679], [101.611924, 3.06754]]]}}, {"type": "Feature", "properties": {}, "geometry": {"type": "Polygon", "coordinates": [[[101.611254, 3.067713], [101.611185, 3.067714], [101.611044, 3.067742], [101.611046, 3.067903], [101.611115, 3.067903], [101.611255, 3.067875], [101.611254, 3.067713]]]}}, {"type": "Feature", "properties": {}, "geometry": {"type": "Polygon", "coordinates": [[[101.612716, 3.06754], [101.612655, 3.067541], [101.612515, 3.067569], [101.612516, 3.06771], [101.612578, 3.067709], [101.612718, 3.067681], [101.612716, 3.06754]]]}}, {"type": "Feature", "properties": {}, "geometry": {"type": "Polygon", "coordinates": [[[101.612038, 3.067707], [101.611977, 3.067708], [101.611837, 3.067736], [101.611839, 3.067898], [101.6119, 3.067897], [101.61204, 3.067869], [101.612038, 3.067707]]]}}, {"type": "Feature", "properties": {}, "geometry": {"type": "Polygon", "coordinates": [[[101.613505, 3.067537], [101.613443, 3.067538], [101.613303, 3.067566], [101.613304, 3.067707], [101.613366, 3.067706], [101.613506, 3.067678], [101.613505, 3.067537]]]}}, {"type": "Feature", "properties": {}, "geometry": {"type": "Polygon", "coordinates": [[[101.612827, 3.067709], [101.612765, 3.067709], [101.612625, 3.067737], [101.612626, 3.067898], [101.612688, 3.067898], [101.612828, 3.06787], [101.612827, 3.067709]]]}}, {"type": "Feature", "properties": {}, "geometry": {"type": "Polygon", "coordinates": [[[101.613506, 3.068093], [101.613444, 3.068094], [101.613304, 3.068122], [101.613305, 3.068262], [101.613367, 3.068262], [101.613507, 3.068234], [101.613506, 3.068093]]]}}, {"type": "Feature", "properties": {}, "geometry": {"type": "Polygon", "coordinates": [[[101.612824, 3.068264], [101.612762, 3.068264], [101.612622, 3.068293], [101.612623, 3.068448], [101.612685, 3.068447], [101.612825, 3.068419], [101.612824, 3.068264]]]}}, {"type": "Feature", "properties": {}, "geometry": {"type": "Polygon", "coordinates": [[[101.612712, 3.068096], [101.612651, 3.068097], [101.612511, 3.068125], [101.612512, 3.068262], [101.612573, 3.068261], [101.612713, 3.068233], [101.612712, 3.068096]]]}}, {"type": "Feature", "properties": {}, "geometry": {"type": "Polygon", "coordinates": [[[101.61204, 3.068264], [101.611978, 3.068264], [101.611838, 3.068293], [101.61184, 3.068449], [101.611901, 3.068449], [101.612041, 3.06842], [101.61204, 3.068264]]]}}, {"type": "Feature", "properties": {}, "geometry": {"type": "Polygon", "coordinates": [[[101.611929, 3.068096], [101.611867, 3.068096], [101.611727, 3.068124], [101.611728, 3.068265], [101.61179, 3.068265], [101.61193, 3.068236], [101.611929, 3.068096]]]}}, {"type": "Feature", "properties": {}, "geometry": {"type": "Polygon", "coordinates": [[[101.61125, 3.068266], [101.611189, 3.068266], [101.611048, 3.068294], [101.61105, 3.068449], [101.611111, 3.068449], [101.611252, 3.06842], [101.61125, 3.068266]]]}}, {"type": "Feature", "properties": {}, "geometry": {"type": "Polygon", "coordinates": [[[101.613507, 3.068647], [101.613446, 3.068648], [101.613306, 3.068676], [101.613308, 3.068808], [101.613369, 3.068807], [101.613509, 3.068779], [101.613507, 3.068647]]]}}, {"type": "Feature", "properties": {}, "geometry": {"type": "Polygon", "coordinates": [[[101.61284, 3.068812], [101.612779, 3.068813], [101.612639, 3.068841], [101.61264, 3.068998], [101.612701, 3.068998], [101.612841, 3.06897], [101.61284, 3.068812]]]}}, {"type": "Feature", "properties": {}, "geometry": {"type": "Polygon", "coordinates": [[[101.612716, 3.068647], [101.612655, 3.068648], [101.612515, 3.068677], [101.612516, 3.068808], [101.612578, 3.068807], [101.612718, 3.068779], [101.612716, 3.068647]]]}}, {"type": "Feature", "properties": {}, "geometry": {"type": "Polygon", "coordinates": [[[101.612048, 3.068819], [101.611987, 3.06882], [101.611847, 3.068848], [101.611848, 3.069], [101.611909, 3.069], [101.612049, 3.068972], [101.612048, 3.068819]]]}}, {"type": "Feature", "properties": {}, "geometry": {"type": "Polygon", "coordinates": [[[101.611252, 3.068657], [101.611191, 3.068658], [101.611051, 3.068686], [101.611053, 3.068828], [101.611114, 3.068828], [101.611254, 3.068799], [101.611252, 3.068657]]]}}, {"type": "Feature", "properties": {}, "geometry": {"type": "Polygon", "coordinates": [[[101.611257, 3.068819], [101.611197, 3.068819], [101.611057, 3.068847], [101.611058, 3.069003], [101.611118, 3.069002], [101.611258, 3.068974], [101.611257, 3.068819]]]}}, {"type": "Feature", "properties": {}, "geometry": {"type": "Polygon", "coordinates": [[[101.611261, 3.069233], [101.611166, 3.069234], [101.611026, 3.069262], [101.611027, 3.069399], [101.611123, 3.069399], [101.611263, 3.06937], [101.611261, 3.069233]]]}}, {"type": "Feature", "properties": {}, "geometry": {"type": "Polygon", "coordinates": [[[101.611936, 3.069391], [101.611874, 3.069392], [101.611734, 3.06942], [101.611735, 3.069582], [101.611797, 3.069581], [101.611937, 3.069553], [101.611936, 3.069391]]]}}, {"type": "Feature", "properties": {}, "geometry": {"type": "Polygon", "coordinates": [[[101.61289, 3.069221], [101.612829, 3.069222], [101.612689, 3.06925], [101.61269, 3.069399], [101.612751, 3.069399], [101.612891, 3.06937], [101.61289, 3.069221]]]}}, {"type": "Feature", "properties": {}, "geometry": {"type": "Polygon", "coordinates": [[[101.612888, 3.069393], [101.612828, 3.069393], [101.612687, 3.069422], [101.612689, 3.069573], [101.61275, 3.069572], [101.61289, 3.069544], [101.612888, 3.069393]]]}}, {"type": "Feature", "properties": {}, "geometry": {"type": "Polygon", "coordinates": [[[101.612886, 3.069769], [101.612825, 3.06977], [101.612685, 3.069798], [101.612686, 3.069936], [101.612747, 3.069936], [101.612887, 3.069907], [101.612886, 3.069769]]]}}, {"type": "Feature", "properties": {}, "geometry": {"type": "Polygon", "coordinates": [[[101.612885, 3.069942], [101.612824, 3.069943], [101.612683, 3.069971], [101.612685, 3.070128], [101.612746, 3.070127], [101.612886, 3.070099], [101.612885, 3.069942]]]}}, {"type": "Feature", "properties": {}, "geometry": {"type": "Polygon", "coordinates": [[[101.61362, 3.070318], [101.613559, 3.070318], [101.613419, 3.070346], [101.613421, 3.070487], [101.613481, 3.070486], [101.613622, 3.070458], [101.61362, 3.070318]]]}}, {"type": "Feature", "properties": {}, "geometry": {"type": "Polygon", "coordinates": [[[101.611263, 3.069764], [101.611202, 3.069765], [101.611062, 3.069793], [101.611063, 3.069956], [101.611124, 3.069955], [101.611265, 3.069927], [101.611263, 3.069764]]]}}, {"type": "Feature", "properties": {}, "geometry": {"type": "Polygon", "coordinates": [[[101.611262, 3.069947], [101.611201, 3.069948], [101.611061, 3.069976], [101.611062, 3.07013], [101.611123, 3.070129], [101.611263, 3.070101], [101.611262, 3.069947]]]}}, {"type": "Feature", "properties": {}, "geometry": {"type": "Polygon", "coordinates": [[[101.612826, 3.07032], [101.612719, 3.070321], [101.612578, 3.070349], [101.61258, 3.070489], [101.612688, 3.070488], [101.612828, 3.070459], [101.612826, 3.07032]]]}}, {"type": "Feature", "properties": {}, "geometry": {"type": "Polygon", "coordinates": [[[101.611932, 3.070325], [101.611871, 3.070326], [101.611731, 3.070354], [101.611732, 3.070503], [101.611793, 3.070503], [101.611933, 3.070474], [101.611932, 3.070325]]]}}, {"type": "Feature", "properties": {}, "geometry": {"type": "Polygon", "coordinates": [[[101.611784, 3.063382], [101.611534, 3.063386], [101.611394, 3.063414], [101.611396, 3.063552], [101.611646, 3.063548], [101.611786, 3.06352], [101.611784, 3.063382]]]}}, {"type": "Feature", "properties": {}, "geometry": {"type": "Polygon", "coordinates": [[[101.61178, 3.063529], [101.611599, 3.063533], [101.611458, 3.063562], [101.611463, 3.063715], [101.611644, 3.063711], [101.611784, 3.063682], [101.61178, 3.063529]]]}}, {"type": "Feature", "properties": {}, "geometry": {"type": "Polygon", "coordinates": [[[101.611821, 3.063552], [101.611681, 3.06358], [101.61168, 3.063704], [101.611781, 3.063705], [101.611921, 3.063676], [101.611922, 3.063553], [101.611821, 3.063552]]]}}, {"type": "Feature", "properties": {}, "geometry": {"type": "Polygon", "coordinates": [[[101.612058, 3.063538], [101.611944, 3.063539], [101.611804, 3.063567], [101.611805, 3.063714], [101.611919, 3.063713], [101.612059, 3.063685], [101.612058, 3.063538]]]}}, {"type": "Feature", "properties": {}, "geometry": {"type": "Polygon", "coordinates": [[[101.612192, 3.063539], [101.612083, 3.06354], [101.611943, 3.063568], [101.611944, 3.063714], [101.612053, 3.063713], [101.612193, 3.063685], [101.612192, 3.063539]]]}}, {"type": "Feature", "properties": {}, "geometry": {"type": "Polygon", "coordinates": [[[101.612598, 3.063393], [101.612493, 3.063394], [101.612353, 3.063422], [101.612354, 3.06357], [101.612459, 3.063569], [101.612599, 3.063541], [101.612598, 3.063393]]]}}, {"type": "Feature", "properties": {}, "geometry": {"type": "Polygon", "coordinates": [[[101.612471, 3.063394], [101.612358, 3.063394], [101.612218, 3.063423], [101.612219, 3.06357], [101.612331, 3.063569], [101.612472, 3.063541], [101.612471, 3.063394]]]}}, {"type": "Feature", "properties": {}, "geometry": {"type": "Polygon", "coordinates": [[[101.612331, 3.063404], [101.612222, 3.063405], [101.612082, 3.063433], [101.612083, 3.063575], [101.612192, 3.063574], [101.612332, 3.063546], [101.612331, 3.063404]]]}}, {"type": "Feature", "properties": {}, "geometry": {"type": "Polygon", "coordinates": [[[101.611848, 3.063913], [101.611708, 3.063941], [101.61171, 3.064035], [101.611832, 3.064142], [101.611884, 3.064143], [101.612024, 3.064114], [101.612024, 3.063916], [101.611848, 3.063913]]]}}, {"type": "Feature", "properties": {}, "geometry": {"type": "Polygon", "coordinates": [[[101.612485, 3.063901], [101.612345, 3.063929], [101.612345, 3.064068], [101.612473, 3.064068], [101.612613, 3.06404], [101.612613, 3.063901], [101.612485, 3.063901]]]}}, {"type": "Feature", "properties": {}, "geometry": {"type": "Polygon", "coordinates": [[[101.612335, 3.063886], [101.612195, 3.063915], [101.612195, 3.064065], [101.612306, 3.064065], [101.612446, 3.064036], [101.612446, 3.063886], [101.612335, 3.063886]]]}}, {"type": "Feature", "properties": {}, "geometry": {"type": "Polygon", "coordinates": [[[101.612198, 3.063886], [101.612058, 3.063915], [101.612058, 3.064064], [101.612169, 3.064064], [101.612309, 3.064036], [101.612309, 3.063886], [101.612198, 3.063886]]]}}, {"type": "Feature", "properties": {}, "geometry": {"type": "Polygon", "coordinates": [[[101.612056, 3.063892], [101.611916, 3.06392], [101.611916, 3.064067], [101.612029, 3.064067], [101.612169, 3.064039], [101.612169, 3.063892], [101.612056, 3.063892]]]}}, {"type": "Feature", "properties": {}, "geometry": {"type": "Polygon", "coordinates": [[[101.613492, 3.063393], [101.613385, 3.063393], [101.613244, 3.063422], [101.613245, 3.063568], [101.613352, 3.063568], [101.613492, 3.063539], [101.613492, 3.063393]]]}}, {"type": "Feature", "properties": {}, "geometry": {"type": "Polygon", "coordinates": [[[101.613352, 3.063388], [101.613243, 3.063388], [101.613103, 3.063416], [101.613103, 3.063568], [101.613212, 3.063568], [101.613352, 3.063539], [101.613352, 3.063388]]]}}, {"type": "Feature", "properties": {}, "geometry": {"type": "Polygon", "coordinates": [[[101.613217, 3.063388], [101.61311, 3.063388], [101.61297, 3.063417], [101.61297, 3.063567], [101.613077, 3.063567], [101.613217, 3.063539], [101.613217, 3.063388]]]}}, {"type": "Feature", "properties": {}, "geometry": {"type": "Polygon", "coordinates": [[[101.61308, 3.063392], [101.612971, 3.063392], [101.612831, 3.063421], [101.612831, 3.063567], [101.612941, 3.063567], [101.613081, 3.063539], [101.61308, 3.063392]]]}}, {"type": "Feature", "properties": {}, "geometry": {"type": "Polygon", "coordinates": [[[101.612947, 3.063537], [101.612838, 3.063537], [101.612698, 3.063566], [101.612698, 3.063718], [101.612807, 3.063717], [101.612947, 3.063689], [101.612947, 3.063537]]]}}, {"type": "Feature", "properties": {}, "geometry": {"type": "Polygon", "coordinates": [[[101.613457, 3.064873], [101.613271, 3.064878], [101.61313, 3.064907], [101.613132, 3.065088], [101.613176, 3.065092], [101.613317, 3.065064], [101.613456, 3.064927], [101.613457, 3.064873]]]}}, {"type": "Feature", "properties": {}, "geometry": {"type": "Polygon", "coordinates": [[[101.613237, 3.064889], [101.613129, 3.06489], [101.612989, 3.064918], [101.61299, 3.06506], [101.613099, 3.065059], [101.613239, 3.065031], [101.613237, 3.064889]]]}}, {"type": "Feature", "properties": {}, "geometry": {"type": "Polygon", "coordinates": [[[101.612966, 3.065034], [101.612846, 3.065035], [101.612706, 3.065063], [101.612707, 3.065208], [101.612827, 3.065207], [101.612967, 3.065178], [101.612966, 3.065034]]]}}, {"type": "Feature", "properties": {}, "geometry": {"type": "Polygon", "coordinates": [[[101.613102, 3.065034], [101.612988, 3.065034], [101.612848, 3.065062], [101.612849, 3.065206], [101.612963, 3.065206], [101.613103, 3.065177], [101.613102, 3.065034]]]}}, {"type": "Feature", "properties": {}, "geometry": {"type": "Polygon", "coordinates": [[[101.611211, 3.064376], [101.611157, 3.064376], [101.611017, 3.064405], [101.611017, 3.064526], [101.611072, 3.064526], [101.611212, 3.064498], [101.611211, 3.064376]]]}}, {"type": "Feature", "properties": {}, "geometry": {"type": "Polygon", "coordinates": [[[101.611093, 3.064041], [101.611038, 3.064042], [101.610898, 3.06407], [101.6109, 3.064195], [101.610954, 3.064194], [101.611094, 3.064165], [101.611093, 3.064041]]]}}, {"type": "Feature", "properties": {}, "geometry": {"type": "Polygon", "coordinates": [[[101.611765, 3.064533], [101.611711, 3.064534], [101.611571, 3.064562], [101.611572, 3.064688], [101.611626, 3.064687], [101.611767, 3.064659], [101.611765, 3.064533]]]}}, {"type": "Feature", "properties": {}, "geometry": {"type": "Polygon", "coordinates": [[[101.611232, 3.064872], [101.611177, 3.064873], [101.611037, 3.064901], [101.611037, 3.065022], [101.611092, 3.065022], [101.611232, 3.064993], [101.611232, 3.064872]]]}}, {"type": "Feature", "properties": {}, "geometry": {"type": "Polygon", "coordinates": [[[101.611311, 3.065025], [101.611163, 3.065027], [101.611023, 3.065055], [101.611024, 3.065119], [101.611047, 3.065186], [101.611172, 3.065184], [101.611312, 3.065156], [101.611311, 3.065025]]]}}, {"type": "Feature", "properties": {}, "geometry": {"type": "Polygon", "coordinates": [[[101.611252, 3.065863], [101.611112, 3.065892], [101.611111, 3.06603], [101.611172, 3.066031], [101.611312, 3.066002], [101.611313, 3.065864], [101.611252, 3.065863]]]}}, {"type": "Feature", "properties": {}, "geometry": {"type": "Polygon", "coordinates": [[[101.612522, 3.065857], [101.612461, 3.065857], [101.612321, 3.065886], [101.612322, 3.066023], [101.612383, 3.066023], [101.612523, 3.065994], [101.612522, 3.065857]]]}}, {"type": "Feature", "properties": {}, "geometry": {"type": "Polygon", "coordinates": [[[101.612034, 3.066028], [101.611973, 3.066029], [101.611833, 3.066057], [101.611834, 3.066217], [101.611896, 3.066217], [101.612036, 3.066188], [101.612034, 3.066028]]]}}, {"type": "Feature", "properties": {}, "geometry": {"type": "Polygon", "coordinates": [[[101.611248, 3.066033], [101.611186, 3.066033], [101.611046, 3.066061], [101.611047, 3.066223], [101.611109, 3.066223], [101.611249, 3.066194], [101.611248, 3.066033]]]}}, {"type": "Feature", "properties": {}, "geometry": {"type": "Polygon", "coordinates": [[[101.612031, 3.066416], [101.61197, 3.066416], [101.611829, 3.066444], [101.611831, 3.066588], [101.611892, 3.066587], [101.612032, 3.066559], [101.612031, 3.066416]]]}}, {"type": "Feature", "properties": {}, "geometry": {"type": "Polygon", "coordinates": [[[101.612033, 3.066575], [101.611972, 3.066575], [101.611831, 3.066604], [101.611833, 3.066761], [101.611894, 3.06676], [101.612034, 3.066732], [101.612033, 3.066575]]]}}, {"type": "Feature", "properties": {}, "geometry": {"type": "Polygon", "coordinates": [[[101.611249, 3.066415], [101.611189, 3.066415], [101.611048, 3.066444], [101.61105, 3.066596], [101.611111, 3.066595], [101.611251, 3.066567], [101.611249, 3.066415]]]}}, {"type": "Feature", "properties": {}, "geometry": {"type": "Polygon", "coordinates": [[[101.611249, 3.066584], [101.611189, 3.066584], [101.611048, 3.066612], [101.61105, 3.066772], [101.61111, 3.066772], [101.611251, 3.066743], [101.611249, 3.066584]]]}}, {"type": "Feature", "properties": {}, "geometry": {"type": "Polygon", "coordinates": [[[101.613974, 3.065611], [101.612923, 3.065823], [101.612923, 3.066085], [101.613392, 3.066085], [101.614443, 3.065873], [101.614443, 3.065611], [101.613974, 3.065611]]]}}, {"type": "Feature", "properties": {}, "geometry": {"type": "Polygon", "coordinates": [[[101.613654, 3.066019], [101.612954, 3.066161], [101.612954, 3.066222], [101.613162, 3.066222], [101.613862, 3.06608], [101.613862, 3.066019], [101.613654, 3.066019]]]}}, {"type": "Feature", "properties": {}, "geometry": {"type": "Polygon", "coordinates": [[[101.613909, 3.066017], [101.613209, 3.066159], [101.613209, 3.06622], [101.613415, 3.06622], [101.614116, 3.066079], [101.614116, 3.066017], [101.613909, 3.066017]]]}}, {"type": "Feature", "properties": {}, "geometry": {"type": "Polygon", "coordinates": [[[101.612481, 3.066389], [101.61227, 3.066432], [101.61227, 3.066774], [101.612488, 3.066774], [101.612698, 3.066731], [101.612698, 3.066389], [101.612481, 3.066389]]]}}, {"type": "Feature", "properties": {}, "geometry": {"type": "Polygon", "coordinates": [[[101.613377, 3.06289], [101.613286, 3.062894], [101.613145, 3.062922], [101.613153, 3.063084], [101.613244, 3.06308], [101.613385, 3.063051], [101.613377, 3.06289]]]}}, {"type": "Feature", "properties": {}, "geometry": {"type": "Polygon", "coordinates": [[[101.613157, 3.062918], [101.613068, 3.062919], [101.612927, 3.062948], [101.61293, 3.063109], [101.613019, 3.063108], [101.613159, 3.063079], [101.613157, 3.062918]]]}}, {"type": "Feature", "properties": {}, "geometry": {"type": "Polygon", "coordinates": [[[101.613019, 3.06292], [101.612931, 3.062923], [101.612791, 3.062951], [101.612796, 3.063116], [101.612883, 3.063114], [101.613024, 3.063085], [101.613019, 3.06292]]]}}, {"type": "Feature", "properties": {}, "geometry": {"type": "Polygon", "coordinates": [[[101.611327, 3.063058], [101.611187, 3.063086], [101.611253, 3.063233], [101.611335, 3.063234], [101.611475, 3.063206], [101.611477, 3.063059], [101.611327, 3.063058]]]}}, {"type": "Feature", "properties": {}, "geometry": {"type": "Polygon", "coordinates": [[[101.611632, 3.063029], [101.611492, 3.063057], [101.611489, 3.063223], [101.611579, 3.063225], [101.611719, 3.063197], [101.611722, 3.06303], [101.611632, 3.063029]]]}}, {"type": "Feature", "properties": {}, "geometry": {"type": "Polygon", "coordinates": [[[101.611851, 3.063008], [101.611711, 3.063036], [101.611707, 3.063208], [101.611791, 3.063209], [101.611931, 3.063181], [101.611934, 3.063009], [101.611851, 3.063008]]]}}, {"type": "Feature", "properties": {}, "geometry": {"type": "Polygon", "coordinates": [[[101.612164, 3.062989], [101.612067, 3.06299], [101.611927, 3.063018], [101.611928, 3.063187], [101.612025, 3.063187], [101.612165, 3.063158], [101.612164, 3.062989]]]}}, {"type": "Feature", "properties": {}, "geometry": {"type": "Polygon", "coordinates": [[[101.612385, 3.06296], [101.61229, 3.06296], [101.61215, 3.062988], [101.61215, 3.063003], [101.61215, 3.063172], [101.612245, 3.063171], [101.612386, 3.063143], [101.612385, 3.06296]]]}}, {"type": "Feature", "properties": {}, "geometry": {"type": "Polygon", "coordinates": [[[101.612501, 3.062966], [101.612407, 3.062968], [101.612266, 3.062996], [101.612269, 3.063153], [101.612364, 3.063152], [101.612504, 3.063123], [101.612501, 3.062966]]]}}, {"type": "Feature", "properties": {}, "geometry": {"type": "Polygon", "coordinates": [[[101.61192, 3.062759], [101.611811, 3.062764], [101.611671, 3.062792], [101.61168, 3.063002], [101.611789, 3.062997], [101.611929, 3.062969], [101.61192, 3.062759]]]}}, {"type": "Feature", "properties": {}, "geometry": {"type": "Polygon", "coordinates": [[[101.611781, 3.062776], [101.611651, 3.06278], [101.611511, 3.062808], [101.611517, 3.063003], [101.611646, 3.062999], [101.611786, 3.062971], [101.611781, 3.062776]]]}}, {"type": "Feature", "properties": {}, "geometry": {"type": "Polygon", "coordinates": [[[101.611621, 3.062791], [101.611502, 3.062795], [101.611362, 3.062824], [101.611369, 3.063029], [101.611488, 3.063024], [101.611628, 3.062996], [101.611621, 3.062791]]]}}, {"type": "Feature", "properties": {}, "geometry": {"type": "Polygon", "coordinates": [[[101.611462, 3.062805], [101.611344, 3.062811], [101.611204, 3.062839], [101.611215, 3.063047], [101.611333, 3.063041], [101.611473, 3.063012], [101.611462, 3.062805]]]}}, {"type": "Feature", "properties": {}, "geometry": {"type": "Polygon", "coordinates": [[[101.611288, 3.062834], [101.611177, 3.06284], [101.611036, 3.062868], [101.611047, 3.06307], [101.611159, 3.063064], [101.611299, 3.063035], [101.611288, 3.062834]]]}}, {"type": "Feature", "properties": {}, "geometry": {"type": "Polygon", "coordinates": [[[101.611123, 3.062888], [101.611014, 3.062896], [101.610873, 3.062924], [101.610889, 3.063132], [101.610998, 3.063124], [101.611138, 3.063095], [101.611123, 3.062888]]]}}, {"type": "Feature", "properties": {}, "geometry": {"type": "Polygon", "coordinates": [[[101.610952, 3.062946], [101.610812, 3.062953], [101.610672, 3.062981], [101.610683, 3.063181], [101.610822, 3.063173], [101.610962, 3.063145], [101.610952, 3.062946]]]}}, {"type": "Feature", "properties": {}, "geometry": {"type": "Polygon", "coordinates": [[[101.610947, 3.063215], [101.610807, 3.063243], [101.610733, 3.063305], [101.610833, 3.063425], [101.610974, 3.063396], [101.611093, 3.063297], [101.611033, 3.063226], [101.610947, 3.063215]]]}}, {"type": "Feature", "properties": {}, "geometry": {"type": "Polygon", "coordinates": [[[101.611173, 3.063392], [101.611032, 3.063421], [101.61091, 3.06352], [101.610968, 3.063591], [101.611109, 3.063563], [101.611231, 3.063463], [101.611173, 3.063392]]]}}, {"type": "Feature", "properties": {}, "geometry": {"type": "Polygon", "coordinates": [[[101.611305, 3.063564], [101.611165, 3.063593], [101.611046, 3.06369], [101.611104, 3.063761], [101.611244, 3.063733], [101.611363, 3.063636], [101.611305, 3.063564]]]}}, {"type": "Feature", "properties": {}, "geometry": {"type": "Polygon", "coordinates": [[[101.611442, 3.063733], [101.611302, 3.063761], [101.611176, 3.063864], [101.611236, 3.063936], [101.611376, 3.063908], [101.611501, 3.063805], [101.611442, 3.063733]]]}}, {"type": "Feature", "properties": {}, "geometry": {"type": "Polygon", "coordinates": [[[101.611577, 3.063902], [101.611437, 3.063931], [101.611315, 3.06403], [101.611375, 3.064104], [101.611516, 3.064075], [101.611637, 3.063976], [101.611577, 3.063902]]]}}, {"type": "Feature", "properties": {}, "geometry": {"type": "Polygon", "coordinates": [[[101.611713, 3.064077], [101.611573, 3.064106], [101.611453, 3.064204], [101.611514, 3.064278], [101.611655, 3.06425], [101.611774, 3.064152], [101.611713, 3.064077]]]}}, {"type": "Feature", "properties": {}, "geometry": {"type": "Polygon", "coordinates": [[[101.611851, 3.064249], [101.611711, 3.064277], [101.611588, 3.064377], [101.611648, 3.06445], [101.611788, 3.064422], [101.61191, 3.064321], [101.611851, 3.064249]]]}}, {"type": "Feature", "properties": {}, "geometry": {"type": "Polygon", "coordinates": [[[101.611976, 3.064438], [101.611836, 3.064467], [101.611734, 3.06455], [101.611797, 3.064626], [101.611937, 3.064597], [101.612038, 3.064514], [101.611976, 3.064438]]]}}, {"type": "Feature", "properties": {}, "geometry": {"type": "Polygon", "coordinates": [[[101.612119, 3.064597], [101.611979, 3.064625], [101.611862, 3.064721], [101.611923, 3.064795], [101.612063, 3.064767], [101.61218, 3.064671], [101.612119, 3.064597]]]}}, {"type": "Feature", "properties": {}, "geometry": {"type": "Polygon", "coordinates": [[[101.612243, 3.064766], [101.612103, 3.064795], [101.611976, 3.0649], [101.612035, 3.064971], [101.612175, 3.064942], [101.612302, 3.064837], [101.612243, 3.064766]]]}}, {"type": "Feature", "properties": {}, "geometry": {"type": "Polygon", "coordinates": [[[101.612385, 3.064938], [101.612245, 3.064967], [101.612114, 3.065076], [101.612172, 3.065145], [101.612312, 3.065117], [101.612443, 3.065008], [101.612385, 3.064938]]]}}, {"type": "Feature", "properties": {}, "geometry": {"type": "Polygon", "coordinates": [[[101.605742, 3.062749], [101.605602, 3.062778], [101.60552, 3.062912], [101.605725, 3.063038], [101.605865, 3.063009], [101.605948, 3.062875], [101.605742, 3.062749]]]}}, {"type": "Feature", "properties": {}, "geometry": {"type": "Polygon", "coordinates": [[[101.605651, 3.062913], [101.605511, 3.062941], [101.605426, 3.06308], [101.605637, 3.063209], [101.605777, 3.063181], [101.605862, 3.063042], [101.605651, 3.062913]]]}}, {"type": "Feature", "properties": {}, "geometry": {"type": "Polygon", "coordinates": [[[101.605553, 3.063099], [101.605413, 3.063127], [101.605327, 3.063267], [101.605532, 3.063392], [101.605672, 3.063364], [101.605758, 3.063224], [101.605553, 3.063099]]]}}, {"type": "Feature", "properties": {}, "geometry": {"type": "Polygon", "coordinates": [[[101.605459, 3.063257], [101.605319, 3.063285], [101.60523, 3.063429], [101.60543, 3.063552], [101.60557, 3.063523], [101.605659, 3.063379], [101.605459, 3.063257]]]}}, {"type": "Feature", "properties": {}, "geometry": {"type": "Polygon", "coordinates": [[[101.606065, 3.062957], [101.605925, 3.062985], [101.605834, 3.063134], [101.606059, 3.063272], [101.606199, 3.063243], [101.606291, 3.063095], [101.606065, 3.062957]]]}}, {"type": "Feature", "properties": {}, "geometry": {"type": "Polygon", "coordinates": [[[101.605957, 3.063124], [101.605817, 3.063152], [101.605721, 3.063308], [101.605954, 3.063451], [101.606094, 3.063422], [101.60619, 3.063266], [101.605957, 3.063124]]]}}, {"type": "Feature", "properties": {}, "geometry": {"type": "Polygon", "coordinates": [[[101.605826, 3.063329], [101.605686, 3.063357], [101.605597, 3.063502], [101.605825, 3.063642], [101.605965, 3.063614], [101.606055, 3.063468], [101.605826, 3.063329]]]}}, {"type": "Feature", "properties": {}, "geometry": {"type": "Polygon", "coordinates": [[[101.605721, 3.063492], [101.605581, 3.063521], [101.605499, 3.063655], [101.605729, 3.063796], [101.605869, 3.063767], [101.605951, 3.063633], [101.605721, 3.063492]]]}}, {"type": "Feature", "properties": {}, "geometry": {"type": "Polygon", "coordinates": [[[101.606386, 3.063012], [101.606246, 3.06304], [101.606157, 3.063185], [101.606347, 3.063301], [101.606487, 3.063273], [101.606576, 3.063128], [101.606386, 3.063012]]]}}, {"type": "Feature", "properties": {}, "geometry": {"type": "Polygon", "coordinates": [[[101.606284, 3.063181], [101.606144, 3.06321], [101.60605, 3.063363], [101.606248, 3.063484], [101.606388, 3.063456], [101.606482, 3.063302], [101.606284, 3.063181]]]}}, {"type": "Feature", "properties": {}, "geometry": {"type": "Polygon", "coordinates": [[[101.606158, 3.063385], [101.606018, 3.063413], [101.605932, 3.063553], [101.606141, 3.063681], [101.606281, 3.063653], [101.606367, 3.063513], [101.606158, 3.063385]]]}}, {"type": "Feature", "properties": {}, "geometry": {"type": "Polygon", "coordinates": [[[101.606057, 3.06355], [101.605917, 3.063578], [101.605822, 3.063732], [101.606034, 3.063863], [101.606174, 3.063834], [101.606269, 3.06368], [101.606057, 3.06355]]]}}, {"type": "Feature", "properties": {}, "geometry": {"type": "Polygon", "coordinates": [[[101.605939, 3.063733], [101.605799, 3.063761], [101.605708, 3.063909], [101.605917, 3.064037], [101.606057, 3.064009], [101.606148, 3.063861], [101.605939, 3.063733]]]}}, {"type": "Feature", "properties": {}, "geometry": {"type": "Polygon", "coordinates": [[[101.606709, 3.063201], [101.606569, 3.063229], [101.606482, 3.063371], [101.606676, 3.06349], [101.606816, 3.063462], [101.606903, 3.06332], [101.606709, 3.063201]]]}}, {"type": "Feature", "properties": {}, "geometry": {"type": "Polygon", "coordinates": [[[101.606616, 3.063376], [101.606476, 3.063404], [101.606385, 3.063552], [101.606587, 3.063675], [101.606727, 3.063647], [101.606818, 3.063499], [101.606616, 3.063376]]]}}, {"type": "Feature", "properties": {}, "geometry": {"type": "Polygon", "coordinates": [[[101.606513, 3.063548], [101.606373, 3.063576], [101.606273, 3.063741], [101.606477, 3.063866], [101.606618, 3.063838], [101.606718, 3.063673], [101.606513, 3.063548]]]}}, {"type": "Feature", "properties": {}, "geometry": {"type": "Polygon", "coordinates": [[[101.606382, 3.063744], [101.606242, 3.063772], [101.606156, 3.063912], [101.606365, 3.06404], [101.606505, 3.064012], [101.606591, 3.063872], [101.606382, 3.063744]]]}}, {"type": "Feature", "properties": {}, "geometry": {"type": "Polygon", "coordinates": [[[101.606284, 3.063906], [101.606144, 3.063934], [101.606053, 3.064083], [101.606264, 3.064213], [101.606404, 3.064184], [101.606496, 3.064035], [101.606284, 3.063906]]]}}, {"type": "Feature", "properties": {}, "geometry": {"type": "Polygon", "coordinates": [[[101.607001, 3.063274], [101.606861, 3.063302], [101.606774, 3.063443], [101.606952, 3.063552], [101.607092, 3.063524], [101.607178, 3.063383], [101.607001, 3.063274]]]}}, {"type": "Feature", "properties": {}, "geometry": {"type": "Polygon", "coordinates": [[[101.606911, 3.063443], [101.606771, 3.063471], [101.606681, 3.063616], [101.606848, 3.063718], [101.606989, 3.06369], [101.607078, 3.063545], [101.606911, 3.063443]]]}}, {"type": "Feature", "properties": {}, "geometry": {"type": "Polygon", "coordinates": [[[101.606806, 3.063616], [101.606666, 3.063645], [101.606578, 3.063787], [101.606762, 3.0639], [101.606902, 3.063872], [101.60699, 3.063729], [101.606806, 3.063616]]]}}, {"type": "Feature", "properties": {}, "geometry": {"type": "Polygon", "coordinates": [[[101.606708, 3.063783], [101.606567, 3.063811], [101.606478, 3.063957], [101.606668, 3.064074], [101.606808, 3.064046], [101.606898, 3.063899], [101.606708, 3.063783]]]}}, {"type": "Feature", "properties": {}, "geometry": {"type": "Polygon", "coordinates": [[[101.606597, 3.063955], [101.606457, 3.063983], [101.60637, 3.064125], [101.606569, 3.064245], [101.606709, 3.064217], [101.606795, 3.064075], [101.606597, 3.063955]]]}}, {"type": "Feature", "properties": {}, "geometry": {"type": "Polygon", "coordinates": [[[101.60649, 3.064129], [101.60635, 3.064157], [101.606275, 3.064288], [101.606475, 3.064403], [101.606615, 3.064374], [101.60669, 3.064244], [101.60649, 3.064129]]]}}, {"type": "Feature", "properties": {}, "geometry": {"type": "Polygon", "coordinates": [[[101.607068, 3.063971], [101.606927, 3.064], [101.606848, 3.064127], [101.607043, 3.064249], [101.607183, 3.064221], [101.607263, 3.064094], [101.607068, 3.063971]]]}}, {"type": "Feature", "properties": {}, "geometry": {"type": "Polygon", "coordinates": [[[101.607381, 3.06341], [101.607241, 3.063438], [101.607176, 3.063581], [101.607382, 3.063674], [101.607522, 3.063645], [101.607587, 3.063502], [101.607381, 3.06341]]]}}, {"type": "Feature", "properties": {}, "geometry": {"type": "Polygon", "coordinates": [[[101.607109, 3.062971], [101.606969, 3.063], [101.606934, 3.063159], [101.607124, 3.063201], [101.607265, 3.063172], [101.6073, 3.063014], [101.607109, 3.062971]]]}}, {"type": "Feature", "properties": {}, "geometry": {"type": "Polygon", "coordinates": [[[101.607467, 3.063185], [101.607327, 3.063213], [101.607281, 3.063349], [101.607492, 3.063422], [101.607632, 3.063393], [101.607679, 3.063258], [101.607467, 3.063185]]]}}, {"type": "Feature", "properties": {}, "geometry": {"type": "Polygon", "coordinates": [[[101.614966, 3.075703], [101.614826, 3.075732], [101.614824, 3.075922], [101.614907, 3.075922], [101.615047, 3.075894], [101.615049, 3.075704], [101.614966, 3.075703]]]}}, {"type": "Feature", "properties": {}, "geometry": {"type": "Polygon", "coordinates": [[[101.614965, 3.075925], [101.614825, 3.075954], [101.614824, 3.076144], [101.614907, 3.076144], [101.615047, 3.076116], [101.615048, 3.075926], [101.614965, 3.075925]]]}}, {"type": "Feature", "properties": {}, "geometry": {"type": "Polygon", "coordinates": [[[101.615118, 3.075279], [101.614812, 3.075341], [101.614812, 3.075546], [101.615548, 3.075546], [101.615855, 3.075484], [101.615855, 3.075279], [101.615118, 3.075279]]]}}, {"type": "Feature", "properties": {}, "geometry": {"type": "Polygon", "coordinates": [[[101.615104, 3.074746], [101.614798, 3.074808], [101.614798, 3.075013], [101.615534, 3.075013], [101.615841, 3.074951], [101.615841, 3.074746], [101.615104, 3.074746]]]}}, {"type": "Feature", "properties": {}, "geometry": {"type": "Polygon", "coordinates": [[[101.614452, 3.075215], [101.614162, 3.075216], [101.613952, 3.075259], [101.613953, 3.075402], [101.614243, 3.075401], [101.614453, 3.075358], [101.614452, 3.075215]]]}}, {"type": "Feature", "properties": {}, "geometry": {"type": "Polygon", "coordinates": [[[101.614304, 3.075796], [101.613997, 3.075858], [101.613997, 3.076512], [101.614184, 3.076512], [101.61449, 3.07645], [101.61449, 3.075796], [101.614304, 3.075796]]]}}, {"type": "Feature", "properties": {}, "geometry": {"type": "Polygon", "coordinates": [[[101.614234, 3.07542], [101.613928, 3.075482], [101.613926, 3.075668], [101.614582, 3.075673], [101.614888, 3.075611], [101.61489, 3.075425], [101.614234, 3.07542]]]}}, {"type": "Feature", "properties": {}, "geometry": {"type": "Polygon", "coordinates": [[[101.615077, 3.071663], [101.615012, 3.071663], [101.614871, 3.071692], [101.614872, 3.071838], [101.614937, 3.071838], [101.615078, 3.071809], [101.615077, 3.071663]]]}}, {"type": "Feature", "properties": {}, "geometry": {"type": "Polygon", "coordinates": [[[101.615018, 3.072159], [101.614878, 3.072187], [101.614878, 3.072343], [101.614934, 3.072343], [101.615074, 3.072314], [101.615074, 3.072159], [101.615018, 3.072159]]]}}, {"type": "Feature", "properties": {}, "geometry": {"type": "Polygon", "coordinates": [[[101.615078, 3.072658], [101.615022, 3.072658], [101.614882, 3.072686], [101.614882, 3.072843], [101.614938, 3.072843], [101.615078, 3.072815], [101.615078, 3.072658]]]}}, {"type": "Feature", "properties": {}, "geometry": {"type": "Polygon", "coordinates": [[[101.615211, 3.074008], [101.615149, 3.074008], [101.614886, 3.074061], [101.614886, 3.074279], [101.614949, 3.074279], [101.615211, 3.074225], [101.615211, 3.074008]]]}}, {"type": "Feature", "properties": {}, "geometry": {"type": "Polygon", "coordinates": [[[101.615212, 3.073745], [101.61515, 3.073745], [101.614887, 3.073799], [101.614888, 3.074022], [101.614949, 3.074021], [101.615212, 3.073968], [101.615212, 3.073745]]]}}, {"type": "Feature", "properties": {}, "geometry": {"type": "Polygon", "coordinates": [[[101.615077, 3.073158], [101.615022, 3.073158], [101.614882, 3.073187], [101.614882, 3.073347], [101.614937, 3.073347], [101.615078, 3.073319], [101.615077, 3.073158]]]}}, {"type": "Feature", "properties": {}, "geometry": {"type": "Polygon", "coordinates": [[[101.614056, 3.070899], [101.614, 3.070899], [101.61386, 3.070927], [101.613861, 3.071063], [101.613916, 3.071063], [101.614056, 3.071035], [101.614056, 3.070899]]]}}, {"type": "Feature", "properties": {}, "geometry": {"type": "Polygon", "coordinates": [[[101.614776, 3.071062], [101.61472, 3.071063], [101.61458, 3.071091], [101.614581, 3.071238], [101.614636, 3.071238], [101.614776, 3.07121], [101.614776, 3.071062]]]}}, {"type": "Feature", "properties": {}, "geometry": {"type": "Polygon", "coordinates": [[[101.614057, 3.071397], [101.614002, 3.071397], [101.613862, 3.071426], [101.613862, 3.071562], [101.613917, 3.071562], [101.614057, 3.071533], [101.614057, 3.071397]]]}}, {"type": "Feature", "properties": {}, "geometry": {"type": "Polygon", "coordinates": [[[101.61477, 3.072052], [101.614716, 3.072053], [101.614576, 3.072081], [101.614576, 3.072225], [101.61463, 3.072225], [101.61477, 3.072197], [101.61477, 3.072052]]]}}, {"type": "Feature", "properties": {}, "geometry": {"type": "Polygon", "coordinates": [[[101.614002, 3.071882], [101.613862, 3.07191], [101.613862, 3.072062], [101.613917, 3.072062], [101.614057, 3.072034], [101.614057, 3.071882], [101.614002, 3.071882]]]}}, {"type": "Feature", "properties": {}, "geometry": {"type": "Polygon", "coordinates": [[[101.614777, 3.072555], [101.614722, 3.072555], [101.614582, 3.072583], [101.614582, 3.072725], [101.614637, 3.072725], [101.614777, 3.072696], [101.614777, 3.072555]]]}}, {"type": "Feature", "properties": {}, "geometry": {"type": "Polygon", "coordinates": [[[101.614004, 3.072388], [101.613864, 3.072417], [101.613865, 3.072565], [101.61392, 3.072565], [101.61406, 3.072536], [101.61406, 3.072388], [101.614004, 3.072388]]]}}, {"type": "Feature", "properties": {}, "geometry": {"type": "Polygon", "coordinates": [[[101.614065, 3.072884], [101.61401, 3.072884], [101.61387, 3.072912], [101.61387, 3.073058], [101.613925, 3.073058], [101.614065, 3.073029], [101.614065, 3.072884]]]}}, {"type": "Feature", "properties": {}, "geometry": {"type": "Polygon", "coordinates": [[[101.614785, 3.073053], [101.61473, 3.073053], [101.61459, 3.073081], [101.61459, 3.073224], [101.614645, 3.073224], [101.614785, 3.073196], [101.614785, 3.073053]]]}}, {"type": "Feature", "properties": {}, "geometry": {"type": "Polygon", "coordinates": [[[101.614737, 3.074052], [101.614597, 3.07408], [101.614597, 3.074222], [101.614653, 3.074222], [101.614793, 3.074194], [101.614793, 3.074052], [101.614737, 3.074052]]]}}, {"type": "Feature", "properties": {}, "geometry": {"type": "Polygon", "coordinates": [[[101.614351, 3.073887], [101.614238, 3.073888], [101.614098, 3.073916], [101.614099, 3.074056], [101.614212, 3.074055], [101.614352, 3.074027], [101.614351, 3.073887]]]}}, {"type": "Feature", "properties": {}, "geometry": {"type": "Polygon", "coordinates": [[[101.614773, 3.073552], [101.614719, 3.073552], [101.614579, 3.07358], [101.614579, 3.073723], [101.614633, 3.073723], [101.614773, 3.073695], [101.614773, 3.073552]]]}}, {"type": "Feature", "properties": {}, "geometry": {"type": "Polygon", "coordinates": [[[101.614065, 3.073387], [101.61401, 3.073387], [101.61387, 3.073416], [101.61387, 3.073555], [101.613925, 3.073555], [101.614065, 3.073526], [101.614065, 3.073387]]]}}, {"type": "Feature", "properties": {}, "geometry": {"type": "Polygon", "coordinates": [[[101.612302, 3.064837], [101.612162, 3.064865], [101.612035, 3.064971], [101.612093, 3.065041], [101.612234, 3.065013], [101.61236, 3.064907], [101.612302, 3.064837]]]}}, {"type": "Feature", "properties": {}, "geometry": {"type": "Polygon", "coordinates": [[[101.612056, 3.064039], [101.611916, 3.064067], [101.611916, 3.064214], [101.612029, 3.064214], [101.612169, 3.064186], [101.612169, 3.064039], [101.612056, 3.064039]]]}}, {"type": "Feature", "properties": {}, "geometry": {"type": "Polygon", "coordinates": [[[101.612198, 3.064036], [101.612058, 3.064064], [101.612058, 3.064213], [101.612169, 3.064213], [101.612309, 3.064185], [101.612309, 3.064036], [101.612198, 3.064036]]]}}, {"type": "Feature", "properties": {}, "geometry": {"type": "Polygon", "coordinates": [[[101.612335, 3.064036], [101.612195, 3.064065], [101.612195, 3.064214], [101.612306, 3.064214], [101.612446, 3.064186], [101.612446, 3.064036], [101.612335, 3.064036]]]}}, {"type": "Feature", "properties": {}, "geometry": {"type": "Polygon", "coordinates": [[[101.612485, 3.06404], [101.612345, 3.064068], [101.612345, 3.064206], [101.612473, 3.064206], [101.612613, 3.064178], [101.612613, 3.06404], [101.612485, 3.06404]]]}}, {"type": "Feature", "properties": {}, "geometry": {"type": "Polygon", "coordinates": [[[101.612332, 3.063546], [101.612223, 3.063547], [101.612083, 3.063575], [101.612083, 3.063717], [101.612193, 3.063716], [101.612333, 3.063688], [101.612332, 3.063546]]]}}, {"type": "Feature", "properties": {}, "geometry": {"type": "Polygon", "coordinates": [[[101.612599, 3.063541], [101.612494, 3.063541], [101.612354, 3.06357], [101.612355, 3.063718], [101.61246, 3.063717], [101.612601, 3.063689], [101.612599, 3.063541]]]}}, {"type": "Feature", "properties": {}, "geometry": {"type": "Polygon", "coordinates": [[[101.612472, 3.063541], [101.612359, 3.063541], [101.612219, 3.06357], [101.61222, 3.063717], [101.612332, 3.063716], [101.612473, 3.063687], [101.612472, 3.063541]]]}}, {"type": "Feature", "properties": {}, "geometry": {"type": "Polygon", "coordinates": [[[101.61229, 3.062975], [101.612195, 3.062975], [101.612055, 3.063003], [101.612055, 3.063172], [101.61215, 3.063172], [101.612291, 3.063143], [101.61229, 3.062975]]]}}, {"type": "Feature", "properties": {}, "geometry": {"type": "Polygon", "coordinates": [[[101.612443, 3.065008], [101.612303, 3.065036], [101.612172, 3.065145], [101.61223, 3.065215], [101.61237, 3.065187], [101.612501, 3.065078], [101.612443, 3.065008]]]}}, {"type": "Feature", "properties": {}, "geometry": {"type": "Polygon", "coordinates": [[[101.613239, 3.065031], [101.61313, 3.065032], [101.61299, 3.06506], [101.612991, 3.065202], [101.613101, 3.065201], [101.613241, 3.065173], [101.613239, 3.065031]]]}}, {"type": "Feature", "properties": {}, "geometry": {"type": "Polygon", "coordinates": [[[101.613101, 3.06489], [101.612987, 3.06489], [101.612847, 3.064919], [101.612848, 3.065062], [101.612962, 3.065062], [101.613102, 3.065034], [101.613101, 3.06489]]]}}, {"type": "Feature", "properties": {}, "geometry": {"type": "Polygon", "coordinates": [[[101.612965, 3.06489], [101.612845, 3.064891], [101.612705, 3.064919], [101.612706, 3.065063], [101.612826, 3.065063], [101.612966, 3.065034], [101.612965, 3.06489]]]}}, {"type": "Feature", "properties": {}, "geometry": {"type": "Polygon", "coordinates": [[[101.613507, 3.06438], [101.6134, 3.06438], [101.61326, 3.064409], [101.61326, 3.064555], [101.613368, 3.064555], [101.613508, 3.064526], [101.613507, 3.06438]]]}}, {"type": "Feature", "properties": {}, "geometry": {"type": "Polygon", "coordinates": [[[101.613368, 3.064526], [101.613259, 3.064527], [101.613119, 3.064555], [101.613119, 3.064703], [101.613228, 3.064703], [101.613369, 3.064675], [101.613368, 3.064526]]]}}, {"type": "Feature", "properties": {}, "geometry": {"type": "Polygon", "coordinates": [[[101.613097, 3.064526], [101.612987, 3.064526], [101.612847, 3.064554], [101.612848, 3.064704], [101.612957, 3.064704], [101.613097, 3.064676], [101.613097, 3.064526]]]}}, {"type": "Feature", "properties": {}, "geometry": {"type": "Polygon", "coordinates": [[[101.612962, 3.064524], [101.612853, 3.064524], [101.612713, 3.064553], [101.612714, 3.064705], [101.612822, 3.064704], [101.612963, 3.064676], [101.612962, 3.064524]]]}}, {"type": "Feature", "properties": {}, "geometry": {"type": "Polygon", "coordinates": [[[101.613096, 3.064379], [101.612987, 3.064379], [101.612847, 3.064408], [101.612847, 3.064554], [101.612956, 3.064554], [101.613097, 3.064526], [101.613096, 3.064379]]]}}, {"type": "Feature", "properties": {}, "geometry": {"type": "Polygon", "coordinates": [[[101.613232, 3.064375], [101.613126, 3.064375], [101.612985, 3.064404], [101.612986, 3.064554], [101.613092, 3.064554], [101.613233, 3.064526], [101.613232, 3.064375]]]}}, {"type": "Feature", "properties": {}, "geometry": {"type": "Polygon", "coordinates": [[[101.613368, 3.064375], [101.613259, 3.064375], [101.613118, 3.064403], [101.613119, 3.064555], [101.613228, 3.064555], [101.613368, 3.064526], [101.613368, 3.064375]]]}}, {"type": "Feature", "properties": {}, "geometry": {"type": "Polygon", "coordinates": [[[101.613508, 3.064526], [101.613401, 3.064527], [101.61326, 3.064555], [101.613261, 3.064703], [101.613368, 3.064703], [101.613508, 3.064674], [101.613508, 3.064526]]]}}, {"type": "Feature", "properties": {}, "geometry": {"type": "Polygon", "coordinates": [[[101.612962, 3.064372], [101.612853, 3.064372], [101.612713, 3.064401], [101.612713, 3.064553], [101.612822, 3.064552], [101.612962, 3.064524], [101.612962, 3.064372]]]}}, {"type": "Feature", "properties": {}, "geometry": {"type": "Polygon", "coordinates": [[[101.613233, 3.064526], [101.613126, 3.064526], [101.612986, 3.064554], [101.612987, 3.064704], [101.613093, 3.064703], [101.613233, 3.064675], [101.613233, 3.064526]]]}}, {"type": "Feature", "properties": {}, "geometry": {"type": "Polygon", "coordinates": [[[101.613493, 3.063896], [101.613385, 3.063896], [101.613245, 3.063925], [101.613246, 3.064071], [101.613353, 3.064071], [101.613493, 3.064042], [101.613493, 3.063896]]]}}, {"type": "Feature", "properties": {}, "geometry": {"type": "Polygon", "coordinates": [[[101.613353, 3.064042], [101.613244, 3.064043], [101.613104, 3.064071], [101.613105, 3.064219], [101.613214, 3.064219], [101.613354, 3.064191], [101.613353, 3.064042]]]}}, {"type": "Feature", "properties": {}, "geometry": {"type": "Polygon", "coordinates": [[[101.613082, 3.064042], [101.612972, 3.064042], [101.612832, 3.06407], [101.612833, 3.06422], [101.612942, 3.06422], [101.613082, 3.064192], [101.613082, 3.064042]]]}}, {"type": "Feature", "properties": {}, "geometry": {"type": "Polygon", "coordinates": [[[101.612947, 3.06404], [101.612839, 3.06404], [101.612698, 3.064068], [101.612699, 3.064221], [101.612808, 3.06422], [101.612948, 3.064192], [101.612947, 3.06404]]]}}, {"type": "Feature", "properties": {}, "geometry": {"type": "Polygon", "coordinates": [[[101.613081, 3.063895], [101.612972, 3.063895], [101.612832, 3.063924], [101.612832, 3.06407], [101.612942, 3.06407], [101.613082, 3.064042], [101.613081, 3.063895]]]}}, {"type": "Feature", "properties": {}, "geometry": {"type": "Polygon", "coordinates": [[[101.613217, 3.063891], [101.613111, 3.063891], [101.612971, 3.063919], [101.612971, 3.06407], [101.613078, 3.06407], [101.613218, 3.064042], [101.613217, 3.063891]]]}}, {"type": "Feature", "properties": {}, "geometry": {"type": "Polygon", "coordinates": [[[101.613353, 3.06389], [101.613244, 3.063891], [101.613104, 3.063919], [101.613104, 3.064071], [101.613213, 3.064071], [101.613353, 3.064042], [101.613353, 3.06389]]]}}, {"type": "Feature", "properties": {}, "geometry": {"type": "Polygon", "coordinates": [[[101.613493, 3.064042], [101.613386, 3.064043], [101.613246, 3.064071], [101.613246, 3.064219], [101.613353, 3.064219], [101.613493, 3.06419], [101.613493, 3.064042]]]}}, {"type": "Feature", "properties": {}, "geometry": {"type": "Polygon", "coordinates": [[[101.612947, 3.063888], [101.612838, 3.063888], [101.612698, 3.063917], [101.612698, 3.064068], [101.612807, 3.064068], [101.612947, 3.06404], [101.612947, 3.063888]]]}}, {"type": "Feature", "properties": {}, "geometry": {"type": "Polygon", "coordinates": [[[101.613218, 3.064042], [101.613111, 3.064042], [101.612971, 3.06407], [101.612972, 3.06422], [101.613078, 3.06422], [101.613218, 3.064191], [101.613218, 3.064042]]]}}, {"type": "Feature", "properties": {}, "geometry": {"type": "Polygon", "coordinates": [[[101.613492, 3.063539], [101.613385, 3.06354], [101.613245, 3.063568], [101.613245, 3.063716], [101.613353, 3.063716], [101.613493, 3.063687], [101.613492, 3.063539]]]}}, {"type": "Feature", "properties": {}, "geometry": {"type": "Polygon", "coordinates": [[[101.613352, 3.063539], [101.613243, 3.06354], [101.613103, 3.063568], [101.613104, 3.063716], [101.613213, 3.063716], [101.613353, 3.063688], [101.613352, 3.063539]]]}}, {"type": "Feature", "properties": {}, "geometry": {"type": "Polygon", "coordinates": [[[101.613217, 3.063539], [101.613111, 3.063539], [101.61297, 3.063567], [101.612971, 3.063717], [101.613077, 3.063717], [101.613217, 3.063688], [101.613217, 3.063539]]]}}, {"type": "Feature", "properties": {}, "geometry": {"type": "Polygon", "coordinates": [[[101.613081, 3.063539], [101.612972, 3.063539], [101.612831, 3.063567], [101.612832, 3.063717], [101.612941, 3.063717], [101.613081, 3.063689], [101.613081, 3.063539]]]}}, {"type": "Feature", "properties": {}, "geometry": {"type": "Polygon", "coordinates": [[[101.612946, 3.063385], [101.612837, 3.063385], [101.612697, 3.063414], [101.612698, 3.063566], [101.612806, 3.063565], [101.612947, 3.063537], [101.612946, 3.063385]]]}}, {"type": "Feature", "properties": {}, "geometry": {"type": "Polygon", "coordinates": [[[101.605332, 3.069007], [101.605058, 3.069007], [101.604848, 3.06905], [101.604849, 3.069577], [101.605123, 3.069577], [101.605333, 3.069534], [101.605333, 3.069281], [101.605332, 3.069007]]]}}, {"type": "Feature", "properties": {}, "geometry": {"type": "Polygon", "coordinates": [[[101.600659, 3.0631], [101.600536, 3.063125], [101.600508, 3.063195], [101.600489, 3.063268], [101.600487, 3.063295], [101.60067, 3.063365], [101.600792, 3.06334], [101.600827, 3.063223], [101.600826, 3.063192], [101.600659, 3.0631]]]}}, {"type": "Feature", "properties": {}, "geometry": {"type": "Polygon", "coordinates": [[[101.610528, 3.066554], [101.609469, 3.066573], [101.608856, 3.066697], [101.608763, 3.066719], [101.608765, 3.066864], [101.608788, 3.066911], [101.60903, 3.066907], [101.609777, 3.06688], [101.61039, 3.066756], [101.610424, 3.06674], [101.610531, 3.06668], [101.610528, 3.066554]]]}}, {"type": "Feature", "properties": {}, "geometry": {"type": "Polygon", "coordinates": [[[101.610646, 3.067011], [101.610489, 3.067026], [101.610449, 3.067033], [101.609836, 3.067157], [101.609705, 3.067204], [101.609023, 3.067531], [101.608934, 3.067575], [101.609026, 3.067762], [101.60964, 3.067638], [101.609764, 3.067611], [101.609944, 3.067526], [101.610712, 3.067147], [101.610646, 3.067011]]]}}, {"type": "Feature", "properties": {}, "geometry": {"type": "Polygon", "coordinates": [[[101.605373, 3.070666], [101.605163, 3.070708], [101.605127, 3.070734], [101.605365, 3.071066], [101.605634, 3.0713], [101.605712, 3.071305], [101.605923, 3.071262], [101.606013, 3.071178], [101.606078, 3.071002], [101.605975, 3.070859], [101.605373, 3.070666]]]}}, {"type": "Feature", "properties": {}, "geometry": {"type": "Polygon", "coordinates": [[[101.604749, 3.07181], [101.604481, 3.071816], [101.604271, 3.071859], [101.604272, 3.071909], [101.60454, 3.071903], [101.60475, 3.071861], [101.604749, 3.07181]]]}}, {"type": "Feature", "properties": {}, "geometry": {"type": "Polygon", "coordinates": [[[101.604345, 3.071572], [101.604301, 3.071574], [101.604091, 3.071616], [101.604095, 3.071742], [101.604139, 3.07174], [101.60435, 3.071698], [101.604345, 3.071572]]]}}, {"type": "Feature", "properties": {}, "geometry": {"type": "Polygon", "coordinates": [[[101.605064, 3.071904], [101.604677, 3.071918], [101.604467, 3.071961], [101.60447, 3.072044], [101.604857, 3.072029], [101.605067, 3.071987], [101.605064, 3.071904]]]}}, {"type": "Feature", "properties": {}, "geometry": {"type": "Polygon", "coordinates": [[[101.605219, 3.072056], [101.605132, 3.072058], [101.604922, 3.072101], [101.604926, 3.072288], [101.605013, 3.072286], [101.605223, 3.072244], [101.605219, 3.072056]]]}}, {"type": "Feature", "properties": {}, "geometry": {"type": "Polygon", "coordinates": [[[101.605243, 3.072246], [101.605136, 3.072251], [101.604925, 3.072293], [101.604932, 3.072458], [101.605039, 3.072453], [101.60525, 3.072411], [101.605243, 3.072246]]]}}, {"type": "Feature", "properties": {}, "geometry": {"type": "Polygon", "coordinates": [[[101.605155, 3.071742], [101.604945, 3.071784], [101.604877, 3.07187], [101.604869, 3.072081], [101.604928, 3.072083], [101.605138, 3.072041], [101.60521, 3.071902], [101.605217, 3.071744], [101.605155, 3.071742]]]}}, {"type": "Feature", "properties": {}, "geometry": {"type": "Polygon", "coordinates": [[[101.605864, 3.07334], [101.605803, 3.073353], [101.605811, 3.073545], [101.606193, 3.073546], [101.606254, 3.073533], [101.606252, 3.073347], [101.605864, 3.07334]]]}}, {"type": "Feature", "properties": {}, "geometry": {"type": "Polygon", "coordinates": [[[101.608647, 3.069176], [101.608436, 3.069218], [101.608263, 3.069778], [101.608344, 3.069797], [101.608554, 3.069755], [101.60873, 3.069198], [101.608647, 3.069176]]]}}, {"type": "Feature", "properties": {}, "geometry": {"type": "Polygon", "coordinates": [[[101.608843, 3.069852], [101.608633, 3.069895], [101.608551, 3.070013], [101.608668, 3.070093], [101.608878, 3.070051], [101.608959, 3.069932], [101.608843, 3.069852]]]}}, {"type": "Feature", "properties": {}, "geometry": {"type": "Polygon", "coordinates": [[[101.610913, 3.066524], [101.610713, 3.066558], [101.6101, 3.066682], [101.610074, 3.066733], [101.610037, 3.066815], [101.61005, 3.066896], [101.610099, 3.067073], [101.610247, 3.06714], [101.610281, 3.067155], [101.610347, 3.067143], [101.61096, 3.067019], [101.611015, 3.066994], [101.611109, 3.066849], [101.611069, 3.066611], [101.610913, 3.066524]]]}}, {"type": "Feature", "properties": {}, "geometry": {"type": "Polygon", "coordinates": [[[101.608346, 3.071587], [101.608318, 3.07159], [101.608108, 3.071632], [101.608083, 3.071643], [101.608062, 3.071662], [101.608048, 3.071686], [101.608042, 3.071713], [101.608045, 3.07174], [101.608056, 3.071766], [101.608075, 3.071786], [101.608102, 3.0718], [101.608312, 3.071758], [101.608419, 3.071639], [101.608397, 3.071608], [101.608373, 3.071593], [101.608346, 3.071587]]]}}, {"type": "Feature", "properties": {}, "geometry": {"type": "Polygon", "coordinates": [[[101.614714, 3.064952], [101.614504, 3.064994], [101.614504, 3.065249], [101.614646, 3.065249], [101.614856, 3.065206], [101.614856, 3.064952], [101.614714, 3.064952]]]}}, {"type": "Feature", "properties": {}, "geometry": {"type": "Polygon", "coordinates": [[[101.615767, 3.064667], [101.615337, 3.064669], [101.614724, 3.064793], [101.614727, 3.065299], [101.615473, 3.065295], [101.616086, 3.065171], [101.616085, 3.064938], [101.615767, 3.064667]]]}}, {"type": "Feature", "properties": {}, "geometry": {"type": "Polygon", "coordinates": [[[101.614291, 3.063566], [101.614151, 3.063595], [101.61415, 3.063755], [101.614211, 3.063755], [101.614351, 3.063727], [101.614352, 3.063567], [101.614291, 3.063566]]]}}, {"type": "Feature", "properties": {}, "geometry": {"type": "Polygon", "coordinates": [[[101.614989, 3.064146], [101.614849, 3.064175], [101.614849, 3.064316], [101.614911, 3.064316], [101.615051, 3.064288], [101.615051, 3.064146], [101.614989, 3.064146]]]}}, {"type": "Feature", "properties": {}, "geometry": {"type": "Polygon", "coordinates": [[[101.614645, 3.064339], [101.614504, 3.064367], [101.614503, 3.064522], [101.614563, 3.064523], [101.614703, 3.064495], [101.614704, 3.064339], [101.614645, 3.064339]]]}}, {"type": "Feature", "properties": {}, "geometry": {"type": "Polygon", "coordinates": [[[101.614157, 3.064139], [101.614096, 3.06414], [101.613956, 3.064168], [101.613957, 3.064319], [101.614018, 3.064319], [101.614158, 3.06429], [101.614157, 3.064139]]]}}, {"type": "Feature", "properties": {}, "geometry": {"type": "Polygon", "coordinates": [[[101.614441, 3.064724], [101.614285, 3.064727], [101.614145, 3.064755], [101.614146, 3.064818], [101.614302, 3.064815], [101.614442, 3.064786], [101.614441, 3.064724]]]}}, {"type": "Feature", "properties": {}, "geometry": {"type": "Polygon", "coordinates": [[[101.614251, 3.064724], [101.614089, 3.064725], [101.613949, 3.064754], [101.61395, 3.064815], [101.614111, 3.064814], [101.614251, 3.064785], [101.614251, 3.064724]]]}}, {"type": "Feature", "properties": {}, "geometry": {"type": "Polygon", "coordinates": [[[101.614977, 3.065499], [101.614916, 3.065499], [101.614776, 3.065527], [101.614777, 3.065692], [101.614837, 3.065692], [101.614978, 3.065664], [101.614977, 3.065499]]]}}, {"type": "Feature", "properties": {}, "geometry": {"type": "Polygon", "coordinates": [[[101.614097, 3.065891], [101.613957, 3.065919], [101.613957, 3.066065], [101.614018, 3.066065], [101.614159, 3.066037], [101.614159, 3.065891], [101.614097, 3.065891]]]}}, {"type": "Feature", "properties": {}, "geometry": {"type": "Polygon", "coordinates": [[[101.614523, 3.066069], [101.614383, 3.066098], [101.614383, 3.066253], [101.614444, 3.066253], [101.614584, 3.066225], [101.614584, 3.066069], [101.614523, 3.066069]]]}}, {"type": "Feature", "properties": {}, "geometry": {"type": "Polygon", "coordinates": [[[101.61459, 3.066621], [101.614528, 3.066621], [101.614388, 3.06665], [101.614389, 3.066786], [101.614451, 3.066785], [101.614591, 3.066757], [101.61459, 3.066621]]]}}, {"type": "Feature", "properties": {}, "geometry": {"type": "Polygon", "coordinates": [[[101.614096, 3.06644], [101.613956, 3.066469], [101.613956, 3.066617], [101.614017, 3.066617], [101.614157, 3.066589], [101.614157, 3.06644], [101.614096, 3.06644]]]}}, {"type": "Feature", "properties": {}, "geometry": {"type": "Polygon", "coordinates": [[[101.615074, 3.066993], [101.615012, 3.066993], [101.614872, 3.067022], [101.614873, 3.067176], [101.614935, 3.067176], [101.615075, 3.067148], [101.615074, 3.066993]]]}}, {"type": "Feature", "properties": {}, "geometry": {"type": "Polygon", "coordinates": [[[101.614899, 3.067167], [101.614759, 3.067195], [101.614758, 3.067362], [101.61482, 3.067362], [101.614961, 3.067334], [101.614961, 3.067167], [101.614899, 3.067167]]]}}, {"type": "Feature", "properties": {}, "geometry": {"type": "Polygon", "coordinates": [[[101.614095, 3.066988], [101.613955, 3.067017], [101.613954, 3.067166], [101.614016, 3.067167], [101.614156, 3.067138], [101.614157, 3.066989], [101.614095, 3.066988]]]}}, {"type": "Feature", "properties": {}, "geometry": {"type": "Polygon", "coordinates": [[[101.614048, 3.067805], [101.613961, 3.067805], [101.613821, 3.067834], [101.613822, 3.067985], [101.613908, 3.067985], [101.614049, 3.067957], [101.614048, 3.067805]]]}}, {"type": "Feature", "properties": {}, "geometry": {"type": "Polygon", "coordinates": [[[101.614704, 3.067989], [101.614564, 3.068017], [101.614563, 3.068172], [101.614674, 3.068173], [101.614814, 3.068144], [101.614815, 3.06799], [101.614704, 3.067989]]]}}, {"type": "Feature", "properties": {}, "geometry": {"type": "Polygon", "coordinates": [[[101.615004, 3.067808], [101.614864, 3.067836], [101.614863, 3.067986], [101.614918, 3.067986], [101.615058, 3.067958], [101.615059, 3.067808], [101.615004, 3.067808]]]}}, {"type": "Feature", "properties": {}, "geometry": {"type": "Polygon", "coordinates": [[[101.61497, 3.0683], [101.614829, 3.068329], [101.614829, 3.068484], [101.61492, 3.068485], [101.61506, 3.068456], [101.615061, 3.068301], [101.61497, 3.0683]]]}}, {"type": "Feature", "properties": {}, "geometry": {"type": "Polygon", "coordinates": [[[101.613938, 3.068307], [101.613798, 3.068336], [101.613797, 3.068487], [101.613904, 3.068487], [101.614044, 3.068459], [101.614045, 3.068308], [101.613938, 3.068307]]]}}, {"type": "Feature", "properties": {}, "geometry": {"type": "Polygon", "coordinates": [[[101.614705, 3.068486], [101.614564, 3.068514], [101.614562, 3.068674], [101.614617, 3.068675], [101.614758, 3.068647], [101.61476, 3.068486], [101.614705, 3.068486]]]}}, {"type": "Feature", "properties": {}, "geometry": {"type": "Polygon", "coordinates": [[[101.615174, 3.068799], [101.615068, 3.068799], [101.614928, 3.068827], [101.614928, 3.068985], [101.615034, 3.068984], [101.615174, 3.068956], [101.615174, 3.068799]]]}}, {"type": "Feature", "properties": {}, "geometry": {"type": "Polygon", "coordinates": [[[101.613991, 3.068798], [101.613851, 3.068827], [101.61385, 3.068982], [101.613905, 3.068983], [101.614045, 3.068954], [101.614046, 3.068799], [101.613991, 3.068798]]]}}, {"type": "Feature", "properties": {}, "geometry": {"type": "Polygon", "coordinates": [[[101.614707, 3.068983], [101.614567, 3.069011], [101.614566, 3.069141], [101.614621, 3.069142], [101.614761, 3.069113], [101.614762, 3.068984], [101.614707, 3.068983]]]}}, {"type": "Feature", "properties": {}, "geometry": {"type": "Polygon", "coordinates": [[[101.615067, 3.069312], [101.615013, 3.069312], [101.614873, 3.069341], [101.614873, 3.069483], [101.614928, 3.069483], [101.615068, 3.069455], [101.615067, 3.069312]]]}}, {"type": "Feature", "properties": {}, "geometry": {"type": "Polygon", "coordinates": [[[101.614001, 3.069322], [101.613861, 3.069351], [101.61386, 3.069478], [101.613916, 3.069479], [101.614056, 3.06945], [101.614057, 3.069323], [101.614001, 3.069322]]]}}, {"type": "Feature", "properties": {}, "geometry": {"type": "Polygon", "coordinates": [[[101.613997, 3.06947], [101.613857, 3.069498], [101.613856, 3.06963], [101.613911, 3.069631], [101.614051, 3.069603], [101.614053, 3.06947], [101.613997, 3.06947]]]}}, {"type": "Feature", "properties": {}, "geometry": {"type": "Polygon", "coordinates": [[[101.615022, 3.069811], [101.614882, 3.069839], [101.614882, 3.069976], [101.614936, 3.069976], [101.615077, 3.069947], [101.615077, 3.069811], [101.615022, 3.069811]]]}}, {"type": "Feature", "properties": {}, "geometry": {"type": "Polygon", "coordinates": [[[101.615069, 3.070307], [101.615014, 3.070308], [101.614874, 3.070337], [101.614876, 3.070471], [101.614931, 3.07047], [101.615071, 3.070442], [101.615069, 3.070307]]]}}, {"type": "Feature", "properties": {}, "geometry": {"type": "Polygon", "coordinates": [[[101.614149, 3.073893], [101.613939, 3.073936], [101.613844, 3.074021], [101.614002, 3.074196], [101.614212, 3.074153], [101.614306, 3.074069], [101.614149, 3.073893]]]}}, {"type": "Feature", "properties": {}, "geometry": {"type": "Polygon", "coordinates": [[[101.600482, 3.06702], [101.599876, 3.067036], [101.599666, 3.067079], [101.599658, 3.067154], [101.599669, 3.067547], [101.600334, 3.06755], [101.600544, 3.067508], [101.60056, 3.067162], [101.600482, 3.06702]]]}}, {"type": "Feature", "properties": {}, "geometry": {"type": "Polygon", "coordinates": [[[101.602132, 3.0666], [101.602057, 3.066602], [101.601847, 3.066645], [101.601847, 3.066671], [101.601848, 3.066771], [101.601927, 3.066771], [101.602137, 3.066728], [101.602132, 3.0666]]]}}, {"type": "Feature", "properties": {}, "geometry": {"type": "Polygon", "coordinates": [[[101.602007, 3.066887], [101.601796, 3.06693], [101.601788, 3.06695], [101.601785, 3.066977], [101.602097, 3.066979], [101.602307, 3.066937], [101.60231, 3.066891], [101.602007, 3.066887]]]}}, {"type": "Feature", "properties": {}, "geometry": {"type": "Polygon", "coordinates": [[[101.604801, 3.065684], [101.604591, 3.065727], [101.60458, 3.066114], [101.604913, 3.066123], [101.605123, 3.066081], [101.605134, 3.065693], [101.604801, 3.065684]]]}}, {"type": "Feature", "properties": {}, "geometry": {"type": "Polygon", "coordinates": [[[101.610887, 3.063511], [101.610301, 3.063516], [101.609688, 3.06364], [101.609691, 3.06415], [101.610277, 3.064146], [101.610891, 3.064022], [101.610887, 3.063511]]]}}, {"type": "Feature", "properties": {}, "geometry": {"type": "Polygon", "coordinates": [[[101.610882, 3.062941], [101.610296, 3.062945], [101.609683, 3.063069], [101.609686, 3.06358], [101.610273, 3.063576], [101.610886, 3.063452], [101.610882, 3.062941]]]}}, {"type": "Feature", "properties": {}, "geometry": {"type": "Polygon", "coordinates": [[[101.607489, 3.063007], [101.607367, 3.063032], [101.607323, 3.063169], [101.607548, 3.063241], [101.607671, 3.063216], [101.607715, 3.063078], [101.607489, 3.063007]]]}}, {"type": "Feature", "properties": {}, "geometry": {"type": "Polygon", "coordinates": [[[101.609794, 3.07429], [101.60906, 3.074299], [101.608447, 3.074423], [101.608449, 3.074606], [101.609183, 3.074597], [101.609796, 3.074473], [101.609794, 3.07429]]]}}, {"type": "Feature", "properties": {}, "geometry": {"type": "Polygon", "coordinates": [[[101.610686, 3.074476], [101.609952, 3.074485], [101.609339, 3.074609], [101.609341, 3.074793], [101.610075, 3.074784], [101.610688, 3.07466], [101.610686, 3.074476]]]}}, {"type": "Feature", "properties": {}, "geometry": {"type": "Polygon", "coordinates": [[[101.610689, 3.074831], [101.609955, 3.07484], [101.609341, 3.074964], [101.609344, 3.075147], [101.610078, 3.075138], [101.610691, 3.075015], [101.610689, 3.074831]]]}}, {"type": "Feature", "properties": {}, "geometry": {"type": "Polygon", "coordinates": [[[101.610237, 3.075837], [101.610027, 3.07588], [101.610026, 3.07597], [101.610086, 3.075971], [101.610296, 3.075929], [101.610297, 3.075838], [101.610237, 3.075837]]]}}, {"type": "Feature", "properties": {}, "geometry": {"type": "Polygon", "coordinates": [[[101.609126, 3.074797], [101.608992, 3.074798], [101.608686, 3.07486], [101.60869, 3.075506], [101.608824, 3.075505], [101.60913, 3.075443], [101.609126, 3.074797]]]}}, {"type": "Feature", "properties": {}, "geometry": {"type": "Polygon", "coordinates": [[[101.60849, 3.074723], [101.608356, 3.074724], [101.607743, 3.074848], [101.607747, 3.075494], [101.607881, 3.075493], [101.608494, 3.075369], [101.60849, 3.074723]]]}}, {"type": "Feature", "properties": {}, "geometry": {"type": "Polygon", "coordinates": [[[101.612555, 3.075295], [101.612366, 3.075296], [101.612156, 3.075339], [101.61216, 3.075913], [101.612348, 3.075912], [101.612558, 3.075869], [101.612555, 3.075295]]]}}, {"type": "Feature", "properties": {}, "geometry": {"type": "Polygon", "coordinates": [[[101.615131, 3.075926], [101.614991, 3.075954], [101.61499, 3.076144], [101.615032, 3.076144], [101.615172, 3.076116], [101.615172, 3.075926], [101.615131, 3.075926]]]}}, {"type": "Feature", "properties": {}, "geometry": {"type": "Polygon", "coordinates": [[[101.615089, 3.075926], [101.614949, 3.075954], [101.614949, 3.076144], [101.61499, 3.076144], [101.61513, 3.076116], [101.615131, 3.075926], [101.615089, 3.075926]]]}}, {"type": "Feature", "properties": {}, "geometry": {"type": "Polygon", "coordinates": [[[101.615048, 3.075926], [101.614908, 3.075954], [101.614907, 3.076144], [101.614949, 3.076144], [101.615089, 3.076116], [101.615089, 3.075926], [101.615048, 3.075926]]]}}, {"type": "Feature", "properties": {}, "geometry": {"type": "Polygon", "coordinates": [[[101.615131, 3.075705], [101.614991, 3.075733], [101.61499, 3.075923], [101.615031, 3.075923], [101.615171, 3.075895], [101.615173, 3.075705], [101.615131, 3.075705]]]}}, {"type": "Feature", "properties": {}, "geometry": {"type": "Polygon", "coordinates": [[[101.61509, 3.075704], [101.61495, 3.075733], [101.614948, 3.075923], [101.61499, 3.075923], [101.61513, 3.075895], [101.615131, 3.075705], [101.61509, 3.075704]]]}}, {"type": "Feature", "properties": {}, "geometry": {"type": "Polygon", "coordinates": [[[101.615049, 3.075704], [101.614908, 3.075732], [101.614907, 3.075922], [101.614948, 3.075923], [101.615088, 3.075894], [101.61509, 3.075704], [101.615049, 3.075704]]]}}, {"type": "Feature", "properties": {}, "geometry": {"type": "Polygon", "coordinates": [[[101.607901, 3.066492], [101.607071, 3.066498], [101.606861, 3.06654], [101.606864, 3.066727], [101.608137, 3.067099], [101.608347, 3.067056], [101.608404, 3.066857], [101.607901, 3.066492]]]}}, {"type": "Feature", "properties": {}, "geometry": {"type": "Polygon", "coordinates": [[[101.613998, 3.071556], [101.613858, 3.071584], [101.613857, 3.071722], [101.613913, 3.071722], [101.614053, 3.071693], [101.614054, 3.071556], [101.613998, 3.071556]]]}}, {"type": "Feature", "properties": {}, "geometry": {"type": "Polygon", "coordinates": [[[101.607585, 3.073183], [101.607515, 3.073197], [101.607459, 3.073249], [101.607464, 3.0736], [101.607688, 3.073598], [101.607758, 3.073584], [101.607757, 3.073235], [101.607707, 3.073183], [101.607585, 3.073183]]]}}, {"type": "Feature", "properties": {}, "geometry": {"type": "Polygon", "coordinates": [[[101.609653, 3.073463], [101.609443, 3.073506], [101.609433, 3.073557], [101.609576, 3.073582], [101.609786, 3.07354], [101.609795, 3.073489], [101.609653, 3.073463]]]}}, {"type": "Feature", "properties": {}, "geometry": {"type": "Polygon", "coordinates": [[[101.611376, 3.065025], [101.611311, 3.065025], [101.611171, 3.065054], [101.611172, 3.065184], [101.611237, 3.065184], [101.611377, 3.065156], [101.611376, 3.065025]]]}}, {"type": "Feature", "properties": {}, "geometry": {"type": "Polygon", "coordinates": [[[101.61144, 3.065024], [101.611376, 3.065025], [101.611235, 3.065053], [101.611237, 3.065184], [101.611301, 3.065183], [101.611441, 3.065155], [101.61144, 3.065024]]]}}, {"type": "Feature", "properties": {}, "geometry": {"type": "Polygon", "coordinates": [[[101.611504, 3.065024], [101.61144, 3.065024], [101.6113, 3.065053], [101.611301, 3.065183], [101.611366, 3.065183], [101.611506, 3.065154], [101.611504, 3.065024]]]}}, {"type": "Feature", "properties": {}, "geometry": {"type": "Polygon", "coordinates": [[[101.611569, 3.065023], [101.611504, 3.065024], [101.611364, 3.065052], [101.611366, 3.065183], [101.61143, 3.065182], [101.61157, 3.065154], [101.611569, 3.065023]]]}}, {"type": "Feature", "properties": {}, "geometry": {"type": "Polygon", "coordinates": [[[101.611633, 3.065022], [101.611569, 3.065023], [101.611429, 3.065051], [101.61143, 3.065182], [101.611494, 3.065182], [101.611635, 3.065153], [101.611633, 3.065022]]]}}, {"type": "Feature", "properties": {}, "geometry": {"type": "Polygon", "coordinates": [[[101.611698, 3.065022], [101.611633, 3.065022], [101.611493, 3.065051], [101.611494, 3.065182], [101.611559, 3.065181], [101.611699, 3.065153], [101.611698, 3.065022]]]}}, {"type": "Feature", "properties": {}, "geometry": {"type": "Polygon", "coordinates": [[[101.611762, 3.065021], [101.611698, 3.065022], [101.611558, 3.06505], [101.611559, 3.065181], [101.611623, 3.06518], [101.611763, 3.065152], [101.611762, 3.065021]]]}}, {"type": "Feature", "properties": {}, "geometry": {"type": "Polygon", "coordinates": [[[101.611827, 3.065021], [101.611762, 3.065021], [101.611622, 3.06505], [101.611623, 3.06518], [101.611688, 3.06518], [101.611828, 3.065152], [101.611827, 3.065021]]]}}, {"type": "Feature", "properties": {}, "geometry": {"type": "Polygon", "coordinates": [[[101.611891, 3.06502], [101.611827, 3.065021], [101.611687, 3.065049], [101.611688, 3.06518], [101.611752, 3.065179], [101.611892, 3.065151], [101.611891, 3.06502]]]}}, {"type": "Feature", "properties": {}, "geometry": {"type": "Polygon", "coordinates": [[[101.611956, 3.06502], [101.611891, 3.06502], [101.611751, 3.065049], [101.611752, 3.065179], [101.611817, 3.065179], [101.611957, 3.06515], [101.611956, 3.06502]]]}}, {"type": "Feature", "properties": {}, "geometry": {"type": "Polygon", "coordinates": [[[101.61202, 3.065019], [101.611956, 3.06502], [101.611816, 3.065048], [101.611817, 3.065179], [101.611881, 3.065178], [101.612021, 3.06515], [101.61202, 3.065019]]]}}, {"type": "Feature", "properties": {}, "geometry": {"type": "Polygon", "coordinates": [[[101.612085, 3.065018], [101.61202, 3.065019], [101.61188, 3.065047], [101.611881, 3.065178], [101.611946, 3.065178], [101.612086, 3.065149], [101.612085, 3.065018]]]}}, {"type": "Feature", "properties": {}, "geometry": {"type": "Polygon", "coordinates": [[[101.61218, 3.065018], [101.612085, 3.065018], [101.611945, 3.065047], [101.611946, 3.065178], [101.612041, 3.065177], [101.612181, 3.065149], [101.61218, 3.065018]]]}}, {"type": "Feature", "properties": {}, "geometry": {"type": "Polygon", "coordinates": [[[101.612021, 3.064869], [101.611944, 3.064869], [101.611804, 3.064897], [101.611805, 3.065018], [101.611937, 3.065018], [101.612078, 3.064989], [101.612077, 3.06494], [101.612021, 3.064869]]]}}, {"type": "Feature", "properties": {}, "geometry": {"type": "Polygon", "coordinates": [[[101.611944, 3.064869], [101.61189, 3.064869], [101.61175, 3.064898], [101.61175, 3.065019], [101.611805, 3.065018], [101.611945, 3.06499], [101.611944, 3.064869]]]}}, {"type": "Feature", "properties": {}, "geometry": {"type": "Polygon", "coordinates": [[[101.61189, 3.064869], [101.611835, 3.064869], [101.611695, 3.064898], [101.611695, 3.065019], [101.61175, 3.065019], [101.61189, 3.06499], [101.61189, 3.064869]]]}}, {"type": "Feature", "properties": {}, "geometry": {"type": "Polygon", "coordinates": [[[101.611835, 3.064869], [101.61178, 3.06487], [101.61164, 3.064898], [101.61164, 3.065019], [101.611695, 3.065019], [101.611835, 3.064991], [101.611835, 3.064869]]]}}, {"type": "Feature", "properties": {}, "geometry": {"type": "Polygon", "coordinates": [[[101.61178, 3.06487], [101.611725, 3.06487], [101.611585, 3.064898], [101.611586, 3.06502], [101.61164, 3.065019], [101.611781, 3.064991], [101.61178, 3.06487]]]}}, {"type": "Feature", "properties": {}, "geometry": {"type": "Polygon", "coordinates": [[[101.611725, 3.06487], [101.61167, 3.06487], [101.61153, 3.064899], [101.611531, 3.06502], [101.611586, 3.06502], [101.611726, 3.064991], [101.611725, 3.06487]]]}}, {"type": "Feature", "properties": {}, "geometry": {"type": "Polygon", "coordinates": [[[101.61167, 3.06487], [101.611616, 3.064871], [101.611475, 3.064899], [101.611476, 3.06502], [101.611531, 3.06502], [101.611671, 3.064991], [101.61167, 3.06487]]]}}, {"type": "Feature", "properties": {}, "geometry": {"type": "Polygon", "coordinates": [[[101.611616, 3.064871], [101.611561, 3.064871], [101.611421, 3.064899], [101.611421, 3.06502], [101.611476, 3.06502], [101.611616, 3.064992], [101.611616, 3.064871]]]}}, {"type": "Feature", "properties": {}, "geometry": {"type": "Polygon", "coordinates": [[[101.611561, 3.064871], [101.611506, 3.064871], [101.611366, 3.064899], [101.611366, 3.065021], [101.611421, 3.06502], [101.611561, 3.064992], [101.611561, 3.064871]]]}}, {"type": "Feature", "properties": {}, "geometry": {"type": "Polygon", "coordinates": [[[101.611506, 3.064871], [101.611451, 3.064871], [101.611311, 3.0649], [101.611312, 3.065021], [101.611366, 3.065021], [101.611507, 3.064992], [101.611506, 3.064871]]]}}, {"type": "Feature", "properties": {}, "geometry": {"type": "Polygon", "coordinates": [[[101.611451, 3.064871], [101.611396, 3.064872], [101.611256, 3.0649], [101.611257, 3.065021], [101.611312, 3.065021], [101.611452, 3.064992], [101.611451, 3.064871]]]}}, {"type": "Feature", "properties": {}, "geometry": {"type": "Polygon", "coordinates": [[[101.611396, 3.064872], [101.611342, 3.064872], [101.611201, 3.0649], [101.611202, 3.065021], [101.611257, 3.065021], [101.611397, 3.064993], [101.611396, 3.064872]]]}}, {"type": "Feature", "properties": {}, "geometry": {"type": "Polygon", "coordinates": [[[101.611342, 3.064872], [101.611287, 3.064872], [101.611147, 3.0649], [101.611147, 3.065022], [101.611202, 3.065021], [101.611342, 3.064993], [101.611342, 3.064872]]]}}, {"type": "Feature", "properties": {}, "geometry": {"type": "Polygon", "coordinates": [[[101.611287, 3.064872], [101.611232, 3.064872], [101.611092, 3.064901], [101.611092, 3.065022], [101.611147, 3.065022], [101.611287, 3.064993], [101.611287, 3.064872]]]}}, {"type": "Feature", "properties": {}, "geometry": {"type": "Polygon", "coordinates": [[[101.611223, 3.064538], [101.611169, 3.064539], [101.611029, 3.064567], [101.61103, 3.064693], [101.611084, 3.064692], [101.611224, 3.064664], [101.611223, 3.064538]]]}}, {"type": "Feature", "properties": {}, "geometry": {"type": "Polygon", "coordinates": [[[101.611277, 3.064538], [101.611223, 3.064538], [101.611083, 3.064567], [101.611084, 3.064692], [101.611138, 3.064692], [101.611278, 3.064663], [101.611277, 3.064538]]]}}, {"type": "Feature", "properties": {}, "geometry": {"type": "Polygon", "coordinates": [[[101.611331, 3.064537], [101.611277, 3.064538], [101.611137, 3.064566], [101.611138, 3.064692], [101.611192, 3.064691], [101.611333, 3.064663], [101.611331, 3.064537]]]}}, {"type": "Feature", "properties": {}, "geometry": {"type": "Polygon", "coordinates": [[[101.611386, 3.064537], [101.611331, 3.064537], [101.611191, 3.064566], [101.611192, 3.064691], [101.611247, 3.064691], [101.611387, 3.064662], [101.611386, 3.064537]]]}}, {"type": "Feature", "properties": {}, "geometry": {"type": "Polygon", "coordinates": [[[101.61144, 3.064536], [101.611386, 3.064537], [101.611245, 3.064565], [101.611247, 3.064691], [101.611301, 3.06469], [101.611441, 3.064662], [101.61144, 3.064536]]]}}, {"type": "Feature", "properties": {}, "geometry": {"type": "Polygon", "coordinates": [[[101.611494, 3.064536], [101.61144, 3.064536], [101.6113, 3.064564], [101.611301, 3.06469], [101.611355, 3.06469], [101.611495, 3.064661], [101.611494, 3.064536]]]}}, {"type": "Feature", "properties": {}, "geometry": {"type": "Polygon", "coordinates": [[[101.611548, 3.064535], [101.611494, 3.064536], [101.611354, 3.064564], [101.611355, 3.06469], [101.611409, 3.064689], [101.61155, 3.064661], [101.611548, 3.064535]]]}}, {"type": "Feature", "properties": {}, "geometry": {"type": "Polygon", "coordinates": [[[101.611603, 3.064535], [101.611548, 3.064535], [101.611408, 3.064564], [101.611409, 3.064689], [101.611464, 3.064689], [101.611604, 3.06466], [101.611603, 3.064535]]]}}, {"type": "Feature", "properties": {}, "geometry": {"type": "Polygon", "coordinates": [[[101.611657, 3.064534], [101.611603, 3.064535], [101.611463, 3.064563], [101.611464, 3.064689], [101.611518, 3.064688], [101.611658, 3.06466], [101.611657, 3.064534]]]}}, {"type": "Feature", "properties": {}, "geometry": {"type": "Polygon", "coordinates": [[[101.611711, 3.064534], [101.611657, 3.064534], [101.611517, 3.064563], [101.611518, 3.064688], [101.611572, 3.064688], [101.611712, 3.064659], [101.611711, 3.064534]]]}}, {"type": "Feature", "properties": {}, "geometry": {"type": "Polygon", "coordinates": [[[101.611592, 3.064375], [101.611538, 3.064375], [101.611397, 3.064403], [101.611398, 3.064525], [101.611452, 3.064525], [101.611592, 3.064497], [101.611592, 3.064375]]]}}, {"type": "Feature", "properties": {}, "geometry": {"type": "Polygon", "coordinates": [[[101.611538, 3.064375], [101.611483, 3.064375], [101.611343, 3.064404], [101.611344, 3.064525], [101.611398, 3.064525], [101.611538, 3.064497], [101.611538, 3.064375]]]}}, {"type": "Feature", "properties": {}, "geometry": {"type": "Polygon", "coordinates": [[[101.611483, 3.064375], [101.611429, 3.064375], [101.611289, 3.064404], [101.611289, 3.064525], [101.611344, 3.064525], [101.611484, 3.064497], [101.611483, 3.064375]]]}}, {"type": "Feature", "properties": {}, "geometry": {"type": "Polygon", "coordinates": [[[101.611429, 3.064375], [101.611375, 3.064375], [101.611234, 3.064404], [101.611235, 3.064526], [101.611289, 3.064525], [101.611429, 3.064497], [101.611429, 3.064375]]]}}, {"type": "Feature", "properties": {}, "geometry": {"type": "Polygon", "coordinates": [[[101.611375, 3.064375], [101.61132, 3.064376], [101.61118, 3.064404], [101.61118, 3.064526], [101.611235, 3.064526], [101.611375, 3.064497], [101.611375, 3.064375]]]}}, {"type": "Feature", "properties": {}, "geometry": {"type": "Polygon", "coordinates": [[[101.61132, 3.064376], [101.611266, 3.064376], [101.611126, 3.064404], [101.611126, 3.064526], [101.61118, 3.064526], [101.611321, 3.064497], [101.61132, 3.064376]]]}}, {"type": "Feature", "properties": {}, "geometry": {"type": "Polygon", "coordinates": [[[101.611266, 3.064376], [101.611211, 3.064376], [101.611071, 3.064404], [101.611072, 3.064526], [101.611126, 3.064526], [101.611266, 3.064498], [101.611266, 3.064376]]]}}, {"type": "Feature", "properties": {}, "geometry": {"type": "Polygon", "coordinates": [[[101.611364, 3.064037], [101.61131, 3.064038], [101.61117, 3.064066], [101.611171, 3.064191], [101.611226, 3.06419], [101.611366, 3.064162], [101.611364, 3.064037]]]}}, {"type": "Feature", "properties": {}, "geometry": {"type": "Polygon", "coordinates": [[[101.61131, 3.064038], [101.611255, 3.064039], [101.611115, 3.064067], [101.611117, 3.064192], [101.611171, 3.064191], [101.611311, 3.064162], [101.61131, 3.064038]]]}}, {"type": "Feature", "properties": {}, "geometry": {"type": "Polygon", "coordinates": [[[101.611255, 3.064039], [101.611201, 3.064039], [101.611061, 3.064068], [101.611063, 3.064192], [101.611117, 3.064192], [101.611257, 3.064163], [101.611255, 3.064039]]]}}, {"type": "Feature", "properties": {}, "geometry": {"type": "Polygon", "coordinates": [[[101.611201, 3.064039], [101.611147, 3.06404], [101.611007, 3.064068], [101.611008, 3.064193], [101.611063, 3.064192], [101.611203, 3.064164], [101.611201, 3.064039]]]}}, {"type": "Feature", "properties": {}, "geometry": {"type": "Polygon", "coordinates": [[[101.611147, 3.06404], [101.611093, 3.064041], [101.610952, 3.064069], [101.610954, 3.064194], [101.611008, 3.064193], [101.611149, 3.064165], [101.611147, 3.06404]]]}}, {"type": "Feature", "properties": {}, "geometry": {"type": "Polygon", "coordinates": [[[101.611093, 3.063297], [101.610952, 3.063325], [101.610833, 3.063425], [101.610893, 3.063496], [101.611033, 3.063467], [101.611152, 3.063368], [101.611093, 3.063297]]]}}, {"type": "Feature", "properties": {}, "geometry": {"type": "Polygon", "coordinates": [[[101.611231, 3.063463], [101.611091, 3.063492], [101.610968, 3.063591], [101.611027, 3.063663], [101.611167, 3.063634], [101.611289, 3.063535], [101.611231, 3.063463]]]}}, {"type": "Feature", "properties": {}, "geometry": {"type": "Polygon", "coordinates": [[[101.611363, 3.063636], [101.611223, 3.063664], [101.611104, 3.063761], [101.611162, 3.063833], [101.611303, 3.063804], [101.611422, 3.063707], [101.611363, 3.063636]]]}}, {"type": "Feature", "properties": {}, "geometry": {"type": "Polygon", "coordinates": [[[101.611501, 3.063805], [101.611361, 3.063834], [101.611236, 3.063936], [101.611295, 3.064009], [101.611435, 3.063981], [101.611561, 3.063878], [101.611501, 3.063805]]]}}, {"type": "Feature", "properties": {}, "geometry": {"type": "Polygon", "coordinates": [[[101.611637, 3.063976], [101.611497, 3.064004], [101.611375, 3.064104], [101.611436, 3.064177], [101.611576, 3.064149], [101.611698, 3.06405], [101.611637, 3.063976]]]}}, {"type": "Feature", "properties": {}, "geometry": {"type": "Polygon", "coordinates": [[[101.611774, 3.064152], [101.611634, 3.06418], [101.611514, 3.064278], [101.611575, 3.064353], [101.611716, 3.064324], [101.611835, 3.064226], [101.611774, 3.064152]]]}}, {"type": "Feature", "properties": {}, "geometry": {"type": "Polygon", "coordinates": [[[101.61191, 3.064321], [101.61177, 3.06435], [101.611648, 3.06445], [101.611707, 3.064522], [101.611847, 3.064494], [101.61197, 3.064394], [101.61191, 3.064321]]]}}, {"type": "Feature", "properties": {}, "geometry": {"type": "Polygon", "coordinates": [[[101.612038, 3.064514], [101.611898, 3.064543], [101.611797, 3.064626], [101.611859, 3.064701], [101.611999, 3.064673], [101.6121, 3.06459], [101.612038, 3.064514]]]}}, {"type": "Feature", "properties": {}, "geometry": {"type": "Polygon", "coordinates": [[[101.61218, 3.064671], [101.61204, 3.0647], [101.611923, 3.064795], [101.611983, 3.064869], [101.612124, 3.064841], [101.612241, 3.064745], [101.61218, 3.064671]]]}}, {"type": "Feature", "properties": {}, "geometry": {"type": "Polygon", "coordinates": [[[101.611823, 3.063405], [101.611682, 3.063434], [101.611681, 3.06358], [101.611782, 3.063581], [101.611922, 3.063553], [101.611924, 3.063406], [101.611823, 3.063405]]]}}, {"type": "Feature", "properties": {}, "geometry": {"type": "Polygon", "coordinates": [[[101.612057, 3.063391], [101.611943, 3.063391], [101.611803, 3.06342], [101.611804, 3.063567], [101.611918, 3.063566], [101.612058, 3.063538], [101.612057, 3.063391]]]}}, {"type": "Feature", "properties": {}, "geometry": {"type": "Polygon", "coordinates": [[[101.612191, 3.063393], [101.612082, 3.063394], [101.611942, 3.063422], [101.611943, 3.063568], [101.612052, 3.063567], [101.612192, 3.063539], [101.612191, 3.063393]]]}}, {"type": "Feature", "properties": {}, "geometry": {"type": "Polygon", "coordinates": [[[101.611327, 3.063058], [101.611187, 3.063086], [101.611093, 3.063171], [101.611173, 3.063293], [101.611313, 3.063264], [101.611394, 3.063204], [101.611327, 3.063058]]]}}, {"type": "Feature", "properties": {}, "geometry": {"type": "Polygon", "coordinates": [[[101.611535, 3.063026], [101.611395, 3.063055], [101.611391, 3.063221], [101.611489, 3.063223], [101.611629, 3.063195], [101.611632, 3.063029], [101.611535, 3.063026]]]}}, {"type": "Feature", "properties": {}, "geometry": {"type": "Polygon", "coordinates": [[[101.611758, 3.063006], [101.611617, 3.063035], [101.611614, 3.063206], [101.611707, 3.063208], [101.611848, 3.063179], [101.611851, 3.063008], [101.611758, 3.063006]]]}}, {"type": "Feature", "properties": {}, "geometry": {"type": "Polygon", "coordinates": [[[101.612067, 3.06299], [101.61197, 3.06299], [101.61183, 3.063019], [101.611831, 3.063188], [101.611928, 3.063187], [101.612068, 3.063159], [101.612067, 3.06299]]]}}, {"type": "Feature", "properties": {}, "geometry": {"type": "Polygon", "coordinates": [[[101.613465, 3.062886], [101.613377, 3.06289], [101.613237, 3.062918], [101.613244, 3.06308], [101.613333, 3.063076], [101.613473, 3.063047], [101.613465, 3.062886]]]}}, {"type": "Feature", "properties": {}, "geometry": {"type": "Polygon", "coordinates": [[[101.613245, 3.062917], [101.613157, 3.062918], [101.613016, 3.062946], [101.613019, 3.063108], [101.613108, 3.063106], [101.613248, 3.063078], [101.613245, 3.062917]]]}}, {"type": "Feature", "properties": {}, "geometry": {"type": "Polygon", "coordinates": [[[101.612931, 3.062923], [101.612843, 3.062925], [101.612703, 3.062954], [101.612708, 3.063119], [101.612796, 3.063116], [101.612936, 3.063088], [101.612931, 3.062923]]]}}, {"type": "Feature", "properties": {}, "geometry": {"type": "Polygon", "coordinates": [[[101.612595, 3.062964], [101.612501, 3.062966], [101.612361, 3.062994], [101.612364, 3.063152], [101.612458, 3.06315], [101.612598, 3.063121], [101.612595, 3.062964]]]}}, {"type": "Feature", "properties": {}, "geometry": {"type": "Polygon", "coordinates": [[[101.608515, 3.063973], [101.608099, 3.063993], [101.607959, 3.064022], [101.60797, 3.064238], [101.608385, 3.064218], [101.608526, 3.064189], [101.608515, 3.063973]]]}}, {"type": "Feature", "properties": {}, "geometry": {"type": "Polygon", "coordinates": [[[101.608993, 3.063968], [101.608566, 3.063979], [101.608426, 3.064008], [101.608432, 3.064212], [101.608859, 3.064201], [101.608999, 3.064172], [101.608993, 3.063968]]]}}, {"type": "Feature", "properties": {}, "geometry": {"type": "Polygon", "coordinates": [[[101.609011, 3.06355], [101.608581, 3.063568], [101.608441, 3.063596], [101.608449, 3.063803], [101.608879, 3.063785], [101.609019, 3.063757], [101.609011, 3.06355]]]}}, {"type": "Feature", "properties": {}, "geometry": {"type": "Polygon", "coordinates": [[[101.608538, 3.063569], [101.608238, 3.06358], [101.608097, 3.063609], [101.608105, 3.063814], [101.608406, 3.063803], [101.608546, 3.063774], [101.608538, 3.063569]]]}}, {"type": "Feature", "properties": {}, "geometry": {"type": "Polygon", "coordinates": [[[101.606851, 3.062824], [101.606711, 3.062852], [101.606685, 3.063007], [101.606915, 3.063045], [101.607056, 3.063016], [101.607081, 3.062862], [101.606851, 3.062824]]]}}, {"type": "Feature", "properties": {}, "geometry": {"type": "Polygon", "coordinates": [[[101.607151, 3.062782], [101.607011, 3.062811], [101.606976, 3.062969], [101.607172, 3.063012], [101.607312, 3.062984], [101.607347, 3.062826], [101.607151, 3.062782]]]}}, {"type": "Feature", "properties": {}, "geometry": {"type": "Polygon", "coordinates": [[[101.607541, 3.062793], [101.607401, 3.062821], [101.607372, 3.062965], [101.607597, 3.06301], [101.607737, 3.062982], [101.607767, 3.062839], [101.607541, 3.062793]]]}}, {"type": "Feature", "properties": {}, "geometry": {"type": "Polygon", "coordinates": [[[101.607288, 3.063576], [101.607148, 3.063604], [101.607084, 3.063746], [101.607302, 3.063843], [101.607442, 3.063815], [101.607505, 3.063673], [101.607288, 3.063576]]]}}, {"type": "Feature", "properties": {}, "geometry": {"type": "Polygon", "coordinates": [[[101.607169, 3.063818], [101.607028, 3.063847], [101.606955, 3.063973], [101.607151, 3.064087], [101.607292, 3.064058], [101.607365, 3.063932], [101.607169, 3.063818]]]}}, {"type": "Feature", "properties": {}, "geometry": {"type": "Polygon", "coordinates": [[[101.602821, 3.065647], [101.602611, 3.065689], [101.602611, 3.065828], [101.602831, 3.065828], [101.603041, 3.065786], [101.603042, 3.065647], [101.602821, 3.065647]]]}}, {"type": "Feature", "properties": {}, "geometry": {"type": "Polygon", "coordinates": [[[101.60236, 3.065913], [101.602137, 3.065914], [101.601875, 3.065967], [101.601875, 3.066036], [101.602098, 3.066034], [101.602361, 3.065981], [101.60236, 3.065913]]]}}, {"type": "Feature", "properties": {}, "geometry": {"type": "Polygon", "coordinates": [[[101.600962, 3.069697], [101.60088, 3.069699], [101.600617, 3.069752], [101.600622, 3.069965], [101.600703, 3.069963], [101.600966, 3.06991], [101.600962, 3.069697]]]}}, {"type": "Feature", "properties": {}, "geometry": {"type": "Polygon", "coordinates": [[[101.601313, 3.069364], [101.601232, 3.069365], [101.600969, 3.069418], [101.600972, 3.069632], [101.601053, 3.069631], [101.601316, 3.069578], [101.601313, 3.069364]]]}}, {"type": "Feature", "properties": {}, "geometry": {"type": "Polygon", "coordinates": [[[101.601806, 3.069682], [101.601725, 3.069683], [101.601462, 3.069736], [101.601465, 3.069948], [101.601547, 3.069946], [101.601809, 3.069893], [101.601806, 3.069682]]]}}, {"type": "Feature", "properties": {}, "geometry": {"type": "Polygon", "coordinates": [[[101.603367, 3.066262], [101.603144, 3.066263], [101.602934, 3.066305], [101.602935, 3.066374], [101.603157, 3.066372], [101.603367, 3.06633], [101.603367, 3.066262]]]}}, {"type": "Feature", "properties": {}, "geometry": {"type": "Polygon", "coordinates": [[[101.602877, 3.067462], [101.602615, 3.067515], [101.602615, 3.067584], [101.602832, 3.067585], [101.603095, 3.067531], [101.603095, 3.067463], [101.602877, 3.067462]]]}}, {"type": "Feature", "properties": {}, "geometry": {"type": "Polygon", "coordinates": [[[101.602516, 3.066936], [101.602448, 3.066937], [101.602185, 3.06699], [101.60219, 3.067208], [101.602259, 3.067206], [101.602521, 3.067153], [101.602516, 3.066936]]]}}, {"type": "Feature", "properties": {}, "geometry": {"type": "Polygon", "coordinates": [[[101.603368, 3.066604], [101.603146, 3.066605], [101.602936, 3.066648], [101.602936, 3.066716], [101.603158, 3.066715], [101.603369, 3.066672], [101.603368, 3.066604]]]}}, {"type": "Feature", "properties": {}, "geometry": {"type": "Polygon", "coordinates": [[[101.602874, 3.068393], [101.602612, 3.068446], [101.602612, 3.068514], [101.602825, 3.068514], [101.603088, 3.068461], [101.603088, 3.068393], [101.602874, 3.068393]]]}}, {"type": "Feature", "properties": {}, "geometry": {"type": "Polygon", "coordinates": [[[101.603197, 3.068052], [101.602935, 3.068106], [101.602934, 3.068174], [101.603152, 3.068176], [101.603414, 3.068123], [101.603415, 3.068055], [101.603197, 3.068052]]]}}, {"type": "Feature", "properties": {}, "geometry": {"type": "Polygon", "coordinates": [[[101.601237, 3.069692], [101.601155, 3.069693], [101.600893, 3.069746], [101.600896, 3.069958], [101.600977, 3.069956], [101.60124, 3.069903], [101.601237, 3.069692]]]}}, {"type": "Feature", "properties": {}, "geometry": {"type": "Polygon", "coordinates": [[[101.60153, 3.067692], [101.601461, 3.067693], [101.601199, 3.067746], [101.601201, 3.067965], [101.601269, 3.067964], [101.601532, 3.067911], [101.60153, 3.067692]]]}}, {"type": "Feature", "properties": {}, "geometry": {"type": "Polygon", "coordinates": [[[101.601493, 3.06696], [101.601425, 3.066961], [101.601162, 3.067014], [101.601167, 3.067232], [101.601236, 3.06723], [101.601498, 3.067177], [101.601493, 3.06696]]]}}, {"type": "Feature", "properties": {}, "geometry": {"type": "Polygon", "coordinates": [[[101.603194, 3.068394], [101.602931, 3.068447], [101.60293, 3.068516], [101.603148, 3.068518], [101.603411, 3.068465], [101.603412, 3.068396], [101.603194, 3.068394]]]}}, {"type": "Feature", "properties": {}, "geometry": {"type": "Polygon", "coordinates": [[[101.602821, 3.066535], [101.602611, 3.066578], [101.602611, 3.066646], [101.602831, 3.066646], [101.603041, 3.066604], [101.603041, 3.066535], [101.602821, 3.066535]]]}}, {"type": "Feature", "properties": {}, "geometry": {"type": "Polygon", "coordinates": [[[101.602526, 3.067671], [101.602458, 3.067672], [101.602195, 3.067726], [101.602199, 3.067943], [101.602267, 3.067941], [101.60253, 3.067888], [101.602526, 3.067671]]]}}, {"type": "Feature", "properties": {}, "geometry": {"type": "Polygon", "coordinates": [[[101.60246, 3.067272], [101.602391, 3.067274], [101.602128, 3.067327], [101.602132, 3.06754], [101.602201, 3.067539], [101.602463, 3.067486], [101.60246, 3.067272]]]}}, {"type": "Feature", "properties": {}, "geometry": {"type": "Polygon", "coordinates": [[[101.600304, 3.06938], [101.600222, 3.069381], [101.599959, 3.069434], [101.599962, 3.069653], [101.600044, 3.069651], [101.600306, 3.069598], [101.600304, 3.06938]]]}}, {"type": "Feature", "properties": {}, "geometry": {"type": "Polygon", "coordinates": [[[101.602048, 3.06768], [101.601979, 3.067681], [101.601716, 3.067734], [101.60172, 3.067951], [101.601789, 3.06795], [101.602052, 3.067897], [101.602048, 3.06768]]]}}, {"type": "Feature", "properties": {}, "geometry": {"type": "Polygon", "coordinates": [[[101.603151, 3.067613], [101.602941, 3.067656], [101.602941, 3.067724], [101.603156, 3.067724], [101.603366, 3.067681], [101.603366, 3.067614], [101.603151, 3.067613]]]}}, {"type": "Feature", "properties": {}, "geometry": {"type": "Polygon", "coordinates": [[[101.601476, 3.069362], [101.601394, 3.069363], [101.601131, 3.069416], [101.601135, 3.06963], [101.601216, 3.069629], [101.601479, 3.069575], [101.601476, 3.069362]]]}}, {"type": "Feature", "properties": {}, "geometry": {"type": "Polygon", "coordinates": [[[101.602363, 3.066391], [101.602141, 3.066393], [101.601878, 3.066446], [101.601878, 3.066514], [101.602101, 3.066513], [101.602364, 3.06646], [101.602363, 3.066391]]]}}, {"type": "Feature", "properties": {}, "geometry": {"type": "Polygon", "coordinates": [[[101.602528, 3.067271], [101.60246, 3.067272], [101.602197, 3.067326], [101.602201, 3.067539], [101.602269, 3.067538], [101.602532, 3.067485], [101.602528, 3.067271]]]}}, {"type": "Feature", "properties": {}, "geometry": {"type": "Polygon", "coordinates": [[[101.602474, 3.065779], [101.602211, 3.065832], [101.602211, 3.0659], [101.602432, 3.065902], [101.602695, 3.065849], [101.602695, 3.06578], [101.602474, 3.065779]]]}}, {"type": "Feature", "properties": {}, "geometry": {"type": "Polygon", "coordinates": [[[101.603367, 3.06633], [101.603145, 3.066331], [101.602935, 3.066374], [101.602935, 3.066442], [101.603157, 3.066441], [101.603367, 3.066399], [101.603367, 3.06633]]]}}, {"type": "Feature", "properties": {}, "geometry": {"type": "Polygon", "coordinates": [[[101.602878, 3.067256], [101.602615, 3.067309], [101.602615, 3.067378], [101.602833, 3.067379], [101.603096, 3.067325], [101.603096, 3.067257], [101.602878, 3.067256]]]}}, {"type": "Feature", "properties": {}, "geometry": {"type": "Polygon", "coordinates": [[[101.603197, 3.068121], [101.602934, 3.068174], [101.602933, 3.068242], [101.603151, 3.068244], [101.603414, 3.068191], [101.603414, 3.068123], [101.603197, 3.068121]]]}}, {"type": "Feature", "properties": {}, "geometry": {"type": "Polygon", "coordinates": [[[101.601425, 3.066961], [101.601357, 3.066963], [101.601094, 3.067016], [101.601099, 3.067234], [101.601167, 3.067232], [101.60143, 3.067179], [101.601425, 3.066961]]]}}, {"type": "Feature", "properties": {}, "geometry": {"type": "Polygon", "coordinates": [[[101.602821, 3.066331], [101.602611, 3.066373], [101.602611, 3.066441], [101.602831, 3.066442], [101.603041, 3.066399], [101.603041, 3.066331], [101.602821, 3.066331]]]}}, {"type": "Feature", "properties": {}, "geometry": {"type": "Polygon", "coordinates": [[[101.602365, 3.069245], [101.602151, 3.069245], [101.601888, 3.069298], [101.601888, 3.069367], [101.602103, 3.069367], [101.602365, 3.069313], [101.602365, 3.069245]]]}}, {"type": "Feature", "properties": {}, "geometry": {"type": "Polygon", "coordinates": [[[101.600875, 3.069372], [101.600793, 3.069373], [101.60053, 3.069427], [101.600533, 3.069645], [101.600615, 3.069644], [101.600877, 3.069591], [101.600875, 3.069372]]]}}, {"type": "Feature", "properties": {}, "geometry": {"type": "Polygon", "coordinates": [[[101.601981, 3.067281], [101.601913, 3.067282], [101.60165, 3.067335], [101.601654, 3.067549], [101.601722, 3.067548], [101.601985, 3.067495], [101.601981, 3.067281]]]}}, {"type": "Feature", "properties": {}, "geometry": {"type": "Polygon", "coordinates": [[[101.603152, 3.067342], [101.602942, 3.067385], [101.602942, 3.067452], [101.603156, 3.067453], [101.603366, 3.06741], [101.603366, 3.067342], [101.603152, 3.067342]]]}}, {"type": "Feature", "properties": {}, "geometry": {"type": "Polygon", "coordinates": [[[101.602361, 3.066118], [101.602139, 3.066119], [101.601876, 3.066172], [101.601876, 3.066241], [101.602099, 3.066239], [101.602362, 3.066186], [101.602361, 3.066118]]]}}, {"type": "Feature", "properties": {}, "geometry": {"type": "Polygon", "coordinates": [[[101.60172, 3.069358], [101.601638, 3.069359], [101.601376, 3.069412], [101.601379, 3.069626], [101.60146, 3.069625], [101.601723, 3.069572], [101.60172, 3.069358]]]}}, {"type": "Feature", "properties": {}, "geometry": {"type": "Polygon", "coordinates": [[[101.601786, 3.068014], [101.601717, 3.068015], [101.601455, 3.068068], [101.601458, 3.068285], [101.601526, 3.068284], [101.601789, 3.068231], [101.601786, 3.068014]]]}}, {"type": "Feature", "properties": {}, "geometry": {"type": "Polygon", "coordinates": [[[101.602364, 3.06646], [101.602141, 3.066461], [101.601878, 3.066514], [101.601879, 3.066583], [101.602102, 3.066581], [101.602364, 3.066528], [101.602364, 3.06646]]]}}, {"type": "Feature", "properties": {}, "geometry": {"type": "Polygon", "coordinates": [[[101.600308, 3.06971], [101.600226, 3.069712], [101.599964, 3.069765], [101.599968, 3.069978], [101.60005, 3.069976], [101.600312, 3.069923], [101.600308, 3.06971]]]}}, {"type": "Feature", "properties": {}, "geometry": {"type": "Polygon", "coordinates": [[[101.602473, 3.065916], [101.60221, 3.065969], [101.60221, 3.066037], [101.602431, 3.066038], [101.602694, 3.065985], [101.602694, 3.065917], [101.602473, 3.065916]]]}}, {"type": "Feature", "properties": {}, "geometry": {"type": "Polygon", "coordinates": [[[101.602691, 3.06959], [101.602474, 3.069593], [101.602211, 3.069646], [101.602212, 3.069714], [101.602429, 3.069712], [101.602692, 3.069659], [101.602691, 3.06959]]]}}, {"type": "Feature", "properties": {}, "geometry": {"type": "Polygon", "coordinates": [[[101.602879, 3.067119], [101.602616, 3.067172], [101.602616, 3.067241], [101.602833, 3.067241], [101.603096, 3.067188], [101.603096, 3.06712], [101.602879, 3.067119]]]}}, {"type": "Feature", "properties": {}, "geometry": {"type": "Polygon", "coordinates": [[[101.602474, 3.065711], [101.602212, 3.065764], [101.602211, 3.065832], [101.602433, 3.065834], [101.602695, 3.06578], [101.602696, 3.065712], [101.602474, 3.065711]]]}}, {"type": "Feature", "properties": {}, "geometry": {"type": "Polygon", "coordinates": [[[101.603366, 3.066125], [101.603144, 3.066126], [101.602934, 3.066168], [101.602934, 3.066237], [101.603156, 3.066236], [101.603366, 3.066193], [101.603366, 3.066125]]]}}, {"type": "Feature", "properties": {}, "geometry": {"type": "Polygon", "coordinates": [[[101.600915, 3.067698], [101.600846, 3.067699], [101.600584, 3.067752], [101.600586, 3.067971], [101.600654, 3.067971], [101.600917, 3.067917], [101.600915, 3.067698]]]}}, {"type": "Feature", "properties": {}, "geometry": {"type": "Polygon", "coordinates": [[[101.602878, 3.067325], [101.602615, 3.067378], [101.602615, 3.067447], [101.602833, 3.067447], [101.603095, 3.067394], [101.603096, 3.067325], [101.602878, 3.067325]]]}}, {"type": "Feature", "properties": {}, "geometry": {"type": "Polygon", "coordinates": [[[101.602107, 3.066945], [101.602039, 3.066947], [101.601776, 3.067], [101.601781, 3.067218], [101.601849, 3.067216], [101.602112, 3.067163], [101.602107, 3.066945]]]}}, {"type": "Feature", "properties": {}, "geometry": {"type": "Polygon", "coordinates": [[[101.602821, 3.066195], [101.602611, 3.066237], [101.602611, 3.066305], [101.602831, 3.066305], [101.603041, 3.066263], [101.603041, 3.066195], [101.602821, 3.066195]]]}}, {"type": "Feature", "properties": {}, "geometry": {"type": "Polygon", "coordinates": [[[101.601393, 3.067693], [101.601325, 3.067694], [101.601062, 3.067747], [101.601064, 3.067966], [101.601133, 3.067966], [101.601395, 3.067912], [101.601393, 3.067693]]]}}, {"type": "Feature", "properties": {}, "geometry": {"type": "Polygon", "coordinates": [[[101.600548, 3.069376], [101.600467, 3.069378], [101.600204, 3.069431], [101.600207, 3.069649], [101.600288, 3.069648], [101.600551, 3.069595], [101.600548, 3.069376]]]}}, {"type": "Feature", "properties": {}, "geometry": {"type": "Polygon", "coordinates": [[[101.60163, 3.066957], [101.601561, 3.066958], [101.601299, 3.067011], [101.601304, 3.067229], [101.601372, 3.067227], [101.601635, 3.067174], [101.60163, 3.066957]]]}}, {"type": "Feature", "properties": {}, "geometry": {"type": "Polygon", "coordinates": [[[101.601708, 3.067286], [101.601639, 3.067287], [101.601377, 3.06734], [101.601381, 3.067554], [101.601449, 3.067553], [101.601712, 3.067499], [101.601708, 3.067286]]]}}, {"type": "Feature", "properties": {}, "geometry": {"type": "Polygon", "coordinates": [[[101.602821, 3.066399], [101.602611, 3.066441], [101.602611, 3.06651], [101.602831, 3.06651], [101.603041, 3.066467], [101.603041, 3.066399], [101.602821, 3.066399]]]}}, {"type": "Feature", "properties": {}, "geometry": {"type": "Polygon", "coordinates": [[[101.600989, 3.068024], [101.600921, 3.068024], [101.600658, 3.068077], [101.60066, 3.068297], [101.600728, 3.068297], [101.600991, 3.068243], [101.600989, 3.068024]]]}}, {"type": "Feature", "properties": {}, "geometry": {"type": "Polygon", "coordinates": [[[101.603152, 3.067139], [101.602942, 3.067181], [101.602942, 3.067249], [101.603156, 3.067249], [101.603367, 3.067207], [101.603367, 3.067139], [101.603152, 3.067139]]]}}, {"type": "Feature", "properties": {}, "geometry": {"type": "Polygon", "coordinates": [[[101.602362, 3.066186], [101.602139, 3.066188], [101.601876, 3.066241], [101.601877, 3.066309], [101.6021, 3.066308], [101.602362, 3.066254], [101.602362, 3.066186]]]}}, {"type": "Feature", "properties": {}, "geometry": {"type": "Polygon", "coordinates": [[[101.600635, 3.069704], [101.600553, 3.069705], [101.60029, 3.069758], [101.600295, 3.069971], [101.600376, 3.06997], [101.600639, 3.069916], [101.600635, 3.069704]]]}}, {"type": "Feature", "properties": {}, "geometry": {"type": "Polygon", "coordinates": [[[101.601468, 3.06802], [101.601399, 3.068021], [101.601137, 3.068074], [101.601138, 3.068293], [101.601207, 3.068293], [101.601469, 3.06824], [101.601468, 3.06802]]]}}, {"type": "Feature", "properties": {}, "geometry": {"type": "Polygon", "coordinates": [[[101.60247, 3.066394], [101.602207, 3.066447], [101.602207, 3.066515], [101.602428, 3.066517], [101.602691, 3.066464], [101.602691, 3.066395], [101.60247, 3.066394]]]}}, {"type": "Feature", "properties": {}, "geometry": {"type": "Polygon", "coordinates": [[[101.602875, 3.067985], [101.602612, 3.068038], [101.602612, 3.068106], [101.602825, 3.068106], [101.603088, 3.068053], [101.603088, 3.067985], [101.602875, 3.067985]]]}}, {"type": "Feature", "properties": {}, "geometry": {"type": "Polygon", "coordinates": [[[101.602689, 3.069385], [101.602472, 3.069388], [101.602209, 3.069441], [101.60221, 3.069509], [101.602427, 3.069507], [101.60269, 3.069454], [101.602689, 3.069385]]]}}, {"type": "Feature", "properties": {}, "geometry": {"type": "Polygon", "coordinates": [[[101.602401, 3.068005], [101.602333, 3.068006], [101.60207, 3.068059], [101.602073, 3.068276], [101.602142, 3.068275], [101.602404, 3.068222], [101.602401, 3.068005]]]}}, {"type": "Feature", "properties": {}, "geometry": {"type": "Polygon", "coordinates": [[[101.601598, 3.067691], [101.60153, 3.067692], [101.601267, 3.067745], [101.601269, 3.067964], [101.601338, 3.067963], [101.601601, 3.06791], [101.601598, 3.067691]]]}}, {"type": "Feature", "properties": {}, "geometry": {"type": "Polygon", "coordinates": [[[101.602875, 3.068121], [101.602612, 3.068174], [101.602612, 3.068242], [101.602825, 3.068242], [101.603088, 3.068189], [101.603088, 3.068121], [101.602875, 3.068121]]]}}, {"type": "Feature", "properties": {}, "geometry": {"type": "Polygon", "coordinates": [[[101.602196, 3.068008], [101.602128, 3.068009], [101.601865, 3.068062], [101.601868, 3.068279], [101.601936, 3.068278], [101.602199, 3.068225], [101.602196, 3.068008]]]}}, {"type": "Feature", "properties": {}, "geometry": {"type": "Polygon", "coordinates": [[[101.602312, 3.06694], [101.602243, 3.066942], [101.601981, 3.066995], [101.601986, 3.067213], [101.602054, 3.067211], [101.602317, 3.067158], [101.602312, 3.06694]]]}}, {"type": "Feature", "properties": {}, "geometry": {"type": "Polygon", "coordinates": [[[101.601906, 3.06968], [101.601806, 3.069682], [101.601543, 3.069735], [101.601547, 3.069946], [101.601647, 3.069945], [101.60191, 3.069892], [101.601906, 3.06968]]]}}, {"type": "Feature", "properties": {}, "geometry": {"type": "Polygon", "coordinates": [[[101.602365, 3.06945], [101.602151, 3.069451], [101.601888, 3.069504], [101.601889, 3.069572], [101.602103, 3.069572], [101.602366, 3.069519], [101.602365, 3.06945]]]}}, {"type": "Feature", "properties": {}, "geometry": {"type": "Polygon", "coordinates": [[[101.603152, 3.067003], [101.602942, 3.067045], [101.602942, 3.067113], [101.603157, 3.067114], [101.603367, 3.067071], [101.603367, 3.067003], [101.603152, 3.067003]]]}}, {"type": "Feature", "properties": {}, "geometry": {"type": "Polygon", "coordinates": [[[101.60063, 3.069375], [101.600548, 3.069376], [101.600286, 3.06943], [101.600288, 3.069648], [101.60037, 3.069647], [101.600633, 3.069594], [101.60063, 3.069375]]]}}, {"type": "Feature", "properties": {}, "geometry": {"type": "Polygon", "coordinates": [[[101.601503, 3.067289], [101.601434, 3.067291], [101.601172, 3.067344], [101.601175, 3.067557], [101.601244, 3.067556], [101.601507, 3.067503], [101.601503, 3.067289]]]}}, {"type": "Feature", "properties": {}, "geometry": {"type": "Polygon", "coordinates": [[[101.602366, 3.069656], [101.602151, 3.069656], [101.601889, 3.069709], [101.601889, 3.069777], [101.602103, 3.069777], [101.602366, 3.069724], [101.602366, 3.069656]]]}}, {"type": "Feature", "properties": {}, "geometry": {"type": "Polygon", "coordinates": [[[101.603152, 3.067206], [101.602942, 3.067249], [101.602942, 3.067317], [101.603156, 3.067317], [101.603367, 3.067274], [101.603367, 3.067207], [101.603152, 3.067206]]]}}, {"type": "Feature", "properties": {}, "geometry": {"type": "Polygon", "coordinates": [[[101.602469, 3.06653], [101.602206, 3.066584], [101.602206, 3.066652], [101.602427, 3.066653], [101.60269, 3.0666], [101.60269, 3.066532], [101.602469, 3.06653]]]}}, {"type": "Feature", "properties": {}, "geometry": {"type": "Polygon", "coordinates": [[[101.602821, 3.06674], [101.60261, 3.066782], [101.60261, 3.06685], [101.602831, 3.06685], [101.603041, 3.066808], [101.603041, 3.06674], [101.602821, 3.06674]]]}}, {"type": "Feature", "properties": {}, "geometry": {"type": "Polygon", "coordinates": [[[101.602361, 3.065981], [101.602138, 3.065982], [101.601875, 3.066036], [101.601876, 3.066104], [101.602098, 3.066102], [101.602361, 3.066049], [101.602361, 3.065981]]]}}, {"type": "Feature", "properties": {}, "geometry": {"type": "Polygon", "coordinates": [[[101.602688, 3.069249], [101.60247, 3.069251], [101.602208, 3.069304], [101.602208, 3.069373], [101.602426, 3.06937], [101.602688, 3.069317], [101.602688, 3.069249]]]}}, {"type": "Feature", "properties": {}, "geometry": {"type": "Polygon", "coordinates": [[[101.601232, 3.069365], [101.60115, 3.069366], [101.600888, 3.06942], [101.600891, 3.069634], [101.600972, 3.069632], [101.601235, 3.069579], [101.601232, 3.069365]]]}}, {"type": "Feature", "properties": {}, "geometry": {"type": "Polygon", "coordinates": [[[101.602469, 3.066599], [101.602206, 3.066652], [101.602205, 3.066749], [101.602426, 3.066751], [101.602689, 3.066698], [101.60269, 3.0666], [101.602469, 3.066599]]]}}, {"type": "Feature", "properties": {}, "geometry": {"type": "Polygon", "coordinates": [[[101.601725, 3.069683], [101.601643, 3.069685], [101.601381, 3.069738], [101.601384, 3.069949], [101.601465, 3.069948], [101.601728, 3.069895], [101.601725, 3.069683]]]}}, {"type": "Feature", "properties": {}, "geometry": {"type": "Polygon", "coordinates": [[[101.60269, 3.069454], [101.602473, 3.069456], [101.60221, 3.069509], [101.60221, 3.069577], [101.602428, 3.069575], [101.602691, 3.069522], [101.60269, 3.069454]]]}}, {"type": "Feature", "properties": {}, "geometry": {"type": "Polygon", "coordinates": [[[101.602877, 3.067531], [101.602615, 3.067584], [101.602614, 3.067652], [101.602832, 3.067653], [101.603095, 3.0676], [101.603095, 3.067531], [101.602877, 3.067531]]]}}, {"type": "Feature", "properties": {}, "geometry": {"type": "Polygon", "coordinates": [[[101.602333, 3.068006], [101.602265, 3.068007], [101.602002, 3.06806], [101.602005, 3.068277], [101.602073, 3.068276], [101.602336, 3.068223], [101.602333, 3.068006]]]}}, {"type": "Feature", "properties": {}, "geometry": {"type": "Polygon", "coordinates": [[[101.602448, 3.066937], [101.60238, 3.066939], [101.602117, 3.066992], [101.602122, 3.06721], [101.60219, 3.067208], [101.602453, 3.067155], [101.602448, 3.066937]]]}}, {"type": "Feature", "properties": {}, "geometry": {"type": "Polygon", "coordinates": [[[101.603369, 3.066672], [101.603146, 3.066673], [101.602936, 3.066716], [101.602937, 3.066784], [101.603159, 3.066783], [101.603369, 3.066741], [101.603369, 3.066672]]]}}, {"type": "Feature", "properties": {}, "geometry": {"type": "Polygon", "coordinates": [[[101.602874, 3.068597], [101.602612, 3.06865], [101.602611, 3.068718], [101.602825, 3.068718], [101.603088, 3.068665], [101.603088, 3.068597], [101.602874, 3.068597]]]}}, {"type": "Feature", "properties": {}, "geometry": {"type": "Polygon", "coordinates": [[[101.601481, 3.069687], [101.601399, 3.069689], [101.601136, 3.069742], [101.60114, 3.069953], [101.601221, 3.069952], [101.601484, 3.069899], [101.601481, 3.069687]]]}}, {"type": "Feature", "properties": {}, "geometry": {"type": "Polygon", "coordinates": [[[101.602877, 3.067737], [101.602614, 3.06779], [101.602614, 3.067858], [101.602831, 3.067859], [101.603094, 3.067806], [101.603094, 3.067737], [101.602877, 3.067737]]]}}, {"type": "Feature", "properties": {}, "geometry": {"type": "Polygon", "coordinates": [[[101.601604, 3.068019], [101.601536, 3.06802], [101.601273, 3.068073], [101.601275, 3.068292], [101.601343, 3.068292], [101.601606, 3.068239], [101.601604, 3.068019]]]}}, {"type": "Feature", "properties": {}, "geometry": {"type": "Polygon", "coordinates": [[[101.602243, 3.066942], [101.602175, 3.066944], [101.601912, 3.066997], [101.601918, 3.067214], [101.601986, 3.067213], [101.602249, 3.06716], [101.602243, 3.066942]]]}}, {"type": "Feature", "properties": {}, "geometry": {"type": "Polygon", "coordinates": [[[101.603193, 3.068462], [101.60293, 3.068516], [101.60293, 3.068584], [101.603148, 3.068586], [101.60341, 3.068533], [101.603411, 3.068465], [101.603193, 3.068462]]]}}, {"type": "Feature", "properties": {}, "geometry": {"type": "Polygon", "coordinates": [[[101.602821, 3.066603], [101.602611, 3.066646], [101.60261, 3.066714], [101.602831, 3.066714], [101.603041, 3.066672], [101.603041, 3.066604], [101.602821, 3.066603]]]}}, {"type": "Feature", "properties": {}, "geometry": {"type": "Polygon", "coordinates": [[[101.602458, 3.067672], [101.602389, 3.067674], [101.602127, 3.067727], [101.602131, 3.067944], [101.602199, 3.067943], [101.602462, 3.067889], [101.602458, 3.067672]]]}}, {"type": "Feature", "properties": {}, "geometry": {"type": "Polygon", "coordinates": [[[101.602366, 3.069519], [101.602151, 3.069519], [101.601889, 3.069572], [101.601889, 3.069641], [101.602103, 3.06964], [101.602366, 3.069587], [101.602366, 3.069519]]]}}, {"type": "Feature", "properties": {}, "geometry": {"type": "Polygon", "coordinates": [[[101.60115, 3.069366], [101.601069, 3.069368], [101.600806, 3.069421], [101.600809, 3.069635], [101.600891, 3.069634], [101.601154, 3.06958], [101.60115, 3.069366]]]}}, {"type": "Feature", "properties": {}, "geometry": {"type": "Polygon", "coordinates": [[[101.602255, 3.067276], [101.602186, 3.067277], [101.601923, 3.067331], [101.601927, 3.067544], [101.601996, 3.067543], [101.602258, 3.06749], [101.602255, 3.067276]]]}}, {"type": "Feature", "properties": {}, "geometry": {"type": "Polygon", "coordinates": [[[101.600385, 3.069379], [101.600304, 3.06938], [101.600041, 3.069433], [101.600044, 3.069651], [101.600125, 3.06965], [101.600388, 3.069597], [101.600385, 3.069379]]]}}, {"type": "Feature", "properties": {}, "geometry": {"type": "Polygon", "coordinates": [[[101.601571, 3.067288], [101.601503, 3.067289], [101.60124, 3.067343], [101.601244, 3.067556], [101.601312, 3.067555], [101.601575, 3.067502], [101.601571, 3.067288]]]}}, {"type": "Feature", "properties": {}, "geometry": {"type": "Polygon", "coordinates": [[[101.602253, 3.067676], [101.602184, 3.067677], [101.601922, 3.067731], [101.601925, 3.067947], [101.601994, 3.067946], [101.602257, 3.067893], [101.602253, 3.067676]]]}}, {"type": "Feature", "properties": {}, "geometry": {"type": "Polygon", "coordinates": [[[101.603151, 3.067681], [101.602941, 3.067724], [101.602941, 3.067791], [101.603156, 3.067792], [101.603366, 3.067749], [101.603366, 3.067681], [101.603151, 3.067681]]]}}, {"type": "Feature", "properties": {}, "geometry": {"type": "Polygon", "coordinates": [[[101.601394, 3.069363], [101.601313, 3.069364], [101.60105, 3.069417], [101.601053, 3.069631], [101.601135, 3.06963], [101.601397, 3.069577], [101.601394, 3.069363]]]}}, {"type": "Feature", "properties": {}, "geometry": {"type": "Polygon", "coordinates": [[[101.600853, 3.068025], [101.600784, 3.068025], [101.600521, 3.068078], [101.600523, 3.068298], [101.600592, 3.068298], [101.600854, 3.068244], [101.600853, 3.068025]]]}}, {"type": "Feature", "properties": {}, "geometry": {"type": "Polygon", "coordinates": [[[101.601643, 3.069685], [101.601562, 3.069686], [101.601299, 3.069739], [101.601303, 3.069951], [101.601384, 3.069949], [101.601647, 3.069896], [101.601643, 3.069685]]]}}, {"type": "Feature", "properties": {}, "geometry": {"type": "Polygon", "coordinates": [[[101.603367, 3.066399], [101.603145, 3.0664], [101.602935, 3.066442], [101.602935, 3.066511], [101.603157, 3.066509], [101.603368, 3.066467], [101.603367, 3.066399]]]}}, {"type": "Feature", "properties": {}, "geometry": {"type": "Polygon", "coordinates": [[[101.602877, 3.067599], [101.602614, 3.067652], [101.602614, 3.067721], [101.602832, 3.067722], [101.603094, 3.067669], [101.603095, 3.0676], [101.602877, 3.067599]]]}}, {"type": "Feature", "properties": {}, "geometry": {"type": "Polygon", "coordinates": [[[101.602538, 3.068003], [101.60247, 3.068004], [101.602207, 3.068057], [101.60221, 3.068274], [101.602279, 3.068273], [101.602541, 3.06822], [101.602538, 3.068003]]]}}, {"type": "Feature", "properties": {}, "geometry": {"type": "Polygon", "coordinates": [[[101.603196, 3.068189], [101.602933, 3.068242], [101.602933, 3.06831], [101.60315, 3.068313], [101.603413, 3.06826], [101.603414, 3.068191], [101.603196, 3.068189]]]}}, {"type": "Feature", "properties": {}, "geometry": {"type": "Polygon", "coordinates": [[[101.602821, 3.066672], [101.60261, 3.066714], [101.60261, 3.066782], [101.602831, 3.066782], [101.603041, 3.06674], [101.603041, 3.066672], [101.602821, 3.066672]]]}}, {"type": "Feature", "properties": {}, "geometry": {"type": "Polygon", "coordinates": [[[101.602389, 3.067674], [101.602321, 3.067675], [101.602058, 3.067728], [101.602062, 3.067945], [101.602131, 3.067944], [101.602393, 3.067891], [101.602389, 3.067674]]]}}, {"type": "Feature", "properties": {}, "geometry": {"type": "Polygon", "coordinates": [[[101.602365, 3.069313], [101.602151, 3.069314], [101.601888, 3.069367], [101.601888, 3.069435], [101.602103, 3.069435], [101.602365, 3.069382], [101.602365, 3.069313]]]}}, {"type": "Feature", "properties": {}, "geometry": {"type": "Polygon", "coordinates": [[[101.602049, 3.06728], [101.601981, 3.067281], [101.601718, 3.067334], [101.601722, 3.067548], [101.601791, 3.067547], [101.602053, 3.067493], [101.602049, 3.06728]]]}}, {"type": "Feature", "properties": {}, "geometry": {"type": "Polygon", "coordinates": [[[101.603152, 3.06741], [101.602942, 3.067452], [101.602941, 3.06752], [101.603156, 3.06752], [101.603366, 3.067478], [101.603366, 3.06741], [101.603152, 3.06741]]]}}, {"type": "Feature", "properties": {}, "geometry": {"type": "Polygon", "coordinates": [[[101.603151, 3.067749], [101.602941, 3.067791], [101.602941, 3.067859], [101.603156, 3.067859], [101.603366, 3.067817], [101.603366, 3.067749], [101.603151, 3.067749]]]}}, {"type": "Feature", "properties": {}, "geometry": {"type": "Polygon", "coordinates": [[[101.600956, 3.069371], [101.600875, 3.069372], [101.600612, 3.069425], [101.600615, 3.069644], [101.600696, 3.069643], [101.600959, 3.06959], [101.600956, 3.069371]]]}}, {"type": "Feature", "properties": {}, "geometry": {"type": "Polygon", "coordinates": [[[101.600553, 3.069705], [101.600472, 3.069707], [101.600209, 3.06976], [101.600213, 3.069973], [101.600295, 3.069971], [101.600558, 3.069918], [101.600553, 3.069705]]]}}, {"type": "Feature", "properties": {}, "geometry": {"type": "Polygon", "coordinates": [[[101.602472, 3.06612], [101.602209, 3.066174], [101.602209, 3.066242], [101.60243, 3.066243], [101.602692, 3.06619], [101.602693, 3.066122], [101.602472, 3.06612]]]}}, {"type": "Feature", "properties": {}, "geometry": {"type": "Polygon", "coordinates": [[[101.602692, 3.069659], [101.602475, 3.069661], [101.602212, 3.069714], [101.602213, 3.069782], [101.60243, 3.06978], [101.602693, 3.069727], [101.602692, 3.069659]]]}}, {"type": "Feature", "properties": {}, "geometry": {"type": "Polygon", "coordinates": [[[101.602879, 3.066913], [101.602616, 3.066966], [101.602616, 3.067035], [101.602834, 3.067035], [101.603097, 3.066982], [101.603097, 3.066914], [101.602879, 3.066913]]]}}, {"type": "Feature", "properties": {}, "geometry": {"type": "Polygon", "coordinates": [[[101.603365, 3.065919], [101.603143, 3.06592], [101.602933, 3.065963], [101.602933, 3.066031], [101.603155, 3.06603], [101.603365, 3.065988], [101.603365, 3.065919]]]}}, {"type": "Feature", "properties": {}, "geometry": {"type": "Polygon", "coordinates": [[[101.600983, 3.067698], [101.600915, 3.067698], [101.600652, 3.067751], [101.600654, 3.067971], [101.600723, 3.06797], [101.600985, 3.067917], [101.600983, 3.067698]]]}}, {"type": "Feature", "properties": {}, "geometry": {"type": "Polygon", "coordinates": [[[101.602611, 3.066933], [101.602516, 3.066936], [101.602254, 3.066989], [101.602259, 3.067206], [101.602353, 3.067204], [101.602616, 3.067151], [101.602611, 3.066933]]]}}, {"type": "Feature", "properties": {}, "geometry": {"type": "Polygon", "coordinates": [[[101.602878, 3.067393], [101.602615, 3.067447], [101.602615, 3.067515], [101.602832, 3.067516], [101.603095, 3.067463], [101.603095, 3.067394], [101.602878, 3.067393]]]}}, {"type": "Feature", "properties": {}, "geometry": {"type": "Polygon", "coordinates": [[[101.601922, 3.068012], [101.601854, 3.068013], [101.601591, 3.068066], [101.601594, 3.068283], [101.601663, 3.068282], [101.601926, 3.068229], [101.601922, 3.068012]]]}}, {"type": "Feature", "properties": {}, "geometry": {"type": "Polygon", "coordinates": [[[101.602039, 3.066947], [101.601971, 3.066948], [101.601708, 3.067002], [101.601713, 3.067219], [101.601781, 3.067218], [101.602044, 3.067164], [101.602039, 3.066947]]]}}, {"type": "Feature", "properties": {}, "geometry": {"type": "Polygon", "coordinates": [[[101.602821, 3.06599], [101.602611, 3.066033], [101.602611, 3.066101], [101.602831, 3.066101], [101.603041, 3.066058], [101.603041, 3.06599], [101.602821, 3.06599]]]}}, {"type": "Feature", "properties": {}, "geometry": {"type": "Polygon", "coordinates": [[[101.601188, 3.067695], [101.60112, 3.067696], [101.600857, 3.067749], [101.600859, 3.067968], [101.600928, 3.067968], [101.60119, 3.067915], [101.601188, 3.067695]]]}}, {"type": "Feature", "properties": {}, "geometry": {"type": "Polygon", "coordinates": [[[101.601834, 3.066952], [101.601766, 3.066953], [101.601503, 3.067006], [101.601508, 3.067224], [101.601577, 3.067222], [101.601839, 3.067169], [101.601834, 3.066952]]]}}, {"type": "Feature", "properties": {}, "geometry": {"type": "Polygon", "coordinates": [[[101.601776, 3.067285], [101.601708, 3.067286], [101.601445, 3.067339], [101.601449, 3.067553], [101.601517, 3.067551], [101.60178, 3.067498], [101.601776, 3.067285]]]}}, {"type": "Feature", "properties": {}, "geometry": {"type": "Polygon", "coordinates": [[[101.602821, 3.066467], [101.602611, 3.06651], [101.602611, 3.066578], [101.602831, 3.066578], [101.603041, 3.066535], [101.603041, 3.066467], [101.602821, 3.066467]]]}}, {"type": "Feature", "properties": {}, "geometry": {"type": "Polygon", "coordinates": [[[101.601058, 3.068023], [101.600989, 3.068024], [101.600727, 3.068077], [101.600728, 3.068297], [101.600797, 3.068296], [101.601059, 3.068243], [101.601058, 3.068023]]]}}, {"type": "Feature", "properties": {}, "geometry": {"type": "Polygon", "coordinates": [[[101.602118, 3.067279], [101.602049, 3.06728], [101.601787, 3.067333], [101.601791, 3.067547], [101.601859, 3.067545], [101.602122, 3.067492], [101.602118, 3.067279]]]}}, {"type": "Feature", "properties": {}, "geometry": {"type": "Polygon", "coordinates": [[[101.603152, 3.067478], [101.602941, 3.06752], [101.602941, 3.067588], [101.603156, 3.067588], [101.603366, 3.067546], [101.603366, 3.067478], [101.603152, 3.067478]]]}}, {"type": "Feature", "properties": {}, "geometry": {"type": "Polygon", "coordinates": [[[101.602362, 3.066254], [101.60214, 3.066256], [101.601877, 3.066309], [101.601877, 3.066378], [101.6021, 3.066376], [101.602363, 3.066323], [101.602362, 3.066254]]]}}, {"type": "Feature", "properties": {}, "geometry": {"type": "Polygon", "coordinates": [[[101.60088, 3.069699], [101.600798, 3.0697], [101.600536, 3.069754], [101.60054, 3.069966], [101.600622, 3.069965], [101.600884, 3.069911], [101.60088, 3.069699]]]}}, {"type": "Feature", "properties": {}, "geometry": {"type": "Polygon", "coordinates": [[[101.601263, 3.068022], [101.601194, 3.068022], [101.600932, 3.068075], [101.600933, 3.068295], [101.601002, 3.068294], [101.601264, 3.068241], [101.601263, 3.068022]]]}}, {"type": "Feature", "properties": {}, "geometry": {"type": "Polygon", "coordinates": [[[101.603364, 3.065646], [101.603142, 3.065647], [101.602931, 3.065689], [101.602932, 3.065826], [101.603154, 3.065825], [101.603364, 3.065782], [101.603364, 3.065646]]]}}, {"type": "Feature", "properties": {}, "geometry": {"type": "Polygon", "coordinates": [[[101.60247, 3.066325], [101.602208, 3.066379], [101.602207, 3.066447], [101.602428, 3.066448], [101.602691, 3.066395], [101.602692, 3.066327], [101.60247, 3.066325]]]}}, {"type": "Feature", "properties": {}, "geometry": {"type": "Polygon", "coordinates": [[[101.603364, 3.065782], [101.603142, 3.065783], [101.602932, 3.065826], [101.602932, 3.065894], [101.603155, 3.065893], [101.603365, 3.065851], [101.603364, 3.065782]]]}}, {"type": "Feature", "properties": {}, "geometry": {"type": "Polygon", "coordinates": [[[101.602693, 3.069727], [101.602476, 3.069729], [101.602213, 3.069782], [101.602214, 3.069851], [101.602431, 3.069848], [101.602694, 3.069795], [101.602693, 3.069727]]]}}, {"type": "Feature", "properties": {}, "geometry": {"type": "Polygon", "coordinates": [[[101.602874, 3.068325], [101.602612, 3.068378], [101.602612, 3.068446], [101.602825, 3.068446], [101.603088, 3.068393], [101.603088, 3.068325], [101.602874, 3.068325]]]}}, {"type": "Feature", "properties": {}, "geometry": {"type": "Polygon", "coordinates": [[[101.601051, 3.067697], [101.600983, 3.067698], [101.60072, 3.067751], [101.600723, 3.06797], [101.600791, 3.067969], [101.601054, 3.067916], [101.601051, 3.067697]]]}}, {"type": "Feature", "properties": {}, "geometry": {"type": "Polygon", "coordinates": [[[101.602128, 3.068009], [101.602059, 3.06801], [101.601797, 3.068063], [101.6018, 3.06828], [101.601868, 3.068279], [101.602131, 3.068226], [101.602128, 3.068009]]]}}, {"type": "Feature", "properties": {}, "geometry": {"type": "Polygon", "coordinates": [[[101.601971, 3.066948], [101.601902, 3.06695], [101.60164, 3.067003], [101.601645, 3.067221], [101.601713, 3.067219], [101.601976, 3.067166], [101.601971, 3.066948]]]}}, {"type": "Feature", "properties": {}, "geometry": {"type": "Polygon", "coordinates": [[[101.602821, 3.065786], [101.602611, 3.065828], [101.602611, 3.065896], [101.602831, 3.065896], [101.603041, 3.065854], [101.603041, 3.065786], [101.602821, 3.065786]]]}}, {"type": "Feature", "properties": {}, "geometry": {"type": "Polygon", "coordinates": [[[101.600711, 3.069374], [101.60063, 3.069375], [101.600367, 3.069429], [101.60037, 3.069647], [101.600452, 3.069646], [101.600714, 3.069593], [101.600711, 3.069374]]]}}, {"type": "Feature", "properties": {}, "geometry": {"type": "Polygon", "coordinates": [[[101.601844, 3.067283], [101.601776, 3.067285], [101.601513, 3.067338], [101.601517, 3.067551], [101.601585, 3.06755], [101.601848, 3.067497], [101.601844, 3.067283]]]}}, {"type": "Feature", "properties": {}, "geometry": {"type": "Polygon", "coordinates": [[[101.600222, 3.069381], [101.600143, 3.069382], [101.59988, 3.069435], [101.599883, 3.069653], [101.599962, 3.069653], [101.600225, 3.069599], [101.600222, 3.069381]]]}}, {"type": "Feature", "properties": {}, "geometry": {"type": "Polygon", "coordinates": [[[101.601979, 3.067681], [101.601911, 3.067682], [101.601648, 3.067735], [101.601652, 3.067952], [101.60172, 3.067951], [101.601983, 3.067898], [101.601979, 3.067681]]]}}, {"type": "Feature", "properties": {}, "geometry": {"type": "Polygon", "coordinates": [[[101.602366, 3.069724], [101.602152, 3.069724], [101.601889, 3.069777], [101.601889, 3.069846], [101.602103, 3.069846], [101.602366, 3.069792], [101.602366, 3.069724]]]}}, {"type": "Feature", "properties": {}, "geometry": {"type": "Polygon", "coordinates": [[[101.601126, 3.068023], [101.601058, 3.068023], [101.600795, 3.068076], [101.600797, 3.068296], [101.600865, 3.068296], [101.601128, 3.068242], [101.601126, 3.068023]]]}}, {"type": "Feature", "properties": {}, "geometry": {"type": "Polygon", "coordinates": [[[101.603152, 3.067274], [101.602942, 3.067317], [101.602942, 3.067385], [101.603156, 3.067385], [101.603366, 3.067342], [101.603367, 3.067274], [101.603152, 3.067274]]]}}, {"type": "Feature", "properties": {}, "geometry": {"type": "Polygon", "coordinates": [[[101.602469, 3.066462], [101.602207, 3.066515], [101.602206, 3.066584], [101.602428, 3.066585], [101.60269, 3.066532], [101.602691, 3.066464], [101.602469, 3.066462]]]}}, {"type": "Feature", "properties": {}, "geometry": {"type": "Polygon", "coordinates": [[[101.602874, 3.068665], [101.602611, 3.068718], [101.602611, 3.068831], [101.602825, 3.068831], [101.603088, 3.068778], [101.603088, 3.068665], [101.602874, 3.068665]]]}}, {"type": "Feature", "properties": {}, "geometry": {"type": "Polygon", "coordinates": [[[101.602359, 3.065776], [101.602136, 3.065777], [101.601874, 3.06583], [101.601874, 3.065899], [101.602097, 3.065897], [101.60236, 3.065844], [101.602359, 3.065776]]]}}, {"type": "Feature", "properties": {}, "geometry": {"type": "Polygon", "coordinates": [[[101.602471, 3.066257], [101.602208, 3.06631], [101.602208, 3.066379], [101.602429, 3.06638], [101.602692, 3.066327], [101.602692, 3.066259], [101.602471, 3.066257]]]}}, {"type": "Feature", "properties": {}, "geometry": {"type": "Polygon", "coordinates": [[[101.602691, 3.069522], [101.602473, 3.069524], [101.60221, 3.069577], [101.602211, 3.069646], [101.602429, 3.069643], [101.602691, 3.06959], [101.602691, 3.069522]]]}}, {"type": "Feature", "properties": {}, "geometry": {"type": "Polygon", "coordinates": [[[101.602265, 3.068007], [101.602196, 3.068008], [101.601933, 3.068061], [101.601936, 3.068278], [101.602005, 3.068277], [101.602268, 3.068224], [101.602265, 3.068007]]]}}, {"type": "Feature", "properties": {}, "geometry": {"type": "Polygon", "coordinates": [[[101.603368, 3.066467], [101.603145, 3.066468], [101.602935, 3.066511], [101.602936, 3.066579], [101.603158, 3.066578], [101.603368, 3.066535], [101.603368, 3.066467]]]}}, {"type": "Feature", "properties": {}, "geometry": {"type": "Polygon", "coordinates": [[[101.602874, 3.068529], [101.602612, 3.068582], [101.602612, 3.06865], [101.602825, 3.06865], [101.603088, 3.068597], [101.603088, 3.068529], [101.602874, 3.068529]]]}}, {"type": "Feature", "properties": {}, "geometry": {"type": "Polygon", "coordinates": [[[101.601399, 3.069689], [101.601318, 3.06969], [101.601055, 3.069743], [101.601059, 3.069955], [101.60114, 3.069953], [101.601403, 3.0699], [101.601399, 3.069689]]]}}, {"type": "Feature", "properties": {}, "geometry": {"type": "Polygon", "coordinates": [[[101.600846, 3.067699], [101.600778, 3.0677], [101.600515, 3.067753], [101.600518, 3.067972], [101.600586, 3.067971], [101.600849, 3.067918], [101.600846, 3.067699]]]}}, {"type": "Feature", "properties": {}, "geometry": {"type": "Polygon", "coordinates": [[[101.602059, 3.06801], [101.601991, 3.068011], [101.601728, 3.068064], [101.601731, 3.068281], [101.6018, 3.06828], [101.602062, 3.068227], [101.602059, 3.06801]]]}}, {"type": "Feature", "properties": {}, "geometry": {"type": "Polygon", "coordinates": [[[101.602175, 3.066944], [101.602107, 3.066945], [101.601844, 3.066998], [101.601849, 3.067216], [101.601918, 3.067214], [101.60218, 3.067161], [101.602175, 3.066944]]]}}, {"type": "Feature", "properties": {}, "geometry": {"type": "Polygon", "coordinates": [[[101.603195, 3.068257], [101.602933, 3.06831], [101.602932, 3.068379], [101.60315, 3.068381], [101.603412, 3.068328], [101.603413, 3.06826], [101.603195, 3.068257]]]}}, {"type": "Feature", "properties": {}, "geometry": {"type": "Polygon", "coordinates": [[[101.602821, 3.065854], [101.602611, 3.065896], [101.602611, 3.065965], [101.602831, 3.065965], [101.603041, 3.065922], [101.603041, 3.065854], [101.602821, 3.065854]]]}}, {"type": "Feature", "properties": {}, "geometry": {"type": "Polygon", "coordinates": [[[101.602366, 3.069587], [101.602151, 3.069587], [101.601889, 3.069641], [101.601889, 3.069709], [101.602103, 3.069709], [101.602366, 3.069656], [101.602366, 3.069587]]]}}, {"type": "Feature", "properties": {}, "geometry": {"type": "Polygon", "coordinates": [[[101.602323, 3.067275], [101.602255, 3.067276], [101.601992, 3.067329], [101.601996, 3.067543], [101.602064, 3.067542], [101.602327, 3.067489], [101.602323, 3.067275]]]}}, {"type": "Feature", "properties": {}, "geometry": {"type": "Polygon", "coordinates": [[[101.601639, 3.067287], [101.601571, 3.067288], [101.601308, 3.067341], [101.601312, 3.067555], [101.601381, 3.067554], [101.601643, 3.067501], [101.601639, 3.067287]]]}}, {"type": "Feature", "properties": {}, "geometry": {"type": "Polygon", "coordinates": [[[101.602358, 3.065639], [101.602135, 3.06564], [101.601873, 3.065694], [101.601873, 3.065762], [101.602096, 3.065761], [101.602359, 3.065707], [101.602358, 3.065639]]]}}, {"type": "Feature", "properties": {}, "geometry": {"type": "Polygon", "coordinates": [[[101.602184, 3.067677], [101.602116, 3.067679], [101.601853, 3.067732], [101.601857, 3.067949], [101.601925, 3.067947], [101.602188, 3.067894], [101.602184, 3.067677]]]}}, {"type": "Feature", "properties": {}, "geometry": {"type": "Polygon", "coordinates": [[[101.601638, 3.069359], [101.601557, 3.06936], [101.601294, 3.069414], [101.601297, 3.069627], [101.601379, 3.069626], [101.601641, 3.069573], [101.601638, 3.069359]]]}}, {"type": "Feature", "properties": {}, "geometry": {"type": "Polygon", "coordinates": [[[101.600921, 3.068024], [101.600853, 3.068025], [101.60059, 3.068078], [101.600592, 3.068298], [101.60066, 3.068297], [101.600923, 3.068244], [101.600921, 3.068024]]]}}, {"type": "Feature", "properties": {}, "geometry": {"type": "Polygon", "coordinates": [[[101.601774, 3.067685], [101.601706, 3.067686], [101.601443, 3.067739], [101.601447, 3.067956], [101.601515, 3.067955], [101.601778, 3.067902], [101.601774, 3.067685]]]}}, {"type": "Feature", "properties": {}, "geometry": {"type": "Polygon", "coordinates": [[[101.601562, 3.069686], [101.601481, 3.069687], [101.601218, 3.069741], [101.601221, 3.069952], [101.601303, 3.069951], [101.601565, 3.069897], [101.601562, 3.069686]]]}}, {"type": "Feature", "properties": {}, "geometry": {"type": "Polygon", "coordinates": [[[101.603366, 3.066193], [101.603144, 3.066194], [101.602934, 3.066237], [101.602934, 3.066305], [101.603156, 3.066304], [101.603367, 3.066262], [101.603366, 3.066193]]]}}, {"type": "Feature", "properties": {}, "geometry": {"type": "Polygon", "coordinates": [[[101.602877, 3.067668], [101.602614, 3.067721], [101.602614, 3.06779], [101.602831, 3.06779], [101.603094, 3.067737], [101.603094, 3.067669], [101.602877, 3.067668]]]}}, {"type": "Feature", "properties": {}, "geometry": {"type": "Polygon", "coordinates": [[[101.602874, 3.068461], [101.602612, 3.068514], [101.602612, 3.068582], [101.602825, 3.068582], [101.603088, 3.068529], [101.603088, 3.068461], [101.602874, 3.068461]]]}}, {"type": "Feature", "properties": {}, "geometry": {"type": "Polygon", "coordinates": [[[101.601906, 3.069355], [101.601801, 3.069357], [101.601538, 3.06941], [101.601541, 3.069624], [101.601647, 3.069622], [101.60191, 3.069569], [101.601906, 3.069355]]]}}, {"type": "Feature", "properties": {}, "geometry": {"type": "Polygon", "coordinates": [[[101.603198, 3.067984], [101.602935, 3.068037], [101.602935, 3.068106], [101.603152, 3.068108], [101.603415, 3.068055], [101.603416, 3.067986], [101.603198, 3.067984]]]}}, {"type": "Feature", "properties": {}, "geometry": {"type": "Polygon", "coordinates": [[[101.601318, 3.06969], [101.601237, 3.069692], [101.600974, 3.069745], [101.600977, 3.069956], [101.601059, 3.069955], [101.601322, 3.069902], [101.601318, 3.06969]]]}}, {"type": "Feature", "properties": {}, "geometry": {"type": "Polygon", "coordinates": [[[101.601461, 3.067693], [101.601393, 3.067693], [101.60113, 3.067746], [101.601133, 3.067966], [101.601201, 3.067965], [101.601464, 3.067912], [101.601461, 3.067693]]]}}, {"type": "Feature", "properties": {}, "geometry": {"type": "Polygon", "coordinates": [[[101.601561, 3.066958], [101.601493, 3.06696], [101.60123, 3.067013], [101.601236, 3.06723], [101.601304, 3.067229], [101.601567, 3.067176], [101.601561, 3.066958]]]}}, {"type": "Feature", "properties": {}, "geometry": {"type": "Polygon", "coordinates": [[[101.602321, 3.067675], [101.602253, 3.067676], [101.60199, 3.067729], [101.601994, 3.067946], [101.602062, 3.067945], [101.602325, 3.067892], [101.602321, 3.067675]]]}}, {"type": "Feature", "properties": {}, "geometry": {"type": "Polygon", "coordinates": [[[101.602391, 3.067274], [101.602323, 3.067275], [101.60206, 3.067328], [101.602064, 3.067542], [101.602132, 3.06754], [101.602395, 3.067487], [101.602391, 3.067274]]]}}, {"type": "Feature", "properties": {}, "geometry": {"type": "Polygon", "coordinates": [[[101.602116, 3.067679], [101.602048, 3.06768], [101.601785, 3.067733], [101.601789, 3.06795], [101.601857, 3.067949], [101.60212, 3.067895], [101.602116, 3.067679]]]}}, {"type": "Feature", "properties": {}, "geometry": {"type": "Polygon", "coordinates": [[[101.601536, 3.06802], [101.601468, 3.06802], [101.601205, 3.068073], [101.601207, 3.068293], [101.601275, 3.068292], [101.601538, 3.068239], [101.601536, 3.06802]]]}}, {"type": "Feature", "properties": {}, "geometry": {"type": "Polygon", "coordinates": [[[101.602363, 3.066323], [101.60214, 3.066324], [101.601877, 3.066378], [101.601878, 3.066446], [101.602101, 3.066444], [101.602363, 3.066391], [101.602363, 3.066323]]]}}, {"type": "Feature", "properties": {}, "geometry": {"type": "Polygon", "coordinates": [[[101.600472, 3.069707], [101.60039, 3.069709], [101.600127, 3.069762], [101.600131, 3.069974], [101.600213, 3.069973], [101.600476, 3.06992], [101.600472, 3.069707]]]}}, {"type": "Feature", "properties": {}, "geometry": {"type": "Polygon", "coordinates": [[[101.602472, 3.066052], [101.602209, 3.066105], [101.602209, 3.066174], [101.60243, 3.066175], [101.602693, 3.066122], [101.602693, 3.066054], [101.602472, 3.066052]]]}}, {"type": "Feature", "properties": {}, "geometry": {"type": "Polygon", "coordinates": [[[101.602879, 3.066982], [101.602616, 3.067035], [101.602616, 3.067103], [101.602834, 3.067104], [101.603096, 3.067051], [101.603097, 3.066982], [101.602879, 3.066982]]]}}, {"type": "Feature", "properties": {}, "geometry": {"type": "Polygon", "coordinates": [[[101.602365, 3.066596], [101.602142, 3.066598], [101.601879, 3.066651], [101.60188, 3.066755], [101.602103, 3.066753], [101.602365, 3.0667], [101.602365, 3.066596]]]}}, {"type": "Feature", "properties": {}, "geometry": {"type": "Polygon", "coordinates": [[[101.602474, 3.065847], [101.602211, 3.0659], [101.60221, 3.065969], [101.602432, 3.06597], [101.602694, 3.065917], [101.602695, 3.065849], [101.602474, 3.065847]]]}}, {"type": "Feature", "properties": {}, "geometry": {"type": "Polygon", "coordinates": [[[101.602623, 3.06767], [101.602526, 3.067671], [101.602263, 3.067724], [101.602267, 3.067941], [101.602364, 3.06794], [101.602627, 3.067886], [101.602623, 3.06767]]]}}, {"type": "Feature", "properties": {}, "geometry": {"type": "Polygon", "coordinates": [[[101.603365, 3.065988], [101.603143, 3.065989], [101.602933, 3.066031], [101.602933, 3.0661], [101.603155, 3.066099], [101.603366, 3.066056], [101.603365, 3.065988]]]}}, {"type": "Feature", "properties": {}, "geometry": {"type": "Polygon", "coordinates": [[[101.602878, 3.067188], [101.602616, 3.067241], [101.602615, 3.067309], [101.602833, 3.06731], [101.603096, 3.067257], [101.603096, 3.067188], [101.602878, 3.067188]]]}}, {"type": "Feature", "properties": {}, "geometry": {"type": "Polygon", "coordinates": [[[101.601854, 3.068013], [101.601786, 3.068014], [101.601523, 3.068067], [101.601526, 3.068284], [101.601594, 3.068283], [101.601857, 3.06823], [101.601854, 3.068013]]]}}, {"type": "Feature", "properties": {}, "geometry": {"type": "Polygon", "coordinates": [[[101.602821, 3.066058], [101.602611, 3.066101], [101.602611, 3.066169], [101.602831, 3.066169], [101.603041, 3.066127], [101.603041, 3.066058], [101.602821, 3.066058]]]}}, {"type": "Feature", "properties": {}, "geometry": {"type": "Polygon", "coordinates": [[[101.601256, 3.067695], [101.601188, 3.067695], [101.600925, 3.067749], [101.600928, 3.067968], [101.600996, 3.067967], [101.601259, 3.067914], [101.601256, 3.067695]]]}}, {"type": "Feature", "properties": {}, "geometry": {"type": "Polygon", "coordinates": [[[101.601766, 3.066953], [101.601698, 3.066955], [101.601435, 3.067008], [101.60144, 3.067226], [101.601508, 3.067224], [101.601771, 3.067171], [101.601766, 3.066953]]]}}, {"type": "Feature", "properties": {}, "geometry": {"type": "Polygon", "coordinates": [[[101.602821, 3.066263], [101.602611, 3.066305], [101.602611, 3.066373], [101.602831, 3.066373], [101.603041, 3.066331], [101.603041, 3.066263], [101.602821, 3.066263]]]}}, {"type": "Feature", "properties": {}, "geometry": {"type": "Polygon", "coordinates": [[[101.600793, 3.069373], [101.600711, 3.069374], [101.600449, 3.069428], [101.600452, 3.069646], [101.600533, 3.069645], [101.600796, 3.069592], [101.600793, 3.069373]]]}}, {"type": "Feature", "properties": {}, "geometry": {"type": "Polygon", "coordinates": [[[101.602186, 3.067277], [101.602118, 3.067279], [101.601855, 3.067332], [101.601859, 3.067545], [101.601927, 3.067544], [101.60219, 3.067491], [101.602186, 3.067277]]]}}, {"type": "Feature", "properties": {}, "geometry": {"type": "Polygon", "coordinates": [[[101.603151, 3.067545], [101.602941, 3.067588], [101.602941, 3.067656], [101.603156, 3.067656], [101.603366, 3.067614], [101.603366, 3.067546], [101.603151, 3.067545]]]}}, {"type": "Feature", "properties": {}, "geometry": {"type": "Polygon", "coordinates": [[[101.602361, 3.066049], [101.602138, 3.066051], [101.601876, 3.066104], [101.601876, 3.066172], [101.602099, 3.066171], [101.602361, 3.066118], [101.602361, 3.066049]]]}}, {"type": "Feature", "properties": {}, "geometry": {"type": "Polygon", "coordinates": [[[101.600798, 3.0697], [101.600717, 3.069702], [101.600454, 3.069755], [101.600458, 3.069968], [101.60054, 3.069966], [101.600803, 3.069913], [101.600798, 3.0697]]]}}, {"type": "Feature", "properties": {}, "geometry": {"type": "Polygon", "coordinates": [[[101.601801, 3.069357], [101.60172, 3.069358], [101.601457, 3.069411], [101.60146, 3.069625], [101.601541, 3.069624], [101.601804, 3.069571], [101.601801, 3.069357]]]}}, {"type": "Feature", "properties": {}, "geometry": {"type": "Polygon", "coordinates": [[[101.601331, 3.068021], [101.601263, 3.068022], [101.601, 3.068075], [101.601002, 3.068294], [101.60107, 3.068294], [101.601333, 3.068241], [101.601331, 3.068021]]]}}, {"type": "Feature", "properties": {}, "geometry": {"type": "Polygon", "coordinates": [[[101.602475, 3.065642], [101.602212, 3.065695], [101.602212, 3.065764], [101.602433, 3.065765], [101.602696, 3.065712], [101.602696, 3.065644], [101.602475, 3.065642]]]}}, {"type": "Feature", "properties": {}, "geometry": {"type": "Polygon", "coordinates": [[[101.603369, 3.066741], [101.603147, 3.066742], [101.602937, 3.066784], [101.602937, 3.066853], [101.603159, 3.066852], [101.603369, 3.066809], [101.603369, 3.066741]]]}}, {"type": "Feature", "properties": {}, "geometry": {"type": "Polygon", "coordinates": [[[101.60039, 3.069709], [101.600308, 3.06971], [101.600045, 3.069764], [101.60005, 3.069976], [101.600131, 3.069974], [101.600394, 3.069921], [101.60039, 3.069709]]]}}, {"type": "Feature", "properties": {}, "geometry": {"type": "Polygon", "coordinates": [[[101.602473, 3.065984], [101.60221, 3.066037], [101.602209, 3.066105], [101.602431, 3.066107], [101.602693, 3.066054], [101.602694, 3.065985], [101.602473, 3.065984]]]}}, {"type": "Feature", "properties": {}, "geometry": {"type": "Polygon", "coordinates": [[[101.603365, 3.065851], [101.603143, 3.065852], [101.602932, 3.065894], [101.602933, 3.065963], [101.603155, 3.065962], [101.603365, 3.065919], [101.603365, 3.065851]]]}}, {"type": "Feature", "properties": {}, "geometry": {"type": "Polygon", "coordinates": [[[101.602879, 3.06705], [101.602616, 3.067103], [101.602616, 3.067172], [101.602833, 3.067173], [101.603096, 3.06712], [101.603096, 3.067051], [101.602879, 3.06705]]]}}, {"type": "Feature", "properties": {}, "geometry": {"type": "Polygon", "coordinates": [[[101.602874, 3.068257], [101.602612, 3.06831], [101.602612, 3.068378], [101.602825, 3.068378], [101.603088, 3.068325], [101.603088, 3.068257], [101.602874, 3.068257]]]}}, {"type": "Feature", "properties": {}, "geometry": {"type": "Polygon", "coordinates": [[[101.603366, 3.066056], [101.603144, 3.066057], [101.602933, 3.0661], [101.602934, 3.066168], [101.603156, 3.066167], [101.603366, 3.066125], [101.603366, 3.066056]]]}}, {"type": "Feature", "properties": {}, "geometry": {"type": "Polygon", "coordinates": [[[101.60112, 3.067696], [101.601051, 3.067697], [101.600789, 3.06775], [101.600791, 3.067969], [101.600859, 3.067968], [101.601122, 3.067915], [101.60112, 3.067696]]]}}, {"type": "Feature", "properties": {}, "geometry": {"type": "Polygon", "coordinates": [[[101.601902, 3.06695], [101.601834, 3.066952], [101.601572, 3.067005], [101.601577, 3.067222], [101.601645, 3.067221], [101.601908, 3.067168], [101.601902, 3.06695]]]}}, {"type": "Feature", "properties": {}, "geometry": {"type": "Polygon", "coordinates": [[[101.603193, 3.068531], [101.60293, 3.068584], [101.602929, 3.068652], [101.603147, 3.068655], [101.60341, 3.068601], [101.60341, 3.068533], [101.603193, 3.068531]]]}}, {"type": "Feature", "properties": {}, "geometry": {"type": "Polygon", "coordinates": [[[101.602821, 3.066126], [101.602611, 3.066169], [101.602611, 3.066237], [101.602831, 3.066237], [101.603041, 3.066195], [101.603041, 3.066127], [101.602821, 3.066126]]]}}, {"type": "Feature", "properties": {}, "geometry": {"type": "Polygon", "coordinates": [[[101.602875, 3.068053], [101.602612, 3.068106], [101.602612, 3.068174], [101.602825, 3.068174], [101.603088, 3.068121], [101.603088, 3.068053], [101.602875, 3.068053]]]}}, {"type": "Feature", "properties": {}, "geometry": {"type": "Polygon", "coordinates": [[[101.601325, 3.067694], [101.601256, 3.067695], [101.600994, 3.067748], [101.600996, 3.067967], [101.601064, 3.067966], [101.601327, 3.067913], [101.601325, 3.067694]]]}}, {"type": "Feature", "properties": {}, "geometry": {"type": "Polygon", "coordinates": [[[101.600467, 3.069378], [101.600385, 3.069379], [101.600122, 3.069432], [101.600125, 3.06965], [101.600207, 3.069649], [101.60047, 3.069596], [101.600467, 3.069378]]]}}, {"type": "Feature", "properties": {}, "geometry": {"type": "Polygon", "coordinates": [[[101.601698, 3.066955], [101.60163, 3.066957], [101.601367, 3.06701], [101.601372, 3.067227], [101.60144, 3.067226], [101.601703, 3.067172], [101.601698, 3.066955]]]}}, {"type": "Feature", "properties": {}, "geometry": {"type": "Polygon", "coordinates": [[[101.601913, 3.067282], [101.601844, 3.067283], [101.601582, 3.067337], [101.601585, 3.06755], [101.601654, 3.067549], [101.601917, 3.067496], [101.601913, 3.067282]]]}}, {"type": "Feature", "properties": {}, "geometry": {"type": "Polygon", "coordinates": [[[101.601911, 3.067682], [101.601843, 3.067684], [101.60158, 3.067737], [101.601584, 3.067953], [101.601652, 3.067952], [101.601915, 3.067899], [101.601911, 3.067682]]]}}, {"type": "Feature", "properties": {}, "geometry": {"type": "Polygon", "coordinates": [[[101.601194, 3.068022], [101.601126, 3.068023], [101.600863, 3.068076], [101.600865, 3.068296], [101.600933, 3.068295], [101.601196, 3.068242], [101.601194, 3.068022]]]}}, {"type": "Feature", "properties": {}, "geometry": {"type": "Polygon", "coordinates": [[[101.602468, 3.066696], [101.602205, 3.066749], [101.602203, 3.066808], [101.602385, 3.06681], [101.602648, 3.066756], [101.60269, 3.066717], [101.602689, 3.066698], [101.602468, 3.066696]]]}}, {"type": "Feature", "properties": {}, "geometry": {"type": "Polygon", "coordinates": [[[101.603152, 3.067071], [101.602942, 3.067113], [101.602942, 3.067181], [101.603156, 3.067181], [101.603367, 3.067139], [101.603367, 3.067071], [101.603152, 3.067071]]]}}, {"type": "Feature", "properties": {}, "geometry": {"type": "Polygon", "coordinates": [[[101.60236, 3.065844], [101.602137, 3.065846], [101.601874, 3.065899], [101.601875, 3.065967], [101.602097, 3.065966], [101.60236, 3.065913], [101.60236, 3.065844]]]}}, {"type": "Feature", "properties": {}, "geometry": {"type": "Polygon", "coordinates": [[[101.600717, 3.069702], [101.600635, 3.069704], [101.600372, 3.069757], [101.600376, 3.06997], [101.600458, 3.069968], [101.600721, 3.069915], [101.600717, 3.069702]]]}}, {"type": "Feature", "properties": {}, "geometry": {"type": "Polygon", "coordinates": [[[101.601399, 3.068021], [101.601331, 3.068021], [101.601068, 3.068074], [101.60107, 3.068294], [101.601138, 3.068293], [101.601401, 3.06824], [101.601399, 3.068021]]]}}, {"type": "Feature", "properties": {}, "geometry": {"type": "Polygon", "coordinates": [[[101.602471, 3.066189], [101.602209, 3.066242], [101.602208, 3.06631], [101.602429, 3.066312], [101.602692, 3.066259], [101.602692, 3.06619], [101.602471, 3.066189]]]}}, {"type": "Feature", "properties": {}, "geometry": {"type": "Polygon", "coordinates": [[[101.602688, 3.069317], [101.602471, 3.06932], [101.602208, 3.069373], [101.602209, 3.069441], [101.602426, 3.069439], [101.602689, 3.069385], [101.602688, 3.069317]]]}}, {"type": "Feature", "properties": {}, "geometry": {"type": "Polygon", "coordinates": [[[101.60247, 3.068004], [101.602401, 3.068005], [101.602139, 3.068058], [101.602142, 3.068275], [101.60221, 3.068274], [101.602473, 3.068221], [101.60247, 3.068004]]]}}, {"type": "Feature", "properties": {}, "geometry": {"type": "Polygon", "coordinates": [[[101.603368, 3.066535], [101.603146, 3.066537], [101.602936, 3.066579], [101.602936, 3.066648], [101.603158, 3.066646], [101.603368, 3.066604], [101.603368, 3.066535]]]}}, {"type": "Feature", "properties": {}, "geometry": {"type": "Polygon", "coordinates": [[[101.602875, 3.068189], [101.602612, 3.068242], [101.602612, 3.06831], [101.602825, 3.06831], [101.603088, 3.068257], [101.603088, 3.068189], [101.602875, 3.068189]]]}}, {"type": "Feature", "properties": {}, "geometry": {"type": "Polygon", "coordinates": [[[101.601991, 3.068011], [101.601922, 3.068012], [101.60166, 3.068065], [101.601663, 3.068282], [101.601731, 3.068281], [101.601994, 3.068228], [101.601991, 3.068011]]]}}, {"type": "Feature", "properties": {}, "geometry": {"type": "Polygon", "coordinates": [[[101.60238, 3.066939], [101.602312, 3.06694], [101.602049, 3.066994], [101.602054, 3.067211], [101.602122, 3.06721], [101.602385, 3.067156], [101.60238, 3.066939]]]}}, {"type": "Feature", "properties": {}, "geometry": {"type": "Polygon", "coordinates": [[[101.603195, 3.068326], [101.602932, 3.068379], [101.602931, 3.068447], [101.603149, 3.068449], [101.603412, 3.068396], [101.603412, 3.068328], [101.603195, 3.068326]]]}}, {"type": "Feature", "properties": {}, "geometry": {"type": "Polygon", "coordinates": [[[101.602821, 3.065922], [101.602611, 3.065965], [101.602611, 3.066033], [101.602831, 3.066033], [101.603041, 3.06599], [101.603041, 3.065922], [101.602821, 3.065922]]]}}, {"type": "Feature", "properties": {}, "geometry": {"type": "Polygon", "coordinates": [[[101.602365, 3.069382], [101.602151, 3.069382], [101.601888, 3.069435], [101.601888, 3.069504], [101.602103, 3.069503], [101.602365, 3.06945], [101.602365, 3.069382]]]}}, {"type": "Feature", "properties": {}, "geometry": {"type": "Polygon", "coordinates": [[[101.603152, 3.066935], [101.602942, 3.066978], [101.602942, 3.067045], [101.603157, 3.067046], [101.603367, 3.067003], [101.603367, 3.066935], [101.603152, 3.066935]]]}}, {"type": "Feature", "properties": {}, "geometry": {"type": "Polygon", "coordinates": [[[101.601434, 3.067291], [101.601366, 3.067292], [101.601103, 3.067345], [101.601107, 3.067559], [101.601175, 3.067557], [101.601438, 3.067504], [101.601434, 3.067291]]]}}, {"type": "Feature", "properties": {}, "geometry": {"type": "Polygon", "coordinates": [[[101.603192, 3.068599], [101.602929, 3.068652], [101.602929, 3.068721], [101.603146, 3.068723], [101.603409, 3.06867], [101.60341, 3.068601], [101.603192, 3.068599]]]}}, {"type": "Feature", "properties": {}, "geometry": {"type": "Polygon", "coordinates": [[[101.602359, 3.065707], [101.602136, 3.065709], [101.601873, 3.065762], [101.601874, 3.06583], [101.602096, 3.065829], [101.602359, 3.065776], [101.602359, 3.065707]]]}}, {"type": "Feature", "properties": {}, "geometry": {"type": "Polygon", "coordinates": [[[101.601843, 3.067684], [101.601774, 3.067685], [101.601511, 3.067738], [101.601515, 3.067955], [101.601584, 3.067953], [101.601846, 3.0679], [101.601843, 3.067684]]]}}, {"type": "Feature", "properties": {}, "geometry": {"type": "Polygon", "coordinates": [[[101.601557, 3.06936], [101.601476, 3.069362], [101.601213, 3.069415], [101.601216, 3.069629], [101.601297, 3.069627], [101.60156, 3.069574], [101.601557, 3.06936]]]}}, {"type": "Feature", "properties": {}, "geometry": {"type": "Polygon", "coordinates": [[[101.611267, 3.070331], [101.611206, 3.070332], [101.611066, 3.07036], [101.611068, 3.070509], [101.611128, 3.070509], [101.611268, 3.07048], [101.611267, 3.070331]]]}}, {"type": "Feature", "properties": {}, "geometry": {"type": "Polygon", "coordinates": [[[101.611327, 3.070331], [101.611267, 3.070331], [101.611127, 3.07036], [101.611128, 3.070509], [101.611188, 3.070508], [101.611329, 3.07048], [101.611327, 3.070331]]]}}, {"type": "Feature", "properties": {}, "geometry": {"type": "Polygon", "coordinates": [[[101.611388, 3.07033], [101.611327, 3.070331], [101.611187, 3.070359], [101.611188, 3.070508], [101.611249, 3.070508], [101.611389, 3.070479], [101.611388, 3.07033]]]}}, {"type": "Feature", "properties": {}, "geometry": {"type": "Polygon", "coordinates": [[[101.611448, 3.07033], [101.611388, 3.07033], [101.611248, 3.070359], [101.611249, 3.070508], [101.611309, 3.070507], [101.61145, 3.070479], [101.611448, 3.07033]]]}}, {"type": "Feature", "properties": {}, "geometry": {"type": "Polygon", "coordinates": [[[101.611509, 3.070329], [101.611448, 3.07033], [101.611308, 3.070358], [101.611309, 3.070507], [101.61137, 3.070507], [101.61151, 3.070478], [101.611509, 3.070329]]]}}, {"type": "Feature", "properties": {}, "geometry": {"type": "Polygon", "coordinates": [[[101.611569, 3.070329], [101.611509, 3.070329], [101.611368, 3.070358], [101.61137, 3.070507], [101.61143, 3.070506], [101.61157, 3.070478], [101.611569, 3.070329]]]}}, {"type": "Feature", "properties": {}, "geometry": {"type": "Polygon", "coordinates": [[[101.611629, 3.070328], [101.611569, 3.070329], [101.611429, 3.070357], [101.61143, 3.070506], [101.611491, 3.070505], [101.611631, 3.070477], [101.611629, 3.070328]]]}}, {"type": "Feature", "properties": {}, "geometry": {"type": "Polygon", "coordinates": [[[101.61169, 3.070328], [101.611629, 3.070328], [101.611489, 3.070356], [101.611491, 3.070505], [101.611551, 3.070505], [101.611691, 3.070477], [101.61169, 3.070328]]]}}, {"type": "Feature", "properties": {}, "geometry": {"type": "Polygon", "coordinates": [[[101.61175, 3.070327], [101.61169, 3.070328], [101.61155, 3.070356], [101.611551, 3.070505], [101.611612, 3.070504], [101.611752, 3.070476], [101.61175, 3.070327]]]}}, {"type": "Feature", "properties": {}, "geometry": {"type": "Polygon", "coordinates": [[[101.611811, 3.070327], [101.61175, 3.070327], [101.61161, 3.070355], [101.611612, 3.070504], [101.611672, 3.070504], [101.611812, 3.070475], [101.611811, 3.070327]]]}}, {"type": "Feature", "properties": {}, "geometry": {"type": "Polygon", "coordinates": [[[101.611871, 3.070326], [101.611811, 3.070327], [101.611671, 3.070355], [101.611672, 3.070504], [101.611732, 3.070503], [101.611873, 3.070475], [101.611871, 3.070326]]]}}, {"type": "Feature", "properties": {}, "geometry": {"type": "Polygon", "coordinates": [[[101.612051, 3.070327], [101.611991, 3.070328], [101.611851, 3.070356], [101.611852, 3.070495], [101.611913, 3.070495], [101.612053, 3.070466], [101.612051, 3.070327]]]}}, {"type": "Feature", "properties": {}, "geometry": {"type": "Polygon", "coordinates": [[[101.612112, 3.070327], [101.612051, 3.070327], [101.611911, 3.070355], [101.611913, 3.070495], [101.611973, 3.070494], [101.612113, 3.070466], [101.612112, 3.070327]]]}}, {"type": "Feature", "properties": {}, "geometry": {"type": "Polygon", "coordinates": [[[101.612173, 3.070326], [101.612112, 3.070327], [101.611972, 3.070355], [101.611973, 3.070494], [101.612034, 3.070494], [101.612174, 3.070465], [101.612173, 3.070326]]]}}, {"type": "Feature", "properties": {}, "geometry": {"type": "Polygon", "coordinates": [[[101.612233, 3.070325], [101.612173, 3.070326], [101.612033, 3.070354], [101.612034, 3.070494], [101.612095, 3.070493], [101.612235, 3.070465], [101.612233, 3.070325]]]}}, {"type": "Feature", "properties": {}, "geometry": {"type": "Polygon", "coordinates": [[[101.612294, 3.070325], [101.612233, 3.070325], [101.612093, 3.070354], [101.612095, 3.070493], [101.612155, 3.070492], [101.612295, 3.070464], [101.612294, 3.070325]]]}}, {"type": "Feature", "properties": {}, "geometry": {"type": "Polygon", "coordinates": [[[101.612355, 3.070324], [101.612294, 3.070325], [101.612154, 3.070353], [101.612155, 3.070492], [101.612216, 3.070492], [101.612356, 3.070464], [101.612355, 3.070324]]]}}, {"type": "Feature", "properties": {}, "geometry": {"type": "Polygon", "coordinates": [[[101.612415, 3.070324], [101.612355, 3.070324], [101.612215, 3.070353], [101.612216, 3.070492], [101.612276, 3.070491], [101.612417, 3.070463], [101.612415, 3.070324]]]}}, {"type": "Feature", "properties": {}, "geometry": {"type": "Polygon", "coordinates": [[[101.612476, 3.070323], [101.612415, 3.070324], [101.612275, 3.070352], [101.612276, 3.070491], [101.612337, 3.070491], [101.612477, 3.070463], [101.612476, 3.070323]]]}}, {"type": "Feature", "properties": {}, "geometry": {"type": "Polygon", "coordinates": [[[101.612537, 3.070323], [101.612476, 3.070323], [101.612336, 3.070352], [101.612337, 3.070491], [101.612398, 3.07049], [101.612538, 3.070462], [101.612537, 3.070323]]]}}, {"type": "Feature", "properties": {}, "geometry": {"type": "Polygon", "coordinates": [[[101.612597, 3.070322], [101.612537, 3.070323], [101.612397, 3.070351], [101.612398, 3.07049], [101.612459, 3.07049], [101.612599, 3.070461], [101.612597, 3.070322]]]}}, {"type": "Feature", "properties": {}, "geometry": {"type": "Polygon", "coordinates": [[[101.612658, 3.070322], [101.612597, 3.070322], [101.612457, 3.07035], [101.612459, 3.07049], [101.612519, 3.070489], [101.612659, 3.070461], [101.612658, 3.070322]]]}}, {"type": "Feature", "properties": {}, "geometry": {"type": "Polygon", "coordinates": [[[101.612719, 3.070321], [101.612658, 3.070322], [101.612518, 3.07035], [101.612519, 3.070489], [101.61258, 3.070489], [101.61272, 3.07046], [101.612719, 3.070321]]]}}, {"type": "Feature", "properties": {}, "geometry": {"type": "Polygon", "coordinates": [[[101.61295, 3.070324], [101.612889, 3.070324], [101.612749, 3.070353], [101.612751, 3.070493], [101.612812, 3.070492], [101.612952, 3.070464], [101.61295, 3.070324]]]}}, {"type": "Feature", "properties": {}, "geometry": {"type": "Polygon", "coordinates": [[[101.613011, 3.070323], [101.61295, 3.070324], [101.61281, 3.070352], [101.612812, 3.070492], [101.612872, 3.070492], [101.613013, 3.070463], [101.613011, 3.070323]]]}}, {"type": "Feature", "properties": {}, "geometry": {"type": "Polygon", "coordinates": [[[101.613072, 3.070323], [101.613011, 3.070323], [101.612871, 3.070352], [101.612872, 3.070492], [101.612933, 3.070491], [101.613073, 3.070463], [101.613072, 3.070323]]]}}, {"type": "Feature", "properties": {}, "geometry": {"type": "Polygon", "coordinates": [[[101.613133, 3.070322], [101.613072, 3.070323], [101.612932, 3.070351], [101.612933, 3.070491], [101.612994, 3.070491], [101.613134, 3.070462], [101.613133, 3.070322]]]}}, {"type": "Feature", "properties": {}, "geometry": {"type": "Polygon", "coordinates": [[[101.613194, 3.070322], [101.613133, 3.070322], [101.612993, 3.07035], [101.612994, 3.070491], [101.613055, 3.07049], [101.613195, 3.070462], [101.613194, 3.070322]]]}}, {"type": "Feature", "properties": {}, "geometry": {"type": "Polygon", "coordinates": [[[101.613255, 3.070321], [101.613194, 3.070322], [101.613054, 3.07035], [101.613055, 3.07049], [101.613116, 3.07049], [101.613256, 3.070461], [101.613255, 3.070321]]]}}, {"type": "Feature", "properties": {}, "geometry": {"type": "Polygon", "coordinates": [[[101.613316, 3.07032], [101.613255, 3.070321], [101.613115, 3.070349], [101.613116, 3.07049], [101.613177, 3.070489], [101.613317, 3.070461], [101.613316, 3.07032]]]}}, {"type": "Feature", "properties": {}, "geometry": {"type": "Polygon", "coordinates": [[[101.613377, 3.07032], [101.613316, 3.07032], [101.613176, 3.070349], [101.613177, 3.070489], [101.613238, 3.070489], [101.613378, 3.07046], [101.613377, 3.07032]]]}}, {"type": "Feature", "properties": {}, "geometry": {"type": "Polygon", "coordinates": [[[101.613438, 3.070319], [101.613377, 3.07032], [101.613236, 3.070348], [101.613238, 3.070489], [101.613299, 3.070488], [101.613439, 3.07046], [101.613438, 3.070319]]]}}, {"type": "Feature", "properties": {}, "geometry": {"type": "Polygon", "coordinates": [[[101.613498, 3.070319], [101.613438, 3.070319], [101.613297, 3.070348], [101.613299, 3.070488], [101.61336, 3.070487], [101.6135, 3.070459], [101.613498, 3.070319]]]}}, {"type": "Feature", "properties": {}, "geometry": {"type": "Polygon", "coordinates": [[[101.613559, 3.070318], [101.613498, 3.070319], [101.613358, 3.070347], [101.61336, 3.070487], [101.613421, 3.070487], [101.613561, 3.070458], [101.613559, 3.070318]]]}}, {"type": "Feature", "properties": {}, "geometry": {"type": "Polygon", "coordinates": [[[101.61362, 3.069935], [101.613559, 3.069936], [101.613419, 3.069964], [101.61342, 3.070121], [101.613481, 3.07012], [101.613622, 3.070092], [101.61362, 3.069935]]]}}, {"type": "Feature", "properties": {}, "geometry": {"type": "Polygon", "coordinates": [[[101.613559, 3.069936], [101.613498, 3.069936], [101.613357, 3.069965], [101.613359, 3.070121], [101.61342, 3.070121], [101.61356, 3.070093], [101.613559, 3.069936]]]}}, {"type": "Feature", "properties": {}, "geometry": {"type": "Polygon", "coordinates": [[[101.613498, 3.069936], [101.613436, 3.069937], [101.613296, 3.069965], [101.613298, 3.070122], [101.613359, 3.070121], [101.613499, 3.070093], [101.613498, 3.069936]]]}}, {"type": "Feature", "properties": {}, "geometry": {"type": "Polygon", "coordinates": [[[101.613436, 3.069937], [101.613375, 3.069938], [101.613235, 3.069966], [101.613236, 3.070123], [101.613298, 3.070122], [101.613438, 3.070094], [101.613436, 3.069937]]]}}, {"type": "Feature", "properties": {}, "geometry": {"type": "Polygon", "coordinates": [[[101.613375, 3.069938], [101.613314, 3.069938], [101.613174, 3.069967], [101.613175, 3.070123], [101.613236, 3.070123], [101.613376, 3.070094], [101.613375, 3.069938]]]}}, {"type": "Feature", "properties": {}, "geometry": {"type": "Polygon", "coordinates": [[[101.613314, 3.069938], [101.613252, 3.069939], [101.613112, 3.069967], [101.613114, 3.070124], [101.613175, 3.070123], [101.613315, 3.070095], [101.613314, 3.069938]]]}}, {"type": "Feature", "properties": {}, "geometry": {"type": "Polygon", "coordinates": [[[101.613252, 3.069939], [101.613191, 3.069939], [101.613051, 3.069968], [101.613052, 3.070124], [101.613114, 3.070124], [101.613254, 3.070095], [101.613252, 3.069939]]]}}, {"type": "Feature", "properties": {}, "geometry": {"type": "Polygon", "coordinates": [[[101.613191, 3.069939], [101.61313, 3.06994], [101.61299, 3.069968], [101.612991, 3.070125], [101.613052, 3.070124], [101.613193, 3.070096], [101.613191, 3.069939]]]}}, {"type": "Feature", "properties": {}, "geometry": {"type": "Polygon", "coordinates": [[[101.61313, 3.06994], [101.613069, 3.06994], [101.612928, 3.069969], [101.61293, 3.070125], [101.612991, 3.070125], [101.613131, 3.070097], [101.61313, 3.06994]]]}}, {"type": "Feature", "properties": {}, "geometry": {"type": "Polygon", "coordinates": [[[101.613069, 3.06994], [101.613007, 3.069941], [101.612867, 3.069969], [101.612869, 3.070126], [101.61293, 3.070125], [101.61307, 3.070097], [101.613069, 3.06994]]]}}, {"type": "Feature", "properties": {}, "geometry": {"type": "Polygon", "coordinates": [[[101.613007, 3.069941], [101.612946, 3.069942], [101.612806, 3.06997], [101.612807, 3.070127], [101.612869, 3.070126], [101.613009, 3.070098], [101.613007, 3.069941]]]}}, {"type": "Feature", "properties": {}, "geometry": {"type": "Polygon", "coordinates": [[[101.612946, 3.069942], [101.612885, 3.069942], [101.612745, 3.06997], [101.612746, 3.070127], [101.612807, 3.070127], [101.612948, 3.070098], [101.612946, 3.069942]]]}}, {"type": "Feature", "properties": {}, "geometry": {"type": "Polygon", "coordinates": [[[101.61362, 3.069763], [101.613559, 3.069763], [101.613419, 3.069792], [101.61342, 3.06993], [101.613481, 3.069929], [101.613622, 3.069901], [101.61362, 3.069763]]]}}, {"type": "Feature", "properties": {}, "geometry": {"type": "Polygon", "coordinates": [[[101.613559, 3.069763], [101.613498, 3.069764], [101.613358, 3.069792], [101.613359, 3.06993], [101.61342, 3.06993], [101.61356, 3.069901], [101.613559, 3.069763]]]}}, {"type": "Feature", "properties": {}, "geometry": {"type": "Polygon", "coordinates": [[[101.613498, 3.069764], [101.613437, 3.069764], [101.613297, 3.069793], [101.613298, 3.069931], [101.613359, 3.06993], [101.613499, 3.069902], [101.613498, 3.069764]]]}}, {"type": "Feature", "properties": {}, "geometry": {"type": "Polygon", "coordinates": [[[101.613437, 3.069764], [101.613376, 3.069765], [101.613235, 3.069793], [101.613237, 3.069931], [101.613298, 3.069931], [101.613438, 3.069902], [101.613437, 3.069764]]]}}, {"type": "Feature", "properties": {}, "geometry": {"type": "Polygon", "coordinates": [[[101.613376, 3.069765], [101.613314, 3.069765], [101.613174, 3.069794], [101.613175, 3.069932], [101.613237, 3.069931], [101.613377, 3.069903], [101.613376, 3.069765]]]}}, {"type": "Feature", "properties": {}, "geometry": {"type": "Polygon", "coordinates": [[[101.613314, 3.069765], [101.613253, 3.069766], [101.613113, 3.069794], [101.613114, 3.069932], [101.613175, 3.069932], [101.613316, 3.069903], [101.613314, 3.069765]]]}}, {"type": "Feature", "properties": {}, "geometry": {"type": "Polygon", "coordinates": [[[101.613253, 3.069766], [101.613192, 3.069767], [101.613052, 3.069795], [101.613053, 3.069933], [101.613114, 3.069932], [101.613254, 3.069904], [101.613253, 3.069766]]]}}, {"type": "Feature", "properties": {}, "geometry": {"type": "Polygon", "coordinates": [[[101.613192, 3.069767], [101.613131, 3.069767], [101.612991, 3.069796], [101.612992, 3.069933], [101.613053, 3.069933], [101.613193, 3.069905], [101.613192, 3.069767]]]}}, {"type": "Feature", "properties": {}, "geometry": {"type": "Polygon", "coordinates": [[[101.613131, 3.069767], [101.61307, 3.069768], [101.61293, 3.069796], [101.612931, 3.069934], [101.612992, 3.069933], [101.613132, 3.069905], [101.613131, 3.069767]]]}}, {"type": "Feature", "properties": {}, "geometry": {"type": "Polygon", "coordinates": [[[101.61307, 3.069768], [101.613009, 3.069768], [101.612868, 3.069797], [101.61287, 3.069935], [101.612931, 3.069934], [101.613071, 3.069906], [101.61307, 3.069768]]]}}, {"type": "Feature", "properties": {}, "geometry": {"type": "Polygon", "coordinates": [[[101.613009, 3.069768], [101.612947, 3.069769], [101.612807, 3.069797], [101.612808, 3.069935], [101.61287, 3.069935], [101.61301, 3.069906], [101.613009, 3.069768]]]}}, {"type": "Feature", "properties": {}, "geometry": {"type": "Polygon", "coordinates": [[[101.612947, 3.069769], [101.612886, 3.069769], [101.612746, 3.069798], [101.612747, 3.069936], [101.612808, 3.069935], [101.612949, 3.069907], [101.612947, 3.069769]]]}}, {"type": "Feature", "properties": {}, "geometry": {"type": "Polygon", "coordinates": [[[101.61362, 3.069386], [101.613559, 3.069387], [101.613419, 3.069415], [101.61342, 3.069566], [101.613481, 3.069565], [101.613621, 3.069537], [101.61362, 3.069386]]]}}, {"type": "Feature", "properties": {}, "geometry": {"type": "Polygon", "coordinates": [[[101.613559, 3.069387], [101.613498, 3.069387], [101.613358, 3.069416], [101.613359, 3.069567], [101.61342, 3.069566], [101.61356, 3.069538], [101.613559, 3.069387]]]}}, {"type": "Feature", "properties": {}, "geometry": {"type": "Polygon", "coordinates": [[[101.613498, 3.069387], [101.613437, 3.069388], [101.613297, 3.069416], [101.613298, 3.069567], [101.613359, 3.069567], [101.6135, 3.069538], [101.613498, 3.069387]]]}}, {"type": "Feature", "properties": {}, "geometry": {"type": "Polygon", "coordinates": [[[101.613437, 3.069388], [101.613376, 3.069388], [101.613236, 3.069417], [101.613237, 3.069568], [101.613298, 3.069567], [101.613439, 3.069539], [101.613437, 3.069388]]]}}, {"type": "Feature", "properties": {}, "geometry": {"type": "Polygon", "coordinates": [[[101.613376, 3.069388], [101.613315, 3.069389], [101.613175, 3.069417], [101.613176, 3.069568], [101.613237, 3.069568], [101.613378, 3.069539], [101.613376, 3.069388]]]}}, {"type": "Feature", "properties": {}, "geometry": {"type": "Polygon", "coordinates": [[[101.613315, 3.069389], [101.613254, 3.069389], [101.613114, 3.069418], [101.613116, 3.069569], [101.613176, 3.069568], [101.613317, 3.06954], [101.613315, 3.069389]]]}}, {"type": "Feature", "properties": {}, "geometry": {"type": "Polygon", "coordinates": [[[101.613254, 3.069389], [101.613193, 3.06939], [101.613053, 3.069418], [101.613055, 3.069569], [101.613116, 3.069569], [101.613256, 3.06954], [101.613254, 3.069389]]]}}, {"type": "Feature", "properties": {}, "geometry": {"type": "Polygon", "coordinates": [[[101.613193, 3.06939], [101.613132, 3.069391], [101.612992, 3.069419], [101.612994, 3.06957], [101.613055, 3.069569], [101.613195, 3.069541], [101.613193, 3.06939]]]}}, {"type": "Feature", "properties": {}, "geometry": {"type": "Polygon", "coordinates": [[[101.613132, 3.069391], [101.613071, 3.069391], [101.612931, 3.069419], [101.612933, 3.069571], [101.612994, 3.06957], [101.613134, 3.069542], [101.613132, 3.069391]]]}}, {"type": "Feature", "properties": {}, "geometry": {"type": "Polygon", "coordinates": [[[101.613071, 3.069391], [101.61301, 3.069392], [101.61287, 3.06942], [101.612872, 3.069571], [101.612933, 3.069571], [101.613073, 3.069542], [101.613071, 3.069391]]]}}, {"type": "Feature", "properties": {}, "geometry": {"type": "Polygon", "coordinates": [[[101.61301, 3.069392], [101.612949, 3.069392], [101.612809, 3.069421], [101.612811, 3.069572], [101.612872, 3.069571], [101.613012, 3.069543], [101.61301, 3.069392]]]}}, {"type": "Feature", "properties": {}, "geometry": {"type": "Polygon", "coordinates": [[[101.612949, 3.069392], [101.612888, 3.069393], [101.612748, 3.069421], [101.61275, 3.069572], [101.612811, 3.069572], [101.612951, 3.069543], [101.612949, 3.069392]]]}}, {"type": "Feature", "properties": {}, "geometry": {"type": "Polygon", "coordinates": [[[101.613617, 3.069214], [101.613557, 3.069215], [101.613416, 3.069243], [101.613418, 3.069393], [101.613479, 3.069392], [101.613619, 3.069364], [101.613617, 3.069214]]]}}, {"type": "Feature", "properties": {}, "geometry": {"type": "Polygon", "coordinates": [[[101.613557, 3.069215], [101.613496, 3.069215], [101.613356, 3.069244], [101.613357, 3.069393], [101.613418, 3.069393], [101.613558, 3.069364], [101.613557, 3.069215]]]}}, {"type": "Feature", "properties": {}, "geometry": {"type": "Polygon", "coordinates": [[[101.613496, 3.069215], [101.613435, 3.069216], [101.613295, 3.069244], [101.613297, 3.069394], [101.613357, 3.069393], [101.613497, 3.069365], [101.613496, 3.069215]]]}}, {"type": "Feature", "properties": {}, "geometry": {"type": "Polygon", "coordinates": [[[101.613435, 3.069216], [101.613375, 3.069217], [101.613235, 3.069245], [101.613236, 3.069394], [101.613297, 3.069394], [101.613437, 3.069365], [101.613435, 3.069216]]]}}, {"type": "Feature", "properties": {}, "geometry": {"type": "Polygon", "coordinates": [[[101.613375, 3.069217], [101.613314, 3.069217], [101.613174, 3.069246], [101.613175, 3.069395], [101.613236, 3.069394], [101.613376, 3.069366], [101.613375, 3.069217]]]}}, {"type": "Feature", "properties": {}, "geometry": {"type": "Polygon", "coordinates": [[[101.613314, 3.069217], [101.613254, 3.069218], [101.613113, 3.069246], [101.613115, 3.069395], [101.613175, 3.069395], [101.613316, 3.069366], [101.613314, 3.069217]]]}}, {"type": "Feature", "properties": {}, "geometry": {"type": "Polygon", "coordinates": [[[101.613254, 3.069218], [101.613193, 3.069218], [101.613053, 3.069247], [101.613054, 3.069396], [101.613115, 3.069395], [101.613255, 3.069367], [101.613254, 3.069218]]]}}, {"type": "Feature", "properties": {}, "geometry": {"type": "Polygon", "coordinates": [[[101.613193, 3.069218], [101.613132, 3.069219], [101.612992, 3.069247], [101.612993, 3.069396], [101.613054, 3.069396], [101.613194, 3.069368], [101.613193, 3.069218]]]}}, {"type": "Feature", "properties": {}, "geometry": {"type": "Polygon", "coordinates": [[[101.613132, 3.069219], [101.613072, 3.069219], [101.612932, 3.069248], [101.612933, 3.069397], [101.612993, 3.069396], [101.613134, 3.069368], [101.613132, 3.069219]]]}}, {"type": "Feature", "properties": {}, "geometry": {"type": "Polygon", "coordinates": [[[101.613072, 3.069219], [101.613011, 3.06922], [101.612871, 3.069248], [101.612872, 3.069398], [101.612933, 3.069397], [101.613073, 3.069369], [101.613072, 3.069219]]]}}, {"type": "Feature", "properties": {}, "geometry": {"type": "Polygon", "coordinates": [[[101.613011, 3.06922], [101.61295, 3.06922], [101.61281, 3.069249], [101.612812, 3.069398], [101.612872, 3.069398], [101.613012, 3.069369], [101.613011, 3.06922]]]}}, {"type": "Feature", "properties": {}, "geometry": {"type": "Polygon", "coordinates": [[[101.61295, 3.06922], [101.61289, 3.069221], [101.61275, 3.069249], [101.612751, 3.069399], [101.612812, 3.069398], [101.612952, 3.06937], [101.61295, 3.06922]]]}}, {"type": "Feature", "properties": {}, "geometry": {"type": "Polygon", "coordinates": [[[101.611929, 3.069941], [101.611868, 3.069942], [101.611728, 3.06997], [101.611729, 3.070124], [101.61179, 3.070123], [101.61193, 3.070095], [101.611929, 3.069941]]]}}, {"type": "Feature", "properties": {}, "geometry": {"type": "Polygon", "coordinates": [[[101.611868, 3.069942], [101.611808, 3.069942], [101.611667, 3.069971], [101.611669, 3.070124], [101.611729, 3.070124], [101.61187, 3.070096], [101.611868, 3.069942]]]}}, {"type": "Feature", "properties": {}, "geometry": {"type": "Polygon", "coordinates": [[[101.611808, 3.069942], [101.611747, 3.069943], [101.611607, 3.069971], [101.611608, 3.070125], [101.611669, 3.070124], [101.611809, 3.070096], [101.611808, 3.069942]]]}}, {"type": "Feature", "properties": {}, "geometry": {"type": "Polygon", "coordinates": [[[101.611747, 3.069943], [101.611686, 3.069944], [101.611546, 3.069972], [101.611548, 3.070126], [101.611608, 3.070125], [101.611748, 3.070097], [101.611747, 3.069943]]]}}, {"type": "Feature", "properties": {}, "geometry": {"type": "Polygon", "coordinates": [[[101.611686, 3.069944], [101.611626, 3.069944], [101.611485, 3.069972], [101.611487, 3.070126], [101.611548, 3.070126], [101.611688, 3.070097], [101.611686, 3.069944]]]}}, {"type": "Feature", "properties": {}, "geometry": {"type": "Polygon", "coordinates": [[[101.611626, 3.069944], [101.611565, 3.069945], [101.611425, 3.069973], [101.611426, 3.070127], [101.611487, 3.070126], [101.611627, 3.070098], [101.611626, 3.069944]]]}}, {"type": "Feature", "properties": {}, "geometry": {"type": "Polygon", "coordinates": [[[101.611565, 3.069945], [101.611504, 3.069945], [101.611364, 3.069974], [101.611366, 3.070127], [101.611426, 3.070127], [101.611566, 3.070098], [101.611565, 3.069945]]]}}, {"type": "Feature", "properties": {}, "geometry": {"type": "Polygon", "coordinates": [[[101.611504, 3.069945], [101.611444, 3.069946], [101.611303, 3.069974], [101.611305, 3.070128], [101.611366, 3.070127], [101.611506, 3.070099], [101.611504, 3.069945]]]}}, {"type": "Feature", "properties": {}, "geometry": {"type": "Polygon", "coordinates": [[[101.611444, 3.069946], [101.611383, 3.069946], [101.611243, 3.069975], [101.611244, 3.070128], [101.611305, 3.070128], [101.611445, 3.070099], [101.611444, 3.069946]]]}}, {"type": "Feature", "properties": {}, "geometry": {"type": "Polygon", "coordinates": [[[101.611383, 3.069946], [101.611322, 3.069947], [101.611182, 3.069975], [101.611184, 3.070129], [101.611244, 3.070128], [101.611384, 3.0701], [101.611383, 3.069946]]]}}, {"type": "Feature", "properties": {}, "geometry": {"type": "Polygon", "coordinates": [[[101.611322, 3.069947], [101.611262, 3.069947], [101.611121, 3.069976], [101.611123, 3.070129], [101.611184, 3.070129], [101.611324, 3.070101], [101.611322, 3.069947]]]}}, {"type": "Feature", "properties": {}, "geometry": {"type": "Polygon", "coordinates": [[[101.611934, 3.069758], [101.611873, 3.069759], [101.611733, 3.069787], [101.611734, 3.06995], [101.611795, 3.069949], [101.611935, 3.069921], [101.611934, 3.069758]]]}}, {"type": "Feature", "properties": {}, "geometry": {"type": "Polygon", "coordinates": [[[101.611873, 3.069759], [101.611812, 3.069759], [101.611672, 3.069788], [101.611673, 3.06995], [101.611734, 3.06995], [101.611874, 3.069921], [101.611873, 3.069759]]]}}, {"type": "Feature", "properties": {}, "geometry": {"type": "Polygon", "coordinates": [[[101.611812, 3.069759], [101.611751, 3.06976], [101.611611, 3.069788], [101.611612, 3.069951], [101.611673, 3.06995], [101.611813, 3.069922], [101.611812, 3.069759]]]}}, {"type": "Feature", "properties": {}, "geometry": {"type": "Polygon", "coordinates": [[[101.611751, 3.06976], [101.61169, 3.06976], [101.61155, 3.069789], [101.611551, 3.069951], [101.611612, 3.069951], [101.611752, 3.069922], [101.611751, 3.06976]]]}}, {"type": "Feature", "properties": {}, "geometry": {"type": "Polygon", "coordinates": [[[101.61169, 3.06976], [101.611629, 3.069761], [101.611489, 3.069789], [101.61149, 3.069952], [101.611551, 3.069951], [101.611691, 3.069923], [101.61169, 3.06976]]]}}, {"type": "Feature", "properties": {}, "geometry": {"type": "Polygon", "coordinates": [[[101.611629, 3.069761], [101.611568, 3.069762], [101.611428, 3.06979], [101.611429, 3.069952], [101.61149, 3.069952], [101.61163, 3.069923], [101.611629, 3.069761]]]}}, {"type": "Feature", "properties": {}, "geometry": {"type": "Polygon", "coordinates": [[[101.611568, 3.069762], [101.611507, 3.069762], [101.611367, 3.06979], [101.611368, 3.069953], [101.611429, 3.069952], [101.611569, 3.069924], [101.611568, 3.069762]]]}}, {"type": "Feature", "properties": {}, "geometry": {"type": "Polygon", "coordinates": [[[101.611507, 3.069762], [101.611446, 3.069763], [101.611306, 3.069791], [101.611307, 3.069954], [101.611368, 3.069953], [101.611508, 3.069925], [101.611507, 3.069762]]]}}, {"type": "Feature", "properties": {}, "geometry": {"type": "Polygon", "coordinates": [[[101.611446, 3.069763], [101.611385, 3.069763], [101.611245, 3.069792], [101.611246, 3.069954], [101.611307, 3.069954], [101.611447, 3.069925], [101.611446, 3.069763]]]}}, {"type": "Feature", "properties": {}, "geometry": {"type": "Polygon", "coordinates": [[[101.611385, 3.069763], [101.611324, 3.069764], [101.611184, 3.069792], [101.611185, 3.069955], [101.611246, 3.069954], [101.611386, 3.069926], [101.611385, 3.069763]]]}}, {"type": "Feature", "properties": {}, "geometry": {"type": "Polygon", "coordinates": [[[101.611324, 3.069764], [101.611263, 3.069764], [101.611123, 3.069793], [101.611124, 3.069955], [101.611185, 3.069955], [101.611326, 3.069926], [101.611324, 3.069764]]]}}, {"type": "Feature", "properties": {}, "geometry": {"type": "Polygon", "coordinates": [[[101.611929, 3.069227], [101.611868, 3.069228], [101.611728, 3.069256], [101.611729, 3.069393], [101.61179, 3.069393], [101.61193, 3.069364], [101.611929, 3.069227]]]}}, {"type": "Feature", "properties": {}, "geometry": {"type": "Polygon", "coordinates": [[[101.611868, 3.069228], [101.611808, 3.069228], [101.611667, 3.069256], [101.611669, 3.069394], [101.611729, 3.069393], [101.611869, 3.069365], [101.611868, 3.069228]]]}}, {"type": "Feature", "properties": {}, "geometry": {"type": "Polygon", "coordinates": [[[101.611808, 3.069228], [101.611747, 3.069229], [101.611607, 3.069257], [101.611608, 3.069394], [101.611669, 3.069394], [101.611809, 3.069365], [101.611808, 3.069228]]]}}, {"type": "Feature", "properties": {}, "geometry": {"type": "Polygon", "coordinates": [[[101.611747, 3.069229], [101.611686, 3.069229], [101.611546, 3.069258], [101.611547, 3.069395], [101.611608, 3.069394], [101.611748, 3.069366], [101.611747, 3.069229]]]}}, {"type": "Feature", "properties": {}, "geometry": {"type": "Polygon", "coordinates": [[[101.611686, 3.069229], [101.611626, 3.06923], [101.611485, 3.069258], [101.611487, 3.069395], [101.611547, 3.069395], [101.611687, 3.069366], [101.611686, 3.069229]]]}}, {"type": "Feature", "properties": {}, "geometry": {"type": "Polygon", "coordinates": [[[101.611626, 3.06923], [101.611565, 3.06923], [101.611425, 3.069259], [101.611426, 3.069396], [101.611487, 3.069395], [101.611627, 3.069367], [101.611626, 3.06923]]]}}, {"type": "Feature", "properties": {}, "geometry": {"type": "Polygon", "coordinates": [[[101.611565, 3.06923], [101.611504, 3.069231], [101.611364, 3.069259], [101.611365, 3.069396], [101.611426, 3.069396], [101.611566, 3.069367], [101.611565, 3.06923]]]}}, {"type": "Feature", "properties": {}, "geometry": {"type": "Polygon", "coordinates": [[[101.611504, 3.069231], [101.611443, 3.069232], [101.611303, 3.06926], [101.611305, 3.069397], [101.611365, 3.069396], [101.611505, 3.069368], [101.611504, 3.069231]]]}}, {"type": "Feature", "properties": {}, "geometry": {"type": "Polygon", "coordinates": [[[101.611443, 3.069232], [101.611383, 3.069232], [101.611243, 3.06926], [101.611244, 3.069398], [101.611305, 3.069397], [101.611445, 3.069369], [101.611443, 3.069232]]]}}, {"type": "Feature", "properties": {}, "geometry": {"type": "Polygon", "coordinates": [[[101.611383, 3.069232], [101.611322, 3.069233], [101.611182, 3.069261], [101.611183, 3.069398], [101.611244, 3.069398], [101.611384, 3.069369], [101.611383, 3.069232]]]}}, {"type": "Feature", "properties": {}, "geometry": {"type": "Polygon", "coordinates": [[[101.611322, 3.069233], [101.611261, 3.069233], [101.611121, 3.069262], [101.611123, 3.069399], [101.611183, 3.069398], [101.611323, 3.06937], [101.611322, 3.069233]]]}}, {"type": "Feature", "properties": {}, "geometry": {"type": "Polygon", "coordinates": [[[101.611261, 3.069398], [101.611168, 3.069398], [101.611028, 3.069427], [101.61103, 3.069589], [101.611122, 3.069588], [101.611262, 3.069559], [101.611261, 3.069398]]]}}, {"type": "Feature", "properties": {}, "geometry": {"type": "Polygon", "coordinates": [[[101.611322, 3.069397], [101.611261, 3.069398], [101.611121, 3.069426], [101.611122, 3.069588], [101.611184, 3.069587], [101.611324, 3.069559], [101.611322, 3.069397]]]}}, {"type": "Feature", "properties": {}, "geometry": {"type": "Polygon", "coordinates": [[[101.611384, 3.069396], [101.611322, 3.069397], [101.611182, 3.069425], [101.611184, 3.069587], [101.611245, 3.069587], [101.611385, 3.069558], [101.611384, 3.069396]]]}}, {"type": "Feature", "properties": {}, "geometry": {"type": "Polygon", "coordinates": [[[101.611445, 3.069396], [101.611384, 3.069396], [101.611243, 3.069425], [101.611245, 3.069587], [101.611306, 3.069586], [101.611446, 3.069558], [101.611445, 3.069396]]]}}, {"type": "Feature", "properties": {}, "geometry": {"type": "Polygon", "coordinates": [[[101.611506, 3.069395], [101.611445, 3.069396], [101.611305, 3.069424], [101.611306, 3.069586], [101.611368, 3.069585], [101.611508, 3.069557], [101.611506, 3.069395]]]}}, {"type": "Feature", "properties": {}, "geometry": {"type": "Polygon", "coordinates": [[[101.611568, 3.069395], [101.611506, 3.069395], [101.611366, 3.069424], [101.611368, 3.069585], [101.611429, 3.069585], [101.611569, 3.069556], [101.611568, 3.069395]]]}}, {"type": "Feature", "properties": {}, "geometry": {"type": "Polygon", "coordinates": [[[101.611629, 3.069394], [101.611568, 3.069395], [101.611427, 3.069423], [101.611429, 3.069585], [101.61149, 3.069584], [101.61163, 3.069556], [101.611629, 3.069394]]]}}, {"type": "Feature", "properties": {}, "geometry": {"type": "Polygon", "coordinates": [[[101.61169, 3.069394], [101.611629, 3.069394], [101.611489, 3.069422], [101.61149, 3.069584], [101.611552, 3.069584], [101.611692, 3.069555], [101.61169, 3.069394]]]}}, {"type": "Feature", "properties": {}, "geometry": {"type": "Polygon", "coordinates": [[[101.611752, 3.069393], [101.61169, 3.069394], [101.61155, 3.069422], [101.611552, 3.069584], [101.611613, 3.069583], [101.611753, 3.069555], [101.611752, 3.069393]]]}}, {"type": "Feature", "properties": {}, "geometry": {"type": "Polygon", "coordinates": [[[101.611813, 3.069393], [101.611752, 3.069393], [101.611611, 3.069421], [101.611613, 3.069583], [101.611674, 3.069583], [101.611814, 3.069554], [101.611813, 3.069393]]]}}, {"type": "Feature", "properties": {}, "geometry": {"type": "Polygon", "coordinates": [[[101.611874, 3.069392], [101.611813, 3.069393], [101.611673, 3.069421], [101.611674, 3.069583], [101.611735, 3.069582], [101.611876, 3.069554], [101.611874, 3.069392]]]}}, {"type": "Feature", "properties": {}, "geometry": {"type": "Polygon", "coordinates": [[[101.611926, 3.068649], [101.611865, 3.06865], [101.611725, 3.068678], [101.611727, 3.068821], [101.611788, 3.06882], [101.611928, 3.068791], [101.611926, 3.068649]]]}}, {"type": "Feature", "properties": {}, "geometry": {"type": "Polygon", "coordinates": [[[101.611865, 3.06865], [101.611804, 3.068651], [101.611664, 3.068679], [101.611665, 3.068821], [101.611727, 3.068821], [101.611867, 3.068792], [101.611865, 3.06865]]]}}, {"type": "Feature", "properties": {}, "geometry": {"type": "Polygon", "coordinates": [[[101.611804, 3.068651], [101.611742, 3.068651], [101.611602, 3.06868], [101.611604, 3.068822], [101.611665, 3.068821], [101.611805, 3.068793], [101.611804, 3.068651]]]}}, {"type": "Feature", "properties": {}, "geometry": {"type": "Polygon", "coordinates": [[[101.611742, 3.068651], [101.611681, 3.068652], [101.611541, 3.06868], [101.611543, 3.068823], [101.611604, 3.068822], [101.611744, 3.068794], [101.611742, 3.068651]]]}}, {"type": "Feature", "properties": {}, "geometry": {"type": "Polygon", "coordinates": [[[101.611681, 3.068652], [101.61162, 3.068653], [101.61148, 3.068681], [101.611481, 3.068823], [101.611543, 3.068823], [101.611683, 3.068794], [101.611681, 3.068652]]]}}, {"type": "Feature", "properties": {}, "geometry": {"type": "Polygon", "coordinates": [[[101.61162, 3.068653], [101.611559, 3.068653], [101.611419, 3.068682], [101.61142, 3.068824], [101.611481, 3.068823], [101.611622, 3.068795], [101.61162, 3.068653]]]}}, {"type": "Feature", "properties": {}, "geometry": {"type": "Polygon", "coordinates": [[[101.611559, 3.068653], [101.611497, 3.068654], [101.611357, 3.068682], [101.611359, 3.068825], [101.61142, 3.068824], [101.61156, 3.068796], [101.611559, 3.068653]]]}}, {"type": "Feature", "properties": {}, "geometry": {"type": "Polygon", "coordinates": [[[101.611497, 3.068654], [101.611436, 3.068655], [101.611296, 3.068683], [101.611298, 3.068826], [101.611359, 3.068825], [101.611499, 3.068797], [101.611497, 3.068654]]]}}, {"type": "Feature", "properties": {}, "geometry": {"type": "Polygon", "coordinates": [[[101.611436, 3.068655], [101.611375, 3.068656], [101.611235, 3.068684], [101.611237, 3.068826], [101.611298, 3.068826], [101.611438, 3.068797], [101.611436, 3.068655]]]}}, {"type": "Feature", "properties": {}, "geometry": {"type": "Polygon", "coordinates": [[[101.611375, 3.068656], [101.611314, 3.068656], [101.611174, 3.068685], [101.611175, 3.068827], [101.611237, 3.068826], [101.611377, 3.068798], [101.611375, 3.068656]]]}}, {"type": "Feature", "properties": {}, "geometry": {"type": "Polygon", "coordinates": [[[101.611314, 3.068656], [101.611252, 3.068657], [101.611112, 3.068685], [101.611114, 3.068828], [101.611175, 3.068827], [101.611315, 3.068799], [101.611314, 3.068656]]]}}, {"type": "Feature", "properties": {}, "geometry": {"type": "Polygon", "coordinates": [[[101.611921, 3.068814], [101.611861, 3.068815], [101.611721, 3.068843], [101.611722, 3.068998], [101.611782, 3.068998], [101.611922, 3.06897], [101.611921, 3.068814]]]}}, {"type": "Feature", "properties": {}, "geometry": {"type": "Polygon", "coordinates": [[[101.611861, 3.068815], [101.611801, 3.068815], [101.61166, 3.068843], [101.611661, 3.068999], [101.611722, 3.068998], [101.611862, 3.06897], [101.611861, 3.068815]]]}}, {"type": "Feature", "properties": {}, "geometry": {"type": "Polygon", "coordinates": [[[101.611801, 3.068815], [101.61174, 3.068816], [101.6116, 3.068844], [101.611601, 3.068999], [101.611661, 3.068999], [101.611802, 3.06897], [101.611801, 3.068815]]]}}, {"type": "Feature", "properties": {}, "geometry": {"type": "Polygon", "coordinates": [[[101.61174, 3.068816], [101.61168, 3.068816], [101.61154, 3.068844], [101.611541, 3.069], [101.611601, 3.068999], [101.611741, 3.068971], [101.61174, 3.068816]]]}}, {"type": "Feature", "properties": {}, "geometry": {"type": "Polygon", "coordinates": [[[101.61168, 3.068816], [101.61162, 3.068816], [101.611479, 3.068845], [101.61148, 3.069], [101.611541, 3.069], [101.611681, 3.068971], [101.61168, 3.068816]]]}}, {"type": "Feature", "properties": {}, "geometry": {"type": "Polygon", "coordinates": [[[101.61162, 3.068816], [101.611559, 3.068817], [101.611419, 3.068845], [101.61142, 3.069], [101.61148, 3.069], [101.611621, 3.068972], [101.61162, 3.068816]]]}}, {"type": "Feature", "properties": {}, "geometry": {"type": "Polygon", "coordinates": [[[101.611559, 3.068817], [101.611499, 3.068817], [101.611359, 3.068845], [101.61136, 3.069001], [101.61142, 3.069], [101.61156, 3.068972], [101.611559, 3.068817]]]}}, {"type": "Feature", "properties": {}, "geometry": {"type": "Polygon", "coordinates": [[[101.611499, 3.068817], [101.611438, 3.068817], [101.611298, 3.068846], [101.611299, 3.069001], [101.61136, 3.069001], [101.6115, 3.068972], [101.611499, 3.068817]]]}}, {"type": "Feature", "properties": {}, "geometry": {"type": "Polygon", "coordinates": [[[101.611438, 3.068817], [101.611378, 3.068818], [101.611238, 3.068846], [101.611239, 3.069002], [101.611299, 3.069001], [101.611439, 3.068973], [101.611438, 3.068817]]]}}, {"type": "Feature", "properties": {}, "geometry": {"type": "Polygon", "coordinates": [[[101.611378, 3.068818], [101.611318, 3.068818], [101.611178, 3.068847], [101.611179, 3.069002], [101.611239, 3.069002], [101.611379, 3.068973], [101.611378, 3.068818]]]}}, {"type": "Feature", "properties": {}, "geometry": {"type": "Polygon", "coordinates": [[[101.611318, 3.068818], [101.611257, 3.068819], [101.611117, 3.068847], [101.611118, 3.069002], [101.611179, 3.069002], [101.611319, 3.068974], [101.611318, 3.068818]]]}}, {"type": "Feature", "properties": {}, "geometry": {"type": "Polygon", "coordinates": [[[101.612597, 3.068815], [101.612536, 3.068816], [101.612396, 3.068844], [101.612397, 3.068996], [101.612458, 3.068996], [101.612598, 3.068968], [101.612597, 3.068815]]]}}, {"type": "Feature", "properties": {}, "geometry": {"type": "Polygon", "coordinates": [[[101.612536, 3.068816], [101.612475, 3.068816], [101.612335, 3.068845], [101.612336, 3.068997], [101.612397, 3.068996], [101.612537, 3.068968], [101.612536, 3.068816]]]}}, {"type": "Feature", "properties": {}, "geometry": {"type": "Polygon", "coordinates": [[[101.612475, 3.068816], [101.612414, 3.068817], [101.612274, 3.068845], [101.612275, 3.068997], [101.612336, 3.068997], [101.612476, 3.068969], [101.612475, 3.068816]]]}}, {"type": "Feature", "properties": {}, "geometry": {"type": "Polygon", "coordinates": [[[101.612414, 3.068817], [101.612353, 3.068817], [101.612213, 3.068846], [101.612214, 3.068998], [101.612275, 3.068997], [101.612415, 3.068969], [101.612414, 3.068817]]]}}, {"type": "Feature", "properties": {}, "geometry": {"type": "Polygon", "coordinates": [[[101.612353, 3.068817], [101.612292, 3.068818], [101.612152, 3.068846], [101.612153, 3.068998], [101.612214, 3.068998], [101.612354, 3.068969], [101.612353, 3.068817]]]}}, {"type": "Feature", "properties": {}, "geometry": {"type": "Polygon", "coordinates": [[[101.612292, 3.068818], [101.612231, 3.068818], [101.612091, 3.068846], [101.612092, 3.068999], [101.612153, 3.068998], [101.612293, 3.06897], [101.612292, 3.068818]]]}}, {"type": "Feature", "properties": {}, "geometry": {"type": "Polygon", "coordinates": [[[101.612231, 3.068818], [101.61217, 3.068818], [101.61203, 3.068847], [101.612031, 3.068999], [101.612092, 3.068999], [101.612232, 3.06897], [101.612231, 3.068818]]]}}, {"type": "Feature", "properties": {}, "geometry": {"type": "Polygon", "coordinates": [[[101.61217, 3.068818], [101.612109, 3.068819], [101.611969, 3.068847], [101.61197, 3.069], [101.612031, 3.068999], [101.612171, 3.068971], [101.61217, 3.068818]]]}}, {"type": "Feature", "properties": {}, "geometry": {"type": "Polygon", "coordinates": [[[101.612109, 3.068819], [101.612048, 3.068819], [101.611908, 3.068848], [101.611909, 3.069], [101.61197, 3.069], [101.61211, 3.068971], [101.612109, 3.068819]]]}}, {"type": "Feature", "properties": {}, "geometry": {"type": "Polygon", "coordinates": [[[101.61204, 3.068655], [101.611979, 3.068656], [101.611838, 3.068684], [101.61184, 3.068815], [101.611901, 3.068815], [101.612042, 3.068786], [101.61204, 3.068655]]]}}, {"type": "Feature", "properties": {}, "geometry": {"type": "Polygon", "coordinates": [[[101.612101, 3.068655], [101.61204, 3.068655], [101.6119, 3.068684], [101.611901, 3.068815], [101.611963, 3.068814], [101.612103, 3.068786], [101.612101, 3.068655]]]}}, {"type": "Feature", "properties": {}, "geometry": {"type": "Polygon", "coordinates": [[[101.612163, 3.068654], [101.612101, 3.068655], [101.611961, 3.068683], [101.611963, 3.068814], [101.612024, 3.068813], [101.612164, 3.068785], [101.612163, 3.068654]]]}}, {"type": "Feature", "properties": {}, "geometry": {"type": "Polygon", "coordinates": [[[101.612224, 3.068653], [101.612163, 3.068654], [101.612023, 3.068682], [101.612024, 3.068813], [101.612086, 3.068813], [101.612226, 3.068784], [101.612224, 3.068653]]]}}, {"type": "Feature", "properties": {}, "geometry": {"type": "Polygon", "coordinates": [[[101.612286, 3.068652], [101.612224, 3.068653], [101.612084, 3.068681], [101.612086, 3.068813], [101.612147, 3.068812], [101.612287, 3.068784], [101.612286, 3.068652]]]}}, {"type": "Feature", "properties": {}, "geometry": {"type": "Polygon", "coordinates": [[[101.612347, 3.068652], [101.612286, 3.068652], [101.612146, 3.068681], [101.612147, 3.068812], [101.612209, 3.068811], [101.612349, 3.068783], [101.612347, 3.068652]]]}}, {"type": "Feature", "properties": {}, "geometry": {"type": "Polygon", "coordinates": [[[101.612409, 3.068651], [101.612347, 3.068652], [101.612207, 3.06868], [101.612209, 3.068811], [101.61227, 3.068811], [101.61241, 3.068782], [101.612409, 3.068651]]]}}, {"type": "Feature", "properties": {}, "geometry": {"type": "Polygon", "coordinates": [[[101.61247, 3.06865], [101.612409, 3.068651], [101.612269, 3.068679], [101.61227, 3.068811], [101.612332, 3.06881], [101.612472, 3.068781], [101.61247, 3.06865]]]}}, {"type": "Feature", "properties": {}, "geometry": {"type": "Polygon", "coordinates": [[[101.612532, 3.06865], [101.61247, 3.06865], [101.61233, 3.068679], [101.612332, 3.06881], [101.612393, 3.068809], [101.612533, 3.068781], [101.612532, 3.06865]]]}}, {"type": "Feature", "properties": {}, "geometry": {"type": "Polygon", "coordinates": [[[101.612593, 3.068649], [101.612532, 3.06865], [101.612392, 3.068678], [101.612393, 3.068809], [101.612455, 3.068808], [101.612595, 3.06878], [101.612593, 3.068649]]]}}, {"type": "Feature", "properties": {}, "geometry": {"type": "Polygon", "coordinates": [[[101.612655, 3.068648], [101.612593, 3.068649], [101.612453, 3.068677], [101.612455, 3.068808], [101.612516, 3.068808], [101.612656, 3.068779], [101.612655, 3.068648]]]}}, {"type": "Feature", "properties": {}, "geometry": {"type": "Polygon", "coordinates": [[[101.613505, 3.068808], [101.613445, 3.068808], [101.613304, 3.068837], [101.613305, 3.068994], [101.613366, 3.068994], [101.613506, 3.068965], [101.613505, 3.068808]]]}}, {"type": "Feature", "properties": {}, "geometry": {"type": "Polygon", "coordinates": [[[101.613445, 3.068808], [101.613384, 3.068809], [101.613244, 3.068837], [101.613245, 3.068995], [101.613305, 3.068994], [101.613446, 3.068966], [101.613445, 3.068808]]]}}, {"type": "Feature", "properties": {}, "geometry": {"type": "Polygon", "coordinates": [[[101.613384, 3.068809], [101.613324, 3.068809], [101.613184, 3.068838], [101.613185, 3.068995], [101.613245, 3.068995], [101.613385, 3.068966], [101.613384, 3.068809]]]}}, {"type": "Feature", "properties": {}, "geometry": {"type": "Polygon", "coordinates": [[[101.613324, 3.068809], [101.613263, 3.06881], [101.613123, 3.068838], [101.613124, 3.068995], [101.613185, 3.068995], [101.613325, 3.068967], [101.613324, 3.068809]]]}}, {"type": "Feature", "properties": {}, "geometry": {"type": "Polygon", "coordinates": [[[101.613263, 3.06881], [101.613203, 3.06881], [101.613063, 3.068838], [101.613064, 3.068996], [101.613124, 3.068995], [101.613264, 3.068967], [101.613263, 3.06881]]]}}, {"type": "Feature", "properties": {}, "geometry": {"type": "Polygon", "coordinates": [[[101.613203, 3.06881], [101.613142, 3.06881], [101.613002, 3.068839], [101.613003, 3.068996], [101.613064, 3.068996], [101.613204, 3.068967], [101.613203, 3.06881]]]}}, {"type": "Feature", "properties": {}, "geometry": {"type": "Polygon", "coordinates": [[[101.613142, 3.06881], [101.613082, 3.068811], [101.612942, 3.068839], [101.612943, 3.068996], [101.613003, 3.068996], [101.613143, 3.068968], [101.613142, 3.06881]]]}}, {"type": "Feature", "properties": {}, "geometry": {"type": "Polygon", "coordinates": [[[101.613082, 3.068811], [101.613021, 3.068811], [101.612881, 3.06884], [101.612882, 3.068997], [101.612943, 3.068996], [101.613083, 3.068968], [101.613082, 3.068811]]]}}, {"type": "Feature", "properties": {}, "geometry": {"type": "Polygon", "coordinates": [[[101.613021, 3.068811], [101.612961, 3.068812], [101.612821, 3.06884], [101.612822, 3.068997], [101.612882, 3.068997], [101.613022, 3.068968], [101.613021, 3.068811]]]}}, {"type": "Feature", "properties": {}, "geometry": {"type": "Polygon", "coordinates": [[[101.612961, 3.068812], [101.6129, 3.068812], [101.61276, 3.06884], [101.612761, 3.068998], [101.612822, 3.068997], [101.612962, 3.068969], [101.612961, 3.068812]]]}}, {"type": "Feature", "properties": {}, "geometry": {"type": "Polygon", "coordinates": [[[101.6129, 3.068812], [101.61284, 3.068812], [101.6127, 3.068841], [101.612701, 3.068998], [101.612761, 3.068998], [101.612901, 3.068969], [101.6129, 3.068812]]]}}, {"type": "Feature", "properties": {}, "geometry": {"type": "Polygon", "coordinates": [[[101.612838, 3.068655], [101.612777, 3.068656], [101.612636, 3.068684], [101.612638, 3.068816], [101.612699, 3.068815], [101.612839, 3.068787], [101.612838, 3.068655]]]}}, {"type": "Feature", "properties": {}, "geometry": {"type": "Polygon", "coordinates": [[[101.612898, 3.068654], [101.612838, 3.068655], [101.612697, 3.068683], [101.612699, 3.068815], [101.61276, 3.068814], [101.6129, 3.068786], [101.612898, 3.068654]]]}}, {"type": "Feature", "properties": {}, "geometry": {"type": "Polygon", "coordinates": [[[101.612959, 3.068653], [101.612898, 3.068654], [101.612758, 3.068682], [101.61276, 3.068814], [101.612821, 3.068814], [101.612961, 3.068785], [101.612959, 3.068653]]]}}, {"type": "Feature", "properties": {}, "geometry": {"type": "Polygon", "coordinates": [[[101.61302, 3.068653], [101.612959, 3.068653], [101.612819, 3.068682], [101.612821, 3.068814], [101.612882, 3.068813], [101.613022, 3.068785], [101.61302, 3.068653]]]}}, {"type": "Feature", "properties": {}, "geometry": {"type": "Polygon", "coordinates": [[[101.613081, 3.068652], [101.61302, 3.068653], [101.61288, 3.068681], [101.612882, 3.068813], [101.612943, 3.068812], [101.613083, 3.068784], [101.613081, 3.068652]]]}}, {"type": "Feature", "properties": {}, "geometry": {"type": "Polygon", "coordinates": [[[101.613142, 3.068651], [101.613081, 3.068652], [101.612941, 3.06868], [101.612943, 3.068812], [101.613003, 3.068812], [101.613144, 3.068783], [101.613142, 3.068651]]]}}, {"type": "Feature", "properties": {}, "geometry": {"type": "Polygon", "coordinates": [[[101.613203, 3.068651], [101.613142, 3.068651], [101.613002, 3.06868], [101.613003, 3.068812], [101.613064, 3.068811], [101.613204, 3.068782], [101.613203, 3.068651]]]}}, {"type": "Feature", "properties": {}, "geometry": {"type": "Polygon", "coordinates": [[[101.613264, 3.06865], [101.613203, 3.068651], [101.613063, 3.068679], [101.613064, 3.068811], [101.613125, 3.06881], [101.613265, 3.068782], [101.613264, 3.06865]]]}}, {"type": "Feature", "properties": {}, "geometry": {"type": "Polygon", "coordinates": [[[101.613325, 3.068649], [101.613264, 3.06865], [101.613124, 3.068678], [101.613125, 3.06881], [101.613186, 3.068809], [101.613326, 3.068781], [101.613325, 3.068649]]]}}, {"type": "Feature", "properties": {}, "geometry": {"type": "Polygon", "coordinates": [[[101.613386, 3.068648], [101.613325, 3.068649], [101.613185, 3.068678], [101.613186, 3.068809], [101.613247, 3.068809], [101.613387, 3.06878], [101.613386, 3.068648]]]}}, {"type": "Feature", "properties": {}, "geometry": {"type": "Polygon", "coordinates": [[[101.613446, 3.068648], [101.613386, 3.068648], [101.613246, 3.068677], [101.613247, 3.068809], [101.613308, 3.068808], [101.613448, 3.06878], [101.613446, 3.068648]]]}}, {"type": "Feature", "properties": {}, "geometry": {"type": "Polygon", "coordinates": [[[101.611248, 3.0681], [101.611186, 3.068101], [101.611046, 3.068129], [101.611047, 3.06827], [101.611109, 3.068269], [101.611249, 3.068241], [101.611248, 3.0681]]]}}, {"type": "Feature", "properties": {}, "geometry": {"type": "Polygon", "coordinates": [[[101.61131, 3.0681], [101.611248, 3.0681], [101.611108, 3.068129], [101.611109, 3.068269], [101.611171, 3.068269], [101.611311, 3.06824], [101.61131, 3.0681]]]}}, {"type": "Feature", "properties": {}, "geometry": {"type": "Polygon", "coordinates": [[[101.611372, 3.068099], [101.61131, 3.0681], [101.61117, 3.068128], [101.611171, 3.068269], [101.611233, 3.068268], [101.611373, 3.06824], [101.611372, 3.068099]]]}}, {"type": "Feature", "properties": {}, "geometry": {"type": "Polygon", "coordinates": [[[101.611434, 3.068099], [101.611372, 3.068099], [101.611232, 3.068128], [101.611233, 3.068268], [101.611295, 3.068268], [101.611435, 3.06824], [101.611434, 3.068099]]]}}, {"type": "Feature", "properties": {}, "geometry": {"type": "Polygon", "coordinates": [[[101.611496, 3.068099], [101.611434, 3.068099], [101.611294, 3.068127], [101.611295, 3.068268], [101.611357, 3.068268], [101.611497, 3.068239], [101.611496, 3.068099]]]}}, {"type": "Feature", "properties": {}, "geometry": {"type": "Polygon", "coordinates": [[[101.611558, 3.068098], [101.611496, 3.068099], [101.611356, 3.068127], [101.611357, 3.068268], [101.611419, 3.068267], [101.611559, 3.068239], [101.611558, 3.068098]]]}}, {"type": "Feature", "properties": {}, "geometry": {"type": "Polygon", "coordinates": [[[101.61162, 3.068098], [101.611558, 3.068098], [101.611418, 3.068126], [101.611419, 3.068267], [101.611481, 3.068267], [101.611621, 3.068238], [101.61162, 3.068098]]]}}, {"type": "Feature", "properties": {}, "geometry": {"type": "Polygon", "coordinates": [[[101.611682, 3.068097], [101.61162, 3.068098], [101.61148, 3.068126], [101.611481, 3.068267], [101.611542, 3.068266], [101.611683, 3.068238], [101.611682, 3.068097]]]}}, {"type": "Feature", "properties": {}, "geometry": {"type": "Polygon", "coordinates": [[[101.611744, 3.068097], [101.611682, 3.068097], [101.611542, 3.068126], [101.611542, 3.068266], [101.611604, 3.068266], [101.611745, 3.068237], [101.611744, 3.068097]]]}}, {"type": "Feature", "properties": {}, "geometry": {"type": "Polygon", "coordinates": [[[101.611805, 3.068096], [101.611744, 3.068097], [101.611603, 3.068125], [101.611604, 3.068266], [101.611666, 3.068265], [101.611806, 3.068237], [101.611805, 3.068096]]]}}, {"type": "Feature", "properties": {}, "geometry": {"type": "Polygon", "coordinates": [[[101.611867, 3.068096], [101.611805, 3.068096], [101.611665, 3.068125], [101.611666, 3.068265], [101.611728, 3.068265], [101.611868, 3.068237], [101.611867, 3.068096]]]}}, {"type": "Feature", "properties": {}, "geometry": {"type": "Polygon", "coordinates": [[[101.611928, 3.06826], [101.611866, 3.06826], [101.611726, 3.068288], [101.611727, 3.068443], [101.611789, 3.068443], [101.611929, 3.068414], [101.611928, 3.06826]]]}}, {"type": "Feature", "properties": {}, "geometry": {"type": "Polygon", "coordinates": [[[101.611866, 3.06826], [101.611804, 3.068261], [101.611664, 3.068289], [101.611666, 3.068444], [101.611727, 3.068443], [101.611867, 3.068415], [101.611866, 3.06826]]]}}, {"type": "Feature", "properties": {}, "geometry": {"type": "Polygon", "coordinates": [[[101.611804, 3.068261], [101.611743, 3.068261], [101.611603, 3.06829], [101.611604, 3.068444], [101.611666, 3.068444], [101.611806, 3.068415], [101.611804, 3.068261]]]}}, {"type": "Feature", "properties": {}, "geometry": {"type": "Polygon", "coordinates": [[[101.611743, 3.068261], [101.611681, 3.068262], [101.611541, 3.06829], [101.611543, 3.068445], [101.611604, 3.068444], [101.611744, 3.068416], [101.611743, 3.068261]]]}}, {"type": "Feature", "properties": {}, "geometry": {"type": "Polygon", "coordinates": [[[101.611681, 3.068262], [101.61162, 3.068262], [101.61148, 3.068291], [101.611481, 3.068445], [101.611543, 3.068445], [101.611683, 3.068416], [101.611681, 3.068262]]]}}, {"type": "Feature", "properties": {}, "geometry": {"type": "Polygon", "coordinates": [[[101.61162, 3.068262], [101.611558, 3.068263], [101.611418, 3.068291], [101.611419, 3.068446], [101.611481, 3.068445], [101.611621, 3.068417], [101.61162, 3.068262]]]}}, {"type": "Feature", "properties": {}, "geometry": {"type": "Polygon", "coordinates": [[[101.611558, 3.068263], [101.611497, 3.068263], [101.611356, 3.068292], [101.611358, 3.068446], [101.611419, 3.068446], [101.61156, 3.068418], [101.611558, 3.068263]]]}}, {"type": "Feature", "properties": {}, "geometry": {"type": "Polygon", "coordinates": [[[101.611497, 3.068263], [101.611435, 3.068264], [101.611295, 3.068292], [101.611296, 3.068447], [101.611358, 3.068446], [101.611498, 3.068418], [101.611497, 3.068263]]]}}, {"type": "Feature", "properties": {}, "geometry": {"type": "Polygon", "coordinates": [[[101.611435, 3.068264], [101.611373, 3.068264], [101.611233, 3.068293], [101.611235, 3.068447], [101.611296, 3.068447], [101.611436, 3.068419], [101.611435, 3.068264]]]}}, {"type": "Feature", "properties": {}, "geometry": {"type": "Polygon", "coordinates": [[[101.611373, 3.068264], [101.611312, 3.068265], [101.611172, 3.068293], [101.611173, 3.068448], [101.611235, 3.068447], [101.611375, 3.068419], [101.611373, 3.068264]]]}}, {"type": "Feature", "properties": {}, "geometry": {"type": "Polygon", "coordinates": [[[101.611312, 3.068265], [101.61125, 3.068266], [101.61111, 3.068294], [101.611111, 3.068449], [101.611173, 3.068448], [101.611313, 3.06842], [101.611312, 3.068265]]]}}, {"type": "Feature", "properties": {}, "geometry": {"type": "Polygon", "coordinates": [[[101.612712, 3.068258], [101.612651, 3.068258], [101.612511, 3.068287], [101.612512, 3.068443], [101.612573, 3.068443], [101.612714, 3.068414], [101.612712, 3.068258]]]}}, {"type": "Feature", "properties": {}, "geometry": {"type": "Polygon", "coordinates": [[[101.612651, 3.068258], [101.61259, 3.068259], [101.61245, 3.068287], [101.612451, 3.068444], [101.612512, 3.068443], [101.612652, 3.068415], [101.612651, 3.068258]]]}}, {"type": "Feature", "properties": {}, "geometry": {"type": "Polygon", "coordinates": [[[101.61259, 3.068259], [101.612529, 3.068259], [101.612389, 3.068288], [101.61239, 3.068444], [101.612451, 3.068444], [101.612591, 3.068415], [101.61259, 3.068259]]]}}, {"type": "Feature", "properties": {}, "geometry": {"type": "Polygon", "coordinates": [[[101.612529, 3.068259], [101.612468, 3.06826], [101.612327, 3.068288], [101.612329, 3.068445], [101.61239, 3.068444], [101.61253, 3.068416], [101.612529, 3.068259]]]}}, {"type": "Feature", "properties": {}, "geometry": {"type": "Polygon", "coordinates": [[[101.612468, 3.06826], [101.612406, 3.06826], [101.612266, 3.068289], [101.612268, 3.068445], [101.612329, 3.068445], [101.612469, 3.068417], [101.612468, 3.06826]]]}}, {"type": "Feature", "properties": {}, "geometry": {"type": "Polygon", "coordinates": [[[101.612406, 3.06826], [101.612345, 3.068261], [101.612205, 3.068289], [101.612207, 3.068446], [101.612268, 3.068445], [101.612408, 3.068417], [101.612406, 3.06826]]]}}, {"type": "Feature", "properties": {}, "geometry": {"type": "Polygon", "coordinates": [[[101.612345, 3.068261], [101.612284, 3.068261], [101.612144, 3.06829], [101.612145, 3.068446], [101.612207, 3.068446], [101.612347, 3.068418], [101.612345, 3.068261]]]}}, {"type": "Feature", "properties": {}, "geometry": {"type": "Polygon", "coordinates": [[[101.612284, 3.068261], [101.612223, 3.068262], [101.612083, 3.06829], [101.612084, 3.068447], [101.612145, 3.068446], [101.612286, 3.068418], [101.612284, 3.068261]]]}}, {"type": "Feature", "properties": {}, "geometry": {"type": "Polygon", "coordinates": [[[101.612223, 3.068262], [101.612162, 3.068263], [101.612022, 3.068291], [101.612023, 3.068448], [101.612084, 3.068447], [101.612224, 3.068419], [101.612223, 3.068262]]]}}, {"type": "Feature", "properties": {}, "geometry": {"type": "Polygon", "coordinates": [[[101.612162, 3.068263], [101.612101, 3.068263], [101.611961, 3.068291], [101.611962, 3.068448], [101.612023, 3.068448], [101.612163, 3.068419], [101.612162, 3.068263]]]}}, {"type": "Feature", "properties": {}, "geometry": {"type": "Polygon", "coordinates": [[[101.612101, 3.068263], [101.61204, 3.068264], [101.6119, 3.068292], [101.611901, 3.068449], [101.611962, 3.068448], [101.612102, 3.06842], [101.612101, 3.068263]]]}}, {"type": "Feature", "properties": {}, "geometry": {"type": "Polygon", "coordinates": [[[101.612039, 3.068101], [101.611978, 3.068102], [101.611837, 3.06813], [101.611838, 3.068267], [101.6119, 3.068266], [101.61204, 3.068238], [101.612039, 3.068101]]]}}, {"type": "Feature", "properties": {}, "geometry": {"type": "Polygon", "coordinates": [[[101.6121, 3.068101], [101.612039, 3.068101], [101.611899, 3.068129], [101.6119, 3.068266], [101.611961, 3.068266], [101.612101, 3.068237], [101.6121, 3.068101]]]}}, {"type": "Feature", "properties": {}, "geometry": {"type": "Polygon", "coordinates": [[[101.612161, 3.0681], [101.6121, 3.068101], [101.61196, 3.068129], [101.611961, 3.068266], [101.612022, 3.068265], [101.612162, 3.068237], [101.612161, 3.0681]]]}}, {"type": "Feature", "properties": {}, "geometry": {"type": "Polygon", "coordinates": [[[101.612223, 3.0681], [101.612161, 3.0681], [101.612021, 3.068129], [101.612022, 3.068265], [101.612083, 3.068265], [101.612223, 3.068236], [101.612223, 3.0681]]]}}, {"type": "Feature", "properties": {}, "geometry": {"type": "Polygon", "coordinates": [[[101.612284, 3.068099], [101.612223, 3.0681], [101.612082, 3.068128], [101.612083, 3.068265], [101.612145, 3.068264], [101.612285, 3.068236], [101.612284, 3.068099]]]}}, {"type": "Feature", "properties": {}, "geometry": {"type": "Polygon", "coordinates": [[[101.612345, 3.068099], [101.612284, 3.068099], [101.612144, 3.068128], [101.612145, 3.068264], [101.612206, 3.068264], [101.612346, 3.068236], [101.612345, 3.068099]]]}}, {"type": "Feature", "properties": {}, "geometry": {"type": "Polygon", "coordinates": [[[101.612406, 3.068099], [101.612345, 3.068099], [101.612205, 3.068127], [101.612206, 3.068264], [101.612267, 3.068264], [101.612407, 3.068235], [101.612406, 3.068099]]]}}, {"type": "Feature", "properties": {}, "geometry": {"type": "Polygon", "coordinates": [[[101.612467, 3.068098], [101.612406, 3.068099], [101.612266, 3.068127], [101.612267, 3.068264], [101.612328, 3.068263], [101.612468, 3.068235], [101.612467, 3.068098]]]}}, {"type": "Feature", "properties": {}, "geometry": {"type": "Polygon", "coordinates": [[[101.612529, 3.068098], [101.612467, 3.068098], [101.612327, 3.068126], [101.612328, 3.068263], [101.61239, 3.068263], [101.61253, 3.068234], [101.612529, 3.068098]]]}}, {"type": "Feature", "properties": {}, "geometry": {"type": "Polygon", "coordinates": [[[101.61259, 3.068097], [101.612529, 3.068098], [101.612388, 3.068126], [101.61239, 3.068263], [101.612451, 3.068262], [101.612591, 3.068234], [101.61259, 3.068097]]]}}, {"type": "Feature", "properties": {}, "geometry": {"type": "Polygon", "coordinates": [[[101.612651, 3.068097], [101.61259, 3.068097], [101.61245, 3.068126], [101.612451, 3.068262], [101.612512, 3.068262], [101.612652, 3.068233], [101.612651, 3.068097]]]}}, {"type": "Feature", "properties": {}, "geometry": {"type": "Polygon", "coordinates": [[[101.613507, 3.068258], [101.613445, 3.068259], [101.613305, 3.068287], [101.613306, 3.068442], [101.613369, 3.068442], [101.613509, 3.068413], [101.613507, 3.068258]]]}}, {"type": "Feature", "properties": {}, "geometry": {"type": "Polygon", "coordinates": [[[101.613445, 3.068259], [101.613383, 3.068259], [101.613243, 3.068287], [101.613244, 3.068443], [101.613306, 3.068442], [101.613447, 3.068414], [101.613445, 3.068259]]]}}, {"type": "Feature", "properties": {}, "geometry": {"type": "Polygon", "coordinates": [[[101.613383, 3.068259], [101.613321, 3.06826], [101.613181, 3.068288], [101.613182, 3.068443], [101.613244, 3.068443], [101.613385, 3.068414], [101.613383, 3.068259]]]}}, {"type": "Feature", "properties": {}, "geometry": {"type": "Polygon", "coordinates": [[[101.613321, 3.06826], [101.613259, 3.06826], [101.613119, 3.068288], [101.61312, 3.068444], [101.613182, 3.068443], [101.613322, 3.068415], [101.613321, 3.06826]]]}}, {"type": "Feature", "properties": {}, "geometry": {"type": "Polygon", "coordinates": [[[101.613259, 3.06826], [101.613197, 3.068261], [101.613057, 3.068289], [101.613058, 3.068444], [101.61312, 3.068444], [101.61326, 3.068415], [101.613259, 3.06826]]]}}, {"type": "Feature", "properties": {}, "geometry": {"type": "Polygon", "coordinates": [[[101.613197, 3.068261], [101.613135, 3.068261], [101.612994, 3.06829], [101.612996, 3.068445], [101.613058, 3.068444], [101.613198, 3.068416], [101.613197, 3.068261]]]}}, {"type": "Feature", "properties": {}, "geometry": {"type": "Polygon", "coordinates": [[[101.613135, 3.068261], [101.613073, 3.068262], [101.612932, 3.06829], [101.612934, 3.068445], [101.612996, 3.068445], [101.613136, 3.068416], [101.613135, 3.068261]]]}}, {"type": "Feature", "properties": {}, "geometry": {"type": "Polygon", "coordinates": [[[101.613073, 3.068262], [101.61301, 3.068262], [101.61287, 3.068291], [101.612872, 3.068446], [101.612934, 3.068445], [101.613074, 3.068417], [101.613073, 3.068262]]]}}, {"type": "Feature", "properties": {}, "geometry": {"type": "Polygon", "coordinates": [[[101.61301, 3.068262], [101.612948, 3.068263], [101.612808, 3.068291], [101.612809, 3.068446], [101.612872, 3.068446], [101.613012, 3.068417], [101.61301, 3.068262]]]}}, {"type": "Feature", "properties": {}, "geometry": {"type": "Polygon", "coordinates": [[[101.612948, 3.068263], [101.612886, 3.068263], [101.612746, 3.068292], [101.612747, 3.068447], [101.612809, 3.068446], [101.61295, 3.068418], [101.612948, 3.068263]]]}}, {"type": "Feature", "properties": {}, "geometry": {"type": "Polygon", "coordinates": [[[101.612886, 3.068263], [101.612824, 3.068264], [101.612684, 3.068292], [101.612685, 3.068447], [101.612747, 3.068447], [101.612887, 3.068419], [101.612886, 3.068263]]]}}, {"type": "Feature", "properties": {}, "geometry": {"type": "Polygon", "coordinates": [[[101.612822, 3.068098], [101.612759, 3.068098], [101.612619, 3.068126], [101.61262, 3.068267], [101.612683, 3.068267], [101.612823, 3.068238], [101.612822, 3.068098]]]}}, {"type": "Feature", "properties": {}, "geometry": {"type": "Polygon", "coordinates": [[[101.612884, 3.068097], [101.612822, 3.068098], [101.612681, 3.068126], [101.612683, 3.068267], [101.612745, 3.068266], [101.612885, 3.068238], [101.612884, 3.068097]]]}}, {"type": "Feature", "properties": {}, "geometry": {"type": "Polygon", "coordinates": [[[101.612946, 3.068097], [101.612884, 3.068097], [101.612744, 3.068125], [101.612745, 3.068266], [101.612807, 3.068266], [101.612947, 3.068237], [101.612946, 3.068097]]]}}, {"type": "Feature", "properties": {}, "geometry": {"type": "Polygon", "coordinates": [[[101.613008, 3.068096], [101.612946, 3.068097], [101.612806, 3.068125], [101.612807, 3.068266], [101.612869, 3.068265], [101.613009, 3.068237], [101.613008, 3.068096]]]}}, {"type": "Feature", "properties": {}, "geometry": {"type": "Polygon", "coordinates": [[[101.613071, 3.068096], [101.613008, 3.068096], [101.612868, 3.068125], [101.612869, 3.068265], [101.612932, 3.068265], [101.613072, 3.068237], [101.613071, 3.068096]]]}}, {"type": "Feature", "properties": {}, "geometry": {"type": "Polygon", "coordinates": [[[101.613133, 3.068096], [101.613071, 3.068096], [101.612931, 3.068124], [101.612932, 3.068265], [101.612994, 3.068265], [101.613134, 3.068236], [101.613133, 3.068096]]]}}, {"type": "Feature", "properties": {}, "geometry": {"type": "Polygon", "coordinates": [[[101.613195, 3.068095], [101.613133, 3.068096], [101.612993, 3.068124], [101.612994, 3.068265], [101.613056, 3.068264], [101.613196, 3.068236], [101.613195, 3.068095]]]}}, {"type": "Feature", "properties": {}, "geometry": {"type": "Polygon", "coordinates": [[[101.613257, 3.068095], [101.613195, 3.068095], [101.613055, 3.068124], [101.613056, 3.068264], [101.613118, 3.068264], [101.613258, 3.068235], [101.613257, 3.068095]]]}}, {"type": "Feature", "properties": {}, "geometry": {"type": "Polygon", "coordinates": [[[101.61332, 3.068094], [101.613257, 3.068095], [101.613117, 3.068123], [101.613118, 3.068264], [101.61318, 3.068263], [101.613321, 3.068235], [101.61332, 3.068094]]]}}, {"type": "Feature", "properties": {}, "geometry": {"type": "Polygon", "coordinates": [[[101.613382, 3.068094], [101.61332, 3.068094], [101.61318, 3.068123], [101.61318, 3.068263], [101.613243, 3.068263], [101.613383, 3.068235], [101.613382, 3.068094]]]}}, {"type": "Feature", "properties": {}, "geometry": {"type": "Polygon", "coordinates": [[[101.613444, 3.068094], [101.613382, 3.068094], [101.613242, 3.068122], [101.613243, 3.068263], [101.613305, 3.068262], [101.613445, 3.068234], [101.613444, 3.068094]]]}}, {"type": "Feature", "properties": {}, "geometry": {"type": "Polygon", "coordinates": [[[101.612824, 3.067544], [101.612762, 3.067544], [101.612622, 3.067573], [101.612623, 3.067713], [101.612685, 3.067712], [101.612825, 3.067684], [101.612824, 3.067544]]]}}, {"type": "Feature", "properties": {}, "geometry": {"type": "Polygon", "coordinates": [[[101.612886, 3.067543], [101.612824, 3.067544], [101.612684, 3.067572], [101.612685, 3.067712], [101.612747, 3.067712], [101.612887, 3.067683], [101.612886, 3.067543]]]}}, {"type": "Feature", "properties": {}, "geometry": {"type": "Polygon", "coordinates": [[[101.612948, 3.067543], [101.612886, 3.067543], [101.612746, 3.067572], [101.612747, 3.067712], [101.612809, 3.067711], [101.612949, 3.067683], [101.612948, 3.067543]]]}}, {"type": "Feature", "properties": {}, "geometry": {"type": "Polygon", "coordinates": [[[101.61301, 3.067542], [101.612948, 3.067543], [101.612808, 3.067571], [101.612809, 3.067711], [101.612871, 3.067711], [101.613011, 3.067682], [101.61301, 3.067542]]]}}, {"type": "Feature", "properties": {}, "geometry": {"type": "Polygon", "coordinates": [[[101.613071, 3.067541], [101.61301, 3.067542], [101.612869, 3.06757], [101.612871, 3.067711], [101.612932, 3.06771], [101.613073, 3.067682], [101.613071, 3.067541]]]}}, {"type": "Feature", "properties": {}, "geometry": {"type": "Polygon", "coordinates": [[[101.613133, 3.067541], [101.613071, 3.067541], [101.612931, 3.06757], [101.612932, 3.06771], [101.612994, 3.067709], [101.613135, 3.067681], [101.613133, 3.067541]]]}}, {"type": "Feature", "properties": {}, "geometry": {"type": "Polygon", "coordinates": [[[101.613195, 3.06754], [101.613133, 3.067541], [101.612993, 3.067569], [101.612994, 3.067709], [101.613056, 3.067709], [101.613196, 3.067681], [101.613195, 3.06754]]]}}, {"type": "Feature", "properties": {}, "geometry": {"type": "Polygon", "coordinates": [[[101.613257, 3.06754], [101.613195, 3.06754], [101.613055, 3.067569], [101.613056, 3.067709], [101.613118, 3.067708], [101.613258, 3.06768], [101.613257, 3.06754]]]}}, {"type": "Feature", "properties": {}, "geometry": {"type": "Polygon", "coordinates": [[[101.613319, 3.067539], [101.613257, 3.06754], [101.613117, 3.067568], [101.613118, 3.067708], [101.61318, 3.067708], [101.61332, 3.067679], [101.613319, 3.067539]]]}}, {"type": "Feature", "properties": {}, "geometry": {"type": "Polygon", "coordinates": [[[101.613381, 3.067539], [101.613319, 3.067539], [101.613179, 3.067568], [101.61318, 3.067708], [101.613242, 3.067707], [101.613382, 3.067679], [101.613381, 3.067539]]]}}, {"type": "Feature", "properties": {}, "geometry": {"type": "Polygon", "coordinates": [[[101.613443, 3.067538], [101.613381, 3.067539], [101.613241, 3.067567], [101.613242, 3.067707], [101.613304, 3.067707], [101.613444, 3.067678], [101.613443, 3.067538]]]}}, {"type": "Feature", "properties": {}, "geometry": {"type": "Polygon", "coordinates": [[[101.613509, 3.067704], [101.613447, 3.067704], [101.613307, 3.067732], [101.613308, 3.067893], [101.61337, 3.067893], [101.61351, 3.067864], [101.613509, 3.067704]]]}}, {"type": "Feature", "properties": {}, "geometry": {"type": "Polygon", "coordinates": [[[101.613447, 3.067704], [101.613385, 3.067705], [101.613245, 3.067733], [101.613246, 3.067894], [101.613308, 3.067893], [101.613448, 3.067865], [101.613447, 3.067704]]]}}, {"type": "Feature", "properties": {}, "geometry": {"type": "Polygon", "coordinates": [[[101.613385, 3.067705], [101.613323, 3.067705], [101.613183, 3.067733], [101.613184, 3.067894], [101.613246, 3.067894], [101.613386, 3.067865], [101.613385, 3.067705]]]}}, {"type": "Feature", "properties": {}, "geometry": {"type": "Polygon", "coordinates": [[[101.613323, 3.067705], [101.613261, 3.067705], [101.613121, 3.067734], [101.613122, 3.067895], [101.613184, 3.067894], [101.613324, 3.067866], [101.613323, 3.067705]]]}}, {"type": "Feature", "properties": {}, "geometry": {"type": "Polygon", "coordinates": [[[101.613261, 3.067705], [101.613199, 3.067706], [101.613059, 3.067734], [101.61306, 3.067895], [101.613122, 3.067895], [101.613262, 3.067866], [101.613261, 3.067705]]]}}, {"type": "Feature", "properties": {}, "geometry": {"type": "Polygon", "coordinates": [[[101.613199, 3.067706], [101.613137, 3.067706], [101.612997, 3.067735], [101.612998, 3.067896], [101.61306, 3.067895], [101.6132, 3.067867], [101.613199, 3.067706]]]}}, {"type": "Feature", "properties": {}, "geometry": {"type": "Polygon", "coordinates": [[[101.613137, 3.067706], [101.613075, 3.067707], [101.612935, 3.067735], [101.612936, 3.067896], [101.612998, 3.067896], [101.613138, 3.067867], [101.613137, 3.067706]]]}}, {"type": "Feature", "properties": {}, "geometry": {"type": "Polygon", "coordinates": [[[101.613075, 3.067707], [101.613013, 3.067707], [101.612873, 3.067736], [101.612874, 3.067896], [101.612936, 3.067896], [101.613076, 3.067868], [101.613075, 3.067707]]]}}, {"type": "Feature", "properties": {}, "geometry": {"type": "Polygon", "coordinates": [[[101.613013, 3.067707], [101.612951, 3.067708], [101.612811, 3.067736], [101.612812, 3.067897], [101.612874, 3.067896], [101.613014, 3.067868], [101.613013, 3.067707]]]}}, {"type": "Feature", "properties": {}, "geometry": {"type": "Polygon", "coordinates": [[[101.612951, 3.067708], [101.612889, 3.067708], [101.612749, 3.067737], [101.61275, 3.067897], [101.612812, 3.067897], [101.612952, 3.067869], [101.612951, 3.067708]]]}}, {"type": "Feature", "properties": {}, "geometry": {"type": "Polygon", "coordinates": [[[101.612889, 3.067708], [101.612827, 3.067709], [101.612687, 3.067737], [101.612688, 3.067898], [101.61275, 3.067897], [101.61289, 3.067869], [101.612889, 3.067708]]]}}, {"type": "Feature", "properties": {}, "geometry": {"type": "Polygon", "coordinates": [[[101.612036, 3.067546], [101.611975, 3.067547], [101.611834, 3.067575], [101.611836, 3.067716], [101.611898, 3.067716], [101.612038, 3.067687], [101.612036, 3.067546]]]}}, {"type": "Feature", "properties": {}, "geometry": {"type": "Polygon", "coordinates": [[[101.612098, 3.067546], [101.612036, 3.067546], [101.611896, 3.067575], [101.611898, 3.067716], [101.611959, 3.067715], [101.6121, 3.067687], [101.612098, 3.067546]]]}}, {"type": "Feature", "properties": {}, "geometry": {"type": "Polygon", "coordinates": [[[101.61216, 3.067545], [101.612098, 3.067546], [101.611958, 3.067574], [101.611959, 3.067715], [101.612021, 3.067715], [101.612161, 3.067686], [101.61216, 3.067545]]]}}, {"type": "Feature", "properties": {}, "geometry": {"type": "Polygon", "coordinates": [[[101.612222, 3.067544], [101.61216, 3.067545], [101.61202, 3.067573], [101.612021, 3.067715], [101.612083, 3.067714], [101.612223, 3.067686], [101.612222, 3.067544]]]}}, {"type": "Feature", "properties": {}, "geometry": {"type": "Polygon", "coordinates": [[[101.612284, 3.067544], [101.612222, 3.067544], [101.612082, 3.067573], [101.612083, 3.067714], [101.612145, 3.067713], [101.612285, 3.067685], [101.612284, 3.067544]]]}}, {"type": "Feature", "properties": {}, "geometry": {"type": "Polygon", "coordinates": [[[101.612345, 3.067543], [101.612284, 3.067544], [101.612144, 3.067572], [101.612145, 3.067713], [101.612207, 3.067713], [101.612347, 3.067684], [101.612345, 3.067543]]]}}, {"type": "Feature", "properties": {}, "geometry": {"type": "Polygon", "coordinates": [[[101.612407, 3.067543], [101.612345, 3.067543], [101.612205, 3.067572], [101.612207, 3.067713], [101.612268, 3.067712], [101.612409, 3.067684], [101.612407, 3.067543]]]}}, {"type": "Feature", "properties": {}, "geometry": {"type": "Polygon", "coordinates": [[[101.612469, 3.067542], [101.612407, 3.067543], [101.612267, 3.067571], [101.612268, 3.067712], [101.61233, 3.067712], [101.61247, 3.067683], [101.612469, 3.067542]]]}}, {"type": "Feature", "properties": {}, "geometry": {"type": "Polygon", "coordinates": [[[101.612531, 3.067542], [101.612469, 3.067542], [101.612329, 3.067571], [101.61233, 3.067712], [101.612392, 3.067711], [101.612532, 3.067683], [101.612531, 3.067542]]]}}, {"type": "Feature", "properties": {}, "geometry": {"type": "Polygon", "coordinates": [[[101.612593, 3.067541], [101.612531, 3.067542], [101.612391, 3.06757], [101.612392, 3.067711], [101.612454, 3.067711], [101.612594, 3.067682], [101.612593, 3.067541]]]}}, {"type": "Feature", "properties": {}, "geometry": {"type": "Polygon", "coordinates": [[[101.612655, 3.067541], [101.612593, 3.067541], [101.612453, 3.067569], [101.612454, 3.067711], [101.612516, 3.06771], [101.612656, 3.067682], [101.612655, 3.067541]]]}}, {"type": "Feature", "properties": {}, "geometry": {"type": "Polygon", "coordinates": [[[101.61271, 3.067702], [101.612649, 3.067702], [101.612508, 3.067731], [101.61251, 3.067893], [101.612571, 3.067892], [101.612711, 3.067864], [101.61271, 3.067702]]]}}, {"type": "Feature", "properties": {}, "geometry": {"type": "Polygon", "coordinates": [[[101.612649, 3.067702], [101.612588, 3.067703], [101.612447, 3.067731], [101.612449, 3.067893], [101.61251, 3.067893], [101.61265, 3.067864], [101.612649, 3.067702]]]}}, {"type": "Feature", "properties": {}, "geometry": {"type": "Polygon", "coordinates": [[[101.612588, 3.067703], [101.612527, 3.067703], [101.612386, 3.067732], [101.612388, 3.067893], [101.612449, 3.067893], [101.612589, 3.067865], [101.612588, 3.067703]]]}}, {"type": "Feature", "properties": {}, "geometry": {"type": "Polygon", "coordinates": [[[101.612527, 3.067703], [101.612465, 3.067704], [101.612325, 3.067732], [101.612327, 3.067894], [101.612388, 3.067893], [101.612528, 3.067865], [101.612527, 3.067703]]]}}, {"type": "Feature", "properties": {}, "geometry": {"type": "Polygon", "coordinates": [[[101.612465, 3.067704], [101.612404, 3.067704], [101.612264, 3.067733], [101.612266, 3.067894], [101.612327, 3.067894], [101.612467, 3.067866], [101.612465, 3.067704]]]}}, {"type": "Feature", "properties": {}, "geometry": {"type": "Polygon", "coordinates": [[[101.612404, 3.067704], [101.612343, 3.067705], [101.612203, 3.067733], [101.612205, 3.067895], [101.612266, 3.067894], [101.612406, 3.067866], [101.612404, 3.067704]]]}}, {"type": "Feature", "properties": {}, "geometry": {"type": "Polygon", "coordinates": [[[101.612343, 3.067705], [101.612282, 3.067705], [101.612142, 3.067734], [101.612144, 3.067895], [101.612205, 3.067895], [101.612345, 3.067866], [101.612343, 3.067705]]]}}, {"type": "Feature", "properties": {}, "geometry": {"type": "Polygon", "coordinates": [[[101.612282, 3.067705], [101.612221, 3.067706], [101.612081, 3.067734], [101.612082, 3.067896], [101.612144, 3.067895], [101.612284, 3.067867], [101.612282, 3.067705]]]}}, {"type": "Feature", "properties": {}, "geometry": {"type": "Polygon", "coordinates": [[[101.612221, 3.067706], [101.61216, 3.067706], [101.61202, 3.067735], [101.612021, 3.067896], [101.612082, 3.067896], [101.612223, 3.067867], [101.612221, 3.067706]]]}}, {"type": "Feature", "properties": {}, "geometry": {"type": "Polygon", "coordinates": [[[101.61216, 3.067706], [101.612099, 3.067707], [101.611959, 3.067735], [101.61196, 3.067897], [101.612021, 3.067896], [101.612162, 3.067868], [101.61216, 3.067706]]]}}, {"type": "Feature", "properties": {}, "geometry": {"type": "Polygon", "coordinates": [[[101.612099, 3.067707], [101.612038, 3.067707], [101.611898, 3.067736], [101.6119, 3.067897], [101.61196, 3.067897], [101.612101, 3.067868], [101.612099, 3.067707]]]}}, {"type": "Feature", "properties": {}, "geometry": {"type": "Polygon", "coordinates": [[[101.611928, 3.067708], [101.611866, 3.067709], [101.611726, 3.067737], [101.611728, 3.067898], [101.611789, 3.067898], [101.611929, 3.067869], [101.611928, 3.067708]]]}}, {"type": "Feature", "properties": {}, "geometry": {"type": "Polygon", "coordinates": [[[101.611866, 3.067709], [101.611805, 3.067709], [101.611665, 3.067737], [101.611666, 3.067899], [101.611728, 3.067898], [101.611868, 3.06787], [101.611866, 3.067709]]]}}, {"type": "Feature", "properties": {}, "geometry": {"type": "Polygon", "coordinates": [[[101.611805, 3.067709], [101.611744, 3.06771], [101.611604, 3.067738], [101.611605, 3.067899], [101.611666, 3.067899], [101.611806, 3.06787], [101.611805, 3.067709]]]}}, {"type": "Feature", "properties": {}, "geometry": {"type": "Polygon", "coordinates": [[[101.611744, 3.06771], [101.611683, 3.06771], [101.611543, 3.067738], [101.611544, 3.0679], [101.611605, 3.067899], [101.611745, 3.067871], [101.611744, 3.06771]]]}}, {"type": "Feature", "properties": {}, "geometry": {"type": "Polygon", "coordinates": [[[101.611683, 3.06771], [101.611622, 3.067711], [101.611481, 3.067739], [101.611483, 3.0679], [101.611544, 3.0679], [101.611684, 3.067871], [101.611683, 3.06771]]]}}, {"type": "Feature", "properties": {}, "geometry": {"type": "Polygon", "coordinates": [[[101.611622, 3.067711], [101.61156, 3.067711], [101.61142, 3.067739], [101.611421, 3.067901], [101.611483, 3.0679], [101.611623, 3.067872], [101.611622, 3.067711]]]}}, {"type": "Feature", "properties": {}, "geometry": {"type": "Polygon", "coordinates": [[[101.61156, 3.067711], [101.611499, 3.067711], [101.611359, 3.06774], [101.61136, 3.067901], [101.611421, 3.067901], [101.611562, 3.067872], [101.61156, 3.067711]]]}}, {"type": "Feature", "properties": {}, "geometry": {"type": "Polygon", "coordinates": [[[101.611499, 3.067711], [101.611438, 3.067712], [101.611298, 3.06774], [101.611299, 3.067902], [101.61136, 3.067901], [101.6115, 3.067873], [101.611499, 3.067711]]]}}, {"type": "Feature", "properties": {}, "geometry": {"type": "Polygon", "coordinates": [[[101.611438, 3.067712], [101.611377, 3.067712], [101.611237, 3.067741], [101.611238, 3.067902], [101.611299, 3.067902], [101.611439, 3.067873], [101.611438, 3.067712]]]}}, {"type": "Feature", "properties": {}, "geometry": {"type": "Polygon", "coordinates": [[[101.611377, 3.067712], [101.611315, 3.067713], [101.611175, 3.067741], [101.611176, 3.067903], [101.611238, 3.067902], [101.611378, 3.067874], [101.611377, 3.067712]]]}}, {"type": "Feature", "properties": {}, "geometry": {"type": "Polygon", "coordinates": [[[101.611315, 3.067713], [101.611254, 3.067713], [101.611114, 3.067742], [101.611115, 3.067903], [101.611176, 3.067903], [101.611317, 3.067874], [101.611315, 3.067713]]]}}, {"type": "Feature", "properties": {}, "geometry": {"type": "Polygon", "coordinates": [[[101.611256, 3.067547], [101.611182, 3.067547], [101.611042, 3.067576], [101.611043, 3.067715], [101.611117, 3.067714], [101.611257, 3.067686], [101.611256, 3.067547]]]}}, {"type": "Feature", "properties": {}, "geometry": {"type": "Polygon", "coordinates": [[[101.611317, 3.067546], [101.611256, 3.067547], [101.611116, 3.067575], [101.611117, 3.067714], [101.611178, 3.067713], [101.611318, 3.067685], [101.611317, 3.067546]]]}}, {"type": "Feature", "properties": {}, "geometry": {"type": "Polygon", "coordinates": [[[101.611377, 3.067545], [101.611317, 3.067546], [101.611177, 3.067574], [101.611178, 3.067713], [101.611239, 3.067713], [101.611379, 3.067685], [101.611377, 3.067545]]]}}, {"type": "Feature", "properties": {}, "geometry": {"type": "Polygon", "coordinates": [[[101.611438, 3.067545], [101.611377, 3.067545], [101.611237, 3.067574], [101.611239, 3.067713], [101.611299, 3.067712], [101.611439, 3.067684], [101.611438, 3.067545]]]}}, {"type": "Feature", "properties": {}, "geometry": {"type": "Polygon", "coordinates": [[[101.611499, 3.067544], [101.611438, 3.067545], [101.611298, 3.067573], [101.611299, 3.067712], [101.61136, 3.067712], [101.6115, 3.067683], [101.611499, 3.067544]]]}}, {"type": "Feature", "properties": {}, "geometry": {"type": "Polygon", "coordinates": [[[101.611559, 3.067544], [101.611499, 3.067544], [101.611359, 3.067573], [101.61136, 3.067712], [101.611421, 3.067711], [101.611561, 3.067683], [101.611559, 3.067544]]]}}, {"type": "Feature", "properties": {}, "geometry": {"type": "Polygon", "coordinates": [[[101.61162, 3.067543], [101.611559, 3.067544], [101.611419, 3.067572], [101.611421, 3.067711], [101.611481, 3.067711], [101.611621, 3.067682], [101.61162, 3.067543]]]}}, {"type": "Feature", "properties": {}, "geometry": {"type": "Polygon", "coordinates": [[[101.611681, 3.067543], [101.61162, 3.067543], [101.61148, 3.067572], [101.611481, 3.067711], [101.611542, 3.06771], [101.611682, 3.067682], [101.611681, 3.067543]]]}}, {"type": "Feature", "properties": {}, "geometry": {"type": "Polygon", "coordinates": [[[101.611742, 3.067542], [101.611681, 3.067543], [101.611541, 3.067571], [101.611542, 3.06771], [101.611603, 3.067709], [101.611743, 3.067681], [101.611742, 3.067542]]]}}, {"type": "Feature", "properties": {}, "geometry": {"type": "Polygon", "coordinates": [[[101.611802, 3.067541], [101.611742, 3.067542], [101.611601, 3.06757], [101.611603, 3.067709], [101.611663, 3.067709], [101.611804, 3.067681], [101.611802, 3.067541]]]}}, {"type": "Feature", "properties": {}, "geometry": {"type": "Polygon", "coordinates": [[[101.611863, 3.067541], [101.611802, 3.067541], [101.611662, 3.06757], [101.611663, 3.067709], [101.611724, 3.067708], [101.611864, 3.06768], [101.611863, 3.067541]]]}}, {"type": "Feature", "properties": {}, "geometry": {"type": "Polygon", "coordinates": [[[101.611923, 3.067175], [101.611862, 3.067175], [101.611722, 3.067204], [101.611723, 3.067345], [101.611783, 3.067345], [101.611924, 3.067316], [101.611923, 3.067175]]]}}, {"type": "Feature", "properties": {}, "geometry": {"type": "Polygon", "coordinates": [[[101.611862, 3.067175], [101.611802, 3.067176], [101.611661, 3.067204], [101.611662, 3.067345], [101.611723, 3.067345], [101.611863, 3.067317], [101.611862, 3.067175]]]}}, {"type": "Feature", "properties": {}, "geometry": {"type": "Polygon", "coordinates": [[[101.611802, 3.067176], [101.611741, 3.067176], [101.611601, 3.067204], [101.611602, 3.067346], [101.611662, 3.067345], [101.611802, 3.067317], [101.611802, 3.067176]]]}}, {"type": "Feature", "properties": {}, "geometry": {"type": "Polygon", "coordinates": [[[101.611741, 3.067176], [101.61168, 3.067176], [101.61154, 3.067205], [101.611541, 3.067346], [101.611602, 3.067346], [101.611742, 3.067317], [101.611741, 3.067176]]]}}, {"type": "Feature", "properties": {}, "geometry": {"type": "Polygon", "coordinates": [[[101.61168, 3.067176], [101.61162, 3.067177], [101.61148, 3.067205], [101.61148, 3.067346], [101.611541, 3.067346], [101.611681, 3.067318], [101.61168, 3.067176]]]}}, {"type": "Feature", "properties": {}, "geometry": {"type": "Polygon", "coordinates": [[[101.61162, 3.067177], [101.611559, 3.067177], [101.611419, 3.067206], [101.61142, 3.067347], [101.61148, 3.067346], [101.611621, 3.067318], [101.61162, 3.067177]]]}}, {"type": "Feature", "properties": {}, "geometry": {"type": "Polygon", "coordinates": [[[101.611559, 3.067177], [101.611499, 3.067178], [101.611359, 3.067206], [101.611359, 3.067347], [101.61142, 3.067347], [101.61156, 3.067318], [101.611559, 3.067177]]]}}, {"type": "Feature", "properties": {}, "geometry": {"type": "Polygon", "coordinates": [[[101.611499, 3.067178], [101.611438, 3.067178], [101.611298, 3.067206], [101.611299, 3.067347], [101.611359, 3.067347], [101.611499, 3.067319], [101.611499, 3.067178]]]}}, {"type": "Feature", "properties": {}, "geometry": {"type": "Polygon", "coordinates": [[[101.611438, 3.067178], [101.611378, 3.067178], [101.611237, 3.067207], [101.611238, 3.067348], [101.611299, 3.067347], [101.611439, 3.067319], [101.611438, 3.067178]]]}}, {"type": "Feature", "properties": {}, "geometry": {"type": "Polygon", "coordinates": [[[101.611378, 3.067178], [101.611317, 3.067179], [101.611177, 3.067207], [101.611178, 3.067348], [101.611238, 3.067348], [101.611378, 3.067319], [101.611378, 3.067178]]]}}, {"type": "Feature", "properties": {}, "geometry": {"type": "Polygon", "coordinates": [[[101.611317, 3.067179], [101.611256, 3.067179], [101.611116, 3.067207], [101.611117, 3.067349], [101.611178, 3.067348], [101.611318, 3.06732], [101.611317, 3.067179]]]}}, {"type": "Feature", "properties": {}, "geometry": {"type": "Polygon", "coordinates": [[[101.611922, 3.066996], [101.611861, 3.066996], [101.611721, 3.067024], [101.611722, 3.06716], [101.611783, 3.067159], [101.611924, 3.067131], [101.611922, 3.066996]]]}}, {"type": "Feature", "properties": {}, "geometry": {"type": "Polygon", "coordinates": [[[101.611861, 3.066996], [101.6118, 3.066997], [101.61166, 3.067025], [101.611661, 3.06716], [101.611722, 3.06716], [101.611862, 3.067131], [101.611861, 3.066996]]]}}, {"type": "Feature", "properties": {}, "geometry": {"type": "Polygon", "coordinates": [[[101.6118, 3.066997], [101.611738, 3.066997], [101.611598, 3.067026], [101.611599, 3.067161], [101.611661, 3.06716], [101.611801, 3.067132], [101.6118, 3.066997]]]}}, {"type": "Feature", "properties": {}, "geometry": {"type": "Polygon", "coordinates": [[[101.611738, 3.066997], [101.611677, 3.066998], [101.611537, 3.067026], [101.611538, 3.067161], [101.611599, 3.067161], [101.61174, 3.067132], [101.611738, 3.066997]]]}}, {"type": "Feature", "properties": {}, "geometry": {"type": "Polygon", "coordinates": [[[101.611677, 3.066998], [101.611616, 3.066998], [101.611475, 3.067027], [101.611477, 3.067162], [101.611538, 3.067161], [101.611678, 3.067133], [101.611677, 3.066998]]]}}, {"type": "Feature", "properties": {}, "geometry": {"type": "Polygon", "coordinates": [[[101.611616, 3.066998], [101.611554, 3.066999], [101.611414, 3.067027], [101.611415, 3.067162], [101.611477, 3.067162], [101.611617, 3.067134], [101.611616, 3.066998]]]}}, {"type": "Feature", "properties": {}, "geometry": {"type": "Polygon", "coordinates": [[[101.611554, 3.066999], [101.611493, 3.066999], [101.611353, 3.067028], [101.611354, 3.067163], [101.611415, 3.067162], [101.611556, 3.067134], [101.611554, 3.066999]]]}}, {"type": "Feature", "properties": {}, "geometry": {"type": "Polygon", "coordinates": [[[101.611493, 3.066999], [101.611432, 3.067], [101.611291, 3.067028], [101.611293, 3.067164], [101.611354, 3.067163], [101.611494, 3.067135], [101.611493, 3.066999]]]}}, {"type": "Feature", "properties": {}, "geometry": {"type": "Polygon", "coordinates": [[[101.611432, 3.067], [101.61137, 3.067001], [101.61123, 3.067029], [101.611232, 3.067164], [101.611293, 3.067164], [101.611433, 3.067135], [101.611432, 3.067]]]}}, {"type": "Feature", "properties": {}, "geometry": {"type": "Polygon", "coordinates": [[[101.61137, 3.067001], [101.611309, 3.067001], [101.611169, 3.067029], [101.61117, 3.067165], [101.611232, 3.067164], [101.611372, 3.067136], [101.61137, 3.067001]]]}}, {"type": "Feature", "properties": {}, "geometry": {"type": "Polygon", "coordinates": [[[101.611309, 3.067001], [101.611248, 3.067002], [101.611108, 3.06703], [101.611109, 3.067165], [101.61117, 3.067165], [101.61131, 3.067136], [101.611309, 3.067001]]]}}, {"type": "Feature", "properties": {}, "geometry": {"type": "Polygon", "coordinates": [[[101.612711, 3.067167], [101.61265, 3.067167], [101.61251, 3.067195], [101.612511, 3.067347], [101.612572, 3.067347], [101.612712, 3.067319], [101.612711, 3.067167]]]}}, {"type": "Feature", "properties": {}, "geometry": {"type": "Polygon", "coordinates": [[[101.61265, 3.067167], [101.612589, 3.067167], [101.612449, 3.067196], [101.612449, 3.067348], [101.612511, 3.067347], [101.612651, 3.067319], [101.61265, 3.067167]]]}}, {"type": "Feature", "properties": {}, "geometry": {"type": "Polygon", "coordinates": [[[101.612589, 3.067167], [101.612527, 3.067168], [101.612387, 3.067196], [101.612388, 3.067348], [101.612449, 3.067348], [101.61259, 3.067319], [101.612589, 3.067167]]]}}, {"type": "Feature", "properties": {}, "geometry": {"type": "Polygon", "coordinates": [[[101.612527, 3.067168], [101.612466, 3.067168], [101.612326, 3.067196], [101.612327, 3.067348], [101.612388, 3.067348], [101.612528, 3.06732], [101.612527, 3.067168]]]}}, {"type": "Feature", "properties": {}, "geometry": {"type": "Polygon", "coordinates": [[[101.612466, 3.067168], [101.612405, 3.067168], [101.612265, 3.067197], [101.612266, 3.067349], [101.612327, 3.067348], [101.612467, 3.06732], [101.612466, 3.067168]]]}}, {"type": "Feature", "properties": {}, "geometry": {"type": "Polygon", "coordinates": [[[101.612405, 3.067168], [101.612344, 3.067169], [101.612204, 3.067197], [101.612204, 3.067349], [101.612266, 3.067349], [101.612406, 3.06732], [101.612405, 3.067168]]]}}, {"type": "Feature", "properties": {}, "geometry": {"type": "Polygon", "coordinates": [[[101.612344, 3.067169], [101.612282, 3.067169], [101.612142, 3.067197], [101.612143, 3.067349], [101.612204, 3.067349], [101.612345, 3.067321], [101.612344, 3.067169]]]}}, {"type": "Feature", "properties": {}, "geometry": {"type": "Polygon", "coordinates": [[[101.612282, 3.067169], [101.612221, 3.067169], [101.612081, 3.067198], [101.612082, 3.06735], [101.612143, 3.067349], [101.612283, 3.067321], [101.612282, 3.067169]]]}}, {"type": "Feature", "properties": {}, "geometry": {"type": "Polygon", "coordinates": [[[101.612221, 3.067169], [101.61216, 3.06717], [101.61202, 3.067198], [101.612021, 3.06735], [101.612082, 3.06735], [101.612222, 3.067321], [101.612221, 3.067169]]]}}, {"type": "Feature", "properties": {}, "geometry": {"type": "Polygon", "coordinates": [[[101.61216, 3.06717], [101.612099, 3.06717], [101.611959, 3.067198], [101.611959, 3.06735], [101.612021, 3.06735], [101.612161, 3.067322], [101.61216, 3.06717]]]}}, {"type": "Feature", "properties": {}, "geometry": {"type": "Polygon", "coordinates": [[[101.612099, 3.06717], [101.612038, 3.06717], [101.611897, 3.067199], [101.611898, 3.067351], [101.611959, 3.06735], [101.6121, 3.067322], [101.612099, 3.06717]]]}}, {"type": "Feature", "properties": {}, "geometry": {"type": "Polygon", "coordinates": [[[101.612711, 3.066986], [101.61265, 3.066987], [101.61251, 3.067015], [101.612511, 3.067157], [101.612572, 3.067157], [101.612712, 3.067128], [101.612711, 3.066986]]]}}, {"type": "Feature", "properties": {}, "geometry": {"type": "Polygon", "coordinates": [[[101.61265, 3.066987], [101.612589, 3.066987], [101.612449, 3.067016], [101.61245, 3.067158], [101.612511, 3.067157], [101.612651, 3.067129], [101.61265, 3.066987]]]}}, {"type": "Feature", "properties": {}, "geometry": {"type": "Polygon", "coordinates": [[[101.612589, 3.066987], [101.612528, 3.066988], [101.612388, 3.067016], [101.612389, 3.067159], [101.61245, 3.067158], [101.61259, 3.06713], [101.612589, 3.066987]]]}}, {"type": "Feature", "properties": {}, "geometry": {"type": "Polygon", "coordinates": [[[101.612528, 3.066988], [101.612467, 3.066988], [101.612327, 3.067017], [101.612328, 3.067159], [101.612389, 3.067159], [101.612529, 3.06713], [101.612528, 3.066988]]]}}, {"type": "Feature", "properties": {}, "geometry": {"type": "Polygon", "coordinates": [[[101.612467, 3.066988], [101.612406, 3.066989], [101.612266, 3.067017], [101.612267, 3.06716], [101.612328, 3.067159], [101.612468, 3.067131], [101.612467, 3.066988]]]}}, {"type": "Feature", "properties": {}, "geometry": {"type": "Polygon", "coordinates": [[[101.612406, 3.066989], [101.612345, 3.06699], [101.612205, 3.067018], [101.612206, 3.06716], [101.612267, 3.06716], [101.612407, 3.067131], [101.612406, 3.066989]]]}}, {"type": "Feature", "properties": {}, "geometry": {"type": "Polygon", "coordinates": [[[101.612345, 3.06699], [101.612284, 3.06699], [101.612144, 3.067018], [101.612145, 3.067161], [101.612206, 3.06716], [101.612346, 3.067132], [101.612345, 3.06699]]]}}, {"type": "Feature", "properties": {}, "geometry": {"type": "Polygon", "coordinates": [[[101.612284, 3.06699], [101.612223, 3.066991], [101.612083, 3.067019], [101.612084, 3.067161], [101.612145, 3.067161], [101.612285, 3.067132], [101.612284, 3.06699]]]}}, {"type": "Feature", "properties": {}, "geometry": {"type": "Polygon", "coordinates": [[[101.612223, 3.066991], [101.612162, 3.066991], [101.612022, 3.067019], [101.612023, 3.067162], [101.612084, 3.067161], [101.612224, 3.067133], [101.612223, 3.066991]]]}}, {"type": "Feature", "properties": {}, "geometry": {"type": "Polygon", "coordinates": [[[101.612162, 3.066991], [101.612101, 3.066992], [101.611961, 3.06702], [101.611962, 3.067162], [101.612023, 3.067162], [101.612163, 3.067134], [101.612162, 3.066991]]]}}, {"type": "Feature", "properties": {}, "geometry": {"type": "Polygon", "coordinates": [[[101.612101, 3.066992], [101.61204, 3.066992], [101.6119, 3.067021], [101.611901, 3.067163], [101.611962, 3.067162], [101.612102, 3.067134], [101.612101, 3.066992]]]}}, {"type": "Feature", "properties": {}, "geometry": {"type": "Polygon", "coordinates": [[[101.613509, 3.067172], [101.613447, 3.067172], [101.613307, 3.067201], [101.613308, 3.067339], [101.61337, 3.067339], [101.61351, 3.067311], [101.613509, 3.067172]]]}}, {"type": "Feature", "properties": {}, "geometry": {"type": "Polygon", "coordinates": [[[101.613447, 3.067172], [101.613386, 3.067173], [101.613245, 3.067201], [101.613246, 3.06734], [101.613308, 3.067339], [101.613448, 3.067311], [101.613447, 3.067172]]]}}, {"type": "Feature", "properties": {}, "geometry": {"type": "Polygon", "coordinates": [[[101.613386, 3.067173], [101.613324, 3.067173], [101.613184, 3.067201], [101.613184, 3.06734], [101.613246, 3.06734], [101.613386, 3.067311], [101.613386, 3.067173]]]}}, {"type": "Feature", "properties": {}, "geometry": {"type": "Polygon", "coordinates": [[[101.613324, 3.067173], [101.613262, 3.067174], [101.613122, 3.067202], [101.613123, 3.06734], [101.613184, 3.06734], [101.613325, 3.067312], [101.613324, 3.067173]]]}}, {"type": "Feature", "properties": {}, "geometry": {"type": "Polygon", "coordinates": [[[101.613262, 3.067174], [101.6132, 3.067174], [101.61306, 3.067202], [101.613061, 3.067341], [101.613123, 3.06734], [101.613263, 3.067312], [101.613262, 3.067174]]]}}, {"type": "Feature", "properties": {}, "geometry": {"type": "Polygon", "coordinates": [[[101.6132, 3.067174], [101.613138, 3.067174], [101.612998, 3.067203], [101.612999, 3.067341], [101.613061, 3.067341], [101.613201, 3.067312], [101.6132, 3.067174]]]}}, {"type": "Feature", "properties": {}, "geometry": {"type": "Polygon", "coordinates": [[[101.613138, 3.067174], [101.613077, 3.067175], [101.612936, 3.067203], [101.612937, 3.067341], [101.612999, 3.067341], [101.613139, 3.067313], [101.613138, 3.067174]]]}}, {"type": "Feature", "properties": {}, "geometry": {"type": "Polygon", "coordinates": [[[101.613077, 3.067175], [101.613015, 3.067175], [101.612875, 3.067203], [101.612875, 3.067342], [101.612937, 3.067341], [101.613077, 3.067313], [101.613077, 3.067175]]]}}, {"type": "Feature", "properties": {}, "geometry": {"type": "Polygon", "coordinates": [[[101.613015, 3.067175], [101.612953, 3.067175], [101.612813, 3.067204], [101.612814, 3.067342], [101.612875, 3.067342], [101.613016, 3.067313], [101.613015, 3.067175]]]}}, {"type": "Feature", "properties": {}, "geometry": {"type": "Polygon", "coordinates": [[[101.612953, 3.067175], [101.612891, 3.067176], [101.612751, 3.067204], [101.612752, 3.067342], [101.612814, 3.067342], [101.612954, 3.067314], [101.612953, 3.067175]]]}}, {"type": "Feature", "properties": {}, "geometry": {"type": "Polygon", "coordinates": [[[101.612891, 3.067176], [101.612829, 3.067176], [101.612689, 3.067204], [101.61269, 3.067343], [101.612752, 3.067342], [101.612892, 3.067314], [101.612891, 3.067176]]]}}, {"type": "Feature", "properties": {}, "geometry": {"type": "Polygon", "coordinates": [[[101.613505, 3.066983], [101.613444, 3.066984], [101.613304, 3.067012], [101.613305, 3.067155], [101.613366, 3.067155], [101.613506, 3.067126], [101.613505, 3.066983]]]}}, {"type": "Feature", "properties": {}, "geometry": {"type": "Polygon", "coordinates": [[[101.613444, 3.066984], [101.613382, 3.066984], [101.613242, 3.067013], [101.613244, 3.067156], [101.613305, 3.067155], [101.613445, 3.067127], [101.613444, 3.066984]]]}}, {"type": "Feature", "properties": {}, "geometry": {"type": "Polygon", "coordinates": [[[101.613382, 3.066984], [101.613321, 3.066985], [101.613181, 3.067013], [101.613182, 3.067156], [101.613244, 3.067156], [101.613384, 3.067127], [101.613382, 3.066984]]]}}, {"type": "Feature", "properties": {}, "geometry": {"type": "Polygon", "coordinates": [[[101.613321, 3.066985], [101.61326, 3.066985], [101.61312, 3.067014], [101.613121, 3.067157], [101.613182, 3.067156], [101.613322, 3.067128], [101.613321, 3.066985]]]}}, {"type": "Feature", "properties": {}, "geometry": {"type": "Polygon", "coordinates": [[[101.61326, 3.066985], [101.613199, 3.066986], [101.613058, 3.067014], [101.61306, 3.067157], [101.613121, 3.067157], [101.613261, 3.067129], [101.61326, 3.066985]]]}}, {"type": "Feature", "properties": {}, "geometry": {"type": "Polygon", "coordinates": [[[101.613199, 3.066986], [101.613137, 3.066986], [101.612997, 3.067015], [101.612999, 3.067158], [101.61306, 3.067157], [101.6132, 3.067129], [101.613199, 3.066986]]]}}, {"type": "Feature", "properties": {}, "geometry": {"type": "Polygon", "coordinates": [[[101.613137, 3.066986], [101.613076, 3.066987], [101.612936, 3.067015], [101.612937, 3.067159], [101.612999, 3.067158], [101.613139, 3.06713], [101.613137, 3.066986]]]}}, {"type": "Feature", "properties": {}, "geometry": {"type": "Polygon", "coordinates": [[[101.613076, 3.066987], [101.613015, 3.066988], [101.612875, 3.067016], [101.612876, 3.067159], [101.612937, 3.067159], [101.613078, 3.06713], [101.613076, 3.066987]]]}}, {"type": "Feature", "properties": {}, "geometry": {"type": "Polygon", "coordinates": [[[101.613015, 3.066988], [101.612954, 3.066988], [101.612814, 3.067016], [101.612815, 3.06716], [101.612876, 3.067159], [101.613016, 3.067131], [101.613015, 3.066988]]]}}, {"type": "Feature", "properties": {}, "geometry": {"type": "Polygon", "coordinates": [[[101.612954, 3.066988], [101.612892, 3.066989], [101.612752, 3.067017], [101.612754, 3.06716], [101.612815, 3.06716], [101.612955, 3.067131], [101.612954, 3.066988]]]}}, {"type": "Feature", "properties": {}, "geometry": {"type": "Polygon", "coordinates": [[[101.612892, 3.066989], [101.612831, 3.066989], [101.612691, 3.067018], [101.612692, 3.067161], [101.612754, 3.06716], [101.612894, 3.067132], [101.612892, 3.066989]]]}}, {"type": "Feature", "properties": {}, "geometry": {"type": "Polygon", "coordinates": [[[101.613654, 3.066572], [101.612954, 3.066714], [101.612954, 3.066775], [101.613162, 3.066775], [101.613862, 3.066634], [101.613862, 3.066572], [101.613654, 3.066572]]]}}, {"type": "Feature", "properties": {}, "geometry": {"type": "Polygon", "coordinates": [[[101.613654, 3.066511], [101.612954, 3.066652], [101.612954, 3.066714], [101.613162, 3.066714], [101.613862, 3.066572], [101.613862, 3.066511], [101.613654, 3.066511]]]}}, {"type": "Feature", "properties": {}, "geometry": {"type": "Polygon", "coordinates": [[[101.613654, 3.066449], [101.612954, 3.066591], [101.612954, 3.066652], [101.613162, 3.066652], [101.613862, 3.066511], [101.613862, 3.066449], [101.613654, 3.066449]]]}}, {"type": "Feature", "properties": {}, "geometry": {"type": "Polygon", "coordinates": [[[101.613654, 3.066388], [101.612954, 3.066529], [101.612954, 3.066591], [101.613162, 3.066591], [101.613862, 3.066449], [101.613862, 3.066388], [101.613654, 3.066388]]]}}, {"type": "Feature", "properties": {}, "geometry": {"type": "Polygon", "coordinates": [[[101.613654, 3.066326], [101.612954, 3.066468], [101.612954, 3.066529], [101.613162, 3.066529], [101.613862, 3.066388], [101.613862, 3.066326], [101.613654, 3.066326]]]}}, {"type": "Feature", "properties": {}, "geometry": {"type": "Polygon", "coordinates": [[[101.613654, 3.066265], [101.612954, 3.066406], [101.612954, 3.066468], [101.613162, 3.066468], [101.613862, 3.066326], [101.613862, 3.066265], [101.613654, 3.066265]]]}}, {"type": "Feature", "properties": {}, "geometry": {"type": "Polygon", "coordinates": [[[101.613654, 3.066203], [101.612954, 3.066345], [101.612954, 3.066406], [101.613162, 3.066406], [101.613862, 3.066265], [101.613862, 3.066203], [101.613654, 3.066203]]]}}, {"type": "Feature", "properties": {}, "geometry": {"type": "Polygon", "coordinates": [[[101.613654, 3.066142], [101.612954, 3.066283], [101.612954, 3.066345], [101.613162, 3.066345], [101.613862, 3.066203], [101.613862, 3.066142], [101.613654, 3.066142]]]}}, {"type": "Feature", "properties": {}, "geometry": {"type": "Polygon", "coordinates": [[[101.613654, 3.06608], [101.612954, 3.066222], [101.612954, 3.066283], [101.613162, 3.066283], [101.613862, 3.066142], [101.613862, 3.06608], [101.613654, 3.06608]]]}}, {"type": "Feature", "properties": {}, "geometry": {"type": "Polygon", "coordinates": [[[101.613909, 3.066568], [101.613209, 3.06671], [101.613209, 3.066771], [101.613415, 3.066771], [101.614116, 3.06663], [101.614116, 3.066568], [101.613909, 3.066568]]]}}, {"type": "Feature", "properties": {}, "geometry": {"type": "Polygon", "coordinates": [[[101.613909, 3.066507], [101.613209, 3.066649], [101.613209, 3.06671], [101.613415, 3.06671], [101.614116, 3.066568], [101.614116, 3.066507], [101.613909, 3.066507]]]}}, {"type": "Feature", "properties": {}, "geometry": {"type": "Polygon", "coordinates": [[[101.613909, 3.066446], [101.613209, 3.066588], [101.613209, 3.066649], [101.613415, 3.066649], [101.614116, 3.066507], [101.614116, 3.066446], [101.613909, 3.066446]]]}}, {"type": "Feature", "properties": {}, "geometry": {"type": "Polygon", "coordinates": [[[101.613909, 3.066385], [101.613209, 3.066526], [101.613209, 3.066588], [101.613415, 3.066588], [101.614116, 3.066446], [101.614116, 3.066385], [101.613909, 3.066385]]]}}, {"type": "Feature", "properties": {}, "geometry": {"type": "Polygon", "coordinates": [[[101.613909, 3.066323], [101.613209, 3.066465], [101.613209, 3.066526], [101.613415, 3.066526], [101.614116, 3.066385], [101.614116, 3.066323], [101.613909, 3.066323]]]}}, {"type": "Feature", "properties": {}, "geometry": {"type": "Polygon", "coordinates": [[[101.613909, 3.066262], [101.613209, 3.066404], [101.613209, 3.066465], [101.613415, 3.066465], [101.614116, 3.066323], [101.614116, 3.066262], [101.613909, 3.066262]]]}}, {"type": "Feature", "properties": {}, "geometry": {"type": "Polygon", "coordinates": [[[101.613909, 3.066201], [101.613209, 3.066343], [101.613209, 3.066404], [101.613415, 3.066404], [101.614116, 3.066262], [101.614116, 3.066201], [101.613909, 3.066201]]]}}, {"type": "Feature", "properties": {}, "geometry": {"type": "Polygon", "coordinates": [[[101.613909, 3.06614], [101.613209, 3.066282], [101.613209, 3.066343], [101.613415, 3.066343], [101.614116, 3.066201], [101.614116, 3.06614], [101.613909, 3.06614]]]}}, {"type": "Feature", "properties": {}, "geometry": {"type": "Polygon", "coordinates": [[[101.613909, 3.066079], [101.613209, 3.06622], [101.613209, 3.066282], [101.613415, 3.066282], [101.614116, 3.06614], [101.614116, 3.066079], [101.613909, 3.066079]]]}}, {"type": "Feature", "properties": {}, "geometry": {"type": "Polygon", "coordinates": [[[101.611917, 3.066577], [101.611856, 3.066578], [101.611716, 3.066606], [101.611718, 3.066766], [101.611778, 3.066766], [101.611919, 3.066737], [101.611917, 3.066577]]]}}, {"type": "Feature", "properties": {}, "geometry": {"type": "Polygon", "coordinates": [[[101.611856, 3.066578], [101.611796, 3.066579], [101.611655, 3.066607], [101.611657, 3.066767], [101.611718, 3.066766], [101.611858, 3.066738], [101.611856, 3.066578]]]}}, {"type": "Feature", "properties": {}, "geometry": {"type": "Polygon", "coordinates": [[[101.611796, 3.066579], [101.611735, 3.066579], [101.611595, 3.066607], [101.611596, 3.066767], [101.611657, 3.066767], [101.611797, 3.066738], [101.611796, 3.066579]]]}}, {"type": "Feature", "properties": {}, "geometry": {"type": "Polygon", "coordinates": [[[101.611735, 3.066579], [101.611674, 3.06658], [101.611534, 3.066608], [101.611536, 3.066768], [101.611596, 3.066767], [101.611736, 3.066739], [101.611735, 3.066579]]]}}, {"type": "Feature", "properties": {}, "geometry": {"type": "Polygon", "coordinates": [[[101.611674, 3.06658], [101.611613, 3.06658], [101.611473, 3.066609], [101.611475, 3.066768], [101.611536, 3.066768], [101.611676, 3.066739], [101.611674, 3.06658]]]}}, {"type": "Feature", "properties": {}, "geometry": {"type": "Polygon", "coordinates": [[[101.611613, 3.06658], [101.611553, 3.066581], [101.611413, 3.066609], [101.611414, 3.066769], [101.611475, 3.066768], [101.611615, 3.06674], [101.611613, 3.06658]]]}}, {"type": "Feature", "properties": {}, "geometry": {"type": "Polygon", "coordinates": [[[101.611553, 3.066581], [101.611492, 3.066581], [101.611352, 3.06661], [101.611353, 3.066769], [101.611414, 3.066769], [101.611554, 3.066741], [101.611553, 3.066581]]]}}, {"type": "Feature", "properties": {}, "geometry": {"type": "Polygon", "coordinates": [[[101.611492, 3.066581], [101.611431, 3.066582], [101.611291, 3.06661], [101.611293, 3.06677], [101.611353, 3.066769], [101.611494, 3.066741], [101.611492, 3.066581]]]}}, {"type": "Feature", "properties": {}, "geometry": {"type": "Polygon", "coordinates": [[[101.611431, 3.066582], [101.611371, 3.066582], [101.611231, 3.066611], [101.611232, 3.066771], [101.611293, 3.06677], [101.611433, 3.066742], [101.611431, 3.066582]]]}}, {"type": "Feature", "properties": {}, "geometry": {"type": "Polygon", "coordinates": [[[101.611371, 3.066582], [101.61131, 3.066583], [101.61117, 3.066611], [101.611171, 3.066771], [101.611232, 3.066771], [101.611372, 3.066742], [101.611371, 3.066582]]]}}, {"type": "Feature", "properties": {}, "geometry": {"type": "Polygon", "coordinates": [[[101.61131, 3.066583], [101.611249, 3.066584], [101.611109, 3.066612], [101.61111, 3.066772], [101.611171, 3.066771], [101.611311, 3.066743], [101.61131, 3.066583]]]}}, {"type": "Feature", "properties": {}, "geometry": {"type": "Polygon", "coordinates": [[[101.611918, 3.066409], [101.611857, 3.066409], [101.611717, 3.066438], [101.611718, 3.06659], [101.611779, 3.066589], [101.611919, 3.066561], [101.611918, 3.066409]]]}}, {"type": "Feature", "properties": {}, "geometry": {"type": "Polygon", "coordinates": [[[101.611857, 3.066409], [101.611796, 3.06641], [101.611656, 3.066438], [101.611658, 3.06659], [101.611718, 3.06659], [101.611859, 3.066561], [101.611857, 3.066409]]]}}, {"type": "Feature", "properties": {}, "geometry": {"type": "Polygon", "coordinates": [[[101.611796, 3.06641], [101.611736, 3.06641], [101.611596, 3.066439], [101.611597, 3.066591], [101.611658, 3.06659], [101.611798, 3.066562], [101.611796, 3.06641]]]}}, {"type": "Feature", "properties": {}, "geometry": {"type": "Polygon", "coordinates": [[[101.611736, 3.06641], [101.611675, 3.066411], [101.611535, 3.066439], [101.611536, 3.066591], [101.611597, 3.066591], [101.611737, 3.066562], [101.611736, 3.06641]]]}}, {"type": "Feature", "properties": {}, "geometry": {"type": "Polygon", "coordinates": [[[101.611675, 3.066411], [101.611614, 3.066411], [101.611474, 3.06644], [101.611475, 3.066592], [101.611536, 3.066591], [101.611676, 3.066563], [101.611675, 3.066411]]]}}, {"type": "Feature", "properties": {}, "geometry": {"type": "Polygon", "coordinates": [[[101.611614, 3.066411], [101.611553, 3.066412], [101.611413, 3.06644], [101.611415, 3.066592], [101.611475, 3.066592], [101.611616, 3.066563], [101.611614, 3.066411]]]}}, {"type": "Feature", "properties": {}, "geometry": {"type": "Polygon", "coordinates": [[[101.611553, 3.066412], [101.611493, 3.066413], [101.611352, 3.066441], [101.611354, 3.066593], [101.611415, 3.066592], [101.611555, 3.066564], [101.611553, 3.066412]]]}}, {"type": "Feature", "properties": {}, "geometry": {"type": "Polygon", "coordinates": [[[101.611493, 3.066413], [101.611432, 3.066413], [101.611292, 3.066441], [101.611293, 3.066593], [101.611354, 3.066593], [101.611494, 3.066564], [101.611493, 3.066413]]]}}, {"type": "Feature", "properties": {}, "geometry": {"type": "Polygon", "coordinates": [[[101.611432, 3.066413], [101.611371, 3.066414], [101.611231, 3.066442], [101.611232, 3.066594], [101.611293, 3.066593], [101.611433, 3.066565], [101.611432, 3.066413]]]}}, {"type": "Feature", "properties": {}, "geometry": {"type": "Polygon", "coordinates": [[[101.611371, 3.066414], [101.61131, 3.066414], [101.61117, 3.066442], [101.611171, 3.066594], [101.611232, 3.066594], [101.611372, 3.066566], [101.611371, 3.066414]]]}}, {"type": "Feature", "properties": {}, "geometry": {"type": "Polygon", "coordinates": [[[101.61131, 3.066414], [101.611249, 3.066415], [101.611109, 3.066443], [101.611111, 3.066595], [101.611171, 3.066594], [101.611312, 3.066566], [101.61131, 3.066414]]]}}, {"type": "Feature", "properties": {}, "geometry": {"type": "Polygon", "coordinates": [[[101.612338, 3.066572], [101.612277, 3.066572], [101.612137, 3.066601], [101.612138, 3.066758], [101.612199, 3.066758], [101.612339, 3.066729], [101.612338, 3.066572]]]}}, {"type": "Feature", "properties": {}, "geometry": {"type": "Polygon", "coordinates": [[[101.612277, 3.066572], [101.612216, 3.066573], [101.612076, 3.066601], [101.612077, 3.066759], [101.612138, 3.066758], [101.612278, 3.06673], [101.612277, 3.066572]]]}}, {"type": "Feature", "properties": {}, "geometry": {"type": "Polygon", "coordinates": [[[101.612216, 3.066573], [101.612155, 3.066574], [101.612015, 3.066602], [101.612016, 3.066759], [101.612077, 3.066759], [101.612217, 3.06673], [101.612216, 3.066573]]]}}, {"type": "Feature", "properties": {}, "geometry": {"type": "Polygon", "coordinates": [[[101.612155, 3.066574], [101.612094, 3.066574], [101.611954, 3.066602], [101.611955, 3.06676], [101.612016, 3.066759], [101.612156, 3.066731], [101.612155, 3.066574]]]}}, {"type": "Feature", "properties": {}, "geometry": {"type": "Polygon", "coordinates": [[[101.612094, 3.066574], [101.612033, 3.066575], [101.611893, 3.066603], [101.611894, 3.06676], [101.611955, 3.06676], [101.612095, 3.066732], [101.612094, 3.066574]]]}}, {"type": "Feature", "properties": {}, "geometry": {"type": "Polygon", "coordinates": [[[101.612338, 3.066413], [101.612277, 3.066413], [101.612136, 3.066442], [101.612138, 3.066585], [101.612199, 3.066584], [101.612339, 3.066556], [101.612338, 3.066413]]]}}, {"type": "Feature", "properties": {}, "geometry": {"type": "Polygon", "coordinates": [[[101.612277, 3.066413], [101.612215, 3.066414], [101.612075, 3.066442], [101.612076, 3.066586], [101.612138, 3.066585], [101.612278, 3.066557], [101.612277, 3.066413]]]}}, {"type": "Feature", "properties": {}, "geometry": {"type": "Polygon", "coordinates": [[[101.612215, 3.066414], [101.612154, 3.066415], [101.612014, 3.066443], [101.612015, 3.066586], [101.612076, 3.066586], [101.612216, 3.066557], [101.612215, 3.066414]]]}}, {"type": "Feature", "properties": {}, "geometry": {"type": "Polygon", "coordinates": [[[101.612154, 3.066415], [101.612092, 3.066415], [101.611952, 3.066443], [101.611953, 3.066587], [101.612015, 3.066586], [101.612155, 3.066558], [101.612154, 3.066415]]]}}, {"type": "Feature", "properties": {}, "geometry": {"type": "Polygon", "coordinates": [[[101.612092, 3.066415], [101.612031, 3.066416], [101.611891, 3.066444], [101.611892, 3.066587], [101.611953, 3.066587], [101.612094, 3.066558], [101.612092, 3.066415]]]}}, {"type": "Feature", "properties": {}, "geometry": {"type": "Polygon", "coordinates": [[[101.611862, 3.065868], [101.611722, 3.065896], [101.611721, 3.066035], [101.611782, 3.066035], [101.611922, 3.066007], [101.611923, 3.065868], [101.611862, 3.065868]]]}}, {"type": "Feature", "properties": {}, "geometry": {"type": "Polygon", "coordinates": [[[101.611801, 3.065867], [101.61166, 3.065895], [101.61166, 3.066034], [101.611721, 3.066035], [101.611861, 3.066006], [101.611862, 3.065868], [101.611801, 3.065867]]]}}, {"type": "Feature", "properties": {}, "geometry": {"type": "Polygon", "coordinates": [[[101.61174, 3.065867], [101.611599, 3.065895], [101.611598, 3.066034], [101.61166, 3.066034], [101.6118, 3.066006], [101.611801, 3.065867], [101.61174, 3.065867]]]}}, {"type": "Feature", "properties": {}, "geometry": {"type": "Polygon", "coordinates": [[[101.611679, 3.065866], [101.611538, 3.065895], [101.611538, 3.066033], [101.611598, 3.066034], [101.611739, 3.066005], [101.61174, 3.065867], [101.611679, 3.065866]]]}}, {"type": "Feature", "properties": {}, "geometry": {"type": "Polygon", "coordinates": [[[101.611618, 3.065866], [101.611478, 3.065894], [101.611477, 3.066033], [101.611538, 3.066033], [101.611678, 3.066005], [101.611679, 3.065866], [101.611618, 3.065866]]]}}, {"type": "Feature", "properties": {}, "geometry": {"type": "Polygon", "coordinates": [[[101.611557, 3.065865], [101.611417, 3.065894], [101.611416, 3.066032], [101.611477, 3.066033], [101.611617, 3.066005], [101.611618, 3.065866], [101.611557, 3.065865]]]}}, {"type": "Feature", "properties": {}, "geometry": {"type": "Polygon", "coordinates": [[[101.611496, 3.065865], [101.611356, 3.065893], [101.611355, 3.066032], [101.611416, 3.066032], [101.611556, 3.066004], [101.611557, 3.065865], [101.611496, 3.065865]]]}}, {"type": "Feature", "properties": {}, "geometry": {"type": "Polygon", "coordinates": [[[101.611435, 3.065865], [101.611295, 3.065893], [101.611294, 3.066032], [101.611355, 3.066032], [101.611495, 3.066004], [101.611496, 3.065865], [101.611435, 3.065865]]]}}, {"type": "Feature", "properties": {}, "geometry": {"type": "Polygon", "coordinates": [[[101.611374, 3.065864], [101.611234, 3.065892], [101.611233, 3.066031], [101.611294, 3.066032], [101.611434, 3.066003], [101.611435, 3.065865], [101.611374, 3.065864]]]}}, {"type": "Feature", "properties": {}, "geometry": {"type": "Polygon", "coordinates": [[[101.611313, 3.065864], [101.611173, 3.065892], [101.611172, 3.066031], [101.611233, 3.066031], [101.611373, 3.066003], [101.611374, 3.065864], [101.611313, 3.065864]]]}}, {"type": "Feature", "properties": {}, "geometry": {"type": "Polygon", "coordinates": [[[101.611183, 3.065863], [101.611043, 3.065891], [101.611042, 3.06603], [101.611111, 3.06603], [101.611251, 3.066002], [101.611252, 3.065863], [101.611183, 3.065863]]]}}, {"type": "Feature", "properties": {}, "geometry": {"type": "Polygon", "coordinates": [[[101.612527, 3.066024], [101.612466, 3.066025], [101.612325, 3.066053], [101.612327, 3.066213], [101.612388, 3.066212], [101.612529, 3.066184], [101.612527, 3.066024]]]}}, {"type": "Feature", "properties": {}, "geometry": {"type": "Polygon", "coordinates": [[[101.612466, 3.066025], [101.612404, 3.066025], [101.612264, 3.066053], [101.612265, 3.066213], [101.612327, 3.066213], [101.612467, 3.066184], [101.612466, 3.066025]]]}}, {"type": "Feature", "properties": {}, "geometry": {"type": "Polygon", "coordinates": [[[101.612404, 3.066025], [101.612342, 3.066026], [101.612202, 3.066054], [101.612204, 3.066214], [101.612265, 3.066213], [101.612405, 3.066185], [101.612404, 3.066025]]]}}, {"type": "Feature", "properties": {}, "geometry": {"type": "Polygon", "coordinates": [[[101.612342, 3.066026], [101.612281, 3.066026], [101.612141, 3.066054], [101.612142, 3.066214], [101.612204, 3.066214], [101.612344, 3.066185], [101.612342, 3.066026]]]}}, {"type": "Feature", "properties": {}, "geometry": {"type": "Polygon", "coordinates": [[[101.612281, 3.066026], [101.612219, 3.066027], [101.612079, 3.066055], [101.612081, 3.066215], [101.612142, 3.066214], [101.612282, 3.066186], [101.612281, 3.066026]]]}}, {"type": "Feature", "properties": {}, "geometry": {"type": "Polygon", "coordinates": [[[101.612219, 3.066027], [101.612158, 3.066027], [101.612017, 3.066056], [101.612019, 3.066215], [101.612081, 3.066215], [101.612221, 3.066187], [101.612219, 3.066027]]]}}, {"type": "Feature", "properties": {}, "geometry": {"type": "Polygon", "coordinates": [[[101.612158, 3.066027], [101.612096, 3.066028], [101.611956, 3.066056], [101.611957, 3.066216], [101.612019, 3.066215], [101.612159, 3.066187], [101.612158, 3.066027]]]}}, {"type": "Feature", "properties": {}, "geometry": {"type": "Polygon", "coordinates": [[[101.612096, 3.066028], [101.612034, 3.066028], [101.611894, 3.066057], [101.611896, 3.066217], [101.611957, 3.066216], [101.612097, 3.066188], [101.612096, 3.066028]]]}}, {"type": "Feature", "properties": {}, "geometry": {"type": "Polygon", "coordinates": [[[101.612033, 3.065861], [101.611972, 3.065862], [101.611832, 3.06589], [101.611833, 3.066028], [101.611894, 3.066027], [101.612034, 3.065999], [101.612033, 3.065861]]]}}, {"type": "Feature", "properties": {}, "geometry": {"type": "Polygon", "coordinates": [[[101.612094, 3.065861], [101.612033, 3.065861], [101.611893, 3.06589], [101.611894, 3.066027], [101.611955, 3.066027], [101.612095, 3.065998], [101.612094, 3.065861]]]}}, {"type": "Feature", "properties": {}, "geometry": {"type": "Polygon", "coordinates": [[[101.612155, 3.06586], [101.612094, 3.065861], [101.611954, 3.065889], [101.611955, 3.066027], [101.612016, 3.066026], [101.612157, 3.065998], [101.612155, 3.06586]]]}}, {"type": "Feature", "properties": {}, "geometry": {"type": "Polygon", "coordinates": [[[101.612216, 3.06586], [101.612155, 3.06586], [101.612015, 3.065889], [101.612016, 3.066026], [101.612077, 3.066025], [101.612218, 3.065997], [101.612216, 3.06586]]]}}, {"type": "Feature", "properties": {}, "geometry": {"type": "Polygon", "coordinates": [[[101.612277, 3.065859], [101.612216, 3.06586], [101.612076, 3.065888], [101.612077, 3.066025], [101.612139, 3.066025], [101.612279, 3.065997], [101.612277, 3.065859]]]}}, {"type": "Feature", "properties": {}, "geometry": {"type": "Polygon", "coordinates": [[[101.612339, 3.065859], [101.612277, 3.065859], [101.612137, 3.065888], [101.612139, 3.066025], [101.6122, 3.066024], [101.61234, 3.065996], [101.612339, 3.065859]]]}}, {"type": "Feature", "properties": {}, "geometry": {"type": "Polygon", "coordinates": [[[101.6124, 3.065858], [101.612339, 3.065859], [101.612198, 3.065887], [101.6122, 3.066024], [101.612261, 3.066024], [101.612401, 3.065995], [101.6124, 3.065858]]]}}, {"type": "Feature", "properties": {}, "geometry": {"type": "Polygon", "coordinates": [[[101.612461, 3.065857], [101.6124, 3.065858], [101.612259, 3.065886], [101.612261, 3.066024], [101.612322, 3.066023], [101.612462, 3.065995], [101.612461, 3.065857]]]}}, {"type": "Feature", "properties": {}, "geometry": {"type": "Polygon", "coordinates": [[[101.611925, 3.066026], [101.611863, 3.066027], [101.611723, 3.066055], [101.611724, 3.066217], [101.611786, 3.066217], [101.611926, 3.066188], [101.611925, 3.066026]]]}}, {"type": "Feature", "properties": {}, "geometry": {"type": "Polygon", "coordinates": [[[101.611863, 3.066027], [101.611802, 3.066027], [101.611661, 3.066056], [101.611663, 3.066218], [101.611724, 3.066217], [101.611865, 3.066189], [101.611863, 3.066027]]]}}, {"type": "Feature", "properties": {}, "geometry": {"type": "Polygon", "coordinates": [[[101.611802, 3.066027], [101.61174, 3.066028], [101.6116, 3.066056], [101.611601, 3.066218], [101.611663, 3.066218], [101.611803, 3.066189], [101.611802, 3.066027]]]}}, {"type": "Feature", "properties": {}, "geometry": {"type": "Polygon", "coordinates": [[[101.61174, 3.066028], [101.611679, 3.066029], [101.611538, 3.066057], [101.61154, 3.066219], [101.611601, 3.066218], [101.611742, 3.06619], [101.61174, 3.066028]]]}}, {"type": "Feature", "properties": {}, "geometry": {"type": "Polygon", "coordinates": [[[101.611679, 3.066029], [101.611617, 3.066029], [101.611477, 3.066057], [101.611478, 3.066219], [101.61154, 3.066219], [101.61168, 3.06619], [101.611679, 3.066029]]]}}, {"type": "Feature", "properties": {}, "geometry": {"type": "Polygon", "coordinates": [[[101.611617, 3.066029], [101.611555, 3.06603], [101.611415, 3.066058], [101.611417, 3.06622], [101.611478, 3.066219], [101.611618, 3.066191], [101.611617, 3.066029]]]}}, {"type": "Feature", "properties": {}, "geometry": {"type": "Polygon", "coordinates": [[[101.611555, 3.06603], [101.611494, 3.06603], [101.611354, 3.066059], [101.611355, 3.066221], [101.611417, 3.06622], [101.611557, 3.066192], [101.611555, 3.06603]]]}}, {"type": "Feature", "properties": {}, "geometry": {"type": "Polygon", "coordinates": [[[101.611494, 3.06603], [101.611432, 3.066031], [101.611292, 3.066059], [101.611294, 3.066221], [101.611355, 3.066221], [101.611495, 3.066192], [101.611494, 3.06603]]]}}, {"type": "Feature", "properties": {}, "geometry": {"type": "Polygon", "coordinates": [[[101.611432, 3.066031], [101.611371, 3.066031], [101.611231, 3.06606], [101.611232, 3.066222], [101.611294, 3.066221], [101.611434, 3.066193], [101.611432, 3.066031]]]}}, {"type": "Feature", "properties": {}, "geometry": {"type": "Polygon", "coordinates": [[[101.611371, 3.066031], [101.611309, 3.066032], [101.611169, 3.06606], [101.611171, 3.066222], [101.611232, 3.066222], [101.611372, 3.066193], [101.611371, 3.066031]]]}}, {"type": "Feature", "properties": {}, "geometry": {"type": "Polygon", "coordinates": [[[101.611309, 3.066032], [101.611248, 3.066033], [101.611108, 3.066061], [101.611109, 3.066223], [101.611171, 3.066222], [101.611311, 3.066194], [101.611309, 3.066032]]]}}, {"type": "Feature", "properties": {}, "geometry": {"type": "Polygon", "coordinates": [[[101.615273, 3.074008], [101.615211, 3.074008], [101.614948, 3.074061], [101.614949, 3.074279], [101.615011, 3.074278], [101.615274, 3.074225], [101.615273, 3.074008]]]}}, {"type": "Feature", "properties": {}, "geometry": {"type": "Polygon", "coordinates": [[[101.615274, 3.073745], [101.615212, 3.073745], [101.614949, 3.073798], [101.614949, 3.074021], [101.615011, 3.074021], [101.615274, 3.073968], [101.615274, 3.073745]]]}}, {"type": "Feature", "properties": {}, "geometry": {"type": "Polygon", "coordinates": [[[101.61508, 3.073335], [101.615025, 3.073335], [101.614885, 3.073363], [101.614885, 3.073506], [101.61494, 3.073506], [101.615081, 3.073478], [101.61508, 3.073335]]]}}, {"type": "Feature", "properties": {}, "geometry": {"type": "Polygon", "coordinates": [[[101.61508, 3.073335], [101.61494, 3.073363], [101.61494, 3.073506], [101.614996, 3.073506], [101.615136, 3.073478], [101.615136, 3.073335], [101.61508, 3.073335]]]}}, {"type": "Feature", "properties": {}, "geometry": {"type": "Polygon", "coordinates": [[[101.615191, 3.073335], [101.615136, 3.073335], [101.614996, 3.073363], [101.614996, 3.073506], [101.615051, 3.073506], [101.615191, 3.073478], [101.615191, 3.073335]]]}}, {"type": "Feature", "properties": {}, "geometry": {"type": "Polygon", "coordinates": [[[101.615188, 3.073158], [101.615132, 3.073158], [101.614992, 3.073187], [101.614993, 3.073347], [101.615048, 3.073347], [101.615188, 3.073318], [101.615188, 3.073158]]]}}, {"type": "Feature", "properties": {}, "geometry": {"type": "Polygon", "coordinates": [[[101.615132, 3.073158], [101.615077, 3.073158], [101.614937, 3.073187], [101.614937, 3.073347], [101.614993, 3.073347], [101.615133, 3.073318], [101.615132, 3.073158]]]}}, {"type": "Feature", "properties": {}, "geometry": {"type": "Polygon", "coordinates": [[[101.615081, 3.072831], [101.615026, 3.072831], [101.614886, 3.07286], [101.614886, 3.073001], [101.614941, 3.073001], [101.615081, 3.072973], [101.615081, 3.072831]]]}}, {"type": "Feature", "properties": {}, "geometry": {"type": "Polygon", "coordinates": [[[101.615136, 3.072831], [101.615081, 3.072831], [101.614941, 3.07286], [101.614941, 3.073001], [101.614996, 3.073001], [101.615136, 3.072973], [101.615136, 3.072831]]]}}, {"type": "Feature", "properties": {}, "geometry": {"type": "Polygon", "coordinates": [[[101.61519, 3.072831], [101.615136, 3.072831], [101.614995, 3.07286], [101.614996, 3.073001], [101.61505, 3.073001], [101.61519, 3.072973], [101.61519, 3.072831]]]}}, {"type": "Feature", "properties": {}, "geometry": {"type": "Polygon", "coordinates": [[[101.615188, 3.072657], [101.615133, 3.072657], [101.614993, 3.072686], [101.614993, 3.072843], [101.615049, 3.072843], [101.615189, 3.072815], [101.615188, 3.072657]]]}}, {"type": "Feature", "properties": {}, "geometry": {"type": "Polygon", "coordinates": [[[101.615133, 3.072657], [101.615078, 3.072658], [101.614938, 3.072686], [101.614938, 3.072843], [101.614993, 3.072843], [101.615133, 3.072815], [101.615133, 3.072657]]]}}, {"type": "Feature", "properties": {}, "geometry": {"type": "Polygon", "coordinates": [[[101.615075, 3.072336], [101.61502, 3.072336], [101.61488, 3.072364], [101.61488, 3.072505], [101.614935, 3.072505], [101.615075, 3.072476], [101.615075, 3.072336]]]}}, {"type": "Feature", "properties": {}, "geometry": {"type": "Polygon", "coordinates": [[[101.61513, 3.072336], [101.615075, 3.072336], [101.614935, 3.072364], [101.614935, 3.072505], [101.61499, 3.072504], [101.615131, 3.072476], [101.61513, 3.072336]]]}}, {"type": "Feature", "properties": {}, "geometry": {"type": "Polygon", "coordinates": [[[101.615186, 3.072335], [101.61513, 3.072336], [101.61499, 3.072364], [101.61499, 3.072504], [101.615046, 3.072504], [101.615186, 3.072476], [101.615186, 3.072335]]]}}, {"type": "Feature", "properties": {}, "geometry": {"type": "Polygon", "coordinates": [[[101.615185, 3.072159], [101.61513, 3.072159], [101.614989, 3.072187], [101.61499, 3.072343], [101.615045, 3.072343], [101.615186, 3.072314], [101.615185, 3.072159]]]}}, {"type": "Feature", "properties": {}, "geometry": {"type": "Polygon", "coordinates": [[[101.61513, 3.072159], [101.615074, 3.072159], [101.614934, 3.072187], [101.614934, 3.072343], [101.61499, 3.072343], [101.61513, 3.072314], [101.61513, 3.072159]]]}}, {"type": "Feature", "properties": {}, "geometry": {"type": "Polygon", "coordinates": [[[101.615078, 3.071835], [101.615004, 3.071835], [101.614863, 3.071863], [101.614864, 3.072008], [101.614938, 3.072008], [101.615078, 3.071979], [101.615078, 3.071835]]]}}, {"type": "Feature", "properties": {}, "geometry": {"type": "Polygon", "coordinates": [[[101.615078, 3.071835], [101.614937, 3.071863], [101.614938, 3.072008], [101.614993, 3.072008], [101.615133, 3.071979], [101.615133, 3.071835], [101.615078, 3.071835]]]}}, {"type": "Feature", "properties": {}, "geometry": {"type": "Polygon", "coordinates": [[[101.615188, 3.071834], [101.615133, 3.071835], [101.614993, 3.071863], [101.614993, 3.072008], [101.615048, 3.072008], [101.615188, 3.071979], [101.615188, 3.071834]]]}}, {"type": "Feature", "properties": {}, "geometry": {"type": "Polygon", "coordinates": [[[101.615188, 3.071663], [101.615132, 3.071663], [101.614992, 3.071692], [101.614993, 3.071838], [101.615048, 3.071837], [101.615188, 3.071809], [101.615188, 3.071663]]]}}, {"type": "Feature", "properties": {}, "geometry": {"type": "Polygon", "coordinates": [[[101.615132, 3.071663], [101.615077, 3.071663], [101.614937, 3.071692], [101.614937, 3.071838], [101.614993, 3.071838], [101.615133, 3.071809], [101.615132, 3.071663]]]}}, {"type": "Feature", "properties": {}, "geometry": {"type": "Polygon", "coordinates": [[[101.61479, 3.073883], [101.614735, 3.073884], [101.614595, 3.073912], [101.614596, 3.074052], [101.614651, 3.074052], [101.614791, 3.074023], [101.61479, 3.073883]]]}}, {"type": "Feature", "properties": {}, "geometry": {"type": "Polygon", "coordinates": [[[101.614735, 3.073884], [101.61468, 3.073884], [101.61454, 3.073913], [101.614541, 3.074052], [101.614596, 3.074052], [101.614736, 3.074024], [101.614735, 3.073884]]]}}, {"type": "Feature", "properties": {}, "geometry": {"type": "Polygon", "coordinates": [[[101.61468, 3.073884], [101.614625, 3.073885], [101.614485, 3.073913], [101.614486, 3.074053], [101.614541, 3.074052], [101.614681, 3.074024], [101.61468, 3.073884]]]}}, {"type": "Feature", "properties": {}, "geometry": {"type": "Polygon", "coordinates": [[[101.614625, 3.073885], [101.61457, 3.073885], [101.61443, 3.073914], [101.614431, 3.074053], [101.614486, 3.074053], [101.614626, 3.074025], [101.614625, 3.073885]]]}}, {"type": "Feature", "properties": {}, "geometry": {"type": "Polygon", "coordinates": [[[101.61457, 3.073885], [101.614516, 3.073886], [101.614375, 3.073914], [101.614377, 3.074054], [101.614431, 3.074053], [101.614572, 3.074025], [101.61457, 3.073885]]]}}, {"type": "Feature", "properties": {}, "geometry": {"type": "Polygon", "coordinates": [[[101.614516, 3.073886], [101.614461, 3.073886], [101.614321, 3.073914], [101.614322, 3.074054], [101.614377, 3.074054], [101.614517, 3.074025], [101.614516, 3.073886]]]}}, {"type": "Feature", "properties": {}, "geometry": {"type": "Polygon", "coordinates": [[[101.614461, 3.073886], [101.614406, 3.073886], [101.614266, 3.073915], [101.614267, 3.074055], [101.614322, 3.074054], [101.614462, 3.074026], [101.614461, 3.073886]]]}}, {"type": "Feature", "properties": {}, "geometry": {"type": "Polygon", "coordinates": [[[101.614406, 3.073886], [101.614351, 3.073887], [101.614211, 3.073915], [101.614212, 3.074055], [101.614267, 3.074055], [101.614407, 3.074026], [101.614406, 3.073886]]]}}, {"type": "Feature", "properties": {}, "geometry": {"type": "Polygon", "coordinates": [[[101.614455, 3.074053], [101.614315, 3.074081], [101.614315, 3.074223], [101.614372, 3.074223], [101.614512, 3.074194], [101.614511, 3.074053], [101.614455, 3.074053]]]}}, {"type": "Feature", "properties": {}, "geometry": {"type": "Polygon", "coordinates": [[[101.614568, 3.074052], [101.614511, 3.074053], [101.614371, 3.074081], [101.614372, 3.074223], [101.614428, 3.074222], [101.614568, 3.074194], [101.614568, 3.074052]]]}}, {"type": "Feature", "properties": {}, "geometry": {"type": "Polygon", "coordinates": [[[101.614624, 3.074052], [101.614568, 3.074052], [101.614428, 3.074081], [101.614428, 3.074222], [101.614484, 3.074222], [101.614624, 3.074194], [101.614624, 3.074052]]]}}, {"type": "Feature", "properties": {}, "geometry": {"type": "Polygon", "coordinates": [[[101.61468, 3.074052], [101.614624, 3.074052], [101.614484, 3.074081], [101.614484, 3.074222], [101.614541, 3.074222], [101.614681, 3.074194], [101.61468, 3.074052]]]}}, {"type": "Feature", "properties": {}, "geometry": {"type": "Polygon", "coordinates": [[[101.614737, 3.074052], [101.61468, 3.074052], [101.61454, 3.074081], [101.614541, 3.074222], [101.614597, 3.074222], [101.614737, 3.074194], [101.614737, 3.074052]]]}}, {"type": "Feature", "properties": {}, "geometry": {"type": "Polygon", "coordinates": [[[101.61407, 3.073553], [101.614016, 3.073553], [101.613876, 3.073581], [101.613877, 3.073724], [101.613931, 3.073724], [101.614071, 3.073696], [101.61407, 3.073553]]]}}, {"type": "Feature", "properties": {}, "geometry": {"type": "Polygon", "coordinates": [[[101.614124, 3.073553], [101.61407, 3.073553], [101.61393, 3.073581], [101.613931, 3.073724], [101.613985, 3.073724], [101.614125, 3.073696], [101.614124, 3.073553]]]}}, {"type": "Feature", "properties": {}, "geometry": {"type": "Polygon", "coordinates": [[[101.614179, 3.073553], [101.614124, 3.073553], [101.613984, 3.073581], [101.613985, 3.073724], [101.614039, 3.073724], [101.614179, 3.073696], [101.614179, 3.073553]]]}}, {"type": "Feature", "properties": {}, "geometry": {"type": "Polygon", "coordinates": [[[101.614179, 3.073553], [101.614038, 3.073581], [101.614039, 3.073724], [101.614093, 3.073724], [101.614233, 3.073696], [101.614233, 3.073553], [101.614179, 3.073553]]]}}, {"type": "Feature", "properties": {}, "geometry": {"type": "Polygon", "coordinates": [[[101.614287, 3.073553], [101.614233, 3.073553], [101.614092, 3.073581], [101.614093, 3.073724], [101.614147, 3.073724], [101.614287, 3.073696], [101.614287, 3.073553]]]}}, {"type": "Feature", "properties": {}, "geometry": {"type": "Polygon", "coordinates": [[[101.614341, 3.073553], [101.614287, 3.073553], [101.614146, 3.073581], [101.614147, 3.073724], [101.614201, 3.073724], [101.614341, 3.073696], [101.614341, 3.073553]]]}}, {"type": "Feature", "properties": {}, "geometry": {"type": "Polygon", "coordinates": [[[101.614395, 3.073552], [101.614341, 3.073553], [101.6142, 3.073581], [101.614201, 3.073724], [101.614255, 3.073724], [101.614395, 3.073696], [101.614395, 3.073552]]]}}, {"type": "Feature", "properties": {}, "geometry": {"type": "Polygon", "coordinates": [[[101.614395, 3.073552], [101.614255, 3.073581], [101.614255, 3.073724], [101.614309, 3.073724], [101.614449, 3.073696], [101.614449, 3.073552], [101.614395, 3.073552]]]}}, {"type": "Feature", "properties": {}, "geometry": {"type": "Polygon", "coordinates": [[[101.614503, 3.073552], [101.614449, 3.073552], [101.614309, 3.073581], [101.614309, 3.073724], [101.614363, 3.073724], [101.614503, 3.073695], [101.614503, 3.073552]]]}}, {"type": "Feature", "properties": {}, "geometry": {"type": "Polygon", "coordinates": [[[101.614557, 3.073552], [101.614503, 3.073552], [101.614363, 3.073581], [101.614363, 3.073724], [101.614417, 3.073724], [101.614557, 3.073695], [101.614557, 3.073552]]]}}, {"type": "Feature", "properties": {}, "geometry": {"type": "Polygon", "coordinates": [[[101.614611, 3.073552], [101.614557, 3.073552], [101.614417, 3.073581], [101.614417, 3.073724], [101.614471, 3.073724], [101.614611, 3.073695], [101.614611, 3.073552]]]}}, {"type": "Feature", "properties": {}, "geometry": {"type": "Polygon", "coordinates": [[[101.614611, 3.073552], [101.614471, 3.07358], [101.614471, 3.073724], [101.614525, 3.073724], [101.614665, 3.073695], [101.614665, 3.073552], [101.614611, 3.073552]]]}}, {"type": "Feature", "properties": {}, "geometry": {"type": "Polygon", "coordinates": [[[101.614719, 3.073552], [101.614665, 3.073552], [101.614525, 3.07358], [101.614525, 3.073724], [101.614579, 3.073723], [101.614719, 3.073695], [101.614719, 3.073552]]]}}, {"type": "Feature", "properties": {}, "geometry": {"type": "Polygon", "coordinates": [[[101.614784, 3.073386], [101.614728, 3.073386], [101.614588, 3.073415], [101.614588, 3.073554], [101.614644, 3.073553], [101.614784, 3.073525], [101.614784, 3.073386]]]}}, {"type": "Feature", "properties": {}, "geometry": {"type": "Polygon", "coordinates": [[[101.614673, 3.073386], [101.614533, 3.073415], [101.614533, 3.073554], [101.614588, 3.073554], [101.614729, 3.073525], [101.614728, 3.073386], [101.614673, 3.073386]]]}}, {"type": "Feature", "properties": {}, "geometry": {"type": "Polygon", "coordinates": [[[101.614673, 3.073386], [101.614618, 3.073386], [101.614478, 3.073415], [101.614478, 3.073554], [101.614533, 3.073554], [101.614673, 3.073525], [101.614673, 3.073386]]]}}, {"type": "Feature", "properties": {}, "geometry": {"type": "Polygon", "coordinates": [[[101.614618, 3.073386], [101.614563, 3.073387], [101.614422, 3.073415], [101.614423, 3.073554], [101.614478, 3.073554], [101.614618, 3.073525], [101.614618, 3.073386]]]}}, {"type": "Feature", "properties": {}, "geometry": {"type": "Polygon", "coordinates": [[[101.614563, 3.073387], [101.614507, 3.073387], [101.614367, 3.073415], [101.614367, 3.073554], [101.614423, 3.073554], [101.614563, 3.073525], [101.614563, 3.073387]]]}}, {"type": "Feature", "properties": {}, "geometry": {"type": "Polygon", "coordinates": [[[101.614507, 3.073387], [101.614452, 3.073387], [101.614312, 3.073415], [101.614312, 3.073554], [101.614367, 3.073554], [101.614507, 3.073526], [101.614507, 3.073387]]]}}, {"type": "Feature", "properties": {}, "geometry": {"type": "Polygon", "coordinates": [[[101.614452, 3.073387], [101.614397, 3.073387], [101.614257, 3.073415], [101.614257, 3.073554], [101.614312, 3.073554], [101.614452, 3.073526], [101.614452, 3.073387]]]}}, {"type": "Feature", "properties": {}, "geometry": {"type": "Polygon", "coordinates": [[[101.614397, 3.073387], [101.614341, 3.073387], [101.614201, 3.073415], [101.614201, 3.073554], [101.614257, 3.073554], [101.614397, 3.073526], [101.614397, 3.073387]]]}}, {"type": "Feature", "properties": {}, "geometry": {"type": "Polygon", "coordinates": [[[101.614286, 3.073387], [101.614146, 3.073415], [101.614146, 3.073554], [101.614201, 3.073554], [101.614342, 3.073526], [101.614341, 3.073387], [101.614286, 3.073387]]]}}, {"type": "Feature", "properties": {}, "geometry": {"type": "Polygon", "coordinates": [[[101.614286, 3.073387], [101.614231, 3.073387], [101.614091, 3.073415], [101.614091, 3.073554], [101.614146, 3.073554], [101.614286, 3.073526], [101.614286, 3.073387]]]}}, {"type": "Feature", "properties": {}, "geometry": {"type": "Polygon", "coordinates": [[[101.614231, 3.073387], [101.614176, 3.073387], [101.614035, 3.073415], [101.614036, 3.073554], [101.614091, 3.073554], [101.614231, 3.073526], [101.614231, 3.073387]]]}}, {"type": "Feature", "properties": {}, "geometry": {"type": "Polygon", "coordinates": [[[101.614176, 3.073387], [101.61412, 3.073387], [101.61398, 3.073416], [101.61398, 3.073555], [101.614036, 3.073554], [101.614176, 3.073526], [101.614176, 3.073387]]]}}, {"type": "Feature", "properties": {}, "geometry": {"type": "Polygon", "coordinates": [[[101.61412, 3.073387], [101.614065, 3.073387], [101.613925, 3.073416], [101.613925, 3.073555], [101.61398, 3.073555], [101.614121, 3.073526], [101.61412, 3.073387]]]}}, {"type": "Feature", "properties": {}, "geometry": {"type": "Polygon", "coordinates": [[[101.614014, 3.073054], [101.613874, 3.073082], [101.613874, 3.073225], [101.613929, 3.073225], [101.614069, 3.073197], [101.614069, 3.073054], [101.614014, 3.073054]]]}}, {"type": "Feature", "properties": {}, "geometry": {"type": "Polygon", "coordinates": [[[101.614124, 3.073054], [101.614069, 3.073054], [101.613929, 3.073082], [101.613929, 3.073225], [101.613984, 3.073225], [101.614124, 3.073197], [101.614124, 3.073054]]]}}, {"type": "Feature", "properties": {}, "geometry": {"type": "Polygon", "coordinates": [[[101.614179, 3.073054], [101.614124, 3.073054], [101.613984, 3.073082], [101.613984, 3.073225], [101.614039, 3.073225], [101.614179, 3.073196], [101.614179, 3.073054]]]}}, {"type": "Feature", "properties": {}, "geometry": {"type": "Polygon", "coordinates": [[[101.614234, 3.073053], [101.614179, 3.073054], [101.614039, 3.073082], [101.614039, 3.073225], [101.614094, 3.073225], [101.614234, 3.073196], [101.614234, 3.073053]]]}}, {"type": "Feature", "properties": {}, "geometry": {"type": "Polygon", "coordinates": [[[101.614289, 3.073053], [101.614234, 3.073053], [101.614094, 3.073082], [101.614094, 3.073225], [101.614149, 3.073225], [101.614289, 3.073196], [101.614289, 3.073053]]]}}, {"type": "Feature", "properties": {}, "geometry": {"type": "Polygon", "coordinates": [[[101.614289, 3.073053], [101.614149, 3.073082], [101.614149, 3.073225], [101.614204, 3.073225], [101.614345, 3.073196], [101.614344, 3.073053], [101.614289, 3.073053]]]}}, {"type": "Feature", "properties": {}, "geometry": {"type": "Polygon", "coordinates": [[[101.614399, 3.073053], [101.614344, 3.073053], [101.614204, 3.073082], [101.614204, 3.073225], [101.61426, 3.073224], [101.6144, 3.073196], [101.614399, 3.073053]]]}}, {"type": "Feature", "properties": {}, "geometry": {"type": "Polygon", "coordinates": [[[101.614454, 3.073053], [101.614399, 3.073053], [101.614259, 3.073082], [101.61426, 3.073224], [101.614315, 3.073224], [101.614455, 3.073196], [101.614454, 3.073053]]]}}, {"type": "Feature", "properties": {}, "geometry": {"type": "Polygon", "coordinates": [[[101.61451, 3.073053], [101.614454, 3.073053], [101.614314, 3.073081], [101.614315, 3.073224], [101.61437, 3.073224], [101.61451, 3.073196], [101.61451, 3.073053]]]}}, {"type": "Feature", "properties": {}, "geometry": {"type": "Polygon", "coordinates": [[[101.614565, 3.073053], [101.61451, 3.073053], [101.614369, 3.073081], [101.61437, 3.073224], [101.614425, 3.073224], [101.614565, 3.073196], [101.614565, 3.073053]]]}}, {"type": "Feature", "properties": {}, "geometry": {"type": "Polygon", "coordinates": [[[101.614565, 3.073053], [101.614424, 3.073081], [101.614425, 3.073224], [101.61448, 3.073224], [101.61462, 3.073196], [101.61462, 3.073053], [101.614565, 3.073053]]]}}, {"type": "Feature", "properties": {}, "geometry": {"type": "Polygon", "coordinates": [[[101.614675, 3.073053], [101.61462, 3.073053], [101.61448, 3.073081], [101.61448, 3.073224], [101.614535, 3.073224], [101.614675, 3.073196], [101.614675, 3.073053]]]}}, {"type": "Feature", "properties": {}, "geometry": {"type": "Polygon", "coordinates": [[[101.61473, 3.073053], [101.614675, 3.073053], [101.614535, 3.073081], [101.614535, 3.073224], [101.61459, 3.073224], [101.61473, 3.073196], [101.61473, 3.073053]]]}}, {"type": "Feature", "properties": {}, "geometry": {"type": "Polygon", "coordinates": [[[101.614782, 3.072882], [101.614727, 3.072883], [101.614587, 3.072911], [101.614587, 3.073057], [101.614642, 3.073057], [101.614782, 3.073028], [101.614782, 3.072882]]]}}, {"type": "Feature", "properties": {}, "geometry": {"type": "Polygon", "coordinates": [[[101.614727, 3.072883], [101.614672, 3.072883], [101.614532, 3.072911], [101.614532, 3.073057], [101.614587, 3.073057], [101.614727, 3.073028], [101.614727, 3.072883]]]}}, {"type": "Feature", "properties": {}, "geometry": {"type": "Polygon", "coordinates": [[[101.614617, 3.072883], [101.614477, 3.072911], [101.614477, 3.073057], [101.614532, 3.073057], [101.614672, 3.073028], [101.614672, 3.072883], [101.614617, 3.072883]]]}}, {"type": "Feature", "properties": {}, "geometry": {"type": "Polygon", "coordinates": [[[101.614617, 3.072883], [101.614562, 3.072883], [101.614421, 3.072911], [101.614422, 3.073057], [101.614477, 3.073057], [101.614617, 3.073029], [101.614617, 3.072883]]]}}, {"type": "Feature", "properties": {}, "geometry": {"type": "Polygon", "coordinates": [[[101.614562, 3.072883], [101.614506, 3.072883], [101.614366, 3.072911], [101.614367, 3.073057], [101.614422, 3.073057], [101.614562, 3.073029], [101.614562, 3.072883]]]}}, {"type": "Feature", "properties": {}, "geometry": {"type": "Polygon", "coordinates": [[[101.614506, 3.072883], [101.614451, 3.072883], [101.614311, 3.072911], [101.614311, 3.073057], [101.614367, 3.073057], [101.614507, 3.073029], [101.614506, 3.072883]]]}}, {"type": "Feature", "properties": {}, "geometry": {"type": "Polygon", "coordinates": [[[101.614451, 3.072883], [101.614396, 3.072883], [101.614256, 3.072911], [101.614256, 3.073057], [101.614311, 3.073057], [101.614451, 3.073029], [101.614451, 3.072883]]]}}, {"type": "Feature", "properties": {}, "geometry": {"type": "Polygon", "coordinates": [[[101.614396, 3.072883], [101.614341, 3.072883], [101.614201, 3.072912], [101.614201, 3.073057], [101.614256, 3.073057], [101.614396, 3.073029], [101.614396, 3.072883]]]}}, {"type": "Feature", "properties": {}, "geometry": {"type": "Polygon", "coordinates": [[[101.614341, 3.072883], [101.614286, 3.072883], [101.614146, 3.072912], [101.614146, 3.073057], [101.614201, 3.073057], [101.614341, 3.073029], [101.614341, 3.072883]]]}}, {"type": "Feature", "properties": {}, "geometry": {"type": "Polygon", "coordinates": [[[101.614286, 3.072883], [101.614231, 3.072883], [101.61409, 3.072912], [101.614091, 3.073057], [101.614146, 3.073057], [101.614286, 3.073029], [101.614286, 3.072883]]]}}, {"type": "Feature", "properties": {}, "geometry": {"type": "Polygon", "coordinates": [[[101.614175, 3.072883], [101.614035, 3.072912], [101.614035, 3.073057], [101.614091, 3.073057], [101.614231, 3.073029], [101.614231, 3.072883], [101.614175, 3.072883]]]}}, {"type": "Feature", "properties": {}, "geometry": {"type": "Polygon", "coordinates": [[[101.614175, 3.072883], [101.61412, 3.072883], [101.61398, 3.072912], [101.61398, 3.073058], [101.614035, 3.073057], [101.614176, 3.073029], [101.614175, 3.072883]]]}}, {"type": "Feature", "properties": {}, "geometry": {"type": "Polygon", "coordinates": [[[101.61412, 3.072883], [101.614065, 3.072884], [101.613925, 3.072912], [101.613925, 3.073058], [101.61398, 3.073058], [101.61412, 3.073029], [101.61412, 3.072883]]]}}, {"type": "Feature", "properties": {}, "geometry": {"type": "Polygon", "coordinates": [[[101.614061, 3.072556], [101.614006, 3.072556], [101.613866, 3.072584], [101.613866, 3.072726], [101.613921, 3.072726], [101.614061, 3.072697], [101.614061, 3.072556]]]}}, {"type": "Feature", "properties": {}, "geometry": {"type": "Polygon", "coordinates": [[[101.614061, 3.072556], [101.613921, 3.072584], [101.613921, 3.072726], [101.613976, 3.072726], [101.614116, 3.072697], [101.614116, 3.072556], [101.614061, 3.072556]]]}}, {"type": "Feature", "properties": {}, "geometry": {"type": "Polygon", "coordinates": [[[101.614171, 3.072556], [101.614116, 3.072556], [101.613976, 3.072584], [101.613976, 3.072726], [101.614031, 3.072726], [101.614171, 3.072697], [101.614171, 3.072556]]]}}, {"type": "Feature", "properties": {}, "geometry": {"type": "Polygon", "coordinates": [[[101.614226, 3.072556], [101.614171, 3.072556], [101.614031, 3.072584], [101.614031, 3.072726], [101.614086, 3.072726], [101.614226, 3.072697], [101.614226, 3.072556]]]}}, {"type": "Feature", "properties": {}, "geometry": {"type": "Polygon", "coordinates": [[[101.614281, 3.072555], [101.614226, 3.072556], [101.614086, 3.072584], [101.614086, 3.072726], [101.614141, 3.072725], [101.614281, 3.072697], [101.614281, 3.072555]]]}}, {"type": "Feature", "properties": {}, "geometry": {"type": "Polygon", "coordinates": [[[101.614336, 3.072555], [101.614281, 3.072555], [101.614141, 3.072584], [101.614141, 3.072725], [101.614196, 3.072725], [101.614336, 3.072697], [101.614336, 3.072555]]]}}, {"type": "Feature", "properties": {}, "geometry": {"type": "Polygon", "coordinates": [[[101.614336, 3.072555], [101.614196, 3.072584], [101.614196, 3.072725], [101.614251, 3.072725], [101.614392, 3.072697], [101.614391, 3.072555], [101.614336, 3.072555]]]}}, {"type": "Feature", "properties": {}, "geometry": {"type": "Polygon", "coordinates": [[[101.614446, 3.072555], [101.614391, 3.072555], [101.614251, 3.072584], [101.614251, 3.072725], [101.614306, 3.072725], [101.614447, 3.072697], [101.614446, 3.072555]]]}}, {"type": "Feature", "properties": {}, "geometry": {"type": "Polygon", "coordinates": [[[101.614502, 3.072555], [101.614446, 3.072555], [101.614306, 3.072584], [101.614306, 3.072725], [101.614362, 3.072725], [101.614502, 3.072697], [101.614502, 3.072555]]]}}, {"type": "Feature", "properties": {}, "geometry": {"type": "Polygon", "coordinates": [[[101.614557, 3.072555], [101.614502, 3.072555], [101.614361, 3.072583], [101.614362, 3.072725], [101.614417, 3.072725], [101.614557, 3.072697], [101.614557, 3.072555]]]}}, {"type": "Feature", "properties": {}, "geometry": {"type": "Polygon", "coordinates": [[[101.614612, 3.072555], [101.614557, 3.072555], [101.614416, 3.072583], [101.614417, 3.072725], [101.614472, 3.072725], [101.614612, 3.072697], [101.614612, 3.072555]]]}}, {"type": "Feature", "properties": {}, "geometry": {"type": "Polygon", "coordinates": [[[101.614612, 3.072555], [101.614471, 3.072583], [101.614472, 3.072725], [101.614527, 3.072725], [101.614667, 3.072696], [101.614667, 3.072555], [101.614612, 3.072555]]]}}, {"type": "Feature", "properties": {}, "geometry": {"type": "Polygon", "coordinates": [[[101.614722, 3.072555], [101.614667, 3.072555], [101.614527, 3.072583], [101.614527, 3.072725], [101.614582, 3.072725], [101.614722, 3.072696], [101.614722, 3.072555]]]}}, {"type": "Feature", "properties": {}, "geometry": {"type": "Polygon", "coordinates": [[[101.614776, 3.072387], [101.614721, 3.072387], [101.61458, 3.072415], [101.614581, 3.072564], [101.614636, 3.072564], [101.614776, 3.072535], [101.614776, 3.072387]]]}}, {"type": "Feature", "properties": {}, "geometry": {"type": "Polygon", "coordinates": [[[101.614721, 3.072387], [101.614665, 3.072387], [101.614525, 3.072416], [101.614525, 3.072564], [101.614581, 3.072564], [101.614721, 3.072535], [101.614721, 3.072387]]]}}, {"type": "Feature", "properties": {}, "geometry": {"type": "Polygon", "coordinates": [[[101.614665, 3.072387], [101.61461, 3.072387], [101.61447, 3.072416], [101.61447, 3.072564], [101.614525, 3.072564], [101.614666, 3.072535], [101.614665, 3.072387]]]}}, {"type": "Feature", "properties": {}, "geometry": {"type": "Polygon", "coordinates": [[[101.61461, 3.072387], [101.614555, 3.072387], [101.614415, 3.072416], [101.614415, 3.072564], [101.61447, 3.072564], [101.614611, 3.072535], [101.61461, 3.072387]]]}}, {"type": "Feature", "properties": {}, "geometry": {"type": "Polygon", "coordinates": [[[101.614555, 3.072387], [101.6145, 3.072388], [101.61436, 3.072416], [101.61436, 3.072564], [101.614415, 3.072564], [101.614555, 3.072536], [101.614555, 3.072387]]]}}, {"type": "Feature", "properties": {}, "geometry": {"type": "Polygon", "coordinates": [[[101.6145, 3.072388], [101.614445, 3.072388], [101.614305, 3.072416], [101.614305, 3.072564], [101.61436, 3.072564], [101.6145, 3.072536], [101.6145, 3.072388]]]}}, {"type": "Feature", "properties": {}, "geometry": {"type": "Polygon", "coordinates": [[[101.61439, 3.072388], [101.61425, 3.072416], [101.61425, 3.072564], [101.614305, 3.072564], [101.614445, 3.072536], [101.614445, 3.072388], [101.61439, 3.072388]]]}}, {"type": "Feature", "properties": {}, "geometry": {"type": "Polygon", "coordinates": [[[101.61439, 3.072388], [101.614335, 3.072388], [101.614195, 3.072416], [101.614195, 3.072564], [101.61425, 3.072564], [101.61439, 3.072536], [101.61439, 3.072388]]]}}, {"type": "Feature", "properties": {}, "geometry": {"type": "Polygon", "coordinates": [[[101.614335, 3.072388], [101.61428, 3.072388], [101.61414, 3.072416], [101.61414, 3.072564], [101.614195, 3.072564], [101.614335, 3.072536], [101.614335, 3.072388]]]}}, {"type": "Feature", "properties": {}, "geometry": {"type": "Polygon", "coordinates": [[[101.61428, 3.072388], [101.614225, 3.072388], [101.614085, 3.072416], [101.614085, 3.072564], [101.61414, 3.072564], [101.61428, 3.072536], [101.61428, 3.072388]]]}}, {"type": "Feature", "properties": {}, "geometry": {"type": "Polygon", "coordinates": [[[101.614225, 3.072388], [101.61417, 3.072388], [101.61403, 3.072416], [101.61403, 3.072564], [101.614085, 3.072564], [101.614225, 3.072536], [101.614225, 3.072388]]]}}, {"type": "Feature", "properties": {}, "geometry": {"type": "Polygon", "coordinates": [[[101.61417, 3.072388], [101.614115, 3.072388], [101.613974, 3.072417], [101.613975, 3.072564], [101.61403, 3.072564], [101.61417, 3.072536], [101.61417, 3.072388]]]}}, {"type": "Feature", "properties": {}, "geometry": {"type": "Polygon", "coordinates": [[[101.614115, 3.072388], [101.61406, 3.072388], [101.613919, 3.072417], [101.61392, 3.072565], [101.613975, 3.072564], [101.614115, 3.072536], [101.614115, 3.072388]]]}}, {"type": "Feature", "properties": {}, "geometry": {"type": "Polygon", "coordinates": [[[101.61406, 3.072054], [101.614006, 3.072054], [101.613866, 3.072082], [101.613866, 3.072226], [101.61392, 3.072226], [101.614061, 3.072198], [101.61406, 3.072054]]]}}, {"type": "Feature", "properties": {}, "geometry": {"type": "Polygon", "coordinates": [[[101.614115, 3.072053], [101.61406, 3.072054], [101.61392, 3.072082], [101.61392, 3.072226], [101.613975, 3.072226], [101.614115, 3.072198], [101.614115, 3.072053]]]}}, {"type": "Feature", "properties": {}, "geometry": {"type": "Polygon", "coordinates": [[[101.61417, 3.072053], [101.614115, 3.072053], [101.613975, 3.072082], [101.613975, 3.072226], [101.61403, 3.072226], [101.61417, 3.072197], [101.61417, 3.072053]]]}}, {"type": "Feature", "properties": {}, "geometry": {"type": "Polygon", "coordinates": [[[101.614224, 3.072053], [101.61417, 3.072053], [101.614029, 3.072082], [101.61403, 3.072226], [101.614084, 3.072226], [101.614224, 3.072197], [101.614224, 3.072053]]]}}, {"type": "Feature", "properties": {}, "geometry": {"type": "Polygon", "coordinates": [[[101.614279, 3.072053], [101.614224, 3.072053], [101.614084, 3.072082], [101.614084, 3.072226], [101.614139, 3.072226], [101.614279, 3.072197], [101.614279, 3.072053]]]}}, {"type": "Feature", "properties": {}, "geometry": {"type": "Polygon", "coordinates": [[[101.614279, 3.072053], [101.614139, 3.072081], [101.614139, 3.072226], [101.614193, 3.072226], [101.614334, 3.072197], [101.614333, 3.072053], [101.614279, 3.072053]]]}}, {"type": "Feature", "properties": {}, "geometry": {"type": "Polygon", "coordinates": [[[101.614388, 3.072053], [101.614333, 3.072053], [101.614193, 3.072081], [101.614193, 3.072226], [101.614248, 3.072226], [101.614388, 3.072197], [101.614388, 3.072053]]]}}, {"type": "Feature", "properties": {}, "geometry": {"type": "Polygon", "coordinates": [[[101.614443, 3.072053], [101.614388, 3.072053], [101.614248, 3.072081], [101.614248, 3.072226], [101.614303, 3.072225], [101.614443, 3.072197], [101.614443, 3.072053]]]}}, {"type": "Feature", "properties": {}, "geometry": {"type": "Polygon", "coordinates": [[[101.614497, 3.072053], [101.614443, 3.072053], [101.614302, 3.072081], [101.614303, 3.072225], [101.614357, 3.072225], [101.614497, 3.072197], [101.614497, 3.072053]]]}}, {"type": "Feature", "properties": {}, "geometry": {"type": "Polygon", "coordinates": [[[101.614552, 3.072053], [101.614497, 3.072053], [101.614357, 3.072081], [101.614357, 3.072225], [101.614412, 3.072225], [101.614552, 3.072197], [101.614552, 3.072053]]]}}, {"type": "Feature", "properties": {}, "geometry": {"type": "Polygon", "coordinates": [[[101.614552, 3.072053], [101.614412, 3.072081], [101.614412, 3.072225], [101.614467, 3.072225], [101.614607, 3.072197], [101.614606, 3.072053], [101.614552, 3.072053]]]}}, {"type": "Feature", "properties": {}, "geometry": {"type": "Polygon", "coordinates": [[[101.614661, 3.072053], [101.614606, 3.072053], [101.614466, 3.072081], [101.614467, 3.072225], [101.614521, 3.072225], [101.614661, 3.072197], [101.614661, 3.072053]]]}}, {"type": "Feature", "properties": {}, "geometry": {"type": "Polygon", "coordinates": [[[101.614716, 3.072053], [101.614661, 3.072053], [101.614521, 3.072081], [101.614521, 3.072225], [101.614576, 3.072225], [101.614716, 3.072197], [101.614716, 3.072053]]]}}, {"type": "Feature", "properties": {}, "geometry": {"type": "Polygon", "coordinates": [[[101.614774, 3.071881], [101.614719, 3.071881], [101.614579, 3.071909], [101.614579, 3.072061], [101.614634, 3.072061], [101.614774, 3.072033], [101.614774, 3.071881]]]}}, {"type": "Feature", "properties": {}, "geometry": {"type": "Polygon", "coordinates": [[[101.614664, 3.071881], [101.614524, 3.071909], [101.614524, 3.072062], [101.614579, 3.072061], [101.614719, 3.072033], [101.614719, 3.071881], [101.614664, 3.071881]]]}}, {"type": "Feature", "properties": {}, "geometry": {"type": "Polygon", "coordinates": [[[101.614664, 3.071881], [101.614609, 3.071881], [101.614469, 3.07191], [101.614469, 3.072062], [101.614524, 3.072062], [101.614664, 3.072033], [101.614664, 3.071881]]]}}, {"type": "Feature", "properties": {}, "geometry": {"type": "Polygon", "coordinates": [[[101.614609, 3.071881], [101.614554, 3.071881], [101.614413, 3.07191], [101.614414, 3.072062], [101.614469, 3.072062], [101.614609, 3.072033], [101.614609, 3.071881]]]}}, {"type": "Feature", "properties": {}, "geometry": {"type": "Polygon", "coordinates": [[[101.614554, 3.071881], [101.614498, 3.071881], [101.614358, 3.07191], [101.614358, 3.072062], [101.614414, 3.072062], [101.614554, 3.072033], [101.614554, 3.071881]]]}}, {"type": "Feature", "properties": {}, "geometry": {"type": "Polygon", "coordinates": [[[101.614443, 3.071881], [101.614303, 3.07191], [101.614303, 3.072062], [101.614358, 3.072062], [101.614499, 3.072033], [101.614498, 3.071881], [101.614443, 3.071881]]]}}, {"type": "Feature", "properties": {}, "geometry": {"type": "Polygon", "coordinates": [[[101.614443, 3.071881], [101.614388, 3.071882], [101.614248, 3.07191], [101.614248, 3.072062], [101.614303, 3.072062], [101.614443, 3.072034], [101.614443, 3.071881]]]}}, {"type": "Feature", "properties": {}, "geometry": {"type": "Polygon", "coordinates": [[[101.614388, 3.071882], [101.614333, 3.071882], [101.614193, 3.07191], [101.614193, 3.072062], [101.614248, 3.072062], [101.614388, 3.072034], [101.614388, 3.071882]]]}}, {"type": "Feature", "properties": {}, "geometry": {"type": "Polygon", "coordinates": [[[101.614333, 3.071882], [101.614278, 3.071882], [101.614137, 3.07191], [101.614138, 3.072062], [101.614193, 3.072062], [101.614333, 3.072034], [101.614333, 3.071882]]]}}, {"type": "Feature", "properties": {}, "geometry": {"type": "Polygon", "coordinates": [[[101.614222, 3.071882], [101.614082, 3.07191], [101.614082, 3.072062], [101.614138, 3.072062], [101.614278, 3.072034], [101.614278, 3.071882], [101.614222, 3.071882]]]}}, {"type": "Feature", "properties": {}, "geometry": {"type": "Polygon", "coordinates": [[[101.614222, 3.071882], [101.614167, 3.071882], [101.614027, 3.07191], [101.614027, 3.072062], [101.614082, 3.072062], [101.614223, 3.072034], [101.614222, 3.071882]]]}}, {"type": "Feature", "properties": {}, "geometry": {"type": "Polygon", "coordinates": [[[101.614167, 3.071882], [101.614112, 3.071882], [101.613972, 3.07191], [101.613972, 3.072062], [101.614027, 3.072062], [101.614168, 3.072034], [101.614167, 3.071882]]]}}, {"type": "Feature", "properties": {}, "geometry": {"type": "Polygon", "coordinates": [[[101.614112, 3.071882], [101.614057, 3.071882], [101.613917, 3.07191], [101.613917, 3.072062], [101.613972, 3.072062], [101.614112, 3.072034], [101.614112, 3.071882]]]}}, {"type": "Feature", "properties": {}, "geometry": {"type": "Polygon", "coordinates": [[[101.614724, 3.07156], [101.614584, 3.071588], [101.614583, 3.071726], [101.614639, 3.071726], [101.61478, 3.071698], [101.61478, 3.07156], [101.614724, 3.07156]]]}}, {"type": "Feature", "properties": {}, "geometry": {"type": "Polygon", "coordinates": [[[101.614669, 3.07156], [101.614528, 3.071588], [101.614528, 3.071725], [101.614583, 3.071726], [101.614724, 3.071697], [101.614724, 3.07156], [101.614669, 3.07156]]]}}, {"type": "Feature", "properties": {}, "geometry": {"type": "Polygon", "coordinates": [[[101.614613, 3.071559], [101.614473, 3.071588], [101.614472, 3.071725], [101.614528, 3.071725], [101.614668, 3.071697], [101.614669, 3.07156], [101.614613, 3.071559]]]}}, {"type": "Feature", "properties": {}, "geometry": {"type": "Polygon", "coordinates": [[[101.614557, 3.071559], [101.614417, 3.071587], [101.614416, 3.071725], [101.614472, 3.071725], [101.614612, 3.071697], [101.614613, 3.071559], [101.614557, 3.071559]]]}}, {"type": "Feature", "properties": {}, "geometry": {"type": "Polygon", "coordinates": [[[101.614501, 3.071559], [101.614361, 3.071587], [101.61436, 3.071724], [101.614416, 3.071725], [101.614556, 3.071696], [101.614557, 3.071559], [101.614501, 3.071559]]]}}, {"type": "Feature", "properties": {}, "geometry": {"type": "Polygon", "coordinates": [[[101.614445, 3.071558], [101.614305, 3.071587], [101.614304, 3.071724], [101.61436, 3.071724], [101.6145, 3.071696], [101.614501, 3.071559], [101.614445, 3.071558]]]}}, {"type": "Feature", "properties": {}, "geometry": {"type": "Polygon", "coordinates": [[[101.614389, 3.071558], [101.614249, 3.071586], [101.614248, 3.071724], [101.614304, 3.071724], [101.614444, 3.071696], [101.614445, 3.071558], [101.614389, 3.071558]]]}}, {"type": "Feature", "properties": {}, "geometry": {"type": "Polygon", "coordinates": [[[101.614333, 3.071558], [101.614193, 3.071586], [101.614193, 3.071723], [101.614248, 3.071724], [101.614389, 3.071695], [101.614389, 3.071558], [101.614333, 3.071558]]]}}, {"type": "Feature", "properties": {}, "geometry": {"type": "Polygon", "coordinates": [[[101.614278, 3.071557], [101.614137, 3.071586], [101.614137, 3.071723], [101.614193, 3.071723], [101.614333, 3.071695], [101.614333, 3.071558], [101.614278, 3.071557]]]}}, {"type": "Feature", "properties": {}, "geometry": {"type": "Polygon", "coordinates": [[[101.614222, 3.071557], [101.614082, 3.071585], [101.614081, 3.071723], [101.614137, 3.071723], [101.614277, 3.071695], [101.614278, 3.071557], [101.614222, 3.071557]]]}}, {"type": "Feature", "properties": {}, "geometry": {"type": "Polygon", "coordinates": [[[101.614166, 3.071557], [101.614026, 3.071585], [101.614025, 3.071722], [101.614081, 3.071723], [101.614221, 3.071694], [101.614222, 3.071557], [101.614166, 3.071557]]]}}, {"type": "Feature", "properties": {}, "geometry": {"type": "Polygon", "coordinates": [[[101.61411, 3.071556], [101.61397, 3.071585], [101.613969, 3.071722], [101.614025, 3.071722], [101.614165, 3.071694], [101.614166, 3.071557], [101.61411, 3.071556]]]}}, {"type": "Feature", "properties": {}, "geometry": {"type": "Polygon", "coordinates": [[[101.614054, 3.071556], [101.613914, 3.071584], [101.613913, 3.071722], [101.613969, 3.071722], [101.614109, 3.071694], [101.61411, 3.071556], [101.614054, 3.071556]]]}}, {"type": "Feature", "properties": {}, "geometry": {"type": "Polygon", "coordinates": [[[101.614719, 3.071396], [101.614579, 3.071424], [101.614579, 3.071561], [101.614634, 3.071561], [101.614774, 3.071532], [101.614774, 3.071396], [101.614719, 3.071396]]]}}, {"type": "Feature", "properties": {}, "geometry": {"type": "Polygon", "coordinates": [[[101.614719, 3.071396], [101.614664, 3.071396], [101.614524, 3.071425], [101.614524, 3.071561], [101.614579, 3.071561], [101.614719, 3.071532], [101.614719, 3.071396]]]}}, {"type": "Feature", "properties": {}, "geometry": {"type": "Polygon", "coordinates": [[[101.614664, 3.071396], [101.614609, 3.071396], [101.614469, 3.071425], [101.614469, 3.071561], [101.614524, 3.071561], [101.614664, 3.071533], [101.614664, 3.071396]]]}}, {"type": "Feature", "properties": {}, "geometry": {"type": "Polygon", "coordinates": [[[101.614609, 3.071396], [101.614554, 3.071396], [101.614413, 3.071425], [101.614414, 3.071561], [101.614469, 3.071561], [101.614609, 3.071533], [101.614609, 3.071396]]]}}, {"type": "Feature", "properties": {}, "geometry": {"type": "Polygon", "coordinates": [[[101.614554, 3.071396], [101.614498, 3.071396], [101.614358, 3.071425], [101.614358, 3.071561], [101.614414, 3.071561], [101.614554, 3.071533], [101.614554, 3.071396]]]}}, {"type": "Feature", "properties": {}, "geometry": {"type": "Polygon", "coordinates": [[[101.614498, 3.071396], [101.614443, 3.071397], [101.614303, 3.071425], [101.614303, 3.071561], [101.614358, 3.071561], [101.614499, 3.071533], [101.614498, 3.071396]]]}}, {"type": "Feature", "properties": {}, "geometry": {"type": "Polygon", "coordinates": [[[101.614388, 3.071397], [101.614248, 3.071425], [101.614248, 3.071561], [101.614303, 3.071561], [101.614443, 3.071533], [101.614443, 3.071397], [101.614388, 3.071397]]]}}, {"type": "Feature", "properties": {}, "geometry": {"type": "Polygon", "coordinates": [[[101.614388, 3.071397], [101.614333, 3.071397], [101.614193, 3.071425], [101.614193, 3.071561], [101.614248, 3.071561], [101.614388, 3.071533], [101.614388, 3.071397]]]}}, {"type": "Feature", "properties": {}, "geometry": {"type": "Polygon", "coordinates": [[[101.614333, 3.071397], [101.614278, 3.071397], [101.614137, 3.071425], [101.614138, 3.071561], [101.614193, 3.071561], [101.614333, 3.071533], [101.614333, 3.071397]]]}}, {"type": "Feature", "properties": {}, "geometry": {"type": "Polygon", "coordinates": [[[101.614278, 3.071397], [101.614222, 3.071397], [101.614082, 3.071425], [101.614083, 3.071562], [101.614138, 3.071561], [101.614278, 3.071533], [101.614278, 3.071397]]]}}, {"type": "Feature", "properties": {}, "geometry": {"type": "Polygon", "coordinates": [[[101.614222, 3.071397], [101.614167, 3.071397], [101.614027, 3.071425], [101.614027, 3.071562], [101.614083, 3.071562], [101.614223, 3.071533], [101.614222, 3.071397]]]}}, {"type": "Feature", "properties": {}, "geometry": {"type": "Polygon", "coordinates": [[[101.614167, 3.071397], [101.614112, 3.071397], [101.613972, 3.071425], [101.613972, 3.071562], [101.614027, 3.071562], [101.614168, 3.071533], [101.614167, 3.071397]]]}}, {"type": "Feature", "properties": {}, "geometry": {"type": "Polygon", "coordinates": [[[101.614057, 3.071397], [101.613917, 3.071425], [101.613917, 3.071562], [101.613972, 3.071562], [101.614112, 3.071533], [101.614112, 3.071397], [101.614057, 3.071397]]]}}, {"type": "Feature", "properties": {}, "geometry": {"type": "Polygon", "coordinates": [[[101.614058, 3.071064], [101.614003, 3.071064], [101.613863, 3.071092], [101.613863, 3.071239], [101.613918, 3.071239], [101.614058, 3.071211], [101.614058, 3.071064]]]}}, {"type": "Feature", "properties": {}, "geometry": {"type": "Polygon", "coordinates": [[[101.614113, 3.071063], [101.614058, 3.071064], [101.613918, 3.071092], [101.613918, 3.071239], [101.613974, 3.071239], [101.614114, 3.07121], [101.614113, 3.071063]]]}}, {"type": "Feature", "properties": {}, "geometry": {"type": "Polygon", "coordinates": [[[101.614169, 3.071063], [101.614113, 3.071063], [101.613973, 3.071092], [101.613974, 3.071239], [101.614029, 3.071239], [101.614169, 3.07121], [101.614169, 3.071063]]]}}, {"type": "Feature", "properties": {}, "geometry": {"type": "Polygon", "coordinates": [[[101.614224, 3.071063], [101.614169, 3.071063], [101.614029, 3.071092], [101.614029, 3.071239], [101.614084, 3.071239], [101.614224, 3.07121], [101.614224, 3.071063]]]}}, {"type": "Feature", "properties": {}, "geometry": {"type": "Polygon", "coordinates": [[[101.614224, 3.071063], [101.614084, 3.071092], [101.614084, 3.071239], [101.614139, 3.071239], [101.614279, 3.07121], [101.614279, 3.071063], [101.614224, 3.071063]]]}}, {"type": "Feature", "properties": {}, "geometry": {"type": "Polygon", "coordinates": [[[101.614334, 3.071063], [101.614279, 3.071063], [101.614139, 3.071092], [101.614139, 3.071239], [101.614194, 3.071239], [101.614334, 3.07121], [101.614334, 3.071063]]]}}, {"type": "Feature", "properties": {}, "geometry": {"type": "Polygon", "coordinates": [[[101.614389, 3.071063], [101.614334, 3.071063], [101.614194, 3.071092], [101.614194, 3.071239], [101.614249, 3.071238], [101.61439, 3.07121], [101.614389, 3.071063]]]}}, {"type": "Feature", "properties": {}, "geometry": {"type": "Polygon", "coordinates": [[[101.614445, 3.071063], [101.614389, 3.071063], [101.614249, 3.071091], [101.614249, 3.071238], [101.614305, 3.071238], [101.614445, 3.07121], [101.614445, 3.071063]]]}}, {"type": "Feature", "properties": {}, "geometry": {"type": "Polygon", "coordinates": [[[101.6145, 3.071063], [101.614445, 3.071063], [101.614304, 3.071091], [101.614305, 3.071238], [101.61436, 3.071238], [101.6145, 3.07121], [101.6145, 3.071063]]]}}, {"type": "Feature", "properties": {}, "geometry": {"type": "Polygon", "coordinates": [[[101.614555, 3.071063], [101.6145, 3.071063], [101.61436, 3.071091], [101.61436, 3.071238], [101.614415, 3.071238], [101.614555, 3.07121], [101.614555, 3.071063]]]}}, {"type": "Feature", "properties": {}, "geometry": {"type": "Polygon", "coordinates": [[[101.614555, 3.071063], [101.614415, 3.071091], [101.614415, 3.071238], [101.61447, 3.071238], [101.61461, 3.07121], [101.61461, 3.071063], [101.614555, 3.071063]]]}}, {"type": "Feature", "properties": {}, "geometry": {"type": "Polygon", "coordinates": [[[101.614665, 3.071063], [101.61461, 3.071063], [101.61447, 3.071091], [101.61447, 3.071238], [101.614525, 3.071238], [101.614665, 3.07121], [101.614665, 3.071063]]]}}, {"type": "Feature", "properties": {}, "geometry": {"type": "Polygon", "coordinates": [[[101.61472, 3.071063], [101.614665, 3.071063], [101.614525, 3.071091], [101.614525, 3.071238], [101.614581, 3.071238], [101.614721, 3.07121], [101.61472, 3.071063]]]}}, {"type": "Feature", "properties": {}, "geometry": {"type": "Polygon", "coordinates": [[[101.61478, 3.070898], [101.614724, 3.070898], [101.614584, 3.070926], [101.614584, 3.071062], [101.61464, 3.071062], [101.61478, 3.071033], [101.61478, 3.070898]]]}}, {"type": "Feature", "properties": {}, "geometry": {"type": "Polygon", "coordinates": [[[101.614668, 3.070898], [101.614528, 3.070926], [101.614528, 3.071062], [101.614584, 3.071062], [101.614724, 3.071034], [101.614724, 3.070898], [101.614668, 3.070898]]]}}, {"type": "Feature", "properties": {}, "geometry": {"type": "Polygon", "coordinates": [[[101.614668, 3.070898], [101.614613, 3.070898], [101.614473, 3.070926], [101.614473, 3.071062], [101.614528, 3.071062], [101.614668, 3.071034], [101.614668, 3.070898]]]}}, {"type": "Feature", "properties": {}, "geometry": {"type": "Polygon", "coordinates": [[[101.614613, 3.070898], [101.614557, 3.070898], [101.614417, 3.070926], [101.614417, 3.071062], [101.614473, 3.071062], [101.614613, 3.071034], [101.614613, 3.070898]]]}}, {"type": "Feature", "properties": {}, "geometry": {"type": "Polygon", "coordinates": [[[101.614557, 3.070898], [101.614501, 3.070898], [101.614361, 3.070926], [101.614361, 3.071062], [101.614417, 3.071062], [101.614557, 3.071034], [101.614557, 3.070898]]]}}, {"type": "Feature", "properties": {}, "geometry": {"type": "Polygon", "coordinates": [[[101.614501, 3.070898], [101.614446, 3.070898], [101.614306, 3.070926], [101.614306, 3.071062], [101.614361, 3.071062], [101.614502, 3.071034], [101.614501, 3.070898]]]}}, {"type": "Feature", "properties": {}, "geometry": {"type": "Polygon", "coordinates": [[[101.614446, 3.070898], [101.61439, 3.070898], [101.61425, 3.070927], [101.61425, 3.071062], [101.614306, 3.071062], [101.614446, 3.071034], [101.614446, 3.070898]]]}}, {"type": "Feature", "properties": {}, "geometry": {"type": "Polygon", "coordinates": [[[101.614334, 3.070898], [101.614194, 3.070927], [101.614194, 3.071063], [101.61425, 3.071062], [101.61439, 3.071034], [101.61439, 3.070898], [101.614334, 3.070898]]]}}, {"type": "Feature", "properties": {}, "geometry": {"type": "Polygon", "coordinates": [[[101.614334, 3.070898], [101.614279, 3.070898], [101.614139, 3.070927], [101.614139, 3.071063], [101.614194, 3.071063], [101.614335, 3.071034], [101.614334, 3.070898]]]}}, {"type": "Feature", "properties": {}, "geometry": {"type": "Polygon", "coordinates": [[[101.614279, 3.070898], [101.614223, 3.070898], [101.614083, 3.070927], [101.614083, 3.071063], [101.614139, 3.071063], [101.614279, 3.071034], [101.614279, 3.070898]]]}}, {"type": "Feature", "properties": {}, "geometry": {"type": "Polygon", "coordinates": [[[101.614223, 3.070898], [101.614167, 3.070898], [101.614027, 3.070927], [101.614028, 3.071063], [101.614083, 3.071063], [101.614223, 3.071034], [101.614223, 3.070898]]]}}, {"type": "Feature", "properties": {}, "geometry": {"type": "Polygon", "coordinates": [[[101.614167, 3.070898], [101.614112, 3.070899], [101.613972, 3.070927], [101.613972, 3.071063], [101.614028, 3.071063], [101.614168, 3.071034], [101.614167, 3.070898]]]}}, {"type": "Feature", "properties": {}, "geometry": {"type": "Polygon", "coordinates": [[[101.614056, 3.070899], [101.613916, 3.070927], [101.613916, 3.071063], [101.613972, 3.071063], [101.614112, 3.071034], [101.614112, 3.070899], [101.614056, 3.070899]]]}}, {"type": "Feature", "properties": {}, "geometry": {"type": "Polygon", "coordinates": [[[101.615179, 3.070306], [101.615124, 3.070307], [101.614984, 3.070335], [101.614986, 3.07047], [101.615041, 3.070469], [101.615181, 3.07044], [101.615179, 3.070306]]]}}, {"type": "Feature", "properties": {}, "geometry": {"type": "Polygon", "coordinates": [[[101.615124, 3.070307], [101.615069, 3.070307], [101.614929, 3.070336], [101.614931, 3.07047], [101.614986, 3.07047], [101.615126, 3.070441], [101.615124, 3.070307]]]}}, {"type": "Feature", "properties": {}, "geometry": {"type": "Polygon", "coordinates": [[[101.615016, 3.069966], [101.614875, 3.069995], [101.614874, 3.070131], [101.614929, 3.070132], [101.615069, 3.070103], [101.61507, 3.069967], [101.615016, 3.069966]]]}}, {"type": "Feature", "properties": {}, "geometry": {"type": "Polygon", "coordinates": [[[101.61507, 3.069967], [101.61493, 3.069995], [101.614929, 3.070132], [101.614983, 3.070132], [101.615124, 3.070104], [101.615125, 3.069968], [101.61507, 3.069967]]]}}, {"type": "Feature", "properties": {}, "geometry": {"type": "Polygon", "coordinates": [[[101.615125, 3.069968], [101.614985, 3.069996], [101.614983, 3.070132], [101.615038, 3.070133], [101.615178, 3.070105], [101.61518, 3.069968], [101.615125, 3.069968]]]}}, {"type": "Feature", "properties": {}, "geometry": {"type": "Polygon", "coordinates": [[[101.615131, 3.069811], [101.614991, 3.069839], [101.614991, 3.069976], [101.615044, 3.069976], [101.615185, 3.069947], [101.615185, 3.069811], [101.615131, 3.069811]]]}}, {"type": "Feature", "properties": {}, "geometry": {"type": "Polygon", "coordinates": [[[101.615077, 3.069811], [101.614936, 3.069839], [101.614936, 3.069976], [101.614991, 3.069976], [101.615131, 3.069947], [101.615131, 3.069811], [101.615077, 3.069811]]]}}, {"type": "Feature", "properties": {}, "geometry": {"type": "Polygon", "coordinates": [[[101.615013, 3.069474], [101.614873, 3.069502], [101.614873, 3.069639], [101.614928, 3.069639], [101.615068, 3.069611], [101.615068, 3.069474], [101.615013, 3.069474]]]}}, {"type": "Feature", "properties": {}, "geometry": {"type": "Polygon", "coordinates": [[[101.615068, 3.069474], [101.614928, 3.069503], [101.614928, 3.069639], [101.614983, 3.069639], [101.615123, 3.069611], [101.615123, 3.069474], [101.615068, 3.069474]]]}}, {"type": "Feature", "properties": {}, "geometry": {"type": "Polygon", "coordinates": [[[101.615123, 3.069474], [101.614983, 3.069503], [101.614983, 3.069639], [101.615037, 3.069639], [101.615178, 3.069611], [101.615178, 3.069475], [101.615123, 3.069474]]]}}, {"type": "Feature", "properties": {}, "geometry": {"type": "Polygon", "coordinates": [[[101.615177, 3.069312], [101.615122, 3.069312], [101.614982, 3.06934], [101.614982, 3.069483], [101.615037, 3.069483], [101.615177, 3.069454], [101.615177, 3.069312]]]}}, {"type": "Feature", "properties": {}, "geometry": {"type": "Polygon", "coordinates": [[[101.615122, 3.069312], [101.615067, 3.069312], [101.614927, 3.069341], [101.614928, 3.069483], [101.614982, 3.069483], [101.615123, 3.069454], [101.615122, 3.069312]]]}}, {"type": "Feature", "properties": {}, "geometry": {"type": "Polygon", "coordinates": [[[101.615012, 3.068976], [101.614872, 3.069005], [101.614871, 3.06913], [101.614926, 3.06913], [101.615066, 3.069102], [101.615067, 3.068977], [101.615012, 3.068976]]]}}, {"type": "Feature", "properties": {}, "geometry": {"type": "Polygon", "coordinates": [[[101.615067, 3.068977], [101.614927, 3.069005], [101.614926, 3.06913], [101.614981, 3.06913], [101.615121, 3.069102], [101.615122, 3.068977], [101.615067, 3.068977]]]}}, {"type": "Feature", "properties": {}, "geometry": {"type": "Polygon", "coordinates": [[[101.615122, 3.068977], [101.614982, 3.069005], [101.614981, 3.06913], [101.615036, 3.069131], [101.615176, 3.069102], [101.615177, 3.068978], [101.615122, 3.068977]]]}}, {"type": "Feature", "properties": {}, "geometry": {"type": "Polygon", "coordinates": [[[101.615055, 3.068484], [101.614976, 3.068484], [101.614836, 3.068512], [101.614837, 3.068663], [101.614916, 3.068662], [101.615056, 3.068634], [101.615055, 3.068484]]]}}, {"type": "Feature", "properties": {}, "geometry": {"type": "Polygon", "coordinates": [[[101.61511, 3.068483], [101.615055, 3.068484], [101.614915, 3.068512], [101.614916, 3.068662], [101.614971, 3.068662], [101.615111, 3.068634], [101.61511, 3.068483]]]}}, {"type": "Feature", "properties": {}, "geometry": {"type": "Polygon", "coordinates": [[[101.615165, 3.068483], [101.61511, 3.068483], [101.61497, 3.068512], [101.614971, 3.068662], [101.615026, 3.068662], [101.615166, 3.068633], [101.615165, 3.068483]]]}}, {"type": "Feature", "properties": {}, "geometry": {"type": "Polygon", "coordinates": [[[101.615116, 3.068301], [101.614975, 3.06833], [101.614975, 3.068485], [101.615029, 3.068485], [101.61517, 3.068457], [101.615171, 3.068302], [101.615116, 3.068301]]]}}, {"type": "Feature", "properties": {}, "geometry": {"type": "Polygon", "coordinates": [[[101.615061, 3.068301], [101.614921, 3.068329], [101.61492, 3.068485], [101.614975, 3.068485], [101.615115, 3.068457], [101.615116, 3.068301], [101.615061, 3.068301]]]}}, {"type": "Feature", "properties": {}, "geometry": {"type": "Polygon", "coordinates": [[[101.615005, 3.067979], [101.614864, 3.068007], [101.614863, 3.068158], [101.614918, 3.068159], [101.615058, 3.06813], [101.615059, 3.067979], [101.615005, 3.067979]]]}}, {"type": "Feature", "properties": {}, "geometry": {"type": "Polygon", "coordinates": [[[101.615059, 3.067979], [101.614919, 3.068008], [101.614918, 3.068159], [101.614972, 3.068159], [101.615113, 3.068131], [101.615114, 3.06798], [101.615059, 3.067979]]]}}, {"type": "Feature", "properties": {}, "geometry": {"type": "Polygon", "coordinates": [[[101.615114, 3.06798], [101.614974, 3.068008], [101.614972, 3.068159], [101.615027, 3.06816], [101.615167, 3.068131], [101.615169, 3.06798], [101.615114, 3.06798]]]}}, {"type": "Feature", "properties": {}, "geometry": {"type": "Polygon", "coordinates": [[[101.615113, 3.067808], [101.614973, 3.067836], [101.614973, 3.067986], [101.615027, 3.067986], [101.615167, 3.067958], [101.615168, 3.067808], [101.615113, 3.067808]]]}}, {"type": "Feature", "properties": {}, "geometry": {"type": "Polygon", "coordinates": [[[101.615059, 3.067808], [101.614919, 3.067836], [101.614918, 3.067986], [101.614973, 3.067986], [101.615113, 3.067958], [101.615113, 3.067808], [101.615059, 3.067808]]]}}, {"type": "Feature", "properties": {}, "geometry": {"type": "Polygon", "coordinates": [[[101.614717, 3.069477], [101.614577, 3.069505], [101.614576, 3.069638], [101.614631, 3.069638], [101.614771, 3.06961], [101.614773, 3.069478], [101.614717, 3.069477]]]}}, {"type": "Feature", "properties": {}, "geometry": {"type": "Polygon", "coordinates": [[[101.614662, 3.069477], [101.614522, 3.069505], [101.61452, 3.069637], [101.614576, 3.069638], [101.614716, 3.069609], [101.614717, 3.069477], [101.614662, 3.069477]]]}}, {"type": "Feature", "properties": {}, "geometry": {"type": "Polygon", "coordinates": [[[101.614607, 3.069476], [101.614466, 3.069504], [101.614465, 3.069637], [101.61452, 3.069637], [101.614661, 3.069609], [101.614662, 3.069477], [101.614607, 3.069476]]]}}, {"type": "Feature", "properties": {}, "geometry": {"type": "Polygon", "coordinates": [[[101.614551, 3.069475], [101.614411, 3.069504], [101.61441, 3.069636], [101.614465, 3.069637], [101.614605, 3.069608], [101.614607, 3.069476], [101.614551, 3.069475]]]}}, {"type": "Feature", "properties": {}, "geometry": {"type": "Polygon", "coordinates": [[[101.614496, 3.069475], [101.614356, 3.069503], [101.614354, 3.069635], [101.61441, 3.069636], [101.61455, 3.069608], [101.614551, 3.069475], [101.614496, 3.069475]]]}}, {"type": "Feature", "properties": {}, "geometry": {"type": "Polygon", "coordinates": [[[101.61444, 3.069474], [101.6143, 3.069503], [101.614299, 3.069635], [101.614354, 3.069635], [101.614494, 3.069607], [101.614496, 3.069475], [101.61444, 3.069474]]]}}, {"type": "Feature", "properties": {}, "geometry": {"type": "Polygon", "coordinates": [[[101.614385, 3.069474], [101.614245, 3.069502], [101.614244, 3.069634], [101.614299, 3.069635], [101.614439, 3.069607], [101.61444, 3.069474], [101.614385, 3.069474]]]}}, {"type": "Feature", "properties": {}, "geometry": {"type": "Polygon", "coordinates": [[[101.61433, 3.069473], [101.614189, 3.069502], [101.614188, 3.069634], [101.614244, 3.069634], [101.614384, 3.069606], [101.614385, 3.069474], [101.61433, 3.069473]]]}}, {"type": "Feature", "properties": {}, "geometry": {"type": "Polygon", "coordinates": [[[101.614274, 3.069473], [101.614134, 3.069501], [101.614133, 3.069633], [101.614188, 3.069634], [101.614328, 3.069605], [101.61433, 3.069473], [101.614274, 3.069473]]]}}, {"type": "Feature", "properties": {}, "geometry": {"type": "Polygon", "coordinates": [[[101.614219, 3.069472], [101.614079, 3.069501], [101.614077, 3.069633], [101.614133, 3.069633], [101.614273, 3.069605], [101.614274, 3.069473], [101.614219, 3.069472]]]}}, {"type": "Feature", "properties": {}, "geometry": {"type": "Polygon", "coordinates": [[[101.614163, 3.069472], [101.614023, 3.0695], [101.614022, 3.069632], [101.614077, 3.069633], [101.614218, 3.069604], [101.614219, 3.069472], [101.614163, 3.069472]]]}}, {"type": "Feature", "properties": {}, "geometry": {"type": "Polygon", "coordinates": [[[101.614108, 3.069471], [101.613968, 3.069499], [101.613967, 3.069631], [101.614022, 3.069632], [101.614162, 3.069604], [101.614163, 3.069472], [101.614108, 3.069471]]]}}, {"type": "Feature", "properties": {}, "geometry": {"type": "Polygon", "coordinates": [[[101.614053, 3.06947], [101.613913, 3.069499], [101.613911, 3.069631], [101.613967, 3.069631], [101.614107, 3.069603], [101.614108, 3.069471], [101.614053, 3.06947]]]}}, {"type": "Feature", "properties": {}, "geometry": {"type": "Polygon", "coordinates": [[[101.614721, 3.069327], [101.614581, 3.069355], [101.61458, 3.069483], [101.614635, 3.069484], [101.614776, 3.069455], [101.614776, 3.069328], [101.614721, 3.069327]]]}}, {"type": "Feature", "properties": {}, "geometry": {"type": "Polygon", "coordinates": [[[101.614666, 3.069327], [101.614526, 3.069355], [101.614525, 3.069483], [101.61458, 3.069483], [101.61472, 3.069455], [101.614721, 3.069327], [101.614666, 3.069327]]]}}, {"type": "Feature", "properties": {}, "geometry": {"type": "Polygon", "coordinates": [[[101.61461, 3.069326], [101.61447, 3.069355], [101.614469, 3.069482], [101.614525, 3.069483], [101.614665, 3.069455], [101.614666, 3.069327], [101.61461, 3.069326]]]}}, {"type": "Feature", "properties": {}, "geometry": {"type": "Polygon", "coordinates": [[[101.614555, 3.069326], [101.614415, 3.069354], [101.614414, 3.069482], [101.614469, 3.069482], [101.614609, 3.069454], [101.61461, 3.069326], [101.614555, 3.069326]]]}}, {"type": "Feature", "properties": {}, "geometry": {"type": "Polygon", "coordinates": [[[101.6145, 3.069326], [101.614359, 3.069354], [101.614358, 3.069482], [101.614414, 3.069482], [101.614554, 3.069454], [101.614555, 3.069326], [101.6145, 3.069326]]]}}, {"type": "Feature", "properties": {}, "geometry": {"type": "Polygon", "coordinates": [[[101.614444, 3.069325], [101.614304, 3.069354], [101.614303, 3.069481], [101.614358, 3.069482], [101.614499, 3.069453], [101.6145, 3.069326], [101.614444, 3.069325]]]}}, {"type": "Feature", "properties": {}, "geometry": {"type": "Polygon", "coordinates": [[[101.614389, 3.069325], [101.614249, 3.069353], [101.614248, 3.069481], [101.614303, 3.069481], [101.614443, 3.069453], [101.614444, 3.069325], [101.614389, 3.069325]]]}}, {"type": "Feature", "properties": {}, "geometry": {"type": "Polygon", "coordinates": [[[101.614333, 3.069325], [101.614193, 3.069353], [101.614192, 3.069481], [101.614248, 3.069481], [101.614388, 3.069453], [101.614389, 3.069325], [101.614333, 3.069325]]]}}, {"type": "Feature", "properties": {}, "geometry": {"type": "Polygon", "coordinates": [[[101.614278, 3.069324], [101.614138, 3.069352], [101.614137, 3.06948], [101.614192, 3.069481], [101.614333, 3.069452], [101.614333, 3.069325], [101.614278, 3.069324]]]}}, {"type": "Feature", "properties": {}, "geometry": {"type": "Polygon", "coordinates": [[[101.614223, 3.069324], [101.614083, 3.069352], [101.614082, 3.06948], [101.614137, 3.06948], [101.614277, 3.069452], [101.614278, 3.069324], [101.614223, 3.069324]]]}}, {"type": "Feature", "properties": {}, "geometry": {"type": "Polygon", "coordinates": [[[101.614167, 3.069323], [101.614027, 3.069352], [101.614026, 3.069479], [101.614082, 3.06948], [101.614222, 3.069452], [101.614223, 3.069324], [101.614167, 3.069323]]]}}, {"type": "Feature", "properties": {}, "geometry": {"type": "Polygon", "coordinates": [[[101.614112, 3.069323], [101.613972, 3.069351], [101.613971, 3.069479], [101.614026, 3.069479], [101.614166, 3.069451], [101.614167, 3.069323], [101.614112, 3.069323]]]}}, {"type": "Feature", "properties": {}, "geometry": {"type": "Polygon", "coordinates": [[[101.614057, 3.069323], [101.613916, 3.069351], [101.613916, 3.069479], [101.613971, 3.069479], [101.614111, 3.069451], [101.614112, 3.069323], [101.614057, 3.069323]]]}}, {"type": "Feature", "properties": {}, "geometry": {"type": "Polygon", "coordinates": [[[101.613997, 3.068978], [101.613857, 3.069007], [101.613856, 3.069137], [101.613911, 3.069137], [101.614051, 3.069109], [101.614052, 3.068979], [101.613997, 3.068978]]]}}, {"type": "Feature", "properties": {}, "geometry": {"type": "Polygon", "coordinates": [[[101.614052, 3.068979], [101.613912, 3.069007], [101.613911, 3.069137], [101.613965, 3.069137], [101.614106, 3.069109], [101.614106, 3.068979], [101.614052, 3.068979]]]}}, {"type": "Feature", "properties": {}, "geometry": {"type": "Polygon", "coordinates": [[[101.614106, 3.068979], [101.613966, 3.069008], [101.613965, 3.069137], [101.61402, 3.069138], [101.61416, 3.069109], [101.614161, 3.06898], [101.614106, 3.068979]]]}}, {"type": "Feature", "properties": {}, "geometry": {"type": "Polygon", "coordinates": [[[101.614161, 3.06898], [101.614021, 3.069008], [101.61402, 3.069138], [101.614075, 3.069138], [101.614215, 3.06911], [101.614216, 3.06898], [101.614161, 3.06898]]]}}, {"type": "Feature", "properties": {}, "geometry": {"type": "Polygon", "coordinates": [[[101.614216, 3.06898], [101.614075, 3.069008], [101.614075, 3.069138], [101.614129, 3.069139], [101.614269, 3.06911], [101.61427, 3.06898], [101.614216, 3.06898]]]}}, {"type": "Feature", "properties": {}, "geometry": {"type": "Polygon", "coordinates": [[[101.61427, 3.06898], [101.61413, 3.069009], [101.614129, 3.069139], [101.614184, 3.069139], [101.614324, 3.06911], [101.614325, 3.068981], [101.61427, 3.06898]]]}}, {"type": "Feature", "properties": {}, "geometry": {"type": "Polygon", "coordinates": [[[101.614325, 3.068981], [101.614185, 3.069009], [101.614184, 3.069139], [101.614238, 3.069139], [101.614379, 3.069111], [101.614379, 3.068981], [101.614325, 3.068981]]]}}, {"type": "Feature", "properties": {}, "geometry": {"type": "Polygon", "coordinates": [[[101.614379, 3.068981], [101.614239, 3.069009], [101.614238, 3.069139], [101.614293, 3.06914], [101.614433, 3.069111], [101.614434, 3.068981], [101.614379, 3.068981]]]}}, {"type": "Feature", "properties": {}, "geometry": {"type": "Polygon", "coordinates": [[[101.614434, 3.068981], [101.614294, 3.06901], [101.614293, 3.06914], [101.614347, 3.06914], [101.614488, 3.069112], [101.614489, 3.068982], [101.614434, 3.068981]]]}}, {"type": "Feature", "properties": {}, "geometry": {"type": "Polygon", "coordinates": [[[101.614489, 3.068982], [101.614348, 3.06901], [101.614347, 3.06914], [101.614402, 3.06914], [101.614542, 3.069112], [101.614543, 3.068982], [101.614489, 3.068982]]]}}, {"type": "Feature", "properties": {}, "geometry": {"type": "Polygon", "coordinates": [[[101.614543, 3.068982], [101.614403, 3.06901], [101.614402, 3.06914], [101.614457, 3.069141], [101.614597, 3.069112], [101.614598, 3.068982], [101.614543, 3.068982]]]}}, {"type": "Feature", "properties": {}, "geometry": {"type": "Polygon", "coordinates": [[[101.614598, 3.068982], [101.614458, 3.069011], [101.614457, 3.069141], [101.614511, 3.069141], [101.614651, 3.069113], [101.614652, 3.068983], [101.614598, 3.068982]]]}}, {"type": "Feature", "properties": {}, "geometry": {"type": "Polygon", "coordinates": [[[101.614652, 3.068983], [101.614512, 3.069011], [101.614511, 3.069141], [101.614566, 3.069141], [101.614706, 3.069113], [101.614707, 3.068983], [101.614652, 3.068983]]]}}, {"type": "Feature", "properties": {}, "geometry": {"type": "Polygon", "coordinates": [[[101.614706, 3.068806], [101.614565, 3.068834], [101.614564, 3.06899], [101.614619, 3.06899], [101.614759, 3.068962], [101.614761, 3.068806], [101.614706, 3.068806]]]}}, {"type": "Feature", "properties": {}, "geometry": {"type": "Polygon", "coordinates": [[[101.614651, 3.068805], [101.614511, 3.068834], [101.614509, 3.068989], [101.614564, 3.06899], [101.614704, 3.068961], [101.614706, 3.068806], [101.614651, 3.068805]]]}}, {"type": "Feature", "properties": {}, "geometry": {"type": "Polygon", "coordinates": [[[101.614596, 3.068805], [101.614456, 3.068833], [101.614454, 3.068988], [101.614509, 3.068989], [101.614649, 3.068961], [101.614651, 3.068805], [101.614596, 3.068805]]]}}, {"type": "Feature", "properties": {}, "geometry": {"type": "Polygon", "coordinates": [[[101.614541, 3.068804], [101.614401, 3.068832], [101.614399, 3.068988], [101.614454, 3.068988], [101.614594, 3.06896], [101.614596, 3.068805], [101.614541, 3.068804]]]}}, {"type": "Feature", "properties": {}, "geometry": {"type": "Polygon", "coordinates": [[[101.614486, 3.068803], [101.614346, 3.068832], [101.614344, 3.068987], [101.614399, 3.068988], [101.614539, 3.068959], [101.614541, 3.068804], [101.614486, 3.068803]]]}}, {"type": "Feature", "properties": {}, "geometry": {"type": "Polygon", "coordinates": [[[101.614431, 3.068803], [101.614291, 3.068831], [101.614289, 3.068987], [101.614344, 3.068987], [101.614484, 3.068959], [101.614486, 3.068803], [101.614431, 3.068803]]]}}, {"type": "Feature", "properties": {}, "geometry": {"type": "Polygon", "coordinates": [[[101.614376, 3.068802], [101.614236, 3.068831], [101.614234, 3.068986], [101.614289, 3.068987], [101.614429, 3.068958], [101.614431, 3.068803], [101.614376, 3.068802]]]}}, {"type": "Feature", "properties": {}, "geometry": {"type": "Polygon", "coordinates": [[[101.614321, 3.068802], [101.614181, 3.06883], [101.614179, 3.068986], [101.614234, 3.068986], [101.614374, 3.068958], [101.614376, 3.068802], [101.614321, 3.068802]]]}}, {"type": "Feature", "properties": {}, "geometry": {"type": "Polygon", "coordinates": [[[101.614266, 3.068801], [101.614126, 3.06883], [101.614124, 3.068985], [101.614179, 3.068986], [101.61432, 3.068957], [101.614321, 3.068802], [101.614266, 3.068801]]]}}, {"type": "Feature", "properties": {}, "geometry": {"type": "Polygon", "coordinates": [[[101.614211, 3.068801], [101.614071, 3.068829], [101.614069, 3.068984], [101.614124, 3.068985], [101.614265, 3.068957], [101.614266, 3.068801], [101.614211, 3.068801]]]}}, {"type": "Feature", "properties": {}, "geometry": {"type": "Polygon", "coordinates": [[[101.614156, 3.0688], [101.614016, 3.068828], [101.614014, 3.068984], [101.614069, 3.068984], [101.61421, 3.068956], [101.614211, 3.068801], [101.614156, 3.0688]]]}}, {"type": "Feature", "properties": {}, "geometry": {"type": "Polygon", "coordinates": [[[101.614101, 3.068799], [101.613961, 3.068828], [101.61396, 3.068983], [101.614014, 3.068984], [101.614155, 3.068955], [101.614156, 3.0688], [101.614101, 3.068799]]]}}, {"type": "Feature", "properties": {}, "geometry": {"type": "Polygon", "coordinates": [[[101.614046, 3.068799], [101.613906, 3.068827], [101.613905, 3.068983], [101.61396, 3.068983], [101.6141, 3.068955], [101.614101, 3.068799], [101.614046, 3.068799]]]}}, {"type": "Feature", "properties": {}, "geometry": {"type": "Polygon", "coordinates": [[[101.61394, 3.068476], [101.6138, 3.068504], [101.613798, 3.068664], [101.6139, 3.068666], [101.61404, 3.068637], [101.614043, 3.068477], [101.61394, 3.068476]]]}}, {"type": "Feature", "properties": {}, "geometry": {"type": "Polygon", "coordinates": [[[101.614043, 3.068477], [101.613902, 3.068505], [101.6139, 3.068666], [101.613956, 3.068666], [101.614096, 3.068638], [101.614098, 3.068478], [101.614043, 3.068477]]]}}, {"type": "Feature", "properties": {}, "geometry": {"type": "Polygon", "coordinates": [[[101.614098, 3.068478], [101.613958, 3.068506], [101.613956, 3.068666], [101.614011, 3.068667], [101.614151, 3.068639], [101.614153, 3.068478], [101.614098, 3.068478]]]}}, {"type": "Feature", "properties": {}, "geometry": {"type": "Polygon", "coordinates": [[[101.614153, 3.068478], [101.614013, 3.068507], [101.614011, 3.068667], [101.614066, 3.068668], [101.614206, 3.068639], [101.614208, 3.068479], [101.614153, 3.068478]]]}}, {"type": "Feature", "properties": {}, "geometry": {"type": "Polygon", "coordinates": [[[101.614208, 3.068479], [101.614068, 3.068507], [101.614066, 3.068668], [101.614121, 3.068668], [101.614261, 3.06864], [101.614263, 3.06848], [101.614208, 3.068479]]]}}, {"type": "Feature", "properties": {}, "geometry": {"type": "Polygon", "coordinates": [[[101.614263, 3.06848], [101.614123, 3.068508], [101.614121, 3.068668], [101.614176, 3.068669], [101.614316, 3.068641], [101.614318, 3.068481], [101.614263, 3.06848]]]}}, {"type": "Feature", "properties": {}, "geometry": {"type": "Polygon", "coordinates": [[[101.614318, 3.068481], [101.614178, 3.068509], [101.614176, 3.068669], [101.614231, 3.06867], [101.614371, 3.068642], [101.614374, 3.068481], [101.614318, 3.068481]]]}}, {"type": "Feature", "properties": {}, "geometry": {"type": "Polygon", "coordinates": [[[101.614374, 3.068481], [101.614233, 3.06851], [101.614231, 3.06867], [101.614286, 3.068671], [101.614427, 3.068642], [101.614429, 3.068482], [101.614374, 3.068481]]]}}, {"type": "Feature", "properties": {}, "geometry": {"type": "Polygon", "coordinates": [[[101.614429, 3.068482], [101.614289, 3.06851], [101.614286, 3.068671], [101.614342, 3.068671], [101.614482, 3.068643], [101.614484, 3.068483], [101.614429, 3.068482]]]}}, {"type": "Feature", "properties": {}, "geometry": {"type": "Polygon", "coordinates": [[[101.614484, 3.068483], [101.614344, 3.068511], [101.614342, 3.068671], [101.614397, 3.068672], [101.614537, 3.068644], [101.614539, 3.068483], [101.614484, 3.068483]]]}}, {"type": "Feature", "properties": {}, "geometry": {"type": "Polygon", "coordinates": [[[101.614539, 3.068483], [101.614399, 3.068512], [101.614397, 3.068672], [101.614452, 3.068673], [101.614592, 3.068644], [101.614594, 3.068484], [101.614539, 3.068483]]]}}, {"type": "Feature", "properties": {}, "geometry": {"type": "Polygon", "coordinates": [[[101.614594, 3.068484], [101.614454, 3.068512], [101.614452, 3.068673], [101.614507, 3.068673], [101.614647, 3.068645], [101.614649, 3.068485], [101.614594, 3.068484]]]}}, {"type": "Feature", "properties": {}, "geometry": {"type": "Polygon", "coordinates": [[[101.614649, 3.068485], [101.614509, 3.068513], [101.614507, 3.068673], [101.614562, 3.068674], [101.614702, 3.068646], [101.614705, 3.068486], [101.614649, 3.068485]]]}}, {"type": "Feature", "properties": {}, "geometry": {"type": "Polygon", "coordinates": [[[101.614705, 3.068312], [101.614565, 3.068341], [101.614564, 3.068492], [101.614619, 3.068492], [101.614759, 3.068464], [101.61476, 3.068313], [101.614705, 3.068312]]]}}, {"type": "Feature", "properties": {}, "geometry": {"type": "Polygon", "coordinates": [[[101.61465, 3.068312], [101.61451, 3.06834], [101.614509, 3.068491], [101.614564, 3.068492], [101.614704, 3.068463], [101.614705, 3.068312], [101.61465, 3.068312]]]}}, {"type": "Feature", "properties": {}, "geometry": {"type": "Polygon", "coordinates": [[[101.614595, 3.068311], [101.614455, 3.06834], [101.614454, 3.068491], [101.614509, 3.068491], [101.614649, 3.068463], [101.61465, 3.068312], [101.614595, 3.068311]]]}}, {"type": "Feature", "properties": {}, "geometry": {"type": "Polygon", "coordinates": [[[101.61454, 3.068311], [101.6144, 3.068339], [101.614399, 3.06849], [101.614454, 3.068491], [101.614594, 3.068463], [101.614595, 3.068311], [101.61454, 3.068311]]]}}, {"type": "Feature", "properties": {}, "geometry": {"type": "Polygon", "coordinates": [[[101.614485, 3.068311], [101.614345, 3.068339], [101.614344, 3.06849], [101.614399, 3.06849], [101.614539, 3.068462], [101.61454, 3.068311], [101.614485, 3.068311]]]}}, {"type": "Feature", "properties": {}, "geometry": {"type": "Polygon", "coordinates": [[[101.61443, 3.06831], [101.61429, 3.068339], [101.614289, 3.06849], [101.614344, 3.06849], [101.614484, 3.068462], [101.614485, 3.068311], [101.61443, 3.06831]]]}}, {"type": "Feature", "properties": {}, "geometry": {"type": "Polygon", "coordinates": [[[101.614375, 3.06831], [101.614235, 3.068338], [101.614234, 3.06849], [101.614289, 3.06849], [101.614429, 3.068461], [101.61443, 3.06831], [101.614375, 3.06831]]]}}, {"type": "Feature", "properties": {}, "geometry": {"type": "Polygon", "coordinates": [[[101.61432, 3.06831], [101.61418, 3.068338], [101.614179, 3.068489], [101.614234, 3.06849], [101.614374, 3.068461], [101.614375, 3.06831], [101.61432, 3.06831]]]}}, {"type": "Feature", "properties": {}, "geometry": {"type": "Polygon", "coordinates": [[[101.614265, 3.068309], [101.614125, 3.068338], [101.614124, 3.068489], [101.614179, 3.068489], [101.614319, 3.068461], [101.61432, 3.06831], [101.614265, 3.068309]]]}}, {"type": "Feature", "properties": {}, "geometry": {"type": "Polygon", "coordinates": [[[101.61421, 3.068309], [101.61407, 3.068337], [101.614069, 3.068488], [101.614124, 3.068489], [101.614264, 3.06846], [101.614265, 3.068309], [101.61421, 3.068309]]]}}, {"type": "Feature", "properties": {}, "geometry": {"type": "Polygon", "coordinates": [[[101.614155, 3.068309], [101.614015, 3.068337], [101.614014, 3.068488], [101.614069, 3.068488], [101.614209, 3.06846], [101.61421, 3.068309], [101.614155, 3.068309]]]}}, {"type": "Feature", "properties": {}, "geometry": {"type": "Polygon", "coordinates": [[[101.6141, 3.068308], [101.61396, 3.068337], [101.613959, 3.068488], [101.614014, 3.068488], [101.614154, 3.06846], [101.614155, 3.068309], [101.6141, 3.068308]]]}}, {"type": "Feature", "properties": {}, "geometry": {"type": "Polygon", "coordinates": [[[101.614045, 3.068308], [101.613905, 3.068336], [101.613904, 3.068487], [101.613959, 3.068488], [101.614099, 3.068459], [101.6141, 3.068308], [101.614045, 3.068308]]]}}, {"type": "Feature", "properties": {}, "geometry": {"type": "Polygon", "coordinates": [[[101.613953, 3.067984], [101.613813, 3.068013], [101.613812, 3.068167], [101.613901, 3.068168], [101.614041, 3.068139], [101.614042, 3.067985], [101.613953, 3.067984]]]}}, {"type": "Feature", "properties": {}, "geometry": {"type": "Polygon", "coordinates": [[[101.614042, 3.067985], [101.613901, 3.068013], [101.613901, 3.068168], [101.613956, 3.068168], [101.614096, 3.06814], [101.614097, 3.067985], [101.614042, 3.067985]]]}}, {"type": "Feature", "properties": {}, "geometry": {"type": "Polygon", "coordinates": [[[101.614097, 3.067985], [101.613957, 3.068014], [101.613956, 3.068168], [101.614011, 3.068169], [101.614151, 3.06814], [101.614152, 3.067985], [101.614097, 3.067985]]]}}, {"type": "Feature", "properties": {}, "geometry": {"type": "Polygon", "coordinates": [[[101.614152, 3.067985], [101.614012, 3.068014], [101.614011, 3.068169], [101.614066, 3.068169], [101.614206, 3.06814], [101.614207, 3.067986], [101.614152, 3.067985]]]}}, {"type": "Feature", "properties": {}, "geometry": {"type": "Polygon", "coordinates": [[[101.614207, 3.067986], [101.614067, 3.068014], [101.614066, 3.068169], [101.614121, 3.068169], [101.614261, 3.068141], [101.614262, 3.067986], [101.614207, 3.067986]]]}}, {"type": "Feature", "properties": {}, "geometry": {"type": "Polygon", "coordinates": [[[101.614262, 3.067986], [101.614122, 3.068014], [101.614121, 3.068169], [101.614176, 3.06817], [101.614317, 3.068141], [101.614318, 3.067986], [101.614262, 3.067986]]]}}, {"type": "Feature", "properties": {}, "geometry": {"type": "Polygon", "coordinates": [[[101.614318, 3.067986], [101.614177, 3.068015], [101.614176, 3.06817], [101.614232, 3.06817], [101.614372, 3.068142], [101.614373, 3.067987], [101.614318, 3.067986]]]}}, {"type": "Feature", "properties": {}, "geometry": {"type": "Polygon", "coordinates": [[[101.614373, 3.067987], [101.614233, 3.068015], [101.614232, 3.06817], [101.614287, 3.06817], [101.614427, 3.068142], [101.614428, 3.067987], [101.614373, 3.067987]]]}}, {"type": "Feature", "properties": {}, "geometry": {"type": "Polygon", "coordinates": [[[101.614428, 3.067987], [101.614288, 3.068016], [101.614287, 3.06817], [101.614342, 3.068171], [101.614482, 3.068142], [101.614483, 3.067988], [101.614428, 3.067987]]]}}, {"type": "Feature", "properties": {}, "geometry": {"type": "Polygon", "coordinates": [[[101.614483, 3.067988], [101.614343, 3.068016], [101.614342, 3.068171], [101.614397, 3.068171], [101.614537, 3.068143], [101.614538, 3.067988], [101.614483, 3.067988]]]}}, {"type": "Feature", "properties": {}, "geometry": {"type": "Polygon", "coordinates": [[[101.614538, 3.067988], [101.614398, 3.068016], [101.614397, 3.068171], [101.614452, 3.068171], [101.614592, 3.068143], [101.614593, 3.067988], [101.614538, 3.067988]]]}}, {"type": "Feature", "properties": {}, "geometry": {"type": "Polygon", "coordinates": [[[101.614593, 3.067988], [101.614453, 3.068017], [101.614452, 3.068171], [101.614507, 3.068172], [101.614648, 3.068143], [101.614649, 3.067989], [101.614593, 3.067988]]]}}, {"type": "Feature", "properties": {}, "geometry": {"type": "Polygon", "coordinates": [[[101.614649, 3.067989], [101.614508, 3.068017], [101.614507, 3.068172], [101.614563, 3.068172], [101.614703, 3.068144], [101.614704, 3.067989], [101.614649, 3.067989]]]}}, {"type": "Feature", "properties": {}, "geometry": {"type": "Polygon", "coordinates": [[[101.614758, 3.067803], [101.614703, 3.067803], [101.614563, 3.067831], [101.614564, 3.067983], [101.614618, 3.067983], [101.614758, 3.067954], [101.614758, 3.067803]]]}}, {"type": "Feature", "properties": {}, "geometry": {"type": "Polygon", "coordinates": [[[101.614703, 3.067803], [101.614649, 3.067803], [101.614509, 3.067831], [101.614509, 3.067983], [101.614564, 3.067983], [101.614704, 3.067954], [101.614703, 3.067803]]]}}, {"type": "Feature", "properties": {}, "geometry": {"type": "Polygon", "coordinates": [[[101.614649, 3.067803], [101.614594, 3.067803], [101.614454, 3.067832], [101.614454, 3.067983], [101.614509, 3.067983], [101.614649, 3.067955], [101.614649, 3.067803]]]}}, {"type": "Feature", "properties": {}, "geometry": {"type": "Polygon", "coordinates": [[[101.614594, 3.067803], [101.61454, 3.067803], [101.614399, 3.067832], [101.6144, 3.067983], [101.614454, 3.067983], [101.614595, 3.067955], [101.614594, 3.067803]]]}}, {"type": "Feature", "properties": {}, "geometry": {"type": "Polygon", "coordinates": [[[101.61454, 3.067803], [101.614485, 3.067804], [101.614345, 3.067832], [101.614345, 3.067983], [101.6144, 3.067983], [101.61454, 3.067955], [101.61454, 3.067803]]]}}, {"type": "Feature", "properties": {}, "geometry": {"type": "Polygon", "coordinates": [[[101.614485, 3.067804], [101.61443, 3.067804], [101.61429, 3.067832], [101.614291, 3.067984], [101.614345, 3.067983], [101.614485, 3.067955], [101.614485, 3.067804]]]}}, {"type": "Feature", "properties": {}, "geometry": {"type": "Polygon", "coordinates": [[[101.61443, 3.067804], [101.614376, 3.067804], [101.614236, 3.067832], [101.614236, 3.067984], [101.614291, 3.067984], [101.614431, 3.067955], [101.61443, 3.067804]]]}}, {"type": "Feature", "properties": {}, "geometry": {"type": "Polygon", "coordinates": [[[101.614376, 3.067804], [101.614321, 3.067804], [101.614181, 3.067833], [101.614182, 3.067984], [101.614236, 3.067984], [101.614376, 3.067956], [101.614376, 3.067804]]]}}, {"type": "Feature", "properties": {}, "geometry": {"type": "Polygon", "coordinates": [[[101.614321, 3.067804], [101.614267, 3.067804], [101.614126, 3.067833], [101.614127, 3.067984], [101.614182, 3.067984], [101.614322, 3.067956], [101.614321, 3.067804]]]}}, {"type": "Feature", "properties": {}, "geometry": {"type": "Polygon", "coordinates": [[[101.614267, 3.067804], [101.614212, 3.067805], [101.614072, 3.067833], [101.614072, 3.067985], [101.614127, 3.067984], [101.614267, 3.067956], [101.614267, 3.067804]]]}}, {"type": "Feature", "properties": {}, "geometry": {"type": "Polygon", "coordinates": [[[101.614212, 3.067805], [101.614157, 3.067805], [101.614017, 3.067833], [101.614018, 3.067985], [101.614072, 3.067985], [101.614212, 3.067956], [101.614212, 3.067805]]]}}, {"type": "Feature", "properties": {}, "geometry": {"type": "Polygon", "coordinates": [[[101.614157, 3.067805], [101.614103, 3.067805], [101.613963, 3.067833], [101.613963, 3.067985], [101.614018, 3.067985], [101.614158, 3.067956], [101.614157, 3.067805]]]}}, {"type": "Feature", "properties": {}, "geometry": {"type": "Polygon", "coordinates": [[[101.614103, 3.067805], [101.614048, 3.067805], [101.613908, 3.067833], [101.613908, 3.067985], [101.613963, 3.067985], [101.614103, 3.067956], [101.614103, 3.067805]]]}}, {"type": "Feature", "properties": {}, "geometry": {"type": "Polygon", "coordinates": [[[101.614092, 3.067164], [101.613952, 3.067193], [101.613951, 3.067359], [101.614013, 3.06736], [101.614154, 3.067331], [101.614154, 3.067164], [101.614092, 3.067164]]]}}, {"type": "Feature", "properties": {}, "geometry": {"type": "Polygon", "coordinates": [[[101.614154, 3.067164], [101.614014, 3.067193], [101.614013, 3.06736], [101.614075, 3.06736], [101.614216, 3.067332], [101.614216, 3.067165], [101.614154, 3.067164]]]}}, {"type": "Feature", "properties": {}, "geometry": {"type": "Polygon", "coordinates": [[[101.614216, 3.067165], [101.614076, 3.067193], [101.614075, 3.06736], [101.614138, 3.06736], [101.614278, 3.067332], [101.614278, 3.067165], [101.614216, 3.067165]]]}}, {"type": "Feature", "properties": {}, "geometry": {"type": "Polygon", "coordinates": [[[101.614278, 3.067165], [101.614138, 3.067193], [101.614138, 3.06736], [101.6142, 3.06736], [101.61434, 3.067332], [101.61434, 3.067165], [101.614278, 3.067165]]]}}, {"type": "Feature", "properties": {}, "geometry": {"type": "Polygon", "coordinates": [[[101.61434, 3.067165], [101.6142, 3.067193], [101.6142, 3.06736], [101.614262, 3.06736], [101.614402, 3.067332], [101.614402, 3.067165], [101.61434, 3.067165]]]}}, {"type": "Feature", "properties": {}, "geometry": {"type": "Polygon", "coordinates": [[[101.614402, 3.067165], [101.614262, 3.067194], [101.614262, 3.06736], [101.614324, 3.067361], [101.614464, 3.067332], [101.614464, 3.067165], [101.614402, 3.067165]]]}}, {"type": "Feature", "properties": {}, "geometry": {"type": "Polygon", "coordinates": [[[101.614464, 3.067165], [101.614324, 3.067194], [101.614324, 3.067361], [101.614386, 3.067361], [101.614526, 3.067332], [101.614527, 3.067166], [101.614464, 3.067165]]]}}, {"type": "Feature", "properties": {}, "geometry": {"type": "Polygon", "coordinates": [[[101.614527, 3.067166], [101.614386, 3.067194], [101.614386, 3.067361], [101.614448, 3.067361], [101.614588, 3.067333], [101.614589, 3.067166], [101.614527, 3.067166]]]}}, {"type": "Feature", "properties": {}, "geometry": {"type": "Polygon", "coordinates": [[[101.614589, 3.067166], [101.614448, 3.067194], [101.614448, 3.067361], [101.61451, 3.067361], [101.61465, 3.067333], [101.614651, 3.067166], [101.614589, 3.067166]]]}}, {"type": "Feature", "properties": {}, "geometry": {"type": "Polygon", "coordinates": [[[101.614651, 3.067166], [101.614511, 3.067194], [101.61451, 3.067361], [101.614572, 3.067361], [101.614712, 3.067333], [101.614713, 3.067166], [101.614651, 3.067166]]]}}, {"type": "Feature", "properties": {}, "geometry": {"type": "Polygon", "coordinates": [[[101.614713, 3.067166], [101.614573, 3.067194], [101.614572, 3.067361], [101.614634, 3.067362], [101.614774, 3.067333], [101.614775, 3.067166], [101.614713, 3.067166]]]}}, {"type": "Feature", "properties": {}, "geometry": {"type": "Polygon", "coordinates": [[[101.614775, 3.067166], [101.614635, 3.067195], [101.614634, 3.067362], [101.614696, 3.067362], [101.614836, 3.067333], [101.614837, 3.067166], [101.614775, 3.067166]]]}}, {"type": "Feature", "properties": {}, "geometry": {"type": "Polygon", "coordinates": [[[101.614837, 3.067166], [101.614697, 3.067195], [101.614696, 3.067362], [101.614758, 3.067362], [101.614898, 3.067334], [101.614899, 3.067167], [101.614837, 3.067166]]]}}, {"type": "Feature", "properties": {}, "geometry": {"type": "Polygon", "coordinates": [[[101.614902, 3.066991], [101.614762, 3.067019], [101.614761, 3.067169], [101.614823, 3.067169], [101.614963, 3.067141], [101.614964, 3.066991], [101.614902, 3.066991]]]}}, {"type": "Feature", "properties": {}, "geometry": {"type": "Polygon", "coordinates": [[[101.61484, 3.066991], [101.614699, 3.067019], [101.614699, 3.067169], [101.614761, 3.067169], [101.614901, 3.067141], [101.614902, 3.066991], [101.61484, 3.066991]]]}}, {"type": "Feature", "properties": {}, "geometry": {"type": "Polygon", "coordinates": [[[101.614778, 3.066991], [101.614637, 3.067019], [101.614637, 3.067169], [101.614699, 3.067169], [101.614839, 3.067141], [101.61484, 3.066991], [101.614778, 3.066991]]]}}, {"type": "Feature", "properties": {}, "geometry": {"type": "Polygon", "coordinates": [[[101.614715, 3.06699], [101.614575, 3.067019], [101.614575, 3.067169], [101.614637, 3.067169], [101.614777, 3.06714], [101.614778, 3.066991], [101.614715, 3.06699]]]}}, {"type": "Feature", "properties": {}, "geometry": {"type": "Polygon", "coordinates": [[[101.614653, 3.06699], [101.614513, 3.067019], [101.614513, 3.067168], [101.614575, 3.067169], [101.614715, 3.06714], [101.614715, 3.06699], [101.614653, 3.06699]]]}}, {"type": "Feature", "properties": {}, "geometry": {"type": "Polygon", "coordinates": [[[101.614591, 3.06699], [101.614451, 3.067018], [101.614451, 3.067168], [101.614513, 3.067168], [101.614653, 3.06714], [101.614653, 3.06699], [101.614591, 3.06699]]]}}, {"type": "Feature", "properties": {}, "geometry": {"type": "Polygon", "coordinates": [[[101.614529, 3.06699], [101.614389, 3.067018], [101.614389, 3.067168], [101.614451, 3.067168], [101.614591, 3.06714], [101.614591, 3.06699], [101.614529, 3.06699]]]}}, {"type": "Feature", "properties": {}, "geometry": {"type": "Polygon", "coordinates": [[[101.614467, 3.06699], [101.614327, 3.067018], [101.614327, 3.067168], [101.614389, 3.067168], [101.614529, 3.06714], [101.614529, 3.06699], [101.614467, 3.06699]]]}}, {"type": "Feature", "properties": {}, "geometry": {"type": "Polygon", "coordinates": [[[101.614405, 3.066989], [101.614265, 3.067018], [101.614265, 3.067168], [101.614327, 3.067168], [101.614467, 3.067139], [101.614467, 3.06699], [101.614405, 3.066989]]]}}, {"type": "Feature", "properties": {}, "geometry": {"type": "Polygon", "coordinates": [[[101.614343, 3.066989], [101.614203, 3.067017], [101.614203, 3.067167], [101.614265, 3.067168], [101.614405, 3.067139], [101.614405, 3.066989], [101.614343, 3.066989]]]}}, {"type": "Feature", "properties": {}, "geometry": {"type": "Polygon", "coordinates": [[[101.614281, 3.066989], [101.614141, 3.067017], [101.61414, 3.067167], [101.614203, 3.067167], [101.614343, 3.067139], [101.614343, 3.066989], [101.614281, 3.066989]]]}}, {"type": "Feature", "properties": {}, "geometry": {"type": "Polygon", "coordinates": [[[101.614219, 3.066989], [101.614079, 3.067017], [101.614078, 3.067167], [101.61414, 3.067167], [101.614281, 3.067139], [101.614281, 3.066989], [101.614219, 3.066989]]]}}, {"type": "Feature", "properties": {}, "geometry": {"type": "Polygon", "coordinates": [[[101.614157, 3.066989], [101.614017, 3.067017], [101.614016, 3.067167], [101.614078, 3.067167], [101.614218, 3.067139], [101.614219, 3.066989], [101.614157, 3.066989]]]}}, {"type": "Feature", "properties": {}, "geometry": {"type": "Polygon", "coordinates": [[[101.615073, 3.067169], [101.615011, 3.06717], [101.61487, 3.067198], [101.614872, 3.067354], [101.614935, 3.067353], [101.615075, 3.067325], [101.615073, 3.067169]]]}}, {"type": "Feature", "properties": {}, "geometry": {"type": "Polygon", "coordinates": [[[101.615136, 3.067169], [101.615073, 3.067169], [101.614933, 3.067198], [101.614935, 3.067353], [101.614997, 3.067353], [101.615137, 3.067324], [101.615136, 3.067169]]]}}, {"type": "Feature", "properties": {}, "geometry": {"type": "Polygon", "coordinates": [[[101.615198, 3.067168], [101.615136, 3.067169], [101.614996, 3.067197], [101.614997, 3.067353], [101.61506, 3.067352], [101.6152, 3.067324], [101.615198, 3.067168]]]}}, {"type": "Feature", "properties": {}, "geometry": {"type": "Polygon", "coordinates": [[[101.615198, 3.066992], [101.615136, 3.066992], [101.614996, 3.067021], [101.614997, 3.067175], [101.615059, 3.067175], [101.615199, 3.067147], [101.615198, 3.066992]]]}}, {"type": "Feature", "properties": {}, "geometry": {"type": "Polygon", "coordinates": [[[101.615136, 3.066992], [101.615074, 3.066993], [101.614934, 3.067021], [101.614935, 3.067176], [101.614997, 3.067175], [101.615137, 3.067147], [101.615136, 3.066992]]]}}, {"type": "Feature", "properties": {}, "geometry": {"type": "Polygon", "coordinates": [[[101.614155, 3.066625], [101.614093, 3.066626], [101.613953, 3.066654], [101.613955, 3.066791], [101.614017, 3.06679], [101.614157, 3.066762], [101.614155, 3.066625]]]}}, {"type": "Feature", "properties": {}, "geometry": {"type": "Polygon", "coordinates": [[[101.614217, 3.066625], [101.614155, 3.066625], [101.614015, 3.066654], [101.614017, 3.06679], [101.614079, 3.06679], [101.614219, 3.066761], [101.614217, 3.066625]]]}}, {"type": "Feature", "properties": {}, "geometry": {"type": "Polygon", "coordinates": [[[101.61428, 3.066624], [101.614217, 3.066625], [101.614077, 3.066653], [101.614079, 3.06679], [101.614141, 3.066789], [101.614281, 3.06676], [101.61428, 3.066624]]]}}, {"type": "Feature", "properties": {}, "geometry": {"type": "Polygon", "coordinates": [[[101.614342, 3.066623], [101.61428, 3.066624], [101.614139, 3.066652], [101.614141, 3.066789], [101.614203, 3.066788], [101.614343, 3.06676], [101.614342, 3.066623]]]}}, {"type": "Feature", "properties": {}, "geometry": {"type": "Polygon", "coordinates": [[[101.614404, 3.066623], [101.614342, 3.066623], [101.614201, 3.066652], [101.614203, 3.066788], [101.614265, 3.066788], [101.614405, 3.066759], [101.614404, 3.066623]]]}}, {"type": "Feature", "properties": {}, "geometry": {"type": "Polygon", "coordinates": [[[101.614466, 3.066622], [101.614404, 3.066623], [101.614264, 3.066651], [101.614265, 3.066788], [101.614327, 3.066787], [101.614467, 3.066758], [101.614466, 3.066622]]]}}, {"type": "Feature", "properties": {}, "geometry": {"type": "Polygon", "coordinates": [[[101.614528, 3.066621], [101.614466, 3.066622], [101.614326, 3.06665], [101.614327, 3.066787], [101.614389, 3.066786], [101.614529, 3.066758], [101.614528, 3.066621]]]}}, {"type": "Feature", "properties": {}, "geometry": {"type": "Polygon", "coordinates": [[[101.614528, 3.06644], [101.614388, 3.066469], [101.614388, 3.066617], [101.614449, 3.066617], [101.614589, 3.066589], [101.614589, 3.06644], [101.614528, 3.06644]]]}}, {"type": "Feature", "properties": {}, "geometry": {"type": "Polygon", "coordinates": [[[101.614466, 3.06644], [101.614326, 3.066469], [101.614326, 3.066617], [101.614388, 3.066617], [101.614528, 3.066589], [101.614528, 3.06644], [101.614466, 3.06644]]]}}, {"type": "Feature", "properties": {}, "geometry": {"type": "Polygon", "coordinates": [[[101.614404, 3.06644], [101.614264, 3.066469], [101.614264, 3.066617], [101.614326, 3.066617], [101.614466, 3.066589], [101.614466, 3.06644], [101.614404, 3.06644]]]}}, {"type": "Feature", "properties": {}, "geometry": {"type": "Polygon", "coordinates": [[[101.614343, 3.06644], [101.614202, 3.066469], [101.614202, 3.066617], [101.614264, 3.066617], [101.614404, 3.066589], [101.614404, 3.06644], [101.614343, 3.06644]]]}}, {"type": "Feature", "properties": {}, "geometry": {"type": "Polygon", "coordinates": [[[101.614281, 3.06644], [101.614141, 3.066469], [101.614141, 3.066617], [101.614202, 3.066617], [101.614343, 3.066589], [101.614343, 3.06644], [101.614281, 3.06644]]]}}, {"type": "Feature", "properties": {}, "geometry": {"type": "Polygon", "coordinates": [[[101.614219, 3.06644], [101.614079, 3.066469], [101.614079, 3.066617], [101.614141, 3.066617], [101.614281, 3.066589], [101.614281, 3.06644], [101.614219, 3.06644]]]}}, {"type": "Feature", "properties": {}, "geometry": {"type": "Polygon", "coordinates": [[[101.614157, 3.06644], [101.614017, 3.066469], [101.614017, 3.066617], [101.614079, 3.066617], [101.614219, 3.066589], [101.614219, 3.06644], [101.614157, 3.06644]]]}}, {"type": "Feature", "properties": {}, "geometry": {"type": "Polygon", "coordinates": [[[101.614096, 3.066069], [101.613956, 3.066098], [101.613956, 3.066253], [101.614017, 3.066253], [101.614157, 3.066225], [101.614157, 3.066069], [101.614096, 3.066069]]]}}, {"type": "Feature", "properties": {}, "geometry": {"type": "Polygon", "coordinates": [[[101.614157, 3.066069], [101.614017, 3.066098], [101.614017, 3.066253], [101.614078, 3.066253], [101.614218, 3.066225], [101.614218, 3.066069], [101.614157, 3.066069]]]}}, {"type": "Feature", "properties": {}, "geometry": {"type": "Polygon", "coordinates": [[[101.614218, 3.066069], [101.614078, 3.066098], [101.614078, 3.066253], [101.614139, 3.066253], [101.614279, 3.066225], [101.614279, 3.066069], [101.614218, 3.066069]]]}}, {"type": "Feature", "properties": {}, "geometry": {"type": "Polygon", "coordinates": [[[101.614279, 3.066069], [101.614139, 3.066098], [101.614139, 3.066253], [101.6142, 3.066253], [101.61434, 3.066225], [101.61434, 3.066069], [101.614279, 3.066069]]]}}, {"type": "Feature", "properties": {}, "geometry": {"type": "Polygon", "coordinates": [[[101.61434, 3.066069], [101.6142, 3.066098], [101.6142, 3.066253], [101.614261, 3.066253], [101.614401, 3.066225], [101.614401, 3.066069], [101.61434, 3.066069]]]}}, {"type": "Feature", "properties": {}, "geometry": {"type": "Polygon", "coordinates": [[[101.614401, 3.066069], [101.614261, 3.066098], [101.614261, 3.066253], [101.614322, 3.066253], [101.614462, 3.066225], [101.614462, 3.066069], [101.614401, 3.066069]]]}}, {"type": "Feature", "properties": {}, "geometry": {"type": "Polygon", "coordinates": [[[101.614462, 3.066069], [101.614322, 3.066098], [101.614322, 3.066253], [101.614383, 3.066253], [101.614523, 3.066225], [101.614523, 3.066069], [101.614462, 3.066069]]]}}, {"type": "Feature", "properties": {}, "geometry": {"type": "Polygon", "coordinates": [[[101.609685, 3.072782], [101.609477, 3.072784], [101.609214, 3.072837], [101.609215, 3.072899], [101.609423, 3.072897], [101.609686, 3.072844], [101.609685, 3.072782]]]}}, {"type": "Feature", "properties": {}, "geometry": {"type": "Polygon", "coordinates": [[[101.609686, 3.072844], [101.609477, 3.072846], [101.609215, 3.072899], [101.609215, 3.072961], [101.609423, 3.072959], [101.609686, 3.072906], [101.609686, 3.072844]]]}}, {"type": "Feature", "properties": {}, "geometry": {"type": "Polygon", "coordinates": [[[101.609686, 3.072906], [101.609478, 3.072908], [101.609215, 3.072961], [101.609216, 3.073023], [101.609424, 3.073021], [101.609686, 3.072968], [101.609686, 3.072906]]]}}, {"type": "Feature", "properties": {}, "geometry": {"type": "Polygon", "coordinates": [[[101.609686, 3.072968], [101.609478, 3.072969], [101.609216, 3.073023], [101.609216, 3.073084], [101.609424, 3.073083], [101.609687, 3.07303], [101.609686, 3.072968]]]}}, {"type": "Feature", "properties": {}, "geometry": {"type": "Polygon", "coordinates": [[[101.609687, 3.07303], [101.609479, 3.073031], [101.609216, 3.073084], [101.609217, 3.073146], [101.609425, 3.073145], [101.609687, 3.073091], [101.609687, 3.07303]]]}}, {"type": "Feature", "properties": {}, "geometry": {"type": "Polygon", "coordinates": [[[101.609681, 3.072696], [101.609523, 3.072699], [101.60926, 3.072752], [101.609215, 3.0728], [101.609214, 3.072837], [101.609422, 3.072836], [101.609685, 3.072782], [101.609681, 3.072696]]]}}, {"type": "Feature", "properties": {}, "geometry": {"type": "Polygon", "coordinates": [[[101.609687, 3.073091], [101.609479, 3.073093], [101.609217, 3.073146], [101.609217, 3.073208], [101.609425, 3.073206], [101.609688, 3.073153], [101.609687, 3.073091]]]}}, {"type": "Feature", "properties": {}, "geometry": {"type": "Polygon", "coordinates": [[[101.610747, 3.073259], [101.61053, 3.07326], [101.610268, 3.073314], [101.610268, 3.073374], [101.610484, 3.073373], [101.610747, 3.07332], [101.610747, 3.073259]]]}}, {"type": "Feature", "properties": {}, "geometry": {"type": "Polygon", "coordinates": [[[101.610746, 3.073198], [101.61053, 3.0732], [101.610267, 3.073253], [101.610268, 3.073314], [101.610484, 3.073312], [101.610747, 3.073259], [101.610746, 3.073198]]]}}, {"type": "Feature", "properties": {}, "geometry": {"type": "Polygon", "coordinates": [[[101.610746, 3.073137], [101.61053, 3.073139], [101.610267, 3.073192], [101.610267, 3.073253], [101.610483, 3.073252], [101.610746, 3.073198], [101.610746, 3.073137]]]}}, {"type": "Feature", "properties": {}, "geometry": {"type": "Polygon", "coordinates": [[[101.610745, 3.073076], [101.610529, 3.073078], [101.610267, 3.073131], [101.610267, 3.073192], [101.610483, 3.07319], [101.610746, 3.073137], [101.610745, 3.073076]]]}}, {"type": "Feature", "properties": {}, "geometry": {"type": "Polygon", "coordinates": [[[101.610745, 3.073016], [101.610529, 3.073017], [101.610266, 3.07307], [101.610267, 3.073131], [101.610483, 3.07313], [101.610745, 3.073076], [101.610745, 3.073016]]]}}, {"type": "Feature", "properties": {}, "geometry": {"type": "Polygon", "coordinates": [[[101.610745, 3.072955], [101.610529, 3.072956], [101.610266, 3.073009], [101.610266, 3.07307], [101.610482, 3.073069], [101.610745, 3.073016], [101.610745, 3.072955]]]}}, {"type": "Feature", "properties": {}, "geometry": {"type": "Polygon", "coordinates": [[[101.610744, 3.072894], [101.610528, 3.072895], [101.610266, 3.072948], [101.610266, 3.073009], [101.610482, 3.073008], [101.610745, 3.072955], [101.610744, 3.072894]]]}}, {"type": "Feature", "properties": {}, "geometry": {"type": "Polygon", "coordinates": [[[101.610744, 3.072833], [101.610528, 3.072834], [101.610265, 3.072887], [101.610266, 3.072948], [101.610482, 3.072947], [101.610744, 3.072894], [101.610744, 3.072833]]]}}, {"type": "Feature", "properties": {}, "geometry": {"type": "Polygon", "coordinates": [[[101.610744, 3.072772], [101.610528, 3.072773], [101.610265, 3.072826], [101.610265, 3.072887], [101.610481, 3.072886], [101.610744, 3.072833], [101.610744, 3.072772]]]}}, {"type": "Feature", "properties": {}, "geometry": {"type": "Polygon", "coordinates": [[[101.610689, 3.072683], [101.610529, 3.072685], [101.610266, 3.072738], [101.610265, 3.072826], [101.610481, 3.072825], [101.610744, 3.072772], [101.610742, 3.072744], [101.610689, 3.072683]]]}}, {"type": "Feature", "properties": {}, "geometry": {"type": "Polygon", "coordinates": [[[101.609799, 3.072683], [101.609738, 3.072683], [101.609476, 3.072736], [101.609477, 3.072951], [101.609537, 3.07295], [101.6098, 3.072897], [101.609799, 3.072683]]]}}, {"type": "Feature", "properties": {}, "geometry": {"type": "Polygon", "coordinates": [[[101.609859, 3.072682], [101.609799, 3.072683], [101.609536, 3.072736], [101.609537, 3.07295], [101.609598, 3.07295], [101.609861, 3.072897], [101.609859, 3.072682]]]}}, {"type": "Feature", "properties": {}, "geometry": {"type": "Polygon", "coordinates": [[[101.60992, 3.072682], [101.609859, 3.072682], [101.609597, 3.072735], [101.609598, 3.07295], [101.609658, 3.07295], [101.609921, 3.072896], [101.60992, 3.072682]]]}}, {"type": "Feature", "properties": {}, "geometry": {"type": "Polygon", "coordinates": [[[101.609981, 3.072682], [101.60992, 3.072682], [101.609657, 3.072735], [101.609658, 3.07295], [101.609719, 3.072949], [101.609982, 3.072896], [101.609981, 3.072682]]]}}, {"type": "Feature", "properties": {}, "geometry": {"type": "Polygon", "coordinates": [[[101.610041, 3.072681], [101.609981, 3.072682], [101.609718, 3.072735], [101.609719, 3.072949], [101.60978, 3.072949], [101.610042, 3.072896], [101.610041, 3.072681]]]}}, {"type": "Feature", "properties": {}, "geometry": {"type": "Polygon", "coordinates": [[[101.610102, 3.072681], [101.610041, 3.072681], [101.609778, 3.072734], [101.60978, 3.072949], [101.60984, 3.072949], [101.610103, 3.072895], [101.610102, 3.072681]]]}}, {"type": "Feature", "properties": {}, "geometry": {"type": "Polygon", "coordinates": [[[101.610162, 3.072681], [101.610102, 3.072681], [101.609839, 3.072734], [101.60984, 3.072949], [101.609901, 3.072948], [101.610163, 3.072895], [101.610162, 3.072681]]]}}, {"type": "Feature", "properties": {}, "geometry": {"type": "Polygon", "coordinates": [[[101.610223, 3.07268], [101.610162, 3.072681], [101.609899, 3.072734], [101.609901, 3.072948], [101.609961, 3.072948], [101.610224, 3.072895], [101.610223, 3.07268]]]}}, {"type": "Feature", "properties": {}, "geometry": {"type": "Polygon", "coordinates": [[[101.610283, 3.07268], [101.610223, 3.07268], [101.60996, 3.072733], [101.609961, 3.072948], [101.610022, 3.072948], [101.610285, 3.072894], [101.610283, 3.07268]]]}}, {"type": "Feature", "properties": {}, "geometry": {"type": "Polygon", "coordinates": [[[101.610344, 3.07268], [101.610283, 3.07268], [101.610021, 3.072733], [101.610022, 3.072948], [101.610082, 3.072947], [101.610345, 3.072894], [101.610344, 3.07268]]]}}, {"type": "Feature", "properties": {}, "geometry": {"type": "Polygon", "coordinates": [[[101.610404, 3.072679], [101.610344, 3.07268], [101.610081, 3.072733], [101.610082, 3.072947], [101.610143, 3.072947], [101.610406, 3.072894], [101.610404, 3.072679]]]}}, {"type": "Feature", "properties": {}, "geometry": {"type": "Polygon", "coordinates": [[[101.610748, 3.07218], [101.610524, 3.072181], [101.610261, 3.072234], [101.610261, 3.072292], [101.610485, 3.072291], [101.610748, 3.072238], [101.610748, 3.07218]]]}}, {"type": "Feature", "properties": {}, "geometry": {"type": "Polygon", "coordinates": [[[101.610748, 3.072238], [101.610524, 3.072239], [101.610261, 3.072292], [101.610262, 3.07235], [101.610485, 3.072349], [101.610748, 3.072296], [101.610748, 3.072238]]]}}, {"type": "Feature", "properties": {}, "geometry": {"type": "Polygon", "coordinates": [[[101.610748, 3.072296], [101.610524, 3.072297], [101.610262, 3.07235], [101.610262, 3.072408], [101.610485, 3.072407], [101.610748, 3.072354], [101.610748, 3.072296]]]}}, {"type": "Feature", "properties": {}, "geometry": {"type": "Polygon", "coordinates": [[[101.610748, 3.072354], [101.610524, 3.072354], [101.610262, 3.072408], [101.610262, 3.072466], [101.610485, 3.072465], [101.610748, 3.072412], [101.610748, 3.072354]]]}}, {"type": "Feature", "properties": {}, "geometry": {"type": "Polygon", "coordinates": [[[101.609484, 3.072185], [101.609221, 3.072238], [101.60922, 3.072294], [101.609421, 3.072298], [101.609684, 3.072245], [101.609685, 3.072188], [101.609484, 3.072185]]]}}, {"type": "Feature", "properties": {}, "geometry": {"type": "Polygon", "coordinates": [[[101.609483, 3.072241], [101.60922, 3.072294], [101.609219, 3.072351], [101.60942, 3.072354], [101.609683, 3.072301], [101.609684, 3.072245], [101.609483, 3.072241]]]}}, {"type": "Feature", "properties": {}, "geometry": {"type": "Polygon", "coordinates": [[[101.609482, 3.072298], [101.609219, 3.072351], [101.609218, 3.072408], [101.609419, 3.072411], [101.609682, 3.072358], [101.609683, 3.072301], [101.609482, 3.072298]]]}}, {"type": "Feature", "properties": {}, "geometry": {"type": "Polygon", "coordinates": [[[101.609688, 3.072049], [101.60954, 3.072054], [101.609278, 3.072107], [101.609227, 3.072155], [101.609221, 3.072238], [101.609422, 3.072241], [101.609685, 3.072188], [101.609688, 3.072049]]]}}, {"type": "Feature", "properties": {}, "geometry": {"type": "Polygon", "coordinates": [[[101.609481, 3.072355], [101.609218, 3.072408], [101.609217, 3.072465], [101.609418, 3.072468], [101.609681, 3.072415], [101.609682, 3.072358], [101.609481, 3.072355]]]}}, {"type": "Feature", "properties": {}, "geometry": {"type": "Polygon", "coordinates": [[[101.610704, 3.072031], [101.610527, 3.072037], [101.610264, 3.07209], [101.610261, 3.072234], [101.610485, 3.072233], [101.610748, 3.07218], [101.61075, 3.072082], [101.610704, 3.072031]]]}}, {"type": "Feature", "properties": {}, "geometry": {"type": "Polygon", "coordinates": [[[101.609814, 3.07205], [101.609737, 3.07205], [101.609474, 3.072103], [101.609475, 3.072307], [101.609553, 3.072307], [101.609816, 3.072253], [101.609814, 3.07205]]]}}, {"type": "Feature", "properties": {}, "geometry": {"type": "Polygon", "coordinates": [[[101.609874, 3.072049], [101.609814, 3.07205], [101.609552, 3.072103], [101.609553, 3.072307], [101.609613, 3.072306], [101.609876, 3.072253], [101.609874, 3.072049]]]}}, {"type": "Feature", "properties": {}, "geometry": {"type": "Polygon", "coordinates": [[[101.609934, 3.072049], [101.609874, 3.072049], [101.609612, 3.072102], [101.609613, 3.072306], [101.609673, 3.072306], [101.609936, 3.072253], [101.609934, 3.072049]]]}}, {"type": "Feature", "properties": {}, "geometry": {"type": "Polygon", "coordinates": [[[101.609994, 3.072049], [101.609934, 3.072049], [101.609672, 3.072102], [101.609673, 3.072306], [101.609733, 3.072306], [101.609996, 3.072252], [101.609994, 3.072049]]]}}, {"type": "Feature", "properties": {}, "geometry": {"type": "Polygon", "coordinates": [[[101.610054, 3.072048], [101.609994, 3.072049], [101.609732, 3.072102], [101.609733, 3.072306], [101.609793, 3.072305], [101.610056, 3.072252], [101.610054, 3.072048]]]}}, {"type": "Feature", "properties": {}, "geometry": {"type": "Polygon", "coordinates": [[[101.610114, 3.072048], [101.610054, 3.072048], [101.609792, 3.072101], [101.609793, 3.072305], [101.609853, 3.072305], [101.610116, 3.072252], [101.610114, 3.072048]]]}}, {"type": "Feature", "properties": {}, "geometry": {"type": "Polygon", "coordinates": [[[101.610174, 3.072047], [101.610114, 3.072048], [101.609852, 3.072101], [101.609853, 3.072305], [101.609913, 3.072304], [101.610176, 3.072251], [101.610174, 3.072047]]]}}, {"type": "Feature", "properties": {}, "geometry": {"type": "Polygon", "coordinates": [[[101.610234, 3.072047], [101.610174, 3.072047], [101.609912, 3.0721], [101.609913, 3.072304], [101.609973, 3.072304], [101.610236, 3.072251], [101.610234, 3.072047]]]}}, {"type": "Feature", "properties": {}, "geometry": {"type": "Polygon", "coordinates": [[[101.610294, 3.072047], [101.610234, 3.072047], [101.609972, 3.0721], [101.609973, 3.072304], [101.610033, 3.072304], [101.610296, 3.07225], [101.610294, 3.072047]]]}}, {"type": "Feature", "properties": {}, "geometry": {"type": "Polygon", "coordinates": [[[101.610354, 3.072046], [101.610294, 3.072047], [101.610032, 3.0721], [101.610033, 3.072304], [101.610093, 3.072303], [101.610356, 3.07225], [101.610354, 3.072046]]]}}, {"type": "Feature", "properties": {}, "geometry": {"type": "Polygon", "coordinates": [[[101.610414, 3.072046], [101.610354, 3.072046], [101.610092, 3.072099], [101.610093, 3.072303], [101.610153, 3.072303], [101.610416, 3.07225], [101.610414, 3.072046]]]}}, {"type": "Feature", "properties": {}, "geometry": {"type": "Polygon", "coordinates": [[[101.609819, 3.072298], [101.609739, 3.072298], [101.609476, 3.072351], [101.609478, 3.072565], [101.609558, 3.072564], [101.609821, 3.072511], [101.609819, 3.072298]]]}}, {"type": "Feature", "properties": {}, "geometry": {"type": "Polygon", "coordinates": [[[101.609879, 3.072297], [101.609819, 3.072298], [101.609556, 3.072351], [101.609558, 3.072564], [101.609618, 3.072563], [101.609881, 3.07251], [101.609879, 3.072297]]]}}, {"type": "Feature", "properties": {}, "geometry": {"type": "Polygon", "coordinates": [[[101.609939, 3.072297], [101.609879, 3.072297], [101.609616, 3.07235], [101.609618, 3.072563], [101.609678, 3.072563], [101.609941, 3.07251], [101.609939, 3.072297]]]}}, {"type": "Feature", "properties": {}, "geometry": {"type": "Polygon", "coordinates": [[[101.609999, 3.072296], [101.609939, 3.072297], [101.609676, 3.07235], [101.609678, 3.072563], [101.609738, 3.072562], [101.610001, 3.072509], [101.609999, 3.072296]]]}}, {"type": "Feature", "properties": {}, "geometry": {"type": "Polygon", "coordinates": [[[101.610059, 3.072295], [101.609999, 3.072296], [101.609736, 3.072349], [101.609738, 3.072562], [101.609798, 3.072562], [101.610061, 3.072509], [101.610059, 3.072295]]]}}, {"type": "Feature", "properties": {}, "geometry": {"type": "Polygon", "coordinates": [[[101.610119, 3.072295], [101.610059, 3.072295], [101.609796, 3.072349], [101.609798, 3.072562], [101.609858, 3.072561], [101.61012, 3.072508], [101.610119, 3.072295]]]}}, {"type": "Feature", "properties": {}, "geometry": {"type": "Polygon", "coordinates": [[[101.610178, 3.072294], [101.610119, 3.072295], [101.609856, 3.072348], [101.609858, 3.072561], [101.609918, 3.072561], [101.61018, 3.072508], [101.610178, 3.072294]]]}}, {"type": "Feature", "properties": {}, "geometry": {"type": "Polygon", "coordinates": [[[101.610238, 3.072294], [101.610178, 3.072294], [101.609916, 3.072347], [101.609918, 3.072561], [101.609977, 3.07256], [101.61024, 3.072507], [101.610238, 3.072294]]]}}, {"type": "Feature", "properties": {}, "geometry": {"type": "Polygon", "coordinates": [[[101.610298, 3.072293], [101.610238, 3.072294], [101.609976, 3.072347], [101.609977, 3.07256], [101.610037, 3.07256], [101.6103, 3.072506], [101.610298, 3.072293]]]}}, {"type": "Feature", "properties": {}, "geometry": {"type": "Polygon", "coordinates": [[[101.610358, 3.072293], [101.610298, 3.072293], [101.610035, 3.072346], [101.610037, 3.07256], [101.610097, 3.072559], [101.61036, 3.072506], [101.610358, 3.072293]]]}}, {"type": "Feature", "properties": {}, "geometry": {"type": "Polygon", "coordinates": [[[101.610418, 3.072292], [101.610358, 3.072293], [101.610095, 3.072346], [101.610097, 3.072559], [101.610157, 3.072558], [101.61042, 3.072505], [101.610418, 3.072292]]]}}, {"type": "Feature", "properties": {}, "geometry": {"type": "Polygon", "coordinates": [[[101.611945, 3.073477], [101.611884, 3.073477], [101.611743, 3.073505], [101.611744, 3.073663], [101.611806, 3.073663], [101.611946, 3.073634], [101.611945, 3.073477]]]}}, {"type": "Feature", "properties": {}, "geometry": {"type": "Polygon", "coordinates": [[[101.611884, 3.073477], [101.611822, 3.073477], [101.611682, 3.073506], [101.611682, 3.073663], [101.611744, 3.073663], [101.611884, 3.073635], [101.611884, 3.073477]]]}}, {"type": "Feature", "properties": {}, "geometry": {"type": "Polygon", "coordinates": [[[101.611822, 3.073477], [101.61176, 3.073478], [101.61162, 3.073506], [101.61162, 3.073663], [101.611682, 3.073663], [101.611823, 3.073635], [101.611822, 3.073477]]]}}, {"type": "Feature", "properties": {}, "geometry": {"type": "Polygon", "coordinates": [[[101.61176, 3.073478], [101.611698, 3.073478], [101.611558, 3.073506], [101.611559, 3.073664], [101.61162, 3.073663], [101.611761, 3.073635], [101.61176, 3.073478]]]}}, {"type": "Feature", "properties": {}, "geometry": {"type": "Polygon", "coordinates": [[[101.611698, 3.073478], [101.611636, 3.073478], [101.611496, 3.073507], [101.611497, 3.073664], [101.611559, 3.073664], [101.611699, 3.073635], [101.611698, 3.073478]]]}}, {"type": "Feature", "properties": {}, "geometry": {"type": "Polygon", "coordinates": [[[101.611636, 3.073478], [101.611574, 3.073478], [101.611434, 3.073507], [101.611435, 3.073665], [101.611497, 3.073664], [101.611637, 3.073636], [101.611636, 3.073478]]]}}, {"type": "Feature", "properties": {}, "geometry": {"type": "Polygon", "coordinates": [[[101.611574, 3.073478], [101.611512, 3.073479], [101.611372, 3.073507], [101.611373, 3.073665], [101.611435, 3.073665], [101.611575, 3.073636], [101.611574, 3.073478]]]}}, {"type": "Feature", "properties": {}, "geometry": {"type": "Polygon", "coordinates": [[[101.611512, 3.073479], [101.61145, 3.073479], [101.61131, 3.073507], [101.611311, 3.073665], [101.611373, 3.073665], [101.611513, 3.073636], [101.611512, 3.073479]]]}}, {"type": "Feature", "properties": {}, "geometry": {"type": "Polygon", "coordinates": [[[101.61145, 3.073479], [101.611388, 3.073479], [101.611248, 3.073508], [101.611249, 3.073666], [101.611311, 3.073665], [101.611451, 3.073637], [101.61145, 3.073479]]]}}, {"type": "Feature", "properties": {}, "geometry": {"type": "Polygon", "coordinates": [[[101.611388, 3.073479], [101.611326, 3.07348], [101.611186, 3.073508], [101.611187, 3.073666], [101.611249, 3.073666], [101.611389, 3.073637], [101.611388, 3.073479]]]}}, {"type": "Feature", "properties": {}, "geometry": {"type": "Polygon", "coordinates": [[[101.611326, 3.07348], [101.611264, 3.07348], [101.611124, 3.073508], [101.611125, 3.073666], [101.611187, 3.073666], [101.611327, 3.073637], [101.611326, 3.07348]]]}}, {"type": "Feature", "properties": {}, "geometry": {"type": "Polygon", "coordinates": [[[101.611264, 3.073292], [101.611203, 3.073293], [101.611062, 3.073321], [101.611063, 3.07348], [101.611125, 3.07348], [101.611265, 3.073451], [101.611264, 3.073292]]]}}, {"type": "Feature", "properties": {}, "geometry": {"type": "Polygon", "coordinates": [[[101.611326, 3.073292], [101.611264, 3.073292], [101.611124, 3.073321], [101.611125, 3.07348], [101.611187, 3.073479], [101.611327, 3.073451], [101.611326, 3.073292]]]}}, {"type": "Feature", "properties": {}, "geometry": {"type": "Polygon", "coordinates": [[[101.611388, 3.073292], [101.611326, 3.073292], [101.611186, 3.07332], [101.611187, 3.073479], [101.611248, 3.073479], [101.611388, 3.073451], [101.611388, 3.073292]]]}}, {"type": "Feature", "properties": {}, "geometry": {"type": "Polygon", "coordinates": [[[101.611449, 3.073291], [101.611388, 3.073292], [101.611247, 3.07332], [101.611248, 3.073479], [101.61131, 3.073479], [101.61145, 3.07345], [101.611449, 3.073291]]]}}, {"type": "Feature", "properties": {}, "geometry": {"type": "Polygon", "coordinates": [[[101.611511, 3.073291], [101.611449, 3.073291], [101.611309, 3.07332], [101.61131, 3.073479], [101.611372, 3.073478], [101.611512, 3.07345], [101.611511, 3.073291]]]}}, {"type": "Feature", "properties": {}, "geometry": {"type": "Polygon", "coordinates": [[[101.611573, 3.073291], [101.611511, 3.073291], [101.611371, 3.07332], [101.611372, 3.073478], [101.611433, 3.073478], [101.611573, 3.07345], [101.611573, 3.073291]]]}}, {"type": "Feature", "properties": {}, "geometry": {"type": "Polygon", "coordinates": [[[101.611634, 3.073291], [101.611573, 3.073291], [101.611433, 3.073319], [101.611433, 3.073478], [101.611495, 3.073478], [101.611635, 3.073449], [101.611634, 3.073291]]]}}, {"type": "Feature", "properties": {}, "geometry": {"type": "Polygon", "coordinates": [[[101.611696, 3.07329], [101.611634, 3.073291], [101.611494, 3.073319], [101.611495, 3.073478], [101.611557, 3.073477], [101.611697, 3.073449], [101.611696, 3.07329]]]}}, {"type": "Feature", "properties": {}, "geometry": {"type": "Polygon", "coordinates": [[[101.611758, 3.07329], [101.611696, 3.07329], [101.611556, 3.073319], [101.611557, 3.073477], [101.611618, 3.073477], [101.611758, 3.073449], [101.611758, 3.07329]]]}}, {"type": "Feature", "properties": {}, "geometry": {"type": "Polygon", "coordinates": [[[101.611819, 3.07329], [101.611758, 3.07329], [101.611617, 3.073318], [101.611618, 3.073477], [101.61168, 3.073477], [101.61182, 3.073448], [101.611819, 3.07329]]]}}, {"type": "Feature", "properties": {}, "geometry": {"type": "Polygon", "coordinates": [[[101.611881, 3.073289], [101.611819, 3.07329], [101.611679, 3.073318], [101.61168, 3.073477], [101.611742, 3.073476], [101.611882, 3.073448], [101.611881, 3.073289]]]}}, {"type": "Feature", "properties": {}, "geometry": {"type": "Polygon", "coordinates": [[[101.612051, 3.073298], [101.611988, 3.073298], [101.611848, 3.073327], [101.611849, 3.073479], [101.611911, 3.073479], [101.612051, 3.073451], [101.612051, 3.073298]]]}}, {"type": "Feature", "properties": {}, "geometry": {"type": "Polygon", "coordinates": [[[101.612113, 3.073298], [101.612051, 3.073298], [101.61191, 3.073326], [101.611911, 3.073479], [101.611973, 3.073479], [101.612114, 3.07345], [101.612113, 3.073298]]]}}, {"type": "Feature", "properties": {}, "geometry": {"type": "Polygon", "coordinates": [[[101.612175, 3.073297], [101.612113, 3.073298], [101.611972, 3.073326], [101.611973, 3.073479], [101.612036, 3.073478], [101.612176, 3.07345], [101.612175, 3.073297]]]}}, {"type": "Feature", "properties": {}, "geometry": {"type": "Polygon", "coordinates": [[[101.612237, 3.073297], [101.612175, 3.073297], [101.612035, 3.073326], [101.612036, 3.073478], [101.612098, 3.073478], [101.612238, 3.07345], [101.612237, 3.073297]]]}}, {"type": "Feature", "properties": {}, "geometry": {"type": "Polygon", "coordinates": [[[101.612299, 3.073297], [101.612237, 3.073297], [101.612097, 3.073325], [101.612098, 3.073478], [101.61216, 3.073478], [101.6123, 3.07345], [101.612299, 3.073297]]]}}, {"type": "Feature", "properties": {}, "geometry": {"type": "Polygon", "coordinates": [[[101.612361, 3.073296], [101.612299, 3.073297], [101.612159, 3.073325], [101.61216, 3.073478], [101.612222, 3.073478], [101.612362, 3.073449], [101.612361, 3.073296]]]}}, {"type": "Feature", "properties": {}, "geometry": {"type": "Polygon", "coordinates": [[[101.612423, 3.073296], [101.612361, 3.073296], [101.612221, 3.073325], [101.612222, 3.073478], [101.612284, 3.073477], [101.612424, 3.073449], [101.612423, 3.073296]]]}}, {"type": "Feature", "properties": {}, "geometry": {"type": "Polygon", "coordinates": [[[101.612486, 3.073296], [101.612423, 3.073296], [101.612283, 3.073324], [101.612284, 3.073477], [101.612346, 3.073477], [101.612486, 3.073449], [101.612486, 3.073296]]]}}, {"type": "Feature", "properties": {}, "geometry": {"type": "Polygon", "coordinates": [[[101.612548, 3.073295], [101.612486, 3.073296], [101.612345, 3.073324], [101.612346, 3.073477], [101.612408, 3.073476], [101.612548, 3.073448], [101.612548, 3.073295]]]}}, {"type": "Feature", "properties": {}, "geometry": {"type": "Polygon", "coordinates": [[[101.61261, 3.073295], [101.612548, 3.073295], [101.612408, 3.073324], [101.612408, 3.073476], [101.612471, 3.073476], [101.612611, 3.073448], [101.61261, 3.073295]]]}}, {"type": "Feature", "properties": {}, "geometry": {"type": "Polygon", "coordinates": [[[101.612672, 3.073295], [101.61261, 3.073295], [101.61247, 3.073323], [101.612471, 3.073476], [101.612533, 3.073476], [101.612673, 3.073448], [101.612672, 3.073295]]]}}, {"type": "Feature", "properties": {}, "geometry": {"type": "Polygon", "coordinates": [[[101.612731, 3.073478], [101.612669, 3.073478], [101.612529, 3.073507], [101.61253, 3.073656], [101.612592, 3.073656], [101.612732, 3.073628], [101.612731, 3.073478]]]}}, {"type": "Feature", "properties": {}, "geometry": {"type": "Polygon", "coordinates": [[[101.612669, 3.073478], [101.612607, 3.073479], [101.612467, 3.073507], [101.612468, 3.073657], [101.61253, 3.073656], [101.61267, 3.073628], [101.612669, 3.073478]]]}}, {"type": "Feature", "properties": {}, "geometry": {"type": "Polygon", "coordinates": [[[101.612607, 3.073479], [101.612545, 3.073479], [101.612405, 3.073507], [101.612406, 3.073657], [101.612468, 3.073657], [101.612608, 3.073628], [101.612607, 3.073479]]]}}, {"type": "Feature", "properties": {}, "geometry": {"type": "Polygon", "coordinates": [[[101.612545, 3.073479], [101.612483, 3.073479], [101.612343, 3.073508], [101.612344, 3.073657], [101.612406, 3.073657], [101.612546, 3.073629], [101.612545, 3.073479]]]}}, {"type": "Feature", "properties": {}, "geometry": {"type": "Polygon", "coordinates": [[[101.612483, 3.073479], [101.612421, 3.07348], [101.612281, 3.073508], [101.612282, 3.073658], [101.612344, 3.073657], [101.612484, 3.073629], [101.612483, 3.073479]]]}}, {"type": "Feature", "properties": {}, "geometry": {"type": "Polygon", "coordinates": [[[101.612421, 3.07348], [101.612359, 3.07348], [101.612219, 3.073508], [101.61222, 3.073658], [101.612282, 3.073658], [101.612422, 3.073629], [101.612421, 3.07348]]]}}, {"type": "Feature", "properties": {}, "geometry": {"type": "Polygon", "coordinates": [[[101.612359, 3.07348], [101.612297, 3.07348], [101.612157, 3.073509], [101.612158, 3.073659], [101.61222, 3.073658], [101.61236, 3.07363], [101.612359, 3.07348]]]}}, {"type": "Feature", "properties": {}, "geometry": {"type": "Polygon", "coordinates": [[[101.612297, 3.07348], [101.612235, 3.073481], [101.612095, 3.073509], [101.612096, 3.073659], [101.612158, 3.073659], [101.612298, 3.07363], [101.612297, 3.07348]]]}}, {"type": "Feature", "properties": {}, "geometry": {"type": "Polygon", "coordinates": [[[101.612235, 3.073481], [101.612173, 3.073481], [101.612033, 3.073509], [101.612034, 3.073659], [101.612096, 3.073659], [101.612236, 3.07363], [101.612235, 3.073481]]]}}, {"type": "Feature", "properties": {}, "geometry": {"type": "Polygon", "coordinates": [[[101.612173, 3.073481], [101.612111, 3.073481], [101.611971, 3.07351], [101.611972, 3.073659], [101.612034, 3.073659], [101.612174, 3.073631], [101.612173, 3.073481]]]}}, {"type": "Feature", "properties": {}, "geometry": {"type": "Polygon", "coordinates": [[[101.612111, 3.073481], [101.612049, 3.073482], [101.611909, 3.07351], [101.61191, 3.07366], [101.611972, 3.073659], [101.612112, 3.073631], [101.612111, 3.073481]]]}}, {"type": "Feature", "properties": {}, "geometry": {"type": "Polygon", "coordinates": [[[101.613527, 3.073478], [101.613464, 3.073478], [101.613324, 3.073506], [101.613325, 3.07366], [101.613387, 3.073659], [101.613527, 3.073631], [101.613527, 3.073478]]]}}, {"type": "Feature", "properties": {}, "geometry": {"type": "Polygon", "coordinates": [[[101.613464, 3.073478], [101.613402, 3.073478], [101.613262, 3.073507], [101.613263, 3.07366], [101.613325, 3.07366], [101.613465, 3.073631], [101.613464, 3.073478]]]}}, {"type": "Feature", "properties": {}, "geometry": {"type": "Polygon", "coordinates": [[[101.613402, 3.073478], [101.613339, 3.073479], [101.613199, 3.073507], [101.6132, 3.07366], [101.613263, 3.07366], [101.613403, 3.073631], [101.613402, 3.073478]]]}}, {"type": "Feature", "properties": {}, "geometry": {"type": "Polygon", "coordinates": [[[101.613339, 3.073479], [101.613277, 3.073479], [101.613137, 3.073507], [101.613138, 3.07366], [101.6132, 3.07366], [101.61334, 3.073632], [101.613339, 3.073479]]]}}, {"type": "Feature", "properties": {}, "geometry": {"type": "Polygon", "coordinates": [[[101.613277, 3.073479], [101.613215, 3.073479], [101.613075, 3.073508], [101.613075, 3.073661], [101.613138, 3.07366], [101.613278, 3.073632], [101.613277, 3.073479]]]}}, {"type": "Feature", "properties": {}, "geometry": {"type": "Polygon", "coordinates": [[[101.613215, 3.073479], [101.613152, 3.07348], [101.613012, 3.073508], [101.613013, 3.073661], [101.613075, 3.073661], [101.613216, 3.073632], [101.613215, 3.073479]]]}}, {"type": "Feature", "properties": {}, "geometry": {"type": "Polygon", "coordinates": [[[101.613152, 3.07348], [101.61309, 3.07348], [101.61295, 3.073508], [101.612951, 3.073662], [101.613013, 3.073661], [101.613153, 3.073633], [101.613152, 3.07348]]]}}, {"type": "Feature", "properties": {}, "geometry": {"type": "Polygon", "coordinates": [[[101.61309, 3.07348], [101.613028, 3.07348], [101.612887, 3.073509], [101.612888, 3.073662], [101.612951, 3.073662], [101.613091, 3.073633], [101.61309, 3.07348]]]}}, {"type": "Feature", "properties": {}, "geometry": {"type": "Polygon", "coordinates": [[[101.613028, 3.07348], [101.612965, 3.073481], [101.612825, 3.073509], [101.612826, 3.073662], [101.612888, 3.073662], [101.613029, 3.073633], [101.613028, 3.07348]]]}}, {"type": "Feature", "properties": {}, "geometry": {"type": "Polygon", "coordinates": [[[101.612965, 3.073481], [101.612903, 3.073481], [101.612763, 3.073509], [101.612764, 3.073662], [101.612826, 3.073662], [101.612966, 3.073634], [101.612965, 3.073481]]]}}, {"type": "Feature", "properties": {}, "geometry": {"type": "Polygon", "coordinates": [[[101.612903, 3.073481], [101.612841, 3.073481], [101.6127, 3.07351], [101.612701, 3.073663], [101.612764, 3.073662], [101.612904, 3.073634], [101.612903, 3.073481]]]}}, {"type": "Feature", "properties": {}, "geometry": {"type": "Polygon", "coordinates": [[[101.613527, 3.073287], [101.613464, 3.073287], [101.613324, 3.073316], [101.613325, 3.07347], [101.613387, 3.07347], [101.613527, 3.073442], [101.613527, 3.073287]]]}}, {"type": "Feature", "properties": {}, "geometry": {"type": "Polygon", "coordinates": [[[101.613464, 3.073287], [101.613402, 3.073288], [101.613261, 3.073316], [101.613262, 3.07347], [101.613325, 3.07347], [101.613465, 3.073442], [101.613464, 3.073287]]]}}, {"type": "Feature", "properties": {}, "geometry": {"type": "Polygon", "coordinates": [[[101.613402, 3.073288], [101.613339, 3.073288], [101.613199, 3.073316], [101.6132, 3.073471], [101.613262, 3.07347], [101.613402, 3.073442], [101.613402, 3.073288]]]}}, {"type": "Feature", "properties": {}, "geometry": {"type": "Polygon", "coordinates": [[[101.613339, 3.073288], [101.613277, 3.073288], [101.613137, 3.073316], [101.613137, 3.073471], [101.6132, 3.073471], [101.61334, 3.073443], [101.613339, 3.073288]]]}}, {"type": "Feature", "properties": {}, "geometry": {"type": "Polygon", "coordinates": [[[101.613277, 3.073288], [101.613214, 3.073288], [101.613074, 3.073317], [101.613075, 3.073472], [101.613137, 3.073471], [101.613278, 3.073443], [101.613277, 3.073288]]]}}, {"type": "Feature", "properties": {}, "geometry": {"type": "Polygon", "coordinates": [[[101.613214, 3.073288], [101.613152, 3.073289], [101.613012, 3.073317], [101.613012, 3.073472], [101.613075, 3.073472], [101.613215, 3.073443], [101.613214, 3.073288]]]}}, {"type": "Feature", "properties": {}, "geometry": {"type": "Polygon", "coordinates": [[[101.613152, 3.073289], [101.613089, 3.073289], [101.612949, 3.073317], [101.61295, 3.073472], [101.613012, 3.073472], [101.613153, 3.073444], [101.613152, 3.073289]]]}}, {"type": "Feature", "properties": {}, "geometry": {"type": "Polygon", "coordinates": [[[101.613089, 3.073289], [101.613027, 3.073289], [101.612887, 3.073318], [101.612887, 3.073472], [101.61295, 3.073472], [101.61309, 3.073444], [101.613089, 3.073289]]]}}, {"type": "Feature", "properties": {}, "geometry": {"type": "Polygon", "coordinates": [[[101.613027, 3.073289], [101.612964, 3.07329], [101.612824, 3.073318], [101.612825, 3.073473], [101.612887, 3.073472], [101.613028, 3.073444], [101.613027, 3.073289]]]}}, {"type": "Feature", "properties": {}, "geometry": {"type": "Polygon", "coordinates": [[[101.612964, 3.07329], [101.612902, 3.07329], [101.612762, 3.073319], [101.612763, 3.073473], [101.612825, 3.073473], [101.612965, 3.073445], [101.612964, 3.07329]]]}}, {"type": "Feature", "properties": {}, "geometry": {"type": "Polygon", "coordinates": [[[101.612902, 3.07329], [101.612839, 3.07329], [101.612699, 3.073319], [101.6127, 3.073473], [101.612763, 3.073473], [101.612903, 3.073445], [101.612902, 3.07329]]]}}, {"type": "Feature", "properties": {}, "geometry": {"type": "Polygon", "coordinates": [[[101.612838, 3.072741], [101.612775, 3.072742], [101.612635, 3.07277], [101.612636, 3.072923], [101.612699, 3.072923], [101.612839, 3.072894], [101.612838, 3.072741]]]}}, {"type": "Feature", "properties": {}, "geometry": {"type": "Polygon", "coordinates": [[[101.6129, 3.07274], [101.612838, 3.072741], [101.612698, 3.072769], [101.612699, 3.072923], [101.612761, 3.072922], [101.612902, 3.072894], [101.6129, 3.07274]]]}}, {"type": "Feature", "properties": {}, "geometry": {"type": "Polygon", "coordinates": [[[101.612963, 3.07274], [101.6129, 3.07274], [101.61276, 3.072769], [101.612761, 3.072922], [101.612824, 3.072922], [101.612964, 3.072893], [101.612963, 3.07274]]]}}, {"type": "Feature", "properties": {}, "geometry": {"type": "Polygon", "coordinates": [[[101.613025, 3.072739], [101.612963, 3.07274], [101.612822, 3.072768], [101.612824, 3.072922], [101.612886, 3.072921], [101.613026, 3.072893], [101.613025, 3.072739]]]}}, {"type": "Feature", "properties": {}, "geometry": {"type": "Polygon", "coordinates": [[[101.613088, 3.072739], [101.613025, 3.072739], [101.612885, 3.072768], [101.612886, 3.072921], [101.612949, 3.07292], [101.613089, 3.072892], [101.613088, 3.072739]]]}}, {"type": "Feature", "properties": {}, "geometry": {"type": "Polygon", "coordinates": [[[101.61315, 3.072738], [101.613088, 3.072739], [101.612947, 3.072767], [101.612949, 3.07292], [101.613011, 3.07292], [101.613151, 3.072891], [101.61315, 3.072738]]]}}, {"type": "Feature", "properties": {}, "geometry": {"type": "Polygon", "coordinates": [[[101.613212, 3.072738], [101.61315, 3.072738], [101.61301, 3.072767], [101.613011, 3.07292], [101.613074, 3.072919], [101.613214, 3.072891], [101.613212, 3.072738]]]}}, {"type": "Feature", "properties": {}, "geometry": {"type": "Polygon", "coordinates": [[[101.613275, 3.072737], [101.613212, 3.072738], [101.613072, 3.072766], [101.613074, 3.072919], [101.613136, 3.072919], [101.613276, 3.07289], [101.613275, 3.072737]]]}}, {"type": "Feature", "properties": {}, "geometry": {"type": "Polygon", "coordinates": [[[101.613337, 3.072737], [101.613275, 3.072737], [101.613135, 3.072765], [101.613136, 3.072919], [101.613198, 3.072918], [101.613339, 3.07289], [101.613337, 3.072737]]]}}, {"type": "Feature", "properties": {}, "geometry": {"type": "Polygon", "coordinates": [[[101.6134, 3.072736], [101.613337, 3.072737], [101.613197, 3.072765], [101.613198, 3.072918], [101.613261, 3.072917], [101.613401, 3.072889], [101.6134, 3.072736]]]}}, {"type": "Feature", "properties": {}, "geometry": {"type": "Polygon", "coordinates": [[[101.613462, 3.072735], [101.6134, 3.072736], [101.61326, 3.072764], [101.613261, 3.072917], [101.613323, 3.072917], [101.613464, 3.072889], [101.613462, 3.072735]]]}}, {"type": "Feature", "properties": {}, "geometry": {"type": "Polygon", "coordinates": [[[101.613522, 3.072927], [101.61346, 3.072927], [101.61332, 3.072956], [101.613321, 3.073105], [101.613383, 3.073104], [101.613524, 3.073076], [101.613522, 3.072927]]]}}, {"type": "Feature", "properties": {}, "geometry": {"type": "Polygon", "coordinates": [[[101.61346, 3.072927], [101.613397, 3.072928], [101.613257, 3.072956], [101.613258, 3.073105], [101.613321, 3.073105], [101.613461, 3.073076], [101.61346, 3.072927]]]}}, {"type": "Feature", "properties": {}, "geometry": {"type": "Polygon", "coordinates": [[[101.613397, 3.072928], [101.613335, 3.072928], [101.613195, 3.072957], [101.613196, 3.073106], [101.613258, 3.073105], [101.613399, 3.073077], [101.613397, 3.072928]]]}}, {"type": "Feature", "properties": {}, "geometry": {"type": "Polygon", "coordinates": [[[101.613335, 3.072928], [101.613272, 3.072929], [101.613132, 3.072957], [101.613134, 3.073107], [101.613196, 3.073106], [101.613336, 3.073078], [101.613335, 3.072928]]]}}, {"type": "Feature", "properties": {}, "geometry": {"type": "Polygon", "coordinates": [[[101.613272, 3.072929], [101.61321, 3.07293], [101.61307, 3.072958], [101.613071, 3.073107], [101.613134, 3.073107], [101.613274, 3.073078], [101.613272, 3.072929]]]}}, {"type": "Feature", "properties": {}, "geometry": {"type": "Polygon", "coordinates": [[[101.61321, 3.07293], [101.613147, 3.07293], [101.613007, 3.072958], [101.613009, 3.073108], [101.613071, 3.073107], [101.613211, 3.073079], [101.61321, 3.07293]]]}}, {"type": "Feature", "properties": {}, "geometry": {"type": "Polygon", "coordinates": [[[101.613147, 3.07293], [101.613085, 3.072931], [101.612945, 3.072959], [101.612946, 3.073108], [101.613009, 3.073108], [101.613149, 3.073079], [101.613147, 3.07293]]]}}, {"type": "Feature", "properties": {}, "geometry": {"type": "Polygon", "coordinates": [[[101.613085, 3.072931], [101.613023, 3.072931], [101.612882, 3.07296], [101.612884, 3.073109], [101.612946, 3.073108], [101.613086, 3.07308], [101.613085, 3.072931]]]}}, {"type": "Feature", "properties": {}, "geometry": {"type": "Polygon", "coordinates": [[[101.613023, 3.072931], [101.61296, 3.072932], [101.61282, 3.07296], [101.612821, 3.073109], [101.612884, 3.073109], [101.613024, 3.07308], [101.613023, 3.072931]]]}}, {"type": "Feature", "properties": {}, "geometry": {"type": "Polygon", "coordinates": [[[101.61296, 3.072932], [101.612898, 3.072932], [101.612758, 3.072961], [101.612759, 3.07311], [101.612821, 3.073109], [101.612961, 3.073081], [101.61296, 3.072932]]]}}, {"type": "Feature", "properties": {}, "geometry": {"type": "Polygon", "coordinates": [[[101.612898, 3.072932], [101.612835, 3.072933], [101.612695, 3.072961], [101.612696, 3.07311], [101.612759, 3.07311], [101.612899, 3.073082], [101.612898, 3.072932]]]}}, {"type": "Feature", "properties": {}, "geometry": {"type": "Polygon", "coordinates": [[[101.612051, 3.072741], [101.611989, 3.072742], [101.611849, 3.07277], [101.611851, 3.072921], [101.611912, 3.072921], [101.612052, 3.072892], [101.612051, 3.072741]]]}}, {"type": "Feature", "properties": {}, "geometry": {"type": "Polygon", "coordinates": [[[101.612112, 3.072741], [101.612051, 3.072741], [101.611911, 3.07277], [101.611912, 3.072921], [101.611974, 3.07292], [101.612114, 3.072892], [101.612112, 3.072741]]]}}, {"type": "Feature", "properties": {}, "geometry": {"type": "Polygon", "coordinates": [[[101.612174, 3.07274], [101.612112, 3.072741], [101.611972, 3.072769], [101.611974, 3.07292], [101.612035, 3.07292], [101.612175, 3.072891], [101.612174, 3.07274]]]}}, {"type": "Feature", "properties": {}, "geometry": {"type": "Polygon", "coordinates": [[[101.612235, 3.07274], [101.612174, 3.07274], [101.612034, 3.072769], [101.612035, 3.07292], [101.612097, 3.072919], [101.612237, 3.072891], [101.612235, 3.07274]]]}}, {"type": "Feature", "properties": {}, "geometry": {"type": "Polygon", "coordinates": [[[101.612297, 3.072739], [101.612235, 3.07274], [101.612095, 3.072768], [101.612097, 3.072919], [101.612158, 3.072919], [101.612298, 3.07289], [101.612297, 3.072739]]]}}, {"type": "Feature", "properties": {}, "geometry": {"type": "Polygon", "coordinates": [[[101.612358, 3.072738], [101.612297, 3.072739], [101.612157, 3.072767], [101.612158, 3.072919], [101.612219, 3.072918], [101.61236, 3.07289], [101.612358, 3.072738]]]}}, {"type": "Feature", "properties": {}, "geometry": {"type": "Polygon", "coordinates": [[[101.61242, 3.072738], [101.612358, 3.072738], [101.612218, 3.072767], [101.612219, 3.072918], [101.612281, 3.072917], [101.612421, 3.072889], [101.61242, 3.072738]]]}}, {"type": "Feature", "properties": {}, "geometry": {"type": "Polygon", "coordinates": [[[101.612481, 3.072737], [101.61242, 3.072738], [101.612279, 3.072766], [101.612281, 3.072917], [101.612342, 3.072917], [101.612482, 3.072889], [101.612481, 3.072737]]]}}, {"type": "Feature", "properties": {}, "geometry": {"type": "Polygon", "coordinates": [[[101.612543, 3.072737], [101.612481, 3.072737], [101.612341, 3.072766], [101.612342, 3.072917], [101.612404, 3.072916], [101.612544, 3.072888], [101.612543, 3.072737]]]}}, {"type": "Feature", "properties": {}, "geometry": {"type": "Polygon", "coordinates": [[[101.612604, 3.072736], [101.612543, 3.072737], [101.612402, 3.072765], [101.612404, 3.072916], [101.612465, 3.072916], [101.612605, 3.072887], [101.612604, 3.072736]]]}}, {"type": "Feature", "properties": {}, "geometry": {"type": "Polygon", "coordinates": [[[101.612666, 3.072736], [101.612604, 3.072736], [101.612464, 3.072765], [101.612465, 3.072916], [101.612527, 3.072915], [101.612667, 3.072887], [101.612666, 3.072736]]]}}, {"type": "Feature", "properties": {}, "geometry": {"type": "Polygon", "coordinates": [[[101.612731, 3.072925], [101.612669, 3.072925], [101.612529, 3.072954], [101.61253, 3.073109], [101.612592, 3.073109], [101.612732, 3.07308], [101.612731, 3.072925]]]}}, {"type": "Feature", "properties": {}, "geometry": {"type": "Polygon", "coordinates": [[[101.612669, 3.072925], [101.612607, 3.072926], [101.612467, 3.072954], [101.612468, 3.07311], [101.61253, 3.073109], [101.61267, 3.073081], [101.612669, 3.072925]]]}}, {"type": "Feature", "properties": {}, "geometry": {"type": "Polygon", "coordinates": [[[101.612607, 3.072926], [101.612545, 3.072927], [101.612405, 3.072955], [101.612406, 3.07311], [101.612468, 3.07311], [101.612608, 3.073081], [101.612607, 3.072926]]]}}, {"type": "Feature", "properties": {}, "geometry": {"type": "Polygon", "coordinates": [[[101.612545, 3.072927], [101.612483, 3.072927], [101.612343, 3.072955], [101.612344, 3.073111], [101.612406, 3.07311], [101.612546, 3.073082], [101.612545, 3.072927]]]}}, {"type": "Feature", "properties": {}, "geometry": {"type": "Polygon", "coordinates": [[[101.612483, 3.072927], [101.612421, 3.072928], [101.61228, 3.072956], [101.612282, 3.073111], [101.612344, 3.073111], [101.612484, 3.073083], [101.612483, 3.072927]]]}}, {"type": "Feature", "properties": {}, "geometry": {"type": "Polygon", "coordinates": [[[101.612421, 3.072928], [101.612359, 3.072928], [101.612218, 3.072957], [101.61222, 3.073112], [101.612282, 3.073111], [101.612422, 3.073083], [101.612421, 3.072928]]]}}, {"type": "Feature", "properties": {}, "geometry": {"type": "Polygon", "coordinates": [[[101.612359, 3.072928], [101.612297, 3.072929], [101.612156, 3.072957], [101.612158, 3.073113], [101.61222, 3.073112], [101.61236, 3.073084], [101.612359, 3.072928]]]}}, {"type": "Feature", "properties": {}, "geometry": {"type": "Polygon", "coordinates": [[[101.612297, 3.072929], [101.612235, 3.072929], [101.612094, 3.072958], [101.612096, 3.073113], [101.612158, 3.073113], [101.612298, 3.073084], [101.612297, 3.072929]]]}}, {"type": "Feature", "properties": {}, "geometry": {"type": "Polygon", "coordinates": [[[101.612235, 3.072929], [101.612173, 3.07293], [101.612032, 3.072958], [101.612034, 3.073114], [101.612096, 3.073113], [101.612236, 3.073085], [101.612235, 3.072929]]]}}, {"type": "Feature", "properties": {}, "geometry": {"type": "Polygon", "coordinates": [[[101.612173, 3.07293], [101.61211, 3.07293], [101.61197, 3.072959], [101.611972, 3.073114], [101.612034, 3.073114], [101.612174, 3.073085], [101.612173, 3.07293]]]}}, {"type": "Feature", "properties": {}, "geometry": {"type": "Polygon", "coordinates": [[[101.61211, 3.07293], [101.612048, 3.072931], [101.611908, 3.072959], [101.61191, 3.073115], [101.611972, 3.073114], [101.612112, 3.073086], [101.61211, 3.07293]]]}}, {"type": "Feature", "properties": {}, "geometry": {"type": "Polygon", "coordinates": [[[101.61194, 3.07293], [101.611879, 3.07293], [101.611738, 3.072959], [101.61174, 3.073111], [101.611801, 3.073111], [101.611941, 3.073082], [101.61194, 3.07293]]]}}, {"type": "Feature", "properties": {}, "geometry": {"type": "Polygon", "coordinates": [[[101.611879, 3.07293], [101.611817, 3.072931], [101.611677, 3.072959], [101.611679, 3.073112], [101.61174, 3.073111], [101.61188, 3.073083], [101.611879, 3.07293]]]}}, {"type": "Feature", "properties": {}, "geometry": {"type": "Polygon", "coordinates": [[[101.611817, 3.072931], [101.611756, 3.072931], [101.611616, 3.07296], [101.611618, 3.073112], [101.611679, 3.073112], [101.611819, 3.073083], [101.611817, 3.072931]]]}}, {"type": "Feature", "properties": {}, "geometry": {"type": "Polygon", "coordinates": [[[101.611756, 3.072931], [101.611695, 3.072932], [101.611555, 3.07296], [101.611556, 3.073113], [101.611618, 3.073112], [101.611758, 3.073084], [101.611756, 3.072931]]]}}, {"type": "Feature", "properties": {}, "geometry": {"type": "Polygon", "coordinates": [[[101.611695, 3.072932], [101.611634, 3.072933], [101.611494, 3.072961], [101.611495, 3.073113], [101.611556, 3.073113], [101.611697, 3.073085], [101.611695, 3.072932]]]}}, {"type": "Feature", "properties": {}, "geometry": {"type": "Polygon", "coordinates": [[[101.611634, 3.072933], [101.611573, 3.072933], [101.611433, 3.072961], [101.611434, 3.073114], [101.611495, 3.073113], [101.611635, 3.073085], [101.611634, 3.072933]]]}}, {"type": "Feature", "properties": {}, "geometry": {"type": "Polygon", "coordinates": [[[101.611573, 3.072933], [101.611512, 3.072934], [101.611372, 3.072962], [101.611373, 3.073114], [101.611434, 3.073114], [101.611574, 3.073086], [101.611573, 3.072933]]]}}, {"type": "Feature", "properties": {}, "geometry": {"type": "Polygon", "coordinates": [[[101.611512, 3.072934], [101.611451, 3.072934], [101.611311, 3.072963], [101.611312, 3.073115], [101.611373, 3.073114], [101.611513, 3.073086], [101.611512, 3.072934]]]}}, {"type": "Feature", "properties": {}, "geometry": {"type": "Polygon", "coordinates": [[[101.611451, 3.072934], [101.611389, 3.072935], [101.611249, 3.072963], [101.611251, 3.073116], [101.611312, 3.073115], [101.611452, 3.073087], [101.611451, 3.072934]]]}}, {"type": "Feature", "properties": {}, "geometry": {"type": "Polygon", "coordinates": [[[101.611389, 3.072935], [101.611328, 3.072935], [101.611188, 3.072964], [101.61119, 3.073116], [101.611251, 3.073116], [101.611391, 3.073087], [101.611389, 3.072935]]]}}, {"type": "Feature", "properties": {}, "geometry": {"type": "Polygon", "coordinates": [[[101.611328, 3.072935], [101.611267, 3.072936], [101.611127, 3.072964], [101.611129, 3.073117], [101.61119, 3.073116], [101.61133, 3.073088], [101.611328, 3.072935]]]}}, {"type": "Feature", "properties": {}, "geometry": {"type": "Polygon", "coordinates": [[[101.611941, 3.072738], [101.611879, 3.072739], [101.611739, 3.072767], [101.611741, 3.07292], [101.611802, 3.072919], [101.611943, 3.072891], [101.611941, 3.072738]]]}}, {"type": "Feature", "properties": {}, "geometry": {"type": "Polygon", "coordinates": [[[101.611879, 3.072739], [101.611818, 3.07274], [101.611678, 3.072768], [101.611679, 3.072921], [101.611741, 3.07292], [101.611881, 3.072892], [101.611879, 3.072739]]]}}, {"type": "Feature", "properties": {}, "geometry": {"type": "Polygon", "coordinates": [[[101.611818, 3.07274], [101.611756, 3.07274], [101.611616, 3.072769], [101.611617, 3.072921], [101.611679, 3.072921], [101.611819, 3.072892], [101.611818, 3.07274]]]}}, {"type": "Feature", "properties": {}, "geometry": {"type": "Polygon", "coordinates": [[[101.611756, 3.07274], [101.611694, 3.072741], [101.611554, 3.072769], [101.611556, 3.072922], [101.611617, 3.072921], [101.611757, 3.072893], [101.611756, 3.07274]]]}}, {"type": "Feature", "properties": {}, "geometry": {"type": "Polygon", "coordinates": [[[101.611694, 3.072741], [101.611633, 3.072741], [101.611492, 3.07277], [101.611494, 3.072922], [101.611556, 3.072922], [101.611696, 3.072893], [101.611694, 3.072741]]]}}, {"type": "Feature", "properties": {}, "geometry": {"type": "Polygon", "coordinates": [[[101.611633, 3.072741], [101.611571, 3.072742], [101.611431, 3.07277], [101.611432, 3.072923], [101.611494, 3.072922], [101.611634, 3.072894], [101.611633, 3.072741]]]}}, {"type": "Feature", "properties": {}, "geometry": {"type": "Polygon", "coordinates": [[[101.611571, 3.072742], [101.611509, 3.072742], [101.611369, 3.072771], [101.611371, 3.072923], [101.611432, 3.072923], [101.611572, 3.072894], [101.611571, 3.072742]]]}}, {"type": "Feature", "properties": {}, "geometry": {"type": "Polygon", "coordinates": [[[101.611509, 3.072742], [101.611448, 3.072743], [101.611307, 3.072771], [101.611309, 3.072924], [101.611371, 3.072923], [101.611511, 3.072895], [101.611509, 3.072742]]]}}, {"type": "Feature", "properties": {}, "geometry": {"type": "Polygon", "coordinates": [[[101.611448, 3.072743], [101.611386, 3.072744], [101.611246, 3.072772], [101.611247, 3.072924], [101.611309, 3.072924], [101.611449, 3.072896], [101.611448, 3.072743]]]}}, {"type": "Feature", "properties": {}, "geometry": {"type": "Polygon", "coordinates": [[[101.611386, 3.072744], [101.611324, 3.072744], [101.611184, 3.072773], [101.611185, 3.072925], [101.611247, 3.072924], [101.611387, 3.072896], [101.611386, 3.072744]]]}}, {"type": "Feature", "properties": {}, "geometry": {"type": "Polygon", "coordinates": [[[101.611324, 3.072744], [101.611262, 3.072745], [101.611122, 3.072773], [101.611124, 3.072926], [101.611185, 3.072925], [101.611326, 3.072897], [101.611324, 3.072744]]]}}, {"type": "Feature", "properties": {}, "geometry": {"type": "Polygon", "coordinates": [[[101.61194, 3.072176], [101.611878, 3.072177], [101.611738, 3.072205], [101.611739, 3.072364], [101.611801, 3.072363], [101.611941, 3.072335], [101.61194, 3.072176]]]}}, {"type": "Feature", "properties": {}, "geometry": {"type": "Polygon", "coordinates": [[[101.611878, 3.072177], [101.611816, 3.072177], [101.611676, 3.072206], [101.611677, 3.072364], [101.611739, 3.072364], [101.611879, 3.072336], [101.611878, 3.072177]]]}}, {"type": "Feature", "properties": {}, "geometry": {"type": "Polygon", "coordinates": [[[101.611816, 3.072177], [101.611754, 3.072178], [101.611614, 3.072206], [101.611615, 3.072365], [101.611677, 3.072364], [101.611817, 3.072336], [101.611816, 3.072177]]]}}, {"type": "Feature", "properties": {}, "geometry": {"type": "Polygon", "coordinates": [[[101.611754, 3.072178], [101.611692, 3.072178], [101.611552, 3.072207], [101.611553, 3.072366], [101.611615, 3.072365], [101.611755, 3.072337], [101.611754, 3.072178]]]}}, {"type": "Feature", "properties": {}, "geometry": {"type": "Polygon", "coordinates": [[[101.611692, 3.072178], [101.61163, 3.072179], [101.61149, 3.072207], [101.611491, 3.072366], [101.611553, 3.072366], [101.611694, 3.072337], [101.611692, 3.072178]]]}}, {"type": "Feature", "properties": {}, "geometry": {"type": "Polygon", "coordinates": [[[101.61163, 3.072179], [101.611568, 3.07218], [101.611428, 3.072208], [101.61143, 3.072367], [101.611491, 3.072366], [101.611632, 3.072338], [101.61163, 3.072179]]]}}, {"type": "Feature", "properties": {}, "geometry": {"type": "Polygon", "coordinates": [[[101.611568, 3.07218], [101.611506, 3.07218], [101.611366, 3.072208], [101.611368, 3.072367], [101.61143, 3.072367], [101.61157, 3.072338], [101.611568, 3.07218]]]}}, {"type": "Feature", "properties": {}, "geometry": {"type": "Polygon", "coordinates": [[[101.611506, 3.07218], [101.611444, 3.072181], [101.611304, 3.072209], [101.611306, 3.072368], [101.611368, 3.072367], [101.611508, 3.072339], [101.611506, 3.07218]]]}}, {"type": "Feature", "properties": {}, "geometry": {"type": "Polygon", "coordinates": [[[101.611444, 3.072181], [101.611383, 3.072181], [101.611242, 3.07221], [101.611244, 3.072368], [101.611306, 3.072368], [101.611446, 3.072339], [101.611444, 3.072181]]]}}, {"type": "Feature", "properties": {}, "geometry": {"type": "Polygon", "coordinates": [[[101.611383, 3.072181], [101.611321, 3.072182], [101.611181, 3.07221], [101.611182, 3.072369], [101.611244, 3.072368], [101.611384, 3.07234], [101.611383, 3.072181]]]}}, {"type": "Feature", "properties": {}, "geometry": {"type": "Polygon", "coordinates": [[[101.611321, 3.072182], [101.611259, 3.072182], [101.611119, 3.072211], [101.61112, 3.07237], [101.611182, 3.072369], [101.611322, 3.072341], [101.611321, 3.072182]]]}}, {"type": "Feature", "properties": {}, "geometry": {"type": "Polygon", "coordinates": [[[101.61194, 3.072365], [101.611877, 3.072366], [101.611737, 3.072394], [101.611739, 3.072554], [101.611801, 3.072553], [101.611941, 3.072525], [101.61194, 3.072365]]]}}, {"type": "Feature", "properties": {}, "geometry": {"type": "Polygon", "coordinates": [[[101.611877, 3.072366], [101.611815, 3.072366], [101.611675, 3.072395], [101.611677, 3.072554], [101.611739, 3.072554], [101.611879, 3.072525], [101.611877, 3.072366]]]}}, {"type": "Feature", "properties": {}, "geometry": {"type": "Polygon", "coordinates": [[[101.611815, 3.072366], [101.611753, 3.072367], [101.611613, 3.072395], [101.611615, 3.072555], [101.611677, 3.072554], [101.611817, 3.072526], [101.611815, 3.072366]]]}}, {"type": "Feature", "properties": {}, "geometry": {"type": "Polygon", "coordinates": [[[101.611753, 3.072367], [101.611691, 3.072367], [101.611551, 3.072396], [101.611552, 3.072555], [101.611615, 3.072555], [101.611755, 3.072526], [101.611753, 3.072367]]]}}, {"type": "Feature", "properties": {}, "geometry": {"type": "Polygon", "coordinates": [[[101.611691, 3.072367], [101.611629, 3.072368], [101.611489, 3.072396], [101.61149, 3.072556], [101.611552, 3.072555], [101.611693, 3.072527], [101.611691, 3.072367]]]}}, {"type": "Feature", "properties": {}, "geometry": {"type": "Polygon", "coordinates": [[[101.611629, 3.072368], [101.611567, 3.072369], [101.611427, 3.072397], [101.611428, 3.072557], [101.61149, 3.072556], [101.61163, 3.072528], [101.611629, 3.072368]]]}}, {"type": "Feature", "properties": {}, "geometry": {"type": "Polygon", "coordinates": [[[101.611567, 3.072369], [101.611505, 3.072369], [101.611364, 3.072397], [101.611366, 3.072557], [101.611428, 3.072557], [101.611568, 3.072528], [101.611567, 3.072369]]]}}, {"type": "Feature", "properties": {}, "geometry": {"type": "Polygon", "coordinates": [[[101.611505, 3.072369], [101.611443, 3.07237], [101.611302, 3.072398], [101.611304, 3.072558], [101.611366, 3.072557], [101.611506, 3.072529], [101.611505, 3.072369]]]}}, {"type": "Feature", "properties": {}, "geometry": {"type": "Polygon", "coordinates": [[[101.611443, 3.07237], [101.61138, 3.07237], [101.61124, 3.072398], [101.611242, 3.072558], [101.611304, 3.072558], [101.611444, 3.072529], [101.611443, 3.07237]]]}}, {"type": "Feature", "properties": {}, "geometry": {"type": "Polygon", "coordinates": [[[101.61138, 3.07237], [101.611318, 3.072371], [101.611178, 3.072399], [101.61118, 3.072559], [101.611242, 3.072558], [101.611382, 3.07253], [101.61138, 3.07237]]]}}, {"type": "Feature", "properties": {}, "geometry": {"type": "Polygon", "coordinates": [[[101.611318, 3.072371], [101.611256, 3.072371], [101.611116, 3.0724], [101.611118, 3.072559], [101.61118, 3.072559], [101.61132, 3.07253], [101.611318, 3.072371]]]}}, {"type": "Feature", "properties": {}, "geometry": {"type": "Polygon", "coordinates": [[[101.612726, 3.072363], [101.612664, 3.072364], [101.612524, 3.072392], [101.612525, 3.072549], [101.612587, 3.072548], [101.612727, 3.07252], [101.612726, 3.072363]]]}}, {"type": "Feature", "properties": {}, "geometry": {"type": "Polygon", "coordinates": [[[101.612664, 3.072364], [101.612602, 3.072364], [101.612462, 3.072392], [101.612463, 3.072549], [101.612525, 3.072549], [101.612665, 3.07252], [101.612664, 3.072364]]]}}, {"type": "Feature", "properties": {}, "geometry": {"type": "Polygon", "coordinates": [[[101.612602, 3.072364], [101.61254, 3.072365], [101.6124, 3.072393], [101.612401, 3.07255], [101.612463, 3.072549], [101.612603, 3.072521], [101.612602, 3.072364]]]}}, {"type": "Feature", "properties": {}, "geometry": {"type": "Polygon", "coordinates": [[[101.61254, 3.072365], [101.612478, 3.072365], [101.612338, 3.072394], [101.612339, 3.07255], [101.612401, 3.07255], [101.612541, 3.072521], [101.61254, 3.072365]]]}}, {"type": "Feature", "properties": {}, "geometry": {"type": "Polygon", "coordinates": [[[101.612478, 3.072365], [101.612416, 3.072366], [101.612276, 3.072394], [101.612277, 3.072551], [101.612339, 3.07255], [101.612479, 3.072522], [101.612478, 3.072365]]]}}, {"type": "Feature", "properties": {}, "geometry": {"type": "Polygon", "coordinates": [[[101.612416, 3.072366], [101.612354, 3.072366], [101.612214, 3.072395], [101.612215, 3.072551], [101.612277, 3.072551], [101.612417, 3.072523], [101.612416, 3.072366]]]}}, {"type": "Feature", "properties": {}, "geometry": {"type": "Polygon", "coordinates": [[[101.612354, 3.072366], [101.612292, 3.072367], [101.612152, 3.072395], [101.612153, 3.072552], [101.612215, 3.072551], [101.612355, 3.072523], [101.612354, 3.072366]]]}}, {"type": "Feature", "properties": {}, "geometry": {"type": "Polygon", "coordinates": [[[101.612292, 3.072367], [101.61223, 3.072368], [101.61209, 3.072396], [101.612091, 3.072553], [101.612153, 3.072552], [101.612293, 3.072524], [101.612292, 3.072367]]]}}, {"type": "Feature", "properties": {}, "geometry": {"type": "Polygon", "coordinates": [[[101.61223, 3.072368], [101.612168, 3.072368], [101.612028, 3.072396], [101.612029, 3.072553], [101.612091, 3.072553], [101.612231, 3.072524], [101.61223, 3.072368]]]}}, {"type": "Feature", "properties": {}, "geometry": {"type": "Polygon", "coordinates": [[[101.612168, 3.072368], [101.612106, 3.072369], [101.611966, 3.072397], [101.611967, 3.072554], [101.612029, 3.072553], [101.61217, 3.072525], [101.612168, 3.072368]]]}}, {"type": "Feature", "properties": {}, "geometry": {"type": "Polygon", "coordinates": [[[101.612106, 3.072369], [101.612044, 3.072369], [101.611904, 3.072398], [101.611905, 3.072554], [101.611967, 3.072554], [101.612108, 3.072525], [101.612106, 3.072369]]]}}, {"type": "Feature", "properties": {}, "geometry": {"type": "Polygon", "coordinates": [[[101.612724, 3.072172], [101.612663, 3.072173], [101.612522, 3.072201], [101.612524, 3.072355], [101.612585, 3.072354], [101.612726, 3.072326], [101.612724, 3.072172]]]}}, {"type": "Feature", "properties": {}, "geometry": {"type": "Polygon", "coordinates": [[[101.612663, 3.072173], [101.612601, 3.072173], [101.612461, 3.072202], [101.612462, 3.072355], [101.612524, 3.072355], [101.612664, 3.072326], [101.612663, 3.072173]]]}}, {"type": "Feature", "properties": {}, "geometry": {"type": "Polygon", "coordinates": [[[101.612601, 3.072173], [101.612539, 3.072174], [101.612399, 3.072202], [101.612401, 3.072356], [101.612462, 3.072355], [101.612602, 3.072327], [101.612601, 3.072173]]]}}, {"type": "Feature", "properties": {}, "geometry": {"type": "Polygon", "coordinates": [[[101.612539, 3.072174], [101.612478, 3.072174], [101.612338, 3.072203], [101.612339, 3.072356], [101.612401, 3.072356], [101.612541, 3.072328], [101.612539, 3.072174]]]}}, {"type": "Feature", "properties": {}, "geometry": {"type": "Polygon", "coordinates": [[[101.612478, 3.072174], [101.612416, 3.072175], [101.612276, 3.072203], [101.612278, 3.072357], [101.612339, 3.072356], [101.612479, 3.072328], [101.612478, 3.072174]]]}}, {"type": "Feature", "properties": {}, "geometry": {"type": "Polygon", "coordinates": [[[101.612416, 3.072175], [101.612355, 3.072175], [101.612215, 3.072204], [101.612216, 3.072357], [101.612278, 3.072357], [101.612418, 3.072329], [101.612416, 3.072175]]]}}, {"type": "Feature", "properties": {}, "geometry": {"type": "Polygon", "coordinates": [[[101.612355, 3.072175], [101.612293, 3.072176], [101.612153, 3.072204], [101.612154, 3.072358], [101.612216, 3.072357], [101.612356, 3.072329], [101.612355, 3.072175]]]}}, {"type": "Feature", "properties": {}, "geometry": {"type": "Polygon", "coordinates": [[[101.612293, 3.072176], [101.612232, 3.072177], [101.612092, 3.072205], [101.612093, 3.072359], [101.612154, 3.072358], [101.612295, 3.07233], [101.612293, 3.072176]]]}}, {"type": "Feature", "properties": {}, "geometry": {"type": "Polygon", "coordinates": [[[101.612232, 3.072177], [101.61217, 3.072177], [101.61203, 3.072205], [101.612031, 3.072359], [101.612093, 3.072359], [101.612233, 3.07233], [101.612232, 3.072177]]]}}, {"type": "Feature", "properties": {}, "geometry": {"type": "Polygon", "coordinates": [[[101.61217, 3.072177], [101.612108, 3.072178], [101.611968, 3.072206], [101.61197, 3.07236], [101.612031, 3.072359], [101.612171, 3.072331], [101.61217, 3.072177]]]}}, {"type": "Feature", "properties": {}, "geometry": {"type": "Polygon", "coordinates": [[[101.612108, 3.072178], [101.612047, 3.072178], [101.611907, 3.072207], [101.611908, 3.07236], [101.61197, 3.07236], [101.61211, 3.072331], [101.612108, 3.072178]]]}}, {"type": "Feature", "properties": {}, "geometry": {"type": "Polygon", "coordinates": [[[101.613523, 3.072174], [101.613461, 3.072174], [101.613321, 3.072202], [101.613322, 3.072356], [101.613385, 3.072355], [101.613525, 3.072327], [101.613523, 3.072174]]]}}, {"type": "Feature", "properties": {}, "geometry": {"type": "Polygon", "coordinates": [[[101.613461, 3.072174], [101.613398, 3.072175], [101.613258, 3.072203], [101.61326, 3.072356], [101.613322, 3.072356], [101.613462, 3.072327], [101.613461, 3.072174]]]}}, {"type": "Feature", "properties": {}, "geometry": {"type": "Polygon", "coordinates": [[[101.613398, 3.072175], [101.613336, 3.072175], [101.613196, 3.072204], [101.613197, 3.072357], [101.61326, 3.072356], [101.6134, 3.072328], [101.613398, 3.072175]]]}}, {"type": "Feature", "properties": {}, "geometry": {"type": "Polygon", "coordinates": [[[101.613336, 3.072175], [101.613274, 3.072176], [101.613133, 3.072204], [101.613135, 3.072357], [101.613197, 3.072357], [101.613337, 3.072328], [101.613336, 3.072175]]]}}, {"type": "Feature", "properties": {}, "geometry": {"type": "Polygon", "coordinates": [[[101.613274, 3.072176], [101.613211, 3.072176], [101.613071, 3.072205], [101.613072, 3.072358], [101.613135, 3.072357], [101.613275, 3.072329], [101.613274, 3.072176]]]}}, {"type": "Feature", "properties": {}, "geometry": {"type": "Polygon", "coordinates": [[[101.613211, 3.072176], [101.613149, 3.072177], [101.613008, 3.072205], [101.61301, 3.072358], [101.613072, 3.072358], [101.613212, 3.07233], [101.613211, 3.072176]]]}}, {"type": "Feature", "properties": {}, "geometry": {"type": "Polygon", "coordinates": [[[101.613149, 3.072177], [101.613086, 3.072177], [101.612946, 3.072206], [101.612947, 3.072359], [101.61301, 3.072358], [101.61315, 3.07233], [101.613149, 3.072177]]]}}, {"type": "Feature", "properties": {}, "geometry": {"type": "Polygon", "coordinates": [[[101.613086, 3.072177], [101.613024, 3.072178], [101.612883, 3.072206], [101.612885, 3.07236], [101.612947, 3.072359], [101.613087, 3.072331], [101.613086, 3.072177]]]}}, {"type": "Feature", "properties": {}, "geometry": {"type": "Polygon", "coordinates": [[[101.613024, 3.072178], [101.612961, 3.072179], [101.612821, 3.072207], [101.612822, 3.07236], [101.612885, 3.07236], [101.613025, 3.072331], [101.613024, 3.072178]]]}}, {"type": "Feature", "properties": {}, "geometry": {"type": "Polygon", "coordinates": [[[101.613523, 3.072366], [101.613461, 3.072367], [101.613321, 3.072395], [101.613322, 3.072552], [101.613385, 3.072552], [101.613525, 3.072523], [101.613523, 3.072366]]]}}, {"type": "Feature", "properties": {}, "geometry": {"type": "Polygon", "coordinates": [[[101.613461, 3.072367], [101.613399, 3.072367], [101.613259, 3.072396], [101.61326, 3.072553], [101.613322, 3.072552], [101.613463, 3.072524], [101.613461, 3.072367]]]}}, {"type": "Feature", "properties": {}, "geometry": {"type": "Polygon", "coordinates": [[[101.613399, 3.072367], [101.613337, 3.072368], [101.613197, 3.072396], [101.613198, 3.072554], [101.61326, 3.072553], [101.6134, 3.072525], [101.613399, 3.072367]]]}}, {"type": "Feature", "properties": {}, "geometry": {"type": "Polygon", "coordinates": [[[101.613337, 3.072368], [101.613274, 3.072369], [101.613134, 3.072397], [101.613136, 3.072554], [101.613198, 3.072554], [101.613338, 3.072525], [101.613337, 3.072368]]]}}, {"type": "Feature", "properties": {}, "geometry": {"type": "Polygon", "coordinates": [[[101.613274, 3.072369], [101.613212, 3.072369], [101.613072, 3.072398], [101.613073, 3.072555], [101.613136, 3.072554], [101.613276, 3.072526], [101.613274, 3.072369]]]}}, {"type": "Feature", "properties": {}, "geometry": {"type": "Polygon", "coordinates": [[[101.613212, 3.072369], [101.61315, 3.07237], [101.61301, 3.072398], [101.613011, 3.072555], [101.613073, 3.072555], [101.613214, 3.072526], [101.613212, 3.072369]]]}}, {"type": "Feature", "properties": {}, "geometry": {"type": "Polygon", "coordinates": [[[101.61315, 3.07237], [101.613088, 3.07237], [101.612948, 3.072399], [101.612949, 3.072556], [101.613011, 3.072555], [101.613151, 3.072527], [101.61315, 3.07237]]]}}, {"type": "Feature", "properties": {}, "geometry": {"type": "Polygon", "coordinates": [[[101.613088, 3.07237], [101.613025, 3.072371], [101.612885, 3.072399], [101.612887, 3.072556], [101.612949, 3.072556], [101.613089, 3.072527], [101.613088, 3.07237]]]}}, {"type": "Feature", "properties": {}, "geometry": {"type": "Polygon", "coordinates": [[[101.613025, 3.072371], [101.612963, 3.072371], [101.612823, 3.0724], [101.612824, 3.072557], [101.612887, 3.072556], [101.613027, 3.072528], [101.613025, 3.072371]]]}}, {"type": "Feature", "properties": {}, "geometry": {"type": "Polygon", "coordinates": [[[101.612963, 3.072371], [101.612901, 3.072372], [101.612761, 3.0724], [101.612762, 3.072557], [101.612824, 3.072557], [101.612965, 3.072529], [101.612963, 3.072371]]]}}, {"type": "Feature", "properties": {}, "geometry": {"type": "Polygon", "coordinates": [[[101.612901, 3.072372], [101.612839, 3.072373], [101.612698, 3.072401], [101.6127, 3.072558], [101.612762, 3.072557], [101.612902, 3.072529], [101.612901, 3.072372]]]}}, {"type": "Feature", "properties": {}, "geometry": {"type": "Polygon", "coordinates": [[[101.61352, 3.071622], [101.613457, 3.071623], [101.613317, 3.071651], [101.613318, 3.071801], [101.613381, 3.0718], [101.613521, 3.071772], [101.61352, 3.071622]]]}}, {"type": "Feature", "properties": {}, "geometry": {"type": "Polygon", "coordinates": [[[101.613457, 3.071623], [101.613395, 3.071623], [101.613254, 3.071652], [101.613256, 3.071801], [101.613318, 3.071801], [101.613459, 3.071772], [101.613457, 3.071623]]]}}, {"type": "Feature", "properties": {}, "geometry": {"type": "Polygon", "coordinates": [[[101.613395, 3.071623], [101.613332, 3.071624], [101.613192, 3.071652], [101.613193, 3.071802], [101.613256, 3.071801], [101.613396, 3.071773], [101.613395, 3.071623]]]}}, {"type": "Feature", "properties": {}, "geometry": {"type": "Polygon", "coordinates": [[[101.613332, 3.071624], [101.61327, 3.071624], [101.61313, 3.071653], [101.613131, 3.071802], [101.613193, 3.071802], [101.613334, 3.071774], [101.613332, 3.071624]]]}}, {"type": "Feature", "properties": {}, "geometry": {"type": "Polygon", "coordinates": [[[101.61327, 3.071624], [101.613207, 3.071625], [101.613067, 3.071653], [101.613068, 3.071803], [101.613131, 3.071802], [101.613271, 3.071774], [101.61327, 3.071624]]]}}, {"type": "Feature", "properties": {}, "geometry": {"type": "Polygon", "coordinates": [[[101.613207, 3.071625], [101.613145, 3.071626], [101.613005, 3.071654], [101.613006, 3.071804], [101.613068, 3.071803], [101.613209, 3.071775], [101.613207, 3.071625]]]}}, {"type": "Feature", "properties": {}, "geometry": {"type": "Polygon", "coordinates": [[[101.613145, 3.071626], [101.613082, 3.071626], [101.612942, 3.071654], [101.612944, 3.071804], [101.613006, 3.071804], [101.613146, 3.071775], [101.613145, 3.071626]]]}}, {"type": "Feature", "properties": {}, "geometry": {"type": "Polygon", "coordinates": [[[101.613082, 3.071626], [101.61302, 3.071627], [101.61288, 3.071655], [101.612881, 3.071805], [101.612944, 3.071804], [101.613084, 3.071776], [101.613082, 3.071626]]]}}, {"type": "Feature", "properties": {}, "geometry": {"type": "Polygon", "coordinates": [[[101.61302, 3.071627], [101.612957, 3.071627], [101.612817, 3.071656], [101.612819, 3.071805], [101.612881, 3.071805], [101.613021, 3.071776], [101.61302, 3.071627]]]}}, {"type": "Feature", "properties": {}, "geometry": {"type": "Polygon", "coordinates": [[[101.612957, 3.071627], [101.612895, 3.071628], [101.612755, 3.071656], [101.612756, 3.071806], [101.612819, 3.071805], [101.612959, 3.071777], [101.612957, 3.071627]]]}}, {"type": "Feature", "properties": {}, "geometry": {"type": "Polygon", "coordinates": [[[101.612895, 3.071628], [101.612832, 3.071628], [101.612692, 3.071657], [101.612694, 3.071807], [101.612756, 3.071806], [101.612896, 3.071778], [101.612895, 3.071628]]]}}, {"type": "Feature", "properties": {}, "geometry": {"type": "Polygon", "coordinates": [[[101.613524, 3.071815], [101.613461, 3.071815], [101.613321, 3.071844], [101.613322, 3.07199], [101.613385, 3.07199], [101.613525, 3.071961], [101.613524, 3.071815]]]}}, {"type": "Feature", "properties": {}, "geometry": {"type": "Polygon", "coordinates": [[[101.613461, 3.071815], [101.613398, 3.071816], [101.613258, 3.071844], [101.613259, 3.071991], [101.613322, 3.07199], [101.613462, 3.071962], [101.613461, 3.071815]]]}}, {"type": "Feature", "properties": {}, "geometry": {"type": "Polygon", "coordinates": [[[101.613398, 3.071816], [101.613335, 3.071816], [101.613195, 3.071845], [101.613197, 3.071991], [101.613259, 3.071991], [101.613399, 3.071962], [101.613398, 3.071816]]]}}, {"type": "Feature", "properties": {}, "geometry": {"type": "Polygon", "coordinates": [[[101.613335, 3.071816], [101.613272, 3.071817], [101.613132, 3.071845], [101.613134, 3.071992], [101.613197, 3.071991], [101.613337, 3.071963], [101.613335, 3.071816]]]}}, {"type": "Feature", "properties": {}, "geometry": {"type": "Polygon", "coordinates": [[[101.613272, 3.071817], [101.61321, 3.071818], [101.613069, 3.071846], [101.613071, 3.071992], [101.613134, 3.071992], [101.613274, 3.071964], [101.613272, 3.071817]]]}}, {"type": "Feature", "properties": {}, "geometry": {"type": "Polygon", "coordinates": [[[101.61321, 3.071818], [101.613147, 3.071818], [101.613007, 3.071846], [101.613008, 3.071993], [101.613071, 3.071992], [101.613211, 3.071964], [101.61321, 3.071818]]]}}, {"type": "Feature", "properties": {}, "geometry": {"type": "Polygon", "coordinates": [[[101.613147, 3.071818], [101.613084, 3.071819], [101.612944, 3.071847], [101.612945, 3.071994], [101.613008, 3.071993], [101.613148, 3.071965], [101.613147, 3.071818]]]}}, {"type": "Feature", "properties": {}, "geometry": {"type": "Polygon", "coordinates": [[[101.613084, 3.071819], [101.613021, 3.071819], [101.612881, 3.071848], [101.612882, 3.071994], [101.612945, 3.071994], [101.613085, 3.071965], [101.613084, 3.071819]]]}}, {"type": "Feature", "properties": {}, "geometry": {"type": "Polygon", "coordinates": [[[101.613021, 3.071819], [101.612959, 3.07182], [101.612818, 3.071848], [101.61282, 3.071995], [101.612882, 3.071994], [101.613023, 3.071966], [101.613021, 3.071819]]]}}, {"type": "Feature", "properties": {}, "geometry": {"type": "Polygon", "coordinates": [[[101.612959, 3.07182], [101.612896, 3.07182], [101.612756, 3.071849], [101.612757, 3.071995], [101.61282, 3.071995], [101.61296, 3.071966], [101.612959, 3.07182]]]}}, {"type": "Feature", "properties": {}, "geometry": {"type": "Polygon", "coordinates": [[[101.612896, 3.07182], [101.612833, 3.071821], [101.612693, 3.071849], [101.612694, 3.071996], [101.612757, 3.071995], [101.612897, 3.071967], [101.612896, 3.07182]]]}}, {"type": "Feature", "properties": {}, "geometry": {"type": "Polygon", "coordinates": [[[101.612719, 3.071813], [101.612658, 3.071813], [101.612517, 3.071842], [101.612519, 3.071997], [101.61258, 3.071996], [101.61272, 3.071968], [101.612719, 3.071813]]]}}, {"type": "Feature", "properties": {}, "geometry": {"type": "Polygon", "coordinates": [[[101.612658, 3.071813], [101.612596, 3.071814], [101.612456, 3.071842], [101.612457, 3.071997], [101.612519, 3.071997], [101.612659, 3.071968], [101.612658, 3.071813]]]}}, {"type": "Feature", "properties": {}, "geometry": {"type": "Polygon", "coordinates": [[[101.612596, 3.071814], [101.612535, 3.071814], [101.612395, 3.071843], [101.612396, 3.071998], [101.612457, 3.071997], [101.612598, 3.071969], [101.612596, 3.071814]]]}}, {"type": "Feature", "properties": {}, "geometry": {"type": "Polygon", "coordinates": [[[101.612535, 3.071814], [101.612473, 3.071815], [101.612333, 3.071843], [101.612335, 3.071998], [101.612396, 3.071998], [101.612536, 3.07197], [101.612535, 3.071814]]]}}, {"type": "Feature", "properties": {}, "geometry": {"type": "Polygon", "coordinates": [[[101.612473, 3.071815], [101.612412, 3.071815], [101.612272, 3.071844], [101.612273, 3.071999], [101.612335, 3.071998], [101.612475, 3.07197], [101.612473, 3.071815]]]}}, {"type": "Feature", "properties": {}, "geometry": {"type": "Polygon", "coordinates": [[[101.612412, 3.071815], [101.612351, 3.071816], [101.612211, 3.071844], [101.612212, 3.072], [101.612273, 3.071999], [101.612413, 3.071971], [101.612412, 3.071815]]]}}, {"type": "Feature", "properties": {}, "geometry": {"type": "Polygon", "coordinates": [[[101.612351, 3.071816], [101.612289, 3.071817], [101.612149, 3.071845], [101.612151, 3.072], [101.612212, 3.072], [101.612352, 3.071971], [101.612351, 3.071816]]]}}, {"type": "Feature", "properties": {}, "geometry": {"type": "Polygon", "coordinates": [[[101.612289, 3.071817], [101.612228, 3.071817], [101.612088, 3.071845], [101.612089, 3.072001], [101.612151, 3.072], [101.612291, 3.071972], [101.612289, 3.071817]]]}}, {"type": "Feature", "properties": {}, "geometry": {"type": "Polygon", "coordinates": [[[101.612228, 3.071817], [101.612167, 3.071818], [101.612026, 3.071846], [101.612028, 3.072001], [101.612089, 3.072001], [101.612229, 3.071972], [101.612228, 3.071817]]]}}, {"type": "Feature", "properties": {}, "geometry": {"type": "Polygon", "coordinates": [[[101.612167, 3.071818], [101.612105, 3.071818], [101.611965, 3.071846], [101.611967, 3.072002], [101.612028, 3.072001], [101.612168, 3.071973], [101.612167, 3.071818]]]}}, {"type": "Feature", "properties": {}, "geometry": {"type": "Polygon", "coordinates": [[[101.612105, 3.071818], [101.612044, 3.071819], [101.611904, 3.071847], [101.611905, 3.072002], [101.611967, 3.072002], [101.612107, 3.071973], [101.612105, 3.071818]]]}}, {"type": "Feature", "properties": {}, "geometry": {"type": "Polygon", "coordinates": [[[101.612715, 3.071617], [101.612654, 3.071617], [101.612514, 3.071645], [101.612515, 3.071804], [101.612576, 3.071803], [101.612716, 3.071775], [101.612715, 3.071617]]]}}, {"type": "Feature", "properties": {}, "geometry": {"type": "Polygon", "coordinates": [[[101.612654, 3.071617], [101.612593, 3.071618], [101.612453, 3.071646], [101.612454, 3.071804], [101.612515, 3.071804], [101.612655, 3.071775], [101.612654, 3.071617]]]}}, {"type": "Feature", "properties": {}, "geometry": {"type": "Polygon", "coordinates": [[[101.612593, 3.071618], [101.612532, 3.071618], [101.612391, 3.071646], [101.612393, 3.071805], [101.612454, 3.071804], [101.612594, 3.071776], [101.612593, 3.071618]]]}}, {"type": "Feature", "properties": {}, "geometry": {"type": "Polygon", "coordinates": [[[101.612532, 3.071618], [101.61247, 3.071619], [101.61233, 3.071647], [101.612332, 3.071805], [101.612393, 3.071805], [101.612533, 3.071776], [101.612532, 3.071618]]]}}, {"type": "Feature", "properties": {}, "geometry": {"type": "Polygon", "coordinates": [[[101.61247, 3.071619], [101.612409, 3.071619], [101.612269, 3.071648], [101.61227, 3.071806], [101.612332, 3.071805], [101.612472, 3.071777], [101.61247, 3.071619]]]}}, {"type": "Feature", "properties": {}, "geometry": {"type": "Polygon", "coordinates": [[[101.612409, 3.071619], [101.612348, 3.07162], [101.612208, 3.071648], [101.612209, 3.071806], [101.61227, 3.071806], [101.612411, 3.071777], [101.612409, 3.071619]]]}}, {"type": "Feature", "properties": {}, "geometry": {"type": "Polygon", "coordinates": [[[101.612348, 3.07162], [101.612287, 3.07162], [101.612147, 3.071649], [101.612148, 3.071807], [101.612209, 3.071806], [101.61235, 3.071778], [101.612348, 3.07162]]]}}, {"type": "Feature", "properties": {}, "geometry": {"type": "Polygon", "coordinates": [[[101.612287, 3.07162], [101.612226, 3.071621], [101.612086, 3.071649], [101.612087, 3.071807], [101.612148, 3.071807], [101.612288, 3.071778], [101.612287, 3.07162]]]}}, {"type": "Feature", "properties": {}, "geometry": {"type": "Polygon", "coordinates": [[[101.612226, 3.071621], [101.612165, 3.071621], [101.612025, 3.07165], [101.612026, 3.071808], [101.612087, 3.071807], [101.612227, 3.071779], [101.612226, 3.071621]]]}}, {"type": "Feature", "properties": {}, "geometry": {"type": "Polygon", "coordinates": [[[101.612165, 3.071621], [101.612104, 3.071622], [101.611963, 3.07165], [101.611965, 3.071808], [101.612026, 3.071808], [101.612166, 3.07178], [101.612165, 3.071621]]]}}, {"type": "Feature", "properties": {}, "geometry": {"type": "Polygon", "coordinates": [[[101.612104, 3.071622], [101.612042, 3.071623], [101.611902, 3.071651], [101.611904, 3.071809], [101.611965, 3.071808], [101.612105, 3.07178], [101.612104, 3.071622]]]}}, {"type": "Feature", "properties": {}, "geometry": {"type": "Polygon", "coordinates": [[[101.611938, 3.071813], [101.611876, 3.071814], [101.611736, 3.071842], [101.611737, 3.071996], [101.6118, 3.071995], [101.61194, 3.071967], [101.611938, 3.071813]]]}}, {"type": "Feature", "properties": {}, "geometry": {"type": "Polygon", "coordinates": [[[101.611876, 3.071814], [101.611814, 3.071814], [101.611673, 3.071842], [101.611675, 3.071997], [101.611737, 3.071996], [101.611877, 3.071968], [101.611876, 3.071814]]]}}, {"type": "Feature", "properties": {}, "geometry": {"type": "Polygon", "coordinates": [[[101.611814, 3.071814], [101.611751, 3.071815], [101.611611, 3.071843], [101.611613, 3.071997], [101.611675, 3.071997], [101.611815, 3.071968], [101.611814, 3.071814]]]}}, {"type": "Feature", "properties": {}, "geometry": {"type": "Polygon", "coordinates": [[[101.611751, 3.071815], [101.611689, 3.071815], [101.611549, 3.071843], [101.61155, 3.071998], [101.611613, 3.071997], [101.611753, 3.071969], [101.611751, 3.071815]]]}}, {"type": "Feature", "properties": {}, "geometry": {"type": "Polygon", "coordinates": [[[101.611689, 3.071815], [101.611627, 3.071816], [101.611486, 3.071844], [101.611488, 3.071998], [101.61155, 3.071998], [101.61169, 3.071969], [101.611689, 3.071815]]]}}, {"type": "Feature", "properties": {}, "geometry": {"type": "Polygon", "coordinates": [[[101.611627, 3.071816], [101.611564, 3.071816], [101.611424, 3.071845], [101.611425, 3.071999], [101.611488, 3.071998], [101.611628, 3.07197], [101.611627, 3.071816]]]}}, {"type": "Feature", "properties": {}, "geometry": {"type": "Polygon", "coordinates": [[[101.611564, 3.071816], [101.611502, 3.071817], [101.611362, 3.071845], [101.611363, 3.071999], [101.611425, 3.071999], [101.611566, 3.07197], [101.611564, 3.071816]]]}}, {"type": "Feature", "properties": {}, "geometry": {"type": "Polygon", "coordinates": [[[101.611502, 3.071817], [101.611439, 3.071817], [101.611299, 3.071846], [101.611301, 3.072], [101.611363, 3.071999], [101.611503, 3.071971], [101.611502, 3.071817]]]}}, {"type": "Feature", "properties": {}, "geometry": {"type": "Polygon", "coordinates": [[[101.611439, 3.071817], [101.611377, 3.071818], [101.611237, 3.071846], [101.611238, 3.072001], [101.611301, 3.072], [101.611441, 3.071972], [101.611439, 3.071817]]]}}, {"type": "Feature", "properties": {}, "geometry": {"type": "Polygon", "coordinates": [[[101.611377, 3.071818], [101.611315, 3.071819], [101.611175, 3.071847], [101.611176, 3.072001], [101.611238, 3.072001], [101.611379, 3.071972], [101.611377, 3.071818]]]}}, {"type": "Feature", "properties": {}, "geometry": {"type": "Polygon", "coordinates": [[[101.611315, 3.071819], [101.611252, 3.071819], [101.611112, 3.071848], [101.611114, 3.072002], [101.611176, 3.072001], [101.611316, 3.071973], [101.611315, 3.071819]]]}}, {"type": "Feature", "properties": {}, "geometry": {"type": "Polygon", "coordinates": [[[101.611937, 3.071621], [101.611875, 3.071621], [101.611735, 3.07165], [101.611736, 3.071806], [101.611798, 3.071806], [101.611939, 3.071777], [101.611937, 3.071621]]]}}, {"type": "Feature", "properties": {}, "geometry": {"type": "Polygon", "coordinates": [[[101.611875, 3.071621], [101.611812, 3.071622], [101.611672, 3.07165], [101.611674, 3.071807], [101.611736, 3.071806], [101.611876, 3.071778], [101.611875, 3.071621]]]}}, {"type": "Feature", "properties": {}, "geometry": {"type": "Polygon", "coordinates": [[[101.611812, 3.071622], [101.61175, 3.071623], [101.61161, 3.071651], [101.611611, 3.071807], [101.611674, 3.071807], [101.611814, 3.071778], [101.611812, 3.071622]]]}}, {"type": "Feature", "properties": {}, "geometry": {"type": "Polygon", "coordinates": [[[101.61175, 3.071623], [101.611688, 3.071623], [101.611548, 3.071652], [101.611549, 3.071808], [101.611611, 3.071807], [101.611751, 3.071779], [101.61175, 3.071623]]]}}, {"type": "Feature", "properties": {}, "geometry": {"type": "Polygon", "coordinates": [[[101.611688, 3.071623], [101.611625, 3.071624], [101.611485, 3.071652], [101.611487, 3.071808], [101.611549, 3.071808], [101.611689, 3.07178], [101.611688, 3.071623]]]}}, {"type": "Feature", "properties": {}, "geometry": {"type": "Polygon", "coordinates": [[[101.611625, 3.071624], [101.611563, 3.071624], [101.611423, 3.071653], [101.611424, 3.071809], [101.611487, 3.071808], [101.611627, 3.07178], [101.611625, 3.071624]]]}}, {"type": "Feature", "properties": {}, "geometry": {"type": "Polygon", "coordinates": [[[101.611563, 3.071624], [101.611501, 3.071625], [101.611361, 3.071653], [101.611362, 3.07181], [101.611424, 3.071809], [101.611564, 3.071781], [101.611563, 3.071624]]]}}, {"type": "Feature", "properties": {}, "geometry": {"type": "Polygon", "coordinates": [[[101.611501, 3.071625], [101.611438, 3.071625], [101.611298, 3.071654], [101.6113, 3.07181], [101.611362, 3.07181], [101.611502, 3.071781], [101.611501, 3.071625]]]}}, {"type": "Feature", "properties": {}, "geometry": {"type": "Polygon", "coordinates": [[[101.611438, 3.071625], [101.611376, 3.071626], [101.611236, 3.071654], [101.611237, 3.071811], [101.6113, 3.07181], [101.61144, 3.071782], [101.611438, 3.071625]]]}}, {"type": "Feature", "properties": {}, "geometry": {"type": "Polygon", "coordinates": [[[101.611376, 3.071626], [101.611314, 3.071626], [101.611173, 3.071655], [101.611175, 3.071811], [101.611237, 3.071811], [101.611377, 3.071782], [101.611376, 3.071626]]]}}, {"type": "Feature", "properties": {}, "geometry": {"type": "Polygon", "coordinates": [[[101.611314, 3.071626], [101.611251, 3.071627], [101.611111, 3.071655], [101.611112, 3.071812], [101.611175, 3.071811], [101.611315, 3.071783], [101.611314, 3.071626]]]}}, {"type": "Feature", "properties": {}, "geometry": {"type": "Polygon", "coordinates": [[[101.611936, 3.071263], [101.611874, 3.071263], [101.611734, 3.071292], [101.611735, 3.071442], [101.611797, 3.071442], [101.611937, 3.071413], [101.611936, 3.071263]]]}}, {"type": "Feature", "properties": {}, "geometry": {"type": "Polygon", "coordinates": [[[101.611874, 3.071263], [101.611813, 3.071264], [101.611672, 3.071292], [101.611674, 3.071443], [101.611735, 3.071442], [101.611875, 3.071414], [101.611874, 3.071263]]]}}, {"type": "Feature", "properties": {}, "geometry": {"type": "Polygon", "coordinates": [[[101.611813, 3.071264], [101.611751, 3.071264], [101.611611, 3.071293], [101.611612, 3.071443], [101.611674, 3.071443], [101.611814, 3.071414], [101.611813, 3.071264]]]}}, {"type": "Feature", "properties": {}, "geometry": {"type": "Polygon", "coordinates": [[[101.611751, 3.071264], [101.611689, 3.071265], [101.611549, 3.071293], [101.611551, 3.071444], [101.611612, 3.071443], [101.611752, 3.071415], [101.611751, 3.071264]]]}}, {"type": "Feature", "properties": {}, "geometry": {"type": "Polygon", "coordinates": [[[101.611689, 3.071265], [101.611628, 3.071266], [101.611488, 3.071294], [101.611489, 3.071445], [101.611551, 3.071444], [101.611691, 3.071416], [101.611689, 3.071265]]]}}, {"type": "Feature", "properties": {}, "geometry": {"type": "Polygon", "coordinates": [[[101.611628, 3.071266], [101.611566, 3.071266], [101.611426, 3.071295], [101.611427, 3.071445], [101.611489, 3.071445], [101.611629, 3.071416], [101.611628, 3.071266]]]}}, {"type": "Feature", "properties": {}, "geometry": {"type": "Polygon", "coordinates": [[[101.611566, 3.071266], [101.611505, 3.071267], [101.611364, 3.071295], [101.611366, 3.071446], [101.611427, 3.071445], [101.611568, 3.071417], [101.611566, 3.071266]]]}}, {"type": "Feature", "properties": {}, "geometry": {"type": "Polygon", "coordinates": [[[101.611505, 3.071267], [101.611443, 3.071267], [101.611303, 3.071296], [101.611304, 3.071446], [101.611366, 3.071446], [101.611506, 3.071417], [101.611505, 3.071267]]]}}, {"type": "Feature", "properties": {}, "geometry": {"type": "Polygon", "coordinates": [[[101.611443, 3.071267], [101.611381, 3.071268], [101.611241, 3.071296], [101.611243, 3.071447], [101.611304, 3.071446], [101.611444, 3.071418], [101.611443, 3.071267]]]}}, {"type": "Feature", "properties": {}, "geometry": {"type": "Polygon", "coordinates": [[[101.611381, 3.071268], [101.61132, 3.071268], [101.61118, 3.071297], [101.611181, 3.071447], [101.611243, 3.071447], [101.611383, 3.071418], [101.611381, 3.071268]]]}}, {"type": "Feature", "properties": {}, "geometry": {"type": "Polygon", "coordinates": [[[101.61132, 3.071268], [101.611258, 3.071269], [101.611118, 3.071297], [101.61112, 3.071448], [101.611181, 3.071447], [101.611321, 3.071419], [101.61132, 3.071268]]]}}, {"type": "Feature", "properties": {}, "geometry": {"type": "Polygon", "coordinates": [[[101.611933, 3.071072], [101.611872, 3.071073], [101.611731, 3.071101], [101.611733, 3.071256], [101.611794, 3.071256], [101.611934, 3.071227], [101.611933, 3.071072]]]}}, {"type": "Feature", "properties": {}, "geometry": {"type": "Polygon", "coordinates": [[[101.611872, 3.071073], [101.61181, 3.071073], [101.61167, 3.071102], [101.611671, 3.071257], [101.611733, 3.071256], [101.611873, 3.071228], [101.611872, 3.071073]]]}}, {"type": "Feature", "properties": {}, "geometry": {"type": "Polygon", "coordinates": [[[101.61181, 3.071073], [101.611749, 3.071074], [101.611609, 3.071102], [101.61161, 3.071257], [101.611671, 3.071257], [101.611811, 3.071228], [101.61181, 3.071073]]]}}, {"type": "Feature", "properties": {}, "geometry": {"type": "Polygon", "coordinates": [[[101.611749, 3.071074], [101.611687, 3.071074], [101.611547, 3.071103], [101.611548, 3.071258], [101.61161, 3.071257], [101.61175, 3.071229], [101.611749, 3.071074]]]}}, {"type": "Feature", "properties": {}, "geometry": {"type": "Polygon", "coordinates": [[[101.611687, 3.071074], [101.611626, 3.071075], [101.611486, 3.071103], [101.611487, 3.071258], [101.611548, 3.071258], [101.611688, 3.071229], [101.611687, 3.071074]]]}}, {"type": "Feature", "properties": {}, "geometry": {"type": "Polygon", "coordinates": [[[101.611626, 3.071075], [101.611564, 3.071075], [101.611424, 3.071104], [101.611425, 3.071259], [101.611487, 3.071258], [101.611627, 3.07123], [101.611626, 3.071075]]]}}, {"type": "Feature", "properties": {}, "geometry": {"type": "Polygon", "coordinates": [[[101.611564, 3.071075], [101.611503, 3.071076], [101.611362, 3.071104], [101.611364, 3.07126], [101.611425, 3.071259], [101.611566, 3.071231], [101.611564, 3.071075]]]}}, {"type": "Feature", "properties": {}, "geometry": {"type": "Polygon", "coordinates": [[[101.611503, 3.071076], [101.611441, 3.071076], [101.611301, 3.071105], [101.611302, 3.07126], [101.611364, 3.07126], [101.611504, 3.071231], [101.611503, 3.071076]]]}}, {"type": "Feature", "properties": {}, "geometry": {"type": "Polygon", "coordinates": [[[101.611441, 3.071076], [101.61138, 3.071077], [101.61124, 3.071105], [101.611241, 3.071261], [101.611302, 3.07126], [101.611443, 3.071232], [101.611441, 3.071076]]]}}, {"type": "Feature", "properties": {}, "geometry": {"type": "Polygon", "coordinates": [[[101.61138, 3.071077], [101.611318, 3.071078], [101.611178, 3.071106], [101.61118, 3.071261], [101.611241, 3.071261], [101.611381, 3.071232], [101.61138, 3.071077]]]}}, {"type": "Feature", "properties": {}, "geometry": {"type": "Polygon", "coordinates": [[[101.611318, 3.071078], [101.611257, 3.071078], [101.611117, 3.071106], [101.611118, 3.071262], [101.61118, 3.071261], [101.61132, 3.071233], [101.611318, 3.071078]]]}}, {"type": "Feature", "properties": {}, "geometry": {"type": "Polygon", "coordinates": [[[101.612731, 3.071254], [101.612668, 3.071254], [101.612528, 3.071283], [101.61253, 3.071437], [101.612592, 3.071437], [101.612732, 3.071408], [101.612731, 3.071254]]]}}, {"type": "Feature", "properties": {}, "geometry": {"type": "Polygon", "coordinates": [[[101.612668, 3.071254], [101.612606, 3.071255], [101.612466, 3.071283], [101.612467, 3.071438], [101.61253, 3.071437], [101.61267, 3.071409], [101.612668, 3.071254]]]}}, {"type": "Feature", "properties": {}, "geometry": {"type": "Polygon", "coordinates": [[[101.612606, 3.071255], [101.612544, 3.071256], [101.612403, 3.071284], [101.612405, 3.071438], [101.612467, 3.071438], [101.612607, 3.071409], [101.612606, 3.071255]]]}}, {"type": "Feature", "properties": {}, "geometry": {"type": "Polygon", "coordinates": [[[101.612544, 3.071256], [101.612481, 3.071256], [101.612341, 3.071284], [101.612342, 3.071439], [101.612405, 3.071438], [101.612545, 3.07141], [101.612544, 3.071256]]]}}, {"type": "Feature", "properties": {}, "geometry": {"type": "Polygon", "coordinates": [[[101.612481, 3.071256], [101.612419, 3.071257], [101.612278, 3.071285], [101.61228, 3.071439], [101.612342, 3.071439], [101.612482, 3.071411], [101.612481, 3.071256]]]}}, {"type": "Feature", "properties": {}, "geometry": {"type": "Polygon", "coordinates": [[[101.612419, 3.071257], [101.612356, 3.071257], [101.612216, 3.071286], [101.612217, 3.07144], [101.61228, 3.071439], [101.61242, 3.071411], [101.612419, 3.071257]]]}}, {"type": "Feature", "properties": {}, "geometry": {"type": "Polygon", "coordinates": [[[101.612356, 3.071257], [101.612294, 3.071258], [101.612153, 3.071286], [101.612155, 3.071441], [101.612217, 3.07144], [101.612358, 3.071412], [101.612356, 3.071257]]]}}, {"type": "Feature", "properties": {}, "geometry": {"type": "Polygon", "coordinates": [[[101.612294, 3.071258], [101.612231, 3.071258], [101.612091, 3.071287], [101.612092, 3.071441], [101.612155, 3.071441], [101.612295, 3.071412], [101.612294, 3.071258]]]}}, {"type": "Feature", "properties": {}, "geometry": {"type": "Polygon", "coordinates": [[[101.612231, 3.071258], [101.612169, 3.071259], [101.612028, 3.071287], [101.61203, 3.071442], [101.612092, 3.071441], [101.612233, 3.071413], [101.612231, 3.071258]]]}}, {"type": "Feature", "properties": {}, "geometry": {"type": "Polygon", "coordinates": [[[101.612169, 3.071259], [101.612106, 3.07126], [101.611966, 3.071288], [101.611968, 3.071442], [101.61203, 3.071442], [101.61217, 3.071413], [101.612169, 3.071259]]]}}, {"type": "Feature", "properties": {}, "geometry": {"type": "Polygon", "coordinates": [[[101.612106, 3.07126], [101.612044, 3.07126], [101.611903, 3.071288], [101.611905, 3.071443], [101.611968, 3.071442], [101.612108, 3.071414], [101.612106, 3.07126]]]}}, {"type": "Feature", "properties": {}, "geometry": {"type": "Polygon", "coordinates": [[[101.61273, 3.071066], [101.612667, 3.071067], [101.612527, 3.071095], [101.612528, 3.071247], [101.612591, 3.071246], [101.612731, 3.071218], [101.61273, 3.071066]]]}}, {"type": "Feature", "properties": {}, "geometry": {"type": "Polygon", "coordinates": [[[101.612667, 3.071067], [101.612605, 3.071067], [101.612465, 3.071096], [101.612466, 3.071247], [101.612528, 3.071247], [101.612668, 3.071218], [101.612667, 3.071067]]]}}, {"type": "Feature", "properties": {}, "geometry": {"type": "Polygon", "coordinates": [[[101.612605, 3.071067], [101.612542, 3.071068], [101.612402, 3.071096], [101.612403, 3.071248], [101.612466, 3.071247], [101.612606, 3.071219], [101.612605, 3.071067]]]}}, {"type": "Feature", "properties": {}, "geometry": {"type": "Polygon", "coordinates": [[[101.612542, 3.071068], [101.61248, 3.071068], [101.61234, 3.071097], [101.612341, 3.071248], [101.612403, 3.071248], [101.612544, 3.071219], [101.612542, 3.071068]]]}}, {"type": "Feature", "properties": {}, "geometry": {"type": "Polygon", "coordinates": [[[101.61248, 3.071068], [101.612417, 3.071069], [101.612277, 3.071097], [101.612278, 3.071249], [101.612341, 3.071248], [101.612481, 3.07122], [101.61248, 3.071068]]]}}, {"type": "Feature", "properties": {}, "geometry": {"type": "Polygon", "coordinates": [[[101.612417, 3.071069], [101.612355, 3.07107], [101.612215, 3.071098], [101.612216, 3.071249], [101.612278, 3.071249], [101.612419, 3.07122], [101.612417, 3.071069]]]}}, {"type": "Feature", "properties": {}, "geometry": {"type": "Polygon", "coordinates": [[[101.612355, 3.07107], [101.612292, 3.07107], [101.612152, 3.071099], [101.612154, 3.07125], [101.612216, 3.071249], [101.612356, 3.071221], [101.612355, 3.07107]]]}}, {"type": "Feature", "properties": {}, "geometry": {"type": "Polygon", "coordinates": [[[101.612292, 3.07107], [101.61223, 3.071071], [101.61209, 3.071099], [101.612091, 3.071251], [101.612154, 3.07125], [101.612294, 3.071222], [101.612292, 3.07107]]]}}, {"type": "Feature", "properties": {}, "geometry": {"type": "Polygon", "coordinates": [[[101.61223, 3.071071], [101.612167, 3.071071], [101.612027, 3.0711], [101.612028, 3.071251], [101.612091, 3.071251], [101.612231, 3.071222], [101.61223, 3.071071]]]}}, {"type": "Feature", "properties": {}, "geometry": {"type": "Polygon", "coordinates": [[[101.612167, 3.071071], [101.612105, 3.071072], [101.611965, 3.0711], [101.611966, 3.071252], [101.612028, 3.071251], [101.612169, 3.071223], [101.612167, 3.071071]]]}}, {"type": "Feature", "properties": {}, "geometry": {"type": "Polygon", "coordinates": [[[101.612105, 3.071072], [101.612042, 3.071072], [101.611902, 3.071101], [101.611904, 3.071252], [101.611966, 3.071252], [101.612106, 3.071223], [101.612105, 3.071072]]]}}, {"type": "Feature", "properties": {}, "geometry": {"type": "Polygon", "coordinates": [[[101.611936, 3.07071], [101.611874, 3.070711], [101.611733, 3.070739], [101.611735, 3.070899], [101.611797, 3.070898], [101.611937, 3.07087], [101.611936, 3.07071]]]}}, {"type": "Feature", "properties": {}, "geometry": {"type": "Polygon", "coordinates": [[[101.611874, 3.070711], [101.611811, 3.070711], [101.611671, 3.07074], [101.611673, 3.070899], [101.611735, 3.070899], [101.611875, 3.070871], [101.611874, 3.070711]]]}}, {"type": "Feature", "properties": {}, "geometry": {"type": "Polygon", "coordinates": [[[101.611811, 3.070711], [101.611749, 3.070712], [101.611609, 3.07074], [101.611611, 3.0709], [101.611673, 3.070899], [101.611813, 3.070871], [101.611811, 3.070711]]]}}, {"type": "Feature", "properties": {}, "geometry": {"type": "Polygon", "coordinates": [[[101.611749, 3.070712], [101.611687, 3.070712], [101.611547, 3.070741], [101.611548, 3.070901], [101.611611, 3.0709], [101.611751, 3.070872], [101.611749, 3.070712]]]}}, {"type": "Feature", "properties": {}, "geometry": {"type": "Polygon", "coordinates": [[[101.611687, 3.070712], [101.611625, 3.070713], [101.611485, 3.070741], [101.611486, 3.070901], [101.611548, 3.070901], [101.611689, 3.070872], [101.611687, 3.070712]]]}}, {"type": "Feature", "properties": {}, "geometry": {"type": "Polygon", "coordinates": [[[101.611625, 3.070713], [101.611563, 3.070713], [101.611423, 3.070742], [101.611424, 3.070902], [101.611486, 3.070901], [101.611627, 3.070873], [101.611625, 3.070713]]]}}, {"type": "Feature", "properties": {}, "geometry": {"type": "Polygon", "coordinates": [[[101.611563, 3.070713], [101.611501, 3.070714], [101.611361, 3.070742], [101.611362, 3.070902], [101.611424, 3.070902], [101.611564, 3.070873], [101.611563, 3.070713]]]}}, {"type": "Feature", "properties": {}, "geometry": {"type": "Polygon", "coordinates": [[[101.611501, 3.070714], [101.611439, 3.070715], [101.611299, 3.070743], [101.6113, 3.070903], [101.611362, 3.070902], [101.611502, 3.070874], [101.611501, 3.070714]]]}}, {"type": "Feature", "properties": {}, "geometry": {"type": "Polygon", "coordinates": [[[101.611439, 3.070715], [101.611377, 3.070715], [101.611236, 3.070743], [101.611238, 3.070903], [101.6113, 3.070903], [101.61144, 3.070875], [101.611439, 3.070715]]]}}, {"type": "Feature", "properties": {}, "geometry": {"type": "Polygon", "coordinates": [[[101.611377, 3.070715], [101.611314, 3.070716], [101.611174, 3.070744], [101.611176, 3.070904], [101.611238, 3.070903], [101.611378, 3.070875], [101.611377, 3.070715]]]}}, {"type": "Feature", "properties": {}, "geometry": {"type": "Polygon", "coordinates": [[[101.611314, 3.070716], [101.611252, 3.070716], [101.611112, 3.070745], [101.611114, 3.070905], [101.611176, 3.070904], [101.611316, 3.070876], [101.611314, 3.070716]]]}}, {"type": "Feature", "properties": {}, "geometry": {"type": "Polygon", "coordinates": [[[101.612845, 3.070703], [101.612783, 3.070704], [101.612643, 3.070732], [101.612644, 3.070886], [101.612706, 3.070885], [101.612846, 3.070857], [101.612845, 3.070703]]]}}, {"type": "Feature", "properties": {}, "geometry": {"type": "Polygon", "coordinates": [[[101.612783, 3.070704], [101.612721, 3.070705], [101.612581, 3.070733], [101.612582, 3.070886], [101.612644, 3.070886], [101.612784, 3.070857], [101.612783, 3.070704]]]}}, {"type": "Feature", "properties": {}, "geometry": {"type": "Polygon", "coordinates": [[[101.612721, 3.070705], [101.612659, 3.070705], [101.612519, 3.070733], [101.61252, 3.070887], [101.612582, 3.070886], [101.612722, 3.070858], [101.612721, 3.070705]]]}}, {"type": "Feature", "properties": {}, "geometry": {"type": "Polygon", "coordinates": [[[101.612659, 3.070705], [101.612597, 3.070706], [101.612457, 3.070734], [101.612458, 3.070887], [101.61252, 3.070887], [101.61266, 3.070858], [101.612659, 3.070705]]]}}, {"type": "Feature", "properties": {}, "geometry": {"type": "Polygon", "coordinates": [[[101.612597, 3.070706], [101.612535, 3.070706], [101.612395, 3.070734], [101.612396, 3.070888], [101.612458, 3.070887], [101.612598, 3.070859], [101.612597, 3.070706]]]}}, {"type": "Feature", "properties": {}, "geometry": {"type": "Polygon", "coordinates": [[[101.612535, 3.070706], [101.612473, 3.070707], [101.612333, 3.070735], [101.612334, 3.070889], [101.612396, 3.070888], [101.612536, 3.07086], [101.612535, 3.070706]]]}}, {"type": "Feature", "properties": {}, "geometry": {"type": "Polygon", "coordinates": [[[101.612473, 3.070707], [101.612411, 3.070707], [101.612271, 3.070736], [101.612272, 3.070889], [101.612334, 3.070889], [101.612474, 3.07086], [101.612473, 3.070707]]]}}, {"type": "Feature", "properties": {}, "geometry": {"type": "Polygon", "coordinates": [[[101.612411, 3.070707], [101.612349, 3.070708], [101.612209, 3.070736], [101.61221, 3.07089], [101.612272, 3.070889], [101.612412, 3.070861], [101.612411, 3.070707]]]}}, {"type": "Feature", "properties": {}, "geometry": {"type": "Polygon", "coordinates": [[[101.612349, 3.070708], [101.612287, 3.070708], [101.612147, 3.070737], [101.612148, 3.07089], [101.61221, 3.07089], [101.61235, 3.070861], [101.612349, 3.070708]]]}}, {"type": "Feature", "properties": {}, "geometry": {"type": "Polygon", "coordinates": [[[101.612287, 3.070708], [101.612225, 3.070709], [101.612085, 3.070737], [101.612086, 3.070891], [101.612148, 3.07089], [101.612289, 3.070862], [101.612287, 3.070708]]]}}, {"type": "Feature", "properties": {}, "geometry": {"type": "Polygon", "coordinates": [[[101.612225, 3.070709], [101.612163, 3.07071], [101.612023, 3.070738], [101.612024, 3.070891], [101.612086, 3.070891], [101.612227, 3.070862], [101.612225, 3.070709]]]}}, {"type": "Feature", "properties": {}, "geometry": {"type": "Polygon", "coordinates": [[[101.612163, 3.07071], [101.612101, 3.07071], [101.611961, 3.070739], [101.611962, 3.070892], [101.612024, 3.070891], [101.612165, 3.070863], [101.612163, 3.07071]]]}}, {"type": "Feature", "properties": {}, "geometry": {"type": "Polygon", "coordinates": [[[101.612101, 3.07071], [101.612039, 3.070711], [101.611899, 3.070739], [101.6119, 3.070892], [101.611962, 3.070892], [101.612103, 3.070863], [101.612101, 3.07071]]]}}, {"type": "Feature", "properties": {}, "geometry": {"type": "Polygon", "coordinates": [[[101.614063, 3.065504], [101.613967, 3.065504], [101.613826, 3.065532], [101.613827, 3.065697], [101.613924, 3.065697], [101.614064, 3.065669], [101.614063, 3.065504]]]}}, {"type": "Feature", "properties": {}, "geometry": {"type": "Polygon", "coordinates": [[[101.614124, 3.065503], [101.614063, 3.065504], [101.613923, 3.065532], [101.613924, 3.065697], [101.613985, 3.065697], [101.614125, 3.065668], [101.614124, 3.065503]]]}}, {"type": "Feature", "properties": {}, "geometry": {"type": "Polygon", "coordinates": [[[101.614185, 3.065503], [101.614124, 3.065503], [101.613984, 3.065532], [101.613985, 3.065697], [101.614046, 3.065696], [101.614186, 3.065668], [101.614185, 3.065503]]]}}, {"type": "Feature", "properties": {}, "geometry": {"type": "Polygon", "coordinates": [[[101.614246, 3.065503], [101.614185, 3.065503], [101.614045, 3.065531], [101.614046, 3.065696], [101.614107, 3.065696], [101.614247, 3.065668], [101.614246, 3.065503]]]}}, {"type": "Feature", "properties": {}, "geometry": {"type": "Polygon", "coordinates": [[[101.614307, 3.065502], [101.614246, 3.065503], [101.614106, 3.065531], [101.614107, 3.065696], [101.614168, 3.065696], [101.614308, 3.065667], [101.614307, 3.065502]]]}}, {"type": "Feature", "properties": {}, "geometry": {"type": "Polygon", "coordinates": [[[101.614368, 3.065502], [101.614307, 3.065502], [101.614167, 3.065531], [101.614168, 3.065696], [101.614229, 3.065695], [101.614369, 3.065667], [101.614368, 3.065502]]]}}, {"type": "Feature", "properties": {}, "geometry": {"type": "Polygon", "coordinates": [[[101.614429, 3.065502], [101.614368, 3.065502], [101.614228, 3.06553], [101.614229, 3.065695], [101.614289, 3.065695], [101.61443, 3.065667], [101.614429, 3.065502]]]}}, {"type": "Feature", "properties": {}, "geometry": {"type": "Polygon", "coordinates": [[[101.61449, 3.065501], [101.614429, 3.065502], [101.614289, 3.06553], [101.614289, 3.065695], [101.61435, 3.065695], [101.614491, 3.065666], [101.61449, 3.065501]]]}}, {"type": "Feature", "properties": {}, "geometry": {"type": "Polygon", "coordinates": [[[101.614551, 3.065501], [101.61449, 3.065501], [101.61435, 3.06553], [101.61435, 3.065695], [101.614411, 3.065694], [101.614551, 3.065666], [101.614551, 3.065501]]]}}, {"type": "Feature", "properties": {}, "geometry": {"type": "Polygon", "coordinates": [[[101.614611, 3.065501], [101.614551, 3.065501], [101.61441, 3.065529], [101.614411, 3.065694], [101.614472, 3.065694], [101.614612, 3.065666], [101.614611, 3.065501]]]}}, {"type": "Feature", "properties": {}, "geometry": {"type": "Polygon", "coordinates": [[[101.614672, 3.0655], [101.614611, 3.065501], [101.614471, 3.065529], [101.614472, 3.065694], [101.614533, 3.065694], [101.614673, 3.065665], [101.614672, 3.0655]]]}}, {"type": "Feature", "properties": {}, "geometry": {"type": "Polygon", "coordinates": [[[101.614733, 3.0655], [101.614672, 3.0655], [101.614532, 3.065529], [101.614533, 3.065694], [101.614594, 3.065694], [101.614734, 3.065665], [101.614733, 3.0655]]]}}, {"type": "Feature", "properties": {}, "geometry": {"type": "Polygon", "coordinates": [[[101.614794, 3.0655], [101.614733, 3.0655], [101.614593, 3.065528], [101.614594, 3.065694], [101.614655, 3.065693], [101.614795, 3.065665], [101.614794, 3.0655]]]}}, {"type": "Feature", "properties": {}, "geometry": {"type": "Polygon", "coordinates": [[[101.614855, 3.065499], [101.614794, 3.0655], [101.614654, 3.065528], [101.614655, 3.065693], [101.614716, 3.065693], [101.614856, 3.065664], [101.614855, 3.065499]]]}}, {"type": "Feature", "properties": {}, "geometry": {"type": "Polygon", "coordinates": [[[101.614916, 3.065499], [101.614855, 3.065499], [101.614715, 3.065528], [101.614716, 3.065693], [101.614777, 3.065692], [101.614917, 3.065664], [101.614916, 3.065499]]]}}, {"type": "Feature", "properties": {}, "geometry": {"type": "Polygon", "coordinates": [[[101.615081, 3.065492], [101.61502, 3.065493], [101.61488, 3.065522], [101.614883, 3.065687], [101.614944, 3.065686], [101.615085, 3.065658], [101.615081, 3.065492]]]}}, {"type": "Feature", "properties": {}, "geometry": {"type": "Polygon", "coordinates": [[[101.615143, 3.065491], [101.615081, 3.065492], [101.614941, 3.06552], [101.614944, 3.065686], [101.615006, 3.065685], [101.615146, 3.065656], [101.615143, 3.065491]]]}}, {"type": "Feature", "properties": {}, "geometry": {"type": "Polygon", "coordinates": [[[101.614527, 3.065891], [101.614386, 3.065919], [101.614386, 3.066065], [101.614448, 3.066065], [101.614588, 3.066037], [101.614588, 3.065891], [101.614527, 3.065891]]]}}, {"type": "Feature", "properties": {}, "geometry": {"type": "Polygon", "coordinates": [[[101.614465, 3.065891], [101.614325, 3.065919], [101.614325, 3.066065], [101.614386, 3.066065], [101.614527, 3.066037], [101.614527, 3.065891], [101.614465, 3.065891]]]}}, {"type": "Feature", "properties": {}, "geometry": {"type": "Polygon", "coordinates": [[[101.614404, 3.065891], [101.614264, 3.065919], [101.614264, 3.066065], [101.614325, 3.066065], [101.614465, 3.066037], [101.614465, 3.065891], [101.614404, 3.065891]]]}}, {"type": "Feature", "properties": {}, "geometry": {"type": "Polygon", "coordinates": [[[101.614343, 3.065891], [101.614202, 3.065919], [101.614202, 3.066065], [101.614264, 3.066065], [101.614404, 3.066037], [101.614404, 3.065891], [101.614343, 3.065891]]]}}, {"type": "Feature", "properties": {}, "geometry": {"type": "Polygon", "coordinates": [[[101.614281, 3.065891], [101.614141, 3.065919], [101.614141, 3.066065], [101.614202, 3.066065], [101.614343, 3.066037], [101.614343, 3.065891], [101.614281, 3.065891]]]}}, {"type": "Feature", "properties": {}, "geometry": {"type": "Polygon", "coordinates": [[[101.61422, 3.065891], [101.61408, 3.065919], [101.61408, 3.066065], [101.614141, 3.066065], [101.614281, 3.066037], [101.614281, 3.065891], [101.61422, 3.065891]]]}}, {"type": "Feature", "properties": {}, "geometry": {"type": "Polygon", "coordinates": [[[101.614159, 3.065891], [101.614018, 3.065919], [101.614018, 3.066065], [101.61408, 3.066065], [101.61422, 3.066037], [101.61422, 3.065891], [101.614159, 3.065891]]]}}, {"type": "Feature", "properties": {}, "geometry": {"type": "Polygon", "coordinates": [[[101.614814, 3.063395], [101.614615, 3.063396], [101.613914, 3.063538], [101.613875, 3.063594], [101.613877, 3.063679], [101.614113, 3.063676], [101.614814, 3.063534], [101.614814, 3.063395]]]}}, {"type": "Feature", "properties": {}, "geometry": {"type": "Polygon", "coordinates": [[[101.614814, 3.063534], [101.614577, 3.063538], [101.613877, 3.063679], [101.613877, 3.063744], [101.614114, 3.06374], [101.614815, 3.063599], [101.614814, 3.063534]]]}}, {"type": "Feature", "properties": {}, "geometry": {"type": "Polygon", "coordinates": [[[101.614815, 3.063599], [101.614578, 3.063602], [101.613877, 3.063744], [101.613878, 3.063798], [101.614115, 3.063795], [101.614816, 3.063654], [101.614815, 3.063599]]]}}, {"type": "Feature", "properties": {}, "geometry": {"type": "Polygon", "coordinates": [[[101.614816, 3.063654], [101.614579, 3.063657], [101.613878, 3.063798], [101.613879, 3.063861], [101.614116, 3.063858], [101.614817, 3.063716], [101.614816, 3.063654]]]}}, {"type": "Feature", "properties": {}, "geometry": {"type": "Polygon", "coordinates": [[[101.615088, 3.063573], [101.614947, 3.063601], [101.614946, 3.063761], [101.615008, 3.063762], [101.615148, 3.063733], [101.615149, 3.063573], [101.615088, 3.063573]]]}}, {"type": "Feature", "properties": {}, "geometry": {"type": "Polygon", "coordinates": [[[101.615026, 3.063572], [101.614886, 3.063601], [101.614885, 3.063761], [101.614946, 3.063761], [101.615086, 3.063733], [101.615088, 3.063573], [101.615026, 3.063572]]]}}, {"type": "Feature", "properties": {}, "geometry": {"type": "Polygon", "coordinates": [[[101.614965, 3.063572], [101.614825, 3.0636], [101.614824, 3.06376], [101.614885, 3.063761], [101.615025, 3.063732], [101.615026, 3.063572], [101.614965, 3.063572]]]}}, {"type": "Feature", "properties": {}, "geometry": {"type": "Polygon", "coordinates": [[[101.614904, 3.063571], [101.614764, 3.0636], [101.614762, 3.06376], [101.614824, 3.06376], [101.614964, 3.063732], [101.614965, 3.063572], [101.614904, 3.063571]]]}}, {"type": "Feature", "properties": {}, "geometry": {"type": "Polygon", "coordinates": [[[101.614843, 3.063571], [101.614702, 3.063599], [101.614701, 3.063759], [101.614762, 3.06376], [101.614903, 3.063731], [101.614904, 3.063571], [101.614843, 3.063571]]]}}, {"type": "Feature", "properties": {}, "geometry": {"type": "Polygon", "coordinates": [[[101.614781, 3.06357], [101.614641, 3.063598], [101.61464, 3.063759], [101.614701, 3.063759], [101.614841, 3.063731], [101.614843, 3.063571], [101.614781, 3.06357]]]}}, {"type": "Feature", "properties": {}, "geometry": {"type": "Polygon", "coordinates": [[[101.61472, 3.06357], [101.61458, 3.063598], [101.614579, 3.063758], [101.61464, 3.063759], [101.61478, 3.06373], [101.614781, 3.06357], [101.61472, 3.06357]]]}}, {"type": "Feature", "properties": {}, "geometry": {"type": "Polygon", "coordinates": [[[101.614659, 3.063569], [101.614519, 3.063598], [101.614517, 3.063758], [101.614579, 3.063758], [101.614719, 3.06373], [101.61472, 3.06357], [101.614659, 3.063569]]]}}, {"type": "Feature", "properties": {}, "geometry": {"type": "Polygon", "coordinates": [[[101.614598, 3.063569], [101.614457, 3.063597], [101.614456, 3.063757], [101.614517, 3.063758], [101.614658, 3.063729], [101.614659, 3.063569], [101.614598, 3.063569]]]}}, {"type": "Feature", "properties": {}, "geometry": {"type": "Polygon", "coordinates": [[[101.614536, 3.063568], [101.614396, 3.063597], [101.614395, 3.063757], [101.614456, 3.063757], [101.614596, 3.063729], [101.614598, 3.063569], [101.614536, 3.063568]]]}}, {"type": "Feature", "properties": {}, "geometry": {"type": "Polygon", "coordinates": [[[101.614475, 3.063568], [101.614335, 3.063596], [101.614334, 3.063756], [101.614395, 3.063757], [101.614535, 3.063728], [101.614536, 3.063568], [101.614475, 3.063568]]]}}, {"type": "Feature", "properties": {}, "geometry": {"type": "Polygon", "coordinates": [[[101.614414, 3.063567], [101.614274, 3.063596], [101.614272, 3.063756], [101.614334, 3.063756], [101.614474, 3.063728], [101.614475, 3.063568], [101.614414, 3.063567]]]}}, {"type": "Feature", "properties": {}, "geometry": {"type": "Polygon", "coordinates": [[[101.614352, 3.063567], [101.614212, 3.063595], [101.614211, 3.063755], [101.614272, 3.063756], [101.614412, 3.063727], [101.614414, 3.063567], [101.614352, 3.063567]]]}}, {"type": "Feature", "properties": {}, "geometry": {"type": "Polygon", "coordinates": [[[101.614351, 3.063768], [101.61429, 3.063768], [101.61415, 3.063797], [101.61415, 3.063955], [101.614212, 3.063954], [101.614352, 3.063926], [101.614351, 3.063768]]]}}, {"type": "Feature", "properties": {}, "geometry": {"type": "Polygon", "coordinates": [[[101.614413, 3.063768], [101.614351, 3.063768], [101.614211, 3.063797], [101.614212, 3.063954], [101.614273, 3.063954], [101.614413, 3.063926], [101.614413, 3.063768]]]}}, {"type": "Feature", "properties": {}, "geometry": {"type": "Polygon", "coordinates": [[[101.614474, 3.063768], [101.614413, 3.063768], [101.614272, 3.063796], [101.614273, 3.063954], [101.614334, 3.063954], [101.614474, 3.063926], [101.614474, 3.063768]]]}}, {"type": "Feature", "properties": {}, "geometry": {"type": "Polygon", "coordinates": [[[101.614535, 3.063768], [101.614474, 3.063768], [101.614334, 3.063796], [101.614334, 3.063954], [101.614395, 3.063954], [101.614535, 3.063926], [101.614535, 3.063768]]]}}, {"type": "Feature", "properties": {}, "geometry": {"type": "Polygon", "coordinates": [[[101.614596, 3.063768], [101.614535, 3.063768], [101.614395, 3.063796], [101.614395, 3.063954], [101.614456, 3.063954], [101.614597, 3.063926], [101.614596, 3.063768]]]}}, {"type": "Feature", "properties": {}, "geometry": {"type": "Polygon", "coordinates": [[[101.614657, 3.063767], [101.614596, 3.063768], [101.614456, 3.063796], [101.614456, 3.063954], [101.614518, 3.063954], [101.614658, 3.063925], [101.614657, 3.063767]]]}}, {"type": "Feature", "properties": {}, "geometry": {"type": "Polygon", "coordinates": [[[101.614718, 3.063767], [101.614657, 3.063767], [101.614517, 3.063796], [101.614518, 3.063954], [101.614579, 3.063954], [101.614719, 3.063925], [101.614718, 3.063767]]]}}, {"type": "Feature", "properties": {}, "geometry": {"type": "Polygon", "coordinates": [[[101.61478, 3.063767], [101.614718, 3.063767], [101.614578, 3.063796], [101.614579, 3.063954], [101.61464, 3.063953], [101.61478, 3.063925], [101.61478, 3.063767]]]}}, {"type": "Feature", "properties": {}, "geometry": {"type": "Polygon", "coordinates": [[[101.614841, 3.063767], [101.61478, 3.063767], [101.614639, 3.063795], [101.61464, 3.063953], [101.614701, 3.063953], [101.614841, 3.063925], [101.614841, 3.063767]]]}}, {"type": "Feature", "properties": {}, "geometry": {"type": "Polygon", "coordinates": [[[101.614902, 3.063767], [101.614841, 3.063767], [101.614701, 3.063795], [101.614701, 3.063953], [101.614762, 3.063953], [101.614902, 3.063925], [101.614902, 3.063767]]]}}, {"type": "Feature", "properties": {}, "geometry": {"type": "Polygon", "coordinates": [[[101.614963, 3.063767], [101.614902, 3.063767], [101.614762, 3.063795], [101.614762, 3.063953], [101.614823, 3.063953], [101.614964, 3.063925], [101.614963, 3.063767]]]}}, {"type": "Feature", "properties": {}, "geometry": {"type": "Polygon", "coordinates": [[[101.615024, 3.063766], [101.614963, 3.063767], [101.614823, 3.063795], [101.614823, 3.063953], [101.614885, 3.063953], [101.615025, 3.063924], [101.615024, 3.063766]]]}}, {"type": "Feature", "properties": {}, "geometry": {"type": "Polygon", "coordinates": [[[101.615085, 3.063766], [101.615024, 3.063766], [101.614884, 3.063795], [101.614885, 3.063953], [101.614946, 3.063953], [101.615086, 3.063924], [101.615085, 3.063766]]]}}, {"type": "Feature", "properties": {}, "geometry": {"type": "Polygon", "coordinates": [[[101.615147, 3.063766], [101.615085, 3.063766], [101.614945, 3.063795], [101.614946, 3.063953], [101.615007, 3.063952], [101.615147, 3.063924], [101.615147, 3.063766]]]}}, {"type": "Feature", "properties": {}, "geometry": {"type": "Polygon", "coordinates": [[[101.615055, 3.064344], [101.614994, 3.064344], [101.614854, 3.064373], [101.614856, 3.064519], [101.614916, 3.064519], [101.615056, 3.06449], [101.615055, 3.064344]]]}}, {"type": "Feature", "properties": {}, "geometry": {"type": "Polygon", "coordinates": [[[101.615115, 3.064343], [101.615055, 3.064344], [101.614914, 3.064372], [101.614916, 3.064519], [101.614976, 3.064518], [101.615116, 3.06449], [101.615115, 3.064343]]]}}, {"type": "Feature", "properties": {}, "geometry": {"type": "Polygon", "coordinates": [[[101.615175, 3.064342], [101.615115, 3.064343], [101.614975, 3.064371], [101.614976, 3.064518], [101.615037, 3.064517], [101.615177, 3.064489], [101.615175, 3.064342]]]}}, {"type": "Feature", "properties": {}, "geometry": {"type": "Polygon", "coordinates": [[[101.615114, 3.064146], [101.614974, 3.064175], [101.614974, 3.064316], [101.615036, 3.064316], [101.615176, 3.064288], [101.615176, 3.064146], [101.615114, 3.064146]]]}}, {"type": "Feature", "properties": {}, "geometry": {"type": "Polygon", "coordinates": [[[101.615051, 3.064146], [101.614911, 3.064175], [101.614911, 3.064316], [101.614974, 3.064316], [101.615114, 3.064288], [101.615114, 3.064146], [101.615051, 3.064146]]]}}, {"type": "Feature", "properties": {}, "geometry": {"type": "Polygon", "coordinates": [[[101.614095, 3.064334], [101.613955, 3.064362], [101.613954, 3.064518], [101.614024, 3.064518], [101.614165, 3.06449], [101.614166, 3.064334], [101.614095, 3.064334]]]}}, {"type": "Feature", "properties": {}, "geometry": {"type": "Polygon", "coordinates": [[[101.614166, 3.064334], [101.614026, 3.064363], [101.614024, 3.064518], [101.614084, 3.064519], [101.614224, 3.06449], [101.614226, 3.064335], [101.614166, 3.064334]]]}}, {"type": "Feature", "properties": {}, "geometry": {"type": "Polygon", "coordinates": [[[101.614226, 3.064335], [101.614086, 3.064363], [101.614084, 3.064519], [101.614144, 3.064519], [101.614284, 3.064491], [101.614286, 3.064335], [101.614226, 3.064335]]]}}, {"type": "Feature", "properties": {}, "geometry": {"type": "Polygon", "coordinates": [[[101.614286, 3.064335], [101.614145, 3.064364], [101.614144, 3.064519], [101.614204, 3.06452], [101.614344, 3.064492], [101.614345, 3.064336], [101.614286, 3.064335]]]}}, {"type": "Feature", "properties": {}, "geometry": {"type": "Polygon", "coordinates": [[[101.614345, 3.064336], [101.614205, 3.064364], [101.614204, 3.06452], [101.614264, 3.06452], [101.614404, 3.064492], [101.614405, 3.064336], [101.614345, 3.064336]]]}}, {"type": "Feature", "properties": {}, "geometry": {"type": "Polygon", "coordinates": [[[101.614405, 3.064336], [101.614265, 3.064365], [101.614264, 3.06452], [101.614324, 3.064521], [101.614464, 3.064493], [101.614465, 3.064337], [101.614405, 3.064336]]]}}, {"type": "Feature", "properties": {}, "geometry": {"type": "Polygon", "coordinates": [[[101.614465, 3.064337], [101.614325, 3.064365], [101.614324, 3.064521], [101.614383, 3.064521], [101.614524, 3.064493], [101.614525, 3.064337], [101.614465, 3.064337]]]}}, {"type": "Feature", "properties": {}, "geometry": {"type": "Polygon", "coordinates": [[[101.614525, 3.064337], [101.614385, 3.064366], [101.614383, 3.064521], [101.614443, 3.064522], [101.614583, 3.064494], [101.614585, 3.064338], [101.614525, 3.064337]]]}}, {"type": "Feature", "properties": {}, "geometry": {"type": "Polygon", "coordinates": [[[101.614585, 3.064338], [101.614445, 3.064366], [101.614443, 3.064522], [101.614503, 3.064522], [101.614643, 3.064494], [101.614645, 3.064339], [101.614585, 3.064338]]]}}, {"type": "Feature", "properties": {}, "geometry": {"type": "Polygon", "coordinates": [[[101.614707, 3.064135], [101.614646, 3.064135], [101.614505, 3.064163], [101.614507, 3.064314], [101.614568, 3.064314], [101.614708, 3.064285], [101.614707, 3.064135]]]}}, {"type": "Feature", "properties": {}, "geometry": {"type": "Polygon", "coordinates": [[[101.614646, 3.064135], [101.614584, 3.064136], [101.614444, 3.064164], [101.614446, 3.064315], [101.614507, 3.064314], [101.614647, 3.064286], [101.614646, 3.064135]]]}}, {"type": "Feature", "properties": {}, "geometry": {"type": "Polygon", "coordinates": [[[101.614584, 3.064136], [101.614523, 3.064136], [101.614383, 3.064165], [101.614385, 3.064315], [101.614446, 3.064315], [101.614586, 3.064286], [101.614584, 3.064136]]]}}, {"type": "Feature", "properties": {}, "geometry": {"type": "Polygon", "coordinates": [[[101.614523, 3.064136], [101.614462, 3.064137], [101.614322, 3.064165], [101.614323, 3.064316], [101.614385, 3.064315], [101.614525, 3.064287], [101.614523, 3.064136]]]}}, {"type": "Feature", "properties": {}, "geometry": {"type": "Polygon", "coordinates": [[[101.614462, 3.064137], [101.614401, 3.064137], [101.614261, 3.064166], [101.614262, 3.064316], [101.614323, 3.064316], [101.614464, 3.064287], [101.614462, 3.064137]]]}}, {"type": "Feature", "properties": {}, "geometry": {"type": "Polygon", "coordinates": [[[101.614401, 3.064137], [101.61434, 3.064138], [101.6142, 3.064166], [101.614201, 3.064317], [101.614262, 3.064316], [101.614403, 3.064288], [101.614401, 3.064137]]]}}, {"type": "Feature", "properties": {}, "geometry": {"type": "Polygon", "coordinates": [[[101.61434, 3.064138], [101.614279, 3.064138], [101.614139, 3.064167], [101.61414, 3.064318], [101.614201, 3.064317], [101.614341, 3.064289], [101.61434, 3.064138]]]}}, {"type": "Feature", "properties": {}, "geometry": {"type": "Polygon", "coordinates": [[[101.614279, 3.064138], [101.614218, 3.064139], [101.614078, 3.064167], [101.614079, 3.064318], [101.61414, 3.064318], [101.61428, 3.064289], [101.614279, 3.064138]]]}}, {"type": "Feature", "properties": {}, "geometry": {"type": "Polygon", "coordinates": [[[101.614218, 3.064139], [101.614157, 3.064139], [101.614017, 3.064168], [101.614018, 3.064319], [101.614079, 3.064318], [101.614219, 3.06429], [101.614218, 3.064139]]]}}, {"type": "Feature", "properties": {}, "geometry": {"type": "Polygon", "coordinates": [[[101.61445, 3.065162], [101.614294, 3.065165], [101.614154, 3.065193], [101.614156, 3.065256], [101.614311, 3.065253], [101.614451, 3.065224], [101.61445, 3.065162]]]}}, {"type": "Feature", "properties": {}, "geometry": {"type": "Polygon", "coordinates": [[[101.614449, 3.065099], [101.614293, 3.065103], [101.614153, 3.065131], [101.614154, 3.065193], [101.61431, 3.06519], [101.61445, 3.065162], [101.614449, 3.065099]]]}}, {"type": "Feature", "properties": {}, "geometry": {"type": "Polygon", "coordinates": [[[101.614447, 3.065037], [101.614292, 3.06504], [101.614152, 3.065068], [101.614153, 3.065131], [101.614309, 3.065128], [101.614449, 3.065099], [101.614447, 3.065037]]]}}, {"type": "Feature", "properties": {}, "geometry": {"type": "Polygon", "coordinates": [[[101.614446, 3.064974], [101.61429, 3.064977], [101.61415, 3.065006], [101.614152, 3.065068], [101.614307, 3.065065], [101.614447, 3.065037], [101.614446, 3.064974]]]}}, {"type": "Feature", "properties": {}, "geometry": {"type": "Polygon", "coordinates": [[[101.614445, 3.064912], [101.614289, 3.064915], [101.614149, 3.064943], [101.61415, 3.065006], [101.614306, 3.065002], [101.614446, 3.064974], [101.614445, 3.064912]]]}}, {"type": "Feature", "properties": {}, "geometry": {"type": "Polygon", "coordinates": [[[101.614443, 3.064849], [101.614288, 3.064852], [101.614148, 3.064881], [101.614149, 3.064943], [101.614304, 3.06494], [101.614445, 3.064912], [101.614443, 3.064849]]]}}, {"type": "Feature", "properties": {}, "geometry": {"type": "Polygon", "coordinates": [[[101.614442, 3.064786], [101.614286, 3.06479], [101.614146, 3.064818], [101.614148, 3.064881], [101.614303, 3.064877], [101.614443, 3.064849], [101.614442, 3.064786]]]}}, {"type": "Feature", "properties": {}, "geometry": {"type": "Polygon", "coordinates": [[[101.614255, 3.065156], [101.614094, 3.065158], [101.613953, 3.065186], [101.613954, 3.065248], [101.614116, 3.065246], [101.614256, 3.065218], [101.614255, 3.065156]]]}}, {"type": "Feature", "properties": {}, "geometry": {"type": "Polygon", "coordinates": [[[101.614255, 3.065094], [101.614093, 3.065096], [101.613953, 3.065125], [101.613953, 3.065186], [101.614115, 3.065184], [101.614255, 3.065156], [101.614255, 3.065094]]]}}, {"type": "Feature", "properties": {}, "geometry": {"type": "Polygon", "coordinates": [[[101.614254, 3.065033], [101.614092, 3.065034], [101.613952, 3.065063], [101.613953, 3.065125], [101.614114, 3.065123], [101.614255, 3.065094], [101.614254, 3.065033]]]}}, {"type": "Feature", "properties": {}, "geometry": {"type": "Polygon", "coordinates": [[[101.614253, 3.064971], [101.614092, 3.064973], [101.613952, 3.065001], [101.613952, 3.065063], [101.614114, 3.065061], [101.614254, 3.065033], [101.614253, 3.064971]]]}}, {"type": "Feature", "properties": {}, "geometry": {"type": "Polygon", "coordinates": [[[101.614253, 3.064909], [101.614091, 3.064911], [101.613951, 3.064939], [101.613952, 3.065001], [101.614113, 3.064999], [101.614253, 3.064971], [101.614253, 3.064909]]]}}, {"type": "Feature", "properties": {}, "geometry": {"type": "Polygon", "coordinates": [[[101.614252, 3.064847], [101.61409, 3.064849], [101.61395, 3.064877], [101.613951, 3.064939], [101.614113, 3.064937], [101.614253, 3.064909], [101.614252, 3.064847]]]}}, {"type": "Feature", "properties": {}, "geometry": {"type": "Polygon", "coordinates": [[[101.614251, 3.064785], [101.61409, 3.064787], [101.61395, 3.064815], [101.61395, 3.064877], [101.614112, 3.064876], [101.614252, 3.064847], [101.614251, 3.064785]]]}}, {"type": "Feature", "properties": {}, "geometry": {"type": "Polygon", "coordinates": [[[101.60508, 3.068575], [101.60487, 3.068617], [101.604722, 3.068662], [101.604721, 3.068804], [101.604757, 3.068901], [101.604848, 3.06905], [101.605122, 3.069049], [101.605332, 3.069007], [101.605276, 3.068831], [101.60508, 3.068575]]]}}, {"type": "Feature", "properties": {}, "geometry": {"type": "Polygon", "coordinates": [[[101.609316, 3.075737], [101.609106, 3.075779], [101.609106, 3.075824], [101.609831, 3.075825], [101.610041, 3.075782], [101.610041, 3.075738], [101.609316, 3.075737]]]}}, {"type": "Feature", "properties": {}, "geometry": {"type": "Polygon", "coordinates": [[[101.609783, 3.07017], [101.608908, 3.070347], [101.608181, 3.070653], [101.608076, 3.070824], [101.608375, 3.071219], [101.609073, 3.07109], [101.609949, 3.070913], [101.610259, 3.07043], [101.610193, 3.070387], [101.609783, 3.07017]]]}}, {"type": "Feature", "properties": {}, "geometry": {"type": "Polygon", "coordinates": [[[101.609404, 3.070993], [101.608529, 3.07117], [101.608375, 3.071219], [101.608296, 3.071585], [101.608298, 3.07163], [101.608312, 3.071671], [101.608349, 3.071712], [101.608398, 3.07174], [101.608513, 3.071772], [101.608543, 3.071772], [101.609419, 3.071595], [101.609455, 3.071574], [101.609491, 3.071544], [101.60952, 3.071504], [101.609539, 3.071466], [101.609547, 3.071435], [101.609531, 3.071103], [101.609404, 3.070993]]]}}, {"type": "Feature", "properties": {}, "geometry": {"type": "Polygon", "coordinates": [[[101.609582, 3.070678], [101.608706, 3.070855], [101.608586, 3.070966], [101.608533, 3.071045], [101.608529, 3.07117], [101.608545, 3.071215], [101.608982, 3.071471], [101.609006, 3.071469], [101.609881, 3.071292], [101.609897, 3.071279], [101.609983, 3.071152], [101.610001, 3.071123], [101.610009, 3.071096], [101.610009, 3.071065], [101.609949, 3.070913], [101.609582, 3.070678]]]}}, {"type": "Feature", "properties": {}, "geometry": {"type": "Polygon", "coordinates": [[[101.610098, 3.070078], [101.609222, 3.070255], [101.609156, 3.070276], [101.609106, 3.070326], [101.609042, 3.070433], [101.609297, 3.070596], [101.609407, 3.070656], [101.610283, 3.070479], [101.610424, 3.070264], [101.610134, 3.070078], [101.610098, 3.070078]]]}}, {"type": "Feature", "properties": {}, "geometry": {"type": "Polygon", "coordinates": [[[101.608559, 3.071531], [101.608296, 3.071585], [101.607972, 3.071792], [101.607971, 3.071971], [101.608323, 3.071976], [101.608586, 3.071922], [101.60878, 3.071818], [101.608797, 3.071719], [101.608559, 3.071531]]]}}, {"type": "Feature", "properties": {}, "geometry": {"type": "Polygon", "coordinates": [[[101.609759, 3.069977], [101.609496, 3.07003], [101.60931, 3.070137], [101.609234, 3.070255], [101.609569, 3.070454], [101.609832, 3.0704], [101.610004, 3.070307], [101.610002, 3.07008], [101.609759, 3.069977]]]}}, {"type": "Feature", "properties": {}, "geometry": {"type": "Polygon", "coordinates": [[[101.607916, 3.07082], [101.607706, 3.070863], [101.60762, 3.070917], [101.607939, 3.071534], [101.608048, 3.071686], [101.608258, 3.071643], [101.608318, 3.07159], [101.608233, 3.071053], [101.608117, 3.07093], [101.608065, 3.070894], [101.607916, 3.07082]]]}}, {"type": "Feature", "properties": {}, "geometry": {"type": "Polygon", "coordinates": [[[101.607916, 3.07082], [101.607706, 3.070863], [101.60762, 3.070917], [101.607939, 3.071534], [101.608048, 3.071686], [101.608258, 3.071643], [101.608318, 3.07159], [101.608233, 3.071053], [101.608117, 3.07093], [101.608065, 3.070894], [101.607916, 3.07082]]]}}]}