{"type": "FeatureCollection", "features": [{"type": "Feature", "properties": {}, "geometry": {"type": "Polygon", "coordinates": [[[101.607179, 3.07153], [101.606369, 3.071532], [101.606082, 3.071537], [101.606064, 3.071538], [101.605788, 3.071607], [101.605282, 3.072], [101.605292, 3.073217], [101.605306, 3.07324], [101.605328, 3.073258], [101.605803, 3.073353], [101.607846, 3.073417], [101.608816, 3.073415], [101.609093, 3.073345], [101.609152, 3.073105], [101.609152, 3.072889], [101.609151, 3.072483], [101.608248, 3.071722], [101.607873, 3.071641], [101.607179, 3.07153]]]}}, {"type": "Feature", "properties": {}, "geometry": {"type": "Polygon", "coordinates": [[[101.612681, 3.06586], [101.612589, 3.065883], [101.612583, 3.066214], [101.612752, 3.066217], [101.612844, 3.066194], [101.61285, 3.065863], [101.612681, 3.06586]]]}}, {"type": "Feature", "properties": {}, "geometry": {"type": "Polygon", "coordinates": [[[101.606921, 3.064229], [101.606829, 3.064252], [101.606714, 3.064298], [101.606742, 3.064367], [101.606834, 3.064344], [101.606949, 3.064298], [101.606921, 3.064229]]]}}, {"type": "Feature", "properties": {}, "geometry": {"type": "Polygon", "coordinates": [[[101.612547, 3.065169], [101.612455, 3.065192], [101.612364, 3.065259], [101.612404, 3.065318], [101.612496, 3.065295], [101.612584, 3.065225], [101.612547, 3.065169]]]}}, {"type": "Feature", "properties": {}, "geometry": {"type": "Polygon", "coordinates": [[[101.610601, 3.065791], [101.610126, 3.065792], [101.610034, 3.065815], [101.610027, 3.066377], [101.610475, 3.066401], [101.610567, 3.066378], [101.610601, 3.065791]]]}}, {"type": "Feature", "properties": {}, "geometry": {"type": "Polygon", "coordinates": [[[101.59952, 3.068121], [101.599233, 3.068129], [101.599141, 3.068152], [101.599143, 3.068331], [101.59943, 3.068318], [101.599522, 3.068295], [101.59952, 3.068121]]]}}, {"type": "Feature", "properties": {}, "geometry": {"type": "Polygon", "coordinates": [[[101.600513, 3.067743], [101.600482, 3.067751], [101.600437, 3.067789], [101.600438, 3.067975], [101.600518, 3.067972], [101.600548, 3.067964], [101.600546, 3.067745], [101.600513, 3.067743]]]}}, {"type": "Feature", "properties": {}, "geometry": {"type": "Polygon", "coordinates": [[[101.602727, 3.068802], [101.602611, 3.068831], [101.602611, 3.068846], [101.602649, 3.068886], [101.602823, 3.068889], [101.602938, 3.06886], [101.60294, 3.068802], [101.602727, 3.068802]]]}}, {"type": "Feature", "properties": {}, "geometry": {"type": "Polygon", "coordinates": [[[101.602552, 3.067294], [101.60238, 3.067295], [101.602265, 3.067324], [101.602269, 3.067538], [101.602391, 3.067535], [101.602506, 3.067506], [101.602554, 3.067469], [101.602552, 3.067294]]]}}, {"type": "Feature", "properties": {}, "geometry": {"type": "Polygon", "coordinates": [[[101.602729, 3.067829], [101.602614, 3.067858], [101.602613, 3.067927], [101.602831, 3.067928], [101.602946, 3.067899], [101.602946, 3.06783], [101.602729, 3.067829]]]}}, {"type": "Feature", "properties": {}, "geometry": {"type": "Polygon", "coordinates": [[[101.606111, 3.065887], [101.606019, 3.065911], [101.606008, 3.066298], [101.606341, 3.066307], [101.606433, 3.066284], [101.606444, 3.065897], [101.606111, 3.065887]]]}}, {"type": "Feature", "properties": {}, "geometry": {"type": "Polygon", "coordinates": [[[101.604653, 3.069032], [101.604098, 3.069032], [101.603991, 3.069034], [101.603723, 3.069101], [101.603697, 3.069161], [101.603699, 3.069267], [101.603724, 3.069301], [101.603866, 3.069304], [101.604276, 3.069301], [101.604374, 3.069299], [101.604534, 3.06929], [101.604803, 3.069222], [101.604829, 3.069192], [101.604827, 3.069083], [101.604799, 3.069039], [101.604653, 3.069032]]]}}, {"type": "Feature", "properties": {}, "geometry": {"type": "Polygon", "coordinates": [[[101.601402, 3.064063], [101.60119, 3.064064], [101.601098, 3.064087], [101.601061, 3.064796], [101.601062, 3.064908], [101.601103, 3.064963], [101.601315, 3.064961], [101.601407, 3.064938], [101.601402, 3.064063]]]}}, {"type": "Feature", "properties": {}, "geometry": {"type": "Polygon", "coordinates": [[[101.599501, 3.067649], [101.599214, 3.06766], [101.599122, 3.067683], [101.59913, 3.067876], [101.599414, 3.067865], [101.599506, 3.067842], [101.599501, 3.067649]]]}}, {"type": "Feature", "properties": {}, "geometry": {"type": "Polygon", "coordinates": [[[101.602983, 3.065607], [101.602929, 3.06562], [101.602931, 3.065689], [101.603154, 3.065688], [101.603207, 3.065675], [101.603209, 3.065653], [101.603165, 3.065607], [101.602983, 3.065607]]]}}, {"type": "Feature", "properties": {}, "geometry": {"type": "Polygon", "coordinates": [[[101.600298, 3.064896], [101.599484, 3.064901], [101.599392, 3.064924], [101.599378, 3.06498], [101.599378, 3.065036], [101.600207, 3.065031], [101.600299, 3.065008], [101.600298, 3.064896]]]}}, {"type": "Feature", "properties": {}, "geometry": {"type": "Polygon", "coordinates": [[[101.606422, 3.065679], [101.605616, 3.065881], [101.605596, 3.06623], [101.605985, 3.066252], [101.606791, 3.066049], [101.606809, 3.065695], [101.606572, 3.065683], [101.606422, 3.065679]]]}}, {"type": "Feature", "properties": {}, "geometry": {"type": "Polygon", "coordinates": [[[101.599232, 3.064444], [101.59914, 3.064467], [101.599139, 3.064616], [101.599207, 3.064616], [101.599257, 3.064617], [101.599349, 3.064593], [101.59935, 3.064445], [101.599232, 3.064444]]]}}, {"type": "Feature", "properties": {}, "geometry": {"type": "Polygon", "coordinates": [[[101.60389, 3.069181], [101.603805, 3.069181], [101.603536, 3.069249], [101.603478, 3.069287], [101.603478, 3.069383], [101.603482, 3.069524], [101.603517, 3.069551], [101.60362, 3.06955], [101.603889, 3.069483], [101.603926, 3.069452], [101.603925, 3.069307], [101.603925, 3.069218], [101.60389, 3.069181]]]}}, {"type": "Feature", "properties": {}, "geometry": {"type": "Polygon", "coordinates": [[[101.603929, 3.067738], [101.603794, 3.067772], [101.603432, 3.067916], [101.603432, 3.068152], [101.603457, 3.068957], [101.604459, 3.068958], [101.604594, 3.068924], [101.604594, 3.068428], [101.604528, 3.067875], [101.60418, 3.067738], [101.603929, 3.067738]]]}}, {"type": "Feature", "properties": {}, "geometry": {"type": "Polygon", "coordinates": [[[101.60607, 3.066834], [101.605802, 3.066901], [101.605665, 3.066946], [101.605257, 3.067086], [101.605312, 3.067255], [101.605508, 3.067258], [101.605777, 3.06719], [101.606069, 3.067095], [101.606127, 3.067008], [101.60607, 3.066834]]]}}, {"type": "Feature", "properties": {}, "geometry": {"type": "Polygon", "coordinates": [[[101.60066, 3.067247], [101.60048, 3.067253], [101.600388, 3.067276], [101.600388, 3.06756], [101.600571, 3.067567], [101.600663, 3.067544], [101.60066, 3.067247]]]}}, {"type": "Feature", "properties": {}, "geometry": {"type": "Polygon", "coordinates": [[[101.600552, 3.068071], [101.600488, 3.068071], [101.600457, 3.068079], [101.600459, 3.068299], [101.600523, 3.068298], [101.600554, 3.06829], [101.600552, 3.068071]]]}}, {"type": "Feature", "properties": {}, "geometry": {"type": "Polygon", "coordinates": [[[101.600319, 3.067997], [101.599753, 3.068019], [101.599661, 3.068042], [101.599666, 3.068291], [101.600227, 3.068264], [101.600319, 3.068241], [101.600319, 3.067997]]]}}, {"type": "Feature", "properties": {}, "geometry": {"type": "Polygon", "coordinates": [[[101.606476, 3.06633], [101.606169, 3.066407], [101.606091, 3.066433], [101.605974, 3.06655], [101.605921, 3.066611], [101.605895, 3.066642], [101.605907, 3.066764], [101.605976, 3.066788], [101.606283, 3.066711], [101.606577, 3.066414], [101.606566, 3.066355], [101.606476, 3.06633]]]}}, {"type": "Feature", "properties": {}, "geometry": {"type": "Polygon", "coordinates": [[[101.602506, 3.067692], [101.602475, 3.067694], [101.60236, 3.067723], [101.602364, 3.06794], [101.602432, 3.067938], [101.602547, 3.067909], [101.602544, 3.067737], [101.602506, 3.067692]]]}}, {"type": "Feature", "properties": {}, "geometry": {"type": "Polygon", "coordinates": [[[101.602461, 3.068437], [101.602288, 3.068439], [101.602156, 3.068463], [101.602019, 3.068493], [101.601927, 3.068516], [101.60193, 3.068779], [101.602289, 3.068779], [101.602381, 3.068755], [101.602462, 3.068605], [101.602461, 3.068437]]]}}, {"type": "Feature", "properties": {}, "geometry": {"type": "Polygon", "coordinates": [[[101.604621, 3.068361], [101.604529, 3.068385], [101.604521, 3.068806], [101.604555, 3.068806], [101.604709, 3.068789], [101.604801, 3.068766], [101.604805, 3.068578], [101.604771, 3.068364], [101.604621, 3.068361]]]}}, {"type": "Feature", "properties": {}, "geometry": {"type": "Polygon", "coordinates": [[[101.605345, 3.067109], [101.605076, 3.067176], [101.604816, 3.067588], [101.604769, 3.067668], [101.604921, 3.067758], [101.605032, 3.06774], [101.6053, 3.067672], [101.605379, 3.067629], [101.605555, 3.067332], [101.605512, 3.067208], [101.605345, 3.067109]]]}}, {"type": "Feature", "properties": {}, "geometry": {"type": "Polygon", "coordinates": [[[101.603044, 3.068692], [101.602929, 3.068721], [101.602921, 3.068882], [101.603107, 3.068878], [101.603222, 3.068849], [101.60326, 3.068803], [101.603261, 3.068694], [101.603044, 3.068692]]]}}, {"type": "Feature", "properties": {}, "geometry": {"type": "Polygon", "coordinates": [[[101.605251, 3.066313], [101.605159, 3.066336], [101.605127, 3.066378], [101.605202, 3.066483], [101.605267, 3.066489], [101.605359, 3.066465], [101.605367, 3.066406], [101.605324, 3.066369], [101.605251, 3.066313]]]}}, {"type": "Feature", "properties": {}, "geometry": {"type": "Polygon", "coordinates": [[[101.602217, 3.066552], [101.601994, 3.066554], [101.601879, 3.066583], [101.601879, 3.066651], [101.602102, 3.06665], [101.602217, 3.066621], [101.602217, 3.066552]]]}}, {"type": "Feature", "properties": {}, "geometry": {"type": "Polygon", "coordinates": [[[101.602703, 3.065612], [101.602649, 3.065625], [101.60261, 3.065669], [101.602611, 3.065689], [101.602831, 3.06569], [101.602885, 3.065676], [101.602886, 3.065614], [101.602703, 3.065612]]]}}, {"type": "Feature", "properties": {}, "geometry": {"type": "Polygon", "coordinates": [[[101.599517, 3.06788], [101.599227, 3.06789], [101.599135, 3.067913], [101.599138, 3.068085], [101.599425, 3.068074], [101.599517, 3.068051], [101.599517, 3.06788]]]}}, {"type": "Feature", "properties": {}, "geometry": {"type": "Polygon", "coordinates": [[[101.605203, 3.065687], [101.604934, 3.065755], [101.604928, 3.066121], [101.60526, 3.066124], [101.605529, 3.066056], [101.605542, 3.065691], [101.605203, 3.065687]]]}}, {"type": "Feature", "properties": {}, "geometry": {"type": "Polygon", "coordinates": [[[101.604734, 3.065766], [101.604642, 3.06579], [101.604635, 3.066027], [101.604854, 3.06603], [101.604946, 3.066007], [101.604954, 3.065768], [101.604734, 3.065766]]]}}, {"type": "Feature", "properties": {}, "geometry": {"type": "Polygon", "coordinates": [[[101.604808, 3.06933], [101.604109, 3.069335], [101.60401, 3.069336], [101.603742, 3.069404], [101.603711, 3.06944], [101.603712, 3.069548], [101.603743, 3.069587], [101.603866, 3.069587], [101.604004, 3.069587], [101.604434, 3.069583], [101.604545, 3.069582], [101.604814, 3.069515], [101.604845, 3.069479], [101.604844, 3.069367], [101.604808, 3.06933]]]}}, {"type": "Feature", "properties": {}, "geometry": {"type": "Polygon", "coordinates": [[[101.603033, 3.067836], [101.602941, 3.067859], [101.602941, 3.067927], [101.603156, 3.067927], [101.603248, 3.067904], [101.603248, 3.067836], [101.603033, 3.067836]]]}}, {"type": "Feature", "properties": {}, "geometry": {"type": "Polygon", "coordinates": [[[101.602557, 3.068024], [101.602391, 3.068027], [101.602276, 3.068056], [101.602279, 3.068273], [101.602396, 3.068273], [101.602511, 3.068244], [101.60256, 3.068198], [101.602557, 3.068024]]]}}, {"type": "Feature", "properties": {}, "geometry": {"type": "Polygon", "coordinates": [[[101.602379, 3.066979], [101.602348, 3.066987], [101.602353, 3.067204], [101.602425, 3.067201], [101.602456, 3.067193], [101.602455, 3.067017], [101.6024, 3.06698], [101.602379, 3.066979]]]}}, {"type": "Feature", "properties": {}, "geometry": {"type": "Polygon", "coordinates": [[[101.60104, 3.067269], [101.600745, 3.067274], [101.600653, 3.067297], [101.600656, 3.067552], [101.600954, 3.067546], [101.601046, 3.067523], [101.60104, 3.067269]]]}}, {"type": "Feature", "properties": {}, "geometry": {"type": "Polygon", "coordinates": [[[101.605034, 3.06908], [101.60492, 3.069082], [101.604651, 3.069149], [101.604609, 3.069175], [101.604611, 3.069273], [101.604613, 3.06942], [101.604647, 3.069453], [101.604763, 3.069452], [101.605032, 3.069384], [101.605071, 3.069356], [101.60507, 3.069251], [101.605067, 3.069117], [101.605034, 3.06908]]]}}, {"type": "Feature", "properties": {}, "geometry": {"type": "Polygon", "coordinates": [[[101.600316, 3.067604], [101.599729, 3.067609], [101.599637, 3.067632], [101.599631, 3.067876], [101.599814, 3.067911], [101.600197, 3.067903], [101.600289, 3.06788], [101.600314, 3.067834], [101.600316, 3.067604]]]}}, {"type": "Feature", "properties": {}, "geometry": {"type": "Polygon", "coordinates": [[[101.599696, 3.071123], [101.599391, 3.071136], [101.599299, 3.07116], [101.599309, 3.071403], [101.599607, 3.071393], [101.599699, 3.071369], [101.599696, 3.071123]]]}}, {"type": "Feature", "properties": {}, "geometry": {"type": "Polygon", "coordinates": [[[101.602218, 3.069817], [101.602004, 3.069817], [101.601889, 3.069846], [101.601889, 3.069914], [101.602103, 3.069914], [101.602218, 3.069885], [101.602218, 3.069817]]]}}, {"type": "Feature", "properties": {}, "geometry": {"type": "Polygon", "coordinates": [[[101.600079, 3.069736], [101.599997, 3.069738], [101.599882, 3.069767], [101.599886, 3.069979], [101.599968, 3.069978], [101.600083, 3.069949], [101.600079, 3.069736]]]}}, {"type": "Feature", "properties": {}, "geometry": {"type": "Polygon", "coordinates": [[[101.602555, 3.070003], [101.602324, 3.070006], [101.602209, 3.070035], [101.602198, 3.071409], [101.602362, 3.071411], [101.602477, 3.071382], [101.602547, 3.071321], [101.602555, 3.070003]]]}}, {"type": "Feature", "properties": {}, "geometry": {"type": "Polygon", "coordinates": [[[101.60001, 3.068903], [101.599918, 3.068926], [101.599902, 3.068969], [101.59991, 3.069174], [101.59995, 3.069242], [101.600023, 3.069239], [101.600115, 3.069216], [101.60026, 3.069154], [101.600257, 3.068937], [101.600128, 3.068905], [101.60001, 3.068903]]]}}, {"type": "Feature", "properties": {}, "geometry": {"type": "Polygon", "coordinates": [[[101.599664, 3.069695], [101.599355, 3.069701], [101.599263, 3.069724], [101.59927, 3.069965], [101.599573, 3.069959], [101.599665, 3.069936], [101.599664, 3.069695]]]}}, {"type": "Feature", "properties": {}, "geometry": {"type": "Polygon", "coordinates": [[[101.601804, 3.070437], [101.600916, 3.070461], [101.600801, 3.07049], [101.600809, 3.070699], [101.60164, 3.07068], [101.601755, 3.070651], [101.601807, 3.070603], [101.601804, 3.070437]]]}}, {"type": "Feature", "properties": {}, "geometry": {"type": "Polygon", "coordinates": [[[101.601738, 3.068533], [101.601429, 3.068544], [101.601337, 3.068567], [101.601275, 3.068679], [101.601278, 3.068744], [101.601345, 3.068779], [101.601654, 3.068776], [101.601746, 3.068752], [101.601738, 3.068533]]]}}, {"type": "Feature", "properties": {}, "geometry": {"type": "Polygon", "coordinates": [[[101.600974, 3.068916], [101.600705, 3.068924], [101.600612, 3.068947], [101.600619, 3.069165], [101.600888, 3.069158], [101.600981, 3.069134], [101.600974, 3.068916]]]}}, {"type": "Feature", "properties": {}, "geometry": {"type": "Polygon", "coordinates": [[[101.599672, 3.070403], [101.599382, 3.070408], [101.59929, 3.070431], [101.59925, 3.070552], [101.599256, 3.070744], [101.599511, 3.070733], [101.599603, 3.07071], [101.599675, 3.07066], [101.599672, 3.070403]]]}}, {"type": "Feature", "properties": {}, "geometry": {"type": "Polygon", "coordinates": [[[101.600751, 3.071691], [101.600501, 3.071696], [101.600409, 3.071719], [101.600406, 3.071944], [101.600656, 3.071936], [101.600748, 3.071913], [101.600751, 3.071691]]]}}, {"type": "Feature", "properties": {}, "geometry": {"type": "Polygon", "coordinates": [[[101.601789, 3.068861], [101.601561, 3.068867], [101.601469, 3.06889], [101.601336, 3.068933], [101.601342, 3.06915], [101.601466, 3.069231], [101.601579, 3.069228], [101.601671, 3.069205], [101.601797, 3.06914], [101.601789, 3.068861]]]}}, {"type": "Feature", "properties": {}, "geometry": {"type": "Polygon", "coordinates": [[[101.602225, 3.070008], [101.601994, 3.070011], [101.601879, 3.07004], [101.601869, 3.071352], [101.60193, 3.071416], [101.602091, 3.071411], [101.602206, 3.071382], [101.602225, 3.070008]]]}}, {"type": "Feature", "properties": {}, "geometry": {"type": "Polygon", "coordinates": [[[101.601815, 3.071664], [101.601552, 3.071675], [101.60146, 3.071698], [101.601415, 3.071781], [101.60142, 3.071955], [101.601761, 3.071941], [101.601853, 3.071918], [101.601856, 3.071841], [101.601856, 3.071782], [101.601815, 3.071664]]]}}, {"type": "Feature", "properties": {}, "geometry": {"type": "Polygon", "coordinates": [[[101.599683, 3.070767], [101.599353, 3.070782], [101.599261, 3.070806], [101.59927, 3.071098], [101.599382, 3.071095], [101.599474, 3.071072], [101.599689, 3.071008], [101.599683, 3.070767]]]}}, {"type": "Feature", "properties": {}, "geometry": {"type": "Polygon", "coordinates": [[[101.605802, 3.070568], [101.60571, 3.070591], [101.605656, 3.070616], [101.605602, 3.070696], [101.605618, 3.070718], [101.605637, 3.070744], [101.605723, 3.070747], [101.605815, 3.070724], [101.605866, 3.070689], [101.605802, 3.070568]]]}}, {"type": "Feature", "properties": {}, "geometry": {"type": "Polygon", "coordinates": [[[101.599877, 3.069423], [101.599846, 3.069431], [101.599809, 3.069468], [101.599812, 3.069658], [101.599883, 3.069653], [101.599913, 3.069646], [101.599911, 3.069427], [101.599877, 3.069423]]]}}, {"type": "Feature", "properties": {}, "geometry": {"type": "Polygon", "coordinates": [[[101.601642, 3.072087], [101.601323, 3.072095], [101.601208, 3.072124], [101.601162, 3.072191], [101.60116, 3.072386], [101.601857, 3.072367], [101.601973, 3.072338], [101.60197, 3.07209], [101.601642, 3.072087]]]}}, {"type": "Feature", "properties": {}, "geometry": {"type": "Polygon", "coordinates": [[[101.602853, 3.069933], [101.602761, 3.069956], [101.602755, 3.070775], [101.602994, 3.070777], [101.603086, 3.070753], [101.603092, 3.069935], [101.602853, 3.069933]]]}}, {"type": "Feature", "properties": {}, "geometry": {"type": "Polygon", "coordinates": [[[101.601771, 3.069379], [101.601759, 3.069379], [101.601644, 3.069408], [101.601647, 3.069622], [101.601698, 3.069621], [101.601813, 3.069592], [101.601817, 3.069422], [101.601771, 3.069379]]]}}, {"type": "Feature", "properties": {}, "geometry": {"type": "Polygon", "coordinates": [[[101.600851, 3.071187], [101.600035, 3.071208], [101.59992, 3.071237], [101.599924, 3.071459], [101.600739, 3.071438], [101.600854, 3.071409], [101.600851, 3.071187]]]}}, {"type": "Feature", "properties": {}, "geometry": {"type": "Polygon", "coordinates": [[[101.602546, 3.069819], [101.602329, 3.069822], [101.602214, 3.069851], [101.602214, 3.069919], [101.602432, 3.069917], [101.602547, 3.069888], [101.602546, 3.069819]]]}}, {"type": "Feature", "properties": {}, "geometry": {"type": "Polygon", "coordinates": [[[101.601205, 3.068877], [101.601015, 3.06888], [101.600923, 3.068904], [101.600928, 3.069138], [101.600999, 3.069235], [101.601114, 3.069233], [101.601206, 3.069209], [101.601332, 3.069129], [101.601328, 3.068913], [101.601205, 3.068877]]]}}, {"type": "Feature", "properties": {}, "geometry": {"type": "Polygon", "coordinates": [[[101.602164, 3.071656], [101.60192, 3.071661], [101.601828, 3.071684], [101.601764, 3.071789], [101.601764, 3.071864], [101.601828, 3.071947], [101.602121, 3.071941], [101.602213, 3.071918], [101.602207, 3.071752], [101.602164, 3.071656]]]}}, {"type": "Feature", "properties": {}, "geometry": {"type": "Polygon", "coordinates": [[[101.599715, 3.071482], [101.599412, 3.071487], [101.59932, 3.07151], [101.599261, 3.071569], [101.599264, 3.07176], [101.599633, 3.071751], [101.599725, 3.071728], [101.599783, 3.071666], [101.599777, 3.071597], [101.599715, 3.071482]]]}}, {"type": "Feature", "properties": {}, "geometry": {"type": "Polygon", "coordinates": [[[101.604945, 3.070431], [101.604741, 3.070436], [101.604472, 3.070504], [101.604469, 3.070667], [101.604486, 3.070777], [101.604496, 3.070798], [101.604692, 3.07101], [101.60488, 3.071004], [101.605149, 3.070937], [101.605149, 3.070755], [101.604945, 3.070431]]]}}, {"type": "Feature", "properties": {}, "geometry": {"type": "Polygon", "coordinates": [[[101.604303, 3.070983], [101.604098, 3.070989], [101.604006, 3.071012], [101.60401, 3.071158], [101.604215, 3.071152], [101.604307, 3.071129], [101.604303, 3.070983]]]}}, {"type": "Feature", "properties": {}, "geometry": {"type": "Polygon", "coordinates": [[[101.600838, 3.070863], [101.600007, 3.070882], [101.599891, 3.070911], [101.5999, 3.07113], [101.600726, 3.071103], [101.600841, 3.071074], [101.600838, 3.070863]]]}}, {"type": "Feature", "properties": {}, "geometry": {"type": "Polygon", "coordinates": [[[101.600817, 3.070132], [101.600002, 3.070145], [101.599886, 3.070174], [101.599822, 3.070228], [101.599822, 3.070404], [101.600706, 3.070372], [101.600822, 3.070343], [101.600817, 3.070132]]]}}, {"type": "Feature", "properties": {}, "geometry": {"type": "Polygon", "coordinates": [[[101.600817, 3.070458], [101.599942, 3.070469], [101.599827, 3.070498], [101.59983, 3.070672], [101.5999, 3.070731], [101.600709, 3.070704], [101.600825, 3.070675], [101.600817, 3.070458]]]}}, {"type": "Feature", "properties": {}, "geometry": {"type": "Polygon", "coordinates": [[[101.60133, 3.068554], [101.601086, 3.068557], [101.600994, 3.06858], [101.600927, 3.068687], [101.600931, 3.068818], [101.601281, 3.068819], [101.601373, 3.068796], [101.60137, 3.068632], [101.60133, 3.068554]]]}}, {"type": "Feature", "properties": {}, "geometry": {"type": "Polygon", "coordinates": [[[101.601755, 3.070833], [101.600938, 3.070859], [101.600823, 3.070888], [101.600827, 3.071101], [101.601713, 3.071085], [101.601828, 3.071056], [101.601825, 3.070887], [101.601755, 3.070833]]]}}, {"type": "Feature", "properties": {}, "geometry": {"type": "Polygon", "coordinates": [[[101.600971, 3.06856], [101.600712, 3.068567], [101.60062, 3.068591], [101.600562, 3.068671], [101.600562, 3.068695], [101.600565, 3.068829], [101.600878, 3.068827], [101.600971, 3.068804], [101.600971, 3.06856]]]}}, {"type": "Feature", "properties": {}, "geometry": {"type": "Polygon", "coordinates": [[[101.604108, 3.071994], [101.602908, 3.072008], [101.602639, 3.072076], [101.602642, 3.072307], [101.6036, 3.07275], [101.603847, 3.072747], [101.604116, 3.07268], [101.604108, 3.071994]]]}}, {"type": "Feature", "properties": {}, "geometry": {"type": "Polygon", "coordinates": [[[101.601008, 3.069717], [101.600926, 3.069719], [101.600811, 3.069748], [101.600815, 3.069959], [101.600896, 3.069958], [101.601011, 3.069929], [101.601008, 3.069717]]]}}, {"type": "Feature", "properties": {}, "geometry": {"type": "Polygon", "coordinates": [[[101.600996, 3.072073], [101.600908, 3.072076], [101.600452, 3.072114], [101.600337, 3.072142], [101.600343, 3.072374], [101.601047, 3.072384], [101.601163, 3.072355], [101.601163, 3.072162], [101.600996, 3.072073]]]}}, {"type": "Feature", "properties": {}, "geometry": {"type": "Polygon", "coordinates": [[[101.600611, 3.068924], [101.600359, 3.068935], [101.600267, 3.068958], [101.600272, 3.06917], [101.600369, 3.069228], [101.600431, 3.069231], [101.600523, 3.069208], [101.600616, 3.069149], [101.600611, 3.068924]]]}}, {"type": "Feature", "properties": {}, "geometry": {"type": "Polygon", "coordinates": [[[101.604929, 3.069761], [101.60466, 3.069828], [101.604483, 3.070059], [101.604459, 3.070096], [101.604451, 3.070348], [101.604666, 3.070337], [101.604935, 3.070269], [101.605163, 3.069948], [101.605152, 3.069761], [101.604929, 3.069761]]]}}, {"type": "Feature", "properties": {}, "geometry": {"type": "Polygon", "coordinates": [[[101.604161, 3.070425], [101.603377, 3.070452], [101.603108, 3.07052], [101.603112, 3.07063], [101.603122, 3.070797], [101.603903, 3.07077], [101.604172, 3.070703], [101.604168, 3.07059], [101.604161, 3.070425]]]}}, {"type": "Feature", "properties": {}, "geometry": {"type": "Polygon", "coordinates": [[[101.600254, 3.068565], [101.599978, 3.068579], [101.599886, 3.068602], [101.599891, 3.068819], [101.59995, 3.068846], [101.600267, 3.068837], [101.600359, 3.068814], [101.600359, 3.068672], [101.600254, 3.068565]]]}}, {"type": "Feature", "properties": {}, "geometry": {"type": "Polygon", "coordinates": [[[101.601812, 3.071167], [101.600927, 3.071195], [101.600835, 3.071218], [101.600839, 3.071446], [101.601646, 3.071425], [101.601738, 3.071401], [101.601813, 3.071358], [101.601812, 3.071167]]]}}, {"type": "Feature", "properties": {}, "geometry": {"type": "Polygon", "coordinates": [[[101.599645, 3.068964], [101.599328, 3.068975], [101.599236, 3.068998], [101.599236, 3.069241], [101.599269, 3.069304], [101.599409, 3.069298], [101.599501, 3.069275], [101.599645, 3.069219], [101.599645, 3.068964]]]}}, {"type": "Feature", "properties": {}, "geometry": {"type": "Polygon", "coordinates": [[[101.599664, 3.070049], [101.599366, 3.070052], [101.599274, 3.070075], [101.599277, 3.070324], [101.599575, 3.070321], [101.599667, 3.070298], [101.599664, 3.070049]]]}}, {"type": "Feature", "properties": {}, "geometry": {"type": "Polygon", "coordinates": [[[101.605013, 3.071206], [101.604729, 3.071214], [101.604637, 3.071237], [101.604637, 3.071379], [101.604921, 3.071374], [101.605013, 3.07135], [101.605013, 3.071206]]]}}, {"type": "Feature", "properties": {}, "geometry": {"type": "Polygon", "coordinates": [[[101.602478, 3.071654], [101.602278, 3.071659], [101.602186, 3.071682], [101.602192, 3.07187], [101.602385, 3.071867], [101.602478, 3.071844], [101.602478, 3.071654]]]}}, {"type": "Feature", "properties": {}, "geometry": {"type": "Polygon", "coordinates": [[[101.60034, 3.071694], [101.600071, 3.071701], [101.599979, 3.071724], [101.599985, 3.071942], [101.600256, 3.071939], [101.600348, 3.071916], [101.60034, 3.071694]]]}}, {"type": "Feature", "properties": {}, "geometry": {"type": "Polygon", "coordinates": [[[101.605232, 3.070953], [101.60514, 3.070976], [101.605042, 3.071001], [101.604963, 3.071188], [101.604964, 3.071274], [101.605229, 3.07121], [101.605321, 3.071187], [101.605291, 3.070997], [101.605232, 3.070953]]]}}, {"type": "Feature", "properties": {}, "geometry": {"type": "Polygon", "coordinates": [[[101.602153, 3.072243], [101.602089, 3.072245], [101.601996, 3.072268], [101.601997, 3.072375], [101.602067, 3.072373], [101.602159, 3.07235], [101.602153, 3.072243]]]}}, {"type": "Feature", "properties": {}, "geometry": {"type": "Polygon", "coordinates": [[[101.602937, 3.072403], [101.602696, 3.072411], [101.602581, 3.07244], [101.602551, 3.072622], [101.6026, 3.072686], [101.602667, 3.072702], [101.602774, 3.072686], [101.602889, 3.072657], [101.602937, 3.072403]]]}}, {"type": "Feature", "properties": {}, "geometry": {"type": "Polygon", "coordinates": [[[101.601105, 3.071669], [101.60085, 3.071677], [101.600758, 3.071701], [101.600755, 3.071926], [101.600871, 3.07196], [101.60101, 3.071958], [101.601102, 3.071935], [101.601105, 3.071669]]]}}, {"type": "Feature", "properties": {}, "geometry": {"type": "Polygon", "coordinates": [[[101.599662, 3.071833], [101.59927, 3.071846], [101.599178, 3.071869], [101.599047, 3.072057], [101.59905, 3.072448], [101.599575, 3.072437], [101.599667, 3.072414], [101.599662, 3.071833]]]}}, {"type": "Feature", "properties": {}, "geometry": {"type": "Polygon", "coordinates": [[[101.600608, 3.068563], [101.600359, 3.068565], [101.600267, 3.068588], [101.600267, 3.068837], [101.600565, 3.068829], [101.600657, 3.068806], [101.600654, 3.068672], [101.600608, 3.068563]]]}}, {"type": "Feature", "properties": {}, "geometry": {"type": "Polygon", "coordinates": [[[101.599656, 3.069334], [101.599303, 3.069342], [101.599211, 3.069365], [101.59921, 3.069483], [101.599242, 3.069612], [101.599278, 3.069659], [101.59942, 3.069659], [101.599512, 3.069636], [101.599654, 3.069578], [101.599656, 3.069334]]]}}, {"type": "Feature", "properties": {}, "geometry": {"type": "Polygon", "coordinates": [[[101.601456, 3.071661], [101.601198, 3.071672], [101.601106, 3.071695], [101.601114, 3.071931], [101.601256, 3.071963], [101.60142, 3.071955], [101.601512, 3.071932], [101.601507, 3.071758], [101.601456, 3.071661]]]}}, {"type": "Feature", "properties": {}, "geometry": {"type": "Polygon", "coordinates": [[[101.602344, 3.072148], [101.60218, 3.072153], [101.602149, 3.072161], [101.602153, 3.072483], [101.602319, 3.072477], [101.602349, 3.07247], [101.602344, 3.072148]]]}}, {"type": "Feature", "properties": {}, "geometry": {"type": "Polygon", "coordinates": [[[101.601827, 3.070113], [101.600911, 3.070139], [101.600796, 3.070168], [101.600801, 3.070378], [101.601678, 3.070359], [101.601793, 3.07033], [101.60183, 3.070228], [101.601827, 3.070113]]]}}, {"type": "Feature", "properties": {}, "geometry": {"type": "Polygon", "coordinates": [[[101.605743, 3.067957], [101.60565, 3.06798], [101.605538, 3.068036], [101.605377, 3.068184], [101.605294, 3.068379], [101.605267, 3.068583], [101.605294, 3.06869], [101.60568, 3.068623], [101.605772, 3.0686], [101.605882, 3.068506], [101.60589, 3.068375], [101.605826, 3.068155], [101.605777, 3.068024], [101.605743, 3.067957]]]}}, {"type": "Feature", "properties": {}, "geometry": {"type": "Polygon", "coordinates": [[[101.603067, 3.072387], [101.602952, 3.072416], [101.602912, 3.072681], [101.603494, 3.072785], [101.603609, 3.072756], [101.60366, 3.072481], [101.603067, 3.072387]]]}}, {"type": "Feature", "properties": {}, "geometry": {"type": "Polygon", "coordinates": [[[101.609332, 3.072436], [101.609217, 3.072465], [101.609213, 3.072532], [101.609261, 3.072576], [101.609417, 3.072573], [101.609532, 3.072544], [101.609533, 3.072439], [101.609332, 3.072436]]]}}, {"type": "Feature", "properties": {}, "geometry": {"type": "Polygon", "coordinates": [[[101.608063, 3.071948], [101.607971, 3.071971], [101.607969, 3.072113], [101.607964, 3.072484], [101.608757, 3.072495], [101.608849, 3.072472], [101.608855, 3.072051], [101.608856, 3.071958], [101.608415, 3.071952], [101.608063, 3.071948]]]}}, {"type": "Feature", "properties": {}, "geometry": {"type": "Polygon", "coordinates": [[[101.609352, 3.073563], [101.60926, 3.073586], [101.6092, 3.07364], [101.6092, 3.073708], [101.609254, 3.073746], [101.609326, 3.073746], [101.609418, 3.073723], [101.609527, 3.073686], [101.609527, 3.073619], [101.609413, 3.073563], [101.609352, 3.073563]]]}}, {"type": "Feature", "properties": {}, "geometry": {"type": "Polygon", "coordinates": [[[101.60954, 3.073177], [101.609332, 3.073179], [101.609217, 3.073208], [101.609217, 3.073325], [101.609256, 3.07336], [101.609431, 3.073361], [101.609546, 3.073332], [101.60954, 3.073177]]]}}, {"type": "Feature", "properties": {}, "geometry": {"type": "Polygon", "coordinates": [[[101.610332, 3.072979], [101.609599, 3.072987], [101.609484, 3.073016], [101.609484, 3.073219], [101.610219, 3.073352], [101.610334, 3.073323], [101.610332, 3.072979]]]}}, {"type": "Feature", "properties": {}, "geometry": {"type": "Polygon", "coordinates": [[[101.610599, 3.073344], [101.610383, 3.073346], [101.610268, 3.073374], [101.610267, 3.073506], [101.610428, 3.073541], [101.610543, 3.073512], [101.610602, 3.073453], [101.610599, 3.073344]]]}}, {"type": "Feature", "properties": {}, "geometry": {"type": "Polygon", "coordinates": [[[101.610327, 3.07207], [101.610267, 3.07207], [101.610152, 3.072099], [101.610153, 3.072303], [101.610213, 3.072303], [101.610328, 3.072274], [101.610327, 3.07207]]]}}, {"type": "Feature", "properties": {}, "geometry": {"type": "Polygon", "coordinates": [[[101.610601, 3.072436], [101.610377, 3.072437], [101.610262, 3.072466], [101.610259, 3.072558], [101.610433, 3.072558], [101.610549, 3.07253], [101.6106, 3.072462], [101.610601, 3.072436]]]}}, {"type": "Feature", "properties": {}, "geometry": {"type": "Polygon", "coordinates": [[[101.610317, 3.072703], [101.610257, 3.072703], [101.610142, 3.072732], [101.610143, 3.072947], [101.610203, 3.072947], [101.610319, 3.072918], [101.610317, 3.072703]]]}}, {"type": "Feature", "properties": {}, "geometry": {"type": "Polygon", "coordinates": [[[101.608196, 3.073519], [101.608104, 3.073542], [101.6081, 3.073693], [101.608517, 3.073706], [101.608609, 3.073683], [101.608614, 3.073532], [101.608196, 3.073519]]]}}, {"type": "Feature", "properties": {}, "geometry": {"type": "Polygon", "coordinates": [[[101.61033, 3.072316], [101.61027, 3.072316], [101.610155, 3.072345], [101.610157, 3.072558], [101.610217, 3.072558], [101.610332, 3.072529], [101.61033, 3.072316]]]}}, {"type": "Feature", "properties": {}, "geometry": {"type": "Polygon", "coordinates": [[[101.610578, 3.070825], [101.610305, 3.070831], [101.610274, 3.070838], [101.610276, 3.071049], [101.610277, 3.071094], [101.610547, 3.071092], [101.610578, 3.071085], [101.610578, 3.070825]]]}}, {"type": "Feature", "properties": {}, "geometry": {"type": "Polygon", "coordinates": [[[101.61045, 3.068398], [101.610405, 3.0684], [101.609944, 3.068516], [101.609521, 3.068634], [101.609437, 3.06869], [101.609451, 3.069159], [101.609829, 3.069435], [101.610268, 3.069437], [101.61029, 3.069437], [101.610751, 3.069322], [101.610873, 3.069274], [101.610874, 3.069089], [101.610775, 3.068454], [101.61045, 3.068398]]]}}, {"type": "Feature", "properties": {}, "geometry": {"type": "Polygon", "coordinates": [[[101.610315, 3.067451], [101.61017, 3.067457], [101.610078, 3.06748], [101.609837, 3.067555], [101.609623, 3.067785], [101.609338, 3.068321], [101.609338, 3.068532], [101.610006, 3.068518], [101.610098, 3.068495], [101.61031, 3.068172], [101.610428, 3.067925], [101.610431, 3.067746], [101.610315, 3.067451]]]}}, {"type": "Feature", "properties": {}, "geometry": {"type": "Polygon", "coordinates": [[[101.605386, 3.07134], [101.605276, 3.071358], [101.605184, 3.071382], [101.605093, 3.071414], [101.605018, 3.071459], [101.60509, 3.071569], [101.605738, 3.071659], [101.60583, 3.071636], [101.605898, 3.071584], [101.605809, 3.071479], [101.605774, 3.071439], [101.605716, 3.071393], [101.605571, 3.071358], [101.60551, 3.071347], [101.605472, 3.07134], [101.605386, 3.07134]]]}}, {"type": "Feature", "properties": {}, "geometry": {"type": "Polygon", "coordinates": [[[101.607212, 3.069746], [101.60712, 3.069769], [101.60701, 3.07057], [101.607085, 3.070658], [101.607123, 3.070658], [101.607263, 3.070648], [101.607355, 3.070624], [101.607395, 3.070362], [101.607293, 3.069754], [101.607212, 3.069746]]]}}, {"type": "Feature", "properties": {}, "geometry": {"type": "Polygon", "coordinates": [[[101.606633, 3.070898], [101.606541, 3.070921], [101.606536, 3.071111], [101.60664, 3.071111], [101.606732, 3.071088], [101.60674, 3.070898], [101.606633, 3.070898]]]}}, {"type": "Feature", "properties": {}, "geometry": {"type": "Polygon", "coordinates": [[[101.606258, 3.070228], [101.606166, 3.070251], [101.605916, 3.070315], [101.605997, 3.070645], [101.606042, 3.070814], [101.606629, 3.070857], [101.606722, 3.070833], [101.606778, 3.070801], [101.606799, 3.070687], [101.606258, 3.070228]]]}}, {"type": "Feature", "properties": {}, "geometry": {"type": "Polygon", "coordinates": [[[101.606555, 3.070531], [101.606463, 3.070554], [101.606436, 3.070642], [101.606823, 3.070765], [101.607442, 3.07083], [101.607571, 3.070811], [101.607663, 3.070788], [101.607674, 3.070691], [101.606555, 3.070531]]]}}, {"type": "Feature", "properties": {}, "geometry": {"type": "Polygon", "coordinates": [[[101.601493, 3.065549], [101.600661, 3.065556], [101.600554, 3.065583], [101.600557, 3.06662], [101.601537, 3.066617], [101.601645, 3.06659], [101.60164, 3.06555], [101.601493, 3.065549]]]}}, {"type": "Feature", "properties": {}, "geometry": {"type": "Polygon", "coordinates": [[[101.601564, 3.065065], [101.601472, 3.065089], [101.601387, 3.065448], [101.601386, 3.065576], [101.601532, 3.065577], [101.601685, 3.065578], [101.601777, 3.065555], [101.601779, 3.065235], [101.601702, 3.065066], [101.601564, 3.065065]]]}}, {"type": "Feature", "properties": {}, "geometry": {"type": "Polygon", "coordinates": [[[101.60816, 3.066087], [101.607067, 3.066097], [101.606975, 3.06612], [101.606978, 3.066459], [101.608071, 3.066448], [101.608163, 3.066425], [101.60816, 3.066087]]]}}, {"type": "Feature", "properties": {}, "geometry": {"type": "Polygon", "coordinates": [[[101.607884, 3.064314], [101.607561, 3.064395], [101.607272, 3.064682], [101.607267, 3.064924], [101.607261, 3.065215], [101.608122, 3.065212], [101.610337, 3.065184], [101.61066, 3.065103], [101.610724, 3.065075], [101.610762, 3.065013], [101.610767, 3.064932], [101.610759, 3.064767], [101.610732, 3.06432], [101.607884, 3.064314]]]}}, {"type": "Feature", "properties": {}, "geometry": {"type": "Polygon", "coordinates": [[[101.608546, 3.065346], [101.608454, 3.065369], [101.608449, 3.065701], [101.608769, 3.065707], [101.608861, 3.065684], [101.608867, 3.065351], [101.608546, 3.065346]]]}}, {"type": "Feature", "properties": {}, "geometry": {"type": "Polygon", "coordinates": [[[101.61099, 3.070433], [101.610906, 3.070436], [101.610814, 3.070459], [101.610505, 3.070682], [101.610504, 3.070775], [101.610676, 3.070816], [101.61081, 3.070811], [101.610902, 3.070788], [101.61099, 3.070731], [101.61099, 3.070433]]]}}, {"type": "Feature", "properties": {}, "geometry": {"type": "Polygon", "coordinates": [[[101.610337, 3.075884], [101.610256, 3.075904], [101.61002, 3.076023], [101.610019, 3.076321], [101.610252, 3.076322], [101.610333, 3.076302], [101.610417, 3.076254], [101.610419, 3.075885], [101.610337, 3.075884]]]}}, {"type": "Feature", "properties": {}, "geometry": {"type": "Polygon", "coordinates": [[[101.611012, 3.069548], [101.609907, 3.069826], [101.6099, 3.070264], [101.610401, 3.070271], [101.611506, 3.069993], [101.611513, 3.069555], [101.611379, 3.069553], [101.611012, 3.069548]]]}}, {"type": "Feature", "properties": {}, "geometry": {"type": "Polygon", "coordinates": [[[101.605753, 3.072482], [101.605645, 3.072484], [101.60457, 3.072506], [101.60411, 3.072622], [101.604111, 3.072665], [101.604139, 3.072964], [101.604304, 3.073113], [101.604551, 3.073167], [101.604981, 3.073149], [101.605442, 3.073033], [101.60546, 3.073027], [101.60576, 3.072844], [101.605753, 3.072482]]]}}, {"type": "Feature", "properties": {}, "geometry": {"type": "Polygon", "coordinates": [[[101.608869, 3.065758], [101.608777, 3.065781], [101.608774, 3.066398], [101.609979, 3.066405], [101.610071, 3.066382], [101.610068, 3.065976], [101.609166, 3.065759], [101.608869, 3.065758]]]}}, {"type": "Feature", "properties": {}, "geometry": {"type": "Polygon", "coordinates": [[[101.600056, 3.06259], [101.599964, 3.062613], [101.599962, 3.062678], [101.600329, 3.063012], [101.600704, 3.063248], [101.600744, 3.063248], [101.600836, 3.063224], [101.600837, 3.063165], [101.600487, 3.062799], [101.600311, 3.062651], [101.600263, 3.062626], [101.600239, 3.062616], [101.600156, 3.06259], [101.600056, 3.06259]]]}}, {"type": "Feature", "properties": {}, "geometry": {"type": "Polygon", "coordinates": [[[101.601399, 3.063412], [101.601186, 3.063413], [101.601094, 3.063436], [101.601098, 3.064087], [101.60131, 3.064086], [101.601402, 3.064063], [101.601399, 3.063412]]]}}, {"type": "Feature", "properties": {}, "geometry": {"type": "Polygon", "coordinates": [[[101.601147, 3.063192], [101.600884, 3.063194], [101.600669, 3.063248], [101.60067, 3.063365], [101.600688, 3.063523], [101.600934, 3.063521], [101.601149, 3.063467], [101.601147, 3.063192]]]}}, {"type": "Feature", "properties": {}, "geometry": {"type": "Polygon", "coordinates": [[[101.601026, 3.063498], [101.600825, 3.063499], [101.600733, 3.063523], [101.600627, 3.063902], [101.600627, 3.063961], [101.600734, 3.06418], [101.600835, 3.064179], [101.600938, 3.064179], [101.60103, 3.064156], [101.601026, 3.063498]]]}}, {"type": "Feature", "properties": {}, "geometry": {"type": "Polygon", "coordinates": [[[101.600788, 3.063861], [101.600685, 3.063862], [101.600524, 3.063902], [101.600527, 3.064461], [101.600528, 3.064595], [101.600837, 3.064593], [101.600998, 3.064553], [101.601052, 3.064528], [101.60105, 3.064181], [101.600894, 3.06392], [101.600788, 3.063861]]]}}, {"type": "Feature", "properties": {}, "geometry": {"type": "Polygon", "coordinates": [[[101.601025, 3.064546], [101.600716, 3.064548], [101.600492, 3.064549], [101.600304, 3.064596], [101.600305, 3.064804], [101.600632, 3.064965], [101.600839, 3.064964], [101.601027, 3.064916], [101.601061, 3.064861], [101.601067, 3.064825], [101.601067, 3.06475], [101.601025, 3.064546]]]}}, {"type": "Feature", "properties": {}, "geometry": {"type": "Polygon", "coordinates": [[[101.60049, 3.062971], [101.600329, 3.063012], [101.600294, 3.063101], [101.600277, 3.063143], [101.600255, 3.063241], [101.600249, 3.063273], [101.600242, 3.063363], [101.600239, 3.063412], [101.600477, 3.063422], [101.600639, 3.063381], [101.600698, 3.063085], [101.60049, 3.062971]]]}}, {"type": "Feature", "properties": {}, "geometry": {"type": "Polygon", "coordinates": [[[101.600373, 3.063378], [101.600239, 3.063412], [101.599829, 3.064197], [101.599863, 3.064259], [101.599959, 3.064325], [101.600094, 3.064291], [101.600162, 3.064241], [101.600243, 3.06418], [101.600361, 3.064052], [101.600457, 3.063904], [101.600503, 3.063798], [101.600529, 3.063736], [101.600552, 3.063642], [101.600568, 3.063567], [101.600576, 3.06347], [101.600578, 3.063387], [101.600373, 3.063378]]]}}, {"type": "Feature", "properties": {}, "geometry": {"type": "Polygon", "coordinates": [[[101.600456, 3.064053], [101.600438, 3.064056], [101.600292, 3.064091], [101.6002, 3.064114], [101.600169, 3.064147], [101.600208, 3.064292], [101.600222, 3.06432], [101.600233, 3.064332], [101.600281, 3.064365], [101.600369, 3.064413], [101.600461, 3.064446], [101.600527, 3.064461], [101.600619, 3.064438], [101.600617, 3.064091], [101.600606, 3.064085], [101.600579, 3.064073], [101.600531, 3.064059], [101.600493, 3.064053], [101.600456, 3.064053]]]}}, {"type": "Feature", "properties": {}, "geometry": {"type": "Polygon", "coordinates": [[[101.599328, 3.066528], [101.599248, 3.06653], [101.599156, 3.066553], [101.599155, 3.06673], [101.599233, 3.066732], [101.599325, 3.066709], [101.599354, 3.066627], [101.599353, 3.066583], [101.599328, 3.066528]]]}}, {"type": "Feature", "properties": {}, "geometry": {"type": "Polygon", "coordinates": [[[101.600199, 3.066565], [101.600107, 3.066588], [101.600107, 3.066656], [101.600207, 3.066656], [101.600299, 3.066633], [101.600301, 3.06657], [101.600199, 3.066565]]]}}, {"type": "Feature", "properties": {}, "geometry": {"type": "Polygon", "coordinates": [[[101.600362, 3.066591], [101.60027, 3.066614], [101.600207, 3.066656], [101.600207, 3.066796], [101.600314, 3.066793], [101.600407, 3.06677], [101.600414, 3.066593], [101.600362, 3.066591]]]}}, {"type": "Feature", "properties": {}, "geometry": {"type": "Polygon", "coordinates": [[[101.600217, 3.065798], [101.600125, 3.065821], [101.600125, 3.066094], [101.600331, 3.066094], [101.600423, 3.066071], [101.600428, 3.065798], [101.600217, 3.065798]]]}}, {"type": "Feature", "properties": {}, "geometry": {"type": "Polygon", "coordinates": [[[101.602502, 3.065603], [101.602331, 3.065605], [101.602216, 3.065634], [101.602212, 3.065695], [101.602433, 3.065697], [101.602549, 3.065668], [101.602547, 3.065644], [101.602502, 3.065603]]]}}, {"type": "Feature", "properties": {}, "geometry": {"type": "Polygon", "coordinates": [[[101.599608, 3.062394], [101.599516, 3.062417], [101.599212, 3.062805], [101.599213, 3.063031], [101.599251, 3.063698], [101.599596, 3.063698], [101.599688, 3.063675], [101.599806, 3.063528], [101.599917, 3.063264], [101.600055, 3.062663], [101.600056, 3.06259], [101.600058, 3.062396], [101.599608, 3.062394]]]}}, {"type": "Feature", "properties": {}, "geometry": {"type": "Polygon", "coordinates": [[[101.606463, 3.074349], [101.606432, 3.074356], [101.606398, 3.07454], [101.606493, 3.074557], [101.606717, 3.074562], [101.606747, 3.074555], [101.606767, 3.074445], [101.606668, 3.074386], [101.606463, 3.074349]]]}}, {"type": "Feature", "properties": {}, "geometry": {"type": "Polygon", "coordinates": [[[101.60831, 3.065753], [101.608095, 3.065807], [101.608094, 3.066437], [101.608598, 3.066438], [101.608813, 3.066384], [101.608813, 3.065753], [101.60831, 3.065753]]]}}, {"type": "Feature", "properties": {}, "geometry": {"type": "Polygon", "coordinates": [[[101.607925, 3.065748], [101.607023, 3.06575], [101.606931, 3.065773], [101.606931, 3.066017], [101.606932, 3.06607], [101.607834, 3.066068], [101.607926, 3.066045], [101.607925, 3.065748]]]}}, {"type": "Feature", "properties": {}, "geometry": {"type": "Polygon", "coordinates": [[[101.604257, 3.066794], [101.603949, 3.066794], [101.60376, 3.066834], [101.603438, 3.066915], [101.60344, 3.067684], [101.604043, 3.067688], [101.604279, 3.067688], [101.604602, 3.067607], [101.6046, 3.066946], [101.6046, 3.066833], [101.604257, 3.066794]]]}}, {"type": "Feature", "properties": {}, "geometry": {"type": "Polygon", "coordinates": [[[101.604783, 3.067923], [101.604721, 3.067931], [101.604629, 3.067954], [101.604592, 3.067986], [101.604569, 3.068026], [101.604534, 3.068127], [101.604531, 3.068165], [101.604564, 3.068289], [101.604697, 3.068472], [101.60492, 3.068473], [101.605012, 3.06845], [101.605014, 3.068162], [101.604966, 3.067949], [101.604863, 3.067924], [101.604783, 3.067923]]]}}, {"type": "Feature", "properties": {}, "geometry": {"type": "Polygon", "coordinates": [[[101.603682, 3.069918], [101.603379, 3.069919], [101.60311, 3.069987], [101.603111, 3.070395], [101.603415, 3.070394], [101.603683, 3.070327], [101.603682, 3.069918]]]}}, {"type": "Feature", "properties": {}, "geometry": {"type": "Polygon", "coordinates": [[[101.60411, 3.069921], [101.603807, 3.069922], [101.603538, 3.069989], [101.603539, 3.070397], [101.603842, 3.070397], [101.604111, 3.070329], [101.60411, 3.069921]]]}}, {"type": "Feature", "properties": {}, "geometry": {"type": "Polygon", "coordinates": [[[101.60454, 3.069928], [101.604237, 3.069929], [101.603968, 3.069997], [101.603969, 3.070405], [101.604272, 3.070404], [101.604541, 3.070337], [101.60454, 3.069928]]]}}, {"type": "Feature", "properties": {}, "geometry": {"type": "Polygon", "coordinates": [[[101.603275, 3.071634], [101.602846, 3.071643], [101.602785, 3.071659], [101.602787, 3.071759], [101.603216, 3.071749], [101.603277, 3.071734], [101.603275, 3.071634]]]}}, {"type": "Feature", "properties": {}, "geometry": {"type": "Polygon", "coordinates": [[[101.603434, 3.071632], [101.603356, 3.071633], [101.603294, 3.071648], [101.603296, 3.071755], [101.603374, 3.071754], [101.603435, 3.071738], [101.603434, 3.071632]]]}}, {"type": "Feature", "properties": {}, "geometry": {"type": "Polygon", "coordinates": [[[101.603289, 3.071164], [101.602834, 3.071173], [101.602773, 3.071189], [101.602775, 3.071293], [101.60323, 3.071284], [101.603291, 3.071268], [101.603289, 3.071164]]]}}, {"type": "Feature", "properties": {}, "geometry": {"type": "Polygon", "coordinates": [[[101.603838, 3.071141], [101.603341, 3.07116], [101.60328, 3.071176], [101.603284, 3.071279], [101.603781, 3.071259], [101.603842, 3.071244], [101.603838, 3.071141]]]}}, {"type": "Feature", "properties": {}, "geometry": {"type": "Polygon", "coordinates": [[[101.614423, 3.06378], [101.614186, 3.063784], [101.613879, 3.063861], [101.61388, 3.063944], [101.613929, 3.063994], [101.614116, 3.063993], [101.614423, 3.063916], [101.614423, 3.06378]]]}}, {"type": "Feature", "properties": {}, "geometry": {"type": "Polygon", "coordinates": [[[101.601242, 3.072512], [101.600114, 3.072527], [101.599653, 3.072643], [101.599656, 3.072904], [101.600788, 3.072845], [101.601249, 3.072729], [101.601242, 3.072512]]]}}, {"type": "Feature", "properties": {}, "geometry": {"type": "Polygon", "coordinates": [[[101.612061, 3.075917], [101.611224, 3.075923], [101.610763, 3.076039], [101.610765, 3.076253], [101.611602, 3.076247], [101.612062, 3.076131], [101.612061, 3.075917]]]}}, {"type": "Feature", "properties": {}, "geometry": {"type": "Polygon", "coordinates": [[[101.604487, 3.075838], [101.603978, 3.07585], [101.603917, 3.075866], [101.603921, 3.076048], [101.60443, 3.076035], [101.604492, 3.07602], [101.604487, 3.075838]]]}}, {"type": "Feature", "properties": {}, "geometry": {"type": "Polygon", "coordinates": [[[101.604429, 3.07539], [101.603666, 3.075408], [101.603605, 3.075424], [101.603609, 3.075595], [101.604372, 3.075576], [101.604433, 3.075561], [101.604429, 3.07539]]]}}, {"type": "Feature", "properties": {}, "geometry": {"type": "Polygon", "coordinates": [[[101.604643, 3.07553], [101.603876, 3.075549], [101.603608, 3.075616], [101.603612, 3.075785], [101.604379, 3.075766], [101.604648, 3.075699], [101.604643, 3.07553]]]}}, {"type": "Feature", "properties": {}, "geometry": {"type": "Polygon", "coordinates": [[[101.604409, 3.074915], [101.603736, 3.074932], [101.603675, 3.074947], [101.603679, 3.075113], [101.604352, 3.075096], [101.604413, 3.075081], [101.604409, 3.074915]]]}}, {"type": "Feature", "properties": {}, "geometry": {"type": "Polygon", "coordinates": [[[101.604413, 3.075104], [101.60374, 3.07512], [101.603679, 3.075136], [101.603683, 3.075314], [101.604356, 3.075298], [101.604417, 3.075282], [101.604413, 3.075104]]]}}, {"type": "Feature", "properties": {}, "geometry": {"type": "Polygon", "coordinates": [[[101.604425, 3.074639], [101.603707, 3.074657], [101.603645, 3.074672], [101.60365, 3.074845], [101.604368, 3.074828], [101.604429, 3.074812], [101.604425, 3.074639]]]}}, {"type": "Feature", "properties": {}, "geometry": {"type": "Polygon", "coordinates": [[[101.604413, 3.074449], [101.603701, 3.074467], [101.60364, 3.074482], [101.603644, 3.07465], [101.604356, 3.074632], [101.604417, 3.074617], [101.604413, 3.074449]]]}}, {"type": "Feature", "properties": {}, "geometry": {"type": "Polygon", "coordinates": [[[101.604447, 3.07417], [101.603716, 3.074188], [101.603655, 3.074204], [101.603659, 3.074371], [101.604389, 3.074354], [101.604451, 3.074338], [101.604447, 3.07417]]]}}, {"type": "Feature", "properties": {}, "geometry": {"type": "Polygon", "coordinates": [[[101.604444, 3.073975], [101.60371, 3.073993], [101.603649, 3.074009], [101.603653, 3.074184], [101.604387, 3.074166], [101.604448, 3.07415], [101.604444, 3.073975]]]}}, {"type": "Feature", "properties": {}, "geometry": {"type": "Polygon", "coordinates": [[[101.602924, 3.075138], [101.602284, 3.075154], [101.602222, 3.075169], [101.602227, 3.075353], [101.602867, 3.075338], [101.602929, 3.075322], [101.602924, 3.075138]]]}}, {"type": "Feature", "properties": {}, "geometry": {"type": "Polygon", "coordinates": [[[101.602925, 3.074941], [101.602281, 3.074956], [101.602219, 3.074972], [101.602224, 3.075149], [101.602868, 3.075133], [101.602929, 3.075118], [101.602925, 3.074941]]]}}, {"type": "Feature", "properties": {}, "geometry": {"type": "Polygon", "coordinates": [[[101.60364, 3.075117], [101.602965, 3.075134], [101.602904, 3.075149], [101.602908, 3.075336], [101.603583, 3.075319], [101.603645, 3.075304], [101.60364, 3.075117]]]}}, {"type": "Feature", "properties": {}, "geometry": {"type": "Polygon", "coordinates": [[[101.603631, 3.074921], [101.602961, 3.074937], [101.602899, 3.074953], [101.602904, 3.07513], [101.603574, 3.075114], [101.603636, 3.075099], [101.603631, 3.074921]]]}}, {"type": "Feature", "properties": {}, "geometry": {"type": "Polygon", "coordinates": [[[101.603618, 3.074467], [101.602985, 3.074482], [101.602924, 3.074498], [101.602928, 3.074662], [101.603561, 3.074646], [101.603622, 3.074631], [101.603618, 3.074467]]]}}, {"type": "Feature", "properties": {}, "geometry": {"type": "Polygon", "coordinates": [[[101.603619, 3.074654], [101.602989, 3.074669], [101.602928, 3.074684], [101.602932, 3.074864], [101.603562, 3.074849], [101.603623, 3.074834], [101.603619, 3.074654]]]}}, {"type": "Feature", "properties": {}, "geometry": {"type": "Polygon", "coordinates": [[[101.602839, 3.074489], [101.602272, 3.074503], [101.60221, 3.074518], [101.602214, 3.074675], [101.602782, 3.074662], [101.602843, 3.074646], [101.602839, 3.074489]]]}}, {"type": "Feature", "properties": {}, "geometry": {"type": "Polygon", "coordinates": [[[101.602838, 3.074672], [101.60227, 3.074685], [101.602209, 3.074701], [101.602213, 3.074869], [101.60278, 3.074855], [101.602842, 3.07484], [101.602838, 3.074672]]]}}, {"type": "Feature", "properties": {}, "geometry": {"type": "Polygon", "coordinates": [[[101.603586, 3.073997], [101.602922, 3.074013], [101.602861, 3.074028], [101.602865, 3.074174], [101.603528, 3.074158], [101.603589, 3.074143], [101.603586, 3.073997]]]}}, {"type": "Feature", "properties": {}, "geometry": {"type": "Polygon", "coordinates": [[[101.603588, 3.074177], [101.602925, 3.074194], [101.602863, 3.074209], [101.602868, 3.074398], [101.603531, 3.074382], [101.603593, 3.074366], [101.603588, 3.074177]]]}}, {"type": "Feature", "properties": {}, "geometry": {"type": "Polygon", "coordinates": [[[101.602881, 3.07401], [101.602265, 3.074025], [101.602204, 3.07404], [101.602207, 3.074197], [101.602823, 3.074182], [101.602884, 3.074167], [101.602881, 3.07401]]]}}, {"type": "Feature", "properties": {}, "geometry": {"type": "Polygon", "coordinates": [[[101.602883, 3.074192], [101.602268, 3.074207], [101.602207, 3.074223], [101.602212, 3.07441], [101.602826, 3.074395], [101.602888, 3.074379], [101.602883, 3.074192]]]}}, {"type": "Feature", "properties": {}, "geometry": {"type": "Polygon", "coordinates": [[[101.603925, 3.075865], [101.603437, 3.075877], [101.603375, 3.075892], [101.60338, 3.076065], [101.603868, 3.076053], [101.603929, 3.076038], [101.603925, 3.075865]]]}}, {"type": "Feature", "properties": {}, "geometry": {"type": "Polygon", "coordinates": [[[101.60277, 3.075896], [101.60236, 3.075906], [101.602298, 3.075921], [101.602303, 3.0761], [101.602713, 3.07609], [101.602775, 3.076074], [101.60277, 3.075896]]]}}, {"type": "Feature", "properties": {}, "geometry": {"type": "Polygon", "coordinates": [[[101.603625, 3.07538], [101.602681, 3.075403], [101.60262, 3.075418], [101.602625, 3.075616], [101.603568, 3.075593], [101.60363, 3.075578], [101.603625, 3.07538]]]}}, {"type": "Feature", "properties": {}, "geometry": {"type": "Polygon", "coordinates": [[[101.603628, 3.075604], [101.602687, 3.075626], [101.602626, 3.075642], [101.602631, 3.075827], [101.603572, 3.075804], [101.603633, 3.075788], [101.603628, 3.075604]]]}}, {"type": "Feature", "properties": {}, "geometry": {"type": "Polygon", "coordinates": [[[101.602638, 3.075624], [101.601802, 3.075644], [101.60174, 3.07566], [101.601745, 3.075852], [101.602581, 3.075832], [101.602642, 3.075816], [101.602638, 3.075624]]]}}, {"type": "Feature", "properties": {}, "geometry": {"type": "Polygon", "coordinates": [[[101.602638, 3.075409], [101.601799, 3.07543], [101.601737, 3.075445], [101.601742, 3.075638], [101.602581, 3.075617], [101.602642, 3.075602], [101.602638, 3.075409]]]}}, {"type": "Feature", "properties": {}, "geometry": {"type": "Polygon", "coordinates": [[[101.60338, 3.075874], [101.603191, 3.075877], [101.603099, 3.0759], [101.602988, 3.076032], [101.603107, 3.076249], [101.6032, 3.076225], [101.603384, 3.076142], [101.60338, 3.075874]]]}}, {"type": "Feature", "properties": {}, "geometry": {"type": "Polygon", "coordinates": [[[101.603094, 3.07589], [101.602894, 3.075898], [101.602802, 3.075921], [101.602805, 3.076008], [101.603005, 3.076], [101.603097, 3.075977], [101.603094, 3.07589]]]}}, {"type": "Feature", "properties": {}, "geometry": {"type": "Polygon", "coordinates": [[[101.602245, 3.07515], [101.601622, 3.075165], [101.601561, 3.07518], [101.601565, 3.075355], [101.602188, 3.07534], [101.602249, 3.075325], [101.602245, 3.07515]]]}}, {"type": "Feature", "properties": {}, "geometry": {"type": "Polygon", "coordinates": [[[101.602242, 3.074962], [101.601617, 3.074977], [101.601556, 3.074992], [101.60156, 3.075163], [101.602185, 3.075148], [101.602246, 3.075132], [101.602242, 3.074962]]]}}, {"type": "Feature", "properties": {}, "geometry": {"type": "Polygon", "coordinates": [[[101.602235, 3.07468], [101.601613, 3.074695], [101.601551, 3.07471], [101.601556, 3.074887], [101.602178, 3.074871], [101.60224, 3.074856], [101.602235, 3.07468]]]}}, {"type": "Feature", "properties": {}, "geometry": {"type": "Polygon", "coordinates": [[[101.602235, 3.074499], [101.601602, 3.074515], [101.601541, 3.07453], [101.601545, 3.074693], [101.602178, 3.074678], [101.602239, 3.074662], [101.602235, 3.074499]]]}}, {"type": "Feature", "properties": {}, "geometry": {"type": "Polygon", "coordinates": [[[101.602226, 3.074032], [101.601593, 3.074048], [101.601532, 3.074063], [101.601536, 3.074231], [101.602169, 3.074216], [101.60223, 3.0742], [101.602226, 3.074032]]]}}, {"type": "Feature", "properties": {}, "geometry": {"type": "Polygon", "coordinates": [[[101.602231, 3.074215], [101.601594, 3.07423], [101.601533, 3.074246], [101.601537, 3.074425], [101.602174, 3.074409], [101.602236, 3.074394], [101.602231, 3.074215]]]}}, {"type": "Feature", "properties": {}, "geometry": {"type": "Polygon", "coordinates": [[[101.601997, 3.073559], [101.601614, 3.073568], [101.601522, 3.073592], [101.601526, 3.073747], [101.601908, 3.073738], [101.602001, 3.073714], [101.601997, 3.073559]]]}}, {"type": "Feature", "properties": {}, "geometry": {"type": "Polygon", "coordinates": [[[101.602128, 3.073741], [101.601587, 3.073754], [101.601526, 3.07377], [101.60153, 3.073964], [101.602071, 3.073951], [101.602133, 3.073935], [101.602128, 3.073741]]]}}, {"type": "Feature", "properties": {}, "geometry": {"type": "Polygon", "coordinates": [[[101.601557, 3.073564], [101.600984, 3.073578], [101.600892, 3.073602], [101.600896, 3.073776], [101.601469, 3.073762], [101.601561, 3.073739], [101.601557, 3.073564]]]}}, {"type": "Feature", "properties": {}, "geometry": {"type": "Polygon", "coordinates": [[[101.601532, 3.073761], [101.60094, 3.073776], [101.600878, 3.073791], [101.600883, 3.073962], [101.601475, 3.073948], [101.601537, 3.073932], [101.601532, 3.073761]]]}}, {"type": "Feature", "properties": {}, "geometry": {"type": "Polygon", "coordinates": [[[101.601549, 3.074049], [101.600967, 3.074063], [101.600905, 3.074079], [101.600909, 3.07424], [101.601491, 3.074226], [101.601553, 3.07421], [101.601549, 3.074049]]]}}, {"type": "Feature", "properties": {}, "geometry": {"type": "Polygon", "coordinates": [[[101.601539, 3.074234], [101.60098, 3.074247], [101.600919, 3.074263], [101.600923, 3.074433], [101.601482, 3.074419], [101.601544, 3.074404], [101.601539, 3.074234]]]}}, {"type": "Feature", "properties": {}, "geometry": {"type": "Polygon", "coordinates": [[[101.601548, 3.074519], [101.600985, 3.074532], [101.600924, 3.074548], [101.600928, 3.074698], [101.60149, 3.074684], [101.601551, 3.074669], [101.601548, 3.074519]]]}}, {"type": "Feature", "properties": {}, "geometry": {"type": "Polygon", "coordinates": [[[101.601551, 3.074698], [101.600992, 3.074712], [101.600931, 3.074727], [101.600935, 3.074899], [101.601494, 3.074885], [101.601556, 3.07487], [101.601551, 3.074698]]]}}, {"type": "Feature", "properties": {}, "geometry": {"type": "Polygon", "coordinates": [[[101.601564, 3.074977], [101.601018, 3.07499], [101.600956, 3.075006], [101.60096, 3.075164], [101.601506, 3.07515], [101.601568, 3.075135], [101.601564, 3.074977]]]}}, {"type": "Feature", "properties": {}, "geometry": {"type": "Polygon", "coordinates": [[[101.601574, 3.075169], [101.601002, 3.075183], [101.60094, 3.075199], [101.600944, 3.075365], [101.601517, 3.075351], [101.601578, 3.075336], [101.601574, 3.075169]]]}}, {"type": "Feature", "properties": {}, "geometry": {"type": "Polygon", "coordinates": [[[101.601517, 3.075459], [101.601001, 3.075472], [101.600939, 3.075487], [101.600943, 3.07564], [101.601459, 3.075628], [101.60152, 3.075613], [101.601517, 3.075459]]]}}, {"type": "Feature", "properties": {}, "geometry": {"type": "Polygon", "coordinates": [[[101.601513, 3.075659], [101.601031, 3.075671], [101.60097, 3.075686], [101.600973, 3.07584], [101.601455, 3.075828], [101.601517, 3.075813], [101.601513, 3.075659]]]}}, {"type": "Feature", "properties": {}, "geometry": {"type": "Polygon", "coordinates": [[[101.601533, 3.075926], [101.601038, 3.075938], [101.600976, 3.075954], [101.600982, 3.076166], [101.601477, 3.076154], [101.601538, 3.076138], [101.601533, 3.075926]]]}}, {"type": "Feature", "properties": {}, "geometry": {"type": "Polygon", "coordinates": [[[101.600816, 3.073593], [101.600621, 3.073598], [101.600559, 3.073613], [101.600579, 3.074469], [101.600774, 3.074465], [101.600835, 3.074449], [101.600816, 3.073593]]]}}, {"type": "Feature", "properties": {}, "geometry": {"type": "Polygon", "coordinates": [[[101.600594, 3.073606], [101.600379, 3.07361], [101.600318, 3.073626], [101.600337, 3.074473], [101.600552, 3.074468], [101.600613, 3.074452], [101.600594, 3.073606]]]}}, {"type": "Feature", "properties": {}, "geometry": {"type": "Polygon", "coordinates": [[[101.600846, 3.074504], [101.600642, 3.074508], [101.600581, 3.074524], [101.6006, 3.075367], [101.600803, 3.075362], [101.600865, 3.075347], [101.600846, 3.074504]]]}}, {"type": "Feature", "properties": {}, "geometry": {"type": "Polygon", "coordinates": [[[101.600613, 3.074495], [101.600403, 3.0745], [101.600341, 3.074515], [101.600361, 3.075375], [101.600571, 3.075371], [101.600632, 3.075355], [101.600613, 3.074495]]]}}, {"type": "Feature", "properties": {}, "geometry": {"type": "Polygon", "coordinates": [[[101.600853, 3.075422], [101.600656, 3.075427], [101.600594, 3.075442], [101.600608, 3.076063], [101.600806, 3.076058], [101.600867, 3.076043], [101.600853, 3.075422]]]}}, {"type": "Feature", "properties": {}, "geometry": {"type": "Polygon", "coordinates": [[[101.600624, 3.07543], [101.600425, 3.075435], [101.600364, 3.07545], [101.600377, 3.076042], [101.600576, 3.076038], [101.600637, 3.076022], [101.600624, 3.07543]]]}}, {"type": "Feature", "properties": {}, "geometry": {"type": "Polygon", "coordinates": [[[101.600498, 3.073538], [101.599846, 3.073556], [101.599386, 3.073672], [101.599391, 3.073876], [101.600044, 3.073857], [101.600504, 3.073742], [101.600498, 3.073538]]]}}, {"type": "Feature", "properties": {}, "geometry": {"type": "Polygon", "coordinates": [[[101.600501, 3.073807], [101.599856, 3.073824], [101.599395, 3.07394], [101.599401, 3.074139], [101.600046, 3.074121], [101.600507, 3.074006], [101.600501, 3.073807]]]}}, {"type": "Feature", "properties": {}, "geometry": {"type": "Polygon", "coordinates": [[[101.599042, 3.073575], [101.598822, 3.073579], [101.598761, 3.073594], [101.598772, 3.074224], [101.598991, 3.07422], [101.599052, 3.074205], [101.599042, 3.073575]]]}}, {"type": "Feature", "properties": {}, "geometry": {"type": "Polygon", "coordinates": [[[101.599576, 3.074995], [101.599515, 3.075011], [101.5995, 3.075229], [101.600224, 3.075278], [101.600285, 3.075263], [101.6003, 3.075044], [101.599576, 3.074995]]]}}, {"type": "Feature", "properties": {}, "geometry": {"type": "Polygon", "coordinates": [[[101.599471, 3.075233], [101.59941, 3.075249], [101.599395, 3.075464], [101.600187, 3.075517], [101.600248, 3.075501], [101.600263, 3.075286], [101.599471, 3.075233]]]}}, {"type": "Feature", "properties": {}, "geometry": {"type": "Polygon", "coordinates": [[[101.599358, 3.075544], [101.599297, 3.075559], [101.599283, 3.075772], [101.600231, 3.075835], [101.600293, 3.07582], [101.600307, 3.075608], [101.599358, 3.075544]]]}}, {"type": "Feature", "properties": {}, "geometry": {"type": "Polygon", "coordinates": [[[101.599334, 3.075775], [101.599272, 3.07579], [101.599257, 3.076014], [101.600216, 3.076078], [101.600277, 3.076063], [101.600292, 3.075839], [101.599334, 3.075775]]]}}, {"type": "Feature", "properties": {}, "geometry": {"type": "Polygon", "coordinates": [[[101.598829, 3.074266], [101.598767, 3.074281], [101.598552, 3.075038], [101.598777, 3.075102], [101.598839, 3.075087], [101.599054, 3.07433], [101.598829, 3.074266]]]}}, {"type": "Feature", "properties": {}, "geometry": {"type": "Polygon", "coordinates": [[[101.599372, 3.074382], [101.599311, 3.074398], [101.599091, 3.07517], [101.599281, 3.075224], [101.599343, 3.075209], [101.599563, 3.074437], [101.599372, 3.074382]]]}}, {"type": "Feature", "properties": {}, "geometry": {"type": "Polygon", "coordinates": [[[101.599111, 3.074434], [101.599049, 3.07445], [101.598863, 3.075103], [101.599067, 3.075162], [101.599128, 3.075146], [101.599314, 3.074492], [101.599111, 3.074434]]]}}, {"type": "Feature", "properties": {}, "geometry": {"type": "Polygon", "coordinates": [[[101.599129, 3.075207], [101.599068, 3.075223], [101.598878, 3.075888], [101.599072, 3.075943], [101.599133, 3.075928], [101.599323, 3.075262], [101.599129, 3.075207]]]}}, {"type": "Feature", "properties": {}, "geometry": {"type": "Polygon", "coordinates": [[[101.598903, 3.075139], [101.598841, 3.075154], [101.598624, 3.075916], [101.598828, 3.075975], [101.59889, 3.075959], [101.599107, 3.075197], [101.598903, 3.075139]]]}}, {"type": "Feature", "properties": {}, "geometry": {"type": "Polygon", "coordinates": [[[101.606232, 3.075659], [101.605465, 3.075677], [101.605373, 3.075701], [101.605377, 3.075865], [101.606144, 3.075847], [101.606236, 3.075824], [101.606232, 3.075659]]]}}, {"type": "Feature", "properties": {}, "geometry": {"type": "Polygon", "coordinates": [[[101.605356, 3.075679], [101.604695, 3.075695], [101.604603, 3.075718], [101.604607, 3.07588], [101.605268, 3.075864], [101.60536, 3.075841], [101.605356, 3.075679]]]}}, {"type": "Feature", "properties": {}, "geometry": {"type": "Polygon", "coordinates": [[[101.606102, 3.075861], [101.605439, 3.075877], [101.605378, 3.075892], [101.605382, 3.076066], [101.606045, 3.07605], [101.606106, 3.076035], [101.606102, 3.075861]]]}}, {"type": "Feature", "properties": {}, "geometry": {"type": "Polygon", "coordinates": [[[101.605325, 3.075884], [101.60467, 3.075899], [101.604608, 3.075915], [101.604612, 3.076072], [101.605268, 3.076056], [101.605329, 3.07604], [101.605325, 3.075884]]]}}, {"type": "Feature", "properties": {}, "geometry": {"type": "Polygon", "coordinates": [[[101.60816, 3.075666], [101.607966, 3.075669], [101.607874, 3.075692], [101.60788, 3.076041], [101.608074, 3.076037], [101.608166, 3.076014], [101.60816, 3.075666]]]}}, {"type": "Feature", "properties": {}, "geometry": {"type": "Polygon", "coordinates": [[[101.607946, 3.075655], [101.607789, 3.075658], [101.607697, 3.075681], [101.607703, 3.076044], [101.60786, 3.076041], [101.607952, 3.076018], [101.607946, 3.075655]]]}}, {"type": "Feature", "properties": {}, "geometry": {"type": "Polygon", "coordinates": [[[101.607494, 3.075666], [101.607319, 3.07567], [101.607227, 3.075693], [101.607234, 3.076036], [101.607408, 3.076033], [101.6075, 3.07601], [101.607494, 3.075666]]]}}, {"type": "Feature", "properties": {}, "geometry": {"type": "Polygon", "coordinates": [[[101.607683, 3.075659], [101.607509, 3.075662], [101.607417, 3.075685], [101.607423, 3.076036], [101.607597, 3.076033], [101.607689, 3.076009], [101.607683, 3.075659]]]}}, {"type": "Feature", "properties": {}, "geometry": {"type": "Polygon", "coordinates": [[[101.607023, 3.075649], [101.606857, 3.075652], [101.606765, 3.075675], [101.606771, 3.076045], [101.606938, 3.076042], [101.60703, 3.076019], [101.607023, 3.075649]]]}}, {"type": "Feature", "properties": {}, "geometry": {"type": "Polygon", "coordinates": [[[101.607219, 3.075646], [101.60704, 3.075649], [101.606948, 3.075672], [101.606955, 3.076042], [101.607133, 3.076039], [101.607225, 3.076016], [101.607219, 3.075646]]]}}, {"type": "Feature", "properties": {}, "geometry": {"type": "Polygon", "coordinates": [[[101.606733, 3.075659], [101.60645, 3.075664], [101.606358, 3.075687], [101.606361, 3.075849], [101.606644, 3.075844], [101.606736, 3.075821], [101.606733, 3.075659]]]}}, {"type": "Feature", "properties": {}, "geometry": {"type": "Polygon", "coordinates": [[[101.60674, 3.075849], [101.606365, 3.075856], [101.606273, 3.075879], [101.606277, 3.076056], [101.606651, 3.076049], [101.606743, 3.076026], [101.60674, 3.075849]]]}}, {"type": "Feature", "properties": {}, "geometry": {"type": "Polygon", "coordinates": [[[101.608611, 3.075985], [101.608483, 3.075987], [101.608391, 3.07601], [101.608395, 3.076205], [101.608523, 3.076203], [101.608615, 3.07618], [101.608611, 3.075985]]]}}, {"type": "Feature", "properties": {}, "geometry": {"type": "Polygon", "coordinates": [[[101.608957, 3.075836], [101.608796, 3.075839], [101.608704, 3.075862], [101.608707, 3.075986], [101.608867, 3.075983], [101.608959, 3.07596], [101.608957, 3.075836]]]}}, {"type": "Feature", "properties": {}, "geometry": {"type": "Polygon", "coordinates": [[[101.608993, 3.075976], [101.608815, 3.075979], [101.608723, 3.076003], [101.608727, 3.07619], [101.608904, 3.076186], [101.608996, 3.076163], [101.608993, 3.075976]]]}}, {"type": "Feature", "properties": {}, "geometry": {"type": "Polygon", "coordinates": [[[101.609378, 3.075917], [101.609109, 3.075985], [101.609108, 3.076147], [101.609841, 3.076152], [101.610109, 3.076084], [101.61011, 3.075923], [101.609378, 3.075917]]]}}, {"type": "Feature", "properties": {}, "geometry": {"type": "Polygon", "coordinates": [[[101.609569, 3.074265], [101.609477, 3.074288], [101.609323, 3.074365], [101.609375, 3.07447], [101.609467, 3.074447], [101.609622, 3.07437], [101.609569, 3.074265]]]}}, {"type": "Feature", "properties": {}, "geometry": {"type": "Polygon", "coordinates": [[[101.609851, 3.074338], [101.609759, 3.074362], [101.609743, 3.074459], [101.609925, 3.07449], [101.610017, 3.074466], [101.610034, 3.074369], [101.609851, 3.074338]]]}}, {"type": "Feature", "properties": {}, "geometry": {"type": "Polygon", "coordinates": [[[101.610346, 3.075254], [101.609612, 3.075263], [101.609343, 3.07533], [101.609346, 3.075514], [101.61008, 3.075505], [101.610349, 3.075437], [101.610346, 3.075254]]]}}, {"type": "Feature", "properties": {}, "geometry": {"type": "Polygon", "coordinates": [[[101.607794, 3.075361], [101.607147, 3.075367], [101.607012, 3.075401], [101.607014, 3.075534], [101.607661, 3.075528], [101.607795, 3.075494], [101.607794, 3.075361]]]}}, {"type": "Feature", "properties": {}, "geometry": {"type": "Polygon", "coordinates": [[[101.60876, 3.074809], [101.608152, 3.074816], [101.608018, 3.07485], [101.608019, 3.074978], [101.608627, 3.074972], [101.608761, 3.074938], [101.60876, 3.074809]]]}}, {"type": "Feature", "properties": {}, "geometry": {"type": "Polygon", "coordinates": [[[101.608155, 3.0752], [101.608021, 3.075234], [101.608021, 3.075352], [101.608642, 3.075352], [101.608776, 3.075318], [101.608776, 3.075201], [101.608155, 3.0752]]]}}, {"type": "Feature", "properties": {}, "geometry": {"type": "Polygon", "coordinates": [[[101.608771, 3.075349], [101.608152, 3.075353], [101.608018, 3.075387], [101.608019, 3.075504], [101.608638, 3.075499], [101.608772, 3.075466], [101.608771, 3.075349]]]}}, {"type": "Feature", "properties": {}, "geometry": {"type": "Polygon", "coordinates": [[[101.607478, 3.074427], [101.607386, 3.07445], [101.60728, 3.074491], [101.607331, 3.074619], [101.607423, 3.074596], [101.607528, 3.074554], [101.607478, 3.074427]]]}}, {"type": "Feature", "properties": {}, "geometry": {"type": "Polygon", "coordinates": [[[101.607569, 3.074843], [101.607477, 3.074867], [101.607308, 3.074933], [101.607402, 3.075169], [101.607494, 3.075146], [101.607662, 3.07508], [101.607569, 3.074843]]]}}, {"type": "Feature", "properties": {}, "geometry": {"type": "Polygon", "coordinates": [[[101.60749, 3.074601], [101.607259, 3.074614], [101.607167, 3.074637], [101.606847, 3.074763], [101.606845, 3.074942], [101.606872, 3.075011], [101.606994, 3.075137], [101.607086, 3.075114], [101.607407, 3.074988], [101.607577, 3.074823], [101.607626, 3.074711], [101.6076, 3.074643], [101.60749, 3.074601]]]}}, {"type": "Feature", "properties": {}, "geometry": {"type": "Polygon", "coordinates": [[[101.606719, 3.074696], [101.606048, 3.074712], [101.605956, 3.074736], [101.60596, 3.074915], [101.606631, 3.074898], [101.606723, 3.074875], [101.606719, 3.074696]]]}}, {"type": "Feature", "properties": {}, "geometry": {"type": "Polygon", "coordinates": [[[101.606718, 3.074894], [101.606051, 3.07491], [101.605959, 3.074933], [101.605963, 3.075121], [101.60663, 3.075105], [101.606723, 3.075082], [101.606718, 3.074894]]]}}, {"type": "Feature", "properties": {}, "geometry": {"type": "Polygon", "coordinates": [[[101.60674, 3.075163], [101.605461, 3.075195], [101.605369, 3.075218], [101.605374, 3.075404], [101.606652, 3.075372], [101.606745, 3.075349], [101.60674, 3.075163]]]}}, {"type": "Feature", "properties": {}, "geometry": {"type": "Polygon", "coordinates": [[[101.60647, 3.07538], [101.605465, 3.075404], [101.605373, 3.075428], [101.605377, 3.075607], [101.606382, 3.075583], [101.606474, 3.07556], [101.60647, 3.07538]]]}}, {"type": "Feature", "properties": {}, "geometry": {"type": "Polygon", "coordinates": [[[101.606005, 3.074716], [101.605448, 3.07473], [101.605356, 3.074753], [101.605361, 3.074927], [101.605917, 3.074913], [101.606009, 3.07489], [101.606005, 3.074716]]]}}, {"type": "Feature", "properties": {}, "geometry": {"type": "Polygon", "coordinates": [[[101.606013, 3.07491], [101.605453, 3.074924], [101.605361, 3.074947], [101.605365, 3.075135], [101.605925, 3.075121], [101.606017, 3.075098], [101.606013, 3.07491]]]}}, {"type": "Feature", "properties": {}, "geometry": {"type": "Polygon", "coordinates": [[[101.60541, 3.075403], [101.604692, 3.07542], [101.6046, 3.075443], [101.604604, 3.075626], [101.605322, 3.07561], [101.605414, 3.075586], [101.60541, 3.075403]]]}}, {"type": "Feature", "properties": {}, "geometry": {"type": "Polygon", "coordinates": [[[101.605407, 3.075201], [101.604688, 3.075218], [101.604596, 3.075241], [101.604601, 3.07542], [101.605319, 3.075404], [101.605411, 3.07538], [101.605407, 3.075201]]]}}, {"type": "Feature", "properties": {}, "geometry": {"type": "Polygon", "coordinates": [[[101.605399, 3.074921], [101.604686, 3.074937], [101.604594, 3.07496], [101.604599, 3.075145], [101.605311, 3.075129], [101.605403, 3.075106], [101.605399, 3.074921]]]}}, {"type": "Feature", "properties": {}, "geometry": {"type": "Polygon", "coordinates": [[[101.605398, 3.074734], [101.604684, 3.07475], [101.604592, 3.074773], [101.604596, 3.074943], [101.60531, 3.074927], [101.605402, 3.074903], [101.605398, 3.074734]]]}}, {"type": "Feature", "properties": {}, "geometry": {"type": "Polygon", "coordinates": [[[101.606163, 3.074405], [101.605873, 3.074413], [101.60578, 3.074436], [101.605786, 3.074644], [101.606076, 3.074637], [101.606168, 3.074614], [101.606163, 3.074405]]]}}, {"type": "Feature", "properties": {}, "geometry": {"type": "Polygon", "coordinates": [[[101.605844, 3.074408], [101.605438, 3.074418], [101.605346, 3.074441], [101.605351, 3.074656], [101.605757, 3.074646], [101.605849, 3.074623], [101.605844, 3.074408]]]}}, {"type": "Feature", "properties": {}, "geometry": {"type": "Polygon", "coordinates": [[[101.606151, 3.074202], [101.605433, 3.074219], [101.605341, 3.074242], [101.605346, 3.074422], [101.606064, 3.074404], [101.606156, 3.074381], [101.606151, 3.074202]]]}}, {"type": "Feature", "properties": {}, "geometry": {"type": "Polygon", "coordinates": [[[101.605381, 3.074205], [101.604669, 3.074224], [101.604577, 3.074247], [101.604582, 3.074435], [101.605294, 3.074416], [101.605386, 3.074393], [101.605381, 3.074205]]]}}, {"type": "Feature", "properties": {}, "geometry": {"type": "Polygon", "coordinates": [[[101.605384, 3.074415], [101.604678, 3.074434], [101.604586, 3.074457], [101.604591, 3.07468], [101.605298, 3.074662], [101.60539, 3.074638], [101.605384, 3.074415]]]}}, {"type": "Feature", "properties": {}, "geometry": {"type": "Polygon", "coordinates": [[[101.613417, 3.075504], [101.613382, 3.07551], [101.61329, 3.075533], [101.613078, 3.075739], [101.61308, 3.075977], [101.613327, 3.075975], [101.613419, 3.075952], [101.613417, 3.075504]]]}}, {"type": "Feature", "properties": {}, "geometry": {"type": "Polygon", "coordinates": [[[101.612924, 3.075101], [101.612832, 3.075124], [101.612672, 3.075286], [101.613028, 3.075635], [101.61312, 3.075612], [101.613279, 3.07545], [101.612924, 3.075101]]]}}, {"type": "Feature", "properties": {}, "geometry": {"type": "Polygon", "coordinates": [[[101.61273, 3.075313], [101.612502, 3.075314], [101.61241, 3.075337], [101.612414, 3.075911], [101.612892, 3.075908], [101.612984, 3.075885], [101.612982, 3.075563], [101.612826, 3.075383], [101.61273, 3.075313]]]}}, {"type": "Feature", "properties": {}, "geometry": {"type": "Polygon", "coordinates": [[[101.612217, 3.074886], [101.612145, 3.074889], [101.612053, 3.074912], [101.612049, 3.075181], [101.612603, 3.075194], [101.612695, 3.075171], [101.612827, 3.075041], [101.612786, 3.074985], [101.612217, 3.074886]]]}}, {"type": "Feature", "properties": {}, "geometry": {"type": "Polygon", "coordinates": [[[101.610837, 3.074644], [101.610745, 3.074667], [101.610748, 3.075052], [101.611602, 3.075046], [101.611694, 3.075023], [101.611692, 3.074793], [101.610837, 3.074644]]]}}, {"type": "Feature", "properties": {}, "geometry": {"type": "Polygon", "coordinates": [[[101.611952, 3.074834], [101.611739, 3.074835], [101.611647, 3.074859], [101.61165, 3.075302], [101.611863, 3.0753], [101.611955, 3.075277], [101.611952, 3.074834]]]}}, {"type": "Feature", "properties": {}, "geometry": {"type": "Polygon", "coordinates": [[[101.611697, 3.075047], [101.610835, 3.075053], [101.610743, 3.075076], [101.610745, 3.075306], [101.611606, 3.075299], [101.611698, 3.075276], [101.611697, 3.075047]]]}}, {"type": "Feature", "properties": {}, "geometry": {"type": "Polygon", "coordinates": [[[101.610773, 3.074628], [101.610568, 3.074629], [101.610476, 3.074652], [101.61048, 3.07531], [101.610686, 3.075308], [101.610778, 3.075285], [101.610773, 3.074628]]]}}, {"type": "Feature", "properties": {}, "geometry": {"type": "Polygon", "coordinates": [[[101.611935, 3.075743], [101.611729, 3.075745], [101.611637, 3.075768], [101.611641, 3.076252], [101.611847, 3.076251], [101.611939, 3.076228], [101.611935, 3.075743]]]}}, {"type": "Feature", "properties": {}, "geometry": {"type": "Polygon", "coordinates": [[[101.61079, 3.075758], [101.610568, 3.07576], [101.610476, 3.075783], [101.610479, 3.076251], [101.610702, 3.07625], [101.610794, 3.076226], [101.61079, 3.075758]]]}}, {"type": "Feature", "properties": {}, "geometry": {"type": "Polygon", "coordinates": [[[101.611687, 3.075751], [101.610846, 3.075757], [101.610754, 3.075781], [101.610756, 3.075993], [101.611597, 3.075987], [101.611689, 3.075964], [101.611687, 3.075751]]]}}, {"type": "Feature", "properties": {}, "geometry": {"type": "Polygon", "coordinates": [[[101.61196, 3.070724], [101.611898, 3.070724], [101.611837, 3.07074], [101.611839, 3.070893], [101.6119, 3.070892], [101.611962, 3.070877], [101.61196, 3.070724]]]}}, {"type": "Feature", "properties": {}, "geometry": {"type": "Polygon", "coordinates": [[[101.611174, 3.070729], [101.611111, 3.07073], [101.61105, 3.070745], [101.611052, 3.070905], [101.611114, 3.070905], [101.611175, 3.070889], [101.611174, 3.070729]]]}}, {"type": "Feature", "properties": {}, "geometry": {"type": "Polygon", "coordinates": [[[101.611964, 3.071085], [101.611901, 3.071086], [101.61184, 3.071101], [101.611841, 3.071253], [101.611904, 3.071252], [101.611965, 3.071237], [101.611964, 3.071085]]]}}, {"type": "Feature", "properties": {}, "geometry": {"type": "Polygon", "coordinates": [[[101.611965, 3.071273], [101.611902, 3.071274], [101.611841, 3.071289], [101.611842, 3.071443], [101.611905, 3.071443], [101.611966, 3.071427], [101.611965, 3.071273]]]}}, {"type": "Feature", "properties": {}, "geometry": {"type": "Polygon", "coordinates": [[[101.611178, 3.071091], [101.611116, 3.071092], [101.611055, 3.071107], [101.611057, 3.071262], [101.611118, 3.071262], [101.611179, 3.071246], [101.611178, 3.071091]]]}}, {"type": "Feature", "properties": {}, "geometry": {"type": "Polygon", "coordinates": [[[101.611179, 3.071282], [101.611118, 3.071282], [101.611057, 3.071298], [101.611058, 3.071448], [101.61112, 3.071448], [101.611181, 3.071432], [101.611179, 3.071282]]]}}, {"type": "Feature", "properties": {}, "geometry": {"type": "Polygon", "coordinates": [[[101.612754, 3.071641], [101.612691, 3.071642], [101.61263, 3.071657], [101.612631, 3.071807], [101.612694, 3.071807], [101.612755, 3.071791], [101.612754, 3.071641]]]}}, {"type": "Feature", "properties": {}, "geometry": {"type": "Polygon", "coordinates": [[[101.612754, 3.071834], [101.612691, 3.071834], [101.61263, 3.07185], [101.612631, 3.071997], [101.612694, 3.071996], [101.612756, 3.071981], [101.612754, 3.071834]]]}}, {"type": "Feature", "properties": {}, "geometry": {"type": "Polygon", "coordinates": [[[101.611964, 3.071635], [101.611902, 3.071636], [101.611841, 3.071652], [101.611843, 3.07181], [101.611904, 3.071809], [101.611965, 3.071794], [101.611964, 3.071635]]]}}, {"type": "Feature", "properties": {}, "geometry": {"type": "Polygon", "coordinates": [[[101.611965, 3.071832], [101.611904, 3.071832], [101.611842, 3.071848], [101.611844, 3.072003], [101.611905, 3.072002], [101.611967, 3.071987], [101.611965, 3.071832]]]}}, {"type": "Feature", "properties": {}, "geometry": {"type": "Polygon", "coordinates": [[[101.611172, 3.07164], [101.61111, 3.071641], [101.611049, 3.071656], [101.61105, 3.071812], [101.611112, 3.071812], [101.611174, 3.071796], [101.611172, 3.07164]]]}}, {"type": "Feature", "properties": {}, "geometry": {"type": "Polygon", "coordinates": [[[101.611174, 3.071832], [101.611111, 3.071833], [101.61105, 3.071848], [101.611051, 3.072002], [101.611114, 3.072002], [101.611175, 3.071986], [101.611174, 3.071832]]]}}, {"type": "Feature", "properties": {}, "geometry": {"type": "Polygon", "coordinates": [[[101.612882, 3.072191], [101.61282, 3.072192], [101.612758, 3.072208], [101.61276, 3.072361], [101.612822, 3.07236], [101.612884, 3.072345], [101.612882, 3.072191]]]}}, {"type": "Feature", "properties": {}, "geometry": {"type": "Polygon", "coordinates": [[[101.61276, 3.072385], [101.612698, 3.072386], [101.612636, 3.072401], [101.612638, 3.072558], [101.6127, 3.072558], [101.612761, 3.072543], [101.61276, 3.072385]]]}}, {"type": "Feature", "properties": {}, "geometry": {"type": "Polygon", "coordinates": [[[101.611968, 3.072191], [101.611907, 3.072192], [101.611845, 3.072207], [101.611847, 3.072361], [101.611908, 3.07236], [101.61197, 3.072345], [101.611968, 3.072191]]]}}, {"type": "Feature", "properties": {}, "geometry": {"type": "Polygon", "coordinates": [[[101.61118, 3.072195], [101.611118, 3.072196], [101.611057, 3.072211], [101.611058, 3.07237], [101.61112, 3.07237], [101.611181, 3.072354], [101.61118, 3.072195]]]}}, {"type": "Feature", "properties": {}, "geometry": {"type": "Polygon", "coordinates": [[[101.611965, 3.072382], [101.611903, 3.072383], [101.611842, 3.072398], [101.611844, 3.072555], [101.611905, 3.072554], [101.611967, 3.072539], [101.611965, 3.072382]]]}}, {"type": "Feature", "properties": {}, "geometry": {"type": "Polygon", "coordinates": [[[101.611177, 3.072384], [101.611115, 3.072385], [101.611054, 3.0724], [101.611055, 3.07256], [101.611118, 3.072559], [101.611179, 3.072544], [101.611177, 3.072384]]]}}, {"type": "Feature", "properties": {}, "geometry": {"type": "Polygon", "coordinates": [[[101.613446, 3.072748], [101.613383, 3.072748], [101.613322, 3.072764], [101.613323, 3.072917], [101.613386, 3.072916], [101.613447, 3.072901], [101.613446, 3.072748]]]}}, {"type": "Feature", "properties": {}, "geometry": {"type": "Polygon", "coordinates": [[[101.612756, 3.072946], [101.612694, 3.072946], [101.612633, 3.072962], [101.612634, 3.073111], [101.612696, 3.07311], [101.612758, 3.073095], [101.612756, 3.072946]]]}}, {"type": "Feature", "properties": {}, "geometry": {"type": "Polygon", "coordinates": [[[101.612648, 3.072748], [101.612587, 3.072749], [101.612525, 3.072764], [101.612527, 3.072915], [101.612588, 3.072915], [101.61265, 3.072899], [101.612648, 3.072748]]]}}, {"type": "Feature", "properties": {}, "geometry": {"type": "Polygon", "coordinates": [[[101.611184, 3.072758], [101.611122, 3.072758], [101.611061, 3.072774], [101.611062, 3.072926], [101.611124, 3.072926], [101.611185, 3.07291], [101.611184, 3.072758]]]}}, {"type": "Feature", "properties": {}, "geometry": {"type": "Polygon", "coordinates": [[[101.61197, 3.072944], [101.611908, 3.072944], [101.611846, 3.07296], [101.611848, 3.073115], [101.61191, 3.073115], [101.611971, 3.073099], [101.61197, 3.072944]]]}}, {"type": "Feature", "properties": {}, "geometry": {"type": "Polygon", "coordinates": [[[101.611188, 3.072949], [101.611127, 3.072949], [101.611066, 3.072965], [101.611067, 3.073117], [101.611129, 3.073117], [101.61119, 3.073101], [101.611188, 3.072949]]]}}, {"type": "Feature", "properties": {}, "geometry": {"type": "Polygon", "coordinates": [[[101.612761, 3.073303], [101.612698, 3.073304], [101.612637, 3.073319], [101.612638, 3.073474], [101.6127, 3.073473], [101.612761, 3.073458], [101.612761, 3.073303]]]}}, {"type": "Feature", "properties": {}, "geometry": {"type": "Polygon", "coordinates": [[[101.612762, 3.073494], [101.612699, 3.073494], [101.612638, 3.07351], [101.612639, 3.073663], [101.612701, 3.073663], [101.612763, 3.073647], [101.612762, 3.073494]]]}}, {"type": "Feature", "properties": {}, "geometry": {"type": "Polygon", "coordinates": [[[101.612655, 3.073307], [101.612593, 3.073308], [101.612532, 3.073323], [101.612533, 3.073476], [101.612595, 3.073476], [101.612656, 3.07346], [101.612655, 3.073307]]]}}, {"type": "Feature", "properties": {}, "geometry": {"type": "Polygon", "coordinates": [[[101.611864, 3.073302], [101.611802, 3.073302], [101.611741, 3.073318], [101.611742, 3.073476], [101.611803, 3.073476], [101.611865, 3.073461], [101.611864, 3.073302]]]}}, {"type": "Feature", "properties": {}, "geometry": {"type": "Polygon", "coordinates": [[[101.611186, 3.073493], [101.611124, 3.073493], [101.611062, 3.073509], [101.611063, 3.073666], [101.611125, 3.073666], [101.611186, 3.073651], [101.611186, 3.073493]]]}}, {"type": "Feature", "properties": {}, "geometry": {"type": "Polygon", "coordinates": [[[101.61197, 3.073494], [101.611908, 3.073495], [101.611847, 3.07351], [101.611848, 3.07366], [101.61191, 3.07366], [101.611971, 3.073644], [101.61197, 3.073494]]]}}, {"type": "Feature", "properties": {}, "geometry": {"type": "Polygon", "coordinates": [[[101.612752, 3.067002], [101.612691, 3.067003], [101.61263, 3.067018], [101.612631, 3.067161], [101.612692, 3.067161], [101.612754, 3.067145], [101.612752, 3.067002]]]}}, {"type": "Feature", "properties": {}, "geometry": {"type": "Polygon", "coordinates": [[[101.612751, 3.067189], [101.612689, 3.067189], [101.612628, 3.067205], [101.612628, 3.067343], [101.61269, 3.067343], [101.612751, 3.067327], [101.612751, 3.067189]]]}}, {"type": "Feature", "properties": {}, "geometry": {"type": "Polygon", "coordinates": [[[101.611961, 3.067005], [101.6119, 3.067006], [101.611839, 3.067021], [101.61184, 3.067164], [101.611901, 3.067163], [101.611962, 3.067148], [101.611961, 3.067005]]]}}, {"type": "Feature", "properties": {}, "geometry": {"type": "Polygon", "coordinates": [[[101.611169, 3.067015], [101.611108, 3.067015], [101.611046, 3.067031], [101.611047, 3.067166], [101.611109, 3.067165], [101.61117, 3.06715], [101.611169, 3.067015]]]}}, {"type": "Feature", "properties": {}, "geometry": {"type": "Polygon", "coordinates": [[[101.611959, 3.067183], [101.611897, 3.067184], [101.611836, 3.067199], [101.611837, 3.067351], [101.611898, 3.067351], [101.61196, 3.067335], [101.611959, 3.067183]]]}}, {"type": "Feature", "properties": {}, "geometry": {"type": "Polygon", "coordinates": [[[101.611178, 3.067192], [101.611117, 3.067192], [101.611056, 3.067208], [101.611057, 3.067349], [101.611117, 3.067349], [101.611178, 3.067333], [101.611178, 3.067192]]]}}, {"type": "Feature", "properties": {}, "geometry": {"type": "Polygon", "coordinates": [[[101.611845, 3.067553], [101.611784, 3.067554], [101.611723, 3.067569], [101.611724, 3.067708], [101.611785, 3.067708], [101.611846, 3.067692], [101.611845, 3.067553]]]}}, {"type": "Feature", "properties": {}, "geometry": {"type": "Polygon", "coordinates": [[[101.611175, 3.067726], [101.611106, 3.067727], [101.611044, 3.067742], [101.611046, 3.067903], [101.611115, 3.067903], [101.611177, 3.067888], [101.611175, 3.067726]]]}}, {"type": "Feature", "properties": {}, "geometry": {"type": "Polygon", "coordinates": [[[101.612638, 3.067553], [101.612576, 3.067553], [101.612515, 3.067569], [101.612516, 3.06771], [101.612578, 3.067709], [101.612639, 3.067694], [101.612638, 3.067553]]]}}, {"type": "Feature", "properties": {}, "geometry": {"type": "Polygon", "coordinates": [[[101.61196, 3.06772], [101.611899, 3.067721], [101.611837, 3.067736], [101.611839, 3.067898], [101.6119, 3.067897], [101.611961, 3.067882], [101.61196, 3.06772]]]}}, {"type": "Feature", "properties": {}, "geometry": {"type": "Polygon", "coordinates": [[[101.613426, 3.06755], [101.613364, 3.067551], [101.613303, 3.067566], [101.613304, 3.067707], [101.613366, 3.067706], [101.613427, 3.067691], [101.613426, 3.06755]]]}}, {"type": "Feature", "properties": {}, "geometry": {"type": "Polygon", "coordinates": [[[101.612748, 3.067722], [101.612686, 3.067722], [101.612625, 3.067737], [101.612626, 3.067898], [101.612688, 3.067898], [101.612749, 3.067882], [101.612748, 3.067722]]]}}, {"type": "Feature", "properties": {}, "geometry": {"type": "Polygon", "coordinates": [[[101.613428, 3.068106], [101.613365, 3.068106], [101.613304, 3.068122], [101.613305, 3.068262], [101.613367, 3.068262], [101.613429, 3.068247], [101.613428, 3.068106]]]}}, {"type": "Feature", "properties": {}, "geometry": {"type": "Polygon", "coordinates": [[[101.612745, 3.068277], [101.612683, 3.068277], [101.612622, 3.068293], [101.612623, 3.068448], [101.612685, 3.068447], [101.612747, 3.068432], [101.612745, 3.068277]]]}}, {"type": "Feature", "properties": {}, "geometry": {"type": "Polygon", "coordinates": [[[101.612634, 3.068109], [101.612572, 3.06811], [101.612511, 3.068125], [101.612512, 3.068262], [101.612573, 3.068261], [101.612635, 3.068246], [101.612634, 3.068109]]]}}, {"type": "Feature", "properties": {}, "geometry": {"type": "Polygon", "coordinates": [[[101.611961, 3.068277], [101.6119, 3.068277], [101.611838, 3.068293], [101.61184, 3.068449], [101.611901, 3.068449], [101.611962, 3.068433], [101.611961, 3.068277]]]}}, {"type": "Feature", "properties": {}, "geometry": {"type": "Polygon", "coordinates": [[[101.61185, 3.068109], [101.611789, 3.068109], [101.611727, 3.068124], [101.611728, 3.068265], [101.61179, 3.068265], [101.611851, 3.068249], [101.61185, 3.068109]]]}}, {"type": "Feature", "properties": {}, "geometry": {"type": "Polygon", "coordinates": [[[101.611171, 3.068278], [101.61111, 3.068279], [101.611048, 3.068294], [101.61105, 3.068449], [101.611111, 3.068449], [101.611173, 3.068433], [101.611171, 3.068278]]]}}, {"type": "Feature", "properties": {}, "geometry": {"type": "Polygon", "coordinates": [[[101.613429, 3.06866], [101.613368, 3.068661], [101.613306, 3.068676], [101.613308, 3.068808], [101.613369, 3.068807], [101.61343, 3.068792], [101.613429, 3.06866]]]}}, {"type": "Feature", "properties": {}, "geometry": {"type": "Polygon", "coordinates": [[[101.612761, 3.068825], [101.612701, 3.068826], [101.612639, 3.068841], [101.61264, 3.068998], [101.612701, 3.068998], [101.612762, 3.068983], [101.612761, 3.068825]]]}}, {"type": "Feature", "properties": {}, "geometry": {"type": "Polygon", "coordinates": [[[101.612637, 3.06866], [101.612576, 3.068661], [101.612515, 3.068677], [101.612516, 3.068808], [101.612578, 3.068807], [101.612639, 3.068791], [101.612637, 3.06866]]]}}, {"type": "Feature", "properties": {}, "geometry": {"type": "Polygon", "coordinates": [[[101.611969, 3.068832], [101.611908, 3.068833], [101.611847, 3.068848], [101.611848, 3.069], [101.611909, 3.069], [101.61197, 3.068985], [101.611969, 3.068832]]]}}, {"type": "Feature", "properties": {}, "geometry": {"type": "Polygon", "coordinates": [[[101.611174, 3.06867], [101.611112, 3.068671], [101.611051, 3.068686], [101.611053, 3.068828], [101.611114, 3.068828], [101.611175, 3.068812], [101.611174, 3.06867]]]}}, {"type": "Feature", "properties": {}, "geometry": {"type": "Polygon", "coordinates": [[[101.611179, 3.068832], [101.611118, 3.068832], [101.611057, 3.068847], [101.611058, 3.069003], [101.611118, 3.069002], [101.61118, 3.068987], [101.611179, 3.068832]]]}}, {"type": "Feature", "properties": {}, "geometry": {"type": "Polygon", "coordinates": [[[101.611183, 3.069246], [101.611087, 3.069247], [101.611026, 3.069262], [101.611027, 3.069399], [101.611123, 3.069399], [101.611184, 3.069383], [101.611183, 3.069246]]]}}, {"type": "Feature", "properties": {}, "geometry": {"type": "Polygon", "coordinates": [[[101.611857, 3.069404], [101.611795, 3.069405], [101.611734, 3.06942], [101.611735, 3.069582], [101.611797, 3.069581], [101.611858, 3.069566], [101.611857, 3.069404]]]}}, {"type": "Feature", "properties": {}, "geometry": {"type": "Polygon", "coordinates": [[[101.612811, 3.069234], [101.61275, 3.069234], [101.612689, 3.06925], [101.61269, 3.069399], [101.612751, 3.069399], [101.612812, 3.069383], [101.612811, 3.069234]]]}}, {"type": "Feature", "properties": {}, "geometry": {"type": "Polygon", "coordinates": [[[101.61281, 3.069406], [101.612749, 3.069406], [101.612687, 3.069422], [101.612689, 3.069573], [101.61275, 3.069572], [101.612811, 3.069557], [101.61281, 3.069406]]]}}, {"type": "Feature", "properties": {}, "geometry": {"type": "Polygon", "coordinates": [[[101.612807, 3.069782], [101.612746, 3.069783], [101.612685, 3.069798], [101.612686, 3.069936], [101.612747, 3.069936], [101.612809, 3.06992], [101.612807, 3.069782]]]}}, {"type": "Feature", "properties": {}, "geometry": {"type": "Polygon", "coordinates": [[[101.612806, 3.069955], [101.612745, 3.069956], [101.612683, 3.069971], [101.612685, 3.070128], [101.612746, 3.070127], [101.612807, 3.070112], [101.612806, 3.069955]]]}}, {"type": "Feature", "properties": {}, "geometry": {"type": "Polygon", "coordinates": [[[101.613541, 3.07033], [101.613481, 3.070331], [101.613419, 3.070346], [101.613421, 3.070487], [101.613481, 3.070486], [101.613543, 3.070471], [101.613541, 3.07033]]]}}, {"type": "Feature", "properties": {}, "geometry": {"type": "Polygon", "coordinates": [[[101.611184, 3.069777], [101.611123, 3.069778], [101.611062, 3.069793], [101.611063, 3.069956], [101.611124, 3.069955], [101.611186, 3.06994], [101.611184, 3.069777]]]}}, {"type": "Feature", "properties": {}, "geometry": {"type": "Polygon", "coordinates": [[[101.611183, 3.06996], [101.611122, 3.069961], [101.611061, 3.069976], [101.611062, 3.07013], [101.611123, 3.070129], [101.611184, 3.070114], [101.611183, 3.06996]]]}}, {"type": "Feature", "properties": {}, "geometry": {"type": "Polygon", "coordinates": [[[101.612748, 3.070333], [101.61264, 3.070334], [101.612578, 3.070349], [101.61258, 3.070489], [101.612688, 3.070488], [101.612749, 3.070472], [101.612748, 3.070333]]]}}, {"type": "Feature", "properties": {}, "geometry": {"type": "Polygon", "coordinates": [[[101.611853, 3.070338], [101.611792, 3.070339], [101.611731, 3.070354], [101.611732, 3.070503], [101.611793, 3.070503], [101.611854, 3.070487], [101.611853, 3.070338]]]}}, {"type": "Feature", "properties": {}, "geometry": {"type": "Polygon", "coordinates": [[[101.611705, 3.063394], [101.611455, 3.063398], [101.611394, 3.063414], [101.611396, 3.063552], [101.611646, 3.063548], [101.611707, 3.063533], [101.611705, 3.063394]]]}}, {"type": "Feature", "properties": {}, "geometry": {"type": "Polygon", "coordinates": [[[101.611701, 3.063542], [101.61152, 3.063546], [101.611458, 3.063562], [101.611463, 3.063715], [101.611644, 3.063711], [101.611706, 3.063695], [101.611701, 3.063542]]]}}, {"type": "Feature", "properties": {}, "geometry": {"type": "Polygon", "coordinates": [[[101.611742, 3.063565], [101.611681, 3.06358], [101.61168, 3.063704], [101.611781, 3.063705], [101.611842, 3.063689], [101.611844, 3.063566], [101.611742, 3.063565]]]}}, {"type": "Feature", "properties": {}, "geometry": {"type": "Polygon", "coordinates": [[[101.611979, 3.063551], [101.611865, 3.063551], [101.611804, 3.063567], [101.611805, 3.063714], [101.611919, 3.063713], [101.61198, 3.063698], [101.611979, 3.063551]]]}}, {"type": "Feature", "properties": {}, "geometry": {"type": "Polygon", "coordinates": [[[101.612114, 3.063552], [101.612005, 3.063553], [101.611943, 3.063568], [101.611944, 3.063714], [101.612053, 3.063713], [101.612115, 3.063698], [101.612114, 3.063552]]]}}, {"type": "Feature", "properties": {}, "geometry": {"type": "Polygon", "coordinates": [[[101.61252, 3.063406], [101.612414, 3.063406], [101.612353, 3.063422], [101.612354, 3.06357], [101.612459, 3.063569], [101.612521, 3.063554], [101.61252, 3.063406]]]}}, {"type": "Feature", "properties": {}, "geometry": {"type": "Polygon", "coordinates": [[[101.612392, 3.063407], [101.61228, 3.063407], [101.612218, 3.063423], [101.612219, 3.06357], [101.612331, 3.063569], [101.612393, 3.063553], [101.612392, 3.063407]]]}}, {"type": "Feature", "properties": {}, "geometry": {"type": "Polygon", "coordinates": [[[101.612253, 3.063417], [101.612143, 3.063418], [101.612082, 3.063433], [101.612083, 3.063575], [101.612192, 3.063574], [101.612254, 3.063559], [101.612253, 3.063417]]]}}, {"type": "Feature", "properties": {}, "geometry": {"type": "Polygon", "coordinates": [[[101.611769, 3.063925], [101.611708, 3.063941], [101.61171, 3.064035], [101.611832, 3.064142], [101.611884, 3.064143], [101.611945, 3.064127], [101.611946, 3.063929], [101.611769, 3.063925]]]}}, {"type": "Feature", "properties": {}, "geometry": {"type": "Polygon", "coordinates": [[[101.612406, 3.063914], [101.612345, 3.063929], [101.612345, 3.064068], [101.612473, 3.064068], [101.612535, 3.064052], [101.612535, 3.063914], [101.612406, 3.063914]]]}}, {"type": "Feature", "properties": {}, "geometry": {"type": "Polygon", "coordinates": [[[101.612257, 3.063899], [101.612195, 3.063915], [101.612195, 3.064065], [101.612306, 3.064065], [101.612367, 3.064049], [101.612367, 3.063899], [101.612257, 3.063899]]]}}, {"type": "Feature", "properties": {}, "geometry": {"type": "Polygon", "coordinates": [[[101.612119, 3.063899], [101.612058, 3.063915], [101.612058, 3.064064], [101.612169, 3.064064], [101.61223, 3.064048], [101.61223, 3.063899], [101.612119, 3.063899]]]}}, {"type": "Feature", "properties": {}, "geometry": {"type": "Polygon", "coordinates": [[[101.611978, 3.063905], [101.611916, 3.06392], [101.611916, 3.064067], [101.612029, 3.064067], [101.61209, 3.064052], [101.61209, 3.063905], [101.611978, 3.063905]]]}}, {"type": "Feature", "properties": {}, "geometry": {"type": "Polygon", "coordinates": [[[101.613413, 3.063406], [101.613306, 3.063406], [101.613244, 3.063422], [101.613245, 3.063568], [101.613352, 3.063568], [101.613413, 3.063552], [101.613413, 3.063406]]]}}, {"type": "Feature", "properties": {}, "geometry": {"type": "Polygon", "coordinates": [[[101.613273, 3.0634], [101.613164, 3.063401], [101.613103, 3.063416], [101.613103, 3.063568], [101.613212, 3.063568], [101.613274, 3.063552], [101.613273, 3.0634]]]}}, {"type": "Feature", "properties": {}, "geometry": {"type": "Polygon", "coordinates": [[[101.613138, 3.063401], [101.613031, 3.063401], [101.61297, 3.063417], [101.61297, 3.063567], [101.613077, 3.063567], [101.613138, 3.063552], [101.613138, 3.063401]]]}}, {"type": "Feature", "properties": {}, "geometry": {"type": "Polygon", "coordinates": [[[101.613002, 3.063405], [101.612892, 3.063405], [101.612831, 3.063421], [101.612831, 3.063567], [101.612941, 3.063567], [101.613002, 3.063552], [101.613002, 3.063405]]]}}, {"type": "Feature", "properties": {}, "geometry": {"type": "Polygon", "coordinates": [[[101.612868, 3.06355], [101.612759, 3.06355], [101.612698, 3.063566], [101.612698, 3.063718], [101.612807, 3.063717], [101.612868, 3.063702], [101.612868, 3.06355]]]}}, {"type": "Feature", "properties": {}, "geometry": {"type": "Polygon", "coordinates": [[[101.613378, 3.064886], [101.613192, 3.064891], [101.61313, 3.064907], [101.613132, 3.065088], [101.613176, 3.065092], [101.613238, 3.065076], [101.613377, 3.06494], [101.613378, 3.064886]]]}}, {"type": "Feature", "properties": {}, "geometry": {"type": "Polygon", "coordinates": [[[101.613158, 3.064902], [101.61305, 3.064903], [101.612989, 3.064918], [101.61299, 3.06506], [101.613099, 3.065059], [101.61316, 3.065044], [101.613158, 3.064902]]]}}, {"type": "Feature", "properties": {}, "geometry": {"type": "Polygon", "coordinates": [[[101.612887, 3.065047], [101.612767, 3.065048], [101.612706, 3.065063], [101.612707, 3.065208], [101.612827, 3.065207], [101.612888, 3.065191], [101.612887, 3.065047]]]}}, {"type": "Feature", "properties": {}, "geometry": {"type": "Polygon", "coordinates": [[[101.613023, 3.065046], [101.612909, 3.065047], [101.612848, 3.065062], [101.612849, 3.065206], [101.612963, 3.065206], [101.613025, 3.06519], [101.613023, 3.065046]]]}}, {"type": "Feature", "properties": {}, "geometry": {"type": "Polygon", "coordinates": [[[101.611133, 3.064389], [101.611078, 3.064389], [101.611017, 3.064405], [101.611017, 3.064526], [101.611072, 3.064526], [101.611133, 3.064511], [101.611133, 3.064389]]]}}, {"type": "Feature", "properties": {}, "geometry": {"type": "Polygon", "coordinates": [[[101.611014, 3.064054], [101.61096, 3.064054], [101.610898, 3.06407], [101.6109, 3.064195], [101.610954, 3.064194], [101.611016, 3.064178], [101.611014, 3.064054]]]}}, {"type": "Feature", "properties": {}, "geometry": {"type": "Polygon", "coordinates": [[[101.611687, 3.064546], [101.611632, 3.064547], [101.611571, 3.064562], [101.611572, 3.064688], [101.611626, 3.064687], [101.611688, 3.064672], [101.611687, 3.064546]]]}}, {"type": "Feature", "properties": {}, "geometry": {"type": "Polygon", "coordinates": [[[101.611153, 3.064885], [101.611098, 3.064885], [101.611037, 3.064901], [101.611037, 3.065022], [101.611092, 3.065022], [101.611154, 3.065006], [101.611153, 3.064885]]]}}, {"type": "Feature", "properties": {}, "geometry": {"type": "Polygon", "coordinates": [[[101.611232, 3.065038], [101.611084, 3.065039], [101.611023, 3.065055], [101.611024, 3.065119], [101.611047, 3.065186], [101.611172, 3.065184], [101.611233, 3.065169], [101.611232, 3.065038]]]}}, {"type": "Feature", "properties": {}, "geometry": {"type": "Polygon", "coordinates": [[[101.611173, 3.065876], [101.611112, 3.065892], [101.611111, 3.06603], [101.611172, 3.066031], [101.611233, 3.066015], [101.611234, 3.065877], [101.611173, 3.065876]]]}}, {"type": "Feature", "properties": {}, "geometry": {"type": "Polygon", "coordinates": [[[101.612443, 3.06587], [101.612382, 3.06587], [101.612321, 3.065886], [101.612322, 3.066023], [101.612383, 3.066023], [101.612444, 3.066007], [101.612443, 3.06587]]]}}, {"type": "Feature", "properties": {}, "geometry": {"type": "Polygon", "coordinates": [[[101.611956, 3.066041], [101.611894, 3.066042], [101.611833, 3.066057], [101.611834, 3.066217], [101.611896, 3.066217], [101.611957, 3.066201], [101.611956, 3.066041]]]}}, {"type": "Feature", "properties": {}, "geometry": {"type": "Polygon", "coordinates": [[[101.611169, 3.066045], [101.611107, 3.066046], [101.611046, 3.066061], [101.611047, 3.066223], [101.611109, 3.066223], [101.61117, 3.066207], [101.611169, 3.066045]]]}}, {"type": "Feature", "properties": {}, "geometry": {"type": "Polygon", "coordinates": [[[101.611952, 3.066429], [101.611891, 3.066429], [101.611829, 3.066444], [101.611831, 3.066588], [101.611892, 3.066587], [101.611953, 3.066572], [101.611952, 3.066429]]]}}, {"type": "Feature", "properties": {}, "geometry": {"type": "Polygon", "coordinates": [[[101.611954, 3.066588], [101.611893, 3.066588], [101.611831, 3.066604], [101.611833, 3.066761], [101.611894, 3.06676], [101.611955, 3.066745], [101.611954, 3.066588]]]}}, {"type": "Feature", "properties": {}, "geometry": {"type": "Polygon", "coordinates": [[[101.611171, 3.066428], [101.61111, 3.066428], [101.611048, 3.066444], [101.61105, 3.066596], [101.611111, 3.066595], [101.611172, 3.06658], [101.611171, 3.066428]]]}}, {"type": "Feature", "properties": {}, "geometry": {"type": "Polygon", "coordinates": [[[101.61117, 3.066596], [101.61111, 3.066597], [101.611048, 3.066612], [101.61105, 3.066772], [101.61111, 3.066772], [101.611172, 3.066756], [101.61117, 3.066596]]]}}, {"type": "Feature", "properties": {}, "geometry": {"type": "Polygon", "coordinates": [[[101.613383, 3.065707], [101.612923, 3.065823], [101.612923, 3.066085], [101.613392, 3.066085], [101.613853, 3.06597], [101.613853, 3.065707], [101.613383, 3.065707]]]}}, {"type": "Feature", "properties": {}, "geometry": {"type": "Polygon", "coordinates": [[[101.613261, 3.066083], [101.612954, 3.066161], [101.612954, 3.066222], [101.613162, 3.066222], [101.613469, 3.066145], [101.613469, 3.066083], [101.613261, 3.066083]]]}}, {"type": "Feature", "properties": {}, "geometry": {"type": "Polygon", "coordinates": [[[101.613516, 3.066082], [101.613209, 3.066159], [101.613209, 3.06622], [101.613415, 3.06622], [101.613722, 3.066143], [101.613722, 3.066082], [101.613516, 3.066082]]]}}, {"type": "Feature", "properties": {}, "geometry": {"type": "Polygon", "coordinates": [[[101.612363, 3.066409], [101.61227, 3.066432], [101.61227, 3.066774], [101.612488, 3.066774], [101.61258, 3.06675], [101.61258, 3.066409], [101.612363, 3.066409]]]}}, {"type": "Feature", "properties": {}, "geometry": {"type": "Polygon", "coordinates": [[[101.613298, 3.062903], [101.613207, 3.062907], [101.613145, 3.062922], [101.613153, 3.063084], [101.613244, 3.06308], [101.613306, 3.063064], [101.613298, 3.062903]]]}}, {"type": "Feature", "properties": {}, "geometry": {"type": "Polygon", "coordinates": [[[101.613078, 3.062931], [101.612989, 3.062932], [101.612927, 3.062948], [101.61293, 3.063109], [101.613019, 3.063108], [101.61308, 3.063092], [101.613078, 3.062931]]]}}, {"type": "Feature", "properties": {}, "geometry": {"type": "Polygon", "coordinates": [[[101.61294, 3.062933], [101.612852, 3.062936], [101.612791, 3.062951], [101.612796, 3.063116], [101.612883, 3.063114], [101.612945, 3.063098], [101.61294, 3.062933]]]}}, {"type": "Feature", "properties": {}, "geometry": {"type": "Polygon", "coordinates": [[[101.611249, 3.06307], [101.611187, 3.063086], [101.611253, 3.063233], [101.611335, 3.063234], [101.611396, 3.063219], [101.611399, 3.063071], [101.611249, 3.06307]]]}}, {"type": "Feature", "properties": {}, "geometry": {"type": "Polygon", "coordinates": [[[101.611553, 3.063041], [101.611492, 3.063057], [101.611489, 3.063223], [101.611579, 3.063225], [101.61164, 3.06321], [101.611644, 3.063043], [101.611553, 3.063041]]]}}, {"type": "Feature", "properties": {}, "geometry": {"type": "Polygon", "coordinates": [[[101.611772, 3.063021], [101.611711, 3.063036], [101.611707, 3.063208], [101.611791, 3.063209], [101.611852, 3.063194], [101.611855, 3.063022], [101.611772, 3.063021]]]}}, {"type": "Feature", "properties": {}, "geometry": {"type": "Polygon", "coordinates": [[[101.612085, 3.063002], [101.611989, 3.063003], [101.611927, 3.063018], [101.611928, 3.063187], [101.612025, 3.063187], [101.612086, 3.063171], [101.612085, 3.063002]]]}}, {"type": "Feature", "properties": {}, "geometry": {"type": "Polygon", "coordinates": [[[101.612306, 3.062973], [101.612211, 3.062973], [101.61215, 3.062988], [101.61215, 3.063003], [101.61215, 3.063172], [101.612245, 3.063171], [101.612307, 3.063156], [101.612306, 3.062973]]]}}, {"type": "Feature", "properties": {}, "geometry": {"type": "Polygon", "coordinates": [[[101.612422, 3.062979], [101.612328, 3.062981], [101.612266, 3.062996], [101.612269, 3.063153], [101.612364, 3.063152], [101.612425, 3.063136], [101.612422, 3.062979]]]}}, {"type": "Feature", "properties": {}, "geometry": {"type": "Polygon", "coordinates": [[[101.611841, 3.062772], [101.611732, 3.062776], [101.611671, 3.062792], [101.61168, 3.063002], [101.611789, 3.062997], [101.61185, 3.062982], [101.611841, 3.062772]]]}}, {"type": "Feature", "properties": {}, "geometry": {"type": "Polygon", "coordinates": [[[101.611702, 3.062789], [101.611573, 3.062793], [101.611511, 3.062808], [101.611517, 3.063003], [101.611646, 3.062999], [101.611707, 3.062984], [101.611702, 3.062789]]]}}, {"type": "Feature", "properties": {}, "geometry": {"type": "Polygon", "coordinates": [[[101.611542, 3.062804], [101.611423, 3.062808], [101.611362, 3.062824], [101.611369, 3.063029], [101.611488, 3.063024], [101.611549, 3.063009], [101.611542, 3.062804]]]}}, {"type": "Feature", "properties": {}, "geometry": {"type": "Polygon", "coordinates": [[[101.611383, 3.062817], [101.611265, 3.062824], [101.611204, 3.062839], [101.611215, 3.063047], [101.611333, 3.063041], [101.611394, 3.063025], [101.611383, 3.062817]]]}}, {"type": "Feature", "properties": {}, "geometry": {"type": "Polygon", "coordinates": [[[101.611209, 3.062847], [101.611098, 3.062852], [101.611036, 3.062868], [101.611047, 3.06307], [101.611159, 3.063064], [101.61122, 3.063048], [101.611209, 3.062847]]]}}, {"type": "Feature", "properties": {}, "geometry": {"type": "Polygon", "coordinates": [[[101.611044, 3.062901], [101.610935, 3.062909], [101.610873, 3.062924], [101.610889, 3.063132], [101.610998, 3.063124], [101.611059, 3.063108], [101.611044, 3.062901]]]}}, {"type": "Feature", "properties": {}, "geometry": {"type": "Polygon", "coordinates": [[[101.610873, 3.062958], [101.610733, 3.062966], [101.610672, 3.062981], [101.610683, 3.063181], [101.610822, 3.063173], [101.610883, 3.063158], [101.610873, 3.062958]]]}}, {"type": "Feature", "properties": {}, "geometry": {"type": "Polygon", "coordinates": [[[101.610868, 3.063228], [101.610807, 3.063243], [101.610733, 3.063305], [101.610833, 3.063425], [101.610895, 3.063409], [101.611014, 3.06331], [101.610954, 3.063239], [101.610868, 3.063228]]]}}, {"type": "Feature", "properties": {}, "geometry": {"type": "Polygon", "coordinates": [[[101.611094, 3.063405], [101.611032, 3.063421], [101.61091, 3.06352], [101.610968, 3.063591], [101.61103, 3.063576], [101.611152, 3.063476], [101.611094, 3.063405]]]}}, {"type": "Feature", "properties": {}, "geometry": {"type": "Polygon", "coordinates": [[[101.611226, 3.063577], [101.611165, 3.063593], [101.611046, 3.06369], [101.611104, 3.063761], [101.611165, 3.063746], [101.611285, 3.063649], [101.611226, 3.063577]]]}}, {"type": "Feature", "properties": {}, "geometry": {"type": "Polygon", "coordinates": [[[101.611363, 3.063746], [101.611302, 3.063761], [101.611176, 3.063864], [101.611236, 3.063936], [101.611297, 3.063921], [101.611423, 3.063818], [101.611363, 3.063746]]]}}, {"type": "Feature", "properties": {}, "geometry": {"type": "Polygon", "coordinates": [[[101.611498, 3.063915], [101.611437, 3.063931], [101.611315, 3.06403], [101.611375, 3.064104], [101.611437, 3.064088], [101.611558, 3.063989], [101.611498, 3.063915]]]}}, {"type": "Feature", "properties": {}, "geometry": {"type": "Polygon", "coordinates": [[[101.611635, 3.06409], [101.611573, 3.064106], [101.611453, 3.064204], [101.611514, 3.064278], [101.611576, 3.064263], [101.611696, 3.064165], [101.611635, 3.06409]]]}}, {"type": "Feature", "properties": {}, "geometry": {"type": "Polygon", "coordinates": [[[101.611772, 3.064262], [101.611711, 3.064277], [101.611588, 3.064377], [101.611648, 3.06445], [101.611709, 3.064435], [101.611832, 3.064334], [101.611772, 3.064262]]]}}, {"type": "Feature", "properties": {}, "geometry": {"type": "Polygon", "coordinates": [[[101.611897, 3.064451], [101.611836, 3.064467], [101.611734, 3.06455], [101.611797, 3.064626], [101.611858, 3.06461], [101.611959, 3.064527], [101.611897, 3.064451]]]}}, {"type": "Feature", "properties": {}, "geometry": {"type": "Polygon", "coordinates": [[[101.61204, 3.06461], [101.611979, 3.064625], [101.611862, 3.064721], [101.611923, 3.064795], [101.611984, 3.06478], [101.612101, 3.064684], [101.61204, 3.06461]]]}}, {"type": "Feature", "properties": {}, "geometry": {"type": "Polygon", "coordinates": [[[101.612165, 3.064779], [101.612103, 3.064795], [101.611976, 3.0649], [101.612035, 3.064971], [101.612096, 3.064955], [101.612223, 3.06485], [101.612165, 3.064779]]]}}, {"type": "Feature", "properties": {}, "geometry": {"type": "Polygon", "coordinates": [[[101.612306, 3.064951], [101.612245, 3.064967], [101.612114, 3.065076], [101.612172, 3.065145], [101.612233, 3.06513], [101.612364, 3.065021], [101.612306, 3.064951]]]}}, {"type": "Feature", "properties": {}, "geometry": {"type": "Polygon", "coordinates": [[[101.605663, 3.062762], [101.605602, 3.062778], [101.60552, 3.062912], [101.605725, 3.063038], [101.605787, 3.063022], [101.605869, 3.062888], [101.605663, 3.062762]]]}}, {"type": "Feature", "properties": {}, "geometry": {"type": "Polygon", "coordinates": [[[101.605572, 3.062926], [101.605511, 3.062941], [101.605426, 3.06308], [101.605637, 3.063209], [101.605698, 3.063193], [101.605783, 3.063055], [101.605572, 3.062926]]]}}, {"type": "Feature", "properties": {}, "geometry": {"type": "Polygon", "coordinates": [[[101.605474, 3.063112], [101.605413, 3.063127], [101.605327, 3.063267], [101.605532, 3.063392], [101.605594, 3.063377], [101.605679, 3.063237], [101.605474, 3.063112]]]}}, {"type": "Feature", "properties": {}, "geometry": {"type": "Polygon", "coordinates": [[[101.60538, 3.06327], [101.605319, 3.063285], [101.60523, 3.063429], [101.60543, 3.063552], [101.605492, 3.063536], [101.60558, 3.063392], [101.60538, 3.06327]]]}}, {"type": "Feature", "properties": {}, "geometry": {"type": "Polygon", "coordinates": [[[101.605987, 3.06297], [101.605925, 3.062985], [101.605834, 3.063134], [101.606059, 3.063272], [101.606121, 3.063256], [101.606212, 3.063108], [101.605987, 3.06297]]]}}, {"type": "Feature", "properties": {}, "geometry": {"type": "Polygon", "coordinates": [[[101.605878, 3.063137], [101.605817, 3.063152], [101.605721, 3.063308], [101.605954, 3.063451], [101.606015, 3.063435], [101.606111, 3.063279], [101.605878, 3.063137]]]}}, {"type": "Feature", "properties": {}, "geometry": {"type": "Polygon", "coordinates": [[[101.605747, 3.063341], [101.605686, 3.063357], [101.605597, 3.063502], [101.605825, 3.063642], [101.605887, 3.063627], [101.605976, 3.063481], [101.605747, 3.063341]]]}}, {"type": "Feature", "properties": {}, "geometry": {"type": "Polygon", "coordinates": [[[101.605642, 3.063505], [101.605581, 3.063521], [101.605499, 3.063655], [101.605729, 3.063796], [101.60579, 3.06378], [101.605872, 3.063646], [101.605642, 3.063505]]]}}, {"type": "Feature", "properties": {}, "geometry": {"type": "Polygon", "coordinates": [[[101.606307, 3.063025], [101.606246, 3.06304], [101.606157, 3.063185], [101.606347, 3.063301], [101.606409, 3.063286], [101.606497, 3.063141], [101.606307, 3.063025]]]}}, {"type": "Feature", "properties": {}, "geometry": {"type": "Polygon", "coordinates": [[[101.606205, 3.063194], [101.606144, 3.06321], [101.60605, 3.063363], [101.606248, 3.063484], [101.606309, 3.063469], [101.606404, 3.063315], [101.606205, 3.063194]]]}}, {"type": "Feature", "properties": {}, "geometry": {"type": "Polygon", "coordinates": [[[101.606079, 3.063398], [101.606018, 3.063413], [101.605932, 3.063553], [101.606141, 3.063681], [101.606202, 3.063666], [101.606288, 3.063526], [101.606079, 3.063398]]]}}, {"type": "Feature", "properties": {}, "geometry": {"type": "Polygon", "coordinates": [[[101.605978, 3.063563], [101.605917, 3.063578], [101.605822, 3.063732], [101.606034, 3.063863], [101.606096, 3.063847], [101.60619, 3.063693], [101.605978, 3.063563]]]}}, {"type": "Feature", "properties": {}, "geometry": {"type": "Polygon", "coordinates": [[[101.60586, 3.063746], [101.605799, 3.063761], [101.605708, 3.063909], [101.605917, 3.064037], [101.605979, 3.064022], [101.60607, 3.063874], [101.60586, 3.063746]]]}}, {"type": "Feature", "properties": {}, "geometry": {"type": "Polygon", "coordinates": [[[101.60663, 3.063214], [101.606569, 3.063229], [101.606482, 3.063371], [101.606676, 3.06349], [101.606738, 3.063475], [101.606825, 3.063333], [101.60663, 3.063214]]]}}, {"type": "Feature", "properties": {}, "geometry": {"type": "Polygon", "coordinates": [[[101.606537, 3.063389], [101.606476, 3.063404], [101.606385, 3.063552], [101.606587, 3.063675], [101.606648, 3.06366], [101.606739, 3.063512], [101.606537, 3.063389]]]}}, {"type": "Feature", "properties": {}, "geometry": {"type": "Polygon", "coordinates": [[[101.606435, 3.063561], [101.606373, 3.063576], [101.606273, 3.063741], [101.606477, 3.063866], [101.606539, 3.063851], [101.60664, 3.063686], [101.606435, 3.063561]]]}}, {"type": "Feature", "properties": {}, "geometry": {"type": "Polygon", "coordinates": [[[101.606303, 3.063756], [101.606242, 3.063772], [101.606156, 3.063912], [101.606365, 3.06404], [101.606426, 3.064025], [101.606512, 3.063884], [101.606303, 3.063756]]]}}, {"type": "Feature", "properties": {}, "geometry": {"type": "Polygon", "coordinates": [[[101.606206, 3.063918], [101.606144, 3.063934], [101.606053, 3.064083], [101.606264, 3.064213], [101.606325, 3.064197], [101.606417, 3.064048], [101.606206, 3.063918]]]}}, {"type": "Feature", "properties": {}, "geometry": {"type": "Polygon", "coordinates": [[[101.606922, 3.063287], [101.606861, 3.063302], [101.606774, 3.063443], [101.606952, 3.063552], [101.607013, 3.063537], [101.6071, 3.063396], [101.606922, 3.063287]]]}}, {"type": "Feature", "properties": {}, "geometry": {"type": "Polygon", "coordinates": [[[101.606832, 3.063455], [101.606771, 3.063471], [101.606681, 3.063616], [101.606848, 3.063718], [101.60691, 3.063703], [101.606999, 3.063558], [101.606832, 3.063455]]]}}, {"type": "Feature", "properties": {}, "geometry": {"type": "Polygon", "coordinates": [[[101.606727, 3.063629], [101.606666, 3.063645], [101.606578, 3.063787], [101.606762, 3.0639], [101.606823, 3.063884], [101.606911, 3.063742], [101.606727, 3.063629]]]}}, {"type": "Feature", "properties": {}, "geometry": {"type": "Polygon", "coordinates": [[[101.606629, 3.063796], [101.606567, 3.063811], [101.606478, 3.063957], [101.606668, 3.064074], [101.606729, 3.064059], [101.606819, 3.063912], [101.606629, 3.063796]]]}}, {"type": "Feature", "properties": {}, "geometry": {"type": "Polygon", "coordinates": [[[101.606518, 3.063968], [101.606457, 3.063983], [101.60637, 3.064125], [101.606569, 3.064245], [101.60663, 3.06423], [101.606717, 3.064088], [101.606518, 3.063968]]]}}, {"type": "Feature", "properties": {}, "geometry": {"type": "Polygon", "coordinates": [[[101.606412, 3.064142], [101.60635, 3.064157], [101.606275, 3.064288], [101.606475, 3.064403], [101.606536, 3.064387], [101.606611, 3.064257], [101.606412, 3.064142]]]}}, {"type": "Feature", "properties": {}, "geometry": {"type": "Polygon", "coordinates": [[[101.606989, 3.063984], [101.606927, 3.064], [101.606848, 3.064127], [101.607043, 3.064249], [101.607104, 3.064234], [101.607184, 3.064107], [101.606989, 3.063984]]]}}, {"type": "Feature", "properties": {}, "geometry": {"type": "Polygon", "coordinates": [[[101.607302, 3.063423], [101.607241, 3.063438], [101.607176, 3.063581], [101.607382, 3.063674], [101.607443, 3.063658], [101.607508, 3.063515], [101.607302, 3.063423]]]}}, {"type": "Feature", "properties": {}, "geometry": {"type": "Polygon", "coordinates": [[[101.60703, 3.062984], [101.606969, 3.063], [101.606934, 3.063159], [101.607124, 3.063201], [101.607186, 3.063185], [101.607221, 3.063026], [101.60703, 3.062984]]]}}, {"type": "Feature", "properties": {}, "geometry": {"type": "Polygon", "coordinates": [[[101.607389, 3.063198], [101.607327, 3.063213], [101.607281, 3.063349], [101.607492, 3.063422], [101.607553, 3.063406], [101.6076, 3.063271], [101.607389, 3.063198]]]}}, {"type": "Feature", "properties": {}, "geometry": {"type": "Polygon", "coordinates": [[[101.614887, 3.075716], [101.614826, 3.075732], [101.614824, 3.075922], [101.614907, 3.075922], [101.614968, 3.075907], [101.61497, 3.075717], [101.614887, 3.075716]]]}}, {"type": "Feature", "properties": {}, "geometry": {"type": "Polygon", "coordinates": [[[101.614886, 3.075938], [101.614825, 3.075954], [101.614824, 3.076144], [101.614907, 3.076144], [101.614969, 3.076128], [101.614969, 3.075939], [101.614886, 3.075938]]]}}, {"type": "Feature", "properties": {}, "geometry": {"type": "Polygon", "coordinates": [[[101.614946, 3.075307], [101.614812, 3.075341], [101.614812, 3.075546], [101.615548, 3.075546], [101.615683, 3.075512], [101.615683, 3.075307], [101.614946, 3.075307]]]}}, {"type": "Feature", "properties": {}, "geometry": {"type": "Polygon", "coordinates": [[[101.614932, 3.074774], [101.614798, 3.074808], [101.614798, 3.075013], [101.615534, 3.075013], [101.615668, 3.074979], [101.615668, 3.074774], [101.614932, 3.074774]]]}}, {"type": "Feature", "properties": {}, "geometry": {"type": "Polygon", "coordinates": [[[101.614334, 3.075234], [101.614044, 3.075236], [101.613952, 3.075259], [101.613953, 3.075402], [101.614243, 3.075401], [101.614335, 3.075378], [101.614334, 3.075234]]]}}, {"type": "Feature", "properties": {}, "geometry": {"type": "Polygon", "coordinates": [[[101.614132, 3.075824], [101.613997, 3.075858], [101.613997, 3.076512], [101.614184, 3.076512], [101.614318, 3.076479], [101.614318, 3.075824], [101.614132, 3.075824]]]}}, {"type": "Feature", "properties": {}, "geometry": {"type": "Polygon", "coordinates": [[[101.614062, 3.075448], [101.613928, 3.075482], [101.613926, 3.075668], [101.614582, 3.075673], [101.614716, 3.07564], [101.614718, 3.075453], [101.614062, 3.075448]]]}}, {"type": "Feature", "properties": {}, "geometry": {"type": "Polygon", "coordinates": [[[101.614999, 3.071676], [101.614933, 3.071676], [101.614871, 3.071692], [101.614872, 3.071838], [101.614937, 3.071838], [101.614999, 3.071822], [101.614999, 3.071676]]]}}, {"type": "Feature", "properties": {}, "geometry": {"type": "Polygon", "coordinates": [[[101.61494, 3.072172], [101.614878, 3.072187], [101.614878, 3.072343], [101.614934, 3.072343], [101.614995, 3.072327], [101.614995, 3.072172], [101.61494, 3.072172]]]}}, {"type": "Feature", "properties": {}, "geometry": {"type": "Polygon", "coordinates": [[[101.614999, 3.07267], [101.614944, 3.072671], [101.614882, 3.072686], [101.614882, 3.072843], [101.614938, 3.072843], [101.614999, 3.072828], [101.614999, 3.07267]]]}}, {"type": "Feature", "properties": {}, "geometry": {"type": "Polygon", "coordinates": [[[101.615064, 3.074032], [101.615001, 3.074032], [101.614886, 3.074061], [101.614886, 3.074279], [101.614949, 3.074279], [101.615064, 3.07425], [101.615064, 3.074032]]]}}, {"type": "Feature", "properties": {}, "geometry": {"type": "Polygon", "coordinates": [[[101.615064, 3.073769], [101.615003, 3.07377], [101.614887, 3.073799], [101.614888, 3.074022], [101.614949, 3.074021], [101.615065, 3.073992], [101.615064, 3.073769]]]}}, {"type": "Feature", "properties": {}, "geometry": {"type": "Polygon", "coordinates": [[[101.614999, 3.073171], [101.614944, 3.073171], [101.614882, 3.073187], [101.614882, 3.073347], [101.614937, 3.073347], [101.614999, 3.073331], [101.614999, 3.073171]]]}}, {"type": "Feature", "properties": {}, "geometry": {"type": "Polygon", "coordinates": [[[101.613977, 3.070911], [101.613922, 3.070912], [101.61386, 3.070927], [101.613861, 3.071063], [101.613916, 3.071063], [101.613978, 3.071047], [101.613977, 3.070911]]]}}, {"type": "Feature", "properties": {}, "geometry": {"type": "Polygon", "coordinates": [[[101.614697, 3.071075], [101.614642, 3.071075], [101.61458, 3.071091], [101.614581, 3.071238], [101.614636, 3.071238], [101.614697, 3.071222], [101.614697, 3.071075]]]}}, {"type": "Feature", "properties": {}, "geometry": {"type": "Polygon", "coordinates": [[[101.613978, 3.07141], [101.613923, 3.07141], [101.613862, 3.071426], [101.613862, 3.071562], [101.613917, 3.071562], [101.613978, 3.071546], [101.613978, 3.07141]]]}}, {"type": "Feature", "properties": {}, "geometry": {"type": "Polygon", "coordinates": [[[101.614691, 3.072065], [101.614637, 3.072065], [101.614576, 3.072081], [101.614576, 3.072225], [101.61463, 3.072225], [101.614692, 3.072209], [101.614691, 3.072065]]]}}, {"type": "Feature", "properties": {}, "geometry": {"type": "Polygon", "coordinates": [[[101.613923, 3.071895], [101.613862, 3.07191], [101.613862, 3.072062], [101.613917, 3.072062], [101.613978, 3.072047], [101.613978, 3.071895], [101.613923, 3.071895]]]}}, {"type": "Feature", "properties": {}, "geometry": {"type": "Polygon", "coordinates": [[[101.614698, 3.072568], [101.614643, 3.072568], [101.614582, 3.072583], [101.614582, 3.072725], [101.614637, 3.072725], [101.614698, 3.072709], [101.614698, 3.072568]]]}}, {"type": "Feature", "properties": {}, "geometry": {"type": "Polygon", "coordinates": [[[101.613926, 3.072401], [101.613864, 3.072417], [101.613865, 3.072565], [101.61392, 3.072565], [101.613981, 3.072549], [101.613981, 3.072401], [101.613926, 3.072401]]]}}, {"type": "Feature", "properties": {}, "geometry": {"type": "Polygon", "coordinates": [[[101.613986, 3.072896], [101.613931, 3.072897], [101.61387, 3.072912], [101.61387, 3.073058], [101.613925, 3.073058], [101.613986, 3.073042], [101.613986, 3.072896]]]}}, {"type": "Feature", "properties": {}, "geometry": {"type": "Polygon", "coordinates": [[[101.614706, 3.073066], [101.614651, 3.073066], [101.61459, 3.073081], [101.61459, 3.073224], [101.614645, 3.073224], [101.614706, 3.073208], [101.614706, 3.073066]]]}}, {"type": "Feature", "properties": {}, "geometry": {"type": "Polygon", "coordinates": [[[101.614658, 3.074065], [101.614597, 3.07408], [101.614597, 3.074222], [101.614653, 3.074222], [101.614714, 3.074207], [101.614714, 3.074065], [101.614658, 3.074065]]]}}, {"type": "Feature", "properties": {}, "geometry": {"type": "Polygon", "coordinates": [[[101.614272, 3.0739], [101.61416, 3.073901], [101.614098, 3.073916], [101.614099, 3.074056], [101.614212, 3.074055], [101.614273, 3.07404], [101.614272, 3.0739]]]}}, {"type": "Feature", "properties": {}, "geometry": {"type": "Polygon", "coordinates": [[[101.614694, 3.073565], [101.61464, 3.073565], [101.614579, 3.07358], [101.614579, 3.073723], [101.614633, 3.073723], [101.614694, 3.073708], [101.614694, 3.073565]]]}}, {"type": "Feature", "properties": {}, "geometry": {"type": "Polygon", "coordinates": [[[101.613986, 3.0734], [101.613931, 3.0734], [101.61387, 3.073416], [101.61387, 3.073555], [101.613925, 3.073555], [101.613986, 3.073539], [101.613986, 3.0734]]]}}, {"type": "Feature", "properties": {}, "geometry": {"type": "Polygon", "coordinates": [[[101.612223, 3.06485], [101.612162, 3.064865], [101.612035, 3.064971], [101.612093, 3.065041], [101.612155, 3.065026], [101.612282, 3.06492], [101.612223, 3.06485]]]}}, {"type": "Feature", "properties": {}, "geometry": {"type": "Polygon", "coordinates": [[[101.611978, 3.064052], [101.611916, 3.064067], [101.611916, 3.064214], [101.612029, 3.064214], [101.61209, 3.064199], [101.61209, 3.064052], [101.611978, 3.064052]]]}}, {"type": "Feature", "properties": {}, "geometry": {"type": "Polygon", "coordinates": [[[101.612119, 3.064048], [101.612058, 3.064064], [101.612058, 3.064213], [101.612169, 3.064213], [101.61223, 3.064198], [101.61223, 3.064048], [101.612119, 3.064048]]]}}, {"type": "Feature", "properties": {}, "geometry": {"type": "Polygon", "coordinates": [[[101.612257, 3.064049], [101.612195, 3.064065], [101.612195, 3.064214], [101.612306, 3.064214], [101.612367, 3.064199], [101.612367, 3.064049], [101.612257, 3.064049]]]}}, {"type": "Feature", "properties": {}, "geometry": {"type": "Polygon", "coordinates": [[[101.612406, 3.064052], [101.612345, 3.064068], [101.612345, 3.064206], [101.612473, 3.064206], [101.612535, 3.064191], [101.612535, 3.064052], [101.612406, 3.064052]]]}}, {"type": "Feature", "properties": {}, "geometry": {"type": "Polygon", "coordinates": [[[101.612254, 3.063559], [101.612144, 3.06356], [101.612083, 3.063575], [101.612083, 3.063717], [101.612193, 3.063716], [101.612255, 3.063701], [101.612254, 3.063559]]]}}, {"type": "Feature", "properties": {}, "geometry": {"type": "Polygon", "coordinates": [[[101.612521, 3.063554], [101.612415, 3.063554], [101.612354, 3.06357], [101.612355, 3.063718], [101.61246, 3.063717], [101.612522, 3.063702], [101.612521, 3.063554]]]}}, {"type": "Feature", "properties": {}, "geometry": {"type": "Polygon", "coordinates": [[[101.612393, 3.063553], [101.612281, 3.063554], [101.612219, 3.06357], [101.61222, 3.063717], [101.612332, 3.063716], [101.612394, 3.0637], [101.612393, 3.063553]]]}}, {"type": "Feature", "properties": {}, "geometry": {"type": "Polygon", "coordinates": [[[101.612211, 3.062988], [101.612116, 3.062988], [101.612055, 3.063003], [101.612055, 3.063172], [101.61215, 3.063172], [101.612212, 3.063156], [101.612211, 3.062988]]]}}, {"type": "Feature", "properties": {}, "geometry": {"type": "Polygon", "coordinates": [[[101.612364, 3.065021], [101.612303, 3.065036], [101.612172, 3.065145], [101.61223, 3.065215], [101.612292, 3.0652], [101.612422, 3.06509], [101.612364, 3.065021]]]}}, {"type": "Feature", "properties": {}, "geometry": {"type": "Polygon", "coordinates": [[[101.61316, 3.065044], [101.613051, 3.065045], [101.61299, 3.06506], [101.612991, 3.065202], [101.613101, 3.065201], [101.613162, 3.065186], [101.61316, 3.065044]]]}}, {"type": "Feature", "properties": {}, "geometry": {"type": "Polygon", "coordinates": [[[101.613022, 3.064903], [101.612908, 3.064903], [101.612847, 3.064919], [101.612848, 3.065062], [101.612962, 3.065062], [101.613023, 3.065046], [101.613022, 3.064903]]]}}, {"type": "Feature", "properties": {}, "geometry": {"type": "Polygon", "coordinates": [[[101.612886, 3.064903], [101.612766, 3.064904], [101.612705, 3.064919], [101.612706, 3.065063], [101.612826, 3.065063], [101.612887, 3.065047], [101.612886, 3.064903]]]}}, {"type": "Feature", "properties": {}, "geometry": {"type": "Polygon", "coordinates": [[[101.613429, 3.064393], [101.613321, 3.064393], [101.61326, 3.064409], [101.61326, 3.064555], [101.613368, 3.064555], [101.613429, 3.064539], [101.613429, 3.064393]]]}}, {"type": "Feature", "properties": {}, "geometry": {"type": "Polygon", "coordinates": [[[101.613289, 3.064539], [101.61318, 3.06454], [101.613119, 3.064555], [101.613119, 3.064703], [101.613228, 3.064703], [101.61329, 3.064688], [101.613289, 3.064539]]]}}, {"type": "Feature", "properties": {}, "geometry": {"type": "Polygon", "coordinates": [[[101.613018, 3.064539], [101.612908, 3.064539], [101.612847, 3.064554], [101.612848, 3.064704], [101.612957, 3.064704], [101.613018, 3.064689], [101.613018, 3.064539]]]}}, {"type": "Feature", "properties": {}, "geometry": {"type": "Polygon", "coordinates": [[[101.612883, 3.064537], [101.612775, 3.064537], [101.612713, 3.064553], [101.612714, 3.064705], [101.612822, 3.064704], [101.612884, 3.064689], [101.612883, 3.064537]]]}}, {"type": "Feature", "properties": {}, "geometry": {"type": "Polygon", "coordinates": [[[101.613017, 3.064392], [101.612908, 3.064392], [101.612847, 3.064408], [101.612847, 3.064554], [101.612956, 3.064554], [101.613018, 3.064539], [101.613017, 3.064392]]]}}, {"type": "Feature", "properties": {}, "geometry": {"type": "Polygon", "coordinates": [[[101.613153, 3.064388], [101.613047, 3.064388], [101.612985, 3.064404], [101.612986, 3.064554], [101.613092, 3.064554], [101.613154, 3.064539], [101.613153, 3.064388]]]}}, {"type": "Feature", "properties": {}, "geometry": {"type": "Polygon", "coordinates": [[[101.613289, 3.064387], [101.61318, 3.064388], [101.613118, 3.064403], [101.613119, 3.064555], [101.613228, 3.064555], [101.613289, 3.064539], [101.613289, 3.064387]]]}}, {"type": "Feature", "properties": {}, "geometry": {"type": "Polygon", "coordinates": [[[101.613429, 3.064539], [101.613322, 3.06454], [101.61326, 3.064555], [101.613261, 3.064703], [101.613368, 3.064703], [101.613429, 3.064687], [101.613429, 3.064539]]]}}, {"type": "Feature", "properties": {}, "geometry": {"type": "Polygon", "coordinates": [[[101.612883, 3.064385], [101.612774, 3.064385], [101.612713, 3.064401], [101.612713, 3.064553], [101.612822, 3.064552], [101.612883, 3.064537], [101.612883, 3.064385]]]}}, {"type": "Feature", "properties": {}, "geometry": {"type": "Polygon", "coordinates": [[[101.613154, 3.064539], [101.613047, 3.064539], [101.612986, 3.064554], [101.612987, 3.064704], [101.613093, 3.064703], [101.613154, 3.064688], [101.613154, 3.064539]]]}}, {"type": "Feature", "properties": {}, "geometry": {"type": "Polygon", "coordinates": [[[101.613414, 3.063909], [101.613307, 3.063909], [101.613245, 3.063925], [101.613246, 3.064071], [101.613353, 3.064071], [101.613414, 3.064055], [101.613414, 3.063909]]]}}, {"type": "Feature", "properties": {}, "geometry": {"type": "Polygon", "coordinates": [[[101.613274, 3.064055], [101.613165, 3.064056], [101.613104, 3.064071], [101.613105, 3.064219], [101.613214, 3.064219], [101.613275, 3.064204], [101.613274, 3.064055]]]}}, {"type": "Feature", "properties": {}, "geometry": {"type": "Polygon", "coordinates": [[[101.613003, 3.064055], [101.612894, 3.064055], [101.612832, 3.06407], [101.612833, 3.06422], [101.612942, 3.06422], [101.613003, 3.064204], [101.613003, 3.064055]]]}}, {"type": "Feature", "properties": {}, "geometry": {"type": "Polygon", "coordinates": [[[101.612869, 3.064053], [101.61276, 3.064053], [101.612698, 3.064068], [101.612699, 3.064221], [101.612808, 3.06422], [101.612869, 3.064205], [101.612869, 3.064053]]]}}, {"type": "Feature", "properties": {}, "geometry": {"type": "Polygon", "coordinates": [[[101.613003, 3.063908], [101.612893, 3.063908], [101.612832, 3.063924], [101.612832, 3.06407], [101.612942, 3.06407], [101.613003, 3.064055], [101.613003, 3.063908]]]}}, {"type": "Feature", "properties": {}, "geometry": {"type": "Polygon", "coordinates": [[[101.613139, 3.063904], [101.613032, 3.063904], [101.612971, 3.063919], [101.612971, 3.06407], [101.613078, 3.06407], [101.613139, 3.064055], [101.613139, 3.063904]]]}}, {"type": "Feature", "properties": {}, "geometry": {"type": "Polygon", "coordinates": [[[101.613274, 3.063903], [101.613165, 3.063904], [101.613104, 3.063919], [101.613104, 3.064071], [101.613213, 3.064071], [101.613274, 3.064055], [101.613274, 3.063903]]]}}, {"type": "Feature", "properties": {}, "geometry": {"type": "Polygon", "coordinates": [[[101.613414, 3.064055], [101.613307, 3.064056], [101.613246, 3.064071], [101.613246, 3.064219], [101.613353, 3.064219], [101.613415, 3.064203], [101.613414, 3.064055]]]}}, {"type": "Feature", "properties": {}, "geometry": {"type": "Polygon", "coordinates": [[[101.612868, 3.063901], [101.612759, 3.063901], [101.612698, 3.063917], [101.612698, 3.064068], [101.612807, 3.064068], [101.612869, 3.064053], [101.612868, 3.063901]]]}}, {"type": "Feature", "properties": {}, "geometry": {"type": "Polygon", "coordinates": [[[101.613139, 3.064055], [101.613033, 3.064055], [101.612971, 3.06407], [101.612972, 3.06422], [101.613078, 3.06422], [101.61314, 3.064204], [101.613139, 3.064055]]]}}, {"type": "Feature", "properties": {}, "geometry": {"type": "Polygon", "coordinates": [[[101.613413, 3.063552], [101.613306, 3.063553], [101.613245, 3.063568], [101.613245, 3.063716], [101.613353, 3.063716], [101.613414, 3.0637], [101.613413, 3.063552]]]}}, {"type": "Feature", "properties": {}, "geometry": {"type": "Polygon", "coordinates": [[[101.613274, 3.063552], [101.613165, 3.063553], [101.613103, 3.063568], [101.613104, 3.063716], [101.613213, 3.063716], [101.613274, 3.063701], [101.613274, 3.063552]]]}}, {"type": "Feature", "properties": {}, "geometry": {"type": "Polygon", "coordinates": [[[101.613138, 3.063552], [101.613032, 3.063552], [101.61297, 3.063567], [101.612971, 3.063717], [101.613077, 3.063717], [101.613139, 3.063701], [101.613138, 3.063552]]]}}, {"type": "Feature", "properties": {}, "geometry": {"type": "Polygon", "coordinates": [[[101.613002, 3.063552], [101.612893, 3.063552], [101.612831, 3.063567], [101.612832, 3.063717], [101.612941, 3.063717], [101.613003, 3.063702], [101.613002, 3.063552]]]}}, {"type": "Feature", "properties": {}, "geometry": {"type": "Polygon", "coordinates": [[[101.612867, 3.063398], [101.612758, 3.063398], [101.612697, 3.063414], [101.612698, 3.063566], [101.612806, 3.063565], [101.612868, 3.06355], [101.612867, 3.063398]]]}}, {"type": "Feature", "properties": {}, "geometry": {"type": "Polygon", "coordinates": [[[101.605214, 3.069026], [101.60494, 3.069027], [101.604848, 3.06905], [101.604849, 3.069577], [101.605123, 3.069577], [101.605215, 3.069553], [101.605215, 3.0693], [101.605214, 3.069026]]]}}, {"type": "Feature", "properties": {}, "geometry": {"type": "Polygon", "coordinates": [[[101.60059, 3.063112], [101.600536, 3.063125], [101.600508, 3.063195], [101.600489, 3.063268], [101.600487, 3.063295], [101.60067, 3.063365], [101.600724, 3.063351], [101.600758, 3.063234], [101.600758, 3.063203], [101.60059, 3.063112]]]}}, {"type": "Feature", "properties": {}, "geometry": {"type": "Polygon", "coordinates": [[[101.610184, 3.06661], [101.609125, 3.06663], [101.609031, 3.066652], [101.608763, 3.066719], [101.608765, 3.066864], [101.608788, 3.066911], [101.60903, 3.066907], [101.609777, 3.06688], [101.610045, 3.066813], [101.61008, 3.066796], [101.610186, 3.066736], [101.610184, 3.06661]]]}}, {"type": "Feature", "properties": {}, "geometry": {"type": "Polygon", "coordinates": [[[101.610301, 3.067068], [101.610144, 3.067083], [101.610104, 3.06709], [101.609836, 3.067157], [101.609705, 3.067204], [101.609023, 3.067531], [101.608934, 3.067575], [101.609026, 3.067762], [101.609151, 3.067735], [101.609419, 3.067667], [101.6096, 3.067582], [101.610368, 3.067203], [101.610301, 3.067068]]]}}, {"type": "Feature", "properties": {}, "geometry": {"type": "Polygon", "coordinates": [[[101.605255, 3.070685], [101.605163, 3.070708], [101.605127, 3.070734], [101.605365, 3.071066], [101.605634, 3.0713], [101.605712, 3.071305], [101.605805, 3.071282], [101.605895, 3.071197], [101.605959, 3.071021], [101.605857, 3.070878], [101.605255, 3.070685]]]}}, {"type": "Feature", "properties": {}, "geometry": {"type": "Polygon", "coordinates": [[[101.604631, 3.071829], [101.604363, 3.071836], [101.604271, 3.071859], [101.604272, 3.071909], [101.60454, 3.071903], [101.604632, 3.07188], [101.604631, 3.071829]]]}}, {"type": "Feature", "properties": {}, "geometry": {"type": "Polygon", "coordinates": [[[101.604227, 3.071591], [101.604183, 3.071593], [101.604091, 3.071616], [101.604095, 3.071742], [101.604139, 3.07174], [101.604231, 3.071717], [101.604227, 3.071591]]]}}, {"type": "Feature", "properties": {}, "geometry": {"type": "Polygon", "coordinates": [[[101.604946, 3.071923], [101.604559, 3.071938], [101.604467, 3.071961], [101.60447, 3.072044], [101.604857, 3.072029], [101.604949, 3.072006], [101.604946, 3.071923]]]}}, {"type": "Feature", "properties": {}, "geometry": {"type": "Polygon", "coordinates": [[[101.605101, 3.072076], [101.605014, 3.072078], [101.604922, 3.072101], [101.604926, 3.072288], [101.605013, 3.072286], [101.605105, 3.072263], [101.605101, 3.072076]]]}}, {"type": "Feature", "properties": {}, "geometry": {"type": "Polygon", "coordinates": [[[101.605125, 3.072266], [101.605017, 3.07227], [101.604925, 3.072293], [101.604932, 3.072458], [101.605039, 3.072453], [101.605131, 3.07243], [101.605125, 3.072266]]]}}, {"type": "Feature", "properties": {}, "geometry": {"type": "Polygon", "coordinates": [[[101.605037, 3.071761], [101.604945, 3.071784], [101.604877, 3.07187], [101.604869, 3.072081], [101.604928, 3.072083], [101.60502, 3.07206], [101.605092, 3.071921], [101.605099, 3.071763], [101.605037, 3.071761]]]}}, {"type": "Feature", "properties": {}, "geometry": {"type": "Polygon", "coordinates": [[[101.60583, 3.073346], [101.605803, 3.073353], [101.605811, 3.073545], [101.606193, 3.073546], [101.60622, 3.073539], [101.606217, 3.073353], [101.60583, 3.073346]]]}}, {"type": "Feature", "properties": {}, "geometry": {"type": "Polygon", "coordinates": [[[101.608529, 3.069195], [101.608436, 3.069218], [101.608263, 3.069778], [101.608344, 3.069797], [101.608436, 3.069774], [101.608612, 3.069217], [101.608529, 3.069195]]]}}, {"type": "Feature", "properties": {}, "geometry": {"type": "Polygon", "coordinates": [[[101.608725, 3.069872], [101.608633, 3.069895], [101.608551, 3.070013], [101.608668, 3.070093], [101.60876, 3.07007], [101.608841, 3.069952], [101.608725, 3.069872]]]}}, {"type": "Feature", "properties": {}, "geometry": {"type": "Polygon", "coordinates": [[[101.610569, 3.06658], [101.610368, 3.066614], [101.6101, 3.066682], [101.610074, 3.066733], [101.610037, 3.066815], [101.61005, 3.066896], [101.610099, 3.067073], [101.610247, 3.06714], [101.610281, 3.067155], [101.610347, 3.067143], [101.610616, 3.067076], [101.61067, 3.06705], [101.610765, 3.066906], [101.610724, 3.066667], [101.610569, 3.06658]]]}}, {"type": "Feature", "properties": {}, "geometry": {"type": "Polygon", "coordinates": [[[101.608228, 3.071607], [101.6082, 3.071609], [101.608108, 3.071632], [101.608083, 3.071643], [101.608062, 3.071662], [101.608048, 3.071686], [101.608042, 3.071713], [101.608045, 3.07174], [101.608056, 3.071766], [101.608075, 3.071786], [101.608102, 3.0718], [101.608194, 3.071777], [101.608301, 3.071658], [101.608279, 3.071627], [101.608255, 3.071613], [101.608228, 3.071607]]]}}, {"type": "Feature", "properties": {}, "geometry": {"type": "Polygon", "coordinates": [[[101.614596, 3.064971], [101.614504, 3.064994], [101.614504, 3.065249], [101.614646, 3.065249], [101.614738, 3.065225], [101.614738, 3.064971], [101.614596, 3.064971]]]}}, {"type": "Feature", "properties": {}, "geometry": {"type": "Polygon", "coordinates": [[[101.615422, 3.064723], [101.614993, 3.064726], [101.614724, 3.064793], [101.614727, 3.065299], [101.615473, 3.065295], [101.615742, 3.065228], [101.61574, 3.064994], [101.615422, 3.064723]]]}}, {"type": "Feature", "properties": {}, "geometry": {"type": "Polygon", "coordinates": [[[101.614212, 3.063579], [101.614151, 3.063595], [101.61415, 3.063755], [101.614211, 3.063755], [101.614272, 3.06374], [101.614274, 3.06358], [101.614212, 3.063579]]]}}, {"type": "Feature", "properties": {}, "geometry": {"type": "Polygon", "coordinates": [[[101.61491, 3.064159], [101.614849, 3.064175], [101.614849, 3.064316], [101.614911, 3.064316], [101.614973, 3.064301], [101.614973, 3.064159], [101.61491, 3.064159]]]}}, {"type": "Feature", "properties": {}, "geometry": {"type": "Polygon", "coordinates": [[[101.614566, 3.064351], [101.614504, 3.064367], [101.614503, 3.064522], [101.614563, 3.064523], [101.614624, 3.064508], [101.614626, 3.064352], [101.614566, 3.064351]]]}}, {"type": "Feature", "properties": {}, "geometry": {"type": "Polygon", "coordinates": [[[101.614078, 3.064152], [101.614017, 3.064153], [101.613956, 3.064168], [101.613957, 3.064319], [101.614018, 3.064319], [101.614079, 3.064303], [101.614078, 3.064152]]]}}, {"type": "Feature", "properties": {}, "geometry": {"type": "Polygon", "coordinates": [[[101.614362, 3.064737], [101.614206, 3.06474], [101.614145, 3.064755], [101.614146, 3.064818], [101.614302, 3.064815], [101.614363, 3.064799], [101.614362, 3.064737]]]}}, {"type": "Feature", "properties": {}, "geometry": {"type": "Polygon", "coordinates": [[[101.614172, 3.064737], [101.61401, 3.064738], [101.613949, 3.064754], [101.61395, 3.064815], [101.614111, 3.064814], [101.614173, 3.064798], [101.614172, 3.064737]]]}}, {"type": "Feature", "properties": {}, "geometry": {"type": "Polygon", "coordinates": [[[101.614898, 3.065512], [101.614837, 3.065512], [101.614776, 3.065527], [101.614777, 3.065692], [101.614837, 3.065692], [101.614899, 3.065677], [101.614898, 3.065512]]]}}, {"type": "Feature", "properties": {}, "geometry": {"type": "Polygon", "coordinates": [[[101.614018, 3.065904], [101.613957, 3.065919], [101.613957, 3.066065], [101.614018, 3.066065], [101.61408, 3.06605], [101.61408, 3.065904], [101.614018, 3.065904]]]}}, {"type": "Feature", "properties": {}, "geometry": {"type": "Polygon", "coordinates": [[[101.614444, 3.066082], [101.614383, 3.066098], [101.614383, 3.066253], [101.614444, 3.066253], [101.614505, 3.066237], [101.614505, 3.066082], [101.614444, 3.066082]]]}}, {"type": "Feature", "properties": {}, "geometry": {"type": "Polygon", "coordinates": [[[101.614511, 3.066634], [101.614449, 3.066634], [101.614388, 3.06665], [101.614389, 3.066786], [101.614451, 3.066785], [101.614512, 3.06677], [101.614511, 3.066634]]]}}, {"type": "Feature", "properties": {}, "geometry": {"type": "Polygon", "coordinates": [[[101.614017, 3.066453], [101.613956, 3.066469], [101.613956, 3.066617], [101.614017, 3.066617], [101.614079, 3.066602], [101.614079, 3.066453], [101.614017, 3.066453]]]}}, {"type": "Feature", "properties": {}, "geometry": {"type": "Polygon", "coordinates": [[[101.614995, 3.067006], [101.614934, 3.067006], [101.614872, 3.067022], [101.614873, 3.067176], [101.614935, 3.067176], [101.614996, 3.06716], [101.614995, 3.067006]]]}}, {"type": "Feature", "properties": {}, "geometry": {"type": "Polygon", "coordinates": [[[101.61482, 3.06718], [101.614759, 3.067195], [101.614758, 3.067362], [101.61482, 3.067362], [101.614882, 3.067347], [101.614882, 3.06718], [101.61482, 3.06718]]]}}, {"type": "Feature", "properties": {}, "geometry": {"type": "Polygon", "coordinates": [[[101.614016, 3.067001], [101.613955, 3.067017], [101.613954, 3.067166], [101.614016, 3.067167], [101.614078, 3.067151], [101.614078, 3.067001], [101.614016, 3.067001]]]}}, {"type": "Feature", "properties": {}, "geometry": {"type": "Polygon", "coordinates": [[[101.613969, 3.067818], [101.613883, 3.067818], [101.613821, 3.067834], [101.613822, 3.067985], [101.613908, 3.067985], [101.61397, 3.06797], [101.613969, 3.067818]]]}}, {"type": "Feature", "properties": {}, "geometry": {"type": "Polygon", "coordinates": [[[101.614625, 3.068002], [101.614564, 3.068017], [101.614563, 3.068172], [101.614674, 3.068173], [101.614735, 3.068157], [101.614736, 3.068002], [101.614625, 3.068002]]]}}, {"type": "Feature", "properties": {}, "geometry": {"type": "Polygon", "coordinates": [[[101.614925, 3.067821], [101.614864, 3.067836], [101.614863, 3.067986], [101.614918, 3.067986], [101.614979, 3.06797], [101.61498, 3.067821], [101.614925, 3.067821]]]}}, {"type": "Feature", "properties": {}, "geometry": {"type": "Polygon", "coordinates": [[[101.614891, 3.068313], [101.614829, 3.068329], [101.614829, 3.068484], [101.61492, 3.068485], [101.614981, 3.068469], [101.614982, 3.068314], [101.614891, 3.068313]]]}}, {"type": "Feature", "properties": {}, "geometry": {"type": "Polygon", "coordinates": [[[101.613859, 3.06832], [101.613798, 3.068336], [101.613797, 3.068487], [101.613904, 3.068487], [101.613966, 3.068472], [101.613967, 3.068321], [101.613859, 3.06832]]]}}, {"type": "Feature", "properties": {}, "geometry": {"type": "Polygon", "coordinates": [[[101.614626, 3.068498], [101.614564, 3.068514], [101.614562, 3.068674], [101.614617, 3.068675], [101.614679, 3.068659], [101.614681, 3.068499], [101.614626, 3.068498]]]}}, {"type": "Feature", "properties": {}, "geometry": {"type": "Polygon", "coordinates": [[[101.615095, 3.068811], [101.614989, 3.068812], [101.614928, 3.068827], [101.614928, 3.068985], [101.615034, 3.068984], [101.615095, 3.068969], [101.615095, 3.068811]]]}}, {"type": "Feature", "properties": {}, "geometry": {"type": "Polygon", "coordinates": [[[101.613913, 3.068811], [101.613851, 3.068827], [101.61385, 3.068982], [101.613905, 3.068983], [101.613966, 3.068967], [101.613968, 3.068812], [101.613913, 3.068811]]]}}, {"type": "Feature", "properties": {}, "geometry": {"type": "Polygon", "coordinates": [[[101.614628, 3.068996], [101.614567, 3.069011], [101.614566, 3.069141], [101.614621, 3.069142], [101.614682, 3.069126], [101.614683, 3.068996], [101.614628, 3.068996]]]}}, {"type": "Feature", "properties": {}, "geometry": {"type": "Polygon", "coordinates": [[[101.614989, 3.069325], [101.614934, 3.069325], [101.614873, 3.069341], [101.614873, 3.069483], [101.614928, 3.069483], [101.614989, 3.069468], [101.614989, 3.069325]]]}}, {"type": "Feature", "properties": {}, "geometry": {"type": "Polygon", "coordinates": [[[101.613922, 3.069335], [101.613861, 3.069351], [101.61386, 3.069478], [101.613916, 3.069479], [101.613977, 3.069463], [101.613978, 3.069336], [101.613922, 3.069335]]]}}, {"type": "Feature", "properties": {}, "geometry": {"type": "Polygon", "coordinates": [[[101.613919, 3.069483], [101.613857, 3.069498], [101.613856, 3.06963], [101.613911, 3.069631], [101.613973, 3.069616], [101.613974, 3.069483], [101.613919, 3.069483]]]}}, {"type": "Feature", "properties": {}, "geometry": {"type": "Polygon", "coordinates": [[[101.614944, 3.069824], [101.614882, 3.069839], [101.614882, 3.069976], [101.614936, 3.069976], [101.614998, 3.06996], [101.614998, 3.069824], [101.614944, 3.069824]]]}}, {"type": "Feature", "properties": {}, "geometry": {"type": "Polygon", "coordinates": [[[101.61499, 3.07032], [101.614936, 3.070321], [101.614874, 3.070337], [101.614876, 3.070471], [101.614931, 3.07047], [101.614993, 3.070455], [101.61499, 3.07032]]]}}, {"type": "Feature", "properties": {}, "geometry": {"type": "Polygon", "coordinates": [[[101.614031, 3.073913], [101.613939, 3.073936], [101.613844, 3.074021], [101.614002, 3.074196], [101.614094, 3.074173], [101.614188, 3.074088], [101.614031, 3.073913]]]}}, {"type": "Feature", "properties": {}, "geometry": {"type": "Polygon", "coordinates": [[[101.600364, 3.067039], [101.599758, 3.067055], [101.599666, 3.067079], [101.599658, 3.067154], [101.599669, 3.067547], [101.600334, 3.06755], [101.600426, 3.067527], [101.600442, 3.067181], [101.600364, 3.067039]]]}}, {"type": "Feature", "properties": {}, "geometry": {"type": "Polygon", "coordinates": [[[101.602014, 3.066619], [101.601939, 3.066622], [101.601847, 3.066645], [101.601847, 3.066671], [101.601848, 3.066771], [101.601927, 3.066771], [101.602019, 3.066747], [101.602014, 3.066619]]]}}, {"type": "Feature", "properties": {}, "geometry": {"type": "Polygon", "coordinates": [[[101.601888, 3.066906], [101.601796, 3.06693], [101.601788, 3.06695], [101.601785, 3.066977], [101.602097, 3.066979], [101.602189, 3.066956], [101.602191, 3.066911], [101.601888, 3.066906]]]}}, {"type": "Feature", "properties": {}, "geometry": {"type": "Polygon", "coordinates": [[[101.604683, 3.065703], [101.604591, 3.065727], [101.60458, 3.066114], [101.604913, 3.066123], [101.605005, 3.0661], [101.605016, 3.065713], [101.604683, 3.065703]]]}}, {"type": "Feature", "properties": {}, "geometry": {"type": "Polygon", "coordinates": [[[101.610542, 3.063568], [101.609956, 3.063572], [101.609688, 3.06364], [101.609691, 3.06415], [101.610277, 3.064146], [101.610546, 3.064078], [101.610542, 3.063568]]]}}, {"type": "Feature", "properties": {}, "geometry": {"type": "Polygon", "coordinates": [[[101.610537, 3.062997], [101.609951, 3.063002], [101.609683, 3.063069], [101.609686, 3.06358], [101.610273, 3.063576], [101.610541, 3.063508], [101.610537, 3.062997]]]}}, {"type": "Feature", "properties": {}, "geometry": {"type": "Polygon", "coordinates": [[[101.607421, 3.063018], [101.607367, 3.063032], [101.607323, 3.063169], [101.607548, 3.063241], [101.607602, 3.063227], [101.607646, 3.063089], [101.607421, 3.063018]]]}}, {"type": "Feature", "properties": {}, "geometry": {"type": "Polygon", "coordinates": [[[101.60945, 3.074346], [101.608716, 3.074356], [101.608447, 3.074423], [101.608449, 3.074606], [101.609183, 3.074597], [101.609452, 3.07453], [101.60945, 3.074346]]]}}, {"type": "Feature", "properties": {}, "geometry": {"type": "Polygon", "coordinates": [[[101.610342, 3.074533], [101.609607, 3.074542], [101.609339, 3.074609], [101.609341, 3.074793], [101.610075, 3.074784], [101.610344, 3.074716], [101.610342, 3.074533]]]}}, {"type": "Feature", "properties": {}, "geometry": {"type": "Polygon", "coordinates": [[[101.610344, 3.074888], [101.60961, 3.074897], [101.609341, 3.074964], [101.609344, 3.075147], [101.610078, 3.075138], [101.610347, 3.075071], [101.610344, 3.074888]]]}}, {"type": "Feature", "properties": {}, "geometry": {"type": "Polygon", "coordinates": [[[101.610119, 3.075857], [101.610027, 3.07588], [101.610026, 3.07597], [101.610086, 3.075971], [101.610178, 3.075948], [101.610179, 3.075857], [101.610119, 3.075857]]]}}, {"type": "Feature", "properties": {}, "geometry": {"type": "Polygon", "coordinates": [[[101.608954, 3.074825], [101.60882, 3.074826], [101.608686, 3.07486], [101.60869, 3.075506], [101.608824, 3.075505], [101.608958, 3.075472], [101.608954, 3.074825]]]}}, {"type": "Feature", "properties": {}, "geometry": {"type": "Polygon", "coordinates": [[[101.608146, 3.074779], [101.608012, 3.07478], [101.607743, 3.074848], [101.607747, 3.075494], [101.607881, 3.075493], [101.60815, 3.075426], [101.608146, 3.074779]]]}}, {"type": "Feature", "properties": {}, "geometry": {"type": "Polygon", "coordinates": [[[101.612437, 3.075315], [101.612248, 3.075316], [101.612156, 3.075339], [101.61216, 3.075913], [101.612348, 3.075912], [101.61244, 3.075889], [101.612437, 3.075315]]]}}, {"type": "Feature", "properties": {}, "geometry": {"type": "Polygon", "coordinates": [[[101.615052, 3.075939], [101.614991, 3.075954], [101.61499, 3.076144], [101.615032, 3.076144], [101.615093, 3.076129], [101.615093, 3.075939], [101.615052, 3.075939]]]}}, {"type": "Feature", "properties": {}, "geometry": {"type": "Polygon", "coordinates": [[[101.615011, 3.075939], [101.614949, 3.075954], [101.614949, 3.076144], [101.61499, 3.076144], [101.615051, 3.076129], [101.615052, 3.075939], [101.615011, 3.075939]]]}}, {"type": "Feature", "properties": {}, "geometry": {"type": "Polygon", "coordinates": [[[101.614969, 3.075939], [101.614908, 3.075954], [101.614907, 3.076144], [101.614949, 3.076144], [101.61501, 3.076129], [101.615011, 3.075939], [101.614969, 3.075939]]]}}, {"type": "Feature", "properties": {}, "geometry": {"type": "Polygon", "coordinates": [[[101.615053, 3.075718], [101.614991, 3.075733], [101.61499, 3.075923], [101.615031, 3.075923], [101.615092, 3.075908], [101.615094, 3.075718], [101.615053, 3.075718]]]}}, {"type": "Feature", "properties": {}, "geometry": {"type": "Polygon", "coordinates": [[[101.615011, 3.075717], [101.61495, 3.075733], [101.614948, 3.075923], [101.61499, 3.075923], [101.615051, 3.075908], [101.615053, 3.075718], [101.615011, 3.075717]]]}}, {"type": "Feature", "properties": {}, "geometry": {"type": "Polygon", "coordinates": [[[101.61497, 3.075717], [101.614908, 3.075732], [101.614907, 3.075922], [101.614948, 3.075923], [101.61501, 3.075907], [101.615011, 3.075717], [101.61497, 3.075717]]]}}, {"type": "Feature", "properties": {}, "geometry": {"type": "Polygon", "coordinates": [[[101.607783, 3.066511], [101.606953, 3.066517], [101.606861, 3.06654], [101.606864, 3.066727], [101.608137, 3.067099], [101.608229, 3.067075], [101.608286, 3.066877], [101.607783, 3.066511]]]}}, {"type": "Feature", "properties": {}, "geometry": {"type": "Polygon", "coordinates": [[[101.61392, 3.071569], [101.613858, 3.071584], [101.613857, 3.071722], [101.613913, 3.071722], [101.613975, 3.071706], [101.613975, 3.071569], [101.61392, 3.071569]]]}}, {"type": "Feature", "properties": {}, "geometry": {"type": "Polygon", "coordinates": [[[101.607545, 3.073189], [101.607515, 3.073197], [101.607459, 3.073249], [101.607464, 3.0736], [101.607688, 3.073598], [101.607719, 3.073591], [101.607717, 3.073241], [101.607668, 3.073189], [101.607545, 3.073189]]]}}, {"type": "Feature", "properties": {}, "geometry": {"type": "Polygon", "coordinates": [[[101.609535, 3.073482], [101.609443, 3.073506], [101.609433, 3.073557], [101.609576, 3.073582], [101.609668, 3.073559], [101.609677, 3.073508], [101.609535, 3.073482]]]}}, {"type": "Feature", "properties": {}, "geometry": {"type": "Polygon", "coordinates": [[[101.611297, 3.065038], [101.611232, 3.065038], [101.611171, 3.065054], [101.611172, 3.065184], [101.611237, 3.065184], [101.611298, 3.065168], [101.611297, 3.065038]]]}}, {"type": "Feature", "properties": {}, "geometry": {"type": "Polygon", "coordinates": [[[101.611361, 3.065037], [101.611297, 3.065038], [101.611235, 3.065053], [101.611237, 3.065184], [101.611301, 3.065183], [101.611362, 3.065168], [101.611361, 3.065037]]]}}, {"type": "Feature", "properties": {}, "geometry": {"type": "Polygon", "coordinates": [[[101.611426, 3.065036], [101.611361, 3.065037], [101.6113, 3.065053], [101.611301, 3.065183], [101.611366, 3.065183], [101.611427, 3.065167], [101.611426, 3.065036]]]}}, {"type": "Feature", "properties": {}, "geometry": {"type": "Polygon", "coordinates": [[[101.61149, 3.065036], [101.611426, 3.065036], [101.611364, 3.065052], [101.611366, 3.065183], [101.61143, 3.065182], [101.611491, 3.065167], [101.61149, 3.065036]]]}}, {"type": "Feature", "properties": {}, "geometry": {"type": "Polygon", "coordinates": [[[101.611555, 3.065035], [101.61149, 3.065036], [101.611429, 3.065051], [101.61143, 3.065182], [101.611494, 3.065182], [101.611556, 3.065166], [101.611555, 3.065035]]]}}, {"type": "Feature", "properties": {}, "geometry": {"type": "Polygon", "coordinates": [[[101.611619, 3.065035], [101.611555, 3.065035], [101.611493, 3.065051], [101.611494, 3.065182], [101.611559, 3.065181], [101.61162, 3.065166], [101.611619, 3.065035]]]}}, {"type": "Feature", "properties": {}, "geometry": {"type": "Polygon", "coordinates": [[[101.611684, 3.065034], [101.611619, 3.065035], [101.611558, 3.06505], [101.611559, 3.065181], [101.611623, 3.06518], [101.611685, 3.065165], [101.611684, 3.065034]]]}}, {"type": "Feature", "properties": {}, "geometry": {"type": "Polygon", "coordinates": [[[101.611748, 3.065034], [101.611684, 3.065034], [101.611622, 3.06505], [101.611623, 3.06518], [101.611688, 3.06518], [101.611749, 3.065165], [101.611748, 3.065034]]]}}, {"type": "Feature", "properties": {}, "geometry": {"type": "Polygon", "coordinates": [[[101.611812, 3.065033], [101.611748, 3.065034], [101.611687, 3.065049], [101.611688, 3.06518], [101.611752, 3.065179], [101.611814, 3.065164], [101.611812, 3.065033]]]}}, {"type": "Feature", "properties": {}, "geometry": {"type": "Polygon", "coordinates": [[[101.611877, 3.065033], [101.611812, 3.065033], [101.611751, 3.065049], [101.611752, 3.065179], [101.611817, 3.065179], [101.611878, 3.065163], [101.611877, 3.065033]]]}}, {"type": "Feature", "properties": {}, "geometry": {"type": "Polygon", "coordinates": [[[101.611941, 3.065032], [101.611877, 3.065033], [101.611816, 3.065048], [101.611817, 3.065179], [101.611881, 3.065178], [101.611943, 3.065163], [101.611941, 3.065032]]]}}, {"type": "Feature", "properties": {}, "geometry": {"type": "Polygon", "coordinates": [[[101.612006, 3.065031], [101.611941, 3.065032], [101.61188, 3.065047], [101.611881, 3.065178], [101.611946, 3.065178], [101.612007, 3.065162], [101.612006, 3.065031]]]}}, {"type": "Feature", "properties": {}, "geometry": {"type": "Polygon", "coordinates": [[[101.612101, 3.065031], [101.612006, 3.065031], [101.611945, 3.065047], [101.611946, 3.065178], [101.612041, 3.065177], [101.612102, 3.065161], [101.612101, 3.065031]]]}}, {"type": "Feature", "properties": {}, "geometry": {"type": "Polygon", "coordinates": [[[101.611942, 3.064881], [101.611866, 3.064882], [101.611804, 3.064897], [101.611805, 3.065018], [101.611937, 3.065018], [101.611999, 3.065002], [101.611999, 3.064953], [101.611942, 3.064881]]]}}, {"type": "Feature", "properties": {}, "geometry": {"type": "Polygon", "coordinates": [[[101.611866, 3.064882], [101.611811, 3.064882], [101.61175, 3.064898], [101.61175, 3.065019], [101.611805, 3.065018], [101.611866, 3.065003], [101.611866, 3.064882]]]}}, {"type": "Feature", "properties": {}, "geometry": {"type": "Polygon", "coordinates": [[[101.611811, 3.064882], [101.611756, 3.064882], [101.611695, 3.064898], [101.611695, 3.065019], [101.61175, 3.065019], [101.611811, 3.065003], [101.611811, 3.064882]]]}}, {"type": "Feature", "properties": {}, "geometry": {"type": "Polygon", "coordinates": [[[101.611756, 3.064882], [101.611701, 3.064883], [101.61164, 3.064898], [101.61164, 3.065019], [101.611695, 3.065019], [101.611757, 3.065004], [101.611756, 3.064882]]]}}, {"type": "Feature", "properties": {}, "geometry": {"type": "Polygon", "coordinates": [[[101.611701, 3.064883], [101.611646, 3.064883], [101.611585, 3.064898], [101.611586, 3.06502], [101.61164, 3.065019], [101.611702, 3.065004], [101.611701, 3.064883]]]}}, {"type": "Feature", "properties": {}, "geometry": {"type": "Polygon", "coordinates": [[[101.611646, 3.064883], [101.611592, 3.064883], [101.61153, 3.064899], [101.611531, 3.06502], [101.611586, 3.06502], [101.611647, 3.065004], [101.611646, 3.064883]]]}}, {"type": "Feature", "properties": {}, "geometry": {"type": "Polygon", "coordinates": [[[101.611592, 3.064883], [101.611537, 3.064883], [101.611475, 3.064899], [101.611476, 3.06502], [101.611531, 3.06502], [101.611592, 3.065004], [101.611592, 3.064883]]]}}, {"type": "Feature", "properties": {}, "geometry": {"type": "Polygon", "coordinates": [[[101.611537, 3.064883], [101.611482, 3.064884], [101.611421, 3.064899], [101.611421, 3.06502], [101.611476, 3.06502], [101.611537, 3.065005], [101.611537, 3.064883]]]}}, {"type": "Feature", "properties": {}, "geometry": {"type": "Polygon", "coordinates": [[[101.611482, 3.064884], [101.611427, 3.064884], [101.611366, 3.064899], [101.611366, 3.065021], [101.611421, 3.06502], [101.611483, 3.065005], [101.611482, 3.064884]]]}}, {"type": "Feature", "properties": {}, "geometry": {"type": "Polygon", "coordinates": [[[101.611427, 3.064884], [101.611372, 3.064884], [101.611311, 3.0649], [101.611312, 3.065021], [101.611366, 3.065021], [101.611428, 3.065005], [101.611427, 3.064884]]]}}, {"type": "Feature", "properties": {}, "geometry": {"type": "Polygon", "coordinates": [[[101.611372, 3.064884], [101.611318, 3.064884], [101.611256, 3.0649], [101.611257, 3.065021], [101.611312, 3.065021], [101.611373, 3.065005], [101.611372, 3.064884]]]}}, {"type": "Feature", "properties": {}, "geometry": {"type": "Polygon", "coordinates": [[[101.611318, 3.064884], [101.611263, 3.064885], [101.611201, 3.0649], [101.611202, 3.065021], [101.611257, 3.065021], [101.611318, 3.065006], [101.611318, 3.064884]]]}}, {"type": "Feature", "properties": {}, "geometry": {"type": "Polygon", "coordinates": [[[101.611263, 3.064885], [101.611208, 3.064885], [101.611147, 3.0649], [101.611147, 3.065022], [101.611202, 3.065021], [101.611263, 3.065006], [101.611263, 3.064885]]]}}, {"type": "Feature", "properties": {}, "geometry": {"type": "Polygon", "coordinates": [[[101.611208, 3.064885], [101.611153, 3.064885], [101.611092, 3.064901], [101.611092, 3.065022], [101.611147, 3.065022], [101.611208, 3.065006], [101.611208, 3.064885]]]}}, {"type": "Feature", "properties": {}, "geometry": {"type": "Polygon", "coordinates": [[[101.611144, 3.064551], [101.61109, 3.064552], [101.611029, 3.064567], [101.61103, 3.064693], [101.611084, 3.064692], [101.611145, 3.064677], [101.611144, 3.064551]]]}}, {"type": "Feature", "properties": {}, "geometry": {"type": "Polygon", "coordinates": [[[101.611198, 3.064551], [101.611144, 3.064551], [101.611083, 3.064567], [101.611084, 3.064692], [101.611138, 3.064692], [101.6112, 3.064676], [101.611198, 3.064551]]]}}, {"type": "Feature", "properties": {}, "geometry": {"type": "Polygon", "coordinates": [[[101.611253, 3.06455], [101.611198, 3.064551], [101.611137, 3.064566], [101.611138, 3.064692], [101.611192, 3.064691], [101.611254, 3.064676], [101.611253, 3.06455]]]}}, {"type": "Feature", "properties": {}, "geometry": {"type": "Polygon", "coordinates": [[[101.611307, 3.06455], [101.611253, 3.06455], [101.611191, 3.064566], [101.611192, 3.064691], [101.611247, 3.064691], [101.611308, 3.064675], [101.611307, 3.06455]]]}}, {"type": "Feature", "properties": {}, "geometry": {"type": "Polygon", "coordinates": [[[101.611361, 3.064549], [101.611307, 3.06455], [101.611245, 3.064565], [101.611247, 3.064691], [101.611301, 3.06469], [101.611362, 3.064675], [101.611361, 3.064549]]]}}, {"type": "Feature", "properties": {}, "geometry": {"type": "Polygon", "coordinates": [[[101.611415, 3.064549], [101.611361, 3.064549], [101.6113, 3.064564], [101.611301, 3.06469], [101.611355, 3.06469], [101.611417, 3.064674], [101.611415, 3.064549]]]}}, {"type": "Feature", "properties": {}, "geometry": {"type": "Polygon", "coordinates": [[[101.61147, 3.064548], [101.611415, 3.064549], [101.611354, 3.064564], [101.611355, 3.06469], [101.611409, 3.064689], [101.611471, 3.064674], [101.61147, 3.064548]]]}}, {"type": "Feature", "properties": {}, "geometry": {"type": "Polygon", "coordinates": [[[101.611524, 3.064548], [101.61147, 3.064548], [101.611408, 3.064564], [101.611409, 3.064689], [101.611464, 3.064689], [101.611525, 3.064673], [101.611524, 3.064548]]]}}, {"type": "Feature", "properties": {}, "geometry": {"type": "Polygon", "coordinates": [[[101.611578, 3.064547], [101.611524, 3.064548], [101.611463, 3.064563], [101.611464, 3.064689], [101.611518, 3.064688], [101.611579, 3.064673], [101.611578, 3.064547]]]}}, {"type": "Feature", "properties": {}, "geometry": {"type": "Polygon", "coordinates": [[[101.611632, 3.064547], [101.611578, 3.064547], [101.611517, 3.064563], [101.611518, 3.064688], [101.611572, 3.064688], [101.611634, 3.064672], [101.611632, 3.064547]]]}}, {"type": "Feature", "properties": {}, "geometry": {"type": "Polygon", "coordinates": [[[101.611513, 3.064388], [101.611459, 3.064388], [101.611397, 3.064403], [101.611398, 3.064525], [101.611452, 3.064525], [101.611514, 3.06451], [101.611513, 3.064388]]]}}, {"type": "Feature", "properties": {}, "geometry": {"type": "Polygon", "coordinates": [[[101.611459, 3.064388], [101.611404, 3.064388], [101.611343, 3.064404], [101.611344, 3.064525], [101.611398, 3.064525], [101.611459, 3.06451], [101.611459, 3.064388]]]}}, {"type": "Feature", "properties": {}, "geometry": {"type": "Polygon", "coordinates": [[[101.611404, 3.064388], [101.61135, 3.064388], [101.611289, 3.064404], [101.611289, 3.064525], [101.611344, 3.064525], [101.611405, 3.06451], [101.611404, 3.064388]]]}}, {"type": "Feature", "properties": {}, "geometry": {"type": "Polygon", "coordinates": [[[101.61135, 3.064388], [101.611296, 3.064388], [101.611234, 3.064404], [101.611235, 3.064526], [101.611289, 3.064525], [101.61135, 3.06451], [101.61135, 3.064388]]]}}, {"type": "Feature", "properties": {}, "geometry": {"type": "Polygon", "coordinates": [[[101.611296, 3.064388], [101.611241, 3.064389], [101.61118, 3.064404], [101.61118, 3.064526], [101.611235, 3.064526], [101.611296, 3.06451], [101.611296, 3.064388]]]}}, {"type": "Feature", "properties": {}, "geometry": {"type": "Polygon", "coordinates": [[[101.611241, 3.064389], [101.611187, 3.064389], [101.611126, 3.064404], [101.611126, 3.064526], [101.61118, 3.064526], [101.611242, 3.06451], [101.611241, 3.064389]]]}}, {"type": "Feature", "properties": {}, "geometry": {"type": "Polygon", "coordinates": [[[101.611187, 3.064389], [101.611133, 3.064389], [101.611071, 3.064404], [101.611072, 3.064526], [101.611126, 3.064526], [101.611187, 3.064511], [101.611187, 3.064389]]]}}, {"type": "Feature", "properties": {}, "geometry": {"type": "Polygon", "coordinates": [[[101.611285, 3.06405], [101.611231, 3.064051], [101.61117, 3.064066], [101.611171, 3.064191], [101.611226, 3.06419], [101.611287, 3.064174], [101.611285, 3.06405]]]}}, {"type": "Feature", "properties": {}, "geometry": {"type": "Polygon", "coordinates": [[[101.611231, 3.064051], [101.611177, 3.064051], [101.611115, 3.064067], [101.611117, 3.064192], [101.611171, 3.064191], [101.611233, 3.064175], [101.611231, 3.064051]]]}}, {"type": "Feature", "properties": {}, "geometry": {"type": "Polygon", "coordinates": [[[101.611177, 3.064051], [101.611122, 3.064052], [101.611061, 3.064068], [101.611063, 3.064192], [101.611117, 3.064192], [101.611178, 3.064176], [101.611177, 3.064051]]]}}, {"type": "Feature", "properties": {}, "geometry": {"type": "Polygon", "coordinates": [[[101.611122, 3.064052], [101.611068, 3.064053], [101.611007, 3.064068], [101.611008, 3.064193], [101.611063, 3.064192], [101.611124, 3.064177], [101.611122, 3.064052]]]}}, {"type": "Feature", "properties": {}, "geometry": {"type": "Polygon", "coordinates": [[[101.611068, 3.064053], [101.611014, 3.064054], [101.610952, 3.064069], [101.610954, 3.064194], [101.611008, 3.064193], [101.61107, 3.064178], [101.611068, 3.064053]]]}}, {"type": "Feature", "properties": {}, "geometry": {"type": "Polygon", "coordinates": [[[101.611014, 3.06331], [101.610952, 3.063325], [101.610833, 3.063425], [101.610893, 3.063496], [101.610954, 3.06348], [101.611073, 3.063381], [101.611014, 3.06331]]]}}, {"type": "Feature", "properties": {}, "geometry": {"type": "Polygon", "coordinates": [[[101.611152, 3.063476], [101.611091, 3.063492], [101.610968, 3.063591], [101.611027, 3.063663], [101.611088, 3.063647], [101.61121, 3.063547], [101.611152, 3.063476]]]}}, {"type": "Feature", "properties": {}, "geometry": {"type": "Polygon", "coordinates": [[[101.611285, 3.063649], [101.611223, 3.063664], [101.611104, 3.063761], [101.611162, 3.063833], [101.611224, 3.063817], [101.611343, 3.06372], [101.611285, 3.063649]]]}}, {"type": "Feature", "properties": {}, "geometry": {"type": "Polygon", "coordinates": [[[101.611423, 3.063818], [101.611361, 3.063834], [101.611236, 3.063936], [101.611295, 3.064009], [101.611356, 3.063994], [101.611482, 3.063891], [101.611423, 3.063818]]]}}, {"type": "Feature", "properties": {}, "geometry": {"type": "Polygon", "coordinates": [[[101.611558, 3.063989], [101.611497, 3.064004], [101.611375, 3.064104], [101.611436, 3.064177], [101.611497, 3.064162], [101.611619, 3.064063], [101.611558, 3.063989]]]}}, {"type": "Feature", "properties": {}, "geometry": {"type": "Polygon", "coordinates": [[[101.611696, 3.064165], [101.611634, 3.06418], [101.611514, 3.064278], [101.611575, 3.064353], [101.611637, 3.064337], [101.611757, 3.064239], [101.611696, 3.064165]]]}}, {"type": "Feature", "properties": {}, "geometry": {"type": "Polygon", "coordinates": [[[101.611832, 3.064334], [101.61177, 3.06435], [101.611648, 3.06445], [101.611707, 3.064522], [101.611768, 3.064507], [101.611891, 3.064407], [101.611832, 3.064334]]]}}, {"type": "Feature", "properties": {}, "geometry": {"type": "Polygon", "coordinates": [[[101.611959, 3.064527], [101.611898, 3.064543], [101.611797, 3.064626], [101.611859, 3.064701], [101.61192, 3.064686], [101.612022, 3.064603], [101.611959, 3.064527]]]}}, {"type": "Feature", "properties": {}, "geometry": {"type": "Polygon", "coordinates": [[[101.612101, 3.064684], [101.61204, 3.0647], [101.611923, 3.064795], [101.611983, 3.064869], [101.612045, 3.064854], [101.612162, 3.064758], [101.612101, 3.064684]]]}}, {"type": "Feature", "properties": {}, "geometry": {"type": "Polygon", "coordinates": [[[101.611744, 3.063418], [101.611682, 3.063434], [101.611681, 3.06358], [101.611782, 3.063581], [101.611844, 3.063566], [101.611845, 3.063419], [101.611744, 3.063418]]]}}, {"type": "Feature", "properties": {}, "geometry": {"type": "Polygon", "coordinates": [[[101.611978, 3.063403], [101.611864, 3.063404], [101.611803, 3.06342], [101.611804, 3.063567], [101.611918, 3.063566], [101.611979, 3.063551], [101.611978, 3.063403]]]}}, {"type": "Feature", "properties": {}, "geometry": {"type": "Polygon", "coordinates": [[[101.612113, 3.063406], [101.612004, 3.063407], [101.611942, 3.063422], [101.611943, 3.063568], [101.612052, 3.063567], [101.612114, 3.063552], [101.612113, 3.063406]]]}}, {"type": "Feature", "properties": {}, "geometry": {"type": "Polygon", "coordinates": [[[101.611249, 3.06307], [101.611187, 3.063086], [101.611093, 3.063171], [101.611173, 3.063293], [101.611234, 3.063277], [101.611315, 3.063217], [101.611249, 3.06307]]]}}, {"type": "Feature", "properties": {}, "geometry": {"type": "Polygon", "coordinates": [[[101.611456, 3.063039], [101.611395, 3.063055], [101.611391, 3.063221], [101.611489, 3.063223], [101.61155, 3.063208], [101.611553, 3.063041], [101.611456, 3.063039]]]}}, {"type": "Feature", "properties": {}, "geometry": {"type": "Polygon", "coordinates": [[[101.611679, 3.063019], [101.611617, 3.063035], [101.611614, 3.063206], [101.611707, 3.063208], [101.611769, 3.063192], [101.611772, 3.063021], [101.611679, 3.063019]]]}}, {"type": "Feature", "properties": {}, "geometry": {"type": "Polygon", "coordinates": [[[101.611989, 3.063003], [101.611891, 3.063003], [101.61183, 3.063019], [101.611831, 3.063188], [101.611928, 3.063187], [101.61199, 3.063172], [101.611989, 3.063003]]]}}, {"type": "Feature", "properties": {}, "geometry": {"type": "Polygon", "coordinates": [[[101.613387, 3.062898], [101.613298, 3.062903], [101.613237, 3.062918], [101.613244, 3.06308], [101.613333, 3.063076], [101.613394, 3.06306], [101.613387, 3.062898]]]}}, {"type": "Feature", "properties": {}, "geometry": {"type": "Polygon", "coordinates": [[[101.613167, 3.06293], [101.613078, 3.062931], [101.613016, 3.062946], [101.613019, 3.063108], [101.613108, 3.063106], [101.613169, 3.063091], [101.613167, 3.06293]]]}}, {"type": "Feature", "properties": {}, "geometry": {"type": "Polygon", "coordinates": [[[101.612852, 3.062936], [101.612764, 3.062938], [101.612703, 3.062954], [101.612708, 3.063119], [101.612796, 3.063116], [101.612857, 3.063101], [101.612852, 3.062936]]]}}, {"type": "Feature", "properties": {}, "geometry": {"type": "Polygon", "coordinates": [[[101.612517, 3.062977], [101.612422, 3.062979], [101.612361, 3.062994], [101.612364, 3.063152], [101.612458, 3.06315], [101.61252, 3.063134], [101.612517, 3.062977]]]}}, {"type": "Feature", "properties": {}, "geometry": {"type": "Polygon", "coordinates": [[[101.608436, 3.063986], [101.608021, 3.064006], [101.607959, 3.064022], [101.60797, 3.064238], [101.608385, 3.064218], [101.608447, 3.064202], [101.608436, 3.063986]]]}}, {"type": "Feature", "properties": {}, "geometry": {"type": "Polygon", "coordinates": [[[101.608915, 3.063981], [101.608487, 3.063992], [101.608426, 3.064008], [101.608432, 3.064212], [101.608859, 3.064201], [101.60892, 3.064185], [101.608915, 3.063981]]]}}, {"type": "Feature", "properties": {}, "geometry": {"type": "Polygon", "coordinates": [[[101.608932, 3.063563], [101.608502, 3.063581], [101.608441, 3.063596], [101.608449, 3.063803], [101.608879, 3.063785], [101.60894, 3.06377], [101.608932, 3.063563]]]}}, {"type": "Feature", "properties": {}, "geometry": {"type": "Polygon", "coordinates": [[[101.608459, 3.063582], [101.608159, 3.063593], [101.608097, 3.063609], [101.608105, 3.063814], [101.608406, 3.063803], [101.608467, 3.063787], [101.608459, 3.063582]]]}}, {"type": "Feature", "properties": {}, "geometry": {"type": "Polygon", "coordinates": [[[101.606772, 3.062837], [101.606711, 3.062852], [101.606685, 3.063007], [101.606915, 3.063045], [101.606977, 3.063029], [101.607002, 3.062874], [101.606772, 3.062837]]]}}, {"type": "Feature", "properties": {}, "geometry": {"type": "Polygon", "coordinates": [[[101.607072, 3.062795], [101.607011, 3.062811], [101.606976, 3.062969], [101.607172, 3.063012], [101.607233, 3.062997], [101.607268, 3.062839], [101.607072, 3.062795]]]}}, {"type": "Feature", "properties": {}, "geometry": {"type": "Polygon", "coordinates": [[[101.607463, 3.062806], [101.607401, 3.062821], [101.607372, 3.062965], [101.607597, 3.06301], [101.607659, 3.062995], [101.607688, 3.062852], [101.607463, 3.062806]]]}}, {"type": "Feature", "properties": {}, "geometry": {"type": "Polygon", "coordinates": [[[101.60721, 3.063589], [101.607148, 3.063604], [101.607084, 3.063746], [101.607302, 3.063843], [101.607363, 3.063828], [101.607427, 3.063686], [101.60721, 3.063589]]]}}, {"type": "Feature", "properties": {}, "geometry": {"type": "Polygon", "coordinates": [[[101.60709, 3.063831], [101.607028, 3.063847], [101.606955, 3.063973], [101.607151, 3.064087], [101.607213, 3.064071], [101.607286, 3.063945], [101.60709, 3.063831]]]}}, {"type": "Feature", "properties": {}, "geometry": {"type": "Polygon", "coordinates": [[[101.602703, 3.065666], [101.602611, 3.065689], [101.602611, 3.065828], [101.602831, 3.065828], [101.602923, 3.065805], [101.602923, 3.065667], [101.602703, 3.065666]]]}}, {"type": "Feature", "properties": {}, "geometry": {"type": "Polygon", "coordinates": [[[101.602212, 3.065937], [101.60199, 3.065938], [101.601875, 3.065967], [101.601875, 3.066036], [101.602098, 3.066034], [101.602213, 3.066005], [101.602212, 3.065937]]]}}, {"type": "Feature", "properties": {}, "geometry": {"type": "Polygon", "coordinates": [[[101.600814, 3.069721], [101.600732, 3.069723], [101.600617, 3.069752], [101.600622, 3.069965], [101.600703, 3.069963], [101.600818, 3.069934], [101.600814, 3.069721]]]}}, {"type": "Feature", "properties": {}, "geometry": {"type": "Polygon", "coordinates": [[[101.601165, 3.069388], [101.601084, 3.069389], [101.600969, 3.069418], [101.600972, 3.069632], [101.601053, 3.069631], [101.601169, 3.069602], [101.601165, 3.069388]]]}}, {"type": "Feature", "properties": {}, "geometry": {"type": "Polygon", "coordinates": [[[101.601658, 3.069706], [101.601577, 3.069707], [101.601462, 3.069736], [101.601465, 3.069948], [101.601547, 3.069946], [101.601662, 3.069918], [101.601658, 3.069706]]]}}, {"type": "Feature", "properties": {}, "geometry": {"type": "Polygon", "coordinates": [[[101.603249, 3.066281], [101.603026, 3.066282], [101.602934, 3.066305], [101.602935, 3.066374], [101.603157, 3.066372], [101.603249, 3.066349], [101.603249, 3.066281]]]}}, {"type": "Feature", "properties": {}, "geometry": {"type": "Polygon", "coordinates": [[[101.60273, 3.067486], [101.602615, 3.067515], [101.602615, 3.067584], [101.602832, 3.067585], [101.602947, 3.067556], [101.602947, 3.067487], [101.60273, 3.067486]]]}}, {"type": "Feature", "properties": {}, "geometry": {"type": "Polygon", "coordinates": [[[101.602369, 3.06696], [101.6023, 3.066961], [101.602185, 3.06699], [101.60219, 3.067208], [101.602259, 3.067206], [101.602374, 3.067177], [101.602369, 3.06696]]]}}, {"type": "Feature", "properties": {}, "geometry": {"type": "Polygon", "coordinates": [[[101.60325, 3.066623], [101.603028, 3.066624], [101.602936, 3.066648], [101.602936, 3.066716], [101.603158, 3.066715], [101.60325, 3.066692], [101.60325, 3.066623]]]}}, {"type": "Feature", "properties": {}, "geometry": {"type": "Polygon", "coordinates": [[[101.602727, 3.068417], [101.602612, 3.068446], [101.602612, 3.068514], [101.602825, 3.068514], [101.60294, 3.068485], [101.60294, 3.068417], [101.602727, 3.068417]]]}}, {"type": "Feature", "properties": {}, "geometry": {"type": "Polygon", "coordinates": [[[101.60305, 3.068077], [101.602935, 3.068106], [101.602934, 3.068174], [101.603152, 3.068176], [101.603267, 3.068147], [101.603268, 3.068079], [101.60305, 3.068077]]]}}, {"type": "Feature", "properties": {}, "geometry": {"type": "Polygon", "coordinates": [[[101.601089, 3.069716], [101.601008, 3.069717], [101.600893, 3.069746], [101.600896, 3.069958], [101.600977, 3.069956], [101.601093, 3.069927], [101.601089, 3.069716]]]}}, {"type": "Feature", "properties": {}, "geometry": {"type": "Polygon", "coordinates": [[[101.601382, 3.067716], [101.601314, 3.067717], [101.601199, 3.067746], [101.601201, 3.067965], [101.601269, 3.067964], [101.601385, 3.067935], [101.601382, 3.067716]]]}}, {"type": "Feature", "properties": {}, "geometry": {"type": "Polygon", "coordinates": [[[101.601346, 3.066984], [101.601277, 3.066986], [101.601162, 3.067014], [101.601167, 3.067232], [101.601236, 3.06723], [101.601351, 3.067201], [101.601346, 3.066984]]]}}, {"type": "Feature", "properties": {}, "geometry": {"type": "Polygon", "coordinates": [[[101.603046, 3.068418], [101.602931, 3.068447], [101.60293, 3.068516], [101.603148, 3.068518], [101.603263, 3.068489], [101.603264, 3.06842], [101.603046, 3.068418]]]}}, {"type": "Feature", "properties": {}, "geometry": {"type": "Polygon", "coordinates": [[[101.602703, 3.066555], [101.602611, 3.066578], [101.602611, 3.066646], [101.602831, 3.066646], [101.602923, 3.066623], [101.602923, 3.066555], [101.602703, 3.066555]]]}}, {"type": "Feature", "properties": {}, "geometry": {"type": "Polygon", "coordinates": [[[101.602378, 3.067695], [101.60231, 3.067697], [101.602195, 3.067726], [101.602199, 3.067943], [101.602267, 3.067941], [101.602382, 3.067912], [101.602378, 3.067695]]]}}, {"type": "Feature", "properties": {}, "geometry": {"type": "Polygon", "coordinates": [[[101.602312, 3.067297], [101.602244, 3.067298], [101.602128, 3.067327], [101.602132, 3.06754], [101.602201, 3.067539], [101.602316, 3.06751], [101.602312, 3.067297]]]}}, {"type": "Feature", "properties": {}, "geometry": {"type": "Polygon", "coordinates": [[[101.600156, 3.069404], [101.600075, 3.069405], [101.599959, 3.069434], [101.599962, 3.069653], [101.600044, 3.069651], [101.600159, 3.069623], [101.600156, 3.069404]]]}}, {"type": "Feature", "properties": {}, "geometry": {"type": "Polygon", "coordinates": [[[101.6019, 3.067704], [101.601832, 3.067705], [101.601716, 3.067734], [101.60172, 3.067951], [101.601789, 3.06795], [101.601904, 3.067921], [101.6019, 3.067704]]]}}, {"type": "Feature", "properties": {}, "geometry": {"type": "Polygon", "coordinates": [[[101.603033, 3.067633], [101.602941, 3.067656], [101.602941, 3.067724], [101.603156, 3.067724], [101.603248, 3.067701], [101.603248, 3.067633], [101.603033, 3.067633]]]}}, {"type": "Feature", "properties": {}, "geometry": {"type": "Polygon", "coordinates": [[[101.601328, 3.069386], [101.601247, 3.069387], [101.601131, 3.069416], [101.601135, 3.06963], [101.601216, 3.069629], [101.601331, 3.0696], [101.601328, 3.069386]]]}}, {"type": "Feature", "properties": {}, "geometry": {"type": "Polygon", "coordinates": [[[101.602216, 3.066415], [101.601993, 3.066417], [101.601878, 3.066446], [101.601878, 3.066514], [101.602101, 3.066513], [101.602216, 3.066484], [101.602216, 3.066415]]]}}, {"type": "Feature", "properties": {}, "geometry": {"type": "Polygon", "coordinates": [[[101.60238, 3.067295], [101.602312, 3.067297], [101.602197, 3.067326], [101.602201, 3.067539], [101.602269, 3.067538], [101.602384, 3.067509], [101.60238, 3.067295]]]}}, {"type": "Feature", "properties": {}, "geometry": {"type": "Polygon", "coordinates": [[[101.602326, 3.065803], [101.602211, 3.065832], [101.602211, 3.0659], [101.602432, 3.065902], [101.602547, 3.065873], [101.602548, 3.065805], [101.602326, 3.065803]]]}}, {"type": "Feature", "properties": {}, "geometry": {"type": "Polygon", "coordinates": [[[101.603249, 3.066349], [101.603027, 3.06635], [101.602935, 3.066374], [101.602935, 3.066442], [101.603157, 3.066441], [101.603249, 3.066418], [101.603249, 3.066349]]]}}, {"type": "Feature", "properties": {}, "geometry": {"type": "Polygon", "coordinates": [[[101.60273, 3.06728], [101.602615, 3.067309], [101.602615, 3.067378], [101.602833, 3.067379], [101.602948, 3.06735], [101.602948, 3.067281], [101.60273, 3.06728]]]}}, {"type": "Feature", "properties": {}, "geometry": {"type": "Polygon", "coordinates": [[[101.603049, 3.068145], [101.602934, 3.068174], [101.602933, 3.068242], [101.603151, 3.068244], [101.603266, 3.068215], [101.603267, 3.068147], [101.603049, 3.068145]]]}}, {"type": "Feature", "properties": {}, "geometry": {"type": "Polygon", "coordinates": [[[101.601277, 3.066986], [101.601209, 3.066987], [101.601094, 3.067016], [101.601099, 3.067234], [101.601167, 3.067232], [101.601283, 3.067203], [101.601277, 3.066986]]]}}, {"type": "Feature", "properties": {}, "geometry": {"type": "Polygon", "coordinates": [[[101.602703, 3.06635], [101.602611, 3.066373], [101.602611, 3.066441], [101.602831, 3.066442], [101.602923, 3.066418], [101.602923, 3.06635], [101.602703, 3.06635]]]}}, {"type": "Feature", "properties": {}, "geometry": {"type": "Polygon", "coordinates": [[[101.602218, 3.069269], [101.602003, 3.069269], [101.601888, 3.069298], [101.601888, 3.069367], [101.602103, 3.069367], [101.602218, 3.069338], [101.602218, 3.069269]]]}}, {"type": "Feature", "properties": {}, "geometry": {"type": "Polygon", "coordinates": [[[101.600727, 3.069397], [101.600645, 3.069398], [101.60053, 3.069427], [101.600533, 3.069645], [101.600615, 3.069644], [101.60073, 3.069615], [101.600727, 3.069397]]]}}, {"type": "Feature", "properties": {}, "geometry": {"type": "Polygon", "coordinates": [[[101.601834, 3.067305], [101.601765, 3.067306], [101.60165, 3.067335], [101.601654, 3.067549], [101.601722, 3.067548], [101.601837, 3.067519], [101.601834, 3.067305]]]}}, {"type": "Feature", "properties": {}, "geometry": {"type": "Polygon", "coordinates": [[[101.603034, 3.067361], [101.602942, 3.067385], [101.602942, 3.067452], [101.603156, 3.067453], [101.603248, 3.067429], [101.603248, 3.067362], [101.603034, 3.067361]]]}}, {"type": "Feature", "properties": {}, "geometry": {"type": "Polygon", "coordinates": [[[101.602214, 3.066142], [101.601991, 3.066143], [101.601876, 3.066172], [101.601876, 3.066241], [101.602099, 3.066239], [101.602214, 3.06621], [101.602214, 3.066142]]]}}, {"type": "Feature", "properties": {}, "geometry": {"type": "Polygon", "coordinates": [[[101.601572, 3.069382], [101.601491, 3.069383], [101.601376, 3.069412], [101.601379, 3.069626], [101.60146, 3.069625], [101.601575, 3.069596], [101.601572, 3.069382]]]}}, {"type": "Feature", "properties": {}, "geometry": {"type": "Polygon", "coordinates": [[[101.601638, 3.068038], [101.60157, 3.068039], [101.601455, 3.068068], [101.601458, 3.068285], [101.601526, 3.068284], [101.601641, 3.068255], [101.601638, 3.068038]]]}}, {"type": "Feature", "properties": {}, "geometry": {"type": "Polygon", "coordinates": [[[101.602216, 3.066484], [101.601993, 3.066485], [101.601878, 3.066514], [101.601879, 3.066583], [101.602102, 3.066581], [101.602217, 3.066552], [101.602216, 3.066484]]]}}, {"type": "Feature", "properties": {}, "geometry": {"type": "Polygon", "coordinates": [[[101.600161, 3.069735], [101.600079, 3.069736], [101.599964, 3.069765], [101.599968, 3.069978], [101.60005, 3.069976], [101.600165, 3.069947], [101.600161, 3.069735]]]}}, {"type": "Feature", "properties": {}, "geometry": {"type": "Polygon", "coordinates": [[[101.602326, 3.06594], [101.60221, 3.065969], [101.60221, 3.066037], [101.602431, 3.066038], [101.602546, 3.06601], [101.602547, 3.065941], [101.602326, 3.06594]]]}}, {"type": "Feature", "properties": {}, "geometry": {"type": "Polygon", "coordinates": [[[101.602544, 3.069614], [101.602326, 3.069617], [101.602211, 3.069646], [101.602212, 3.069714], [101.602429, 3.069712], [101.602545, 3.069683], [101.602544, 3.069614]]]}}, {"type": "Feature", "properties": {}, "geometry": {"type": "Polygon", "coordinates": [[[101.602731, 3.067143], [101.602616, 3.067172], [101.602616, 3.067241], [101.602833, 3.067241], [101.602948, 3.067212], [101.602949, 3.067144], [101.602731, 3.067143]]]}}, {"type": "Feature", "properties": {}, "geometry": {"type": "Polygon", "coordinates": [[[101.602327, 3.065735], [101.602212, 3.065764], [101.602211, 3.065832], [101.602433, 3.065834], [101.602548, 3.065805], [101.602548, 3.065736], [101.602327, 3.065735]]]}}, {"type": "Feature", "properties": {}, "geometry": {"type": "Polygon", "coordinates": [[[101.603248, 3.066144], [101.603026, 3.066145], [101.602934, 3.066168], [101.602934, 3.066237], [101.603156, 3.066236], [101.603248, 3.066212], [101.603248, 3.066144]]]}}, {"type": "Feature", "properties": {}, "geometry": {"type": "Polygon", "coordinates": [[[101.600767, 3.067723], [101.600699, 3.067723], [101.600584, 3.067752], [101.600586, 3.067971], [101.600654, 3.067971], [101.600769, 3.067942], [101.600767, 3.067723]]]}}, {"type": "Feature", "properties": {}, "geometry": {"type": "Polygon", "coordinates": [[[101.60273, 3.067349], [101.602615, 3.067378], [101.602615, 3.067447], [101.602833, 3.067447], [101.602948, 3.067418], [101.602948, 3.06735], [101.60273, 3.067349]]]}}, {"type": "Feature", "properties": {}, "geometry": {"type": "Polygon", "coordinates": [[[101.601959, 3.066969], [101.601891, 3.066971], [101.601776, 3.067], [101.601781, 3.067218], [101.601849, 3.067216], [101.601965, 3.067187], [101.601959, 3.066969]]]}}, {"type": "Feature", "properties": {}, "geometry": {"type": "Polygon", "coordinates": [[[101.602703, 3.066214], [101.602611, 3.066237], [101.602611, 3.066305], [101.602831, 3.066305], [101.602923, 3.066282], [101.602923, 3.066214], [101.602703, 3.066214]]]}}, {"type": "Feature", "properties": {}, "geometry": {"type": "Polygon", "coordinates": [[[101.601246, 3.067717], [101.601177, 3.067718], [101.601062, 3.067747], [101.601064, 3.067966], [101.601133, 3.067966], [101.601248, 3.067937], [101.601246, 3.067717]]]}}, {"type": "Feature", "properties": {}, "geometry": {"type": "Polygon", "coordinates": [[[101.600401, 3.069401], [101.600319, 3.069402], [101.600204, 3.069431], [101.600207, 3.069649], [101.600288, 3.069648], [101.600404, 3.069619], [101.600401, 3.069401]]]}}, {"type": "Feature", "properties": {}, "geometry": {"type": "Polygon", "coordinates": [[[101.601482, 3.066981], [101.601414, 3.066982], [101.601299, 3.067011], [101.601304, 3.067229], [101.601372, 3.067227], [101.601487, 3.067198], [101.601482, 3.066981]]]}}, {"type": "Feature", "properties": {}, "geometry": {"type": "Polygon", "coordinates": [[[101.60156, 3.06731], [101.601492, 3.067311], [101.601377, 3.06734], [101.601381, 3.067554], [101.601449, 3.067553], [101.601564, 3.067524], [101.60156, 3.06731]]]}}, {"type": "Feature", "properties": {}, "geometry": {"type": "Polygon", "coordinates": [[[101.602703, 3.066418], [101.602611, 3.066441], [101.602611, 3.06651], [101.602831, 3.06651], [101.602923, 3.066487], [101.602923, 3.066418], [101.602703, 3.066418]]]}}, {"type": "Feature", "properties": {}, "geometry": {"type": "Polygon", "coordinates": [[[101.600842, 3.068048], [101.600773, 3.068048], [101.600658, 3.068077], [101.60066, 3.068297], [101.600728, 3.068297], [101.600843, 3.068268], [101.600842, 3.068048]]]}}, {"type": "Feature", "properties": {}, "geometry": {"type": "Polygon", "coordinates": [[[101.603034, 3.067158], [101.602942, 3.067181], [101.602942, 3.067249], [101.603156, 3.067249], [101.603248, 3.067226], [101.603249, 3.067158], [101.603034, 3.067158]]]}}, {"type": "Feature", "properties": {}, "geometry": {"type": "Polygon", "coordinates": [[[101.602214, 3.06621], [101.601992, 3.066212], [101.601876, 3.066241], [101.601877, 3.066309], [101.6021, 3.066308], [101.602215, 3.066279], [101.602214, 3.06621]]]}}, {"type": "Feature", "properties": {}, "geometry": {"type": "Polygon", "coordinates": [[[101.600487, 3.069728], [101.600406, 3.06973], [101.60029, 3.069758], [101.600295, 3.069971], [101.600376, 3.06997], [101.600492, 3.069941], [101.600487, 3.069728]]]}}, {"type": "Feature", "properties": {}, "geometry": {"type": "Polygon", "coordinates": [[[101.60132, 3.068044], [101.601252, 3.068045], [101.601137, 3.068074], [101.601138, 3.068293], [101.601207, 3.068293], [101.601322, 3.068264], [101.60132, 3.068044]]]}}, {"type": "Feature", "properties": {}, "geometry": {"type": "Polygon", "coordinates": [[[101.602322, 3.066418], [101.602207, 3.066447], [101.602207, 3.066515], [101.602428, 3.066517], [101.602543, 3.066488], [101.602544, 3.066419], [101.602322, 3.066418]]]}}, {"type": "Feature", "properties": {}, "geometry": {"type": "Polygon", "coordinates": [[[101.602727, 3.068009], [101.602612, 3.068038], [101.602612, 3.068106], [101.602825, 3.068106], [101.602941, 3.068077], [101.602941, 3.068009], [101.602727, 3.068009]]]}}, {"type": "Feature", "properties": {}, "geometry": {"type": "Polygon", "coordinates": [[[101.602542, 3.06941], [101.602324, 3.069412], [101.602209, 3.069441], [101.60221, 3.069509], [101.602427, 3.069507], [101.602542, 3.069478], [101.602542, 3.06941]]]}}, {"type": "Feature", "properties": {}, "geometry": {"type": "Polygon", "coordinates": [[[101.602254, 3.068029], [101.602185, 3.06803], [101.60207, 3.068059], [101.602073, 3.068276], [101.602142, 3.068275], [101.602257, 3.068246], [101.602254, 3.068029]]]}}, {"type": "Feature", "properties": {}, "geometry": {"type": "Polygon", "coordinates": [[[101.601451, 3.067715], [101.601382, 3.067716], [101.601267, 3.067745], [101.601269, 3.067964], [101.601338, 3.067963], [101.601453, 3.067934], [101.601451, 3.067715]]]}}, {"type": "Feature", "properties": {}, "geometry": {"type": "Polygon", "coordinates": [[[101.602727, 3.068145], [101.602612, 3.068174], [101.602612, 3.068242], [101.602825, 3.068242], [101.60294, 3.068213], [101.60294, 3.068145], [101.602727, 3.068145]]]}}, {"type": "Feature", "properties": {}, "geometry": {"type": "Polygon", "coordinates": [[[101.602049, 3.068032], [101.60198, 3.068033], [101.601865, 3.068062], [101.601868, 3.068279], [101.601936, 3.068278], [101.602052, 3.068249], [101.602049, 3.068032]]]}}, {"type": "Feature", "properties": {}, "geometry": {"type": "Polygon", "coordinates": [[[101.602164, 3.066965], [101.602096, 3.066966], [101.601981, 3.066995], [101.601986, 3.067213], [101.602054, 3.067211], [101.602169, 3.067182], [101.602164, 3.066965]]]}}, {"type": "Feature", "properties": {}, "geometry": {"type": "Polygon", "coordinates": [[[101.601759, 3.069704], [101.601658, 3.069706], [101.601543, 3.069735], [101.601547, 3.069946], [101.601647, 3.069945], [101.601762, 3.069916], [101.601759, 3.069704]]]}}, {"type": "Feature", "properties": {}, "geometry": {"type": "Polygon", "coordinates": [[[101.602218, 3.069474], [101.602004, 3.069475], [101.601888, 3.069504], [101.601889, 3.069572], [101.602103, 3.069572], [101.602218, 3.069543], [101.602218, 3.069474]]]}}, {"type": "Feature", "properties": {}, "geometry": {"type": "Polygon", "coordinates": [[[101.603034, 3.067022], [101.602942, 3.067045], [101.602942, 3.067113], [101.603157, 3.067114], [101.603249, 3.06709], [101.603249, 3.067023], [101.603034, 3.067022]]]}}, {"type": "Feature", "properties": {}, "geometry": {"type": "Polygon", "coordinates": [[[101.600482, 3.0694], [101.600401, 3.069401], [101.600286, 3.06943], [101.600288, 3.069648], [101.60037, 3.069647], [101.600485, 3.069618], [101.600482, 3.0694]]]}}, {"type": "Feature", "properties": {}, "geometry": {"type": "Polygon", "coordinates": [[[101.601355, 3.067314], [101.601287, 3.067315], [101.601172, 3.067344], [101.601175, 3.067557], [101.601244, 3.067556], [101.601359, 3.067527], [101.601355, 3.067314]]]}}, {"type": "Feature", "properties": {}, "geometry": {"type": "Polygon", "coordinates": [[[101.602218, 3.06968], [101.602004, 3.06968], [101.601889, 3.069709], [101.601889, 3.069777], [101.602103, 3.069777], [101.602218, 3.069748], [101.602218, 3.06968]]]}}, {"type": "Feature", "properties": {}, "geometry": {"type": "Polygon", "coordinates": [[[101.603034, 3.067226], [101.602942, 3.067249], [101.602942, 3.067317], [101.603156, 3.067317], [101.603248, 3.067294], [101.603248, 3.067226], [101.603034, 3.067226]]]}}, {"type": "Feature", "properties": {}, "geometry": {"type": "Polygon", "coordinates": [[[101.602321, 3.066555], [101.602206, 3.066584], [101.602206, 3.066652], [101.602427, 3.066653], [101.602542, 3.066624], [101.602543, 3.066556], [101.602321, 3.066555]]]}}, {"type": "Feature", "properties": {}, "geometry": {"type": "Polygon", "coordinates": [[[101.602703, 3.066759], [101.60261, 3.066782], [101.60261, 3.06685], [101.602831, 3.06685], [101.602923, 3.066827], [101.602923, 3.066759], [101.602703, 3.066759]]]}}, {"type": "Feature", "properties": {}, "geometry": {"type": "Polygon", "coordinates": [[[101.602213, 3.066005], [101.60199, 3.066007], [101.601875, 3.066036], [101.601876, 3.066104], [101.602098, 3.066102], [101.602213, 3.066073], [101.602213, 3.066005]]]}}, {"type": "Feature", "properties": {}, "geometry": {"type": "Polygon", "coordinates": [[[101.60254, 3.069273], [101.602323, 3.069275], [101.602208, 3.069304], [101.602208, 3.069373], [101.602426, 3.06937], [101.602541, 3.069341], [101.60254, 3.069273]]]}}, {"type": "Feature", "properties": {}, "geometry": {"type": "Polygon", "coordinates": [[[101.601084, 3.069389], [101.601003, 3.069391], [101.600888, 3.06942], [101.600891, 3.069634], [101.600972, 3.069632], [101.601087, 3.069603], [101.601084, 3.069389]]]}}, {"type": "Feature", "properties": {}, "geometry": {"type": "Polygon", "coordinates": [[[101.602321, 3.066623], [101.602206, 3.066652], [101.602205, 3.066749], [101.602426, 3.066751], [101.602541, 3.066722], [101.602542, 3.066624], [101.602321, 3.066623]]]}}, {"type": "Feature", "properties": {}, "geometry": {"type": "Polygon", "coordinates": [[[101.601577, 3.069707], [101.601496, 3.069709], [101.601381, 3.069738], [101.601384, 3.069949], [101.601465, 3.069948], [101.601581, 3.069919], [101.601577, 3.069707]]]}}, {"type": "Feature", "properties": {}, "geometry": {"type": "Polygon", "coordinates": [[[101.602542, 3.069478], [101.602325, 3.06948], [101.60221, 3.069509], [101.60221, 3.069577], [101.602428, 3.069575], [101.602543, 3.069546], [101.602542, 3.069478]]]}}, {"type": "Feature", "properties": {}, "geometry": {"type": "Polygon", "coordinates": [[[101.60273, 3.067555], [101.602615, 3.067584], [101.602614, 3.067652], [101.602832, 3.067653], [101.602947, 3.067624], [101.602947, 3.067556], [101.60273, 3.067555]]]}}, {"type": "Feature", "properties": {}, "geometry": {"type": "Polygon", "coordinates": [[[101.602185, 3.06803], [101.602117, 3.068031], [101.602002, 3.06806], [101.602005, 3.068277], [101.602073, 3.068276], [101.602188, 3.068247], [101.602185, 3.06803]]]}}, {"type": "Feature", "properties": {}, "geometry": {"type": "Polygon", "coordinates": [[[101.6023, 3.066961], [101.602232, 3.066963], [101.602117, 3.066992], [101.602122, 3.06721], [101.60219, 3.067208], [101.602306, 3.067179], [101.6023, 3.066961]]]}}, {"type": "Feature", "properties": {}, "geometry": {"type": "Polygon", "coordinates": [[[101.60325, 3.066692], [101.603028, 3.066693], [101.602936, 3.066716], [101.602937, 3.066784], [101.603159, 3.066783], [101.603251, 3.06676], [101.60325, 3.066692]]]}}, {"type": "Feature", "properties": {}, "geometry": {"type": "Polygon", "coordinates": [[[101.602727, 3.068621], [101.602612, 3.06865], [101.602611, 3.068718], [101.602825, 3.068718], [101.60294, 3.068689], [101.60294, 3.068621], [101.602727, 3.068621]]]}}, {"type": "Feature", "properties": {}, "geometry": {"type": "Polygon", "coordinates": [[[101.601333, 3.069712], [101.601252, 3.069713], [101.601136, 3.069742], [101.60114, 3.069953], [101.601221, 3.069952], [101.601337, 3.069923], [101.601333, 3.069712]]]}}, {"type": "Feature", "properties": {}, "geometry": {"type": "Polygon", "coordinates": [[[101.602729, 3.067761], [101.602614, 3.06779], [101.602614, 3.067858], [101.602831, 3.067859], [101.602946, 3.06783], [101.602947, 3.067761], [101.602729, 3.067761]]]}}, {"type": "Feature", "properties": {}, "geometry": {"type": "Polygon", "coordinates": [[[101.601457, 3.068043], [101.601388, 3.068044], [101.601273, 3.068073], [101.601275, 3.068292], [101.601343, 3.068292], [101.601459, 3.068263], [101.601457, 3.068043]]]}}, {"type": "Feature", "properties": {}, "geometry": {"type": "Polygon", "coordinates": [[[101.602096, 3.066966], [101.602028, 3.066968], [101.601912, 3.066997], [101.601918, 3.067214], [101.601986, 3.067213], [101.602101, 3.067184], [101.602096, 3.066966]]]}}, {"type": "Feature", "properties": {}, "geometry": {"type": "Polygon", "coordinates": [[[101.603046, 3.068487], [101.60293, 3.068516], [101.60293, 3.068584], [101.603148, 3.068586], [101.603263, 3.068557], [101.603263, 3.068489], [101.603046, 3.068487]]]}}, {"type": "Feature", "properties": {}, "geometry": {"type": "Polygon", "coordinates": [[[101.602703, 3.066623], [101.602611, 3.066646], [101.60261, 3.066714], [101.602831, 3.066714], [101.602923, 3.066691], [101.602923, 3.066623], [101.602703, 3.066623]]]}}, {"type": "Feature", "properties": {}, "geometry": {"type": "Polygon", "coordinates": [[[101.60231, 3.067697], [101.602242, 3.067698], [101.602127, 3.067727], [101.602131, 3.067944], [101.602199, 3.067943], [101.602314, 3.067914], [101.60231, 3.067697]]]}}, {"type": "Feature", "properties": {}, "geometry": {"type": "Polygon", "coordinates": [[[101.602218, 3.069543], [101.602004, 3.069543], [101.601889, 3.069572], [101.601889, 3.069641], [101.602103, 3.06964], [101.602218, 3.069611], [101.602218, 3.069543]]]}}, {"type": "Feature", "properties": {}, "geometry": {"type": "Polygon", "coordinates": [[[101.601003, 3.069391], [101.600921, 3.069392], [101.600806, 3.069421], [101.600809, 3.069635], [101.600891, 3.069634], [101.601006, 3.069605], [101.601003, 3.069391]]]}}, {"type": "Feature", "properties": {}, "geometry": {"type": "Polygon", "coordinates": [[[101.602107, 3.0673], [101.602039, 3.067302], [101.601923, 3.067331], [101.601927, 3.067544], [101.601996, 3.067543], [101.602111, 3.067514], [101.602107, 3.0673]]]}}, {"type": "Feature", "properties": {}, "geometry": {"type": "Polygon", "coordinates": [[[101.600238, 3.069403], [101.600156, 3.069404], [101.600041, 3.069433], [101.600044, 3.069651], [101.600125, 3.06965], [101.60024, 3.069621], [101.600238, 3.069403]]]}}, {"type": "Feature", "properties": {}, "geometry": {"type": "Polygon", "coordinates": [[[101.601424, 3.067312], [101.601355, 3.067314], [101.60124, 3.067343], [101.601244, 3.067556], [101.601312, 3.067555], [101.601427, 3.067526], [101.601424, 3.067312]]]}}, {"type": "Feature", "properties": {}, "geometry": {"type": "Polygon", "coordinates": [[[101.602105, 3.0677], [101.602037, 3.067702], [101.601922, 3.067731], [101.601925, 3.067947], [101.601994, 3.067946], [101.602109, 3.067917], [101.602105, 3.0677]]]}}, {"type": "Feature", "properties": {}, "geometry": {"type": "Polygon", "coordinates": [[[101.603033, 3.0677], [101.602941, 3.067724], [101.602941, 3.067791], [101.603156, 3.067792], [101.603248, 3.067768], [101.603248, 3.067701], [101.603033, 3.0677]]]}}, {"type": "Feature", "properties": {}, "geometry": {"type": "Polygon", "coordinates": [[[101.601247, 3.069387], [101.601165, 3.069388], [101.60105, 3.069417], [101.601053, 3.069631], [101.601135, 3.06963], [101.60125, 3.069601], [101.601247, 3.069387]]]}}, {"type": "Feature", "properties": {}, "geometry": {"type": "Polygon", "coordinates": [[[101.600705, 3.068049], [101.600637, 3.06805], [101.600521, 3.068078], [101.600523, 3.068298], [101.600592, 3.068298], [101.600707, 3.068269], [101.600705, 3.068049]]]}}, {"type": "Feature", "properties": {}, "geometry": {"type": "Polygon", "coordinates": [[[101.601496, 3.069709], [101.601414, 3.06971], [101.601299, 3.069739], [101.601303, 3.069951], [101.601384, 3.069949], [101.601499, 3.06992], [101.601496, 3.069709]]]}}, {"type": "Feature", "properties": {}, "geometry": {"type": "Polygon", "coordinates": [[[101.603249, 3.066418], [101.603027, 3.066419], [101.602935, 3.066442], [101.602935, 3.066511], [101.603157, 3.066509], [101.603249, 3.066486], [101.603249, 3.066418]]]}}, {"type": "Feature", "properties": {}, "geometry": {"type": "Polygon", "coordinates": [[[101.602729, 3.067623], [101.602614, 3.067652], [101.602614, 3.067721], [101.602832, 3.067722], [101.602947, 3.067693], [101.602947, 3.067624], [101.602729, 3.067623]]]}}, {"type": "Feature", "properties": {}, "geometry": {"type": "Polygon", "coordinates": [[[101.602391, 3.068027], [101.602322, 3.068028], [101.602207, 3.068057], [101.60221, 3.068274], [101.602279, 3.068273], [101.602394, 3.068244], [101.602391, 3.068027]]]}}, {"type": "Feature", "properties": {}, "geometry": {"type": "Polygon", "coordinates": [[[101.603048, 3.068213], [101.602933, 3.068242], [101.602933, 3.06831], [101.60315, 3.068313], [101.603265, 3.068284], [101.603266, 3.068215], [101.603048, 3.068213]]]}}, {"type": "Feature", "properties": {}, "geometry": {"type": "Polygon", "coordinates": [[[101.602703, 3.066691], [101.60261, 3.066714], [101.60261, 3.066782], [101.602831, 3.066782], [101.602923, 3.066759], [101.602923, 3.066691], [101.602703, 3.066691]]]}}, {"type": "Feature", "properties": {}, "geometry": {"type": "Polygon", "coordinates": [[[101.602242, 3.067698], [101.602173, 3.067699], [101.602058, 3.067728], [101.602062, 3.067945], [101.602131, 3.067944], [101.602246, 3.067915], [101.602242, 3.067698]]]}}, {"type": "Feature", "properties": {}, "geometry": {"type": "Polygon", "coordinates": [[[101.602218, 3.069338], [101.602003, 3.069338], [101.601888, 3.069367], [101.601888, 3.069435], [101.602103, 3.069435], [101.602218, 3.069406], [101.602218, 3.069338]]]}}, {"type": "Feature", "properties": {}, "geometry": {"type": "Polygon", "coordinates": [[[101.601902, 3.067304], [101.601834, 3.067305], [101.601718, 3.067334], [101.601722, 3.067548], [101.601791, 3.067547], [101.601906, 3.067518], [101.601902, 3.067304]]]}}, {"type": "Feature", "properties": {}, "geometry": {"type": "Polygon", "coordinates": [[[101.603034, 3.067429], [101.602942, 3.067452], [101.602941, 3.06752], [101.603156, 3.06752], [101.603248, 3.067497], [101.603248, 3.067429], [101.603034, 3.067429]]]}}, {"type": "Feature", "properties": {}, "geometry": {"type": "Polygon", "coordinates": [[[101.603033, 3.067768], [101.602941, 3.067791], [101.602941, 3.067859], [101.603156, 3.067859], [101.603248, 3.067836], [101.603248, 3.067768], [101.603033, 3.067768]]]}}, {"type": "Feature", "properties": {}, "geometry": {"type": "Polygon", "coordinates": [[[101.600808, 3.069396], [101.600727, 3.069397], [101.600612, 3.069425], [101.600615, 3.069644], [101.600696, 3.069643], [101.600811, 3.069614], [101.600808, 3.069396]]]}}, {"type": "Feature", "properties": {}, "geometry": {"type": "Polygon", "coordinates": [[[101.600406, 3.06973], [101.600324, 3.069731], [101.600209, 3.06976], [101.600213, 3.069973], [101.600295, 3.069971], [101.60041, 3.069942], [101.600406, 3.06973]]]}}, {"type": "Feature", "properties": {}, "geometry": {"type": "Polygon", "coordinates": [[[101.602324, 3.066145], [101.602209, 3.066174], [101.602209, 3.066242], [101.60243, 3.066243], [101.602545, 3.066214], [101.602545, 3.066146], [101.602324, 3.066145]]]}}, {"type": "Feature", "properties": {}, "geometry": {"type": "Polygon", "coordinates": [[[101.602545, 3.069683], [101.602327, 3.069685], [101.602212, 3.069714], [101.602213, 3.069782], [101.60243, 3.06978], [101.602545, 3.069751], [101.602545, 3.069683]]]}}, {"type": "Feature", "properties": {}, "geometry": {"type": "Polygon", "coordinates": [[[101.602732, 3.066937], [101.602616, 3.066966], [101.602616, 3.067035], [101.602834, 3.067035], [101.602949, 3.067007], [101.602949, 3.066938], [101.602732, 3.066937]]]}}, {"type": "Feature", "properties": {}, "geometry": {"type": "Polygon", "coordinates": [[[101.603247, 3.065939], [101.603025, 3.06594], [101.602933, 3.065963], [101.602933, 3.066031], [101.603155, 3.06603], [101.603247, 3.066007], [101.603247, 3.065939]]]}}, {"type": "Feature", "properties": {}, "geometry": {"type": "Polygon", "coordinates": [[[101.600835, 3.067722], [101.600767, 3.067723], [101.600652, 3.067751], [101.600654, 3.067971], [101.600723, 3.06797], [101.600838, 3.067941], [101.600835, 3.067722]]]}}, {"type": "Feature", "properties": {}, "geometry": {"type": "Polygon", "coordinates": [[[101.602463, 3.066958], [101.602369, 3.06696], [101.602254, 3.066989], [101.602259, 3.067206], [101.602353, 3.067204], [101.602468, 3.067175], [101.602463, 3.066958]]]}}, {"type": "Feature", "properties": {}, "geometry": {"type": "Polygon", "coordinates": [[[101.60273, 3.067418], [101.602615, 3.067447], [101.602615, 3.067515], [101.602832, 3.067516], [101.602947, 3.067487], [101.602948, 3.067418], [101.60273, 3.067418]]]}}, {"type": "Feature", "properties": {}, "geometry": {"type": "Polygon", "coordinates": [[[101.601775, 3.068036], [101.601706, 3.068037], [101.601591, 3.068066], [101.601594, 3.068283], [101.601663, 3.068282], [101.601778, 3.068253], [101.601775, 3.068036]]]}}, {"type": "Feature", "properties": {}, "geometry": {"type": "Polygon", "coordinates": [[[101.601891, 3.066971], [101.601823, 3.066973], [101.601708, 3.067002], [101.601713, 3.067219], [101.601781, 3.067218], [101.601896, 3.067189], [101.601891, 3.066971]]]}}, {"type": "Feature", "properties": {}, "geometry": {"type": "Polygon", "coordinates": [[[101.602703, 3.066009], [101.602611, 3.066033], [101.602611, 3.066101], [101.602831, 3.066101], [101.602923, 3.066078], [101.602923, 3.06601], [101.602703, 3.066009]]]}}, {"type": "Feature", "properties": {}, "geometry": {"type": "Polygon", "coordinates": [[[101.601041, 3.06772], [101.600972, 3.06772], [101.600857, 3.067749], [101.600859, 3.067968], [101.600928, 3.067968], [101.601043, 3.067939], [101.601041, 3.06772]]]}}, {"type": "Feature", "properties": {}, "geometry": {"type": "Polygon", "coordinates": [[[101.601687, 3.066976], [101.601618, 3.066977], [101.601503, 3.067006], [101.601508, 3.067224], [101.601577, 3.067222], [101.601692, 3.067193], [101.601687, 3.066976]]]}}, {"type": "Feature", "properties": {}, "geometry": {"type": "Polygon", "coordinates": [[[101.601629, 3.067309], [101.60156, 3.06731], [101.601445, 3.067339], [101.601449, 3.067553], [101.601517, 3.067551], [101.601632, 3.067522], [101.601629, 3.067309]]]}}, {"type": "Feature", "properties": {}, "geometry": {"type": "Polygon", "coordinates": [[[101.602703, 3.066486], [101.602611, 3.06651], [101.602611, 3.066578], [101.602831, 3.066578], [101.602923, 3.066555], [101.602923, 3.066487], [101.602703, 3.066486]]]}}, {"type": "Feature", "properties": {}, "geometry": {"type": "Polygon", "coordinates": [[[101.60091, 3.068047], [101.600842, 3.068048], [101.600727, 3.068077], [101.600728, 3.068297], [101.600797, 3.068296], [101.600912, 3.068267], [101.60091, 3.068047]]]}}, {"type": "Feature", "properties": {}, "geometry": {"type": "Polygon", "coordinates": [[[101.60197, 3.067303], [101.601902, 3.067304], [101.601787, 3.067333], [101.601791, 3.067547], [101.601859, 3.067545], [101.601974, 3.067516], [101.60197, 3.067303]]]}}, {"type": "Feature", "properties": {}, "geometry": {"type": "Polygon", "coordinates": [[[101.603033, 3.067497], [101.602941, 3.06752], [101.602941, 3.067588], [101.603156, 3.067588], [101.603248, 3.067565], [101.603248, 3.067497], [101.603033, 3.067497]]]}}, {"type": "Feature", "properties": {}, "geometry": {"type": "Polygon", "coordinates": [[[101.602215, 3.066279], [101.601992, 3.06628], [101.601877, 3.066309], [101.601877, 3.066378], [101.6021, 3.066376], [101.602215, 3.066347], [101.602215, 3.066279]]]}}, {"type": "Feature", "properties": {}, "geometry": {"type": "Polygon", "coordinates": [[[101.600732, 3.069723], [101.600651, 3.069725], [101.600536, 3.069754], [101.60054, 3.069966], [101.600622, 3.069965], [101.600737, 3.069936], [101.600732, 3.069723]]]}}, {"type": "Feature", "properties": {}, "geometry": {"type": "Polygon", "coordinates": [[[101.601115, 3.068046], [101.601047, 3.068046], [101.600932, 3.068075], [101.600933, 3.068295], [101.601002, 3.068294], [101.601117, 3.068265], [101.601115, 3.068046]]]}}, {"type": "Feature", "properties": {}, "geometry": {"type": "Polygon", "coordinates": [[[101.603246, 3.065665], [101.603023, 3.065666], [101.602931, 3.065689], [101.602932, 3.065826], [101.603154, 3.065825], [101.603246, 3.065802], [101.603246, 3.065665]]]}}, {"type": "Feature", "properties": {}, "geometry": {"type": "Polygon", "coordinates": [[[101.602323, 3.06635], [101.602208, 3.066379], [101.602207, 3.066447], [101.602428, 3.066448], [101.602544, 3.066419], [101.602544, 3.066351], [101.602323, 3.06635]]]}}, {"type": "Feature", "properties": {}, "geometry": {"type": "Polygon", "coordinates": [[[101.603246, 3.065802], [101.603024, 3.065803], [101.602932, 3.065826], [101.602932, 3.065894], [101.603155, 3.065893], [101.603247, 3.06587], [101.603246, 3.065802]]]}}, {"type": "Feature", "properties": {}, "geometry": {"type": "Polygon", "coordinates": [[[101.602545, 3.069751], [101.602328, 3.069753], [101.602213, 3.069782], [101.602214, 3.069851], [101.602431, 3.069848], [101.602546, 3.069819], [101.602545, 3.069751]]]}}, {"type": "Feature", "properties": {}, "geometry": {"type": "Polygon", "coordinates": [[[101.602727, 3.068349], [101.602612, 3.068378], [101.602612, 3.068446], [101.602825, 3.068446], [101.60294, 3.068417], [101.60294, 3.068349], [101.602727, 3.068349]]]}}, {"type": "Feature", "properties": {}, "geometry": {"type": "Polygon", "coordinates": [[[101.600904, 3.067721], [101.600835, 3.067722], [101.60072, 3.067751], [101.600723, 3.06797], [101.600791, 3.067969], [101.600906, 3.06794], [101.600904, 3.067721]]]}}, {"type": "Feature", "properties": {}, "geometry": {"type": "Polygon", "coordinates": [[[101.60198, 3.068033], [101.601912, 3.068034], [101.601797, 3.068063], [101.6018, 3.06828], [101.601868, 3.068279], [101.601983, 3.06825], [101.60198, 3.068033]]]}}, {"type": "Feature", "properties": {}, "geometry": {"type": "Polygon", "coordinates": [[[101.601823, 3.066973], [101.601755, 3.066974], [101.60164, 3.067003], [101.601645, 3.067221], [101.601713, 3.067219], [101.601828, 3.06719], [101.601823, 3.066973]]]}}, {"type": "Feature", "properties": {}, "geometry": {"type": "Polygon", "coordinates": [[[101.602703, 3.065805], [101.602611, 3.065828], [101.602611, 3.065896], [101.602831, 3.065896], [101.602923, 3.065873], [101.602923, 3.065805], [101.602703, 3.065805]]]}}, {"type": "Feature", "properties": {}, "geometry": {"type": "Polygon", "coordinates": [[[101.600564, 3.069399], [101.600482, 3.0694], [101.600367, 3.069429], [101.60037, 3.069647], [101.600452, 3.069646], [101.600567, 3.069617], [101.600564, 3.069399]]]}}, {"type": "Feature", "properties": {}, "geometry": {"type": "Polygon", "coordinates": [[[101.601697, 3.067308], [101.601629, 3.067309], [101.601513, 3.067338], [101.601517, 3.067551], [101.601585, 3.06755], [101.601701, 3.067521], [101.601697, 3.067308]]]}}, {"type": "Feature", "properties": {}, "geometry": {"type": "Polygon", "coordinates": [[[101.600075, 3.069405], [101.599995, 3.069406], [101.59988, 3.069435], [101.599883, 3.069653], [101.599962, 3.069653], [101.600077, 3.069624], [101.600075, 3.069405]]]}}, {"type": "Feature", "properties": {}, "geometry": {"type": "Polygon", "coordinates": [[[101.601832, 3.067705], [101.601763, 3.067707], [101.601648, 3.067735], [101.601652, 3.067952], [101.60172, 3.067951], [101.601836, 3.067922], [101.601832, 3.067705]]]}}, {"type": "Feature", "properties": {}, "geometry": {"type": "Polygon", "coordinates": [[[101.602218, 3.069748], [101.602004, 3.069749], [101.601889, 3.069777], [101.601889, 3.069846], [101.602103, 3.069846], [101.602218, 3.069817], [101.602218, 3.069748]]]}}, {"type": "Feature", "properties": {}, "geometry": {"type": "Polygon", "coordinates": [[[101.600978, 3.068047], [101.60091, 3.068047], [101.600795, 3.068076], [101.600797, 3.068296], [101.600865, 3.068296], [101.60098, 3.068267], [101.600978, 3.068047]]]}}, {"type": "Feature", "properties": {}, "geometry": {"type": "Polygon", "coordinates": [[[101.603034, 3.067294], [101.602942, 3.067317], [101.602942, 3.067385], [101.603156, 3.067385], [101.603248, 3.067362], [101.603248, 3.067294], [101.603034, 3.067294]]]}}, {"type": "Feature", "properties": {}, "geometry": {"type": "Polygon", "coordinates": [[[101.602322, 3.066486], [101.602207, 3.066515], [101.602206, 3.066584], [101.602428, 3.066585], [101.602543, 3.066556], [101.602543, 3.066488], [101.602322, 3.066486]]]}}, {"type": "Feature", "properties": {}, "geometry": {"type": "Polygon", "coordinates": [[[101.602727, 3.068689], [101.602611, 3.068718], [101.602611, 3.068831], [101.602825, 3.068831], [101.60294, 3.068802], [101.60294, 3.068689], [101.602727, 3.068689]]]}}, {"type": "Feature", "properties": {}, "geometry": {"type": "Polygon", "coordinates": [[[101.602212, 3.0658], [101.601989, 3.065801], [101.601874, 3.06583], [101.601874, 3.065899], [101.602097, 3.065897], [101.602212, 3.065868], [101.602212, 3.0658]]]}}, {"type": "Feature", "properties": {}, "geometry": {"type": "Polygon", "coordinates": [[[101.602323, 3.066281], [101.602208, 3.06631], [101.602208, 3.066379], [101.602429, 3.06638], [101.602544, 3.066351], [101.602544, 3.066283], [101.602323, 3.066281]]]}}, {"type": "Feature", "properties": {}, "geometry": {"type": "Polygon", "coordinates": [[[101.602543, 3.069546], [101.602326, 3.069549], [101.60221, 3.069577], [101.602211, 3.069646], [101.602429, 3.069643], [101.602544, 3.069614], [101.602543, 3.069546]]]}}, {"type": "Feature", "properties": {}, "geometry": {"type": "Polygon", "coordinates": [[[101.602117, 3.068031], [101.602049, 3.068032], [101.601933, 3.068061], [101.601936, 3.068278], [101.602005, 3.068277], [101.60212, 3.068248], [101.602117, 3.068031]]]}}, {"type": "Feature", "properties": {}, "geometry": {"type": "Polygon", "coordinates": [[[101.603249, 3.066486], [101.603027, 3.066487], [101.602935, 3.066511], [101.602936, 3.066579], [101.603158, 3.066578], [101.60325, 3.066555], [101.603249, 3.066486]]]}}, {"type": "Feature", "properties": {}, "geometry": {"type": "Polygon", "coordinates": [[[101.602727, 3.068553], [101.602612, 3.068582], [101.602612, 3.06865], [101.602825, 3.06865], [101.60294, 3.068621], [101.60294, 3.068553], [101.602727, 3.068553]]]}}, {"type": "Feature", "properties": {}, "geometry": {"type": "Polygon", "coordinates": [[[101.601252, 3.069713], [101.60117, 3.069714], [101.601055, 3.069743], [101.601059, 3.069955], [101.60114, 3.069953], [101.601255, 3.069924], [101.601252, 3.069713]]]}}, {"type": "Feature", "properties": {}, "geometry": {"type": "Polygon", "coordinates": [[[101.600699, 3.067723], [101.60063, 3.067724], [101.600515, 3.067753], [101.600518, 3.067972], [101.600586, 3.067971], [101.600701, 3.067942], [101.600699, 3.067723]]]}}, {"type": "Feature", "properties": {}, "geometry": {"type": "Polygon", "coordinates": [[[101.601912, 3.068034], [101.601843, 3.068035], [101.601728, 3.068064], [101.601731, 3.068281], [101.6018, 3.06828], [101.601915, 3.068251], [101.601912, 3.068034]]]}}, {"type": "Feature", "properties": {}, "geometry": {"type": "Polygon", "coordinates": [[[101.602028, 3.066968], [101.601959, 3.066969], [101.601844, 3.066998], [101.601849, 3.067216], [101.601918, 3.067214], [101.602033, 3.067185], [101.602028, 3.066968]]]}}, {"type": "Feature", "properties": {}, "geometry": {"type": "Polygon", "coordinates": [[[101.603048, 3.068282], [101.602933, 3.06831], [101.602932, 3.068379], [101.60315, 3.068381], [101.603265, 3.068352], [101.603265, 3.068284], [101.603048, 3.068282]]]}}, {"type": "Feature", "properties": {}, "geometry": {"type": "Polygon", "coordinates": [[[101.602703, 3.065873], [101.602611, 3.065896], [101.602611, 3.065965], [101.602831, 3.065965], [101.602923, 3.065941], [101.602923, 3.065873], [101.602703, 3.065873]]]}}, {"type": "Feature", "properties": {}, "geometry": {"type": "Polygon", "coordinates": [[[101.602218, 3.069611], [101.602004, 3.069612], [101.601889, 3.069641], [101.601889, 3.069709], [101.602103, 3.069709], [101.602218, 3.06968], [101.602218, 3.069611]]]}}, {"type": "Feature", "properties": {}, "geometry": {"type": "Polygon", "coordinates": [[[101.602175, 3.067299], [101.602107, 3.0673], [101.601992, 3.067329], [101.601996, 3.067543], [101.602064, 3.067542], [101.602179, 3.067513], [101.602175, 3.067299]]]}}, {"type": "Feature", "properties": {}, "geometry": {"type": "Polygon", "coordinates": [[[101.601492, 3.067311], [101.601424, 3.067312], [101.601308, 3.067341], [101.601312, 3.067555], [101.601381, 3.067554], [101.601496, 3.067525], [101.601492, 3.067311]]]}}, {"type": "Feature", "properties": {}, "geometry": {"type": "Polygon", "coordinates": [[[101.602211, 3.065663], [101.601988, 3.065665], [101.601873, 3.065694], [101.601873, 3.065762], [101.602096, 3.065761], [101.602211, 3.065732], [101.602211, 3.065663]]]}}, {"type": "Feature", "properties": {}, "geometry": {"type": "Polygon", "coordinates": [[[101.602037, 3.067702], [101.601968, 3.067703], [101.601853, 3.067732], [101.601857, 3.067949], [101.601925, 3.067947], [101.602041, 3.067918], [101.602037, 3.067702]]]}}, {"type": "Feature", "properties": {}, "geometry": {"type": "Polygon", "coordinates": [[[101.601491, 3.069383], [101.601409, 3.069385], [101.601294, 3.069414], [101.601297, 3.069627], [101.601379, 3.069626], [101.601494, 3.069597], [101.601491, 3.069383]]]}}, {"type": "Feature", "properties": {}, "geometry": {"type": "Polygon", "coordinates": [[[101.600773, 3.068048], [101.600705, 3.068049], [101.60059, 3.068078], [101.600592, 3.068298], [101.60066, 3.068297], [101.600775, 3.068268], [101.600773, 3.068048]]]}}, {"type": "Feature", "properties": {}, "geometry": {"type": "Polygon", "coordinates": [[[101.601627, 3.067709], [101.601558, 3.06771], [101.601443, 3.067739], [101.601447, 3.067956], [101.601515, 3.067955], [101.601631, 3.067926], [101.601627, 3.067709]]]}}, {"type": "Feature", "properties": {}, "geometry": {"type": "Polygon", "coordinates": [[[101.601414, 3.06971], [101.601333, 3.069712], [101.601218, 3.069741], [101.601221, 3.069952], [101.601303, 3.069951], [101.601418, 3.069922], [101.601414, 3.06971]]]}}, {"type": "Feature", "properties": {}, "geometry": {"type": "Polygon", "coordinates": [[[101.603248, 3.066212], [101.603026, 3.066213], [101.602934, 3.066237], [101.602934, 3.066305], [101.603156, 3.066304], [101.603249, 3.066281], [101.603248, 3.066212]]]}}, {"type": "Feature", "properties": {}, "geometry": {"type": "Polygon", "coordinates": [[[101.602729, 3.067692], [101.602614, 3.067721], [101.602614, 3.06779], [101.602831, 3.06779], [101.602947, 3.067761], [101.602947, 3.067693], [101.602729, 3.067692]]]}}, {"type": "Feature", "properties": {}, "geometry": {"type": "Polygon", "coordinates": [[[101.602727, 3.068485], [101.602612, 3.068514], [101.602612, 3.068582], [101.602825, 3.068582], [101.60294, 3.068553], [101.60294, 3.068485], [101.602727, 3.068485]]]}}, {"type": "Feature", "properties": {}, "geometry": {"type": "Polygon", "coordinates": [[[101.601759, 3.069379], [101.601653, 3.069381], [101.601538, 3.06941], [101.601541, 3.069624], [101.601647, 3.069622], [101.601762, 3.069593], [101.601759, 3.069379]]]}}, {"type": "Feature", "properties": {}, "geometry": {"type": "Polygon", "coordinates": [[[101.60305, 3.068008], [101.602935, 3.068037], [101.602935, 3.068106], [101.603152, 3.068108], [101.603268, 3.068079], [101.603268, 3.06801], [101.60305, 3.068008]]]}}, {"type": "Feature", "properties": {}, "geometry": {"type": "Polygon", "coordinates": [[[101.60117, 3.069714], [101.601089, 3.069716], [101.600974, 3.069745], [101.600977, 3.069956], [101.601059, 3.069955], [101.601174, 3.069926], [101.60117, 3.069714]]]}}, {"type": "Feature", "properties": {}, "geometry": {"type": "Polygon", "coordinates": [[[101.601314, 3.067717], [101.601246, 3.067717], [101.60113, 3.067746], [101.601133, 3.067966], [101.601201, 3.067965], [101.601316, 3.067936], [101.601314, 3.067717]]]}}, {"type": "Feature", "properties": {}, "geometry": {"type": "Polygon", "coordinates": [[[101.601414, 3.066982], [101.601346, 3.066984], [101.60123, 3.067013], [101.601236, 3.06723], [101.601304, 3.067229], [101.601419, 3.0672], [101.601414, 3.066982]]]}}, {"type": "Feature", "properties": {}, "geometry": {"type": "Polygon", "coordinates": [[[101.602173, 3.067699], [101.602105, 3.0677], [101.60199, 3.067729], [101.601994, 3.067946], [101.602062, 3.067945], [101.602177, 3.067916], [101.602173, 3.067699]]]}}, {"type": "Feature", "properties": {}, "geometry": {"type": "Polygon", "coordinates": [[[101.602244, 3.067298], [101.602175, 3.067299], [101.60206, 3.067328], [101.602064, 3.067542], [101.602132, 3.06754], [101.602247, 3.067512], [101.602244, 3.067298]]]}}, {"type": "Feature", "properties": {}, "geometry": {"type": "Polygon", "coordinates": [[[101.601968, 3.067703], [101.6019, 3.067704], [101.601785, 3.067733], [101.601789, 3.06795], [101.601857, 3.067949], [101.601972, 3.06792], [101.601968, 3.067703]]]}}, {"type": "Feature", "properties": {}, "geometry": {"type": "Polygon", "coordinates": [[[101.601388, 3.068044], [101.60132, 3.068044], [101.601205, 3.068073], [101.601207, 3.068293], [101.601275, 3.068292], [101.60139, 3.068263], [101.601388, 3.068044]]]}}, {"type": "Feature", "properties": {}, "geometry": {"type": "Polygon", "coordinates": [[[101.602215, 3.066347], [101.601993, 3.066349], [101.601877, 3.066378], [101.601878, 3.066446], [101.602101, 3.066444], [101.602216, 3.066415], [101.602215, 3.066347]]]}}, {"type": "Feature", "properties": {}, "geometry": {"type": "Polygon", "coordinates": [[[101.600324, 3.069731], [101.600242, 3.069733], [101.600127, 3.069762], [101.600131, 3.069974], [101.600213, 3.069973], [101.600328, 3.069944], [101.600324, 3.069731]]]}}, {"type": "Feature", "properties": {}, "geometry": {"type": "Polygon", "coordinates": [[[101.602325, 3.066076], [101.602209, 3.066105], [101.602209, 3.066174], [101.60243, 3.066175], [101.602545, 3.066146], [101.602546, 3.066078], [101.602325, 3.066076]]]}}, {"type": "Feature", "properties": {}, "geometry": {"type": "Polygon", "coordinates": [[[101.602731, 3.067006], [101.602616, 3.067035], [101.602616, 3.067103], [101.602834, 3.067104], [101.602949, 3.067075], [101.602949, 3.067007], [101.602731, 3.067006]]]}}, {"type": "Feature", "properties": {}, "geometry": {"type": "Polygon", "coordinates": [[[101.602217, 3.066621], [101.601994, 3.066622], [101.601879, 3.066651], [101.60188, 3.066755], [101.602103, 3.066753], [101.602218, 3.066724], [101.602217, 3.066621]]]}}, {"type": "Feature", "properties": {}, "geometry": {"type": "Polygon", "coordinates": [[[101.602326, 3.065871], [101.602211, 3.0659], [101.60221, 3.065969], [101.602432, 3.06597], [101.602547, 3.065941], [101.602547, 3.065873], [101.602326, 3.065871]]]}}, {"type": "Feature", "properties": {}, "geometry": {"type": "Polygon", "coordinates": [[[101.602475, 3.067694], [101.602378, 3.067695], [101.602263, 3.067724], [101.602267, 3.067941], [101.602364, 3.06794], [101.602479, 3.067911], [101.602475, 3.067694]]]}}, {"type": "Feature", "properties": {}, "geometry": {"type": "Polygon", "coordinates": [[[101.603247, 3.066007], [101.603025, 3.066008], [101.602933, 3.066031], [101.602933, 3.0661], [101.603155, 3.066099], [101.603248, 3.066076], [101.603247, 3.066007]]]}}, {"type": "Feature", "properties": {}, "geometry": {"type": "Polygon", "coordinates": [[[101.602731, 3.067212], [101.602616, 3.067241], [101.602615, 3.067309], [101.602833, 3.06731], [101.602948, 3.067281], [101.602948, 3.067212], [101.602731, 3.067212]]]}}, {"type": "Feature", "properties": {}, "geometry": {"type": "Polygon", "coordinates": [[[101.601706, 3.068037], [101.601638, 3.068038], [101.601523, 3.068067], [101.601526, 3.068284], [101.601594, 3.068283], [101.60171, 3.068254], [101.601706, 3.068037]]]}}, {"type": "Feature", "properties": {}, "geometry": {"type": "Polygon", "coordinates": [[[101.602703, 3.066078], [101.602611, 3.066101], [101.602611, 3.066169], [101.602831, 3.066169], [101.602923, 3.066146], [101.602923, 3.066078], [101.602703, 3.066078]]]}}, {"type": "Feature", "properties": {}, "geometry": {"type": "Polygon", "coordinates": [[[101.601109, 3.067719], [101.601041, 3.06772], [101.600925, 3.067749], [101.600928, 3.067968], [101.600996, 3.067967], [101.601111, 3.067938], [101.601109, 3.067719]]]}}, {"type": "Feature", "properties": {}, "geometry": {"type": "Polygon", "coordinates": [[[101.601618, 3.066977], [101.60155, 3.066979], [101.601435, 3.067008], [101.60144, 3.067226], [101.601508, 3.067224], [101.601624, 3.067195], [101.601618, 3.066977]]]}}, {"type": "Feature", "properties": {}, "geometry": {"type": "Polygon", "coordinates": [[[101.602703, 3.066282], [101.602611, 3.066305], [101.602611, 3.066373], [101.602831, 3.066373], [101.602923, 3.06635], [101.602923, 3.066282], [101.602703, 3.066282]]]}}, {"type": "Feature", "properties": {}, "geometry": {"type": "Polygon", "coordinates": [[[101.600645, 3.069398], [101.600564, 3.069399], [101.600449, 3.069428], [101.600452, 3.069646], [101.600533, 3.069645], [101.600648, 3.069616], [101.600645, 3.069398]]]}}, {"type": "Feature", "properties": {}, "geometry": {"type": "Polygon", "coordinates": [[[101.602039, 3.067302], [101.60197, 3.067303], [101.601855, 3.067332], [101.601859, 3.067545], [101.601927, 3.067544], [101.602042, 3.067515], [101.602039, 3.067302]]]}}, {"type": "Feature", "properties": {}, "geometry": {"type": "Polygon", "coordinates": [[[101.603033, 3.067565], [101.602941, 3.067588], [101.602941, 3.067656], [101.603156, 3.067656], [101.603248, 3.067633], [101.603248, 3.067565], [101.603033, 3.067565]]]}}, {"type": "Feature", "properties": {}, "geometry": {"type": "Polygon", "coordinates": [[[101.602213, 3.066073], [101.601991, 3.066075], [101.601876, 3.066104], [101.601876, 3.066172], [101.602099, 3.066171], [101.602214, 3.066142], [101.602213, 3.066073]]]}}, {"type": "Feature", "properties": {}, "geometry": {"type": "Polygon", "coordinates": [[[101.600651, 3.069725], [101.600569, 3.069726], [101.600454, 3.069755], [101.600458, 3.069968], [101.60054, 3.069966], [101.600655, 3.069937], [101.600651, 3.069725]]]}}, {"type": "Feature", "properties": {}, "geometry": {"type": "Polygon", "coordinates": [[[101.601653, 3.069381], [101.601572, 3.069382], [101.601457, 3.069411], [101.60146, 3.069625], [101.601541, 3.069624], [101.601656, 3.069595], [101.601653, 3.069381]]]}}, {"type": "Feature", "properties": {}, "geometry": {"type": "Polygon", "coordinates": [[[101.601183, 3.068045], [101.601115, 3.068046], [101.601, 3.068075], [101.601002, 3.068294], [101.60107, 3.068294], [101.601185, 3.068265], [101.601183, 3.068045]]]}}, {"type": "Feature", "properties": {}, "geometry": {"type": "Polygon", "coordinates": [[[101.602327, 3.065667], [101.602212, 3.065695], [101.602212, 3.065764], [101.602433, 3.065765], [101.602548, 3.065736], [101.602549, 3.065668], [101.602327, 3.065667]]]}}, {"type": "Feature", "properties": {}, "geometry": {"type": "Polygon", "coordinates": [[[101.603251, 3.06676], [101.603029, 3.066761], [101.602937, 3.066784], [101.602937, 3.066853], [101.603159, 3.066852], [101.603251, 3.066829], [101.603251, 3.06676]]]}}, {"type": "Feature", "properties": {}, "geometry": {"type": "Polygon", "coordinates": [[[101.600242, 3.069733], [101.600161, 3.069735], [101.600045, 3.069764], [101.60005, 3.069976], [101.600131, 3.069974], [101.600247, 3.069946], [101.600242, 3.069733]]]}}, {"type": "Feature", "properties": {}, "geometry": {"type": "Polygon", "coordinates": [[[101.602325, 3.066008], [101.60221, 3.066037], [101.602209, 3.066105], [101.602431, 3.066107], [101.602546, 3.066078], [101.602546, 3.06601], [101.602325, 3.066008]]]}}, {"type": "Feature", "properties": {}, "geometry": {"type": "Polygon", "coordinates": [[[101.603247, 3.06587], [101.603024, 3.065871], [101.602932, 3.065894], [101.602933, 3.065963], [101.603155, 3.065962], [101.603247, 3.065939], [101.603247, 3.06587]]]}}, {"type": "Feature", "properties": {}, "geometry": {"type": "Polygon", "coordinates": [[[101.602731, 3.067075], [101.602616, 3.067103], [101.602616, 3.067172], [101.602833, 3.067173], [101.602949, 3.067144], [101.602949, 3.067075], [101.602731, 3.067075]]]}}, {"type": "Feature", "properties": {}, "geometry": {"type": "Polygon", "coordinates": [[[101.602727, 3.068281], [101.602612, 3.06831], [101.602612, 3.068378], [101.602825, 3.068378], [101.60294, 3.068349], [101.60294, 3.068281], [101.602727, 3.068281]]]}}, {"type": "Feature", "properties": {}, "geometry": {"type": "Polygon", "coordinates": [[[101.603248, 3.066076], [101.603025, 3.066077], [101.602933, 3.0661], [101.602934, 3.066168], [101.603156, 3.066167], [101.603248, 3.066144], [101.603248, 3.066076]]]}}, {"type": "Feature", "properties": {}, "geometry": {"type": "Polygon", "coordinates": [[[101.600972, 3.06772], [101.600904, 3.067721], [101.600789, 3.06775], [101.600791, 3.067969], [101.600859, 3.067968], [101.600974, 3.067939], [101.600972, 3.06772]]]}}, {"type": "Feature", "properties": {}, "geometry": {"type": "Polygon", "coordinates": [[[101.601755, 3.066974], [101.601687, 3.066976], [101.601572, 3.067005], [101.601577, 3.067222], [101.601645, 3.067221], [101.60176, 3.067192], [101.601755, 3.066974]]]}}, {"type": "Feature", "properties": {}, "geometry": {"type": "Polygon", "coordinates": [[[101.603045, 3.068555], [101.60293, 3.068584], [101.602929, 3.068652], [101.603147, 3.068655], [101.603262, 3.068626], [101.603263, 3.068557], [101.603045, 3.068555]]]}}, {"type": "Feature", "properties": {}, "geometry": {"type": "Polygon", "coordinates": [[[101.602703, 3.066146], [101.602611, 3.066169], [101.602611, 3.066237], [101.602831, 3.066237], [101.602923, 3.066214], [101.602923, 3.066146], [101.602703, 3.066146]]]}}, {"type": "Feature", "properties": {}, "geometry": {"type": "Polygon", "coordinates": [[[101.602727, 3.068077], [101.602612, 3.068106], [101.602612, 3.068174], [101.602825, 3.068174], [101.60294, 3.068145], [101.602941, 3.068077], [101.602727, 3.068077]]]}}, {"type": "Feature", "properties": {}, "geometry": {"type": "Polygon", "coordinates": [[[101.601177, 3.067718], [101.601109, 3.067719], [101.600994, 3.067748], [101.600996, 3.067967], [101.601064, 3.067966], [101.60118, 3.067937], [101.601177, 3.067718]]]}}, {"type": "Feature", "properties": {}, "geometry": {"type": "Polygon", "coordinates": [[[101.600319, 3.069402], [101.600238, 3.069403], [101.600122, 3.069432], [101.600125, 3.06965], [101.600207, 3.069649], [101.600322, 3.06962], [101.600319, 3.069402]]]}}, {"type": "Feature", "properties": {}, "geometry": {"type": "Polygon", "coordinates": [[[101.60155, 3.066979], [101.601482, 3.066981], [101.601367, 3.06701], [101.601372, 3.067227], [101.60144, 3.067226], [101.601555, 3.067197], [101.60155, 3.066979]]]}}, {"type": "Feature", "properties": {}, "geometry": {"type": "Polygon", "coordinates": [[[101.601765, 3.067306], [101.601697, 3.067308], [101.601582, 3.067337], [101.601585, 3.06755], [101.601654, 3.067549], [101.601769, 3.06752], [101.601765, 3.067306]]]}}, {"type": "Feature", "properties": {}, "geometry": {"type": "Polygon", "coordinates": [[[101.601763, 3.067707], [101.601695, 3.067708], [101.60158, 3.067737], [101.601584, 3.067953], [101.601652, 3.067952], [101.601767, 3.067923], [101.601763, 3.067707]]]}}, {"type": "Feature", "properties": {}, "geometry": {"type": "Polygon", "coordinates": [[[101.601047, 3.068046], [101.600978, 3.068047], [101.600863, 3.068076], [101.600865, 3.068296], [101.600933, 3.068295], [101.601048, 3.068266], [101.601047, 3.068046]]]}}, {"type": "Feature", "properties": {}, "geometry": {"type": "Polygon", "coordinates": [[[101.60232, 3.066721], [101.602205, 3.066749], [101.602203, 3.066808], [101.602385, 3.06681], [101.6025, 3.066781], [101.602542, 3.066741], [101.602541, 3.066722], [101.60232, 3.066721]]]}}, {"type": "Feature", "properties": {}, "geometry": {"type": "Polygon", "coordinates": [[[101.603034, 3.06709], [101.602942, 3.067113], [101.602942, 3.067181], [101.603156, 3.067181], [101.603249, 3.067158], [101.603249, 3.06709], [101.603034, 3.06709]]]}}, {"type": "Feature", "properties": {}, "geometry": {"type": "Polygon", "coordinates": [[[101.602212, 3.065868], [101.601989, 3.06587], [101.601874, 3.065899], [101.601875, 3.065967], [101.602097, 3.065966], [101.602212, 3.065937], [101.602212, 3.065868]]]}}, {"type": "Feature", "properties": {}, "geometry": {"type": "Polygon", "coordinates": [[[101.600569, 3.069726], [101.600487, 3.069728], [101.600372, 3.069757], [101.600376, 3.06997], [101.600458, 3.069968], [101.600573, 3.069939], [101.600569, 3.069726]]]}}, {"type": "Feature", "properties": {}, "geometry": {"type": "Polygon", "coordinates": [[[101.601252, 3.068045], [101.601183, 3.068045], [101.601068, 3.068074], [101.60107, 3.068294], [101.601138, 3.068293], [101.601253, 3.068264], [101.601252, 3.068045]]]}}, {"type": "Feature", "properties": {}, "geometry": {"type": "Polygon", "coordinates": [[[101.602324, 3.066213], [101.602209, 3.066242], [101.602208, 3.06631], [101.602429, 3.066312], [101.602544, 3.066283], [101.602545, 3.066214], [101.602324, 3.066213]]]}}, {"type": "Feature", "properties": {}, "geometry": {"type": "Polygon", "coordinates": [[[101.602541, 3.069341], [101.602323, 3.069344], [101.602208, 3.069373], [101.602209, 3.069441], [101.602426, 3.069439], [101.602542, 3.06941], [101.602541, 3.069341]]]}}, {"type": "Feature", "properties": {}, "geometry": {"type": "Polygon", "coordinates": [[[101.602322, 3.068028], [101.602254, 3.068029], [101.602139, 3.068058], [101.602142, 3.068275], [101.60221, 3.068274], [101.602325, 3.068245], [101.602322, 3.068028]]]}}, {"type": "Feature", "properties": {}, "geometry": {"type": "Polygon", "coordinates": [[[101.60325, 3.066555], [101.603028, 3.066556], [101.602936, 3.066579], [101.602936, 3.066648], [101.603158, 3.066646], [101.60325, 3.066623], [101.60325, 3.066555]]]}}, {"type": "Feature", "properties": {}, "geometry": {"type": "Polygon", "coordinates": [[[101.602727, 3.068213], [101.602612, 3.068242], [101.602612, 3.06831], [101.602825, 3.06831], [101.60294, 3.068281], [101.60294, 3.068213], [101.602727, 3.068213]]]}}, {"type": "Feature", "properties": {}, "geometry": {"type": "Polygon", "coordinates": [[[101.601843, 3.068035], [101.601775, 3.068036], [101.60166, 3.068065], [101.601663, 3.068282], [101.601731, 3.068281], [101.601846, 3.068252], [101.601843, 3.068035]]]}}, {"type": "Feature", "properties": {}, "geometry": {"type": "Polygon", "coordinates": [[[101.602232, 3.066963], [101.602164, 3.066965], [101.602049, 3.066994], [101.602054, 3.067211], [101.602122, 3.06721], [101.602237, 3.067181], [101.602232, 3.066963]]]}}, {"type": "Feature", "properties": {}, "geometry": {"type": "Polygon", "coordinates": [[[101.603047, 3.06835], [101.602932, 3.068379], [101.602931, 3.068447], [101.603149, 3.068449], [101.603264, 3.06842], [101.603265, 3.068352], [101.603047, 3.06835]]]}}, {"type": "Feature", "properties": {}, "geometry": {"type": "Polygon", "coordinates": [[[101.602703, 3.065941], [101.602611, 3.065965], [101.602611, 3.066033], [101.602831, 3.066033], [101.602923, 3.06601], [101.602923, 3.065941], [101.602703, 3.065941]]]}}, {"type": "Feature", "properties": {}, "geometry": {"type": "Polygon", "coordinates": [[[101.602218, 3.069406], [101.602003, 3.069406], [101.601888, 3.069435], [101.601888, 3.069504], [101.602103, 3.069503], [101.602218, 3.069474], [101.602218, 3.069406]]]}}, {"type": "Feature", "properties": {}, "geometry": {"type": "Polygon", "coordinates": [[[101.603034, 3.066955], [101.602942, 3.066978], [101.602942, 3.067045], [101.603157, 3.067046], [101.603249, 3.067023], [101.603249, 3.066955], [101.603034, 3.066955]]]}}, {"type": "Feature", "properties": {}, "geometry": {"type": "Polygon", "coordinates": [[[101.601287, 3.067315], [101.601219, 3.067316], [101.601103, 3.067345], [101.601107, 3.067559], [101.601175, 3.067557], [101.601291, 3.067528], [101.601287, 3.067315]]]}}, {"type": "Feature", "properties": {}, "geometry": {"type": "Polygon", "coordinates": [[[101.603044, 3.068623], [101.602929, 3.068652], [101.602929, 3.068721], [101.603146, 3.068723], [101.603261, 3.068694], [101.603262, 3.068626], [101.603044, 3.068623]]]}}, {"type": "Feature", "properties": {}, "geometry": {"type": "Polygon", "coordinates": [[[101.602211, 3.065732], [101.601988, 3.065733], [101.601873, 3.065762], [101.601874, 3.06583], [101.602096, 3.065829], [101.602212, 3.0658], [101.602211, 3.065732]]]}}, {"type": "Feature", "properties": {}, "geometry": {"type": "Polygon", "coordinates": [[[101.601695, 3.067708], [101.601627, 3.067709], [101.601511, 3.067738], [101.601515, 3.067955], [101.601584, 3.067953], [101.601699, 3.067925], [101.601695, 3.067708]]]}}, {"type": "Feature", "properties": {}, "geometry": {"type": "Polygon", "coordinates": [[[101.601409, 3.069385], [101.601328, 3.069386], [101.601213, 3.069415], [101.601216, 3.069629], [101.601297, 3.069627], [101.601413, 3.069598], [101.601409, 3.069385]]]}}, {"type": "Feature", "properties": {}, "geometry": {"type": "Polygon", "coordinates": [[[101.611188, 3.070344], [101.611128, 3.070345], [101.611066, 3.07036], [101.611068, 3.070509], [101.611128, 3.070509], [101.611189, 3.070493], [101.611188, 3.070344]]]}}, {"type": "Feature", "properties": {}, "geometry": {"type": "Polygon", "coordinates": [[[101.611248, 3.070344], [101.611188, 3.070344], [101.611127, 3.07036], [101.611128, 3.070509], [101.611188, 3.070508], [101.61125, 3.070493], [101.611248, 3.070344]]]}}, {"type": "Feature", "properties": {}, "geometry": {"type": "Polygon", "coordinates": [[[101.611309, 3.070343], [101.611248, 3.070344], [101.611187, 3.070359], [101.611188, 3.070508], [101.611249, 3.070508], [101.61131, 3.070492], [101.611309, 3.070343]]]}}, {"type": "Feature", "properties": {}, "geometry": {"type": "Polygon", "coordinates": [[[101.611369, 3.070343], [101.611309, 3.070343], [101.611248, 3.070359], [101.611249, 3.070508], [101.611309, 3.070507], [101.611371, 3.070492], [101.611369, 3.070343]]]}}, {"type": "Feature", "properties": {}, "geometry": {"type": "Polygon", "coordinates": [[[101.61143, 3.070342], [101.611369, 3.070343], [101.611308, 3.070358], [101.611309, 3.070507], [101.61137, 3.070507], [101.611431, 3.070491], [101.61143, 3.070342]]]}}, {"type": "Feature", "properties": {}, "geometry": {"type": "Polygon", "coordinates": [[[101.61149, 3.070342], [101.61143, 3.070342], [101.611368, 3.070358], [101.61137, 3.070507], [101.61143, 3.070506], [101.611492, 3.070491], [101.61149, 3.070342]]]}}, {"type": "Feature", "properties": {}, "geometry": {"type": "Polygon", "coordinates": [[[101.611551, 3.070341], [101.61149, 3.070342], [101.611429, 3.070357], [101.61143, 3.070506], [101.611491, 3.070505], [101.611552, 3.07049], [101.611551, 3.070341]]]}}, {"type": "Feature", "properties": {}, "geometry": {"type": "Polygon", "coordinates": [[[101.611611, 3.070341], [101.611551, 3.070341], [101.611489, 3.070356], [101.611491, 3.070505], [101.611551, 3.070505], [101.611612, 3.070489], [101.611611, 3.070341]]]}}, {"type": "Feature", "properties": {}, "geometry": {"type": "Polygon", "coordinates": [[[101.611672, 3.07034], [101.611611, 3.070341], [101.61155, 3.070356], [101.611551, 3.070505], [101.611612, 3.070504], [101.611673, 3.070489], [101.611672, 3.07034]]]}}, {"type": "Feature", "properties": {}, "geometry": {"type": "Polygon", "coordinates": [[[101.611732, 3.070339], [101.611672, 3.07034], [101.61161, 3.070355], [101.611612, 3.070504], [101.611672, 3.070504], [101.611733, 3.070488], [101.611732, 3.070339]]]}}, {"type": "Feature", "properties": {}, "geometry": {"type": "Polygon", "coordinates": [[[101.611792, 3.070339], [101.611732, 3.070339], [101.611671, 3.070355], [101.611672, 3.070504], [101.611732, 3.070503], [101.611794, 3.070488], [101.611792, 3.070339]]]}}, {"type": "Feature", "properties": {}, "geometry": {"type": "Polygon", "coordinates": [[[101.611973, 3.07034], [101.611912, 3.070341], [101.611851, 3.070356], [101.611852, 3.070495], [101.611913, 3.070495], [101.611974, 3.070479], [101.611973, 3.07034]]]}}, {"type": "Feature", "properties": {}, "geometry": {"type": "Polygon", "coordinates": [[[101.612033, 3.07034], [101.611973, 3.07034], [101.611911, 3.070355], [101.611913, 3.070495], [101.611973, 3.070494], [101.612035, 3.070479], [101.612033, 3.07034]]]}}, {"type": "Feature", "properties": {}, "geometry": {"type": "Polygon", "coordinates": [[[101.612094, 3.070339], [101.612033, 3.07034], [101.611972, 3.070355], [101.611973, 3.070494], [101.612034, 3.070494], [101.612095, 3.070478], [101.612094, 3.070339]]]}}, {"type": "Feature", "properties": {}, "geometry": {"type": "Polygon", "coordinates": [[[101.612155, 3.070338], [101.612094, 3.070339], [101.612033, 3.070354], [101.612034, 3.070494], [101.612095, 3.070493], [101.612156, 3.070478], [101.612155, 3.070338]]]}}, {"type": "Feature", "properties": {}, "geometry": {"type": "Polygon", "coordinates": [[[101.612215, 3.070338], [101.612155, 3.070338], [101.612093, 3.070354], [101.612095, 3.070493], [101.612155, 3.070492], [101.612217, 3.070477], [101.612215, 3.070338]]]}}, {"type": "Feature", "properties": {}, "geometry": {"type": "Polygon", "coordinates": [[[101.612276, 3.070337], [101.612215, 3.070338], [101.612154, 3.070353], [101.612155, 3.070492], [101.612216, 3.070492], [101.612277, 3.070477], [101.612276, 3.070337]]]}}, {"type": "Feature", "properties": {}, "geometry": {"type": "Polygon", "coordinates": [[[101.612337, 3.070337], [101.612276, 3.070337], [101.612215, 3.070353], [101.612216, 3.070492], [101.612276, 3.070491], [101.612338, 3.070476], [101.612337, 3.070337]]]}}, {"type": "Feature", "properties": {}, "geometry": {"type": "Polygon", "coordinates": [[[101.612397, 3.070336], [101.612337, 3.070337], [101.612275, 3.070352], [101.612276, 3.070491], [101.612337, 3.070491], [101.612399, 3.070475], [101.612397, 3.070336]]]}}, {"type": "Feature", "properties": {}, "geometry": {"type": "Polygon", "coordinates": [[[101.612458, 3.070336], [101.612397, 3.070336], [101.612336, 3.070352], [101.612337, 3.070491], [101.612398, 3.07049], [101.612459, 3.070475], [101.612458, 3.070336]]]}}, {"type": "Feature", "properties": {}, "geometry": {"type": "Polygon", "coordinates": [[[101.612519, 3.070335], [101.612458, 3.070336], [101.612397, 3.070351], [101.612398, 3.07049], [101.612459, 3.07049], [101.61252, 3.070474], [101.612519, 3.070335]]]}}, {"type": "Feature", "properties": {}, "geometry": {"type": "Polygon", "coordinates": [[[101.612579, 3.070334], [101.612519, 3.070335], [101.612457, 3.07035], [101.612459, 3.07049], [101.612519, 3.070489], [101.61258, 3.070474], [101.612579, 3.070334]]]}}, {"type": "Feature", "properties": {}, "geometry": {"type": "Polygon", "coordinates": [[[101.61264, 3.070334], [101.612579, 3.070334], [101.612518, 3.07035], [101.612519, 3.070489], [101.61258, 3.070489], [101.612641, 3.070473], [101.61264, 3.070334]]]}}, {"type": "Feature", "properties": {}, "geometry": {"type": "Polygon", "coordinates": [[[101.612872, 3.070337], [101.612811, 3.070337], [101.612749, 3.070353], [101.612751, 3.070493], [101.612812, 3.070492], [101.612873, 3.070477], [101.612872, 3.070337]]]}}, {"type": "Feature", "properties": {}, "geometry": {"type": "Polygon", "coordinates": [[[101.612932, 3.070336], [101.612872, 3.070337], [101.61281, 3.070352], [101.612812, 3.070492], [101.612872, 3.070492], [101.612934, 3.070476], [101.612932, 3.070336]]]}}, {"type": "Feature", "properties": {}, "geometry": {"type": "Polygon", "coordinates": [[[101.612993, 3.070336], [101.612932, 3.070336], [101.612871, 3.070352], [101.612872, 3.070492], [101.612933, 3.070491], [101.612995, 3.070476], [101.612993, 3.070336]]]}}, {"type": "Feature", "properties": {}, "geometry": {"type": "Polygon", "coordinates": [[[101.613054, 3.070335], [101.612993, 3.070336], [101.612932, 3.070351], [101.612933, 3.070491], [101.612994, 3.070491], [101.613056, 3.070475], [101.613054, 3.070335]]]}}, {"type": "Feature", "properties": {}, "geometry": {"type": "Polygon", "coordinates": [[[101.613115, 3.070334], [101.613054, 3.070335], [101.612993, 3.07035], [101.612994, 3.070491], [101.613055, 3.07049], [101.613116, 3.070475], [101.613115, 3.070334]]]}}, {"type": "Feature", "properties": {}, "geometry": {"type": "Polygon", "coordinates": [[[101.613176, 3.070334], [101.613115, 3.070334], [101.613054, 3.07035], [101.613055, 3.07049], [101.613116, 3.07049], [101.613177, 3.070474], [101.613176, 3.070334]]]}}, {"type": "Feature", "properties": {}, "geometry": {"type": "Polygon", "coordinates": [[[101.613237, 3.070333], [101.613176, 3.070334], [101.613115, 3.070349], [101.613116, 3.07049], [101.613177, 3.070489], [101.613238, 3.070474], [101.613237, 3.070333]]]}}, {"type": "Feature", "properties": {}, "geometry": {"type": "Polygon", "coordinates": [[[101.613298, 3.070333], [101.613237, 3.070333], [101.613176, 3.070349], [101.613177, 3.070489], [101.613238, 3.070489], [101.613299, 3.070473], [101.613298, 3.070333]]]}}, {"type": "Feature", "properties": {}, "geometry": {"type": "Polygon", "coordinates": [[[101.613359, 3.070332], [101.613298, 3.070333], [101.613236, 3.070348], [101.613238, 3.070489], [101.613299, 3.070488], [101.61336, 3.070472], [101.613359, 3.070332]]]}}, {"type": "Feature", "properties": {}, "geometry": {"type": "Polygon", "coordinates": [[[101.61342, 3.070332], [101.613359, 3.070332], [101.613297, 3.070348], [101.613299, 3.070488], [101.61336, 3.070487], [101.613421, 3.070472], [101.61342, 3.070332]]]}}, {"type": "Feature", "properties": {}, "geometry": {"type": "Polygon", "coordinates": [[[101.613481, 3.070331], [101.61342, 3.070332], [101.613358, 3.070347], [101.61336, 3.070487], [101.613421, 3.070487], [101.613482, 3.070471], [101.613481, 3.070331]]]}}, {"type": "Feature", "properties": {}, "geometry": {"type": "Polygon", "coordinates": [[[101.613541, 3.069948], [101.61348, 3.069949], [101.613419, 3.069964], [101.61342, 3.070121], [101.613481, 3.07012], [101.613543, 3.070105], [101.613541, 3.069948]]]}}, {"type": "Feature", "properties": {}, "geometry": {"type": "Polygon", "coordinates": [[[101.61348, 3.069949], [101.613419, 3.069949], [101.613357, 3.069965], [101.613359, 3.070121], [101.61342, 3.070121], [101.613482, 3.070106], [101.61348, 3.069949]]]}}, {"type": "Feature", "properties": {}, "geometry": {"type": "Polygon", "coordinates": [[[101.613419, 3.069949], [101.613358, 3.06995], [101.613296, 3.069965], [101.613298, 3.070122], [101.613359, 3.070121], [101.61342, 3.070106], [101.613419, 3.069949]]]}}, {"type": "Feature", "properties": {}, "geometry": {"type": "Polygon", "coordinates": [[[101.613358, 3.06995], [101.613296, 3.06995], [101.613235, 3.069966], [101.613236, 3.070123], [101.613298, 3.070122], [101.613359, 3.070107], [101.613358, 3.06995]]]}}, {"type": "Feature", "properties": {}, "geometry": {"type": "Polygon", "coordinates": [[[101.613296, 3.06995], [101.613235, 3.069951], [101.613174, 3.069967], [101.613175, 3.070123], [101.613236, 3.070123], [101.613298, 3.070107], [101.613296, 3.06995]]]}}, {"type": "Feature", "properties": {}, "geometry": {"type": "Polygon", "coordinates": [[[101.613235, 3.069951], [101.613174, 3.069952], [101.613112, 3.069967], [101.613114, 3.070124], [101.613175, 3.070123], [101.613236, 3.070108], [101.613235, 3.069951]]]}}, {"type": "Feature", "properties": {}, "geometry": {"type": "Polygon", "coordinates": [[[101.613174, 3.069952], [101.613112, 3.069952], [101.613051, 3.069968], [101.613052, 3.070124], [101.613114, 3.070124], [101.613175, 3.070108], [101.613174, 3.069952]]]}}, {"type": "Feature", "properties": {}, "geometry": {"type": "Polygon", "coordinates": [[[101.613112, 3.069952], [101.613051, 3.069953], [101.61299, 3.069968], [101.612991, 3.070125], [101.613052, 3.070124], [101.613114, 3.070109], [101.613112, 3.069952]]]}}, {"type": "Feature", "properties": {}, "geometry": {"type": "Polygon", "coordinates": [[[101.613051, 3.069953], [101.61299, 3.069953], [101.612928, 3.069969], [101.61293, 3.070125], [101.612991, 3.070125], [101.613053, 3.070109], [101.613051, 3.069953]]]}}, {"type": "Feature", "properties": {}, "geometry": {"type": "Polygon", "coordinates": [[[101.61299, 3.069953], [101.612929, 3.069954], [101.612867, 3.069969], [101.612869, 3.070126], [101.61293, 3.070125], [101.612991, 3.07011], [101.61299, 3.069953]]]}}, {"type": "Feature", "properties": {}, "geometry": {"type": "Polygon", "coordinates": [[[101.612929, 3.069954], [101.612867, 3.069954], [101.612806, 3.06997], [101.612807, 3.070127], [101.612869, 3.070126], [101.61293, 3.070111], [101.612929, 3.069954]]]}}, {"type": "Feature", "properties": {}, "geometry": {"type": "Polygon", "coordinates": [[[101.612867, 3.069954], [101.612806, 3.069955], [101.612745, 3.06997], [101.612746, 3.070127], [101.612807, 3.070127], [101.612869, 3.070111], [101.612867, 3.069954]]]}}, {"type": "Feature", "properties": {}, "geometry": {"type": "Polygon", "coordinates": [[[101.613541, 3.069776], [101.61348, 3.069776], [101.613419, 3.069792], [101.61342, 3.06993], [101.613481, 3.069929], [101.613543, 3.069914], [101.613541, 3.069776]]]}}, {"type": "Feature", "properties": {}, "geometry": {"type": "Polygon", "coordinates": [[[101.61348, 3.069776], [101.613419, 3.069777], [101.613358, 3.069792], [101.613359, 3.06993], [101.61342, 3.06993], [101.613482, 3.069914], [101.61348, 3.069776]]]}}, {"type": "Feature", "properties": {}, "geometry": {"type": "Polygon", "coordinates": [[[101.613419, 3.069777], [101.613358, 3.069777], [101.613297, 3.069793], [101.613298, 3.069931], [101.613359, 3.06993], [101.61342, 3.069915], [101.613419, 3.069777]]]}}, {"type": "Feature", "properties": {}, "geometry": {"type": "Polygon", "coordinates": [[[101.613358, 3.069777], [101.613297, 3.069778], [101.613235, 3.069793], [101.613237, 3.069931], [101.613298, 3.069931], [101.613359, 3.069915], [101.613358, 3.069777]]]}}, {"type": "Feature", "properties": {}, "geometry": {"type": "Polygon", "coordinates": [[[101.613297, 3.069778], [101.613236, 3.069778], [101.613174, 3.069794], [101.613175, 3.069932], [101.613237, 3.069931], [101.613298, 3.069916], [101.613297, 3.069778]]]}}, {"type": "Feature", "properties": {}, "geometry": {"type": "Polygon", "coordinates": [[[101.613236, 3.069778], [101.613174, 3.069779], [101.613113, 3.069794], [101.613114, 3.069932], [101.613175, 3.069932], [101.613237, 3.069916], [101.613236, 3.069778]]]}}, {"type": "Feature", "properties": {}, "geometry": {"type": "Polygon", "coordinates": [[[101.613174, 3.069779], [101.613113, 3.069779], [101.613052, 3.069795], [101.613053, 3.069933], [101.613114, 3.069932], [101.613176, 3.069917], [101.613174, 3.069779]]]}}, {"type": "Feature", "properties": {}, "geometry": {"type": "Polygon", "coordinates": [[[101.613113, 3.069779], [101.613052, 3.06978], [101.612991, 3.069796], [101.612992, 3.069933], [101.613053, 3.069933], [101.613114, 3.069917], [101.613113, 3.069779]]]}}, {"type": "Feature", "properties": {}, "geometry": {"type": "Polygon", "coordinates": [[[101.613052, 3.06978], [101.612991, 3.069781], [101.61293, 3.069796], [101.612931, 3.069934], [101.612992, 3.069933], [101.613053, 3.069918], [101.613052, 3.06978]]]}}, {"type": "Feature", "properties": {}, "geometry": {"type": "Polygon", "coordinates": [[[101.612991, 3.069781], [101.61293, 3.069781], [101.612868, 3.069797], [101.61287, 3.069935], [101.612931, 3.069934], [101.612992, 3.069919], [101.612991, 3.069781]]]}}, {"type": "Feature", "properties": {}, "geometry": {"type": "Polygon", "coordinates": [[[101.61293, 3.069781], [101.612869, 3.069782], [101.612807, 3.069797], [101.612808, 3.069935], [101.61287, 3.069935], [101.612931, 3.069919], [101.61293, 3.069781]]]}}, {"type": "Feature", "properties": {}, "geometry": {"type": "Polygon", "coordinates": [[[101.612869, 3.069782], [101.612807, 3.069782], [101.612746, 3.069798], [101.612747, 3.069936], [101.612808, 3.069935], [101.61287, 3.06992], [101.612869, 3.069782]]]}}, {"type": "Feature", "properties": {}, "geometry": {"type": "Polygon", "coordinates": [[[101.613541, 3.069399], [101.61348, 3.0694], [101.613419, 3.069415], [101.61342, 3.069566], [101.613481, 3.069565], [101.613543, 3.06955], [101.613541, 3.069399]]]}}, {"type": "Feature", "properties": {}, "geometry": {"type": "Polygon", "coordinates": [[[101.61348, 3.0694], [101.613419, 3.0694], [101.613358, 3.069416], [101.613359, 3.069567], [101.61342, 3.069566], [101.613482, 3.069551], [101.61348, 3.0694]]]}}, {"type": "Feature", "properties": {}, "geometry": {"type": "Polygon", "coordinates": [[[101.613419, 3.0694], [101.613358, 3.069401], [101.613297, 3.069416], [101.613298, 3.069567], [101.613359, 3.069567], [101.613421, 3.069551], [101.613419, 3.0694]]]}}, {"type": "Feature", "properties": {}, "geometry": {"type": "Polygon", "coordinates": [[[101.613358, 3.069401], [101.613297, 3.069401], [101.613236, 3.069417], [101.613237, 3.069568], [101.613298, 3.069567], [101.61336, 3.069552], [101.613358, 3.069401]]]}}, {"type": "Feature", "properties": {}, "geometry": {"type": "Polygon", "coordinates": [[[101.613297, 3.069401], [101.613236, 3.069402], [101.613175, 3.069417], [101.613176, 3.069568], [101.613237, 3.069568], [101.613299, 3.069552], [101.613297, 3.069401]]]}}, {"type": "Feature", "properties": {}, "geometry": {"type": "Polygon", "coordinates": [[[101.613236, 3.069402], [101.613175, 3.069402], [101.613114, 3.069418], [101.613116, 3.069569], [101.613176, 3.069568], [101.613238, 3.069553], [101.613236, 3.069402]]]}}, {"type": "Feature", "properties": {}, "geometry": {"type": "Polygon", "coordinates": [[[101.613175, 3.069402], [101.613115, 3.069403], [101.613053, 3.069418], [101.613055, 3.069569], [101.613116, 3.069569], [101.613177, 3.069553], [101.613175, 3.069402]]]}}, {"type": "Feature", "properties": {}, "geometry": {"type": "Polygon", "coordinates": [[[101.613115, 3.069403], [101.613054, 3.069403], [101.612992, 3.069419], [101.612994, 3.06957], [101.613055, 3.069569], [101.613116, 3.069554], [101.613115, 3.069403]]]}}, {"type": "Feature", "properties": {}, "geometry": {"type": "Polygon", "coordinates": [[[101.613054, 3.069403], [101.612993, 3.069404], [101.612931, 3.069419], [101.612933, 3.069571], [101.612994, 3.06957], [101.613055, 3.069554], [101.613054, 3.069403]]]}}, {"type": "Feature", "properties": {}, "geometry": {"type": "Polygon", "coordinates": [[[101.612993, 3.069404], [101.612932, 3.069405], [101.61287, 3.06942], [101.612872, 3.069571], [101.612933, 3.069571], [101.612994, 3.069555], [101.612993, 3.069404]]]}}, {"type": "Feature", "properties": {}, "geometry": {"type": "Polygon", "coordinates": [[[101.612932, 3.069405], [101.612871, 3.069405], [101.612809, 3.069421], [101.612811, 3.069572], [101.612872, 3.069571], [101.612933, 3.069556], [101.612932, 3.069405]]]}}, {"type": "Feature", "properties": {}, "geometry": {"type": "Polygon", "coordinates": [[[101.612871, 3.069405], [101.61281, 3.069406], [101.612748, 3.069421], [101.61275, 3.069572], [101.612811, 3.069572], [101.612872, 3.069556], [101.612871, 3.069405]]]}}, {"type": "Feature", "properties": {}, "geometry": {"type": "Polygon", "coordinates": [[[101.613539, 3.069227], [101.613478, 3.069228], [101.613416, 3.069243], [101.613418, 3.069393], [101.613479, 3.069392], [101.61354, 3.069377], [101.613539, 3.069227]]]}}, {"type": "Feature", "properties": {}, "geometry": {"type": "Polygon", "coordinates": [[[101.613478, 3.069228], [101.613417, 3.069228], [101.613356, 3.069244], [101.613357, 3.069393], [101.613418, 3.069393], [101.613479, 3.069377], [101.613478, 3.069228]]]}}, {"type": "Feature", "properties": {}, "geometry": {"type": "Polygon", "coordinates": [[[101.613417, 3.069228], [101.613357, 3.069229], [101.613295, 3.069244], [101.613297, 3.069394], [101.613357, 3.069393], [101.613419, 3.069378], [101.613417, 3.069228]]]}}, {"type": "Feature", "properties": {}, "geometry": {"type": "Polygon", "coordinates": [[[101.613357, 3.069229], [101.613296, 3.069229], [101.613235, 3.069245], [101.613236, 3.069394], [101.613297, 3.069394], [101.613358, 3.069378], [101.613357, 3.069229]]]}}, {"type": "Feature", "properties": {}, "geometry": {"type": "Polygon", "coordinates": [[[101.613296, 3.069229], [101.613235, 3.06923], [101.613174, 3.069246], [101.613175, 3.069395], [101.613236, 3.069394], [101.613297, 3.069379], [101.613296, 3.069229]]]}}, {"type": "Feature", "properties": {}, "geometry": {"type": "Polygon", "coordinates": [[[101.613235, 3.06923], [101.613175, 3.069231], [101.613113, 3.069246], [101.613115, 3.069395], [101.613175, 3.069395], [101.613237, 3.069379], [101.613235, 3.06923]]]}}, {"type": "Feature", "properties": {}, "geometry": {"type": "Polygon", "coordinates": [[[101.613175, 3.069231], [101.613114, 3.069231], [101.613053, 3.069247], [101.613054, 3.069396], [101.613115, 3.069395], [101.613176, 3.06938], [101.613175, 3.069231]]]}}, {"type": "Feature", "properties": {}, "geometry": {"type": "Polygon", "coordinates": [[[101.613114, 3.069231], [101.613053, 3.069232], [101.612992, 3.069247], [101.612993, 3.069396], [101.613054, 3.069396], [101.613115, 3.06938], [101.613114, 3.069231]]]}}, {"type": "Feature", "properties": {}, "geometry": {"type": "Polygon", "coordinates": [[[101.613053, 3.069232], [101.612993, 3.069232], [101.612932, 3.069248], [101.612933, 3.069397], [101.612993, 3.069396], [101.613055, 3.069381], [101.613053, 3.069232]]]}}, {"type": "Feature", "properties": {}, "geometry": {"type": "Polygon", "coordinates": [[[101.612993, 3.069232], [101.612932, 3.069233], [101.612871, 3.069248], [101.612872, 3.069398], [101.612933, 3.069397], [101.612994, 3.069382], [101.612993, 3.069232]]]}}, {"type": "Feature", "properties": {}, "geometry": {"type": "Polygon", "coordinates": [[[101.612932, 3.069233], [101.612872, 3.069233], [101.61281, 3.069249], [101.612812, 3.069398], [101.612872, 3.069398], [101.612934, 3.069382], [101.612932, 3.069233]]]}}, {"type": "Feature", "properties": {}, "geometry": {"type": "Polygon", "coordinates": [[[101.612872, 3.069233], [101.612811, 3.069234], [101.61275, 3.069249], [101.612751, 3.069399], [101.612812, 3.069398], [101.612873, 3.069383], [101.612872, 3.069233]]]}}, {"type": "Feature", "properties": {}, "geometry": {"type": "Polygon", "coordinates": [[[101.61185, 3.069954], [101.611789, 3.069955], [101.611728, 3.06997], [101.611729, 3.070124], [101.61179, 3.070123], [101.611852, 3.070108], [101.61185, 3.069954]]]}}, {"type": "Feature", "properties": {}, "geometry": {"type": "Polygon", "coordinates": [[[101.611789, 3.069955], [101.611729, 3.069955], [101.611667, 3.069971], [101.611669, 3.070124], [101.611729, 3.070124], [101.611791, 3.070109], [101.611789, 3.069955]]]}}, {"type": "Feature", "properties": {}, "geometry": {"type": "Polygon", "coordinates": [[[101.611729, 3.069955], [101.611668, 3.069956], [101.611607, 3.069971], [101.611608, 3.070125], [101.611669, 3.070124], [101.61173, 3.070109], [101.611729, 3.069955]]]}}, {"type": "Feature", "properties": {}, "geometry": {"type": "Polygon", "coordinates": [[[101.611668, 3.069956], [101.611607, 3.069956], [101.611546, 3.069972], [101.611548, 3.070126], [101.611608, 3.070125], [101.61167, 3.07011], [101.611668, 3.069956]]]}}, {"type": "Feature", "properties": {}, "geometry": {"type": "Polygon", "coordinates": [[[101.611607, 3.069956], [101.611547, 3.069957], [101.611485, 3.069972], [101.611487, 3.070126], [101.611548, 3.070126], [101.611609, 3.07011], [101.611607, 3.069956]]]}}, {"type": "Feature", "properties": {}, "geometry": {"type": "Polygon", "coordinates": [[[101.611547, 3.069957], [101.611486, 3.069958], [101.611425, 3.069973], [101.611426, 3.070127], [101.611487, 3.070126], [101.611548, 3.070111], [101.611547, 3.069957]]]}}, {"type": "Feature", "properties": {}, "geometry": {"type": "Polygon", "coordinates": [[[101.611486, 3.069958], [101.611425, 3.069958], [101.611364, 3.069974], [101.611366, 3.070127], [101.611426, 3.070127], [101.611488, 3.070111], [101.611486, 3.069958]]]}}, {"type": "Feature", "properties": {}, "geometry": {"type": "Polygon", "coordinates": [[[101.611425, 3.069958], [101.611365, 3.069959], [101.611303, 3.069974], [101.611305, 3.070128], [101.611366, 3.070127], [101.611427, 3.070112], [101.611425, 3.069958]]]}}, {"type": "Feature", "properties": {}, "geometry": {"type": "Polygon", "coordinates": [[[101.611365, 3.069959], [101.611304, 3.069959], [101.611243, 3.069975], [101.611244, 3.070128], [101.611305, 3.070128], [101.611366, 3.070112], [101.611365, 3.069959]]]}}, {"type": "Feature", "properties": {}, "geometry": {"type": "Polygon", "coordinates": [[[101.611304, 3.069959], [101.611243, 3.06996], [101.611182, 3.069975], [101.611184, 3.070129], [101.611244, 3.070128], [101.611306, 3.070113], [101.611304, 3.069959]]]}}, {"type": "Feature", "properties": {}, "geometry": {"type": "Polygon", "coordinates": [[[101.611243, 3.06996], [101.611183, 3.06996], [101.611121, 3.069976], [101.611123, 3.070129], [101.611184, 3.070129], [101.611245, 3.070113], [101.611243, 3.06996]]]}}, {"type": "Feature", "properties": {}, "geometry": {"type": "Polygon", "coordinates": [[[101.611855, 3.069771], [101.611794, 3.069772], [101.611733, 3.069787], [101.611734, 3.06995], [101.611795, 3.069949], [101.611856, 3.069934], [101.611855, 3.069771]]]}}, {"type": "Feature", "properties": {}, "geometry": {"type": "Polygon", "coordinates": [[[101.611794, 3.069772], [101.611733, 3.069772], [101.611672, 3.069788], [101.611673, 3.06995], [101.611734, 3.06995], [101.611796, 3.069934], [101.611794, 3.069772]]]}}, {"type": "Feature", "properties": {}, "geometry": {"type": "Polygon", "coordinates": [[[101.611733, 3.069772], [101.611672, 3.069773], [101.611611, 3.069788], [101.611612, 3.069951], [101.611673, 3.06995], [101.611735, 3.069935], [101.611733, 3.069772]]]}}, {"type": "Feature", "properties": {}, "geometry": {"type": "Polygon", "coordinates": [[[101.611672, 3.069773], [101.611611, 3.069773], [101.61155, 3.069789], [101.611551, 3.069951], [101.611612, 3.069951], [101.611674, 3.069935], [101.611672, 3.069773]]]}}, {"type": "Feature", "properties": {}, "geometry": {"type": "Polygon", "coordinates": [[[101.611611, 3.069773], [101.61155, 3.069774], [101.611489, 3.069789], [101.61149, 3.069952], [101.611551, 3.069951], [101.611613, 3.069936], [101.611611, 3.069773]]]}}, {"type": "Feature", "properties": {}, "geometry": {"type": "Polygon", "coordinates": [[[101.61155, 3.069774], [101.611489, 3.069774], [101.611428, 3.06979], [101.611429, 3.069952], [101.61149, 3.069952], [101.611552, 3.069936], [101.61155, 3.069774]]]}}, {"type": "Feature", "properties": {}, "geometry": {"type": "Polygon", "coordinates": [[[101.611489, 3.069774], [101.611428, 3.069775], [101.611367, 3.06979], [101.611368, 3.069953], [101.611429, 3.069952], [101.611491, 3.069937], [101.611489, 3.069774]]]}}, {"type": "Feature", "properties": {}, "geometry": {"type": "Polygon", "coordinates": [[[101.611428, 3.069775], [101.611367, 3.069776], [101.611306, 3.069791], [101.611307, 3.069954], [101.611368, 3.069953], [101.61143, 3.069937], [101.611428, 3.069775]]]}}, {"type": "Feature", "properties": {}, "geometry": {"type": "Polygon", "coordinates": [[[101.611367, 3.069776], [101.611306, 3.069776], [101.611245, 3.069792], [101.611246, 3.069954], [101.611307, 3.069954], [101.611369, 3.069938], [101.611367, 3.069776]]]}}, {"type": "Feature", "properties": {}, "geometry": {"type": "Polygon", "coordinates": [[[101.611306, 3.069776], [101.611245, 3.069777], [101.611184, 3.069792], [101.611185, 3.069955], [101.611246, 3.069954], [101.611308, 3.069939], [101.611306, 3.069776]]]}}, {"type": "Feature", "properties": {}, "geometry": {"type": "Polygon", "coordinates": [[[101.611245, 3.069777], [101.611184, 3.069777], [101.611123, 3.069793], [101.611124, 3.069955], [101.611185, 3.069955], [101.611247, 3.069939], [101.611245, 3.069777]]]}}, {"type": "Feature", "properties": {}, "geometry": {"type": "Polygon", "coordinates": [[[101.61185, 3.06924], [101.611789, 3.069241], [101.611728, 3.069256], [101.611729, 3.069393], [101.61179, 3.069393], [101.611851, 3.069377], [101.61185, 3.06924]]]}}, {"type": "Feature", "properties": {}, "geometry": {"type": "Polygon", "coordinates": [[[101.611789, 3.069241], [101.611729, 3.069241], [101.611667, 3.069256], [101.611669, 3.069394], [101.611729, 3.069393], [101.611791, 3.069378], [101.611789, 3.069241]]]}}, {"type": "Feature", "properties": {}, "geometry": {"type": "Polygon", "coordinates": [[[101.611729, 3.069241], [101.611668, 3.069242], [101.611607, 3.069257], [101.611608, 3.069394], [101.611669, 3.069394], [101.61173, 3.069378], [101.611729, 3.069241]]]}}, {"type": "Feature", "properties": {}, "geometry": {"type": "Polygon", "coordinates": [[[101.611668, 3.069242], [101.611607, 3.069242], [101.611546, 3.069258], [101.611547, 3.069395], [101.611608, 3.069394], [101.611669, 3.069379], [101.611668, 3.069242]]]}}, {"type": "Feature", "properties": {}, "geometry": {"type": "Polygon", "coordinates": [[[101.611607, 3.069242], [101.611547, 3.069243], [101.611485, 3.069258], [101.611487, 3.069395], [101.611547, 3.069395], [101.611609, 3.069379], [101.611607, 3.069242]]]}}, {"type": "Feature", "properties": {}, "geometry": {"type": "Polygon", "coordinates": [[[101.611547, 3.069243], [101.611486, 3.069243], [101.611425, 3.069259], [101.611426, 3.069396], [101.611487, 3.069395], [101.611548, 3.06938], [101.611547, 3.069243]]]}}, {"type": "Feature", "properties": {}, "geometry": {"type": "Polygon", "coordinates": [[[101.611486, 3.069243], [101.611425, 3.069244], [101.611364, 3.069259], [101.611365, 3.069396], [101.611426, 3.069396], [101.611487, 3.06938], [101.611486, 3.069243]]]}}, {"type": "Feature", "properties": {}, "geometry": {"type": "Polygon", "coordinates": [[[101.611425, 3.069244], [101.611365, 3.069244], [101.611303, 3.06926], [101.611305, 3.069397], [101.611365, 3.069396], [101.611427, 3.069381], [101.611425, 3.069244]]]}}, {"type": "Feature", "properties": {}, "geometry": {"type": "Polygon", "coordinates": [[[101.611365, 3.069244], [101.611304, 3.069245], [101.611243, 3.06926], [101.611244, 3.069398], [101.611305, 3.069397], [101.611366, 3.069381], [101.611365, 3.069244]]]}}, {"type": "Feature", "properties": {}, "geometry": {"type": "Polygon", "coordinates": [[[101.611304, 3.069245], [101.611243, 3.069246], [101.611182, 3.069261], [101.611183, 3.069398], [101.611244, 3.069398], [101.611305, 3.069382], [101.611304, 3.069245]]]}}, {"type": "Feature", "properties": {}, "geometry": {"type": "Polygon", "coordinates": [[[101.611243, 3.069246], [101.611183, 3.069246], [101.611121, 3.069262], [101.611123, 3.069399], [101.611183, 3.069398], [101.611245, 3.069383], [101.611243, 3.069246]]]}}, {"type": "Feature", "properties": {}, "geometry": {"type": "Polygon", "coordinates": [[[101.611182, 3.06941], [101.61109, 3.069411], [101.611028, 3.069427], [101.61103, 3.069589], [101.611122, 3.069588], [101.611184, 3.069572], [101.611182, 3.06941]]]}}, {"type": "Feature", "properties": {}, "geometry": {"type": "Polygon", "coordinates": [[[101.611243, 3.06941], [101.611182, 3.06941], [101.611121, 3.069426], [101.611122, 3.069588], [101.611184, 3.069587], [101.611245, 3.069572], [101.611243, 3.06941]]]}}, {"type": "Feature", "properties": {}, "geometry": {"type": "Polygon", "coordinates": [[[101.611305, 3.069409], [101.611243, 3.06941], [101.611182, 3.069425], [101.611184, 3.069587], [101.611245, 3.069587], [101.611306, 3.069571], [101.611305, 3.069409]]]}}, {"type": "Feature", "properties": {}, "geometry": {"type": "Polygon", "coordinates": [[[101.611366, 3.069409], [101.611305, 3.069409], [101.611243, 3.069425], [101.611245, 3.069587], [101.611306, 3.069586], [101.611368, 3.06957], [101.611366, 3.069409]]]}}, {"type": "Feature", "properties": {}, "geometry": {"type": "Polygon", "coordinates": [[[101.611427, 3.069408], [101.611366, 3.069409], [101.611305, 3.069424], [101.611306, 3.069586], [101.611368, 3.069585], [101.611429, 3.06957], [101.611427, 3.069408]]]}}, {"type": "Feature", "properties": {}, "geometry": {"type": "Polygon", "coordinates": [[[101.611489, 3.069408], [101.611427, 3.069408], [101.611366, 3.069424], [101.611368, 3.069585], [101.611429, 3.069585], [101.61149, 3.069569], [101.611489, 3.069408]]]}}, {"type": "Feature", "properties": {}, "geometry": {"type": "Polygon", "coordinates": [[[101.61155, 3.069407], [101.611489, 3.069408], [101.611427, 3.069423], [101.611429, 3.069585], [101.61149, 3.069584], [101.611552, 3.069569], [101.61155, 3.069407]]]}}, {"type": "Feature", "properties": {}, "geometry": {"type": "Polygon", "coordinates": [[[101.611611, 3.069407], [101.61155, 3.069407], [101.611489, 3.069422], [101.61149, 3.069584], [101.611552, 3.069584], [101.611613, 3.069568], [101.611611, 3.069407]]]}}, {"type": "Feature", "properties": {}, "geometry": {"type": "Polygon", "coordinates": [[[101.611673, 3.069406], [101.611611, 3.069407], [101.61155, 3.069422], [101.611552, 3.069584], [101.611613, 3.069583], [101.611674, 3.069568], [101.611673, 3.069406]]]}}, {"type": "Feature", "properties": {}, "geometry": {"type": "Polygon", "coordinates": [[[101.611734, 3.069405], [101.611673, 3.069406], [101.611611, 3.069421], [101.611613, 3.069583], [101.611674, 3.069583], [101.611736, 3.069567], [101.611734, 3.069405]]]}}, {"type": "Feature", "properties": {}, "geometry": {"type": "Polygon", "coordinates": [[[101.611795, 3.069405], [101.611734, 3.069405], [101.611673, 3.069421], [101.611674, 3.069583], [101.611735, 3.069582], [101.611797, 3.069567], [101.611795, 3.069405]]]}}, {"type": "Feature", "properties": {}, "geometry": {"type": "Polygon", "coordinates": [[[101.611847, 3.068662], [101.611786, 3.068663], [101.611725, 3.068678], [101.611727, 3.068821], [101.611788, 3.06882], [101.611849, 3.068804], [101.611847, 3.068662]]]}}, {"type": "Feature", "properties": {}, "geometry": {"type": "Polygon", "coordinates": [[[101.611786, 3.068663], [101.611725, 3.068663], [101.611664, 3.068679], [101.611665, 3.068821], [101.611727, 3.068821], [101.611788, 3.068805], [101.611786, 3.068663]]]}}, {"type": "Feature", "properties": {}, "geometry": {"type": "Polygon", "coordinates": [[[101.611725, 3.068663], [101.611664, 3.068664], [101.611602, 3.06868], [101.611604, 3.068822], [101.611665, 3.068821], [101.611727, 3.068806], [101.611725, 3.068663]]]}}, {"type": "Feature", "properties": {}, "geometry": {"type": "Polygon", "coordinates": [[[101.611664, 3.068664], [101.611602, 3.068665], [101.611541, 3.06868], [101.611543, 3.068823], [101.611604, 3.068822], [101.611665, 3.068807], [101.611664, 3.068664]]]}}, {"type": "Feature", "properties": {}, "geometry": {"type": "Polygon", "coordinates": [[[101.611602, 3.068665], [101.611541, 3.068666], [101.61148, 3.068681], [101.611481, 3.068823], [101.611543, 3.068823], [101.611604, 3.068807], [101.611602, 3.068665]]]}}, {"type": "Feature", "properties": {}, "geometry": {"type": "Polygon", "coordinates": [[[101.611541, 3.068666], [101.61148, 3.068666], [101.611419, 3.068682], [101.61142, 3.068824], [101.611481, 3.068823], [101.611543, 3.068808], [101.611541, 3.068666]]]}}, {"type": "Feature", "properties": {}, "geometry": {"type": "Polygon", "coordinates": [[[101.61148, 3.068666], [101.611419, 3.068667], [101.611357, 3.068682], [101.611359, 3.068825], [101.61142, 3.068824], [101.611482, 3.068809], [101.61148, 3.068666]]]}}, {"type": "Feature", "properties": {}, "geometry": {"type": "Polygon", "coordinates": [[[101.611419, 3.068667], [101.611357, 3.068668], [101.611296, 3.068683], [101.611298, 3.068826], [101.611359, 3.068825], [101.61142, 3.068809], [101.611419, 3.068667]]]}}, {"type": "Feature", "properties": {}, "geometry": {"type": "Polygon", "coordinates": [[[101.611357, 3.068668], [101.611296, 3.068669], [101.611235, 3.068684], [101.611237, 3.068826], [101.611298, 3.068826], [101.611359, 3.06881], [101.611357, 3.068668]]]}}, {"type": "Feature", "properties": {}, "geometry": {"type": "Polygon", "coordinates": [[[101.611296, 3.068669], [101.611235, 3.068669], [101.611174, 3.068685], [101.611175, 3.068827], [101.611237, 3.068826], [101.611298, 3.068811], [101.611296, 3.068669]]]}}, {"type": "Feature", "properties": {}, "geometry": {"type": "Polygon", "coordinates": [[[101.611235, 3.068669], [101.611174, 3.06867], [101.611112, 3.068685], [101.611114, 3.068828], [101.611175, 3.068827], [101.611237, 3.068812], [101.611235, 3.068669]]]}}, {"type": "Feature", "properties": {}, "geometry": {"type": "Polygon", "coordinates": [[[101.611842, 3.068827], [101.611782, 3.068828], [101.611721, 3.068843], [101.611722, 3.068998], [101.611782, 3.068998], [101.611843, 3.068983], [101.611842, 3.068827]]]}}, {"type": "Feature", "properties": {}, "geometry": {"type": "Polygon", "coordinates": [[[101.611782, 3.068828], [101.611722, 3.068828], [101.61166, 3.068843], [101.611661, 3.068999], [101.611722, 3.068998], [101.611783, 3.068983], [101.611782, 3.068828]]]}}, {"type": "Feature", "properties": {}, "geometry": {"type": "Polygon", "coordinates": [[[101.611722, 3.068828], [101.611661, 3.068828], [101.6116, 3.068844], [101.611601, 3.068999], [101.611661, 3.068999], [101.611723, 3.068983], [101.611722, 3.068828]]]}}, {"type": "Feature", "properties": {}, "geometry": {"type": "Polygon", "coordinates": [[[101.611661, 3.068828], [101.611601, 3.068829], [101.61154, 3.068844], [101.611541, 3.069], [101.611601, 3.068999], [101.611662, 3.068984], [101.611661, 3.068828]]]}}, {"type": "Feature", "properties": {}, "geometry": {"type": "Polygon", "coordinates": [[[101.611601, 3.068829], [101.611541, 3.068829], [101.611479, 3.068845], [101.61148, 3.069], [101.611541, 3.069], [101.611602, 3.068984], [101.611601, 3.068829]]]}}, {"type": "Feature", "properties": {}, "geometry": {"type": "Polygon", "coordinates": [[[101.611541, 3.068829], [101.61148, 3.06883], [101.611419, 3.068845], [101.61142, 3.069], [101.61148, 3.069], [101.611542, 3.068985], [101.611541, 3.068829]]]}}, {"type": "Feature", "properties": {}, "geometry": {"type": "Polygon", "coordinates": [[[101.61148, 3.06883], [101.61142, 3.06883], [101.611359, 3.068845], [101.61136, 3.069001], [101.61142, 3.069], [101.611481, 3.068985], [101.61148, 3.06883]]]}}, {"type": "Feature", "properties": {}, "geometry": {"type": "Polygon", "coordinates": [[[101.61142, 3.06883], [101.61136, 3.06883], [101.611298, 3.068846], [101.611299, 3.069001], [101.61136, 3.069001], [101.611421, 3.068985], [101.61142, 3.06883]]]}}, {"type": "Feature", "properties": {}, "geometry": {"type": "Polygon", "coordinates": [[[101.61136, 3.06883], [101.611299, 3.068831], [101.611238, 3.068846], [101.611239, 3.069002], [101.611299, 3.069001], [101.611361, 3.068986], [101.61136, 3.06883]]]}}, {"type": "Feature", "properties": {}, "geometry": {"type": "Polygon", "coordinates": [[[101.611299, 3.068831], [101.611239, 3.068831], [101.611178, 3.068847], [101.611179, 3.069002], [101.611239, 3.069002], [101.6113, 3.068986], [101.611299, 3.068831]]]}}, {"type": "Feature", "properties": {}, "geometry": {"type": "Polygon", "coordinates": [[[101.611239, 3.068831], [101.611179, 3.068832], [101.611117, 3.068847], [101.611118, 3.069002], [101.611179, 3.069002], [101.61124, 3.068986], [101.611239, 3.068831]]]}}, {"type": "Feature", "properties": {}, "geometry": {"type": "Polygon", "coordinates": [[[101.612518, 3.068828], [101.612457, 3.068829], [101.612396, 3.068844], [101.612397, 3.068996], [101.612458, 3.068996], [101.612519, 3.068981], [101.612518, 3.068828]]]}}, {"type": "Feature", "properties": {}, "geometry": {"type": "Polygon", "coordinates": [[[101.612457, 3.068829], [101.612396, 3.068829], [101.612335, 3.068845], [101.612336, 3.068997], [101.612397, 3.068996], [101.612458, 3.068981], [101.612457, 3.068829]]]}}, {"type": "Feature", "properties": {}, "geometry": {"type": "Polygon", "coordinates": [[[101.612396, 3.068829], [101.612335, 3.06883], [101.612274, 3.068845], [101.612275, 3.068997], [101.612336, 3.068997], [101.612397, 3.068982], [101.612396, 3.068829]]]}}, {"type": "Feature", "properties": {}, "geometry": {"type": "Polygon", "coordinates": [[[101.612335, 3.06883], [101.612274, 3.06883], [101.612213, 3.068846], [101.612214, 3.068998], [101.612275, 3.068997], [101.612336, 3.068982], [101.612335, 3.06883]]]}}, {"type": "Feature", "properties": {}, "geometry": {"type": "Polygon", "coordinates": [[[101.612274, 3.06883], [101.612213, 3.06883], [101.612152, 3.068846], [101.612153, 3.068998], [101.612214, 3.068998], [101.612275, 3.068982], [101.612274, 3.06883]]]}}, {"type": "Feature", "properties": {}, "geometry": {"type": "Polygon", "coordinates": [[[101.612213, 3.06883], [101.612152, 3.068831], [101.612091, 3.068846], [101.612092, 3.068999], [101.612153, 3.068998], [101.612214, 3.068983], [101.612213, 3.06883]]]}}, {"type": "Feature", "properties": {}, "geometry": {"type": "Polygon", "coordinates": [[[101.612152, 3.068831], [101.612091, 3.068831], [101.61203, 3.068847], [101.612031, 3.068999], [101.612092, 3.068999], [101.612153, 3.068983], [101.612152, 3.068831]]]}}, {"type": "Feature", "properties": {}, "geometry": {"type": "Polygon", "coordinates": [[[101.612091, 3.068831], [101.61203, 3.068832], [101.611969, 3.068847], [101.61197, 3.069], [101.612031, 3.068999], [101.612092, 3.068984], [101.612091, 3.068831]]]}}, {"type": "Feature", "properties": {}, "geometry": {"type": "Polygon", "coordinates": [[[101.61203, 3.068832], [101.611969, 3.068832], [101.611908, 3.068848], [101.611909, 3.069], [101.61197, 3.069], [101.612031, 3.068984], [101.61203, 3.068832]]]}}, {"type": "Feature", "properties": {}, "geometry": {"type": "Polygon", "coordinates": [[[101.611961, 3.068668], [101.6119, 3.068669], [101.611838, 3.068684], [101.61184, 3.068815], [101.611901, 3.068815], [101.611963, 3.068799], [101.611961, 3.068668]]]}}, {"type": "Feature", "properties": {}, "geometry": {"type": "Polygon", "coordinates": [[[101.612023, 3.068667], [101.611961, 3.068668], [101.6119, 3.068684], [101.611901, 3.068815], [101.611963, 3.068814], [101.612024, 3.068799], [101.612023, 3.068667]]]}}, {"type": "Feature", "properties": {}, "geometry": {"type": "Polygon", "coordinates": [[[101.612084, 3.068667], [101.612023, 3.068667], [101.611961, 3.068683], [101.611963, 3.068814], [101.612024, 3.068813], [101.612086, 3.068798], [101.612084, 3.068667]]]}}, {"type": "Feature", "properties": {}, "geometry": {"type": "Polygon", "coordinates": [[[101.612146, 3.068666], [101.612084, 3.068667], [101.612023, 3.068682], [101.612024, 3.068813], [101.612086, 3.068813], [101.612147, 3.068797], [101.612146, 3.068666]]]}}, {"type": "Feature", "properties": {}, "geometry": {"type": "Polygon", "coordinates": [[[101.612207, 3.068665], [101.612146, 3.068666], [101.612084, 3.068681], [101.612086, 3.068813], [101.612147, 3.068812], [101.612209, 3.068796], [101.612207, 3.068665]]]}}, {"type": "Feature", "properties": {}, "geometry": {"type": "Polygon", "coordinates": [[[101.612269, 3.068665], [101.612207, 3.068665], [101.612146, 3.068681], [101.612147, 3.068812], [101.612209, 3.068811], [101.61227, 3.068796], [101.612269, 3.068665]]]}}, {"type": "Feature", "properties": {}, "geometry": {"type": "Polygon", "coordinates": [[[101.61233, 3.068664], [101.612269, 3.068665], [101.612207, 3.06868], [101.612209, 3.068811], [101.61227, 3.068811], [101.612332, 3.068795], [101.61233, 3.068664]]]}}, {"type": "Feature", "properties": {}, "geometry": {"type": "Polygon", "coordinates": [[[101.612391, 3.068663], [101.61233, 3.068664], [101.612269, 3.068679], [101.61227, 3.068811], [101.612332, 3.06881], [101.612393, 3.068794], [101.612391, 3.068663]]]}}, {"type": "Feature", "properties": {}, "geometry": {"type": "Polygon", "coordinates": [[[101.612453, 3.068662], [101.612391, 3.068663], [101.61233, 3.068679], [101.612332, 3.06881], [101.612393, 3.068809], [101.612454, 3.068794], [101.612453, 3.068662]]]}}, {"type": "Feature", "properties": {}, "geometry": {"type": "Polygon", "coordinates": [[[101.612514, 3.068662], [101.612453, 3.068662], [101.612392, 3.068678], [101.612393, 3.068809], [101.612455, 3.068808], [101.612516, 3.068793], [101.612514, 3.068662]]]}}, {"type": "Feature", "properties": {}, "geometry": {"type": "Polygon", "coordinates": [[[101.612576, 3.068661], [101.612514, 3.068662], [101.612453, 3.068677], [101.612455, 3.068808], [101.612516, 3.068808], [101.612577, 3.068792], [101.612576, 3.068661]]]}}, {"type": "Feature", "properties": {}, "geometry": {"type": "Polygon", "coordinates": [[[101.613426, 3.068821], [101.613366, 3.068821], [101.613304, 3.068837], [101.613305, 3.068994], [101.613366, 3.068994], [101.613427, 3.068978], [101.613426, 3.068821]]]}}, {"type": "Feature", "properties": {}, "geometry": {"type": "Polygon", "coordinates": [[[101.613366, 3.068821], [101.613305, 3.068822], [101.613244, 3.068837], [101.613245, 3.068995], [101.613305, 3.068994], [101.613367, 3.068979], [101.613366, 3.068821]]]}}, {"type": "Feature", "properties": {}, "geometry": {"type": "Polygon", "coordinates": [[[101.613305, 3.068822], [101.613245, 3.068822], [101.613184, 3.068838], [101.613185, 3.068995], [101.613245, 3.068995], [101.613306, 3.068979], [101.613305, 3.068822]]]}}, {"type": "Feature", "properties": {}, "geometry": {"type": "Polygon", "coordinates": [[[101.613245, 3.068822], [101.613184, 3.068822], [101.613123, 3.068838], [101.613124, 3.068995], [101.613185, 3.068995], [101.613246, 3.068979], [101.613245, 3.068822]]]}}, {"type": "Feature", "properties": {}, "geometry": {"type": "Polygon", "coordinates": [[[101.613184, 3.068822], [101.613124, 3.068823], [101.613063, 3.068838], [101.613064, 3.068996], [101.613124, 3.068995], [101.613185, 3.06898], [101.613184, 3.068822]]]}}, {"type": "Feature", "properties": {}, "geometry": {"type": "Polygon", "coordinates": [[[101.613124, 3.068823], [101.613063, 3.068823], [101.613002, 3.068839], [101.613003, 3.068996], [101.613064, 3.068996], [101.613125, 3.06898], [101.613124, 3.068823]]]}}, {"type": "Feature", "properties": {}, "geometry": {"type": "Polygon", "coordinates": [[[101.613063, 3.068823], [101.613003, 3.068824], [101.612942, 3.068839], [101.612943, 3.068996], [101.613003, 3.068996], [101.613065, 3.068981], [101.613063, 3.068823]]]}}, {"type": "Feature", "properties": {}, "geometry": {"type": "Polygon", "coordinates": [[[101.613003, 3.068824], [101.612943, 3.068824], [101.612881, 3.06884], [101.612882, 3.068997], [101.612943, 3.068996], [101.613004, 3.068981], [101.613003, 3.068824]]]}}, {"type": "Feature", "properties": {}, "geometry": {"type": "Polygon", "coordinates": [[[101.612943, 3.068824], [101.612882, 3.068824], [101.612821, 3.06884], [101.612822, 3.068997], [101.612882, 3.068997], [101.612944, 3.068981], [101.612943, 3.068824]]]}}, {"type": "Feature", "properties": {}, "geometry": {"type": "Polygon", "coordinates": [[[101.612882, 3.068824], [101.612822, 3.068825], [101.61276, 3.06884], [101.612761, 3.068998], [101.612822, 3.068997], [101.612883, 3.068982], [101.612882, 3.068824]]]}}, {"type": "Feature", "properties": {}, "geometry": {"type": "Polygon", "coordinates": [[[101.612822, 3.068825], [101.612761, 3.068825], [101.6127, 3.068841], [101.612701, 3.068998], [101.612761, 3.068998], [101.612823, 3.068982], [101.612822, 3.068825]]]}}, {"type": "Feature", "properties": {}, "geometry": {"type": "Polygon", "coordinates": [[[101.612759, 3.068668], [101.612698, 3.068669], [101.612636, 3.068684], [101.612638, 3.068816], [101.612699, 3.068815], [101.61276, 3.0688], [101.612759, 3.068668]]]}}, {"type": "Feature", "properties": {}, "geometry": {"type": "Polygon", "coordinates": [[[101.61282, 3.068667], [101.612759, 3.068668], [101.612697, 3.068683], [101.612699, 3.068815], [101.61276, 3.068814], [101.612821, 3.068799], [101.61282, 3.068667]]]}}, {"type": "Feature", "properties": {}, "geometry": {"type": "Polygon", "coordinates": [[[101.612881, 3.068666], [101.61282, 3.068667], [101.612758, 3.068682], [101.61276, 3.068814], [101.612821, 3.068814], [101.612882, 3.068798], [101.612881, 3.068666]]]}}, {"type": "Feature", "properties": {}, "geometry": {"type": "Polygon", "coordinates": [[[101.612941, 3.068666], [101.612881, 3.068666], [101.612819, 3.068682], [101.612821, 3.068814], [101.612882, 3.068813], [101.612943, 3.068798], [101.612941, 3.068666]]]}}, {"type": "Feature", "properties": {}, "geometry": {"type": "Polygon", "coordinates": [[[101.613002, 3.068665], [101.612941, 3.068666], [101.61288, 3.068681], [101.612882, 3.068813], [101.612943, 3.068812], [101.613004, 3.068797], [101.613002, 3.068665]]]}}, {"type": "Feature", "properties": {}, "geometry": {"type": "Polygon", "coordinates": [[[101.613063, 3.068664], [101.613002, 3.068665], [101.612941, 3.06868], [101.612943, 3.068812], [101.613003, 3.068812], [101.613065, 3.068796], [101.613063, 3.068664]]]}}, {"type": "Feature", "properties": {}, "geometry": {"type": "Polygon", "coordinates": [[[101.613124, 3.068664], [101.613063, 3.068664], [101.613002, 3.06868], [101.613003, 3.068812], [101.613064, 3.068811], [101.613126, 3.068795], [101.613124, 3.068664]]]}}, {"type": "Feature", "properties": {}, "geometry": {"type": "Polygon", "coordinates": [[[101.613185, 3.068663], [101.613124, 3.068664], [101.613063, 3.068679], [101.613064, 3.068811], [101.613125, 3.06881], [101.613187, 3.068795], [101.613185, 3.068663]]]}}, {"type": "Feature", "properties": {}, "geometry": {"type": "Polygon", "coordinates": [[[101.613246, 3.068662], [101.613185, 3.068663], [101.613124, 3.068678], [101.613125, 3.06881], [101.613186, 3.068809], [101.613247, 3.068794], [101.613246, 3.068662]]]}}, {"type": "Feature", "properties": {}, "geometry": {"type": "Polygon", "coordinates": [[[101.613307, 3.068661], [101.613246, 3.068662], [101.613185, 3.068678], [101.613186, 3.068809], [101.613247, 3.068809], [101.613308, 3.068793], [101.613307, 3.068661]]]}}, {"type": "Feature", "properties": {}, "geometry": {"type": "Polygon", "coordinates": [[[101.613368, 3.068661], [101.613307, 3.068661], [101.613246, 3.068677], [101.613247, 3.068809], [101.613308, 3.068808], [101.613369, 3.068793], [101.613368, 3.068661]]]}}, {"type": "Feature", "properties": {}, "geometry": {"type": "Polygon", "coordinates": [[[101.611169, 3.068113], [101.611108, 3.068114], [101.611046, 3.068129], [101.611047, 3.06827], [101.611109, 3.068269], [101.61117, 3.068254], [101.611169, 3.068113]]]}}, {"type": "Feature", "properties": {}, "geometry": {"type": "Polygon", "coordinates": [[[101.611231, 3.068113], [101.611169, 3.068113], [101.611108, 3.068129], [101.611109, 3.068269], [101.611171, 3.068269], [101.611232, 3.068253], [101.611231, 3.068113]]]}}, {"type": "Feature", "properties": {}, "geometry": {"type": "Polygon", "coordinates": [[[101.611293, 3.068112], [101.611231, 3.068113], [101.61117, 3.068128], [101.611171, 3.068269], [101.611233, 3.068268], [101.611294, 3.068253], [101.611293, 3.068112]]]}}, {"type": "Feature", "properties": {}, "geometry": {"type": "Polygon", "coordinates": [[[101.611355, 3.068112], [101.611293, 3.068112], [101.611232, 3.068128], [101.611233, 3.068268], [101.611295, 3.068268], [101.611356, 3.068252], [101.611355, 3.068112]]]}}, {"type": "Feature", "properties": {}, "geometry": {"type": "Polygon", "coordinates": [[[101.611417, 3.068111], [101.611355, 3.068112], [101.611294, 3.068127], [101.611295, 3.068268], [101.611357, 3.068268], [101.611418, 3.068252], [101.611417, 3.068111]]]}}, {"type": "Feature", "properties": {}, "geometry": {"type": "Polygon", "coordinates": [[[101.611479, 3.068111], [101.611417, 3.068111], [101.611356, 3.068127], [101.611357, 3.068268], [101.611419, 3.068267], [101.61148, 3.068252], [101.611479, 3.068111]]]}}, {"type": "Feature", "properties": {}, "geometry": {"type": "Polygon", "coordinates": [[[101.611541, 3.068111], [101.611479, 3.068111], [101.611418, 3.068126], [101.611419, 3.068267], [101.611481, 3.068267], [101.611542, 3.068251], [101.611541, 3.068111]]]}}, {"type": "Feature", "properties": {}, "geometry": {"type": "Polygon", "coordinates": [[[101.611603, 3.06811], [101.611541, 3.068111], [101.61148, 3.068126], [101.611481, 3.068267], [101.611542, 3.068266], [101.611604, 3.068251], [101.611603, 3.06811]]]}}, {"type": "Feature", "properties": {}, "geometry": {"type": "Polygon", "coordinates": [[[101.611665, 3.06811], [101.611603, 3.06811], [101.611542, 3.068126], [101.611542, 3.068266], [101.611604, 3.068266], [101.611666, 3.06825], [101.611665, 3.06811]]]}}, {"type": "Feature", "properties": {}, "geometry": {"type": "Polygon", "coordinates": [[[101.611727, 3.068109], [101.611665, 3.06811], [101.611603, 3.068125], [101.611604, 3.068266], [101.611666, 3.068265], [101.611728, 3.06825], [101.611727, 3.068109]]]}}, {"type": "Feature", "properties": {}, "geometry": {"type": "Polygon", "coordinates": [[[101.611789, 3.068109], [101.611727, 3.068109], [101.611665, 3.068125], [101.611666, 3.068265], [101.611728, 3.068265], [101.61179, 3.06825], [101.611789, 3.068109]]]}}, {"type": "Feature", "properties": {}, "geometry": {"type": "Polygon", "coordinates": [[[101.611849, 3.068272], [101.611787, 3.068273], [101.611726, 3.068288], [101.611727, 3.068443], [101.611789, 3.068443], [101.61185, 3.068427], [101.611849, 3.068272]]]}}, {"type": "Feature", "properties": {}, "geometry": {"type": "Polygon", "coordinates": [[[101.611787, 3.068273], [101.611726, 3.068274], [101.611664, 3.068289], [101.611666, 3.068444], [101.611727, 3.068443], [101.611789, 3.068428], [101.611787, 3.068273]]]}}, {"type": "Feature", "properties": {}, "geometry": {"type": "Polygon", "coordinates": [[[101.611726, 3.068274], [101.611664, 3.068274], [101.611603, 3.06829], [101.611604, 3.068444], [101.611666, 3.068444], [101.611727, 3.068428], [101.611726, 3.068274]]]}}, {"type": "Feature", "properties": {}, "geometry": {"type": "Polygon", "coordinates": [[[101.611664, 3.068274], [101.611602, 3.068275], [101.611541, 3.06829], [101.611543, 3.068445], [101.611604, 3.068444], [101.611666, 3.068429], [101.611664, 3.068274]]]}}, {"type": "Feature", "properties": {}, "geometry": {"type": "Polygon", "coordinates": [[[101.611602, 3.068275], [101.611541, 3.068275], [101.61148, 3.068291], [101.611481, 3.068445], [101.611543, 3.068445], [101.611604, 3.068429], [101.611602, 3.068275]]]}}, {"type": "Feature", "properties": {}, "geometry": {"type": "Polygon", "coordinates": [[[101.611541, 3.068275], [101.611479, 3.068276], [101.611418, 3.068291], [101.611419, 3.068446], [101.611481, 3.068445], [101.611542, 3.06843], [101.611541, 3.068275]]]}}, {"type": "Feature", "properties": {}, "geometry": {"type": "Polygon", "coordinates": [[[101.611479, 3.068276], [101.611418, 3.068276], [101.611356, 3.068292], [101.611358, 3.068446], [101.611419, 3.068446], [101.611481, 3.06843], [101.611479, 3.068276]]]}}, {"type": "Feature", "properties": {}, "geometry": {"type": "Polygon", "coordinates": [[[101.611418, 3.068276], [101.611356, 3.068277], [101.611295, 3.068292], [101.611296, 3.068447], [101.611358, 3.068446], [101.611419, 3.068431], [101.611418, 3.068276]]]}}, {"type": "Feature", "properties": {}, "geometry": {"type": "Polygon", "coordinates": [[[101.611356, 3.068277], [101.611295, 3.068277], [101.611233, 3.068293], [101.611235, 3.068447], [101.611296, 3.068447], [101.611358, 3.068431], [101.611356, 3.068277]]]}}, {"type": "Feature", "properties": {}, "geometry": {"type": "Polygon", "coordinates": [[[101.611295, 3.068277], [101.611233, 3.068278], [101.611172, 3.068293], [101.611173, 3.068448], [101.611235, 3.068447], [101.611296, 3.068432], [101.611295, 3.068277]]]}}, {"type": "Feature", "properties": {}, "geometry": {"type": "Polygon", "coordinates": [[[101.611233, 3.068278], [101.611171, 3.068278], [101.61111, 3.068294], [101.611111, 3.068449], [101.611173, 3.068448], [101.611234, 3.068433], [101.611233, 3.068278]]]}}, {"type": "Feature", "properties": {}, "geometry": {"type": "Polygon", "coordinates": [[[101.612633, 3.068271], [101.612572, 3.068271], [101.612511, 3.068287], [101.612512, 3.068443], [101.612573, 3.068443], [101.612635, 3.068427], [101.612633, 3.068271]]]}}, {"type": "Feature", "properties": {}, "geometry": {"type": "Polygon", "coordinates": [[[101.612572, 3.068271], [101.612511, 3.068272], [101.61245, 3.068287], [101.612451, 3.068444], [101.612512, 3.068443], [101.612574, 3.068428], [101.612572, 3.068271]]]}}, {"type": "Feature", "properties": {}, "geometry": {"type": "Polygon", "coordinates": [[[101.612511, 3.068272], [101.61245, 3.068272], [101.612389, 3.068288], [101.61239, 3.068444], [101.612451, 3.068444], [101.612512, 3.068428], [101.612511, 3.068272]]]}}, {"type": "Feature", "properties": {}, "geometry": {"type": "Polygon", "coordinates": [[[101.61245, 3.068272], [101.612389, 3.068273], [101.612327, 3.068288], [101.612329, 3.068445], [101.61239, 3.068444], [101.612451, 3.068429], [101.61245, 3.068272]]]}}, {"type": "Feature", "properties": {}, "geometry": {"type": "Polygon", "coordinates": [[[101.612389, 3.068273], [101.612328, 3.068273], [101.612266, 3.068289], [101.612268, 3.068445], [101.612329, 3.068445], [101.61239, 3.068429], [101.612389, 3.068273]]]}}, {"type": "Feature", "properties": {}, "geometry": {"type": "Polygon", "coordinates": [[[101.612328, 3.068273], [101.612267, 3.068274], [101.612205, 3.068289], [101.612207, 3.068446], [101.612268, 3.068445], [101.612329, 3.06843], [101.612328, 3.068273]]]}}, {"type": "Feature", "properties": {}, "geometry": {"type": "Polygon", "coordinates": [[[101.612267, 3.068274], [101.612205, 3.068274], [101.612144, 3.06829], [101.612145, 3.068446], [101.612207, 3.068446], [101.612268, 3.068431], [101.612267, 3.068274]]]}}, {"type": "Feature", "properties": {}, "geometry": {"type": "Polygon", "coordinates": [[[101.612205, 3.068274], [101.612144, 3.068275], [101.612083, 3.06829], [101.612084, 3.068447], [101.612145, 3.068446], [101.612207, 3.068431], [101.612205, 3.068274]]]}}, {"type": "Feature", "properties": {}, "geometry": {"type": "Polygon", "coordinates": [[[101.612144, 3.068275], [101.612083, 3.068275], [101.612022, 3.068291], [101.612023, 3.068448], [101.612084, 3.068447], [101.612146, 3.068432], [101.612144, 3.068275]]]}}, {"type": "Feature", "properties": {}, "geometry": {"type": "Polygon", "coordinates": [[[101.612083, 3.068275], [101.612022, 3.068276], [101.611961, 3.068291], [101.611962, 3.068448], [101.612023, 3.068448], [101.612084, 3.068432], [101.612083, 3.068275]]]}}, {"type": "Feature", "properties": {}, "geometry": {"type": "Polygon", "coordinates": [[[101.612022, 3.068276], [101.611961, 3.068277], [101.6119, 3.068292], [101.611901, 3.068449], [101.611962, 3.068448], [101.612023, 3.068433], [101.612022, 3.068276]]]}}, {"type": "Feature", "properties": {}, "geometry": {"type": "Polygon", "coordinates": [[[101.61196, 3.068114], [101.611899, 3.068115], [101.611837, 3.06813], [101.611838, 3.068267], [101.6119, 3.068266], [101.611961, 3.068251], [101.61196, 3.068114]]]}}, {"type": "Feature", "properties": {}, "geometry": {"type": "Polygon", "coordinates": [[[101.612021, 3.068114], [101.61196, 3.068114], [101.611899, 3.068129], [101.6119, 3.068266], [101.611961, 3.068266], [101.612022, 3.06825], [101.612021, 3.068114]]]}}, {"type": "Feature", "properties": {}, "geometry": {"type": "Polygon", "coordinates": [[[101.612082, 3.068113], [101.612021, 3.068114], [101.61196, 3.068129], [101.611961, 3.068266], [101.612022, 3.068265], [101.612083, 3.06825], [101.612082, 3.068113]]]}}, {"type": "Feature", "properties": {}, "geometry": {"type": "Polygon", "coordinates": [[[101.612144, 3.068113], [101.612082, 3.068113], [101.612021, 3.068129], [101.612022, 3.068265], [101.612083, 3.068265], [101.612145, 3.068249], [101.612144, 3.068113]]]}}, {"type": "Feature", "properties": {}, "geometry": {"type": "Polygon", "coordinates": [[[101.612205, 3.068112], [101.612144, 3.068113], [101.612082, 3.068128], [101.612083, 3.068265], [101.612145, 3.068264], [101.612206, 3.068249], [101.612205, 3.068112]]]}}, {"type": "Feature", "properties": {}, "geometry": {"type": "Polygon", "coordinates": [[[101.612266, 3.068112], [101.612205, 3.068112], [101.612144, 3.068128], [101.612145, 3.068264], [101.612206, 3.068264], [101.612267, 3.068248], [101.612266, 3.068112]]]}}, {"type": "Feature", "properties": {}, "geometry": {"type": "Polygon", "coordinates": [[[101.612327, 3.068111], [101.612266, 3.068112], [101.612205, 3.068127], [101.612206, 3.068264], [101.612267, 3.068264], [101.612328, 3.068248], [101.612327, 3.068111]]]}}, {"type": "Feature", "properties": {}, "geometry": {"type": "Polygon", "coordinates": [[[101.612389, 3.068111], [101.612327, 3.068111], [101.612266, 3.068127], [101.612267, 3.068264], [101.612328, 3.068263], [101.61239, 3.068248], [101.612389, 3.068111]]]}}, {"type": "Feature", "properties": {}, "geometry": {"type": "Polygon", "coordinates": [[[101.61245, 3.068111], [101.612389, 3.068111], [101.612327, 3.068126], [101.612328, 3.068263], [101.61239, 3.068263], [101.612451, 3.068247], [101.61245, 3.068111]]]}}, {"type": "Feature", "properties": {}, "geometry": {"type": "Polygon", "coordinates": [[[101.612511, 3.06811], [101.61245, 3.068111], [101.612388, 3.068126], [101.61239, 3.068263], [101.612451, 3.068262], [101.612512, 3.068247], [101.612511, 3.06811]]]}}, {"type": "Feature", "properties": {}, "geometry": {"type": "Polygon", "coordinates": [[[101.612572, 3.06811], [101.612511, 3.06811], [101.61245, 3.068126], [101.612451, 3.068262], [101.612512, 3.068262], [101.612573, 3.068246], [101.612572, 3.06811]]]}}, {"type": "Feature", "properties": {}, "geometry": {"type": "Polygon", "coordinates": [[[101.613429, 3.068271], [101.613367, 3.068271], [101.613305, 3.068287], [101.613306, 3.068442], [101.613369, 3.068442], [101.61343, 3.068426], [101.613429, 3.068271]]]}}, {"type": "Feature", "properties": {}, "geometry": {"type": "Polygon", "coordinates": [[[101.613367, 3.068271], [101.613304, 3.068272], [101.613243, 3.068287], [101.613244, 3.068443], [101.613306, 3.068442], [101.613368, 3.068427], [101.613367, 3.068271]]]}}, {"type": "Feature", "properties": {}, "geometry": {"type": "Polygon", "coordinates": [[[101.613304, 3.068272], [101.613242, 3.068273], [101.613181, 3.068288], [101.613182, 3.068443], [101.613244, 3.068443], [101.613306, 3.068427], [101.613304, 3.068272]]]}}, {"type": "Feature", "properties": {}, "geometry": {"type": "Polygon", "coordinates": [[[101.613242, 3.068273], [101.61318, 3.068273], [101.613119, 3.068288], [101.61312, 3.068444], [101.613182, 3.068443], [101.613244, 3.068428], [101.613242, 3.068273]]]}}, {"type": "Feature", "properties": {}, "geometry": {"type": "Polygon", "coordinates": [[[101.61318, 3.068273], [101.613118, 3.068274], [101.613057, 3.068289], [101.613058, 3.068444], [101.61312, 3.068444], [101.613181, 3.068428], [101.61318, 3.068273]]]}}, {"type": "Feature", "properties": {}, "geometry": {"type": "Polygon", "coordinates": [[[101.613118, 3.068274], [101.613056, 3.068274], [101.612994, 3.06829], [101.612996, 3.068445], [101.613058, 3.068444], [101.613119, 3.068429], [101.613118, 3.068274]]]}}, {"type": "Feature", "properties": {}, "geometry": {"type": "Polygon", "coordinates": [[[101.613056, 3.068274], [101.612994, 3.068275], [101.612932, 3.06829], [101.612934, 3.068445], [101.612996, 3.068445], [101.613057, 3.068429], [101.613056, 3.068274]]]}}, {"type": "Feature", "properties": {}, "geometry": {"type": "Polygon", "coordinates": [[[101.612994, 3.068275], [101.612932, 3.068275], [101.61287, 3.068291], [101.612872, 3.068446], [101.612934, 3.068445], [101.612995, 3.06843], [101.612994, 3.068275]]]}}, {"type": "Feature", "properties": {}, "geometry": {"type": "Polygon", "coordinates": [[[101.612932, 3.068275], [101.612869, 3.068276], [101.612808, 3.068291], [101.612809, 3.068446], [101.612872, 3.068446], [101.612933, 3.06843], [101.612932, 3.068275]]]}}, {"type": "Feature", "properties": {}, "geometry": {"type": "Polygon", "coordinates": [[[101.612869, 3.068276], [101.612807, 3.068276], [101.612746, 3.068292], [101.612747, 3.068447], [101.612809, 3.068446], [101.612871, 3.068431], [101.612869, 3.068276]]]}}, {"type": "Feature", "properties": {}, "geometry": {"type": "Polygon", "coordinates": [[[101.612807, 3.068276], [101.612745, 3.068277], [101.612684, 3.068292], [101.612685, 3.068447], [101.612747, 3.068447], [101.612809, 3.068431], [101.612807, 3.068276]]]}}, {"type": "Feature", "properties": {}, "geometry": {"type": "Polygon", "coordinates": [[[101.612743, 3.06811], [101.612681, 3.068111], [101.612619, 3.068126], [101.61262, 3.068267], [101.612683, 3.068267], [101.612744, 3.068251], [101.612743, 3.06811]]]}}, {"type": "Feature", "properties": {}, "geometry": {"type": "Polygon", "coordinates": [[[101.612805, 3.06811], [101.612743, 3.06811], [101.612681, 3.068126], [101.612683, 3.068267], [101.612745, 3.068266], [101.612806, 3.068251], [101.612805, 3.06811]]]}}, {"type": "Feature", "properties": {}, "geometry": {"type": "Polygon", "coordinates": [[[101.612867, 3.06811], [101.612805, 3.06811], [101.612744, 3.068125], [101.612745, 3.068266], [101.612807, 3.068266], [101.612868, 3.06825], [101.612867, 3.06811]]]}}, {"type": "Feature", "properties": {}, "geometry": {"type": "Polygon", "coordinates": [[[101.61293, 3.068109], [101.612867, 3.06811], [101.612806, 3.068125], [101.612807, 3.068266], [101.612869, 3.068265], [101.612931, 3.06825], [101.61293, 3.068109]]]}}, {"type": "Feature", "properties": {}, "geometry": {"type": "Polygon", "coordinates": [[[101.612992, 3.068109], [101.61293, 3.068109], [101.612868, 3.068125], [101.612869, 3.068265], [101.612932, 3.068265], [101.612993, 3.068249], [101.612992, 3.068109]]]}}, {"type": "Feature", "properties": {}, "geometry": {"type": "Polygon", "coordinates": [[[101.613054, 3.068108], [101.612992, 3.068109], [101.612931, 3.068124], [101.612932, 3.068265], [101.612994, 3.068265], [101.613055, 3.068249], [101.613054, 3.068108]]]}}, {"type": "Feature", "properties": {}, "geometry": {"type": "Polygon", "coordinates": [[[101.613116, 3.068108], [101.613054, 3.068108], [101.612993, 3.068124], [101.612994, 3.068265], [101.613056, 3.068264], [101.613117, 3.068249], [101.613116, 3.068108]]]}}, {"type": "Feature", "properties": {}, "geometry": {"type": "Polygon", "coordinates": [[[101.613179, 3.068108], [101.613116, 3.068108], [101.613055, 3.068124], [101.613056, 3.068264], [101.613118, 3.068264], [101.61318, 3.068248], [101.613179, 3.068108]]]}}, {"type": "Feature", "properties": {}, "geometry": {"type": "Polygon", "coordinates": [[[101.613241, 3.068107], [101.613179, 3.068108], [101.613117, 3.068123], [101.613118, 3.068264], [101.61318, 3.068263], [101.613242, 3.068248], [101.613241, 3.068107]]]}}, {"type": "Feature", "properties": {}, "geometry": {"type": "Polygon", "coordinates": [[[101.613303, 3.068107], [101.613241, 3.068107], [101.61318, 3.068123], [101.61318, 3.068263], [101.613243, 3.068263], [101.613304, 3.068247], [101.613303, 3.068107]]]}}, {"type": "Feature", "properties": {}, "geometry": {"type": "Polygon", "coordinates": [[[101.613365, 3.068106], [101.613303, 3.068107], [101.613242, 3.068122], [101.613243, 3.068263], [101.613305, 3.068262], [101.613366, 3.068247], [101.613365, 3.068106]]]}}, {"type": "Feature", "properties": {}, "geometry": {"type": "Polygon", "coordinates": [[[101.612745, 3.067557], [101.612683, 3.067557], [101.612622, 3.067573], [101.612623, 3.067713], [101.612685, 3.067712], [101.612746, 3.067697], [101.612745, 3.067557]]]}}, {"type": "Feature", "properties": {}, "geometry": {"type": "Polygon", "coordinates": [[[101.612807, 3.067556], [101.612745, 3.067557], [101.612684, 3.067572], [101.612685, 3.067712], [101.612747, 3.067712], [101.612808, 3.067696], [101.612807, 3.067556]]]}}, {"type": "Feature", "properties": {}, "geometry": {"type": "Polygon", "coordinates": [[[101.612869, 3.067555], [101.612807, 3.067556], [101.612746, 3.067572], [101.612747, 3.067712], [101.612809, 3.067711], [101.61287, 3.067696], [101.612869, 3.067555]]]}}, {"type": "Feature", "properties": {}, "geometry": {"type": "Polygon", "coordinates": [[[101.612931, 3.067555], [101.612869, 3.067555], [101.612808, 3.067571], [101.612809, 3.067711], [101.612871, 3.067711], [101.612932, 3.067695], [101.612931, 3.067555]]]}}, {"type": "Feature", "properties": {}, "geometry": {"type": "Polygon", "coordinates": [[[101.612993, 3.067554], [101.612931, 3.067555], [101.612869, 3.06757], [101.612871, 3.067711], [101.612932, 3.06771], [101.612994, 3.067695], [101.612993, 3.067554]]]}}, {"type": "Feature", "properties": {}, "geometry": {"type": "Polygon", "coordinates": [[[101.613054, 3.067554], [101.612993, 3.067554], [101.612931, 3.06757], [101.612932, 3.06771], [101.612994, 3.067709], [101.613056, 3.067694], [101.613054, 3.067554]]]}}, {"type": "Feature", "properties": {}, "geometry": {"type": "Polygon", "coordinates": [[[101.613116, 3.067553], [101.613054, 3.067554], [101.612993, 3.067569], [101.612994, 3.067709], [101.613056, 3.067709], [101.613118, 3.067693], [101.613116, 3.067553]]]}}, {"type": "Feature", "properties": {}, "geometry": {"type": "Polygon", "coordinates": [[[101.613178, 3.067553], [101.613116, 3.067553], [101.613055, 3.067569], [101.613056, 3.067709], [101.613118, 3.067708], [101.61318, 3.067693], [101.613178, 3.067553]]]}}, {"type": "Feature", "properties": {}, "geometry": {"type": "Polygon", "coordinates": [[[101.61324, 3.067552], [101.613178, 3.067553], [101.613117, 3.067568], [101.613118, 3.067708], [101.61318, 3.067708], [101.613241, 3.067692], [101.61324, 3.067552]]]}}, {"type": "Feature", "properties": {}, "geometry": {"type": "Polygon", "coordinates": [[[101.613302, 3.067551], [101.61324, 3.067552], [101.613179, 3.067568], [101.61318, 3.067708], [101.613242, 3.067707], [101.613303, 3.067692], [101.613302, 3.067551]]]}}, {"type": "Feature", "properties": {}, "geometry": {"type": "Polygon", "coordinates": [[[101.613364, 3.067551], [101.613302, 3.067551], [101.613241, 3.067567], [101.613242, 3.067707], [101.613304, 3.067707], [101.613365, 3.067691], [101.613364, 3.067551]]]}}, {"type": "Feature", "properties": {}, "geometry": {"type": "Polygon", "coordinates": [[[101.61343, 3.067717], [101.613368, 3.067717], [101.613307, 3.067732], [101.613308, 3.067893], [101.61337, 3.067893], [101.613431, 3.067877], [101.61343, 3.067717]]]}}, {"type": "Feature", "properties": {}, "geometry": {"type": "Polygon", "coordinates": [[[101.613368, 3.067717], [101.613306, 3.067717], [101.613245, 3.067733], [101.613246, 3.067894], [101.613308, 3.067893], [101.613369, 3.067878], [101.613368, 3.067717]]]}}, {"type": "Feature", "properties": {}, "geometry": {"type": "Polygon", "coordinates": [[[101.613306, 3.067717], [101.613244, 3.067718], [101.613183, 3.067733], [101.613184, 3.067894], [101.613246, 3.067894], [101.613307, 3.067878], [101.613306, 3.067717]]]}}, {"type": "Feature", "properties": {}, "geometry": {"type": "Polygon", "coordinates": [[[101.613244, 3.067718], [101.613182, 3.067718], [101.613121, 3.067734], [101.613122, 3.067895], [101.613184, 3.067894], [101.613245, 3.067879], [101.613244, 3.067718]]]}}, {"type": "Feature", "properties": {}, "geometry": {"type": "Polygon", "coordinates": [[[101.613182, 3.067718], [101.61312, 3.067719], [101.613059, 3.067734], [101.61306, 3.067895], [101.613122, 3.067895], [101.613183, 3.067879], [101.613182, 3.067718]]]}}, {"type": "Feature", "properties": {}, "geometry": {"type": "Polygon", "coordinates": [[[101.61312, 3.067719], [101.613058, 3.067719], [101.612997, 3.067735], [101.612998, 3.067896], [101.61306, 3.067895], [101.613121, 3.06788], [101.61312, 3.067719]]]}}, {"type": "Feature", "properties": {}, "geometry": {"type": "Polygon", "coordinates": [[[101.613058, 3.067719], [101.612996, 3.06772], [101.612935, 3.067735], [101.612936, 3.067896], [101.612998, 3.067896], [101.613059, 3.06788], [101.613058, 3.067719]]]}}, {"type": "Feature", "properties": {}, "geometry": {"type": "Polygon", "coordinates": [[[101.612996, 3.06772], [101.612934, 3.06772], [101.612873, 3.067736], [101.612874, 3.067896], [101.612936, 3.067896], [101.612997, 3.067881], [101.612996, 3.06772]]]}}, {"type": "Feature", "properties": {}, "geometry": {"type": "Polygon", "coordinates": [[[101.612934, 3.06772], [101.612872, 3.067721], [101.612811, 3.067736], [101.612812, 3.067897], [101.612874, 3.067896], [101.612935, 3.067881], [101.612934, 3.06772]]]}}, {"type": "Feature", "properties": {}, "geometry": {"type": "Polygon", "coordinates": [[[101.612872, 3.067721], [101.61281, 3.067721], [101.612749, 3.067737], [101.61275, 3.067897], [101.612812, 3.067897], [101.612873, 3.067882], [101.612872, 3.067721]]]}}, {"type": "Feature", "properties": {}, "geometry": {"type": "Polygon", "coordinates": [[[101.61281, 3.067721], [101.612748, 3.067722], [101.612687, 3.067737], [101.612688, 3.067898], [101.61275, 3.067897], [101.612811, 3.067882], [101.61281, 3.067721]]]}}, {"type": "Feature", "properties": {}, "geometry": {"type": "Polygon", "coordinates": [[[101.611958, 3.067559], [101.611896, 3.06756], [101.611834, 3.067575], [101.611836, 3.067716], [101.611898, 3.067716], [101.611959, 3.0677], [101.611958, 3.067559]]]}}, {"type": "Feature", "properties": {}, "geometry": {"type": "Polygon", "coordinates": [[[101.612019, 3.067559], [101.611958, 3.067559], [101.611896, 3.067575], [101.611898, 3.067716], [101.611959, 3.067715], [101.612021, 3.0677], [101.612019, 3.067559]]]}}, {"type": "Feature", "properties": {}, "geometry": {"type": "Polygon", "coordinates": [[[101.612081, 3.067558], [101.612019, 3.067559], [101.611958, 3.067574], [101.611959, 3.067715], [101.612021, 3.067715], [101.612083, 3.067699], [101.612081, 3.067558]]]}}, {"type": "Feature", "properties": {}, "geometry": {"type": "Polygon", "coordinates": [[[101.612143, 3.067557], [101.612081, 3.067558], [101.61202, 3.067573], [101.612021, 3.067715], [101.612083, 3.067714], [101.612144, 3.067698], [101.612143, 3.067557]]]}}, {"type": "Feature", "properties": {}, "geometry": {"type": "Polygon", "coordinates": [[[101.612205, 3.067557], [101.612143, 3.067557], [101.612082, 3.067573], [101.612083, 3.067714], [101.612145, 3.067713], [101.612206, 3.067698], [101.612205, 3.067557]]]}}, {"type": "Feature", "properties": {}, "geometry": {"type": "Polygon", "coordinates": [[[101.612267, 3.067556], [101.612205, 3.067557], [101.612144, 3.067572], [101.612145, 3.067713], [101.612207, 3.067713], [101.612268, 3.067697], [101.612267, 3.067556]]]}}, {"type": "Feature", "properties": {}, "geometry": {"type": "Polygon", "coordinates": [[[101.612329, 3.067556], [101.612267, 3.067556], [101.612205, 3.067572], [101.612207, 3.067713], [101.612268, 3.067712], [101.61233, 3.067697], [101.612329, 3.067556]]]}}, {"type": "Feature", "properties": {}, "geometry": {"type": "Polygon", "coordinates": [[[101.61239, 3.067555], [101.612329, 3.067556], [101.612267, 3.067571], [101.612268, 3.067712], [101.61233, 3.067712], [101.612392, 3.067696], [101.61239, 3.067555]]]}}, {"type": "Feature", "properties": {}, "geometry": {"type": "Polygon", "coordinates": [[[101.612452, 3.067555], [101.61239, 3.067555], [101.612329, 3.067571], [101.61233, 3.067712], [101.612392, 3.067711], [101.612453, 3.067696], [101.612452, 3.067555]]]}}, {"type": "Feature", "properties": {}, "geometry": {"type": "Polygon", "coordinates": [[[101.612514, 3.067554], [101.612452, 3.067555], [101.612391, 3.06757], [101.612392, 3.067711], [101.612454, 3.067711], [101.612515, 3.067695], [101.612514, 3.067554]]]}}, {"type": "Feature", "properties": {}, "geometry": {"type": "Polygon", "coordinates": [[[101.612576, 3.067553], [101.612514, 3.067554], [101.612453, 3.067569], [101.612454, 3.067711], [101.612516, 3.06771], [101.612577, 3.067694], [101.612576, 3.067553]]]}}, {"type": "Feature", "properties": {}, "geometry": {"type": "Polygon", "coordinates": [[[101.612631, 3.067715], [101.61257, 3.067715], [101.612508, 3.067731], [101.61251, 3.067893], [101.612571, 3.067892], [101.612632, 3.067877], [101.612631, 3.067715]]]}}, {"type": "Feature", "properties": {}, "geometry": {"type": "Polygon", "coordinates": [[[101.61257, 3.067715], [101.612509, 3.067716], [101.612447, 3.067731], [101.612449, 3.067893], [101.61251, 3.067893], [101.612571, 3.067877], [101.61257, 3.067715]]]}}, {"type": "Feature", "properties": {}, "geometry": {"type": "Polygon", "coordinates": [[[101.612509, 3.067716], [101.612448, 3.067716], [101.612386, 3.067732], [101.612388, 3.067893], [101.612449, 3.067893], [101.61251, 3.067877], [101.612509, 3.067716]]]}}, {"type": "Feature", "properties": {}, "geometry": {"type": "Polygon", "coordinates": [[[101.612448, 3.067716], [101.612387, 3.067717], [101.612325, 3.067732], [101.612327, 3.067894], [101.612388, 3.067893], [101.612449, 3.067878], [101.612448, 3.067716]]]}}, {"type": "Feature", "properties": {}, "geometry": {"type": "Polygon", "coordinates": [[[101.612387, 3.067717], [101.612326, 3.067717], [101.612264, 3.067733], [101.612266, 3.067894], [101.612327, 3.067894], [101.612388, 3.067878], [101.612387, 3.067717]]]}}, {"type": "Feature", "properties": {}, "geometry": {"type": "Polygon", "coordinates": [[[101.612326, 3.067717], [101.612265, 3.067718], [101.612203, 3.067733], [101.612205, 3.067895], [101.612266, 3.067894], [101.612327, 3.067879], [101.612326, 3.067717]]]}}, {"type": "Feature", "properties": {}, "geometry": {"type": "Polygon", "coordinates": [[[101.612265, 3.067718], [101.612204, 3.067718], [101.612142, 3.067734], [101.612144, 3.067895], [101.612205, 3.067895], [101.612266, 3.067879], [101.612265, 3.067718]]]}}, {"type": "Feature", "properties": {}, "geometry": {"type": "Polygon", "coordinates": [[[101.612204, 3.067718], [101.612143, 3.067719], [101.612081, 3.067734], [101.612082, 3.067896], [101.612144, 3.067895], [101.612205, 3.06788], [101.612204, 3.067718]]]}}, {"type": "Feature", "properties": {}, "geometry": {"type": "Polygon", "coordinates": [[[101.612143, 3.067719], [101.612082, 3.067719], [101.61202, 3.067735], [101.612021, 3.067896], [101.612082, 3.067896], [101.612144, 3.06788], [101.612143, 3.067719]]]}}, {"type": "Feature", "properties": {}, "geometry": {"type": "Polygon", "coordinates": [[[101.612082, 3.067719], [101.612021, 3.06772], [101.611959, 3.067735], [101.61196, 3.067897], [101.612021, 3.067896], [101.612083, 3.067881], [101.612082, 3.067719]]]}}, {"type": "Feature", "properties": {}, "geometry": {"type": "Polygon", "coordinates": [[[101.612021, 3.06772], [101.61196, 3.06772], [101.611898, 3.067736], [101.6119, 3.067897], [101.61196, 3.067897], [101.612022, 3.067881], [101.612021, 3.06772]]]}}, {"type": "Feature", "properties": {}, "geometry": {"type": "Polygon", "coordinates": [[[101.611849, 3.067721], [101.611788, 3.067722], [101.611726, 3.067737], [101.611728, 3.067898], [101.611789, 3.067898], [101.61185, 3.067882], [101.611849, 3.067721]]]}}, {"type": "Feature", "properties": {}, "geometry": {"type": "Polygon", "coordinates": [[[101.611788, 3.067722], [101.611726, 3.067722], [101.611665, 3.067737], [101.611666, 3.067899], [101.611728, 3.067898], [101.611789, 3.067883], [101.611788, 3.067722]]]}}, {"type": "Feature", "properties": {}, "geometry": {"type": "Polygon", "coordinates": [[[101.611726, 3.067722], [101.611665, 3.067722], [101.611604, 3.067738], [101.611605, 3.067899], [101.611666, 3.067899], [101.611728, 3.067883], [101.611726, 3.067722]]]}}, {"type": "Feature", "properties": {}, "geometry": {"type": "Polygon", "coordinates": [[[101.611665, 3.067722], [101.611604, 3.067723], [101.611543, 3.067738], [101.611544, 3.0679], [101.611605, 3.067899], [101.611666, 3.067884], [101.611665, 3.067722]]]}}, {"type": "Feature", "properties": {}, "geometry": {"type": "Polygon", "coordinates": [[[101.611604, 3.067723], [101.611543, 3.067723], [101.611481, 3.067739], [101.611483, 3.0679], [101.611544, 3.0679], [101.611605, 3.067884], [101.611604, 3.067723]]]}}, {"type": "Feature", "properties": {}, "geometry": {"type": "Polygon", "coordinates": [[[101.611543, 3.067723], [101.611482, 3.067724], [101.61142, 3.067739], [101.611421, 3.067901], [101.611483, 3.0679], [101.611544, 3.067885], [101.611543, 3.067723]]]}}, {"type": "Feature", "properties": {}, "geometry": {"type": "Polygon", "coordinates": [[[101.611482, 3.067724], [101.61142, 3.067724], [101.611359, 3.06774], [101.61136, 3.067901], [101.611421, 3.067901], [101.611483, 3.067885], [101.611482, 3.067724]]]}}, {"type": "Feature", "properties": {}, "geometry": {"type": "Polygon", "coordinates": [[[101.61142, 3.067724], [101.611359, 3.067725], [101.611298, 3.06774], [101.611299, 3.067902], [101.61136, 3.067901], [101.611422, 3.067886], [101.61142, 3.067724]]]}}, {"type": "Feature", "properties": {}, "geometry": {"type": "Polygon", "coordinates": [[[101.611359, 3.067725], [101.611298, 3.067725], [101.611237, 3.067741], [101.611238, 3.067902], [101.611299, 3.067902], [101.61136, 3.067886], [101.611359, 3.067725]]]}}, {"type": "Feature", "properties": {}, "geometry": {"type": "Polygon", "coordinates": [[[101.611298, 3.067725], [101.611237, 3.067726], [101.611175, 3.067741], [101.611176, 3.067903], [101.611238, 3.067902], [101.611299, 3.067887], [101.611298, 3.067725]]]}}, {"type": "Feature", "properties": {}, "geometry": {"type": "Polygon", "coordinates": [[[101.611237, 3.067726], [101.611175, 3.067726], [101.611114, 3.067742], [101.611115, 3.067903], [101.611176, 3.067903], [101.611238, 3.067887], [101.611237, 3.067726]]]}}, {"type": "Feature", "properties": {}, "geometry": {"type": "Polygon", "coordinates": [[[101.611177, 3.067559], [101.611103, 3.06756], [101.611042, 3.067576], [101.611043, 3.067715], [101.611117, 3.067714], [101.611179, 3.067699], [101.611177, 3.067559]]]}}, {"type": "Feature", "properties": {}, "geometry": {"type": "Polygon", "coordinates": [[[101.611238, 3.067559], [101.611177, 3.067559], [101.611116, 3.067575], [101.611117, 3.067714], [101.611178, 3.067713], [101.611239, 3.067698], [101.611238, 3.067559]]]}}, {"type": "Feature", "properties": {}, "geometry": {"type": "Polygon", "coordinates": [[[101.611299, 3.067558], [101.611238, 3.067559], [101.611177, 3.067574], [101.611178, 3.067713], [101.611239, 3.067713], [101.6113, 3.067697], [101.611299, 3.067558]]]}}, {"type": "Feature", "properties": {}, "geometry": {"type": "Polygon", "coordinates": [[[101.611359, 3.067558], [101.611299, 3.067558], [101.611237, 3.067574], [101.611239, 3.067713], [101.611299, 3.067712], [101.611361, 3.067697], [101.611359, 3.067558]]]}}, {"type": "Feature", "properties": {}, "geometry": {"type": "Polygon", "coordinates": [[[101.61142, 3.067557], [101.611359, 3.067558], [101.611298, 3.067573], [101.611299, 3.067712], [101.61136, 3.067712], [101.611421, 3.067696], [101.61142, 3.067557]]]}}, {"type": "Feature", "properties": {}, "geometry": {"type": "Polygon", "coordinates": [[[101.611481, 3.067557], [101.61142, 3.067557], [101.611359, 3.067573], [101.61136, 3.067712], [101.611421, 3.067711], [101.611482, 3.067696], [101.611481, 3.067557]]]}}, {"type": "Feature", "properties": {}, "geometry": {"type": "Polygon", "coordinates": [[[101.611541, 3.067556], [101.611481, 3.067557], [101.611419, 3.067572], [101.611421, 3.067711], [101.611481, 3.067711], [101.611543, 3.067695], [101.611541, 3.067556]]]}}, {"type": "Feature", "properties": {}, "geometry": {"type": "Polygon", "coordinates": [[[101.611602, 3.067555], [101.611541, 3.067556], [101.61148, 3.067572], [101.611481, 3.067711], [101.611542, 3.06771], [101.611603, 3.067695], [101.611602, 3.067555]]]}}, {"type": "Feature", "properties": {}, "geometry": {"type": "Polygon", "coordinates": [[[101.611663, 3.067555], [101.611602, 3.067555], [101.611541, 3.067571], [101.611542, 3.06771], [101.611603, 3.067709], [101.611664, 3.067694], [101.611663, 3.067555]]]}}, {"type": "Feature", "properties": {}, "geometry": {"type": "Polygon", "coordinates": [[[101.611723, 3.067554], [101.611663, 3.067555], [101.611601, 3.06757], [101.611603, 3.067709], [101.611663, 3.067709], [101.611725, 3.067693], [101.611723, 3.067554]]]}}, {"type": "Feature", "properties": {}, "geometry": {"type": "Polygon", "coordinates": [[[101.611784, 3.067554], [101.611723, 3.067554], [101.611662, 3.06757], [101.611663, 3.067709], [101.611724, 3.067708], [101.611785, 3.067693], [101.611784, 3.067554]]]}}, {"type": "Feature", "properties": {}, "geometry": {"type": "Polygon", "coordinates": [[[101.611844, 3.067188], [101.611783, 3.067188], [101.611722, 3.067204], [101.611723, 3.067345], [101.611783, 3.067345], [101.611845, 3.067329], [101.611844, 3.067188]]]}}, {"type": "Feature", "properties": {}, "geometry": {"type": "Polygon", "coordinates": [[[101.611783, 3.067188], [101.611723, 3.067189], [101.611661, 3.067204], [101.611662, 3.067345], [101.611723, 3.067345], [101.611784, 3.06733], [101.611783, 3.067188]]]}}, {"type": "Feature", "properties": {}, "geometry": {"type": "Polygon", "coordinates": [[[101.611723, 3.067189], [101.611662, 3.067189], [101.611601, 3.067204], [101.611602, 3.067346], [101.611662, 3.067345], [101.611724, 3.06733], [101.611723, 3.067189]]]}}, {"type": "Feature", "properties": {}, "geometry": {"type": "Polygon", "coordinates": [[[101.611662, 3.067189], [101.611602, 3.067189], [101.61154, 3.067205], [101.611541, 3.067346], [101.611602, 3.067346], [101.611663, 3.06733], [101.611662, 3.067189]]]}}, {"type": "Feature", "properties": {}, "geometry": {"type": "Polygon", "coordinates": [[[101.611602, 3.067189], [101.611541, 3.06719], [101.61148, 3.067205], [101.61148, 3.067346], [101.611541, 3.067346], [101.611602, 3.067331], [101.611602, 3.067189]]]}}, {"type": "Feature", "properties": {}, "geometry": {"type": "Polygon", "coordinates": [[[101.611541, 3.06719], [101.61148, 3.06719], [101.611419, 3.067206], [101.61142, 3.067347], [101.61148, 3.067346], [101.611542, 3.067331], [101.611541, 3.06719]]]}}, {"type": "Feature", "properties": {}, "geometry": {"type": "Polygon", "coordinates": [[[101.61148, 3.06719], [101.61142, 3.06719], [101.611359, 3.067206], [101.611359, 3.067347], [101.61142, 3.067347], [101.611481, 3.067331], [101.61148, 3.06719]]]}}, {"type": "Feature", "properties": {}, "geometry": {"type": "Polygon", "coordinates": [[[101.61142, 3.06719], [101.611359, 3.067191], [101.611298, 3.067206], [101.611299, 3.067347], [101.611359, 3.067347], [101.611421, 3.067332], [101.61142, 3.06719]]]}}, {"type": "Feature", "properties": {}, "geometry": {"type": "Polygon", "coordinates": [[[101.611359, 3.067191], [101.611299, 3.067191], [101.611237, 3.067207], [101.611238, 3.067348], [101.611299, 3.067347], [101.61136, 3.067332], [101.611359, 3.067191]]]}}, {"type": "Feature", "properties": {}, "geometry": {"type": "Polygon", "coordinates": [[[101.611299, 3.067191], [101.611238, 3.067191], [101.611177, 3.067207], [101.611178, 3.067348], [101.611238, 3.067348], [101.6113, 3.067332], [101.611299, 3.067191]]]}}, {"type": "Feature", "properties": {}, "geometry": {"type": "Polygon", "coordinates": [[[101.611238, 3.067191], [101.611178, 3.067192], [101.611116, 3.067207], [101.611117, 3.067349], [101.611178, 3.067348], [101.611239, 3.067333], [101.611238, 3.067191]]]}}, {"type": "Feature", "properties": {}, "geometry": {"type": "Polygon", "coordinates": [[[101.611843, 3.067008], [101.611782, 3.067009], [101.611721, 3.067024], [101.611722, 3.06716], [101.611783, 3.067159], [101.611845, 3.067144], [101.611843, 3.067008]]]}}, {"type": "Feature", "properties": {}, "geometry": {"type": "Polygon", "coordinates": [[[101.611782, 3.067009], [101.611721, 3.06701], [101.61166, 3.067025], [101.611661, 3.06716], [101.611722, 3.06716], [101.611783, 3.067144], [101.611782, 3.067009]]]}}, {"type": "Feature", "properties": {}, "geometry": {"type": "Polygon", "coordinates": [[[101.611721, 3.06701], [101.61166, 3.06701], [101.611598, 3.067026], [101.611599, 3.067161], [101.611661, 3.06716], [101.611722, 3.067145], [101.611721, 3.06701]]]}}, {"type": "Feature", "properties": {}, "geometry": {"type": "Polygon", "coordinates": [[[101.61166, 3.06701], [101.611598, 3.067011], [101.611537, 3.067026], [101.611538, 3.067161], [101.611599, 3.067161], [101.611661, 3.067145], [101.61166, 3.06701]]]}}, {"type": "Feature", "properties": {}, "geometry": {"type": "Polygon", "coordinates": [[[101.611598, 3.067011], [101.611537, 3.067011], [101.611475, 3.067027], [101.611477, 3.067162], [101.611538, 3.067161], [101.611599, 3.067146], [101.611598, 3.067011]]]}}, {"type": "Feature", "properties": {}, "geometry": {"type": "Polygon", "coordinates": [[[101.611537, 3.067011], [101.611476, 3.067012], [101.611414, 3.067027], [101.611415, 3.067162], [101.611477, 3.067162], [101.611538, 3.067147], [101.611537, 3.067011]]]}}, {"type": "Feature", "properties": {}, "geometry": {"type": "Polygon", "coordinates": [[[101.611476, 3.067012], [101.611414, 3.067012], [101.611353, 3.067028], [101.611354, 3.067163], [101.611415, 3.067162], [101.611477, 3.067147], [101.611476, 3.067012]]]}}, {"type": "Feature", "properties": {}, "geometry": {"type": "Polygon", "coordinates": [[[101.611414, 3.067012], [101.611353, 3.067013], [101.611291, 3.067028], [101.611293, 3.067164], [101.611354, 3.067163], [101.611415, 3.067148], [101.611414, 3.067012]]]}}, {"type": "Feature", "properties": {}, "geometry": {"type": "Polygon", "coordinates": [[[101.611353, 3.067013], [101.611292, 3.067013], [101.61123, 3.067029], [101.611232, 3.067164], [101.611293, 3.067164], [101.611354, 3.067148], [101.611353, 3.067013]]]}}, {"type": "Feature", "properties": {}, "geometry": {"type": "Polygon", "coordinates": [[[101.611292, 3.067013], [101.61123, 3.067014], [101.611169, 3.067029], [101.61117, 3.067165], [101.611232, 3.067164], [101.611293, 3.067149], [101.611292, 3.067013]]]}}, {"type": "Feature", "properties": {}, "geometry": {"type": "Polygon", "coordinates": [[[101.61123, 3.067014], [101.611169, 3.067015], [101.611108, 3.06703], [101.611109, 3.067165], [101.61117, 3.067165], [101.611231, 3.067149], [101.61123, 3.067014]]]}}, {"type": "Feature", "properties": {}, "geometry": {"type": "Polygon", "coordinates": [[[101.612632, 3.06718], [101.612571, 3.06718], [101.61251, 3.067195], [101.612511, 3.067347], [101.612572, 3.067347], [101.612633, 3.067332], [101.612632, 3.06718]]]}}, {"type": "Feature", "properties": {}, "geometry": {"type": "Polygon", "coordinates": [[[101.612571, 3.06718], [101.61251, 3.06718], [101.612449, 3.067196], [101.612449, 3.067348], [101.612511, 3.067347], [101.612572, 3.067332], [101.612571, 3.06718]]]}}, {"type": "Feature", "properties": {}, "geometry": {"type": "Polygon", "coordinates": [[[101.61251, 3.06718], [101.612449, 3.067181], [101.612387, 3.067196], [101.612388, 3.067348], [101.612449, 3.067348], [101.612511, 3.067332], [101.61251, 3.06718]]]}}, {"type": "Feature", "properties": {}, "geometry": {"type": "Polygon", "coordinates": [[[101.612449, 3.067181], [101.612387, 3.067181], [101.612326, 3.067196], [101.612327, 3.067348], [101.612388, 3.067348], [101.61245, 3.067333], [101.612449, 3.067181]]]}}, {"type": "Feature", "properties": {}, "geometry": {"type": "Polygon", "coordinates": [[[101.612387, 3.067181], [101.612326, 3.067181], [101.612265, 3.067197], [101.612266, 3.067349], [101.612327, 3.067348], [101.612388, 3.067333], [101.612387, 3.067181]]]}}, {"type": "Feature", "properties": {}, "geometry": {"type": "Polygon", "coordinates": [[[101.612326, 3.067181], [101.612265, 3.067182], [101.612204, 3.067197], [101.612204, 3.067349], [101.612266, 3.067349], [101.612327, 3.067333], [101.612326, 3.067181]]]}}, {"type": "Feature", "properties": {}, "geometry": {"type": "Polygon", "coordinates": [[[101.612265, 3.067182], [101.612204, 3.067182], [101.612142, 3.067197], [101.612143, 3.067349], [101.612204, 3.067349], [101.612266, 3.067334], [101.612265, 3.067182]]]}}, {"type": "Feature", "properties": {}, "geometry": {"type": "Polygon", "coordinates": [[[101.612204, 3.067182], [101.612142, 3.067182], [101.612081, 3.067198], [101.612082, 3.06735], [101.612143, 3.067349], [101.612205, 3.067334], [101.612204, 3.067182]]]}}, {"type": "Feature", "properties": {}, "geometry": {"type": "Polygon", "coordinates": [[[101.612142, 3.067182], [101.612081, 3.067183], [101.61202, 3.067198], [101.612021, 3.06735], [101.612082, 3.06735], [101.612143, 3.067334], [101.612142, 3.067182]]]}}, {"type": "Feature", "properties": {}, "geometry": {"type": "Polygon", "coordinates": [[[101.612081, 3.067183], [101.61202, 3.067183], [101.611959, 3.067198], [101.611959, 3.06735], [101.612021, 3.06735], [101.612082, 3.067335], [101.612081, 3.067183]]]}}, {"type": "Feature", "properties": {}, "geometry": {"type": "Polygon", "coordinates": [[[101.61202, 3.067183], [101.611959, 3.067183], [101.611897, 3.067199], [101.611898, 3.067351], [101.611959, 3.06735], [101.612021, 3.067335], [101.61202, 3.067183]]]}}, {"type": "Feature", "properties": {}, "geometry": {"type": "Polygon", "coordinates": [[[101.612632, 3.066999], [101.612571, 3.067], [101.61251, 3.067015], [101.612511, 3.067157], [101.612572, 3.067157], [101.612633, 3.067141], [101.612632, 3.066999]]]}}, {"type": "Feature", "properties": {}, "geometry": {"type": "Polygon", "coordinates": [[[101.612571, 3.067], [101.61251, 3.067], [101.612449, 3.067016], [101.61245, 3.067158], [101.612511, 3.067157], [101.612572, 3.067142], [101.612571, 3.067]]]}}, {"type": "Feature", "properties": {}, "geometry": {"type": "Polygon", "coordinates": [[[101.61251, 3.067], [101.612449, 3.067001], [101.612388, 3.067016], [101.612389, 3.067159], [101.61245, 3.067158], [101.612511, 3.067142], [101.61251, 3.067]]]}}, {"type": "Feature", "properties": {}, "geometry": {"type": "Polygon", "coordinates": [[[101.612449, 3.067001], [101.612388, 3.067001], [101.612327, 3.067017], [101.612328, 3.067159], [101.612389, 3.067159], [101.61245, 3.067143], [101.612449, 3.067001]]]}}, {"type": "Feature", "properties": {}, "geometry": {"type": "Polygon", "coordinates": [[[101.612388, 3.067001], [101.612327, 3.067002], [101.612266, 3.067017], [101.612267, 3.06716], [101.612328, 3.067159], [101.612389, 3.067144], [101.612388, 3.067001]]]}}, {"type": "Feature", "properties": {}, "geometry": {"type": "Polygon", "coordinates": [[[101.612327, 3.067002], [101.612266, 3.067002], [101.612205, 3.067018], [101.612206, 3.06716], [101.612267, 3.06716], [101.612328, 3.067144], [101.612327, 3.067002]]]}}, {"type": "Feature", "properties": {}, "geometry": {"type": "Polygon", "coordinates": [[[101.612266, 3.067002], [101.612205, 3.067003], [101.612144, 3.067018], [101.612145, 3.067161], [101.612206, 3.06716], [101.612267, 3.067145], [101.612266, 3.067002]]]}}, {"type": "Feature", "properties": {}, "geometry": {"type": "Polygon", "coordinates": [[[101.612205, 3.067003], [101.612144, 3.067004], [101.612083, 3.067019], [101.612084, 3.067161], [101.612145, 3.067161], [101.612206, 3.067145], [101.612205, 3.067003]]]}}, {"type": "Feature", "properties": {}, "geometry": {"type": "Polygon", "coordinates": [[[101.612144, 3.067004], [101.612083, 3.067004], [101.612022, 3.067019], [101.612023, 3.067162], [101.612084, 3.067161], [101.612145, 3.067146], [101.612144, 3.067004]]]}}, {"type": "Feature", "properties": {}, "geometry": {"type": "Polygon", "coordinates": [[[101.612083, 3.067004], [101.612022, 3.067005], [101.611961, 3.06702], [101.611962, 3.067162], [101.612023, 3.067162], [101.612084, 3.067146], [101.612083, 3.067004]]]}}, {"type": "Feature", "properties": {}, "geometry": {"type": "Polygon", "coordinates": [[[101.612022, 3.067005], [101.611961, 3.067005], [101.6119, 3.067021], [101.611901, 3.067163], [101.611962, 3.067162], [101.612023, 3.067147], [101.612022, 3.067005]]]}}, {"type": "Feature", "properties": {}, "geometry": {"type": "Polygon", "coordinates": [[[101.61343, 3.067185], [101.613368, 3.067185], [101.613307, 3.067201], [101.613308, 3.067339], [101.61337, 3.067339], [101.613431, 3.067323], [101.61343, 3.067185]]]}}, {"type": "Feature", "properties": {}, "geometry": {"type": "Polygon", "coordinates": [[[101.613368, 3.067185], [101.613307, 3.067186], [101.613245, 3.067201], [101.613246, 3.06734], [101.613308, 3.067339], [101.613369, 3.067324], [101.613368, 3.067185]]]}}, {"type": "Feature", "properties": {}, "geometry": {"type": "Polygon", "coordinates": [[[101.613307, 3.067186], [101.613245, 3.067186], [101.613184, 3.067201], [101.613184, 3.06734], [101.613246, 3.06734], [101.613308, 3.067324], [101.613307, 3.067186]]]}}, {"type": "Feature", "properties": {}, "geometry": {"type": "Polygon", "coordinates": [[[101.613245, 3.067186], [101.613183, 3.067186], [101.613122, 3.067202], [101.613123, 3.06734], [101.613184, 3.06734], [101.613246, 3.067324], [101.613245, 3.067186]]]}}, {"type": "Feature", "properties": {}, "geometry": {"type": "Polygon", "coordinates": [[[101.613183, 3.067186], [101.613121, 3.067187], [101.61306, 3.067202], [101.613061, 3.067341], [101.613123, 3.06734], [101.613184, 3.067325], [101.613183, 3.067186]]]}}, {"type": "Feature", "properties": {}, "geometry": {"type": "Polygon", "coordinates": [[[101.613121, 3.067187], [101.61306, 3.067187], [101.612998, 3.067203], [101.612999, 3.067341], [101.613061, 3.067341], [101.613122, 3.067325], [101.613121, 3.067187]]]}}, {"type": "Feature", "properties": {}, "geometry": {"type": "Polygon", "coordinates": [[[101.61306, 3.067187], [101.612998, 3.067188], [101.612936, 3.067203], [101.612937, 3.067341], [101.612999, 3.067341], [101.61306, 3.067326], [101.61306, 3.067187]]]}}, {"type": "Feature", "properties": {}, "geometry": {"type": "Polygon", "coordinates": [[[101.612998, 3.067188], [101.612936, 3.067188], [101.612875, 3.067203], [101.612875, 3.067342], [101.612937, 3.067341], [101.612999, 3.067326], [101.612998, 3.067188]]]}}, {"type": "Feature", "properties": {}, "geometry": {"type": "Polygon", "coordinates": [[[101.612936, 3.067188], [101.612874, 3.067188], [101.612813, 3.067204], [101.612814, 3.067342], [101.612875, 3.067342], [101.612937, 3.067326], [101.612936, 3.067188]]]}}, {"type": "Feature", "properties": {}, "geometry": {"type": "Polygon", "coordinates": [[[101.612874, 3.067188], [101.612812, 3.067189], [101.612751, 3.067204], [101.612752, 3.067342], [101.612814, 3.067342], [101.612875, 3.067327], [101.612874, 3.067188]]]}}, {"type": "Feature", "properties": {}, "geometry": {"type": "Polygon", "coordinates": [[[101.612812, 3.067189], [101.612751, 3.067189], [101.612689, 3.067204], [101.61269, 3.067343], [101.612752, 3.067342], [101.612813, 3.067327], [101.612812, 3.067189]]]}}, {"type": "Feature", "properties": {}, "geometry": {"type": "Polygon", "coordinates": [[[101.613426, 3.066996], [101.613365, 3.066997], [101.613304, 3.067012], [101.613305, 3.067155], [101.613366, 3.067155], [101.613427, 3.067139], [101.613426, 3.066996]]]}}, {"type": "Feature", "properties": {}, "geometry": {"type": "Polygon", "coordinates": [[[101.613365, 3.066997], [101.613304, 3.066997], [101.613242, 3.067013], [101.613244, 3.067156], [101.613305, 3.067155], [101.613366, 3.06714], [101.613365, 3.066997]]]}}, {"type": "Feature", "properties": {}, "geometry": {"type": "Polygon", "coordinates": [[[101.613304, 3.066997], [101.613242, 3.066998], [101.613181, 3.067013], [101.613182, 3.067156], [101.613244, 3.067156], [101.613305, 3.06714], [101.613304, 3.066997]]]}}, {"type": "Feature", "properties": {}, "geometry": {"type": "Polygon", "coordinates": [[[101.613242, 3.066998], [101.613181, 3.066998], [101.61312, 3.067014], [101.613121, 3.067157], [101.613182, 3.067156], [101.613244, 3.067141], [101.613242, 3.066998]]]}}, {"type": "Feature", "properties": {}, "geometry": {"type": "Polygon", "coordinates": [[[101.613181, 3.066998], [101.61312, 3.066999], [101.613058, 3.067014], [101.61306, 3.067157], [101.613121, 3.067157], [101.613182, 3.067141], [101.613181, 3.066998]]]}}, {"type": "Feature", "properties": {}, "geometry": {"type": "Polygon", "coordinates": [[[101.61312, 3.066999], [101.613059, 3.066999], [101.612997, 3.067015], [101.612999, 3.067158], [101.61306, 3.067157], [101.613121, 3.067142], [101.61312, 3.066999]]]}}, {"type": "Feature", "properties": {}, "geometry": {"type": "Polygon", "coordinates": [[[101.613059, 3.066999], [101.612997, 3.067], [101.612936, 3.067015], [101.612937, 3.067159], [101.612999, 3.067158], [101.61306, 3.067143], [101.613059, 3.066999]]]}}, {"type": "Feature", "properties": {}, "geometry": {"type": "Polygon", "coordinates": [[[101.612997, 3.067], [101.612936, 3.067001], [101.612875, 3.067016], [101.612876, 3.067159], [101.612937, 3.067159], [101.612999, 3.067143], [101.612997, 3.067]]]}}, {"type": "Feature", "properties": {}, "geometry": {"type": "Polygon", "coordinates": [[[101.612936, 3.067001], [101.612875, 3.067001], [101.612814, 3.067016], [101.612815, 3.06716], [101.612876, 3.067159], [101.612937, 3.067144], [101.612936, 3.067001]]]}}, {"type": "Feature", "properties": {}, "geometry": {"type": "Polygon", "coordinates": [[[101.612875, 3.067001], [101.612814, 3.067002], [101.612752, 3.067017], [101.612754, 3.06716], [101.612815, 3.06716], [101.612876, 3.067144], [101.612875, 3.067001]]]}}, {"type": "Feature", "properties": {}, "geometry": {"type": "Polygon", "coordinates": [[[101.612814, 3.067002], [101.612752, 3.067002], [101.612691, 3.067018], [101.612692, 3.067161], [101.612754, 3.06716], [101.612815, 3.067145], [101.612814, 3.067002]]]}}, {"type": "Feature", "properties": {}, "geometry": {"type": "Polygon", "coordinates": [[[101.613261, 3.066636], [101.612954, 3.066714], [101.612954, 3.066775], [101.613162, 3.066775], [101.613469, 3.066698], [101.613469, 3.066636], [101.613261, 3.066636]]]}}, {"type": "Feature", "properties": {}, "geometry": {"type": "Polygon", "coordinates": [[[101.613261, 3.066575], [101.612954, 3.066652], [101.612954, 3.066714], [101.613162, 3.066714], [101.613469, 3.066636], [101.613469, 3.066575], [101.613261, 3.066575]]]}}, {"type": "Feature", "properties": {}, "geometry": {"type": "Polygon", "coordinates": [[[101.613261, 3.066514], [101.612954, 3.066591], [101.612954, 3.066652], [101.613162, 3.066652], [101.613469, 3.066575], [101.613469, 3.066514], [101.613261, 3.066514]]]}}, {"type": "Feature", "properties": {}, "geometry": {"type": "Polygon", "coordinates": [[[101.613261, 3.066452], [101.612954, 3.066529], [101.612954, 3.066591], [101.613162, 3.066591], [101.613469, 3.066514], [101.613469, 3.066452], [101.613261, 3.066452]]]}}, {"type": "Feature", "properties": {}, "geometry": {"type": "Polygon", "coordinates": [[[101.613261, 3.066391], [101.612954, 3.066468], [101.612954, 3.066529], [101.613162, 3.066529], [101.613469, 3.066452], [101.613469, 3.066391], [101.613261, 3.066391]]]}}, {"type": "Feature", "properties": {}, "geometry": {"type": "Polygon", "coordinates": [[[101.613261, 3.066329], [101.612954, 3.066406], [101.612954, 3.066468], [101.613162, 3.066468], [101.613469, 3.066391], [101.613469, 3.066329], [101.613261, 3.066329]]]}}, {"type": "Feature", "properties": {}, "geometry": {"type": "Polygon", "coordinates": [[[101.613261, 3.066268], [101.612954, 3.066345], [101.612954, 3.066406], [101.613162, 3.066406], [101.613469, 3.066329], [101.613469, 3.066268], [101.613261, 3.066268]]]}}, {"type": "Feature", "properties": {}, "geometry": {"type": "Polygon", "coordinates": [[[101.613261, 3.066206], [101.612954, 3.066283], [101.612954, 3.066345], [101.613162, 3.066345], [101.613469, 3.066268], [101.613469, 3.066206], [101.613261, 3.066206]]]}}, {"type": "Feature", "properties": {}, "geometry": {"type": "Polygon", "coordinates": [[[101.613261, 3.066145], [101.612954, 3.066222], [101.612954, 3.066283], [101.613162, 3.066283], [101.613469, 3.066206], [101.613469, 3.066145], [101.613261, 3.066145]]]}}, {"type": "Feature", "properties": {}, "geometry": {"type": "Polygon", "coordinates": [[[101.613516, 3.066633], [101.613209, 3.06671], [101.613209, 3.066771], [101.613415, 3.066771], [101.613722, 3.066694], [101.613722, 3.066633], [101.613516, 3.066633]]]}}, {"type": "Feature", "properties": {}, "geometry": {"type": "Polygon", "coordinates": [[[101.613516, 3.066572], [101.613209, 3.066649], [101.613209, 3.06671], [101.613415, 3.06671], [101.613722, 3.066633], [101.613722, 3.066572], [101.613516, 3.066572]]]}}, {"type": "Feature", "properties": {}, "geometry": {"type": "Polygon", "coordinates": [[[101.613516, 3.06651], [101.613209, 3.066588], [101.613209, 3.066649], [101.613415, 3.066649], [101.613722, 3.066572], [101.613722, 3.06651], [101.613516, 3.06651]]]}}, {"type": "Feature", "properties": {}, "geometry": {"type": "Polygon", "coordinates": [[[101.613516, 3.066449], [101.613209, 3.066526], [101.613209, 3.066588], [101.613415, 3.066588], [101.613722, 3.06651], [101.613722, 3.066449], [101.613516, 3.066449]]]}}, {"type": "Feature", "properties": {}, "geometry": {"type": "Polygon", "coordinates": [[[101.613516, 3.066388], [101.613209, 3.066465], [101.613209, 3.066526], [101.613415, 3.066526], [101.613722, 3.066449], [101.613722, 3.066388], [101.613516, 3.066388]]]}}, {"type": "Feature", "properties": {}, "geometry": {"type": "Polygon", "coordinates": [[[101.613516, 3.066327], [101.613209, 3.066404], [101.613209, 3.066465], [101.613415, 3.066465], [101.613722, 3.066388], [101.613722, 3.066327], [101.613516, 3.066327]]]}}, {"type": "Feature", "properties": {}, "geometry": {"type": "Polygon", "coordinates": [[[101.613516, 3.066265], [101.613209, 3.066343], [101.613209, 3.066404], [101.613415, 3.066404], [101.613722, 3.066327], [101.613722, 3.066265], [101.613516, 3.066265]]]}}, {"type": "Feature", "properties": {}, "geometry": {"type": "Polygon", "coordinates": [[[101.613516, 3.066204], [101.613209, 3.066282], [101.613209, 3.066343], [101.613415, 3.066343], [101.613722, 3.066265], [101.613722, 3.066204], [101.613516, 3.066204]]]}}, {"type": "Feature", "properties": {}, "geometry": {"type": "Polygon", "coordinates": [[[101.613516, 3.066143], [101.613209, 3.06622], [101.613209, 3.066282], [101.613415, 3.066282], [101.613722, 3.066204], [101.613722, 3.066143], [101.613516, 3.066143]]]}}, {"type": "Feature", "properties": {}, "geometry": {"type": "Polygon", "coordinates": [[[101.611838, 3.06659], [101.611777, 3.066591], [101.611716, 3.066606], [101.611718, 3.066766], [101.611778, 3.066766], [101.61184, 3.06675], [101.611838, 3.06659]]]}}, {"type": "Feature", "properties": {}, "geometry": {"type": "Polygon", "coordinates": [[[101.611777, 3.066591], [101.611717, 3.066591], [101.611655, 3.066607], [101.611657, 3.066767], [101.611718, 3.066766], [101.611779, 3.066751], [101.611777, 3.066591]]]}}, {"type": "Feature", "properties": {}, "geometry": {"type": "Polygon", "coordinates": [[[101.611717, 3.066591], [101.611656, 3.066592], [101.611595, 3.066607], [101.611596, 3.066767], [101.611657, 3.066767], [101.611718, 3.066751], [101.611717, 3.066591]]]}}, {"type": "Feature", "properties": {}, "geometry": {"type": "Polygon", "coordinates": [[[101.611656, 3.066592], [101.611595, 3.066593], [101.611534, 3.066608], [101.611536, 3.066768], [101.611596, 3.066767], [101.611658, 3.066752], [101.611656, 3.066592]]]}}, {"type": "Feature", "properties": {}, "geometry": {"type": "Polygon", "coordinates": [[[101.611595, 3.066593], [101.611535, 3.066593], [101.611473, 3.066609], [101.611475, 3.066768], [101.611536, 3.066768], [101.611597, 3.066752], [101.611595, 3.066593]]]}}, {"type": "Feature", "properties": {}, "geometry": {"type": "Polygon", "coordinates": [[[101.611535, 3.066593], [101.611474, 3.066594], [101.611413, 3.066609], [101.611414, 3.066769], [101.611475, 3.066768], [101.611536, 3.066753], [101.611535, 3.066593]]]}}, {"type": "Feature", "properties": {}, "geometry": {"type": "Polygon", "coordinates": [[[101.611474, 3.066594], [101.611413, 3.066594], [101.611352, 3.06661], [101.611353, 3.066769], [101.611414, 3.066769], [101.611475, 3.066753], [101.611474, 3.066594]]]}}, {"type": "Feature", "properties": {}, "geometry": {"type": "Polygon", "coordinates": [[[101.611413, 3.066594], [101.611353, 3.066595], [101.611291, 3.06661], [101.611293, 3.06677], [101.611353, 3.066769], [101.611415, 3.066754], [101.611413, 3.066594]]]}}, {"type": "Feature", "properties": {}, "geometry": {"type": "Polygon", "coordinates": [[[101.611353, 3.066595], [101.611292, 3.066595], [101.611231, 3.066611], [101.611232, 3.066771], [101.611293, 3.06677], [101.611354, 3.066755], [101.611353, 3.066595]]]}}, {"type": "Feature", "properties": {}, "geometry": {"type": "Polygon", "coordinates": [[[101.611292, 3.066595], [101.611231, 3.066596], [101.61117, 3.066611], [101.611171, 3.066771], [101.611232, 3.066771], [101.611293, 3.066755], [101.611292, 3.066595]]]}}, {"type": "Feature", "properties": {}, "geometry": {"type": "Polygon", "coordinates": [[[101.611231, 3.066596], [101.61117, 3.066596], [101.611109, 3.066612], [101.61111, 3.066772], [101.611171, 3.066771], [101.611233, 3.066756], [101.611231, 3.066596]]]}}, {"type": "Feature", "properties": {}, "geometry": {"type": "Polygon", "coordinates": [[[101.611839, 3.066422], [101.611778, 3.066422], [101.611717, 3.066438], [101.611718, 3.06659], [101.611779, 3.066589], [101.611841, 3.066573], [101.611839, 3.066422]]]}}, {"type": "Feature", "properties": {}, "geometry": {"type": "Polygon", "coordinates": [[[101.611778, 3.066422], [101.611718, 3.066423], [101.611656, 3.066438], [101.611658, 3.06659], [101.611718, 3.06659], [101.61178, 3.066574], [101.611778, 3.066422]]]}}, {"type": "Feature", "properties": {}, "geometry": {"type": "Polygon", "coordinates": [[[101.611718, 3.066423], [101.611657, 3.066423], [101.611596, 3.066439], [101.611597, 3.066591], [101.611658, 3.06659], [101.611719, 3.066575], [101.611718, 3.066423]]]}}, {"type": "Feature", "properties": {}, "geometry": {"type": "Polygon", "coordinates": [[[101.611657, 3.066423], [101.611596, 3.066424], [101.611535, 3.066439], [101.611536, 3.066591], [101.611597, 3.066591], [101.611658, 3.066575], [101.611657, 3.066423]]]}}, {"type": "Feature", "properties": {}, "geometry": {"type": "Polygon", "coordinates": [[[101.611596, 3.066424], [101.611535, 3.066424], [101.611474, 3.06644], [101.611475, 3.066592], [101.611536, 3.066591], [101.611598, 3.066576], [101.611596, 3.066424]]]}}, {"type": "Feature", "properties": {}, "geometry": {"type": "Polygon", "coordinates": [[[101.611535, 3.066424], [101.611475, 3.066425], [101.611413, 3.06644], [101.611415, 3.066592], [101.611475, 3.066592], [101.611537, 3.066576], [101.611535, 3.066424]]]}}, {"type": "Feature", "properties": {}, "geometry": {"type": "Polygon", "coordinates": [[[101.611475, 3.066425], [101.611414, 3.066425], [101.611352, 3.066441], [101.611354, 3.066593], [101.611415, 3.066592], [101.611476, 3.066577], [101.611475, 3.066425]]]}}, {"type": "Feature", "properties": {}, "geometry": {"type": "Polygon", "coordinates": [[[101.611414, 3.066425], [101.611353, 3.066426], [101.611292, 3.066441], [101.611293, 3.066593], [101.611354, 3.066593], [101.611415, 3.066577], [101.611414, 3.066425]]]}}, {"type": "Feature", "properties": {}, "geometry": {"type": "Polygon", "coordinates": [[[101.611353, 3.066426], [101.611292, 3.066427], [101.611231, 3.066442], [101.611232, 3.066594], [101.611293, 3.066593], [101.611354, 3.066578], [101.611353, 3.066426]]]}}, {"type": "Feature", "properties": {}, "geometry": {"type": "Polygon", "coordinates": [[[101.611292, 3.066427], [101.611231, 3.066427], [101.61117, 3.066442], [101.611171, 3.066594], [101.611232, 3.066594], [101.611294, 3.066578], [101.611292, 3.066427]]]}}, {"type": "Feature", "properties": {}, "geometry": {"type": "Polygon", "coordinates": [[[101.611231, 3.066427], [101.611171, 3.066428], [101.611109, 3.066443], [101.611111, 3.066595], [101.611171, 3.066594], [101.611233, 3.066579], [101.611231, 3.066427]]]}}, {"type": "Feature", "properties": {}, "geometry": {"type": "Polygon", "coordinates": [[[101.612259, 3.066585], [101.612198, 3.066585], [101.612137, 3.066601], [101.612138, 3.066758], [101.612199, 3.066758], [101.612261, 3.066742], [101.612259, 3.066585]]]}}, {"type": "Feature", "properties": {}, "geometry": {"type": "Polygon", "coordinates": [[[101.612198, 3.066585], [101.612137, 3.066586], [101.612076, 3.066601], [101.612077, 3.066759], [101.612138, 3.066758], [101.612199, 3.066743], [101.612198, 3.066585]]]}}, {"type": "Feature", "properties": {}, "geometry": {"type": "Polygon", "coordinates": [[[101.612137, 3.066586], [101.612076, 3.066586], [101.612015, 3.066602], [101.612016, 3.066759], [101.612077, 3.066759], [101.612138, 3.066743], [101.612137, 3.066586]]]}}, {"type": "Feature", "properties": {}, "geometry": {"type": "Polygon", "coordinates": [[[101.612076, 3.066586], [101.612015, 3.066587], [101.611954, 3.066602], [101.611955, 3.06676], [101.612016, 3.066759], [101.612077, 3.066744], [101.612076, 3.066586]]]}}, {"type": "Feature", "properties": {}, "geometry": {"type": "Polygon", "coordinates": [[[101.612015, 3.066587], [101.611954, 3.066588], [101.611893, 3.066603], [101.611894, 3.06676], [101.611955, 3.06676], [101.612016, 3.066744], [101.612015, 3.066587]]]}}, {"type": "Feature", "properties": {}, "geometry": {"type": "Polygon", "coordinates": [[[101.612259, 3.066426], [101.612198, 3.066426], [101.612136, 3.066442], [101.612138, 3.066585], [101.612199, 3.066584], [101.612261, 3.066569], [101.612259, 3.066426]]]}}, {"type": "Feature", "properties": {}, "geometry": {"type": "Polygon", "coordinates": [[[101.612198, 3.066426], [101.612136, 3.066427], [101.612075, 3.066442], [101.612076, 3.066586], [101.612138, 3.066585], [101.612199, 3.06657], [101.612198, 3.066426]]]}}, {"type": "Feature", "properties": {}, "geometry": {"type": "Polygon", "coordinates": [[[101.612136, 3.066427], [101.612075, 3.066427], [101.612014, 3.066443], [101.612015, 3.066586], [101.612076, 3.066586], [101.612138, 3.06657], [101.612136, 3.066427]]]}}, {"type": "Feature", "properties": {}, "geometry": {"type": "Polygon", "coordinates": [[[101.612075, 3.066427], [101.612014, 3.066428], [101.611952, 3.066443], [101.611953, 3.066587], [101.612015, 3.066586], [101.612076, 3.066571], [101.612075, 3.066427]]]}}, {"type": "Feature", "properties": {}, "geometry": {"type": "Polygon", "coordinates": [[[101.612014, 3.066428], [101.611952, 3.066429], [101.611891, 3.066444], [101.611892, 3.066587], [101.611953, 3.066587], [101.612015, 3.066571], [101.612014, 3.066428]]]}}, {"type": "Feature", "properties": {}, "geometry": {"type": "Polygon", "coordinates": [[[101.611783, 3.06588], [101.611722, 3.065896], [101.611721, 3.066035], [101.611782, 3.066035], [101.611843, 3.06602], [101.611844, 3.065881], [101.611783, 3.06588]]]}}, {"type": "Feature", "properties": {}, "geometry": {"type": "Polygon", "coordinates": [[[101.611722, 3.06588], [101.61166, 3.065895], [101.61166, 3.066034], [101.611721, 3.066035], [101.611782, 3.066019], [101.611783, 3.06588], [101.611722, 3.06588]]]}}, {"type": "Feature", "properties": {}, "geometry": {"type": "Polygon", "coordinates": [[[101.611661, 3.06588], [101.611599, 3.065895], [101.611598, 3.066034], [101.61166, 3.066034], [101.611721, 3.066019], [101.611722, 3.06588], [101.611661, 3.06588]]]}}, {"type": "Feature", "properties": {}, "geometry": {"type": "Polygon", "coordinates": [[[101.6116, 3.065879], [101.611538, 3.065895], [101.611538, 3.066033], [101.611598, 3.066034], [101.61166, 3.066018], [101.611661, 3.06588], [101.6116, 3.065879]]]}}, {"type": "Feature", "properties": {}, "geometry": {"type": "Polygon", "coordinates": [[[101.611539, 3.065879], [101.611478, 3.065894], [101.611477, 3.066033], [101.611538, 3.066033], [101.611599, 3.066018], [101.6116, 3.065879], [101.611539, 3.065879]]]}}, {"type": "Feature", "properties": {}, "geometry": {"type": "Polygon", "coordinates": [[[101.611478, 3.065878], [101.611417, 3.065894], [101.611416, 3.066032], [101.611477, 3.066033], [101.611538, 3.066018], [101.611539, 3.065879], [101.611478, 3.065878]]]}}, {"type": "Feature", "properties": {}, "geometry": {"type": "Polygon", "coordinates": [[[101.611417, 3.065878], [101.611356, 3.065893], [101.611355, 3.066032], [101.611416, 3.066032], [101.611477, 3.066017], [101.611478, 3.065878], [101.611417, 3.065878]]]}}, {"type": "Feature", "properties": {}, "geometry": {"type": "Polygon", "coordinates": [[[101.611356, 3.065877], [101.611295, 3.065893], [101.611294, 3.066032], [101.611355, 3.066032], [101.611416, 3.066017], [101.611417, 3.065878], [101.611356, 3.065877]]]}}, {"type": "Feature", "properties": {}, "geometry": {"type": "Polygon", "coordinates": [[[101.611295, 3.065877], [101.611234, 3.065892], [101.611233, 3.066031], [101.611294, 3.066032], [101.611355, 3.066016], [101.611356, 3.065877], [101.611295, 3.065877]]]}}, {"type": "Feature", "properties": {}, "geometry": {"type": "Polygon", "coordinates": [[[101.611234, 3.065877], [101.611173, 3.065892], [101.611172, 3.066031], [101.611233, 3.066031], [101.611294, 3.066016], [101.611295, 3.065877], [101.611234, 3.065877]]]}}, {"type": "Feature", "properties": {}, "geometry": {"type": "Polygon", "coordinates": [[[101.611104, 3.065876], [101.611043, 3.065891], [101.611042, 3.06603], [101.611111, 3.06603], [101.611172, 3.066015], [101.611173, 3.065876], [101.611104, 3.065876]]]}}, {"type": "Feature", "properties": {}, "geometry": {"type": "Polygon", "coordinates": [[[101.612448, 3.066037], [101.612387, 3.066037], [101.612325, 3.066053], [101.612327, 3.066213], [101.612388, 3.066212], [101.61245, 3.066197], [101.612448, 3.066037]]]}}, {"type": "Feature", "properties": {}, "geometry": {"type": "Polygon", "coordinates": [[[101.612387, 3.066037], [101.612325, 3.066038], [101.612264, 3.066053], [101.612265, 3.066213], [101.612327, 3.066213], [101.612388, 3.066197], [101.612387, 3.066037]]]}}, {"type": "Feature", "properties": {}, "geometry": {"type": "Polygon", "coordinates": [[[101.612325, 3.066038], [101.612264, 3.066039], [101.612202, 3.066054], [101.612204, 3.066214], [101.612265, 3.066213], [101.612327, 3.066198], [101.612325, 3.066038]]]}}, {"type": "Feature", "properties": {}, "geometry": {"type": "Polygon", "coordinates": [[[101.612264, 3.066039], [101.612202, 3.066039], [101.612141, 3.066054], [101.612142, 3.066214], [101.612204, 3.066214], [101.612265, 3.066198], [101.612264, 3.066039]]]}}, {"type": "Feature", "properties": {}, "geometry": {"type": "Polygon", "coordinates": [[[101.612202, 3.066039], [101.61214, 3.06604], [101.612079, 3.066055], [101.612081, 3.066215], [101.612142, 3.066214], [101.612203, 3.066199], [101.612202, 3.066039]]]}}, {"type": "Feature", "properties": {}, "geometry": {"type": "Polygon", "coordinates": [[[101.61214, 3.06604], [101.612079, 3.06604], [101.612017, 3.066056], [101.612019, 3.066215], [101.612081, 3.066215], [101.612142, 3.066199], [101.61214, 3.06604]]]}}, {"type": "Feature", "properties": {}, "geometry": {"type": "Polygon", "coordinates": [[[101.612079, 3.06604], [101.612017, 3.066041], [101.611956, 3.066056], [101.611957, 3.066216], [101.612019, 3.066215], [101.61208, 3.0662], [101.612079, 3.06604]]]}}, {"type": "Feature", "properties": {}, "geometry": {"type": "Polygon", "coordinates": [[[101.612017, 3.066041], [101.611956, 3.066041], [101.611894, 3.066057], [101.611896, 3.066217], [101.611957, 3.066216], [101.612019, 3.066201], [101.612017, 3.066041]]]}}, {"type": "Feature", "properties": {}, "geometry": {"type": "Polygon", "coordinates": [[[101.611954, 3.065874], [101.611893, 3.065875], [101.611832, 3.06589], [101.611833, 3.066028], [101.611894, 3.066027], [101.611956, 3.066012], [101.611954, 3.065874]]]}}, {"type": "Feature", "properties": {}, "geometry": {"type": "Polygon", "coordinates": [[[101.612015, 3.065874], [101.611954, 3.065874], [101.611893, 3.06589], [101.611894, 3.066027], [101.611955, 3.066027], [101.612017, 3.066011], [101.612015, 3.065874]]]}}, {"type": "Feature", "properties": {}, "geometry": {"type": "Polygon", "coordinates": [[[101.612076, 3.065873], [101.612015, 3.065874], [101.611954, 3.065889], [101.611955, 3.066027], [101.612016, 3.066026], [101.612078, 3.066011], [101.612076, 3.065873]]]}}, {"type": "Feature", "properties": {}, "geometry": {"type": "Polygon", "coordinates": [[[101.612138, 3.065873], [101.612076, 3.065873], [101.612015, 3.065889], [101.612016, 3.066026], [101.612077, 3.066025], [101.612139, 3.06601], [101.612138, 3.065873]]]}}, {"type": "Feature", "properties": {}, "geometry": {"type": "Polygon", "coordinates": [[[101.612199, 3.065872], [101.612138, 3.065873], [101.612076, 3.065888], [101.612077, 3.066025], [101.612139, 3.066025], [101.6122, 3.066009], [101.612199, 3.065872]]]}}, {"type": "Feature", "properties": {}, "geometry": {"type": "Polygon", "coordinates": [[[101.61226, 3.065872], [101.612199, 3.065872], [101.612137, 3.065888], [101.612139, 3.066025], [101.6122, 3.066024], [101.612261, 3.066009], [101.61226, 3.065872]]]}}, {"type": "Feature", "properties": {}, "geometry": {"type": "Polygon", "coordinates": [[[101.612321, 3.065871], [101.61226, 3.065872], [101.612198, 3.065887], [101.6122, 3.066024], [101.612261, 3.066024], [101.612322, 3.066008], [101.612321, 3.065871]]]}}, {"type": "Feature", "properties": {}, "geometry": {"type": "Polygon", "coordinates": [[[101.612382, 3.06587], [101.612321, 3.065871], [101.612259, 3.065886], [101.612261, 3.066024], [101.612322, 3.066023], [101.612383, 3.066008], [101.612382, 3.06587]]]}}, {"type": "Feature", "properties": {}, "geometry": {"type": "Polygon", "coordinates": [[[101.611846, 3.066039], [101.611784, 3.06604], [101.611723, 3.066055], [101.611724, 3.066217], [101.611786, 3.066217], [101.611847, 3.066201], [101.611846, 3.066039]]]}}, {"type": "Feature", "properties": {}, "geometry": {"type": "Polygon", "coordinates": [[[101.611784, 3.06604], [101.611723, 3.06604], [101.611661, 3.066056], [101.611663, 3.066218], [101.611724, 3.066217], [101.611786, 3.066202], [101.611784, 3.06604]]]}}, {"type": "Feature", "properties": {}, "geometry": {"type": "Polygon", "coordinates": [[[101.611723, 3.06604], [101.611661, 3.066041], [101.6116, 3.066056], [101.611601, 3.066218], [101.611663, 3.066218], [101.611724, 3.066202], [101.611723, 3.06604]]]}}, {"type": "Feature", "properties": {}, "geometry": {"type": "Polygon", "coordinates": [[[101.611661, 3.066041], [101.6116, 3.066042], [101.611538, 3.066057], [101.61154, 3.066219], [101.611601, 3.066218], [101.611663, 3.066203], [101.611661, 3.066041]]]}}, {"type": "Feature", "properties": {}, "geometry": {"type": "Polygon", "coordinates": [[[101.6116, 3.066042], [101.611538, 3.066042], [101.611477, 3.066057], [101.611478, 3.066219], [101.61154, 3.066219], [101.611601, 3.066203], [101.6116, 3.066042]]]}}, {"type": "Feature", "properties": {}, "geometry": {"type": "Polygon", "coordinates": [[[101.611538, 3.066042], [101.611477, 3.066043], [101.611415, 3.066058], [101.611417, 3.06622], [101.611478, 3.066219], [101.61154, 3.066204], [101.611538, 3.066042]]]}}, {"type": "Feature", "properties": {}, "geometry": {"type": "Polygon", "coordinates": [[[101.611477, 3.066043], [101.611415, 3.066043], [101.611354, 3.066059], [101.611355, 3.066221], [101.611417, 3.06622], [101.611478, 3.066204], [101.611477, 3.066043]]]}}, {"type": "Feature", "properties": {}, "geometry": {"type": "Polygon", "coordinates": [[[101.611415, 3.066043], [101.611353, 3.066044], [101.611292, 3.066059], [101.611294, 3.066221], [101.611355, 3.066221], [101.611417, 3.066205], [101.611415, 3.066043]]]}}, {"type": "Feature", "properties": {}, "geometry": {"type": "Polygon", "coordinates": [[[101.611353, 3.066044], [101.611292, 3.066044], [101.611231, 3.06606], [101.611232, 3.066222], [101.611294, 3.066221], [101.611355, 3.066206], [101.611353, 3.066044]]]}}, {"type": "Feature", "properties": {}, "geometry": {"type": "Polygon", "coordinates": [[[101.611292, 3.066044], [101.61123, 3.066045], [101.611169, 3.06606], [101.611171, 3.066222], [101.611232, 3.066222], [101.611293, 3.066206], [101.611292, 3.066044]]]}}, {"type": "Feature", "properties": {}, "geometry": {"type": "Polygon", "coordinates": [[[101.61123, 3.066045], [101.611169, 3.066045], [101.611108, 3.066061], [101.611109, 3.066223], [101.611171, 3.066222], [101.611232, 3.066207], [101.61123, 3.066045]]]}}, {"type": "Feature", "properties": {}, "geometry": {"type": "Polygon", "coordinates": [[[101.615126, 3.074032], [101.615064, 3.074032], [101.614948, 3.074061], [101.614949, 3.074279], [101.615011, 3.074278], [101.615126, 3.074249], [101.615126, 3.074032]]]}}, {"type": "Feature", "properties": {}, "geometry": {"type": "Polygon", "coordinates": [[[101.615126, 3.073769], [101.615064, 3.073769], [101.614949, 3.073798], [101.614949, 3.074021], [101.615011, 3.074021], [101.615126, 3.073992], [101.615126, 3.073769]]]}}, {"type": "Feature", "properties": {}, "geometry": {"type": "Polygon", "coordinates": [[[101.615002, 3.073348], [101.614946, 3.073348], [101.614885, 3.073363], [101.614885, 3.073506], [101.61494, 3.073506], [101.615002, 3.073491], [101.615002, 3.073348]]]}}, {"type": "Feature", "properties": {}, "geometry": {"type": "Polygon", "coordinates": [[[101.615002, 3.073348], [101.61494, 3.073363], [101.61494, 3.073506], [101.614996, 3.073506], [101.615057, 3.073491], [101.615057, 3.073348], [101.615002, 3.073348]]]}}, {"type": "Feature", "properties": {}, "geometry": {"type": "Polygon", "coordinates": [[[101.615112, 3.073348], [101.615057, 3.073348], [101.614996, 3.073363], [101.614996, 3.073506], [101.615051, 3.073506], [101.615113, 3.073491], [101.615112, 3.073348]]]}}, {"type": "Feature", "properties": {}, "geometry": {"type": "Polygon", "coordinates": [[[101.615109, 3.073171], [101.615054, 3.073171], [101.614992, 3.073187], [101.614993, 3.073347], [101.615048, 3.073347], [101.615109, 3.073331], [101.615109, 3.073171]]]}}, {"type": "Feature", "properties": {}, "geometry": {"type": "Polygon", "coordinates": [[[101.615054, 3.073171], [101.614999, 3.073171], [101.614937, 3.073187], [101.614937, 3.073347], [101.614993, 3.073347], [101.615054, 3.073331], [101.615054, 3.073171]]]}}, {"type": "Feature", "properties": {}, "geometry": {"type": "Polygon", "coordinates": [[[101.615002, 3.072844], [101.614948, 3.072844], [101.614886, 3.07286], [101.614886, 3.073001], [101.614941, 3.073001], [101.615002, 3.072986], [101.615002, 3.072844]]]}}, {"type": "Feature", "properties": {}, "geometry": {"type": "Polygon", "coordinates": [[[101.615057, 3.072844], [101.615002, 3.072844], [101.614941, 3.07286], [101.614941, 3.073001], [101.614996, 3.073001], [101.615057, 3.072986], [101.615057, 3.072844]]]}}, {"type": "Feature", "properties": {}, "geometry": {"type": "Polygon", "coordinates": [[[101.615111, 3.072844], [101.615057, 3.072844], [101.614995, 3.07286], [101.614996, 3.073001], [101.61505, 3.073001], [101.615112, 3.072986], [101.615111, 3.072844]]]}}, {"type": "Feature", "properties": {}, "geometry": {"type": "Polygon", "coordinates": [[[101.61511, 3.07267], [101.615054, 3.07267], [101.614993, 3.072686], [101.614993, 3.072843], [101.615049, 3.072843], [101.61511, 3.072828], [101.61511, 3.07267]]]}}, {"type": "Feature", "properties": {}, "geometry": {"type": "Polygon", "coordinates": [[[101.615054, 3.07267], [101.614999, 3.07267], [101.614938, 3.072686], [101.614938, 3.072843], [101.614993, 3.072843], [101.615055, 3.072828], [101.615054, 3.07267]]]}}, {"type": "Feature", "properties": {}, "geometry": {"type": "Polygon", "coordinates": [[[101.614996, 3.072349], [101.614941, 3.072349], [101.61488, 3.072364], [101.61488, 3.072505], [101.614935, 3.072505], [101.614996, 3.072489], [101.614996, 3.072349]]]}}, {"type": "Feature", "properties": {}, "geometry": {"type": "Polygon", "coordinates": [[[101.615052, 3.072348], [101.614996, 3.072349], [101.614935, 3.072364], [101.614935, 3.072505], [101.61499, 3.072504], [101.615052, 3.072489], [101.615052, 3.072348]]]}}, {"type": "Feature", "properties": {}, "geometry": {"type": "Polygon", "coordinates": [[[101.615107, 3.072348], [101.615052, 3.072348], [101.61499, 3.072364], [101.61499, 3.072504], [101.615046, 3.072504], [101.615107, 3.072489], [101.615107, 3.072348]]]}}, {"type": "Feature", "properties": {}, "geometry": {"type": "Polygon", "coordinates": [[[101.615106, 3.072172], [101.615051, 3.072172], [101.614989, 3.072187], [101.61499, 3.072343], [101.615045, 3.072343], [101.615107, 3.072327], [101.615106, 3.072172]]]}}, {"type": "Feature", "properties": {}, "geometry": {"type": "Polygon", "coordinates": [[[101.615051, 3.072172], [101.614995, 3.072172], [101.614934, 3.072187], [101.614934, 3.072343], [101.61499, 3.072343], [101.615051, 3.072327], [101.615051, 3.072172]]]}}, {"type": "Feature", "properties": {}, "geometry": {"type": "Polygon", "coordinates": [[[101.614999, 3.071847], [101.614925, 3.071848], [101.614863, 3.071863], [101.614864, 3.072008], [101.614938, 3.072008], [101.614999, 3.071992], [101.614999, 3.071847]]]}}, {"type": "Feature", "properties": {}, "geometry": {"type": "Polygon", "coordinates": [[[101.614999, 3.071847], [101.614937, 3.071863], [101.614938, 3.072008], [101.614993, 3.072008], [101.615054, 3.071992], [101.615054, 3.071847], [101.614999, 3.071847]]]}}, {"type": "Feature", "properties": {}, "geometry": {"type": "Polygon", "coordinates": [[[101.615109, 3.071847], [101.615054, 3.071847], [101.614993, 3.071863], [101.614993, 3.072008], [101.615048, 3.072008], [101.61511, 3.071992], [101.615109, 3.071847]]]}}, {"type": "Feature", "properties": {}, "geometry": {"type": "Polygon", "coordinates": [[[101.615109, 3.071676], [101.615054, 3.071676], [101.614992, 3.071692], [101.614993, 3.071838], [101.615048, 3.071837], [101.615109, 3.071822], [101.615109, 3.071676]]]}}, {"type": "Feature", "properties": {}, "geometry": {"type": "Polygon", "coordinates": [[[101.615054, 3.071676], [101.614999, 3.071676], [101.614937, 3.071692], [101.614937, 3.071838], [101.614993, 3.071838], [101.615054, 3.071822], [101.615054, 3.071676]]]}}, {"type": "Feature", "properties": {}, "geometry": {"type": "Polygon", "coordinates": [[[101.614711, 3.073896], [101.614656, 3.073897], [101.614595, 3.073912], [101.614596, 3.074052], [101.614651, 3.074052], [101.614712, 3.074036], [101.614711, 3.073896]]]}}, {"type": "Feature", "properties": {}, "geometry": {"type": "Polygon", "coordinates": [[[101.614656, 3.073897], [101.614601, 3.073897], [101.61454, 3.073913], [101.614541, 3.074052], [101.614596, 3.074052], [101.614657, 3.074037], [101.614656, 3.073897]]]}}, {"type": "Feature", "properties": {}, "geometry": {"type": "Polygon", "coordinates": [[[101.614601, 3.073897], [101.614546, 3.073898], [101.614485, 3.073913], [101.614486, 3.074053], [101.614541, 3.074052], [101.614602, 3.074037], [101.614601, 3.073897]]]}}, {"type": "Feature", "properties": {}, "geometry": {"type": "Polygon", "coordinates": [[[101.614546, 3.073898], [101.614492, 3.073898], [101.61443, 3.073914], [101.614431, 3.074053], [101.614486, 3.074053], [101.614548, 3.074037], [101.614546, 3.073898]]]}}, {"type": "Feature", "properties": {}, "geometry": {"type": "Polygon", "coordinates": [[[101.614492, 3.073898], [101.614437, 3.073899], [101.614375, 3.073914], [101.614377, 3.074054], [101.614431, 3.074053], [101.614493, 3.074038], [101.614492, 3.073898]]]}}, {"type": "Feature", "properties": {}, "geometry": {"type": "Polygon", "coordinates": [[[101.614437, 3.073899], [101.614382, 3.073899], [101.614321, 3.073914], [101.614322, 3.074054], [101.614377, 3.074054], [101.614438, 3.074038], [101.614437, 3.073899]]]}}, {"type": "Feature", "properties": {}, "geometry": {"type": "Polygon", "coordinates": [[[101.614382, 3.073899], [101.614327, 3.073899], [101.614266, 3.073915], [101.614267, 3.074055], [101.614322, 3.074054], [101.614383, 3.074039], [101.614382, 3.073899]]]}}, {"type": "Feature", "properties": {}, "geometry": {"type": "Polygon", "coordinates": [[[101.614327, 3.073899], [101.614272, 3.0739], [101.614211, 3.073915], [101.614212, 3.074055], [101.614267, 3.074055], [101.614328, 3.074039], [101.614327, 3.073899]]]}}, {"type": "Feature", "properties": {}, "geometry": {"type": "Polygon", "coordinates": [[[101.614376, 3.074065], [101.614315, 3.074081], [101.614315, 3.074223], [101.614372, 3.074223], [101.614433, 3.074207], [101.614433, 3.074065], [101.614376, 3.074065]]]}}, {"type": "Feature", "properties": {}, "geometry": {"type": "Polygon", "coordinates": [[[101.614489, 3.074065], [101.614433, 3.074065], [101.614371, 3.074081], [101.614372, 3.074223], [101.614428, 3.074222], [101.614489, 3.074207], [101.614489, 3.074065]]]}}, {"type": "Feature", "properties": {}, "geometry": {"type": "Polygon", "coordinates": [[[101.614545, 3.074065], [101.614489, 3.074065], [101.614428, 3.074081], [101.614428, 3.074222], [101.614484, 3.074222], [101.614545, 3.074207], [101.614545, 3.074065]]]}}, {"type": "Feature", "properties": {}, "geometry": {"type": "Polygon", "coordinates": [[[101.614602, 3.074065], [101.614545, 3.074065], [101.614484, 3.074081], [101.614484, 3.074222], [101.614541, 3.074222], [101.614602, 3.074207], [101.614602, 3.074065]]]}}, {"type": "Feature", "properties": {}, "geometry": {"type": "Polygon", "coordinates": [[[101.614658, 3.074065], [101.614602, 3.074065], [101.61454, 3.074081], [101.614541, 3.074222], [101.614597, 3.074222], [101.614658, 3.074207], [101.614658, 3.074065]]]}}, {"type": "Feature", "properties": {}, "geometry": {"type": "Polygon", "coordinates": [[[101.613992, 3.073566], [101.613938, 3.073566], [101.613876, 3.073581], [101.613877, 3.073724], [101.613931, 3.073724], [101.613992, 3.073709], [101.613992, 3.073566]]]}}, {"type": "Feature", "properties": {}, "geometry": {"type": "Polygon", "coordinates": [[[101.614046, 3.073566], [101.613992, 3.073566], [101.61393, 3.073581], [101.613931, 3.073724], [101.613985, 3.073724], [101.614046, 3.073709], [101.614046, 3.073566]]]}}, {"type": "Feature", "properties": {}, "geometry": {"type": "Polygon", "coordinates": [[[101.6141, 3.073566], [101.614046, 3.073566], [101.613984, 3.073581], [101.613985, 3.073724], [101.614039, 3.073724], [101.6141, 3.073709], [101.6141, 3.073566]]]}}, {"type": "Feature", "properties": {}, "geometry": {"type": "Polygon", "coordinates": [[[101.6141, 3.073566], [101.614038, 3.073581], [101.614039, 3.073724], [101.614093, 3.073724], [101.614154, 3.073709], [101.614154, 3.073566], [101.6141, 3.073566]]]}}, {"type": "Feature", "properties": {}, "geometry": {"type": "Polygon", "coordinates": [[[101.614208, 3.073566], [101.614154, 3.073566], [101.614092, 3.073581], [101.614093, 3.073724], [101.614147, 3.073724], [101.614208, 3.073709], [101.614208, 3.073566]]]}}, {"type": "Feature", "properties": {}, "geometry": {"type": "Polygon", "coordinates": [[[101.614262, 3.073565], [101.614208, 3.073566], [101.614146, 3.073581], [101.614147, 3.073724], [101.614201, 3.073724], [101.614262, 3.073709], [101.614262, 3.073565]]]}}, {"type": "Feature", "properties": {}, "geometry": {"type": "Polygon", "coordinates": [[[101.614316, 3.073565], [101.614262, 3.073565], [101.6142, 3.073581], [101.614201, 3.073724], [101.614255, 3.073724], [101.614316, 3.073708], [101.614316, 3.073565]]]}}, {"type": "Feature", "properties": {}, "geometry": {"type": "Polygon", "coordinates": [[[101.614316, 3.073565], [101.614255, 3.073581], [101.614255, 3.073724], [101.614309, 3.073724], [101.61437, 3.073708], [101.61437, 3.073565], [101.614316, 3.073565]]]}}, {"type": "Feature", "properties": {}, "geometry": {"type": "Polygon", "coordinates": [[[101.614424, 3.073565], [101.61437, 3.073565], [101.614309, 3.073581], [101.614309, 3.073724], [101.614363, 3.073724], [101.614424, 3.073708], [101.614424, 3.073565]]]}}, {"type": "Feature", "properties": {}, "geometry": {"type": "Polygon", "coordinates": [[[101.614478, 3.073565], [101.614424, 3.073565], [101.614363, 3.073581], [101.614363, 3.073724], [101.614417, 3.073724], [101.614478, 3.073708], [101.614478, 3.073565]]]}}, {"type": "Feature", "properties": {}, "geometry": {"type": "Polygon", "coordinates": [[[101.614532, 3.073565], [101.614478, 3.073565], [101.614417, 3.073581], [101.614417, 3.073724], [101.614471, 3.073724], [101.614532, 3.073708], [101.614532, 3.073565]]]}}, {"type": "Feature", "properties": {}, "geometry": {"type": "Polygon", "coordinates": [[[101.614532, 3.073565], [101.614471, 3.07358], [101.614471, 3.073724], [101.614525, 3.073724], [101.614586, 3.073708], [101.614586, 3.073565], [101.614532, 3.073565]]]}}, {"type": "Feature", "properties": {}, "geometry": {"type": "Polygon", "coordinates": [[[101.61464, 3.073565], [101.614586, 3.073565], [101.614525, 3.07358], [101.614525, 3.073724], [101.614579, 3.073723], [101.61464, 3.073708], [101.61464, 3.073565]]]}}, {"type": "Feature", "properties": {}, "geometry": {"type": "Polygon", "coordinates": [[[101.614705, 3.073399], [101.61465, 3.073399], [101.614588, 3.073415], [101.614588, 3.073554], [101.614644, 3.073553], [101.614705, 3.073538], [101.614705, 3.073399]]]}}, {"type": "Feature", "properties": {}, "geometry": {"type": "Polygon", "coordinates": [[[101.614594, 3.073399], [101.614533, 3.073415], [101.614533, 3.073554], [101.614588, 3.073554], [101.61465, 3.073538], [101.61465, 3.073399], [101.614594, 3.073399]]]}}, {"type": "Feature", "properties": {}, "geometry": {"type": "Polygon", "coordinates": [[[101.614594, 3.073399], [101.614539, 3.073399], [101.614478, 3.073415], [101.614478, 3.073554], [101.614533, 3.073554], [101.614594, 3.073538], [101.614594, 3.073399]]]}}, {"type": "Feature", "properties": {}, "geometry": {"type": "Polygon", "coordinates": [[[101.614539, 3.073399], [101.614484, 3.073399], [101.614422, 3.073415], [101.614423, 3.073554], [101.614478, 3.073554], [101.614539, 3.073538], [101.614539, 3.073399]]]}}, {"type": "Feature", "properties": {}, "geometry": {"type": "Polygon", "coordinates": [[[101.614484, 3.073399], [101.614428, 3.0734], [101.614367, 3.073415], [101.614367, 3.073554], [101.614423, 3.073554], [101.614484, 3.073538], [101.614484, 3.073399]]]}}, {"type": "Feature", "properties": {}, "geometry": {"type": "Polygon", "coordinates": [[[101.614428, 3.0734], [101.614373, 3.0734], [101.614312, 3.073415], [101.614312, 3.073554], [101.614367, 3.073554], [101.614429, 3.073538], [101.614428, 3.0734]]]}}, {"type": "Feature", "properties": {}, "geometry": {"type": "Polygon", "coordinates": [[[101.614373, 3.0734], [101.614318, 3.0734], [101.614257, 3.073415], [101.614257, 3.073554], [101.614312, 3.073554], [101.614373, 3.073539], [101.614373, 3.0734]]]}}, {"type": "Feature", "properties": {}, "geometry": {"type": "Polygon", "coordinates": [[[101.614318, 3.0734], [101.614263, 3.0734], [101.614201, 3.073415], [101.614201, 3.073554], [101.614257, 3.073554], [101.614318, 3.073539], [101.614318, 3.0734]]]}}, {"type": "Feature", "properties": {}, "geometry": {"type": "Polygon", "coordinates": [[[101.614207, 3.0734], [101.614146, 3.073415], [101.614146, 3.073554], [101.614201, 3.073554], [101.614263, 3.073539], [101.614263, 3.0734], [101.614207, 3.0734]]]}}, {"type": "Feature", "properties": {}, "geometry": {"type": "Polygon", "coordinates": [[[101.614207, 3.0734], [101.614152, 3.0734], [101.614091, 3.073415], [101.614091, 3.073554], [101.614146, 3.073554], [101.614208, 3.073539], [101.614207, 3.0734]]]}}, {"type": "Feature", "properties": {}, "geometry": {"type": "Polygon", "coordinates": [[[101.614152, 3.0734], [101.614097, 3.0734], [101.614035, 3.073415], [101.614036, 3.073554], [101.614091, 3.073554], [101.614152, 3.073539], [101.614152, 3.0734]]]}}, {"type": "Feature", "properties": {}, "geometry": {"type": "Polygon", "coordinates": [[[101.614097, 3.0734], [101.614042, 3.0734], [101.61398, 3.073416], [101.61398, 3.073555], [101.614036, 3.073554], [101.614097, 3.073539], [101.614097, 3.0734]]]}}, {"type": "Feature", "properties": {}, "geometry": {"type": "Polygon", "coordinates": [[[101.614042, 3.0734], [101.613986, 3.0734], [101.613925, 3.073416], [101.613925, 3.073555], [101.61398, 3.073555], [101.614042, 3.073539], [101.614042, 3.0734]]]}}, {"type": "Feature", "properties": {}, "geometry": {"type": "Polygon", "coordinates": [[[101.613935, 3.073067], [101.613874, 3.073082], [101.613874, 3.073225], [101.613929, 3.073225], [101.61399, 3.07321], [101.61399, 3.073067], [101.613935, 3.073067]]]}}, {"type": "Feature", "properties": {}, "geometry": {"type": "Polygon", "coordinates": [[[101.614045, 3.073067], [101.61399, 3.073067], [101.613929, 3.073082], [101.613929, 3.073225], [101.613984, 3.073225], [101.614045, 3.073209], [101.614045, 3.073067]]]}}, {"type": "Feature", "properties": {}, "geometry": {"type": "Polygon", "coordinates": [[[101.6141, 3.073066], [101.614045, 3.073067], [101.613984, 3.073082], [101.613984, 3.073225], [101.614039, 3.073225], [101.6141, 3.073209], [101.6141, 3.073066]]]}}, {"type": "Feature", "properties": {}, "geometry": {"type": "Polygon", "coordinates": [[[101.614155, 3.073066], [101.6141, 3.073066], [101.614039, 3.073082], [101.614039, 3.073225], [101.614094, 3.073225], [101.614156, 3.073209], [101.614155, 3.073066]]]}}, {"type": "Feature", "properties": {}, "geometry": {"type": "Polygon", "coordinates": [[[101.61421, 3.073066], [101.614155, 3.073066], [101.614094, 3.073082], [101.614094, 3.073225], [101.614149, 3.073225], [101.614211, 3.073209], [101.61421, 3.073066]]]}}, {"type": "Feature", "properties": {}, "geometry": {"type": "Polygon", "coordinates": [[[101.61421, 3.073066], [101.614149, 3.073082], [101.614149, 3.073225], [101.614204, 3.073225], [101.614266, 3.073209], [101.614266, 3.073066], [101.61421, 3.073066]]]}}, {"type": "Feature", "properties": {}, "geometry": {"type": "Polygon", "coordinates": [[[101.614321, 3.073066], [101.614266, 3.073066], [101.614204, 3.073082], [101.614204, 3.073225], [101.61426, 3.073224], [101.614321, 3.073209], [101.614321, 3.073066]]]}}, {"type": "Feature", "properties": {}, "geometry": {"type": "Polygon", "coordinates": [[[101.614376, 3.073066], [101.614321, 3.073066], [101.614259, 3.073082], [101.61426, 3.073224], [101.614315, 3.073224], [101.614376, 3.073209], [101.614376, 3.073066]]]}}, {"type": "Feature", "properties": {}, "geometry": {"type": "Polygon", "coordinates": [[[101.614431, 3.073066], [101.614376, 3.073066], [101.614314, 3.073081], [101.614315, 3.073224], [101.61437, 3.073224], [101.614431, 3.073209], [101.614431, 3.073066]]]}}, {"type": "Feature", "properties": {}, "geometry": {"type": "Polygon", "coordinates": [[[101.614486, 3.073066], [101.614431, 3.073066], [101.614369, 3.073081], [101.61437, 3.073224], [101.614425, 3.073224], [101.614486, 3.073209], [101.614486, 3.073066]]]}}, {"type": "Feature", "properties": {}, "geometry": {"type": "Polygon", "coordinates": [[[101.614486, 3.073066], [101.614424, 3.073081], [101.614425, 3.073224], [101.61448, 3.073224], [101.614541, 3.073209], [101.614541, 3.073066], [101.614486, 3.073066]]]}}, {"type": "Feature", "properties": {}, "geometry": {"type": "Polygon", "coordinates": [[[101.614596, 3.073066], [101.614541, 3.073066], [101.61448, 3.073081], [101.61448, 3.073224], [101.614535, 3.073224], [101.614596, 3.073209], [101.614596, 3.073066]]]}}, {"type": "Feature", "properties": {}, "geometry": {"type": "Polygon", "coordinates": [[[101.614651, 3.073066], [101.614596, 3.073066], [101.614535, 3.073081], [101.614535, 3.073224], [101.61459, 3.073224], [101.614651, 3.073209], [101.614651, 3.073066]]]}}, {"type": "Feature", "properties": {}, "geometry": {"type": "Polygon", "coordinates": [[[101.614704, 3.072895], [101.614648, 3.072895], [101.614587, 3.072911], [101.614587, 3.073057], [101.614642, 3.073057], [101.614704, 3.073041], [101.614704, 3.072895]]]}}, {"type": "Feature", "properties": {}, "geometry": {"type": "Polygon", "coordinates": [[[101.614648, 3.072895], [101.614593, 3.072896], [101.614532, 3.072911], [101.614532, 3.073057], [101.614587, 3.073057], [101.614649, 3.073041], [101.614648, 3.072895]]]}}, {"type": "Feature", "properties": {}, "geometry": {"type": "Polygon", "coordinates": [[[101.614538, 3.072896], [101.614477, 3.072911], [101.614477, 3.073057], [101.614532, 3.073057], [101.614593, 3.073041], [101.614593, 3.072896], [101.614538, 3.072896]]]}}, {"type": "Feature", "properties": {}, "geometry": {"type": "Polygon", "coordinates": [[[101.614538, 3.072896], [101.614483, 3.072896], [101.614421, 3.072911], [101.614422, 3.073057], [101.614477, 3.073057], [101.614538, 3.073041], [101.614538, 3.072896]]]}}, {"type": "Feature", "properties": {}, "geometry": {"type": "Polygon", "coordinates": [[[101.614483, 3.072896], [101.614428, 3.072896], [101.614366, 3.072911], [101.614367, 3.073057], [101.614422, 3.073057], [101.614483, 3.073042], [101.614483, 3.072896]]]}}, {"type": "Feature", "properties": {}, "geometry": {"type": "Polygon", "coordinates": [[[101.614428, 3.072896], [101.614372, 3.072896], [101.614311, 3.072911], [101.614311, 3.073057], [101.614367, 3.073057], [101.614428, 3.073042], [101.614428, 3.072896]]]}}, {"type": "Feature", "properties": {}, "geometry": {"type": "Polygon", "coordinates": [[[101.614372, 3.072896], [101.614317, 3.072896], [101.614256, 3.072911], [101.614256, 3.073057], [101.614311, 3.073057], [101.614373, 3.073042], [101.614372, 3.072896]]]}}, {"type": "Feature", "properties": {}, "geometry": {"type": "Polygon", "coordinates": [[[101.614317, 3.072896], [101.614262, 3.072896], [101.614201, 3.072912], [101.614201, 3.073057], [101.614256, 3.073057], [101.614317, 3.073042], [101.614317, 3.072896]]]}}, {"type": "Feature", "properties": {}, "geometry": {"type": "Polygon", "coordinates": [[[101.614262, 3.072896], [101.614207, 3.072896], [101.614146, 3.072912], [101.614146, 3.073057], [101.614201, 3.073057], [101.614262, 3.073042], [101.614262, 3.072896]]]}}, {"type": "Feature", "properties": {}, "geometry": {"type": "Polygon", "coordinates": [[[101.614207, 3.072896], [101.614152, 3.072896], [101.61409, 3.072912], [101.614091, 3.073057], [101.614146, 3.073057], [101.614207, 3.073042], [101.614207, 3.072896]]]}}, {"type": "Feature", "properties": {}, "geometry": {"type": "Polygon", "coordinates": [[[101.614097, 3.072896], [101.614035, 3.072912], [101.614035, 3.073057], [101.614091, 3.073057], [101.614152, 3.073042], [101.614152, 3.072896], [101.614097, 3.072896]]]}}, {"type": "Feature", "properties": {}, "geometry": {"type": "Polygon", "coordinates": [[[101.614097, 3.072896], [101.614041, 3.072896], [101.61398, 3.072912], [101.61398, 3.073058], [101.614035, 3.073057], [101.614097, 3.073042], [101.614097, 3.072896]]]}}, {"type": "Feature", "properties": {}, "geometry": {"type": "Polygon", "coordinates": [[[101.614041, 3.072896], [101.613986, 3.072896], [101.613925, 3.072912], [101.613925, 3.073058], [101.61398, 3.073058], [101.614042, 3.073042], [101.614041, 3.072896]]]}}, {"type": "Feature", "properties": {}, "geometry": {"type": "Polygon", "coordinates": [[[101.613982, 3.072569], [101.613927, 3.072569], [101.613866, 3.072584], [101.613866, 3.072726], [101.613921, 3.072726], [101.613982, 3.07271], [101.613982, 3.072569]]]}}, {"type": "Feature", "properties": {}, "geometry": {"type": "Polygon", "coordinates": [[[101.613982, 3.072569], [101.613921, 3.072584], [101.613921, 3.072726], [101.613976, 3.072726], [101.614037, 3.07271], [101.614037, 3.072569], [101.613982, 3.072569]]]}}, {"type": "Feature", "properties": {}, "geometry": {"type": "Polygon", "coordinates": [[[101.614092, 3.072569], [101.614037, 3.072569], [101.613976, 3.072584], [101.613976, 3.072726], [101.614031, 3.072726], [101.614092, 3.07271], [101.614092, 3.072569]]]}}, {"type": "Feature", "properties": {}, "geometry": {"type": "Polygon", "coordinates": [[[101.614147, 3.072568], [101.614092, 3.072569], [101.614031, 3.072584], [101.614031, 3.072726], [101.614086, 3.072726], [101.614147, 3.07271], [101.614147, 3.072568]]]}}, {"type": "Feature", "properties": {}, "geometry": {"type": "Polygon", "coordinates": [[[101.614202, 3.072568], [101.614147, 3.072568], [101.614086, 3.072584], [101.614086, 3.072726], [101.614141, 3.072725], [101.614203, 3.07271], [101.614202, 3.072568]]]}}, {"type": "Feature", "properties": {}, "geometry": {"type": "Polygon", "coordinates": [[[101.614257, 3.072568], [101.614202, 3.072568], [101.614141, 3.072584], [101.614141, 3.072725], [101.614196, 3.072725], [101.614258, 3.07271], [101.614257, 3.072568]]]}}, {"type": "Feature", "properties": {}, "geometry": {"type": "Polygon", "coordinates": [[[101.614257, 3.072568], [101.614196, 3.072584], [101.614196, 3.072725], [101.614251, 3.072725], [101.614313, 3.07271], [101.614313, 3.072568], [101.614257, 3.072568]]]}}, {"type": "Feature", "properties": {}, "geometry": {"type": "Polygon", "coordinates": [[[101.614368, 3.072568], [101.614313, 3.072568], [101.614251, 3.072584], [101.614251, 3.072725], [101.614306, 3.072725], [101.614368, 3.07271], [101.614368, 3.072568]]]}}, {"type": "Feature", "properties": {}, "geometry": {"type": "Polygon", "coordinates": [[[101.614423, 3.072568], [101.614368, 3.072568], [101.614306, 3.072584], [101.614306, 3.072725], [101.614362, 3.072725], [101.614423, 3.07271], [101.614423, 3.072568]]]}}, {"type": "Feature", "properties": {}, "geometry": {"type": "Polygon", "coordinates": [[[101.614478, 3.072568], [101.614423, 3.072568], [101.614361, 3.072583], [101.614362, 3.072725], [101.614417, 3.072725], [101.614478, 3.07271], [101.614478, 3.072568]]]}}, {"type": "Feature", "properties": {}, "geometry": {"type": "Polygon", "coordinates": [[[101.614533, 3.072568], [101.614478, 3.072568], [101.614416, 3.072583], [101.614417, 3.072725], [101.614472, 3.072725], [101.614533, 3.072709], [101.614533, 3.072568]]]}}, {"type": "Feature", "properties": {}, "geometry": {"type": "Polygon", "coordinates": [[[101.614533, 3.072568], [101.614471, 3.072583], [101.614472, 3.072725], [101.614527, 3.072725], [101.614588, 3.072709], [101.614588, 3.072568], [101.614533, 3.072568]]]}}, {"type": "Feature", "properties": {}, "geometry": {"type": "Polygon", "coordinates": [[[101.614643, 3.072568], [101.614588, 3.072568], [101.614527, 3.072583], [101.614527, 3.072725], [101.614582, 3.072725], [101.614643, 3.072709], [101.614643, 3.072568]]]}}, {"type": "Feature", "properties": {}, "geometry": {"type": "Polygon", "coordinates": [[[101.614697, 3.0724], [101.614642, 3.0724], [101.61458, 3.072415], [101.614581, 3.072564], [101.614636, 3.072564], [101.614697, 3.072548], [101.614697, 3.0724]]]}}, {"type": "Feature", "properties": {}, "geometry": {"type": "Polygon", "coordinates": [[[101.614642, 3.0724], [101.614587, 3.0724], [101.614525, 3.072416], [101.614525, 3.072564], [101.614581, 3.072564], [101.614642, 3.072548], [101.614642, 3.0724]]]}}, {"type": "Feature", "properties": {}, "geometry": {"type": "Polygon", "coordinates": [[[101.614587, 3.0724], [101.614532, 3.0724], [101.61447, 3.072416], [101.61447, 3.072564], [101.614525, 3.072564], [101.614587, 3.072548], [101.614587, 3.0724]]]}}, {"type": "Feature", "properties": {}, "geometry": {"type": "Polygon", "coordinates": [[[101.614532, 3.0724], [101.614476, 3.0724], [101.614415, 3.072416], [101.614415, 3.072564], [101.61447, 3.072564], [101.614532, 3.072548], [101.614532, 3.0724]]]}}, {"type": "Feature", "properties": {}, "geometry": {"type": "Polygon", "coordinates": [[[101.614476, 3.0724], [101.614421, 3.0724], [101.61436, 3.072416], [101.61436, 3.072564], [101.614415, 3.072564], [101.614477, 3.072548], [101.614476, 3.0724]]]}}, {"type": "Feature", "properties": {}, "geometry": {"type": "Polygon", "coordinates": [[[101.614421, 3.0724], [101.614366, 3.072401], [101.614305, 3.072416], [101.614305, 3.072564], [101.61436, 3.072564], [101.614422, 3.072549], [101.614421, 3.0724]]]}}, {"type": "Feature", "properties": {}, "geometry": {"type": "Polygon", "coordinates": [[[101.614311, 3.072401], [101.61425, 3.072416], [101.61425, 3.072564], [101.614305, 3.072564], [101.614367, 3.072549], [101.614366, 3.072401], [101.614311, 3.072401]]]}}, {"type": "Feature", "properties": {}, "geometry": {"type": "Polygon", "coordinates": [[[101.614311, 3.072401], [101.614256, 3.072401], [101.614195, 3.072416], [101.614195, 3.072564], [101.61425, 3.072564], [101.614311, 3.072549], [101.614311, 3.072401]]]}}, {"type": "Feature", "properties": {}, "geometry": {"type": "Polygon", "coordinates": [[[101.614256, 3.072401], [101.614201, 3.072401], [101.61414, 3.072416], [101.61414, 3.072564], [101.614195, 3.072564], [101.614256, 3.072549], [101.614256, 3.072401]]]}}, {"type": "Feature", "properties": {}, "geometry": {"type": "Polygon", "coordinates": [[[101.614201, 3.072401], [101.614146, 3.072401], [101.614085, 3.072416], [101.614085, 3.072564], [101.61414, 3.072564], [101.614201, 3.072549], [101.614201, 3.072401]]]}}, {"type": "Feature", "properties": {}, "geometry": {"type": "Polygon", "coordinates": [[[101.614146, 3.072401], [101.614091, 3.072401], [101.61403, 3.072416], [101.61403, 3.072564], [101.614085, 3.072564], [101.614146, 3.072549], [101.614146, 3.072401]]]}}, {"type": "Feature", "properties": {}, "geometry": {"type": "Polygon", "coordinates": [[[101.614091, 3.072401], [101.614036, 3.072401], [101.613974, 3.072417], [101.613975, 3.072564], [101.61403, 3.072564], [101.614091, 3.072549], [101.614091, 3.072401]]]}}, {"type": "Feature", "properties": {}, "geometry": {"type": "Polygon", "coordinates": [[[101.614036, 3.072401], [101.613981, 3.072401], [101.613919, 3.072417], [101.61392, 3.072565], [101.613975, 3.072564], [101.614036, 3.072549], [101.614036, 3.072401]]]}}, {"type": "Feature", "properties": {}, "geometry": {"type": "Polygon", "coordinates": [[[101.613982, 3.072066], [101.613927, 3.072067], [101.613866, 3.072082], [101.613866, 3.072226], [101.61392, 3.072226], [101.613982, 3.072211], [101.613982, 3.072066]]]}}, {"type": "Feature", "properties": {}, "geometry": {"type": "Polygon", "coordinates": [[[101.614036, 3.072066], [101.613982, 3.072066], [101.61392, 3.072082], [101.61392, 3.072226], [101.613975, 3.072226], [101.614036, 3.07221], [101.614036, 3.072066]]]}}, {"type": "Feature", "properties": {}, "geometry": {"type": "Polygon", "coordinates": [[[101.614091, 3.072066], [101.614036, 3.072066], [101.613975, 3.072082], [101.613975, 3.072226], [101.61403, 3.072226], [101.614091, 3.07221], [101.614091, 3.072066]]]}}, {"type": "Feature", "properties": {}, "geometry": {"type": "Polygon", "coordinates": [[[101.614145, 3.072066], [101.614091, 3.072066], [101.614029, 3.072082], [101.61403, 3.072226], [101.614084, 3.072226], [101.614146, 3.07221], [101.614145, 3.072066]]]}}, {"type": "Feature", "properties": {}, "geometry": {"type": "Polygon", "coordinates": [[[101.6142, 3.072066], [101.614145, 3.072066], [101.614084, 3.072082], [101.614084, 3.072226], [101.614139, 3.072226], [101.6142, 3.07221], [101.6142, 3.072066]]]}}, {"type": "Feature", "properties": {}, "geometry": {"type": "Polygon", "coordinates": [[[101.6142, 3.072066], [101.614139, 3.072081], [101.614139, 3.072226], [101.614193, 3.072226], [101.614255, 3.07221], [101.614255, 3.072066], [101.6142, 3.072066]]]}}, {"type": "Feature", "properties": {}, "geometry": {"type": "Polygon", "coordinates": [[[101.614309, 3.072066], [101.614255, 3.072066], [101.614193, 3.072081], [101.614193, 3.072226], [101.614248, 3.072226], [101.614309, 3.07221], [101.614309, 3.072066]]]}}, {"type": "Feature", "properties": {}, "geometry": {"type": "Polygon", "coordinates": [[[101.614364, 3.072066], [101.614309, 3.072066], [101.614248, 3.072081], [101.614248, 3.072226], [101.614303, 3.072225], [101.614364, 3.07221], [101.614364, 3.072066]]]}}, {"type": "Feature", "properties": {}, "geometry": {"type": "Polygon", "coordinates": [[[101.614418, 3.072066], [101.614364, 3.072066], [101.614302, 3.072081], [101.614303, 3.072225], [101.614357, 3.072225], [101.614419, 3.07221], [101.614418, 3.072066]]]}}, {"type": "Feature", "properties": {}, "geometry": {"type": "Polygon", "coordinates": [[[101.614473, 3.072066], [101.614418, 3.072066], [101.614357, 3.072081], [101.614357, 3.072225], [101.614412, 3.072225], [101.614473, 3.07221], [101.614473, 3.072066]]]}}, {"type": "Feature", "properties": {}, "geometry": {"type": "Polygon", "coordinates": [[[101.614473, 3.072066], [101.614412, 3.072081], [101.614412, 3.072225], [101.614467, 3.072225], [101.614528, 3.07221], [101.614528, 3.072066], [101.614473, 3.072066]]]}}, {"type": "Feature", "properties": {}, "geometry": {"type": "Polygon", "coordinates": [[[101.614582, 3.072066], [101.614528, 3.072066], [101.614466, 3.072081], [101.614467, 3.072225], [101.614521, 3.072225], [101.614582, 3.07221], [101.614582, 3.072066]]]}}, {"type": "Feature", "properties": {}, "geometry": {"type": "Polygon", "coordinates": [[[101.614637, 3.072065], [101.614582, 3.072066], [101.614521, 3.072081], [101.614521, 3.072225], [101.614576, 3.072225], [101.614637, 3.07221], [101.614637, 3.072065]]]}}, {"type": "Feature", "properties": {}, "geometry": {"type": "Polygon", "coordinates": [[[101.614695, 3.071894], [101.61464, 3.071894], [101.614579, 3.071909], [101.614579, 3.072061], [101.614634, 3.072061], [101.614696, 3.072046], [101.614695, 3.071894]]]}}, {"type": "Feature", "properties": {}, "geometry": {"type": "Polygon", "coordinates": [[[101.614585, 3.071894], [101.614524, 3.071909], [101.614524, 3.072062], [101.614579, 3.072061], [101.61464, 3.072046], [101.61464, 3.071894], [101.614585, 3.071894]]]}}, {"type": "Feature", "properties": {}, "geometry": {"type": "Polygon", "coordinates": [[[101.614585, 3.071894], [101.61453, 3.071894], [101.614469, 3.07191], [101.614469, 3.072062], [101.614524, 3.072062], [101.614585, 3.072046], [101.614585, 3.071894]]]}}, {"type": "Feature", "properties": {}, "geometry": {"type": "Polygon", "coordinates": [[[101.61453, 3.071894], [101.614475, 3.071894], [101.614413, 3.07191], [101.614414, 3.072062], [101.614469, 3.072062], [101.61453, 3.072046], [101.61453, 3.071894]]]}}, {"type": "Feature", "properties": {}, "geometry": {"type": "Polygon", "coordinates": [[[101.614475, 3.071894], [101.61442, 3.071894], [101.614358, 3.07191], [101.614358, 3.072062], [101.614414, 3.072062], [101.614475, 3.072046], [101.614475, 3.071894]]]}}, {"type": "Feature", "properties": {}, "geometry": {"type": "Polygon", "coordinates": [[[101.614364, 3.071894], [101.614303, 3.07191], [101.614303, 3.072062], [101.614358, 3.072062], [101.61442, 3.072046], [101.61442, 3.071894], [101.614364, 3.071894]]]}}, {"type": "Feature", "properties": {}, "geometry": {"type": "Polygon", "coordinates": [[[101.614364, 3.071894], [101.614309, 3.071894], [101.614248, 3.07191], [101.614248, 3.072062], [101.614303, 3.072062], [101.614365, 3.072046], [101.614364, 3.071894]]]}}, {"type": "Feature", "properties": {}, "geometry": {"type": "Polygon", "coordinates": [[[101.614309, 3.071894], [101.614254, 3.071895], [101.614193, 3.07191], [101.614193, 3.072062], [101.614248, 3.072062], [101.614309, 3.072047], [101.614309, 3.071894]]]}}, {"type": "Feature", "properties": {}, "geometry": {"type": "Polygon", "coordinates": [[[101.614254, 3.071895], [101.614199, 3.071895], [101.614137, 3.07191], [101.614138, 3.072062], [101.614193, 3.072062], [101.614254, 3.072047], [101.614254, 3.071895]]]}}, {"type": "Feature", "properties": {}, "geometry": {"type": "Polygon", "coordinates": [[[101.614144, 3.071895], [101.614082, 3.07191], [101.614082, 3.072062], [101.614138, 3.072062], [101.614199, 3.072047], [101.614199, 3.071895], [101.614144, 3.071895]]]}}, {"type": "Feature", "properties": {}, "geometry": {"type": "Polygon", "coordinates": [[[101.614144, 3.071895], [101.614088, 3.071895], [101.614027, 3.07191], [101.614027, 3.072062], [101.614082, 3.072062], [101.614144, 3.072047], [101.614144, 3.071895]]]}}, {"type": "Feature", "properties": {}, "geometry": {"type": "Polygon", "coordinates": [[[101.614088, 3.071895], [101.614033, 3.071895], [101.613972, 3.07191], [101.613972, 3.072062], [101.614027, 3.072062], [101.614089, 3.072047], [101.614088, 3.071895]]]}}, {"type": "Feature", "properties": {}, "geometry": {"type": "Polygon", "coordinates": [[[101.614033, 3.071895], [101.613978, 3.071895], [101.613917, 3.07191], [101.613917, 3.072062], [101.613972, 3.072062], [101.614034, 3.072047], [101.614033, 3.071895]]]}}, {"type": "Feature", "properties": {}, "geometry": {"type": "Polygon", "coordinates": [[[101.614646, 3.071573], [101.614584, 3.071588], [101.614583, 3.071726], [101.614639, 3.071726], [101.614701, 3.07171], [101.614701, 3.071573], [101.614646, 3.071573]]]}}, {"type": "Feature", "properties": {}, "geometry": {"type": "Polygon", "coordinates": [[[101.61459, 3.071572], [101.614528, 3.071588], [101.614528, 3.071725], [101.614583, 3.071726], [101.614645, 3.07171], [101.614646, 3.071573], [101.61459, 3.071572]]]}}, {"type": "Feature", "properties": {}, "geometry": {"type": "Polygon", "coordinates": [[[101.614534, 3.071572], [101.614473, 3.071588], [101.614472, 3.071725], [101.614528, 3.071725], [101.614589, 3.07171], [101.61459, 3.071572], [101.614534, 3.071572]]]}}, {"type": "Feature", "properties": {}, "geometry": {"type": "Polygon", "coordinates": [[[101.614478, 3.071572], [101.614417, 3.071587], [101.614416, 3.071725], [101.614472, 3.071725], [101.614533, 3.07171], [101.614534, 3.071572], [101.614478, 3.071572]]]}}, {"type": "Feature", "properties": {}, "geometry": {"type": "Polygon", "coordinates": [[[101.614422, 3.071571], [101.614361, 3.071587], [101.61436, 3.071724], [101.614416, 3.071725], [101.614477, 3.071709], [101.614478, 3.071572], [101.614422, 3.071571]]]}}, {"type": "Feature", "properties": {}, "geometry": {"type": "Polygon", "coordinates": [[[101.614366, 3.071571], [101.614305, 3.071587], [101.614304, 3.071724], [101.61436, 3.071724], [101.614421, 3.071709], [101.614422, 3.071571], [101.614366, 3.071571]]]}}, {"type": "Feature", "properties": {}, "geometry": {"type": "Polygon", "coordinates": [[[101.614311, 3.071571], [101.614249, 3.071586], [101.614248, 3.071724], [101.614304, 3.071724], [101.614366, 3.071709], [101.614366, 3.071571], [101.614311, 3.071571]]]}}, {"type": "Feature", "properties": {}, "geometry": {"type": "Polygon", "coordinates": [[[101.614255, 3.071571], [101.614193, 3.071586], [101.614193, 3.071723], [101.614248, 3.071724], [101.61431, 3.071708], [101.614311, 3.071571], [101.614255, 3.071571]]]}}, {"type": "Feature", "properties": {}, "geometry": {"type": "Polygon", "coordinates": [[[101.614199, 3.07157], [101.614137, 3.071586], [101.614137, 3.071723], [101.614193, 3.071723], [101.614254, 3.071708], [101.614255, 3.071571], [101.614199, 3.07157]]]}}, {"type": "Feature", "properties": {}, "geometry": {"type": "Polygon", "coordinates": [[[101.614143, 3.07157], [101.614082, 3.071585], [101.614081, 3.071723], [101.614137, 3.071723], [101.614198, 3.071708], [101.614199, 3.07157], [101.614143, 3.07157]]]}}, {"type": "Feature", "properties": {}, "geometry": {"type": "Polygon", "coordinates": [[[101.614087, 3.07157], [101.614026, 3.071585], [101.614025, 3.071722], [101.614081, 3.071723], [101.614142, 3.071707], [101.614143, 3.07157], [101.614087, 3.07157]]]}}, {"type": "Feature", "properties": {}, "geometry": {"type": "Polygon", "coordinates": [[[101.614031, 3.071569], [101.61397, 3.071585], [101.613969, 3.071722], [101.614025, 3.071722], [101.614086, 3.071707], [101.614087, 3.07157], [101.614031, 3.071569]]]}}, {"type": "Feature", "properties": {}, "geometry": {"type": "Polygon", "coordinates": [[[101.613975, 3.071569], [101.613914, 3.071584], [101.613913, 3.071722], [101.613969, 3.071722], [101.61403, 3.071707], [101.614031, 3.071569], [101.613975, 3.071569]]]}}, {"type": "Feature", "properties": {}, "geometry": {"type": "Polygon", "coordinates": [[[101.61464, 3.071409], [101.614579, 3.071424], [101.614579, 3.071561], [101.614634, 3.071561], [101.614696, 3.071545], [101.614695, 3.071409], [101.61464, 3.071409]]]}}, {"type": "Feature", "properties": {}, "geometry": {"type": "Polygon", "coordinates": [[[101.61464, 3.071409], [101.614585, 3.071409], [101.614524, 3.071425], [101.614524, 3.071561], [101.614579, 3.071561], [101.61464, 3.071545], [101.61464, 3.071409]]]}}, {"type": "Feature", "properties": {}, "geometry": {"type": "Polygon", "coordinates": [[[101.614585, 3.071409], [101.61453, 3.071409], [101.614469, 3.071425], [101.614469, 3.071561], [101.614524, 3.071561], [101.614585, 3.071545], [101.614585, 3.071409]]]}}, {"type": "Feature", "properties": {}, "geometry": {"type": "Polygon", "coordinates": [[[101.61453, 3.071409], [101.614475, 3.071409], [101.614413, 3.071425], [101.614414, 3.071561], [101.614469, 3.071561], [101.61453, 3.071545], [101.61453, 3.071409]]]}}, {"type": "Feature", "properties": {}, "geometry": {"type": "Polygon", "coordinates": [[[101.614475, 3.071409], [101.61442, 3.071409], [101.614358, 3.071425], [101.614358, 3.071561], [101.614414, 3.071561], [101.614475, 3.071546], [101.614475, 3.071409]]]}}, {"type": "Feature", "properties": {}, "geometry": {"type": "Polygon", "coordinates": [[[101.61442, 3.071409], [101.614364, 3.071409], [101.614303, 3.071425], [101.614303, 3.071561], [101.614358, 3.071561], [101.61442, 3.071546], [101.61442, 3.071409]]]}}, {"type": "Feature", "properties": {}, "geometry": {"type": "Polygon", "coordinates": [[[101.614309, 3.071409], [101.614248, 3.071425], [101.614248, 3.071561], [101.614303, 3.071561], [101.614365, 3.071546], [101.614364, 3.071409], [101.614309, 3.071409]]]}}, {"type": "Feature", "properties": {}, "geometry": {"type": "Polygon", "coordinates": [[[101.614309, 3.071409], [101.614254, 3.07141], [101.614193, 3.071425], [101.614193, 3.071561], [101.614248, 3.071561], [101.614309, 3.071546], [101.614309, 3.071409]]]}}, {"type": "Feature", "properties": {}, "geometry": {"type": "Polygon", "coordinates": [[[101.614254, 3.07141], [101.614199, 3.07141], [101.614137, 3.071425], [101.614138, 3.071561], [101.614193, 3.071561], [101.614254, 3.071546], [101.614254, 3.07141]]]}}, {"type": "Feature", "properties": {}, "geometry": {"type": "Polygon", "coordinates": [[[101.614199, 3.07141], [101.614144, 3.07141], [101.614082, 3.071425], [101.614083, 3.071562], [101.614138, 3.071561], [101.614199, 3.071546], [101.614199, 3.07141]]]}}, {"type": "Feature", "properties": {}, "geometry": {"type": "Polygon", "coordinates": [[[101.614144, 3.07141], [101.614089, 3.07141], [101.614027, 3.071425], [101.614027, 3.071562], [101.614083, 3.071562], [101.614144, 3.071546], [101.614144, 3.07141]]]}}, {"type": "Feature", "properties": {}, "geometry": {"type": "Polygon", "coordinates": [[[101.614089, 3.07141], [101.614033, 3.07141], [101.613972, 3.071425], [101.613972, 3.071562], [101.614027, 3.071562], [101.614089, 3.071546], [101.614089, 3.07141]]]}}, {"type": "Feature", "properties": {}, "geometry": {"type": "Polygon", "coordinates": [[[101.613978, 3.07141], [101.613917, 3.071425], [101.613917, 3.071562], [101.613972, 3.071562], [101.614034, 3.071546], [101.614033, 3.07141], [101.613978, 3.07141]]]}}, {"type": "Feature", "properties": {}, "geometry": {"type": "Polygon", "coordinates": [[[101.613979, 3.071076], [101.613924, 3.071077], [101.613863, 3.071092], [101.613863, 3.071239], [101.613918, 3.071239], [101.61398, 3.071223], [101.613979, 3.071076]]]}}, {"type": "Feature", "properties": {}, "geometry": {"type": "Polygon", "coordinates": [[[101.614035, 3.071076], [101.613979, 3.071076], [101.613918, 3.071092], [101.613918, 3.071239], [101.613974, 3.071239], [101.614035, 3.071223], [101.614035, 3.071076]]]}}, {"type": "Feature", "properties": {}, "geometry": {"type": "Polygon", "coordinates": [[[101.61409, 3.071076], [101.614035, 3.071076], [101.613973, 3.071092], [101.613974, 3.071239], [101.614029, 3.071239], [101.61409, 3.071223], [101.61409, 3.071076]]]}}, {"type": "Feature", "properties": {}, "geometry": {"type": "Polygon", "coordinates": [[[101.614145, 3.071076], [101.61409, 3.071076], [101.614029, 3.071092], [101.614029, 3.071239], [101.614084, 3.071239], [101.614145, 3.071223], [101.614145, 3.071076]]]}}, {"type": "Feature", "properties": {}, "geometry": {"type": "Polygon", "coordinates": [[[101.614145, 3.071076], [101.614084, 3.071092], [101.614084, 3.071239], [101.614139, 3.071239], [101.6142, 3.071223], [101.6142, 3.071076], [101.614145, 3.071076]]]}}, {"type": "Feature", "properties": {}, "geometry": {"type": "Polygon", "coordinates": [[[101.614255, 3.071076], [101.6142, 3.071076], [101.614139, 3.071092], [101.614139, 3.071239], [101.614194, 3.071239], [101.614256, 3.071223], [101.614255, 3.071076]]]}}, {"type": "Feature", "properties": {}, "geometry": {"type": "Polygon", "coordinates": [[[101.614311, 3.071076], [101.614255, 3.071076], [101.614194, 3.071092], [101.614194, 3.071239], [101.614249, 3.071238], [101.614311, 3.071223], [101.614311, 3.071076]]]}}, {"type": "Feature", "properties": {}, "geometry": {"type": "Polygon", "coordinates": [[[101.614366, 3.071076], [101.614311, 3.071076], [101.614249, 3.071091], [101.614249, 3.071238], [101.614305, 3.071238], [101.614366, 3.071223], [101.614366, 3.071076]]]}}, {"type": "Feature", "properties": {}, "geometry": {"type": "Polygon", "coordinates": [[[101.614421, 3.071076], [101.614366, 3.071076], [101.614304, 3.071091], [101.614305, 3.071238], [101.61436, 3.071238], [101.614421, 3.071223], [101.614421, 3.071076]]]}}, {"type": "Feature", "properties": {}, "geometry": {"type": "Polygon", "coordinates": [[[101.614476, 3.071076], [101.614421, 3.071076], [101.61436, 3.071091], [101.61436, 3.071238], [101.614415, 3.071238], [101.614476, 3.071223], [101.614476, 3.071076]]]}}, {"type": "Feature", "properties": {}, "geometry": {"type": "Polygon", "coordinates": [[[101.614476, 3.071076], [101.614415, 3.071091], [101.614415, 3.071238], [101.61447, 3.071238], [101.614531, 3.071223], [101.614531, 3.071076], [101.614476, 3.071076]]]}}, {"type": "Feature", "properties": {}, "geometry": {"type": "Polygon", "coordinates": [[[101.614586, 3.071076], [101.614531, 3.071076], [101.61447, 3.071091], [101.61447, 3.071238], [101.614525, 3.071238], [101.614587, 3.071223], [101.614586, 3.071076]]]}}, {"type": "Feature", "properties": {}, "geometry": {"type": "Polygon", "coordinates": [[[101.614642, 3.071075], [101.614586, 3.071076], [101.614525, 3.071091], [101.614525, 3.071238], [101.614581, 3.071238], [101.614642, 3.071222], [101.614642, 3.071075]]]}}, {"type": "Feature", "properties": {}, "geometry": {"type": "Polygon", "coordinates": [[[101.614701, 3.07091], [101.614645, 3.070911], [101.614584, 3.070926], [101.614584, 3.071062], [101.61464, 3.071062], [101.614701, 3.071046], [101.614701, 3.07091]]]}}, {"type": "Feature", "properties": {}, "geometry": {"type": "Polygon", "coordinates": [[[101.614589, 3.070911], [101.614528, 3.070926], [101.614528, 3.071062], [101.614584, 3.071062], [101.614645, 3.071046], [101.614645, 3.070911], [101.614589, 3.070911]]]}}, {"type": "Feature", "properties": {}, "geometry": {"type": "Polygon", "coordinates": [[[101.614589, 3.070911], [101.614534, 3.070911], [101.614473, 3.070926], [101.614473, 3.071062], [101.614528, 3.071062], [101.61459, 3.071047], [101.614589, 3.070911]]]}}, {"type": "Feature", "properties": {}, "geometry": {"type": "Polygon", "coordinates": [[[101.614534, 3.070911], [101.614478, 3.070911], [101.614417, 3.070926], [101.614417, 3.071062], [101.614473, 3.071062], [101.614534, 3.071047], [101.614534, 3.070911]]]}}, {"type": "Feature", "properties": {}, "geometry": {"type": "Polygon", "coordinates": [[[101.614478, 3.070911], [101.614423, 3.070911], [101.614361, 3.070926], [101.614361, 3.071062], [101.614417, 3.071062], [101.614478, 3.071047], [101.614478, 3.070911]]]}}, {"type": "Feature", "properties": {}, "geometry": {"type": "Polygon", "coordinates": [[[101.614423, 3.070911], [101.614367, 3.070911], [101.614306, 3.070926], [101.614306, 3.071062], [101.614361, 3.071062], [101.614423, 3.071047], [101.614423, 3.070911]]]}}, {"type": "Feature", "properties": {}, "geometry": {"type": "Polygon", "coordinates": [[[101.614367, 3.070911], [101.614311, 3.070911], [101.61425, 3.070927], [101.61425, 3.071062], [101.614306, 3.071062], [101.614367, 3.071047], [101.614367, 3.070911]]]}}, {"type": "Feature", "properties": {}, "geometry": {"type": "Polygon", "coordinates": [[[101.614256, 3.070911], [101.614194, 3.070927], [101.614194, 3.071063], [101.61425, 3.071062], [101.614311, 3.071047], [101.614311, 3.070911], [101.614256, 3.070911]]]}}, {"type": "Feature", "properties": {}, "geometry": {"type": "Polygon", "coordinates": [[[101.614256, 3.070911], [101.6142, 3.070911], [101.614139, 3.070927], [101.614139, 3.071063], [101.614194, 3.071063], [101.614256, 3.071047], [101.614256, 3.070911]]]}}, {"type": "Feature", "properties": {}, "geometry": {"type": "Polygon", "coordinates": [[[101.6142, 3.070911], [101.614144, 3.070911], [101.614083, 3.070927], [101.614083, 3.071063], [101.614139, 3.071063], [101.6142, 3.071047], [101.6142, 3.070911]]]}}, {"type": "Feature", "properties": {}, "geometry": {"type": "Polygon", "coordinates": [[[101.614144, 3.070911], [101.614089, 3.070911], [101.614027, 3.070927], [101.614028, 3.071063], [101.614083, 3.071063], [101.614144, 3.071047], [101.614144, 3.070911]]]}}, {"type": "Feature", "properties": {}, "geometry": {"type": "Polygon", "coordinates": [[[101.614089, 3.070911], [101.614033, 3.070911], [101.613972, 3.070927], [101.613972, 3.071063], [101.614028, 3.071063], [101.614089, 3.071047], [101.614089, 3.070911]]]}}, {"type": "Feature", "properties": {}, "geometry": {"type": "Polygon", "coordinates": [[[101.613977, 3.070911], [101.613916, 3.070927], [101.613916, 3.071063], [101.613972, 3.071063], [101.614033, 3.071047], [101.614033, 3.070911], [101.613977, 3.070911]]]}}, {"type": "Feature", "properties": {}, "geometry": {"type": "Polygon", "coordinates": [[[101.6151, 3.070319], [101.615045, 3.070319], [101.614984, 3.070335], [101.614986, 3.07047], [101.615041, 3.070469], [101.615102, 3.070453], [101.6151, 3.070319]]]}}, {"type": "Feature", "properties": {}, "geometry": {"type": "Polygon", "coordinates": [[[101.615045, 3.070319], [101.61499, 3.07032], [101.614929, 3.070336], [101.614931, 3.07047], [101.614986, 3.07047], [101.615047, 3.070454], [101.615045, 3.070319]]]}}, {"type": "Feature", "properties": {}, "geometry": {"type": "Polygon", "coordinates": [[[101.614937, 3.069979], [101.614875, 3.069995], [101.614874, 3.070131], [101.614929, 3.070132], [101.61499, 3.070116], [101.614992, 3.06998], [101.614937, 3.069979]]]}}, {"type": "Feature", "properties": {}, "geometry": {"type": "Polygon", "coordinates": [[[101.614992, 3.06998], [101.61493, 3.069995], [101.614929, 3.070132], [101.614983, 3.070132], [101.615045, 3.070117], [101.615046, 3.06998], [101.614992, 3.06998]]]}}, {"type": "Feature", "properties": {}, "geometry": {"type": "Polygon", "coordinates": [[[101.615046, 3.06998], [101.614985, 3.069996], [101.614983, 3.070132], [101.615038, 3.070133], [101.6151, 3.070118], [101.615101, 3.069981], [101.615046, 3.06998]]]}}, {"type": "Feature", "properties": {}, "geometry": {"type": "Polygon", "coordinates": [[[101.615052, 3.069824], [101.614991, 3.069839], [101.614991, 3.069976], [101.615044, 3.069976], [101.615106, 3.06996], [101.615106, 3.069824], [101.615052, 3.069824]]]}}, {"type": "Feature", "properties": {}, "geometry": {"type": "Polygon", "coordinates": [[[101.614998, 3.069824], [101.614936, 3.069839], [101.614936, 3.069976], [101.614991, 3.069976], [101.615052, 3.06996], [101.615052, 3.069824], [101.614998, 3.069824]]]}}, {"type": "Feature", "properties": {}, "geometry": {"type": "Polygon", "coordinates": [[[101.614935, 3.069487], [101.614873, 3.069502], [101.614873, 3.069639], [101.614928, 3.069639], [101.614989, 3.069624], [101.61499, 3.069487], [101.614935, 3.069487]]]}}, {"type": "Feature", "properties": {}, "geometry": {"type": "Polygon", "coordinates": [[[101.61499, 3.069487], [101.614928, 3.069503], [101.614928, 3.069639], [101.614983, 3.069639], [101.615044, 3.069624], [101.615044, 3.069487], [101.61499, 3.069487]]]}}, {"type": "Feature", "properties": {}, "geometry": {"type": "Polygon", "coordinates": [[[101.615044, 3.069487], [101.614983, 3.069503], [101.614983, 3.069639], [101.615037, 3.069639], [101.615099, 3.069624], [101.615099, 3.069487], [101.615044, 3.069487]]]}}, {"type": "Feature", "properties": {}, "geometry": {"type": "Polygon", "coordinates": [[[101.615098, 3.069325], [101.615043, 3.069325], [101.614982, 3.06934], [101.614982, 3.069483], [101.615037, 3.069483], [101.615099, 3.069467], [101.615098, 3.069325]]]}}, {"type": "Feature", "properties": {}, "geometry": {"type": "Polygon", "coordinates": [[[101.615043, 3.069325], [101.614989, 3.069325], [101.614927, 3.069341], [101.614928, 3.069483], [101.614982, 3.069483], [101.615044, 3.069467], [101.615043, 3.069325]]]}}, {"type": "Feature", "properties": {}, "geometry": {"type": "Polygon", "coordinates": [[[101.614934, 3.068989], [101.614872, 3.069005], [101.614871, 3.06913], [101.614926, 3.06913], [101.614988, 3.069115], [101.614989, 3.06899], [101.614934, 3.068989]]]}}, {"type": "Feature", "properties": {}, "geometry": {"type": "Polygon", "coordinates": [[[101.614989, 3.06899], [101.614927, 3.069005], [101.614926, 3.06913], [101.614981, 3.06913], [101.615043, 3.069115], [101.615044, 3.06899], [101.614989, 3.06899]]]}}, {"type": "Feature", "properties": {}, "geometry": {"type": "Polygon", "coordinates": [[[101.615044, 3.06899], [101.614982, 3.069005], [101.614981, 3.06913], [101.615036, 3.069131], [101.615098, 3.069115], [101.615099, 3.06899], [101.615044, 3.06899]]]}}, {"type": "Feature", "properties": {}, "geometry": {"type": "Polygon", "coordinates": [[[101.614976, 3.068496], [101.614897, 3.068497], [101.614836, 3.068512], [101.614837, 3.068663], [101.614916, 3.068662], [101.614977, 3.068647], [101.614976, 3.068496]]]}}, {"type": "Feature", "properties": {}, "geometry": {"type": "Polygon", "coordinates": [[[101.615031, 3.068496], [101.614976, 3.068496], [101.614915, 3.068512], [101.614916, 3.068662], [101.614971, 3.068662], [101.615032, 3.068647], [101.615031, 3.068496]]]}}, {"type": "Feature", "properties": {}, "geometry": {"type": "Polygon", "coordinates": [[[101.615086, 3.068496], [101.615031, 3.068496], [101.61497, 3.068512], [101.614971, 3.068662], [101.615026, 3.068662], [101.615087, 3.068646], [101.615086, 3.068496]]]}}, {"type": "Feature", "properties": {}, "geometry": {"type": "Polygon", "coordinates": [[[101.615037, 3.068314], [101.614975, 3.06833], [101.614975, 3.068485], [101.615029, 3.068485], [101.615091, 3.06847], [101.615092, 3.068315], [101.615037, 3.068314]]]}}, {"type": "Feature", "properties": {}, "geometry": {"type": "Polygon", "coordinates": [[[101.614982, 3.068314], [101.614921, 3.068329], [101.61492, 3.068485], [101.614975, 3.068485], [101.615036, 3.06847], [101.615037, 3.068314], [101.614982, 3.068314]]]}}, {"type": "Feature", "properties": {}, "geometry": {"type": "Polygon", "coordinates": [[[101.614926, 3.067992], [101.614864, 3.068007], [101.614863, 3.068158], [101.614918, 3.068159], [101.614979, 3.068143], [101.614981, 3.067992], [101.614926, 3.067992]]]}}, {"type": "Feature", "properties": {}, "geometry": {"type": "Polygon", "coordinates": [[[101.614981, 3.067992], [101.614919, 3.068008], [101.614918, 3.068159], [101.614972, 3.068159], [101.615034, 3.068144], [101.615035, 3.067993], [101.614981, 3.067992]]]}}, {"type": "Feature", "properties": {}, "geometry": {"type": "Polygon", "coordinates": [[[101.615035, 3.067993], [101.614974, 3.068008], [101.614972, 3.068159], [101.615027, 3.06816], [101.615089, 3.068144], [101.61509, 3.067993], [101.615035, 3.067993]]]}}, {"type": "Feature", "properties": {}, "geometry": {"type": "Polygon", "coordinates": [[[101.615034, 3.067821], [101.614973, 3.067836], [101.614973, 3.067986], [101.615027, 3.067986], [101.615089, 3.067971], [101.615089, 3.067821], [101.615034, 3.067821]]]}}, {"type": "Feature", "properties": {}, "geometry": {"type": "Polygon", "coordinates": [[[101.61498, 3.067821], [101.614919, 3.067836], [101.614918, 3.067986], [101.614973, 3.067986], [101.615034, 3.067971], [101.615034, 3.067821], [101.61498, 3.067821]]]}}, {"type": "Feature", "properties": {}, "geometry": {"type": "Polygon", "coordinates": [[[101.614638, 3.06949], [101.614577, 3.069505], [101.614576, 3.069638], [101.614631, 3.069638], [101.614693, 3.069623], [101.614694, 3.069491], [101.614638, 3.06949]]]}}, {"type": "Feature", "properties": {}, "geometry": {"type": "Polygon", "coordinates": [[[101.614583, 3.069489], [101.614522, 3.069505], [101.61452, 3.069637], [101.614576, 3.069638], [101.614637, 3.069622], [101.614638, 3.06949], [101.614583, 3.069489]]]}}, {"type": "Feature", "properties": {}, "geometry": {"type": "Polygon", "coordinates": [[[101.614528, 3.069489], [101.614466, 3.069504], [101.614465, 3.069637], [101.61452, 3.069637], [101.614582, 3.069622], [101.614583, 3.069489], [101.614528, 3.069489]]]}}, {"type": "Feature", "properties": {}, "geometry": {"type": "Polygon", "coordinates": [[[101.614472, 3.069488], [101.614411, 3.069504], [101.61441, 3.069636], [101.614465, 3.069637], [101.614526, 3.069621], [101.614528, 3.069489], [101.614472, 3.069488]]]}}, {"type": "Feature", "properties": {}, "geometry": {"type": "Polygon", "coordinates": [[[101.614417, 3.069488], [101.614356, 3.069503], [101.614354, 3.069635], [101.61441, 3.069636], [101.614471, 3.069621], [101.614472, 3.069488], [101.614417, 3.069488]]]}}, {"type": "Feature", "properties": {}, "geometry": {"type": "Polygon", "coordinates": [[[101.614362, 3.069487], [101.6143, 3.069503], [101.614299, 3.069635], [101.614354, 3.069635], [101.614416, 3.06962], [101.614417, 3.069488], [101.614362, 3.069487]]]}}, {"type": "Feature", "properties": {}, "geometry": {"type": "Polygon", "coordinates": [[[101.614306, 3.069487], [101.614245, 3.069502], [101.614244, 3.069634], [101.614299, 3.069635], [101.61436, 3.069619], [101.614362, 3.069487], [101.614306, 3.069487]]]}}, {"type": "Feature", "properties": {}, "geometry": {"type": "Polygon", "coordinates": [[[101.614251, 3.069486], [101.614189, 3.069502], [101.614188, 3.069634], [101.614244, 3.069634], [101.614305, 3.069619], [101.614306, 3.069487], [101.614251, 3.069486]]]}}, {"type": "Feature", "properties": {}, "geometry": {"type": "Polygon", "coordinates": [[[101.614195, 3.069486], [101.614134, 3.069501], [101.614133, 3.069633], [101.614188, 3.069634], [101.61425, 3.069618], [101.614251, 3.069486], [101.614195, 3.069486]]]}}, {"type": "Feature", "properties": {}, "geometry": {"type": "Polygon", "coordinates": [[[101.61414, 3.069485], [101.614079, 3.069501], [101.614077, 3.069633], [101.614133, 3.069633], [101.614194, 3.069618], [101.614195, 3.069486], [101.61414, 3.069485]]]}}, {"type": "Feature", "properties": {}, "geometry": {"type": "Polygon", "coordinates": [[[101.614085, 3.069484], [101.614023, 3.0695], [101.614022, 3.069632], [101.614077, 3.069633], [101.614139, 3.069617], [101.61414, 3.069485], [101.614085, 3.069484]]]}}, {"type": "Feature", "properties": {}, "geometry": {"type": "Polygon", "coordinates": [[[101.614029, 3.069484], [101.613968, 3.069499], [101.613967, 3.069631], [101.614022, 3.069632], [101.614083, 3.069617], [101.614085, 3.069484], [101.614029, 3.069484]]]}}, {"type": "Feature", "properties": {}, "geometry": {"type": "Polygon", "coordinates": [[[101.613974, 3.069483], [101.613913, 3.069499], [101.613911, 3.069631], [101.613967, 3.069631], [101.614028, 3.069616], [101.614029, 3.069484], [101.613974, 3.069483]]]}}, {"type": "Feature", "properties": {}, "geometry": {"type": "Polygon", "coordinates": [[[101.614642, 3.06934], [101.614581, 3.069355], [101.61458, 3.069483], [101.614635, 3.069484], [101.614697, 3.069468], [101.614698, 3.06934], [101.614642, 3.06934]]]}}, {"type": "Feature", "properties": {}, "geometry": {"type": "Polygon", "coordinates": [[[101.614587, 3.06934], [101.614526, 3.069355], [101.614525, 3.069483], [101.61458, 3.069483], [101.614641, 3.069468], [101.614642, 3.06934], [101.614587, 3.06934]]]}}, {"type": "Feature", "properties": {}, "geometry": {"type": "Polygon", "coordinates": [[[101.614532, 3.069339], [101.61447, 3.069355], [101.614469, 3.069482], [101.614525, 3.069483], [101.614586, 3.069467], [101.614587, 3.06934], [101.614532, 3.069339]]]}}, {"type": "Feature", "properties": {}, "geometry": {"type": "Polygon", "coordinates": [[[101.614476, 3.069339], [101.614415, 3.069354], [101.614414, 3.069482], [101.614469, 3.069482], [101.614531, 3.069467], [101.614532, 3.069339], [101.614476, 3.069339]]]}}, {"type": "Feature", "properties": {}, "geometry": {"type": "Polygon", "coordinates": [[[101.614421, 3.069339], [101.614359, 3.069354], [101.614358, 3.069482], [101.614414, 3.069482], [101.614475, 3.069467], [101.614476, 3.069339], [101.614421, 3.069339]]]}}, {"type": "Feature", "properties": {}, "geometry": {"type": "Polygon", "coordinates": [[[101.614365, 3.069338], [101.614304, 3.069354], [101.614303, 3.069481], [101.614358, 3.069482], [101.61442, 3.069466], [101.614421, 3.069339], [101.614365, 3.069338]]]}}, {"type": "Feature", "properties": {}, "geometry": {"type": "Polygon", "coordinates": [[[101.61431, 3.069338], [101.614249, 3.069353], [101.614248, 3.069481], [101.614303, 3.069481], [101.614365, 3.069466], [101.614365, 3.069338], [101.61431, 3.069338]]]}}, {"type": "Feature", "properties": {}, "geometry": {"type": "Polygon", "coordinates": [[[101.614255, 3.069337], [101.614193, 3.069353], [101.614192, 3.069481], [101.614248, 3.069481], [101.614309, 3.069466], [101.61431, 3.069338], [101.614255, 3.069337]]]}}, {"type": "Feature", "properties": {}, "geometry": {"type": "Polygon", "coordinates": [[[101.614199, 3.069337], [101.614138, 3.069352], [101.614137, 3.06948], [101.614192, 3.069481], [101.614254, 3.069465], [101.614255, 3.069337], [101.614199, 3.069337]]]}}, {"type": "Feature", "properties": {}, "geometry": {"type": "Polygon", "coordinates": [[[101.614144, 3.069337], [101.614083, 3.069352], [101.614082, 3.06948], [101.614137, 3.06948], [101.614198, 3.069465], [101.614199, 3.069337], [101.614144, 3.069337]]]}}, {"type": "Feature", "properties": {}, "geometry": {"type": "Polygon", "coordinates": [[[101.614089, 3.069336], [101.614027, 3.069352], [101.614026, 3.069479], [101.614082, 3.06948], [101.614143, 3.069464], [101.614144, 3.069337], [101.614089, 3.069336]]]}}, {"type": "Feature", "properties": {}, "geometry": {"type": "Polygon", "coordinates": [[[101.614033, 3.069336], [101.613972, 3.069351], [101.613971, 3.069479], [101.614026, 3.069479], [101.614088, 3.069464], [101.614089, 3.069336], [101.614033, 3.069336]]]}}, {"type": "Feature", "properties": {}, "geometry": {"type": "Polygon", "coordinates": [[[101.613978, 3.069336], [101.613916, 3.069351], [101.613916, 3.069479], [101.613971, 3.069479], [101.614032, 3.069464], [101.614033, 3.069336], [101.613978, 3.069336]]]}}, {"type": "Feature", "properties": {}, "geometry": {"type": "Polygon", "coordinates": [[[101.613918, 3.068991], [101.613857, 3.069007], [101.613856, 3.069137], [101.613911, 3.069137], [101.613972, 3.069122], [101.613973, 3.068992], [101.613918, 3.068991]]]}}, {"type": "Feature", "properties": {}, "geometry": {"type": "Polygon", "coordinates": [[[101.613973, 3.068992], [101.613912, 3.069007], [101.613911, 3.069137], [101.613965, 3.069137], [101.614027, 3.069122], [101.614028, 3.068992], [101.613973, 3.068992]]]}}, {"type": "Feature", "properties": {}, "geometry": {"type": "Polygon", "coordinates": [[[101.614028, 3.068992], [101.613966, 3.069008], [101.613965, 3.069137], [101.61402, 3.069138], [101.614081, 3.069122], [101.614082, 3.068992], [101.614028, 3.068992]]]}}, {"type": "Feature", "properties": {}, "geometry": {"type": "Polygon", "coordinates": [[[101.614082, 3.068992], [101.614021, 3.069008], [101.61402, 3.069138], [101.614075, 3.069138], [101.614136, 3.069123], [101.614137, 3.068993], [101.614082, 3.068992]]]}}, {"type": "Feature", "properties": {}, "geometry": {"type": "Polygon", "coordinates": [[[101.614137, 3.068993], [101.614075, 3.069008], [101.614075, 3.069138], [101.614129, 3.069139], [101.614191, 3.069123], [101.614191, 3.068993], [101.614137, 3.068993]]]}}, {"type": "Feature", "properties": {}, "geometry": {"type": "Polygon", "coordinates": [[[101.614191, 3.068993], [101.61413, 3.069009], [101.614129, 3.069139], [101.614184, 3.069139], [101.614245, 3.069123], [101.614246, 3.068994], [101.614191, 3.068993]]]}}, {"type": "Feature", "properties": {}, "geometry": {"type": "Polygon", "coordinates": [[[101.614246, 3.068994], [101.614185, 3.069009], [101.614184, 3.069139], [101.614238, 3.069139], [101.6143, 3.069124], [101.614301, 3.068994], [101.614246, 3.068994]]]}}, {"type": "Feature", "properties": {}, "geometry": {"type": "Polygon", "coordinates": [[[101.614301, 3.068994], [101.614239, 3.069009], [101.614238, 3.069139], [101.614293, 3.06914], [101.614354, 3.069124], [101.614355, 3.068994], [101.614301, 3.068994]]]}}, {"type": "Feature", "properties": {}, "geometry": {"type": "Polygon", "coordinates": [[[101.614355, 3.068994], [101.614294, 3.06901], [101.614293, 3.06914], [101.614347, 3.06914], [101.614409, 3.069124], [101.61441, 3.068995], [101.614355, 3.068994]]]}}, {"type": "Feature", "properties": {}, "geometry": {"type": "Polygon", "coordinates": [[[101.61441, 3.068995], [101.614348, 3.06901], [101.614347, 3.06914], [101.614402, 3.06914], [101.614463, 3.069125], [101.614464, 3.068995], [101.61441, 3.068995]]]}}, {"type": "Feature", "properties": {}, "geometry": {"type": "Polygon", "coordinates": [[[101.614464, 3.068995], [101.614403, 3.06901], [101.614402, 3.06914], [101.614457, 3.069141], [101.614518, 3.069125], [101.614519, 3.068995], [101.614464, 3.068995]]]}}, {"type": "Feature", "properties": {}, "geometry": {"type": "Polygon", "coordinates": [[[101.614519, 3.068995], [101.614458, 3.069011], [101.614457, 3.069141], [101.614511, 3.069141], [101.614573, 3.069126], [101.614574, 3.068996], [101.614519, 3.068995]]]}}, {"type": "Feature", "properties": {}, "geometry": {"type": "Polygon", "coordinates": [[[101.614574, 3.068996], [101.614512, 3.069011], [101.614511, 3.069141], [101.614566, 3.069141], [101.614627, 3.069126], [101.614628, 3.068996], [101.614574, 3.068996]]]}}, {"type": "Feature", "properties": {}, "geometry": {"type": "Polygon", "coordinates": [[[101.614627, 3.068819], [101.614565, 3.068834], [101.614564, 3.06899], [101.614619, 3.06899], [101.61468, 3.068975], [101.614682, 3.068819], [101.614627, 3.068819]]]}}, {"type": "Feature", "properties": {}, "geometry": {"type": "Polygon", "coordinates": [[[101.614572, 3.068818], [101.614511, 3.068834], [101.614509, 3.068989], [101.614564, 3.06899], [101.614625, 3.068974], [101.614627, 3.068819], [101.614572, 3.068818]]]}}, {"type": "Feature", "properties": {}, "geometry": {"type": "Polygon", "coordinates": [[[101.614517, 3.068817], [101.614456, 3.068833], [101.614454, 3.068988], [101.614509, 3.068989], [101.61457, 3.068974], [101.614572, 3.068818], [101.614517, 3.068817]]]}}, {"type": "Feature", "properties": {}, "geometry": {"type": "Polygon", "coordinates": [[[101.614462, 3.068817], [101.614401, 3.068832], [101.614399, 3.068988], [101.614454, 3.068988], [101.614515, 3.068973], [101.614517, 3.068817], [101.614462, 3.068817]]]}}, {"type": "Feature", "properties": {}, "geometry": {"type": "Polygon", "coordinates": [[[101.614407, 3.068816], [101.614346, 3.068832], [101.614344, 3.068987], [101.614399, 3.068988], [101.614461, 3.068972], [101.614462, 3.068817], [101.614407, 3.068816]]]}}, {"type": "Feature", "properties": {}, "geometry": {"type": "Polygon", "coordinates": [[[101.614352, 3.068816], [101.614291, 3.068831], [101.614289, 3.068987], [101.614344, 3.068987], [101.614406, 3.068972], [101.614407, 3.068816], [101.614352, 3.068816]]]}}, {"type": "Feature", "properties": {}, "geometry": {"type": "Polygon", "coordinates": [[[101.614297, 3.068815], [101.614236, 3.068831], [101.614234, 3.068986], [101.614289, 3.068987], [101.614351, 3.068971], [101.614352, 3.068816], [101.614297, 3.068815]]]}}, {"type": "Feature", "properties": {}, "geometry": {"type": "Polygon", "coordinates": [[[101.614242, 3.068815], [101.614181, 3.06883], [101.614179, 3.068986], [101.614234, 3.068986], [101.614296, 3.068971], [101.614297, 3.068815], [101.614242, 3.068815]]]}}, {"type": "Feature", "properties": {}, "geometry": {"type": "Polygon", "coordinates": [[[101.614187, 3.068814], [101.614126, 3.06883], [101.614124, 3.068985], [101.614179, 3.068986], [101.614241, 3.06897], [101.614242, 3.068815], [101.614187, 3.068814]]]}}, {"type": "Feature", "properties": {}, "geometry": {"type": "Polygon", "coordinates": [[[101.614132, 3.068813], [101.614071, 3.068829], [101.614069, 3.068984], [101.614124, 3.068985], [101.614186, 3.06897], [101.614187, 3.068814], [101.614132, 3.068813]]]}}, {"type": "Feature", "properties": {}, "geometry": {"type": "Polygon", "coordinates": [[[101.614077, 3.068813], [101.614016, 3.068828], [101.614014, 3.068984], [101.614069, 3.068984], [101.614131, 3.068969], [101.614132, 3.068813], [101.614077, 3.068813]]]}}, {"type": "Feature", "properties": {}, "geometry": {"type": "Polygon", "coordinates": [[[101.614023, 3.068812], [101.613961, 3.068828], [101.61396, 3.068983], [101.614014, 3.068984], [101.614076, 3.068968], [101.614077, 3.068813], [101.614023, 3.068812]]]}}, {"type": "Feature", "properties": {}, "geometry": {"type": "Polygon", "coordinates": [[[101.613968, 3.068812], [101.613906, 3.068827], [101.613905, 3.068983], [101.61396, 3.068983], [101.614021, 3.068968], [101.614023, 3.068812], [101.613968, 3.068812]]]}}, {"type": "Feature", "properties": {}, "geometry": {"type": "Polygon", "coordinates": [[[101.613862, 3.068489], [101.6138, 3.068504], [101.613798, 3.068664], [101.6139, 3.068666], [101.613962, 3.06865], [101.613964, 3.06849], [101.613862, 3.068489]]]}}, {"type": "Feature", "properties": {}, "geometry": {"type": "Polygon", "coordinates": [[[101.613964, 3.06849], [101.613902, 3.068505], [101.6139, 3.068666], [101.613956, 3.068666], [101.614017, 3.068651], [101.614019, 3.068491], [101.613964, 3.06849]]]}}, {"type": "Feature", "properties": {}, "geometry": {"type": "Polygon", "coordinates": [[[101.614019, 3.068491], [101.613958, 3.068506], [101.613956, 3.068666], [101.614011, 3.068667], [101.614072, 3.068652], [101.614074, 3.068491], [101.614019, 3.068491]]]}}, {"type": "Feature", "properties": {}, "geometry": {"type": "Polygon", "coordinates": [[[101.614074, 3.068491], [101.614013, 3.068507], [101.614011, 3.068667], [101.614066, 3.068668], [101.614127, 3.068652], [101.614129, 3.068492], [101.614074, 3.068491]]]}}, {"type": "Feature", "properties": {}, "geometry": {"type": "Polygon", "coordinates": [[[101.614129, 3.068492], [101.614068, 3.068507], [101.614066, 3.068668], [101.614121, 3.068668], [101.614182, 3.068653], [101.614184, 3.068493], [101.614129, 3.068492]]]}}, {"type": "Feature", "properties": {}, "geometry": {"type": "Polygon", "coordinates": [[[101.614184, 3.068493], [101.614123, 3.068508], [101.614121, 3.068668], [101.614176, 3.068669], [101.614237, 3.068654], [101.61424, 3.068493], [101.614184, 3.068493]]]}}, {"type": "Feature", "properties": {}, "geometry": {"type": "Polygon", "coordinates": [[[101.61424, 3.068493], [101.614178, 3.068509], [101.614176, 3.068669], [101.614231, 3.06867], [101.614293, 3.068654], [101.614295, 3.068494], [101.61424, 3.068493]]]}}, {"type": "Feature", "properties": {}, "geometry": {"type": "Polygon", "coordinates": [[[101.614295, 3.068494], [101.614233, 3.06851], [101.614231, 3.06867], [101.614286, 3.068671], [101.614348, 3.068655], [101.61435, 3.068495], [101.614295, 3.068494]]]}}, {"type": "Feature", "properties": {}, "geometry": {"type": "Polygon", "coordinates": [[[101.61435, 3.068495], [101.614289, 3.06851], [101.614286, 3.068671], [101.614342, 3.068671], [101.614403, 3.068656], [101.614405, 3.068496], [101.61435, 3.068495]]]}}, {"type": "Feature", "properties": {}, "geometry": {"type": "Polygon", "coordinates": [[[101.614405, 3.068496], [101.614344, 3.068511], [101.614342, 3.068671], [101.614397, 3.068672], [101.614458, 3.068657], [101.61446, 3.068496], [101.614405, 3.068496]]]}}, {"type": "Feature", "properties": {}, "geometry": {"type": "Polygon", "coordinates": [[[101.61446, 3.068496], [101.614399, 3.068512], [101.614397, 3.068672], [101.614452, 3.068673], [101.614513, 3.068657], [101.614515, 3.068497], [101.61446, 3.068496]]]}}, {"type": "Feature", "properties": {}, "geometry": {"type": "Polygon", "coordinates": [[[101.614515, 3.068497], [101.614454, 3.068512], [101.614452, 3.068673], [101.614507, 3.068673], [101.614568, 3.068658], [101.614571, 3.068498], [101.614515, 3.068497]]]}}, {"type": "Feature", "properties": {}, "geometry": {"type": "Polygon", "coordinates": [[[101.614571, 3.068498], [101.614509, 3.068513], [101.614507, 3.068673], [101.614562, 3.068674], [101.614624, 3.068659], [101.614626, 3.068498], [101.614571, 3.068498]]]}}, {"type": "Feature", "properties": {}, "geometry": {"type": "Polygon", "coordinates": [[[101.614627, 3.068325], [101.614565, 3.068341], [101.614564, 3.068492], [101.614619, 3.068492], [101.614681, 3.068476], [101.614682, 3.068325], [101.614627, 3.068325]]]}}, {"type": "Feature", "properties": {}, "geometry": {"type": "Polygon", "coordinates": [[[101.614572, 3.068325], [101.61451, 3.06834], [101.614509, 3.068491], [101.614564, 3.068492], [101.614626, 3.068476], [101.614627, 3.068325], [101.614572, 3.068325]]]}}, {"type": "Feature", "properties": {}, "geometry": {"type": "Polygon", "coordinates": [[[101.614517, 3.068324], [101.614455, 3.06834], [101.614454, 3.068491], [101.614509, 3.068491], [101.614571, 3.068476], [101.614572, 3.068325], [101.614517, 3.068324]]]}}, {"type": "Feature", "properties": {}, "geometry": {"type": "Polygon", "coordinates": [[[101.614462, 3.068324], [101.6144, 3.068339], [101.614399, 3.06849], [101.614454, 3.068491], [101.614516, 3.068475], [101.614517, 3.068324], [101.614462, 3.068324]]]}}, {"type": "Feature", "properties": {}, "geometry": {"type": "Polygon", "coordinates": [[[101.614407, 3.068324], [101.614345, 3.068339], [101.614344, 3.06849], [101.614399, 3.06849], [101.614461, 3.068475], [101.614462, 3.068324], [101.614407, 3.068324]]]}}, {"type": "Feature", "properties": {}, "geometry": {"type": "Polygon", "coordinates": [[[101.614352, 3.068323], [101.61429, 3.068339], [101.614289, 3.06849], [101.614344, 3.06849], [101.614406, 3.068475], [101.614407, 3.068324], [101.614352, 3.068323]]]}}, {"type": "Feature", "properties": {}, "geometry": {"type": "Polygon", "coordinates": [[[101.614297, 3.068323], [101.614235, 3.068338], [101.614234, 3.06849], [101.614289, 3.06849], [101.614351, 3.068474], [101.614352, 3.068323], [101.614297, 3.068323]]]}}, {"type": "Feature", "properties": {}, "geometry": {"type": "Polygon", "coordinates": [[[101.614242, 3.068323], [101.61418, 3.068338], [101.614179, 3.068489], [101.614234, 3.06849], [101.614296, 3.068474], [101.614297, 3.068323], [101.614242, 3.068323]]]}}, {"type": "Feature", "properties": {}, "geometry": {"type": "Polygon", "coordinates": [[[101.614187, 3.068322], [101.614125, 3.068338], [101.614124, 3.068489], [101.614179, 3.068489], [101.614241, 3.068474], [101.614242, 3.068323], [101.614187, 3.068322]]]}}, {"type": "Feature", "properties": {}, "geometry": {"type": "Polygon", "coordinates": [[[101.614132, 3.068322], [101.61407, 3.068337], [101.614069, 3.068488], [101.614124, 3.068489], [101.614186, 3.068473], [101.614187, 3.068322], [101.614132, 3.068322]]]}}, {"type": "Feature", "properties": {}, "geometry": {"type": "Polygon", "coordinates": [[[101.614077, 3.068322], [101.614015, 3.068337], [101.614014, 3.068488], [101.614069, 3.068488], [101.614131, 3.068473], [101.614132, 3.068322], [101.614077, 3.068322]]]}}, {"type": "Feature", "properties": {}, "geometry": {"type": "Polygon", "coordinates": [[[101.614022, 3.068321], [101.61396, 3.068337], [101.613959, 3.068488], [101.614014, 3.068488], [101.614076, 3.068473], [101.614077, 3.068322], [101.614022, 3.068321]]]}}, {"type": "Feature", "properties": {}, "geometry": {"type": "Polygon", "coordinates": [[[101.613967, 3.068321], [101.613905, 3.068336], [101.613904, 3.068487], [101.613959, 3.068488], [101.614021, 3.068472], [101.614022, 3.068321], [101.613967, 3.068321]]]}}, {"type": "Feature", "properties": {}, "geometry": {"type": "Polygon", "coordinates": [[[101.613874, 3.067997], [101.613813, 3.068013], [101.613812, 3.068167], [101.613901, 3.068168], [101.613962, 3.068152], [101.613963, 3.067998], [101.613874, 3.067997]]]}}, {"type": "Feature", "properties": {}, "geometry": {"type": "Polygon", "coordinates": [[[101.613963, 3.067998], [101.613901, 3.068013], [101.613901, 3.068168], [101.613956, 3.068168], [101.614017, 3.068153], [101.614018, 3.067998], [101.613963, 3.067998]]]}}, {"type": "Feature", "properties": {}, "geometry": {"type": "Polygon", "coordinates": [[[101.614018, 3.067998], [101.613957, 3.068014], [101.613956, 3.068168], [101.614011, 3.068169], [101.614072, 3.068153], [101.614073, 3.067998], [101.614018, 3.067998]]]}}, {"type": "Feature", "properties": {}, "geometry": {"type": "Polygon", "coordinates": [[[101.614073, 3.067998], [101.614012, 3.068014], [101.614011, 3.068169], [101.614066, 3.068169], [101.614127, 3.068153], [101.614128, 3.067999], [101.614073, 3.067998]]]}}, {"type": "Feature", "properties": {}, "geometry": {"type": "Polygon", "coordinates": [[[101.614128, 3.067999], [101.614067, 3.068014], [101.614066, 3.068169], [101.614121, 3.068169], [101.614183, 3.068154], [101.614184, 3.067999], [101.614128, 3.067999]]]}}, {"type": "Feature", "properties": {}, "geometry": {"type": "Polygon", "coordinates": [[[101.614184, 3.067999], [101.614122, 3.068014], [101.614121, 3.068169], [101.614176, 3.06817], [101.614238, 3.068154], [101.614239, 3.067999], [101.614184, 3.067999]]]}}, {"type": "Feature", "properties": {}, "geometry": {"type": "Polygon", "coordinates": [[[101.614239, 3.067999], [101.614177, 3.068015], [101.614176, 3.06817], [101.614232, 3.06817], [101.614293, 3.068154], [101.614294, 3.068], [101.614239, 3.067999]]]}}, {"type": "Feature", "properties": {}, "geometry": {"type": "Polygon", "coordinates": [[[101.614294, 3.068], [101.614233, 3.068015], [101.614232, 3.06817], [101.614287, 3.06817], [101.614348, 3.068155], [101.614349, 3.068], [101.614294, 3.068]]]}}, {"type": "Feature", "properties": {}, "geometry": {"type": "Polygon", "coordinates": [[[101.614349, 3.068], [101.614288, 3.068016], [101.614287, 3.06817], [101.614342, 3.068171], [101.614403, 3.068155], [101.614404, 3.068], [101.614349, 3.068]]]}}, {"type": "Feature", "properties": {}, "geometry": {"type": "Polygon", "coordinates": [[[101.614404, 3.068], [101.614343, 3.068016], [101.614342, 3.068171], [101.614397, 3.068171], [101.614458, 3.068155], [101.614459, 3.068001], [101.614404, 3.068]]]}}, {"type": "Feature", "properties": {}, "geometry": {"type": "Polygon", "coordinates": [[[101.614459, 3.068001], [101.614398, 3.068016], [101.614397, 3.068171], [101.614452, 3.068171], [101.614514, 3.068156], [101.614515, 3.068001], [101.614459, 3.068001]]]}}, {"type": "Feature", "properties": {}, "geometry": {"type": "Polygon", "coordinates": [[[101.614515, 3.068001], [101.614453, 3.068017], [101.614452, 3.068171], [101.614507, 3.068172], [101.614569, 3.068156], [101.61457, 3.068001], [101.614515, 3.068001]]]}}, {"type": "Feature", "properties": {}, "geometry": {"type": "Polygon", "coordinates": [[[101.61457, 3.068001], [101.614508, 3.068017], [101.614507, 3.068172], [101.614563, 3.068172], [101.614624, 3.068157], [101.614625, 3.068002], [101.61457, 3.068001]]]}}, {"type": "Feature", "properties": {}, "geometry": {"type": "Polygon", "coordinates": [[[101.614679, 3.067816], [101.614625, 3.067816], [101.614563, 3.067831], [101.614564, 3.067983], [101.614618, 3.067983], [101.61468, 3.067967], [101.614679, 3.067816]]]}}, {"type": "Feature", "properties": {}, "geometry": {"type": "Polygon", "coordinates": [[[101.614625, 3.067816], [101.61457, 3.067816], [101.614509, 3.067831], [101.614509, 3.067983], [101.614564, 3.067983], [101.614625, 3.067967], [101.614625, 3.067816]]]}}, {"type": "Feature", "properties": {}, "geometry": {"type": "Polygon", "coordinates": [[[101.61457, 3.067816], [101.614515, 3.067816], [101.614454, 3.067832], [101.614454, 3.067983], [101.614509, 3.067983], [101.61457, 3.067968], [101.61457, 3.067816]]]}}, {"type": "Feature", "properties": {}, "geometry": {"type": "Polygon", "coordinates": [[[101.614515, 3.067816], [101.614461, 3.067816], [101.614399, 3.067832], [101.6144, 3.067983], [101.614454, 3.067983], [101.614516, 3.067968], [101.614515, 3.067816]]]}}, {"type": "Feature", "properties": {}, "geometry": {"type": "Polygon", "coordinates": [[[101.614461, 3.067816], [101.614406, 3.067816], [101.614345, 3.067832], [101.614345, 3.067983], [101.6144, 3.067983], [101.614461, 3.067968], [101.614461, 3.067816]]]}}, {"type": "Feature", "properties": {}, "geometry": {"type": "Polygon", "coordinates": [[[101.614406, 3.067816], [101.614352, 3.067817], [101.61429, 3.067832], [101.614291, 3.067984], [101.614345, 3.067983], [101.614407, 3.067968], [101.614406, 3.067816]]]}}, {"type": "Feature", "properties": {}, "geometry": {"type": "Polygon", "coordinates": [[[101.614352, 3.067817], [101.614297, 3.067817], [101.614236, 3.067832], [101.614236, 3.067984], [101.614291, 3.067984], [101.614352, 3.067968], [101.614352, 3.067817]]]}}, {"type": "Feature", "properties": {}, "geometry": {"type": "Polygon", "coordinates": [[[101.614297, 3.067817], [101.614242, 3.067817], [101.614181, 3.067833], [101.614182, 3.067984], [101.614236, 3.067984], [101.614297, 3.067968], [101.614297, 3.067817]]]}}, {"type": "Feature", "properties": {}, "geometry": {"type": "Polygon", "coordinates": [[[101.614242, 3.067817], [101.614188, 3.067817], [101.614126, 3.067833], [101.614127, 3.067984], [101.614182, 3.067984], [101.614243, 3.067969], [101.614242, 3.067817]]]}}, {"type": "Feature", "properties": {}, "geometry": {"type": "Polygon", "coordinates": [[[101.614188, 3.067817], [101.614133, 3.067817], [101.614072, 3.067833], [101.614072, 3.067985], [101.614127, 3.067984], [101.614188, 3.067969], [101.614188, 3.067817]]]}}, {"type": "Feature", "properties": {}, "geometry": {"type": "Polygon", "coordinates": [[[101.614133, 3.067817], [101.614079, 3.067818], [101.614017, 3.067833], [101.614018, 3.067985], [101.614072, 3.067985], [101.614134, 3.067969], [101.614133, 3.067817]]]}}, {"type": "Feature", "properties": {}, "geometry": {"type": "Polygon", "coordinates": [[[101.614079, 3.067818], [101.614024, 3.067818], [101.613963, 3.067833], [101.613963, 3.067985], [101.614018, 3.067985], [101.614079, 3.067969], [101.614079, 3.067818]]]}}, {"type": "Feature", "properties": {}, "geometry": {"type": "Polygon", "coordinates": [[[101.614024, 3.067818], [101.613969, 3.067818], [101.613908, 3.067833], [101.613908, 3.067985], [101.613963, 3.067985], [101.614024, 3.067969], [101.614024, 3.067818]]]}}, {"type": "Feature", "properties": {}, "geometry": {"type": "Polygon", "coordinates": [[[101.614013, 3.067177], [101.613952, 3.067193], [101.613951, 3.067359], [101.614013, 3.06736], [101.614075, 3.067344], [101.614075, 3.067177], [101.614013, 3.067177]]]}}, {"type": "Feature", "properties": {}, "geometry": {"type": "Polygon", "coordinates": [[[101.614075, 3.067177], [101.614014, 3.067193], [101.614013, 3.06736], [101.614075, 3.06736], [101.614137, 3.067344], [101.614137, 3.067178], [101.614075, 3.067177]]]}}, {"type": "Feature", "properties": {}, "geometry": {"type": "Polygon", "coordinates": [[[101.614137, 3.067178], [101.614076, 3.067193], [101.614075, 3.06736], [101.614138, 3.06736], [101.614199, 3.067345], [101.614199, 3.067178], [101.614137, 3.067178]]]}}, {"type": "Feature", "properties": {}, "geometry": {"type": "Polygon", "coordinates": [[[101.614199, 3.067178], [101.614138, 3.067193], [101.614138, 3.06736], [101.6142, 3.06736], [101.614261, 3.067345], [101.614262, 3.067178], [101.614199, 3.067178]]]}}, {"type": "Feature", "properties": {}, "geometry": {"type": "Polygon", "coordinates": [[[101.614262, 3.067178], [101.6142, 3.067193], [101.6142, 3.06736], [101.614262, 3.06736], [101.614323, 3.067345], [101.614324, 3.067178], [101.614262, 3.067178]]]}}, {"type": "Feature", "properties": {}, "geometry": {"type": "Polygon", "coordinates": [[[101.614324, 3.067178], [101.614262, 3.067194], [101.614262, 3.06736], [101.614324, 3.067361], [101.614385, 3.067345], [101.614386, 3.067178], [101.614324, 3.067178]]]}}, {"type": "Feature", "properties": {}, "geometry": {"type": "Polygon", "coordinates": [[[101.614386, 3.067178], [101.614324, 3.067194], [101.614324, 3.067361], [101.614386, 3.067361], [101.614447, 3.067345], [101.614448, 3.067178], [101.614386, 3.067178]]]}}, {"type": "Feature", "properties": {}, "geometry": {"type": "Polygon", "coordinates": [[[101.614448, 3.067178], [101.614386, 3.067194], [101.614386, 3.067361], [101.614448, 3.067361], [101.614509, 3.067346], [101.61451, 3.067179], [101.614448, 3.067178]]]}}, {"type": "Feature", "properties": {}, "geometry": {"type": "Polygon", "coordinates": [[[101.61451, 3.067179], [101.614448, 3.067194], [101.614448, 3.067361], [101.61451, 3.067361], [101.614571, 3.067346], [101.614572, 3.067179], [101.61451, 3.067179]]]}}, {"type": "Feature", "properties": {}, "geometry": {"type": "Polygon", "coordinates": [[[101.614572, 3.067179], [101.614511, 3.067194], [101.61451, 3.067361], [101.614572, 3.067361], [101.614633, 3.067346], [101.614634, 3.067179], [101.614572, 3.067179]]]}}, {"type": "Feature", "properties": {}, "geometry": {"type": "Polygon", "coordinates": [[[101.614634, 3.067179], [101.614573, 3.067194], [101.614572, 3.067361], [101.614634, 3.067362], [101.614696, 3.067346], [101.614696, 3.067179], [101.614634, 3.067179]]]}}, {"type": "Feature", "properties": {}, "geometry": {"type": "Polygon", "coordinates": [[[101.614696, 3.067179], [101.614635, 3.067195], [101.614634, 3.067362], [101.614696, 3.067362], [101.614758, 3.067346], [101.614758, 3.067179], [101.614696, 3.067179]]]}}, {"type": "Feature", "properties": {}, "geometry": {"type": "Polygon", "coordinates": [[[101.614758, 3.067179], [101.614697, 3.067195], [101.614696, 3.067362], [101.614758, 3.067362], [101.61482, 3.067346], [101.61482, 3.06718], [101.614758, 3.067179]]]}}, {"type": "Feature", "properties": {}, "geometry": {"type": "Polygon", "coordinates": [[[101.614823, 3.067004], [101.614762, 3.067019], [101.614761, 3.067169], [101.614823, 3.067169], [101.614885, 3.067154], [101.614885, 3.067004], [101.614823, 3.067004]]]}}, {"type": "Feature", "properties": {}, "geometry": {"type": "Polygon", "coordinates": [[[101.614761, 3.067004], [101.614699, 3.067019], [101.614699, 3.067169], [101.614761, 3.067169], [101.614822, 3.067154], [101.614823, 3.067004], [101.614761, 3.067004]]]}}, {"type": "Feature", "properties": {}, "geometry": {"type": "Polygon", "coordinates": [[[101.614699, 3.067003], [101.614637, 3.067019], [101.614637, 3.067169], [101.614699, 3.067169], [101.61476, 3.067153], [101.614761, 3.067004], [101.614699, 3.067003]]]}}, {"type": "Feature", "properties": {}, "geometry": {"type": "Polygon", "coordinates": [[[101.614637, 3.067003], [101.614575, 3.067019], [101.614575, 3.067169], [101.614637, 3.067169], [101.614698, 3.067153], [101.614699, 3.067003], [101.614637, 3.067003]]]}}, {"type": "Feature", "properties": {}, "geometry": {"type": "Polygon", "coordinates": [[[101.614575, 3.067003], [101.614513, 3.067019], [101.614513, 3.067168], [101.614575, 3.067169], [101.614636, 3.067153], [101.614637, 3.067003], [101.614575, 3.067003]]]}}, {"type": "Feature", "properties": {}, "geometry": {"type": "Polygon", "coordinates": [[[101.614513, 3.067003], [101.614451, 3.067018], [101.614451, 3.067168], [101.614513, 3.067168], [101.614574, 3.067153], [101.614575, 3.067003], [101.614513, 3.067003]]]}}, {"type": "Feature", "properties": {}, "geometry": {"type": "Polygon", "coordinates": [[[101.61445, 3.067003], [101.614389, 3.067018], [101.614389, 3.067168], [101.614451, 3.067168], [101.614512, 3.067153], [101.614513, 3.067003], [101.61445, 3.067003]]]}}, {"type": "Feature", "properties": {}, "geometry": {"type": "Polygon", "coordinates": [[[101.614388, 3.067002], [101.614327, 3.067018], [101.614327, 3.067168], [101.614389, 3.067168], [101.61445, 3.067152], [101.61445, 3.067003], [101.614388, 3.067002]]]}}, {"type": "Feature", "properties": {}, "geometry": {"type": "Polygon", "coordinates": [[[101.614326, 3.067002], [101.614265, 3.067018], [101.614265, 3.067168], [101.614327, 3.067168], [101.614388, 3.067152], [101.614388, 3.067002], [101.614326, 3.067002]]]}}, {"type": "Feature", "properties": {}, "geometry": {"type": "Polygon", "coordinates": [[[101.614264, 3.067002], [101.614203, 3.067017], [101.614203, 3.067167], [101.614265, 3.067168], [101.614326, 3.067152], [101.614326, 3.067002], [101.614264, 3.067002]]]}}, {"type": "Feature", "properties": {}, "geometry": {"type": "Polygon", "coordinates": [[[101.614202, 3.067002], [101.614141, 3.067017], [101.61414, 3.067167], [101.614203, 3.067167], [101.614264, 3.067152], [101.614264, 3.067002], [101.614202, 3.067002]]]}}, {"type": "Feature", "properties": {}, "geometry": {"type": "Polygon", "coordinates": [[[101.61414, 3.067002], [101.614079, 3.067017], [101.614078, 3.067167], [101.61414, 3.067167], [101.614202, 3.067152], [101.614202, 3.067002], [101.61414, 3.067002]]]}}, {"type": "Feature", "properties": {}, "geometry": {"type": "Polygon", "coordinates": [[[101.614078, 3.067001], [101.614017, 3.067017], [101.614016, 3.067167], [101.614078, 3.067167], [101.61414, 3.067151], [101.61414, 3.067002], [101.614078, 3.067001]]]}}, {"type": "Feature", "properties": {}, "geometry": {"type": "Polygon", "coordinates": [[[101.614994, 3.067182], [101.614932, 3.067183], [101.61487, 3.067198], [101.614872, 3.067354], [101.614935, 3.067353], [101.614996, 3.067338], [101.614994, 3.067182]]]}}, {"type": "Feature", "properties": {}, "geometry": {"type": "Polygon", "coordinates": [[[101.615057, 3.067182], [101.614994, 3.067182], [101.614933, 3.067198], [101.614935, 3.067353], [101.614997, 3.067353], [101.615058, 3.067337], [101.615057, 3.067182]]]}}, {"type": "Feature", "properties": {}, "geometry": {"type": "Polygon", "coordinates": [[[101.61512, 3.067181], [101.615057, 3.067182], [101.614996, 3.067197], [101.614997, 3.067353], [101.61506, 3.067352], [101.615121, 3.067337], [101.61512, 3.067181]]]}}, {"type": "Feature", "properties": {}, "geometry": {"type": "Polygon", "coordinates": [[[101.615119, 3.067005], [101.615057, 3.067005], [101.614996, 3.067021], [101.614997, 3.067175], [101.615059, 3.067175], [101.61512, 3.06716], [101.615119, 3.067005]]]}}, {"type": "Feature", "properties": {}, "geometry": {"type": "Polygon", "coordinates": [[[101.615057, 3.067005], [101.614995, 3.067006], [101.614934, 3.067021], [101.614935, 3.067176], [101.614997, 3.067175], [101.615058, 3.06716], [101.615057, 3.067005]]]}}, {"type": "Feature", "properties": {}, "geometry": {"type": "Polygon", "coordinates": [[[101.614077, 3.066638], [101.614015, 3.066639], [101.613953, 3.066654], [101.613955, 3.066791], [101.614017, 3.06679], [101.614078, 3.066775], [101.614077, 3.066638]]]}}, {"type": "Feature", "properties": {}, "geometry": {"type": "Polygon", "coordinates": [[[101.614139, 3.066638], [101.614077, 3.066638], [101.614015, 3.066654], [101.614017, 3.06679], [101.614079, 3.06679], [101.61414, 3.066774], [101.614139, 3.066638]]]}}, {"type": "Feature", "properties": {}, "geometry": {"type": "Polygon", "coordinates": [[[101.614201, 3.066637], [101.614139, 3.066638], [101.614077, 3.066653], [101.614079, 3.06679], [101.614141, 3.066789], [101.614202, 3.066773], [101.614201, 3.066637]]]}}, {"type": "Feature", "properties": {}, "geometry": {"type": "Polygon", "coordinates": [[[101.614263, 3.066636], [101.614201, 3.066637], [101.614139, 3.066652], [101.614141, 3.066789], [101.614203, 3.066788], [101.614264, 3.066773], [101.614263, 3.066636]]]}}, {"type": "Feature", "properties": {}, "geometry": {"type": "Polygon", "coordinates": [[[101.614325, 3.066636], [101.614263, 3.066636], [101.614201, 3.066652], [101.614203, 3.066788], [101.614265, 3.066788], [101.614326, 3.066772], [101.614325, 3.066636]]]}}, {"type": "Feature", "properties": {}, "geometry": {"type": "Polygon", "coordinates": [[[101.614387, 3.066635], [101.614325, 3.066636], [101.614264, 3.066651], [101.614265, 3.066788], [101.614327, 3.066787], [101.614388, 3.066771], [101.614387, 3.066635]]]}}, {"type": "Feature", "properties": {}, "geometry": {"type": "Polygon", "coordinates": [[[101.614449, 3.066634], [101.614387, 3.066635], [101.614326, 3.06665], [101.614327, 3.066787], [101.614389, 3.066786], [101.61445, 3.066771], [101.614449, 3.066634]]]}}, {"type": "Feature", "properties": {}, "geometry": {"type": "Polygon", "coordinates": [[[101.614449, 3.066453], [101.614388, 3.066469], [101.614388, 3.066617], [101.614449, 3.066617], [101.614511, 3.066602], [101.614511, 3.066453], [101.614449, 3.066453]]]}}, {"type": "Feature", "properties": {}, "geometry": {"type": "Polygon", "coordinates": [[[101.614387, 3.066453], [101.614326, 3.066469], [101.614326, 3.066617], [101.614388, 3.066617], [101.614449, 3.066602], [101.614449, 3.066453], [101.614387, 3.066453]]]}}, {"type": "Feature", "properties": {}, "geometry": {"type": "Polygon", "coordinates": [[[101.614325, 3.066453], [101.614264, 3.066469], [101.614264, 3.066617], [101.614326, 3.066617], [101.614387, 3.066602], [101.614387, 3.066453], [101.614325, 3.066453]]]}}, {"type": "Feature", "properties": {}, "geometry": {"type": "Polygon", "coordinates": [[[101.614264, 3.066453], [101.614202, 3.066469], [101.614202, 3.066617], [101.614264, 3.066617], [101.614325, 3.066602], [101.614325, 3.066453], [101.614264, 3.066453]]]}}, {"type": "Feature", "properties": {}, "geometry": {"type": "Polygon", "coordinates": [[[101.614202, 3.066453], [101.614141, 3.066469], [101.614141, 3.066617], [101.614202, 3.066617], [101.614264, 3.066602], [101.614264, 3.066453], [101.614202, 3.066453]]]}}, {"type": "Feature", "properties": {}, "geometry": {"type": "Polygon", "coordinates": [[[101.61414, 3.066453], [101.614079, 3.066469], [101.614079, 3.066617], [101.614141, 3.066617], [101.614202, 3.066602], [101.614202, 3.066453], [101.61414, 3.066453]]]}}, {"type": "Feature", "properties": {}, "geometry": {"type": "Polygon", "coordinates": [[[101.614079, 3.066453], [101.614017, 3.066469], [101.614017, 3.066617], [101.614079, 3.066617], [101.61414, 3.066602], [101.61414, 3.066453], [101.614079, 3.066453]]]}}, {"type": "Feature", "properties": {}, "geometry": {"type": "Polygon", "coordinates": [[[101.614017, 3.066082], [101.613956, 3.066098], [101.613956, 3.066253], [101.614017, 3.066253], [101.614078, 3.066237], [101.614078, 3.066082], [101.614017, 3.066082]]]}}, {"type": "Feature", "properties": {}, "geometry": {"type": "Polygon", "coordinates": [[[101.614078, 3.066082], [101.614017, 3.066098], [101.614017, 3.066253], [101.614078, 3.066253], [101.614139, 3.066237], [101.614139, 3.066082], [101.614078, 3.066082]]]}}, {"type": "Feature", "properties": {}, "geometry": {"type": "Polygon", "coordinates": [[[101.614139, 3.066082], [101.614078, 3.066098], [101.614078, 3.066253], [101.614139, 3.066253], [101.6142, 3.066237], [101.6142, 3.066082], [101.614139, 3.066082]]]}}, {"type": "Feature", "properties": {}, "geometry": {"type": "Polygon", "coordinates": [[[101.6142, 3.066082], [101.614139, 3.066098], [101.614139, 3.066253], [101.6142, 3.066253], [101.614261, 3.066237], [101.614261, 3.066082], [101.6142, 3.066082]]]}}, {"type": "Feature", "properties": {}, "geometry": {"type": "Polygon", "coordinates": [[[101.614261, 3.066082], [101.6142, 3.066098], [101.6142, 3.066253], [101.614261, 3.066253], [101.614322, 3.066237], [101.614322, 3.066082], [101.614261, 3.066082]]]}}, {"type": "Feature", "properties": {}, "geometry": {"type": "Polygon", "coordinates": [[[101.614322, 3.066082], [101.614261, 3.066098], [101.614261, 3.066253], [101.614322, 3.066253], [101.614383, 3.066237], [101.614383, 3.066082], [101.614322, 3.066082]]]}}, {"type": "Feature", "properties": {}, "geometry": {"type": "Polygon", "coordinates": [[[101.614383, 3.066082], [101.614322, 3.066098], [101.614322, 3.066253], [101.614383, 3.066253], [101.614444, 3.066237], [101.614444, 3.066082], [101.614383, 3.066082]]]}}, {"type": "Feature", "properties": {}, "geometry": {"type": "Polygon", "coordinates": [[[101.609537, 3.072807], [101.609329, 3.072808], [101.609214, 3.072837], [101.609215, 3.072899], [101.609423, 3.072897], [101.609538, 3.072868], [101.609537, 3.072807]]]}}, {"type": "Feature", "properties": {}, "geometry": {"type": "Polygon", "coordinates": [[[101.609538, 3.072868], [101.60933, 3.07287], [101.609215, 3.072899], [101.609215, 3.072961], [101.609423, 3.072959], [101.609538, 3.07293], [101.609538, 3.072868]]]}}, {"type": "Feature", "properties": {}, "geometry": {"type": "Polygon", "coordinates": [[[101.609538, 3.07293], [101.60933, 3.072932], [101.609215, 3.072961], [101.609216, 3.073023], [101.609424, 3.073021], [101.609539, 3.072992], [101.609538, 3.07293]]]}}, {"type": "Feature", "properties": {}, "geometry": {"type": "Polygon", "coordinates": [[[101.609539, 3.072992], [101.609331, 3.072994], [101.609216, 3.073023], [101.609216, 3.073084], [101.609424, 3.073083], [101.609539, 3.073054], [101.609539, 3.072992]]]}}, {"type": "Feature", "properties": {}, "geometry": {"type": "Polygon", "coordinates": [[[101.609539, 3.073054], [101.609331, 3.073055], [101.609216, 3.073084], [101.609217, 3.073146], [101.609425, 3.073145], [101.60954, 3.073116], [101.609539, 3.073054]]]}}, {"type": "Feature", "properties": {}, "geometry": {"type": "Polygon", "coordinates": [[[101.609534, 3.07272], [101.609376, 3.072723], [101.60926, 3.072752], [101.609215, 3.0728], [101.609214, 3.072837], [101.609422, 3.072836], [101.609537, 3.072807], [101.609534, 3.07272]]]}}, {"type": "Feature", "properties": {}, "geometry": {"type": "Polygon", "coordinates": [[[101.60954, 3.073116], [101.609332, 3.073117], [101.609217, 3.073146], [101.609217, 3.073208], [101.609425, 3.073206], [101.60954, 3.073177], [101.60954, 3.073116]]]}}, {"type": "Feature", "properties": {}, "geometry": {"type": "Polygon", "coordinates": [[[101.610599, 3.073283], [101.610383, 3.073285], [101.610268, 3.073314], [101.610268, 3.073374], [101.610484, 3.073373], [101.610599, 3.073344], [101.610599, 3.073283]]]}}, {"type": "Feature", "properties": {}, "geometry": {"type": "Polygon", "coordinates": [[[101.610599, 3.073223], [101.610382, 3.073224], [101.610267, 3.073253], [101.610268, 3.073314], [101.610484, 3.073312], [101.610599, 3.073283], [101.610599, 3.073223]]]}}, {"type": "Feature", "properties": {}, "geometry": {"type": "Polygon", "coordinates": [[[101.610598, 3.073162], [101.610382, 3.073163], [101.610267, 3.073192], [101.610267, 3.073253], [101.610483, 3.073252], [101.610599, 3.073223], [101.610598, 3.073162]]]}}, {"type": "Feature", "properties": {}, "geometry": {"type": "Polygon", "coordinates": [[[101.610598, 3.073101], [101.610382, 3.073102], [101.610267, 3.073131], [101.610267, 3.073192], [101.610483, 3.07319], [101.610598, 3.073162], [101.610598, 3.073101]]]}}, {"type": "Feature", "properties": {}, "geometry": {"type": "Polygon", "coordinates": [[[101.610598, 3.07304], [101.610381, 3.073041], [101.610266, 3.07307], [101.610267, 3.073131], [101.610483, 3.07313], [101.610598, 3.073101], [101.610598, 3.07304]]]}}, {"type": "Feature", "properties": {}, "geometry": {"type": "Polygon", "coordinates": [[[101.610597, 3.072979], [101.610381, 3.07298], [101.610266, 3.073009], [101.610266, 3.07307], [101.610482, 3.073069], [101.610598, 3.07304], [101.610597, 3.072979]]]}}, {"type": "Feature", "properties": {}, "geometry": {"type": "Polygon", "coordinates": [[[101.610597, 3.072918], [101.610381, 3.072919], [101.610266, 3.072948], [101.610266, 3.073009], [101.610482, 3.073008], [101.610597, 3.072979], [101.610597, 3.072918]]]}}, {"type": "Feature", "properties": {}, "geometry": {"type": "Polygon", "coordinates": [[[101.610596, 3.072857], [101.61038, 3.072858], [101.610265, 3.072887], [101.610266, 3.072948], [101.610482, 3.072947], [101.610597, 3.072918], [101.610596, 3.072857]]]}}, {"type": "Feature", "properties": {}, "geometry": {"type": "Polygon", "coordinates": [[[101.610596, 3.072796], [101.61038, 3.072797], [101.610265, 3.072826], [101.610265, 3.072887], [101.610481, 3.072886], [101.610596, 3.072857], [101.610596, 3.072796]]]}}, {"type": "Feature", "properties": {}, "geometry": {"type": "Polygon", "coordinates": [[[101.610542, 3.072707], [101.610381, 3.072709], [101.610266, 3.072738], [101.610265, 3.072826], [101.610481, 3.072825], [101.610596, 3.072796], [101.610594, 3.072768], [101.610542, 3.072707]]]}}, {"type": "Feature", "properties": {}, "geometry": {"type": "Polygon", "coordinates": [[[101.609651, 3.072707], [101.609591, 3.072707], [101.609476, 3.072736], [101.609477, 3.072951], [101.609537, 3.07295], [101.609652, 3.072921], [101.609651, 3.072707]]]}}, {"type": "Feature", "properties": {}, "geometry": {"type": "Polygon", "coordinates": [[[101.609712, 3.072706], [101.609651, 3.072707], [101.609536, 3.072736], [101.609537, 3.07295], [101.609598, 3.07295], [101.609713, 3.072921], [101.609712, 3.072706]]]}}, {"type": "Feature", "properties": {}, "geometry": {"type": "Polygon", "coordinates": [[[101.609772, 3.072706], [101.609712, 3.072706], [101.609597, 3.072735], [101.609598, 3.07295], [101.609658, 3.07295], [101.609774, 3.072921], [101.609772, 3.072706]]]}}, {"type": "Feature", "properties": {}, "geometry": {"type": "Polygon", "coordinates": [[[101.609833, 3.072706], [101.609772, 3.072706], [101.609657, 3.072735], [101.609658, 3.07295], [101.609719, 3.072949], [101.609834, 3.07292], [101.609833, 3.072706]]]}}, {"type": "Feature", "properties": {}, "geometry": {"type": "Polygon", "coordinates": [[[101.609893, 3.072705], [101.609833, 3.072706], [101.609718, 3.072735], [101.609719, 3.072949], [101.60978, 3.072949], [101.609895, 3.07292], [101.609893, 3.072705]]]}}, {"type": "Feature", "properties": {}, "geometry": {"type": "Polygon", "coordinates": [[[101.609954, 3.072705], [101.609893, 3.072705], [101.609778, 3.072734], [101.60978, 3.072949], [101.60984, 3.072949], [101.609955, 3.07292], [101.609954, 3.072705]]]}}, {"type": "Feature", "properties": {}, "geometry": {"type": "Polygon", "coordinates": [[[101.610015, 3.072705], [101.609954, 3.072705], [101.609839, 3.072734], [101.60984, 3.072949], [101.609901, 3.072948], [101.610016, 3.072919], [101.610015, 3.072705]]]}}, {"type": "Feature", "properties": {}, "geometry": {"type": "Polygon", "coordinates": [[[101.610075, 3.072704], [101.610015, 3.072705], [101.609899, 3.072734], [101.609901, 3.072948], [101.609961, 3.072948], [101.610076, 3.072919], [101.610075, 3.072704]]]}}, {"type": "Feature", "properties": {}, "geometry": {"type": "Polygon", "coordinates": [[[101.610136, 3.072704], [101.610075, 3.072704], [101.60996, 3.072733], [101.609961, 3.072948], [101.610022, 3.072948], [101.610137, 3.072919], [101.610136, 3.072704]]]}}, {"type": "Feature", "properties": {}, "geometry": {"type": "Polygon", "coordinates": [[[101.610196, 3.072704], [101.610136, 3.072704], [101.610021, 3.072733], [101.610022, 3.072948], [101.610082, 3.072947], [101.610198, 3.072918], [101.610196, 3.072704]]]}}, {"type": "Feature", "properties": {}, "geometry": {"type": "Polygon", "coordinates": [[[101.610257, 3.072703], [101.610196, 3.072704], [101.610081, 3.072733], [101.610082, 3.072947], [101.610143, 3.072947], [101.610258, 3.072918], [101.610257, 3.072703]]]}}, {"type": "Feature", "properties": {}, "geometry": {"type": "Polygon", "coordinates": [[[101.6106, 3.072204], [101.610376, 3.072205], [101.610261, 3.072234], [101.610261, 3.072292], [101.610485, 3.072291], [101.6106, 3.072262], [101.6106, 3.072204]]]}}, {"type": "Feature", "properties": {}, "geometry": {"type": "Polygon", "coordinates": [[[101.6106, 3.072262], [101.610377, 3.072263], [101.610261, 3.072292], [101.610262, 3.07235], [101.610485, 3.072349], [101.6106, 3.07232], [101.6106, 3.072262]]]}}, {"type": "Feature", "properties": {}, "geometry": {"type": "Polygon", "coordinates": [[[101.6106, 3.07232], [101.610377, 3.072321], [101.610262, 3.07235], [101.610262, 3.072408], [101.610485, 3.072407], [101.610601, 3.072378], [101.6106, 3.07232]]]}}, {"type": "Feature", "properties": {}, "geometry": {"type": "Polygon", "coordinates": [[[101.610601, 3.072378], [101.610377, 3.072379], [101.610262, 3.072408], [101.610262, 3.072466], [101.610485, 3.072465], [101.610601, 3.072436], [101.610601, 3.072378]]]}}, {"type": "Feature", "properties": {}, "geometry": {"type": "Polygon", "coordinates": [[[101.609336, 3.072209], [101.609221, 3.072238], [101.60922, 3.072294], [101.609421, 3.072298], [101.609536, 3.072269], [101.609537, 3.072212], [101.609336, 3.072209]]]}}, {"type": "Feature", "properties": {}, "geometry": {"type": "Polygon", "coordinates": [[[101.609335, 3.072266], [101.60922, 3.072294], [101.609219, 3.072351], [101.60942, 3.072354], [101.609535, 3.072325], [101.609536, 3.072269], [101.609335, 3.072266]]]}}, {"type": "Feature", "properties": {}, "geometry": {"type": "Polygon", "coordinates": [[[101.609334, 3.072322], [101.609219, 3.072351], [101.609218, 3.072408], [101.609419, 3.072411], [101.609534, 3.072382], [101.609535, 3.072325], [101.609334, 3.072322]]]}}, {"type": "Feature", "properties": {}, "geometry": {"type": "Polygon", "coordinates": [[[101.60954, 3.072073], [101.609393, 3.072078], [101.609278, 3.072107], [101.609227, 3.072155], [101.609221, 3.072238], [101.609422, 3.072241], [101.609537, 3.072212], [101.60954, 3.072073]]]}}, {"type": "Feature", "properties": {}, "geometry": {"type": "Polygon", "coordinates": [[[101.609333, 3.072379], [101.609218, 3.072408], [101.609217, 3.072465], [101.609418, 3.072468], [101.609533, 3.072439], [101.609534, 3.072382], [101.609333, 3.072379]]]}}, {"type": "Feature", "properties": {}, "geometry": {"type": "Polygon", "coordinates": [[[101.610557, 3.072055], [101.61038, 3.072061], [101.610264, 3.07209], [101.610261, 3.072234], [101.610485, 3.072233], [101.6106, 3.072204], [101.610603, 3.072106], [101.610557, 3.072055]]]}}, {"type": "Feature", "properties": {}, "geometry": {"type": "Polygon", "coordinates": [[[101.609667, 3.072074], [101.609589, 3.072074], [101.609474, 3.072103], [101.609475, 3.072307], [101.609553, 3.072307], [101.609668, 3.072278], [101.609667, 3.072074]]]}}, {"type": "Feature", "properties": {}, "geometry": {"type": "Polygon", "coordinates": [[[101.609727, 3.072073], [101.609667, 3.072074], [101.609552, 3.072103], [101.609553, 3.072307], [101.609613, 3.072306], [101.609728, 3.072277], [101.609727, 3.072073]]]}}, {"type": "Feature", "properties": {}, "geometry": {"type": "Polygon", "coordinates": [[[101.609787, 3.072073], [101.609727, 3.072073], [101.609612, 3.072102], [101.609613, 3.072306], [101.609673, 3.072306], [101.609788, 3.072277], [101.609787, 3.072073]]]}}, {"type": "Feature", "properties": {}, "geometry": {"type": "Polygon", "coordinates": [[[101.609847, 3.072073], [101.609787, 3.072073], [101.609672, 3.072102], [101.609673, 3.072306], [101.609733, 3.072306], [101.609848, 3.072277], [101.609847, 3.072073]]]}}, {"type": "Feature", "properties": {}, "geometry": {"type": "Polygon", "coordinates": [[[101.609907, 3.072072], [101.609847, 3.072073], [101.609732, 3.072102], [101.609733, 3.072306], [101.609793, 3.072305], [101.609908, 3.072276], [101.609907, 3.072072]]]}}, {"type": "Feature", "properties": {}, "geometry": {"type": "Polygon", "coordinates": [[[101.609967, 3.072072], [101.609907, 3.072072], [101.609792, 3.072101], [101.609793, 3.072305], [101.609853, 3.072305], [101.609968, 3.072276], [101.609967, 3.072072]]]}}, {"type": "Feature", "properties": {}, "geometry": {"type": "Polygon", "coordinates": [[[101.610027, 3.072072], [101.609967, 3.072072], [101.609852, 3.072101], [101.609853, 3.072305], [101.609913, 3.072304], [101.610028, 3.072275], [101.610027, 3.072072]]]}}, {"type": "Feature", "properties": {}, "geometry": {"type": "Polygon", "coordinates": [[[101.610087, 3.072071], [101.610027, 3.072072], [101.609912, 3.0721], [101.609913, 3.072304], [101.609973, 3.072304], [101.610088, 3.072275], [101.610087, 3.072071]]]}}, {"type": "Feature", "properties": {}, "geometry": {"type": "Polygon", "coordinates": [[[101.610147, 3.072071], [101.610087, 3.072071], [101.609972, 3.0721], [101.609973, 3.072304], [101.610033, 3.072304], [101.610148, 3.072275], [101.610147, 3.072071]]]}}, {"type": "Feature", "properties": {}, "geometry": {"type": "Polygon", "coordinates": [[[101.610207, 3.07207], [101.610147, 3.072071], [101.610032, 3.0721], [101.610033, 3.072304], [101.610093, 3.072303], [101.610208, 3.072274], [101.610207, 3.07207]]]}}, {"type": "Feature", "properties": {}, "geometry": {"type": "Polygon", "coordinates": [[[101.610267, 3.07207], [101.610207, 3.07207], [101.610092, 3.072099], [101.610093, 3.072303], [101.610153, 3.072303], [101.610268, 3.072274], [101.610267, 3.07207]]]}}, {"type": "Feature", "properties": {}, "geometry": {"type": "Polygon", "coordinates": [[[101.609671, 3.072322], [101.609591, 3.072323], [101.609476, 3.072351], [101.609478, 3.072565], [101.609558, 3.072564], [101.609673, 3.072535], [101.609671, 3.072322]]]}}, {"type": "Feature", "properties": {}, "geometry": {"type": "Polygon", "coordinates": [[[101.609731, 3.072321], [101.609671, 3.072322], [101.609556, 3.072351], [101.609558, 3.072564], [101.609618, 3.072563], [101.609733, 3.072534], [101.609731, 3.072321]]]}}, {"type": "Feature", "properties": {}, "geometry": {"type": "Polygon", "coordinates": [[[101.609791, 3.072321], [101.609731, 3.072321], [101.609616, 3.07235], [101.609618, 3.072563], [101.609678, 3.072563], [101.609793, 3.072534], [101.609791, 3.072321]]]}}, {"type": "Feature", "properties": {}, "geometry": {"type": "Polygon", "coordinates": [[[101.609851, 3.07232], [101.609791, 3.072321], [101.609676, 3.07235], [101.609678, 3.072563], [101.609738, 3.072562], [101.609853, 3.072533], [101.609851, 3.07232]]]}}, {"type": "Feature", "properties": {}, "geometry": {"type": "Polygon", "coordinates": [[[101.609911, 3.07232], [101.609851, 3.07232], [101.609736, 3.072349], [101.609738, 3.072562], [101.609798, 3.072562], [101.609913, 3.072533], [101.609911, 3.07232]]]}}, {"type": "Feature", "properties": {}, "geometry": {"type": "Polygon", "coordinates": [[[101.609971, 3.072319], [101.609911, 3.07232], [101.609796, 3.072349], [101.609798, 3.072562], [101.609858, 3.072561], [101.609973, 3.072532], [101.609971, 3.072319]]]}}, {"type": "Feature", "properties": {}, "geometry": {"type": "Polygon", "coordinates": [[[101.610031, 3.072319], [101.609971, 3.072319], [101.609856, 3.072348], [101.609858, 3.072561], [101.609918, 3.072561], [101.610033, 3.072532], [101.610031, 3.072319]]]}}, {"type": "Feature", "properties": {}, "geometry": {"type": "Polygon", "coordinates": [[[101.610091, 3.072318], [101.610031, 3.072319], [101.609916, 3.072347], [101.609918, 3.072561], [101.609977, 3.07256], [101.610093, 3.072531], [101.610091, 3.072318]]]}}, {"type": "Feature", "properties": {}, "geometry": {"type": "Polygon", "coordinates": [[[101.610151, 3.072317], [101.610091, 3.072318], [101.609976, 3.072347], [101.609977, 3.07256], [101.610037, 3.07256], [101.610153, 3.072531], [101.610151, 3.072317]]]}}, {"type": "Feature", "properties": {}, "geometry": {"type": "Polygon", "coordinates": [[[101.610211, 3.072317], [101.610151, 3.072317], [101.610035, 3.072346], [101.610037, 3.07256], [101.610097, 3.072559], [101.610212, 3.07253], [101.610211, 3.072317]]]}}, {"type": "Feature", "properties": {}, "geometry": {"type": "Polygon", "coordinates": [[[101.61027, 3.072316], [101.610211, 3.072317], [101.610095, 3.072346], [101.610097, 3.072559], [101.610157, 3.072558], [101.610272, 3.07253], [101.61027, 3.072316]]]}}, {"type": "Feature", "properties": {}, "geometry": {"type": "Polygon", "coordinates": [[[101.611867, 3.073489], [101.611805, 3.07349], [101.611743, 3.073505], [101.611744, 3.073663], [101.611806, 3.073663], [101.611868, 3.073647], [101.611867, 3.073489]]]}}, {"type": "Feature", "properties": {}, "geometry": {"type": "Polygon", "coordinates": [[[101.611805, 3.07349], [101.611743, 3.07349], [101.611682, 3.073506], [101.611682, 3.073663], [101.611744, 3.073663], [101.611806, 3.073647], [101.611805, 3.07349]]]}}, {"type": "Feature", "properties": {}, "geometry": {"type": "Polygon", "coordinates": [[[101.611743, 3.07349], [101.611681, 3.07349], [101.61162, 3.073506], [101.61162, 3.073663], [101.611682, 3.073663], [101.611744, 3.073648], [101.611743, 3.07349]]]}}, {"type": "Feature", "properties": {}, "geometry": {"type": "Polygon", "coordinates": [[[101.611681, 3.07349], [101.611619, 3.073491], [101.611558, 3.073506], [101.611559, 3.073664], [101.61162, 3.073663], [101.611682, 3.073648], [101.611681, 3.07349]]]}}, {"type": "Feature", "properties": {}, "geometry": {"type": "Polygon", "coordinates": [[[101.611619, 3.073491], [101.611557, 3.073491], [101.611496, 3.073507], [101.611497, 3.073664], [101.611559, 3.073664], [101.61162, 3.073648], [101.611619, 3.073491]]]}}, {"type": "Feature", "properties": {}, "geometry": {"type": "Polygon", "coordinates": [[[101.611557, 3.073491], [101.611495, 3.073491], [101.611434, 3.073507], [101.611435, 3.073665], [101.611497, 3.073664], [101.611558, 3.073649], [101.611557, 3.073491]]]}}, {"type": "Feature", "properties": {}, "geometry": {"type": "Polygon", "coordinates": [[[101.611495, 3.073491], [101.611433, 3.073492], [101.611372, 3.073507], [101.611373, 3.073665], [101.611435, 3.073665], [101.611496, 3.073649], [101.611495, 3.073491]]]}}, {"type": "Feature", "properties": {}, "geometry": {"type": "Polygon", "coordinates": [[[101.611433, 3.073492], [101.611371, 3.073492], [101.61131, 3.073507], [101.611311, 3.073665], [101.611373, 3.073665], [101.611434, 3.073649], [101.611433, 3.073492]]]}}, {"type": "Feature", "properties": {}, "geometry": {"type": "Polygon", "coordinates": [[[101.611371, 3.073492], [101.611309, 3.073492], [101.611248, 3.073508], [101.611249, 3.073666], [101.611311, 3.073665], [101.611372, 3.07365], [101.611371, 3.073492]]]}}, {"type": "Feature", "properties": {}, "geometry": {"type": "Polygon", "coordinates": [[[101.611309, 3.073492], [101.611248, 3.073493], [101.611186, 3.073508], [101.611187, 3.073666], [101.611249, 3.073666], [101.61131, 3.07365], [101.611309, 3.073492]]]}}, {"type": "Feature", "properties": {}, "geometry": {"type": "Polygon", "coordinates": [[[101.611248, 3.073493], [101.611186, 3.073493], [101.611124, 3.073508], [101.611125, 3.073666], [101.611187, 3.073666], [101.611248, 3.07365], [101.611248, 3.073493]]]}}, {"type": "Feature", "properties": {}, "geometry": {"type": "Polygon", "coordinates": [[[101.611185, 3.073305], [101.611124, 3.073306], [101.611062, 3.073321], [101.611063, 3.07348], [101.611125, 3.07348], [101.611186, 3.073464], [101.611185, 3.073305]]]}}, {"type": "Feature", "properties": {}, "geometry": {"type": "Polygon", "coordinates": [[[101.611247, 3.073305], [101.611185, 3.073305], [101.611124, 3.073321], [101.611125, 3.07348], [101.611187, 3.073479], [101.611248, 3.073464], [101.611247, 3.073305]]]}}, {"type": "Feature", "properties": {}, "geometry": {"type": "Polygon", "coordinates": [[[101.611309, 3.073305], [101.611247, 3.073305], [101.611186, 3.07332], [101.611187, 3.073479], [101.611248, 3.073479], [101.61131, 3.073464], [101.611309, 3.073305]]]}}, {"type": "Feature", "properties": {}, "geometry": {"type": "Polygon", "coordinates": [[[101.61137, 3.073304], [101.611309, 3.073305], [101.611247, 3.07332], [101.611248, 3.073479], [101.61131, 3.073479], [101.611371, 3.073463], [101.61137, 3.073304]]]}}, {"type": "Feature", "properties": {}, "geometry": {"type": "Polygon", "coordinates": [[[101.611432, 3.073304], [101.61137, 3.073304], [101.611309, 3.07332], [101.61131, 3.073479], [101.611372, 3.073478], [101.611433, 3.073463], [101.611432, 3.073304]]]}}, {"type": "Feature", "properties": {}, "geometry": {"type": "Polygon", "coordinates": [[[101.611494, 3.073304], [101.611432, 3.073304], [101.611371, 3.07332], [101.611372, 3.073478], [101.611433, 3.073478], [101.611495, 3.073463], [101.611494, 3.073304]]]}}, {"type": "Feature", "properties": {}, "geometry": {"type": "Polygon", "coordinates": [[[101.611555, 3.073303], [101.611494, 3.073304], [101.611433, 3.073319], [101.611433, 3.073478], [101.611495, 3.073478], [101.611556, 3.073462], [101.611555, 3.073303]]]}}, {"type": "Feature", "properties": {}, "geometry": {"type": "Polygon", "coordinates": [[[101.611617, 3.073303], [101.611555, 3.073303], [101.611494, 3.073319], [101.611495, 3.073478], [101.611557, 3.073477], [101.611618, 3.073462], [101.611617, 3.073303]]]}}, {"type": "Feature", "properties": {}, "geometry": {"type": "Polygon", "coordinates": [[[101.611679, 3.073303], [101.611617, 3.073303], [101.611556, 3.073319], [101.611557, 3.073477], [101.611618, 3.073477], [101.61168, 3.073462], [101.611679, 3.073303]]]}}, {"type": "Feature", "properties": {}, "geometry": {"type": "Polygon", "coordinates": [[[101.611741, 3.073302], [101.611679, 3.073303], [101.611617, 3.073318], [101.611618, 3.073477], [101.61168, 3.073477], [101.611741, 3.073461], [101.611741, 3.073302]]]}}, {"type": "Feature", "properties": {}, "geometry": {"type": "Polygon", "coordinates": [[[101.611802, 3.073302], [101.611741, 3.073302], [101.611679, 3.073318], [101.61168, 3.073477], [101.611742, 3.073476], [101.611803, 3.073461], [101.611802, 3.073302]]]}}, {"type": "Feature", "properties": {}, "geometry": {"type": "Polygon", "coordinates": [[[101.611972, 3.073311], [101.61191, 3.073311], [101.611848, 3.073327], [101.611849, 3.073479], [101.611911, 3.073479], [101.611973, 3.073464], [101.611972, 3.073311]]]}}, {"type": "Feature", "properties": {}, "geometry": {"type": "Polygon", "coordinates": [[[101.612034, 3.073311], [101.611972, 3.073311], [101.61191, 3.073326], [101.611911, 3.073479], [101.611973, 3.073479], [101.612035, 3.073463], [101.612034, 3.073311]]]}}, {"type": "Feature", "properties": {}, "geometry": {"type": "Polygon", "coordinates": [[[101.612096, 3.07331], [101.612034, 3.073311], [101.611972, 3.073326], [101.611973, 3.073479], [101.612036, 3.073478], [101.612097, 3.073463], [101.612096, 3.07331]]]}}, {"type": "Feature", "properties": {}, "geometry": {"type": "Polygon", "coordinates": [[[101.612158, 3.07331], [101.612096, 3.07331], [101.612035, 3.073326], [101.612036, 3.073478], [101.612098, 3.073478], [101.612159, 3.073463], [101.612158, 3.07331]]]}}, {"type": "Feature", "properties": {}, "geometry": {"type": "Polygon", "coordinates": [[[101.61222, 3.07331], [101.612158, 3.07331], [101.612097, 3.073325], [101.612098, 3.073478], [101.61216, 3.073478], [101.612221, 3.073462], [101.61222, 3.07331]]]}}, {"type": "Feature", "properties": {}, "geometry": {"type": "Polygon", "coordinates": [[[101.612282, 3.073309], [101.61222, 3.07331], [101.612159, 3.073325], [101.61216, 3.073478], [101.612222, 3.073478], [101.612283, 3.073462], [101.612282, 3.073309]]]}}, {"type": "Feature", "properties": {}, "geometry": {"type": "Polygon", "coordinates": [[[101.612345, 3.073309], [101.612282, 3.073309], [101.612221, 3.073325], [101.612222, 3.073478], [101.612284, 3.073477], [101.612345, 3.073462], [101.612345, 3.073309]]]}}, {"type": "Feature", "properties": {}, "geometry": {"type": "Polygon", "coordinates": [[[101.612407, 3.073309], [101.612345, 3.073309], [101.612283, 3.073324], [101.612284, 3.073477], [101.612346, 3.073477], [101.612408, 3.073461], [101.612407, 3.073309]]]}}, {"type": "Feature", "properties": {}, "geometry": {"type": "Polygon", "coordinates": [[[101.612469, 3.073308], [101.612407, 3.073309], [101.612345, 3.073324], [101.612346, 3.073477], [101.612408, 3.073476], [101.61247, 3.073461], [101.612469, 3.073308]]]}}, {"type": "Feature", "properties": {}, "geometry": {"type": "Polygon", "coordinates": [[[101.612531, 3.073308], [101.612469, 3.073308], [101.612408, 3.073324], [101.612408, 3.073476], [101.612471, 3.073476], [101.612532, 3.073461], [101.612531, 3.073308]]]}}, {"type": "Feature", "properties": {}, "geometry": {"type": "Polygon", "coordinates": [[[101.612593, 3.073308], [101.612531, 3.073308], [101.61247, 3.073323], [101.612471, 3.073476], [101.612533, 3.073476], [101.612594, 3.07346], [101.612593, 3.073308]]]}}, {"type": "Feature", "properties": {}, "geometry": {"type": "Polygon", "coordinates": [[[101.612653, 3.073491], [101.612591, 3.073491], [101.612529, 3.073507], [101.61253, 3.073656], [101.612592, 3.073656], [101.612653, 3.073641], [101.612653, 3.073491]]]}}, {"type": "Feature", "properties": {}, "geometry": {"type": "Polygon", "coordinates": [[[101.612591, 3.073491], [101.612529, 3.073492], [101.612467, 3.073507], [101.612468, 3.073657], [101.61253, 3.073656], [101.612591, 3.073641], [101.612591, 3.073491]]]}}, {"type": "Feature", "properties": {}, "geometry": {"type": "Polygon", "coordinates": [[[101.612529, 3.073492], [101.612467, 3.073492], [101.612405, 3.073507], [101.612406, 3.073657], [101.612468, 3.073657], [101.612529, 3.073641], [101.612529, 3.073492]]]}}, {"type": "Feature", "properties": {}, "geometry": {"type": "Polygon", "coordinates": [[[101.612467, 3.073492], [101.612404, 3.073492], [101.612343, 3.073508], [101.612344, 3.073657], [101.612406, 3.073657], [101.612467, 3.073642], [101.612467, 3.073492]]]}}, {"type": "Feature", "properties": {}, "geometry": {"type": "Polygon", "coordinates": [[[101.612404, 3.073492], [101.612342, 3.073493], [101.612281, 3.073508], [101.612282, 3.073658], [101.612344, 3.073657], [101.612405, 3.073642], [101.612404, 3.073492]]]}}, {"type": "Feature", "properties": {}, "geometry": {"type": "Polygon", "coordinates": [[[101.612342, 3.073493], [101.61228, 3.073493], [101.612219, 3.073508], [101.61222, 3.073658], [101.612282, 3.073658], [101.612343, 3.073642], [101.612342, 3.073493]]]}}, {"type": "Feature", "properties": {}, "geometry": {"type": "Polygon", "coordinates": [[[101.61228, 3.073493], [101.612218, 3.073493], [101.612157, 3.073509], [101.612158, 3.073659], [101.61222, 3.073658], [101.612281, 3.073643], [101.61228, 3.073493]]]}}, {"type": "Feature", "properties": {}, "geometry": {"type": "Polygon", "coordinates": [[[101.612218, 3.073493], [101.612156, 3.073494], [101.612095, 3.073509], [101.612096, 3.073659], [101.612158, 3.073659], [101.612219, 3.073643], [101.612218, 3.073493]]]}}, {"type": "Feature", "properties": {}, "geometry": {"type": "Polygon", "coordinates": [[[101.612156, 3.073494], [101.612094, 3.073494], [101.612033, 3.073509], [101.612034, 3.073659], [101.612096, 3.073659], [101.612157, 3.073643], [101.612156, 3.073494]]]}}, {"type": "Feature", "properties": {}, "geometry": {"type": "Polygon", "coordinates": [[[101.612094, 3.073494], [101.612032, 3.073494], [101.611971, 3.07351], [101.611972, 3.073659], [101.612034, 3.073659], [101.612095, 3.073644], [101.612094, 3.073494]]]}}, {"type": "Feature", "properties": {}, "geometry": {"type": "Polygon", "coordinates": [[[101.612032, 3.073494], [101.61197, 3.073494], [101.611909, 3.07351], [101.61191, 3.07366], [101.611972, 3.073659], [101.612033, 3.073644], [101.612032, 3.073494]]]}}, {"type": "Feature", "properties": {}, "geometry": {"type": "Polygon", "coordinates": [[[101.613448, 3.073491], [101.613385, 3.073491], [101.613324, 3.073506], [101.613325, 3.07366], [101.613387, 3.073659], [101.613449, 3.073644], [101.613448, 3.073491]]]}}, {"type": "Feature", "properties": {}, "geometry": {"type": "Polygon", "coordinates": [[[101.613385, 3.073491], [101.613323, 3.073491], [101.613262, 3.073507], [101.613263, 3.07366], [101.613325, 3.07366], [101.613386, 3.073644], [101.613385, 3.073491]]]}}, {"type": "Feature", "properties": {}, "geometry": {"type": "Polygon", "coordinates": [[[101.613323, 3.073491], [101.613261, 3.073492], [101.613199, 3.073507], [101.6132, 3.07366], [101.613263, 3.07366], [101.613324, 3.073644], [101.613323, 3.073491]]]}}, {"type": "Feature", "properties": {}, "geometry": {"type": "Polygon", "coordinates": [[[101.613261, 3.073492], [101.613198, 3.073492], [101.613137, 3.073507], [101.613138, 3.07366], [101.6132, 3.07366], [101.613262, 3.073645], [101.613261, 3.073492]]]}}, {"type": "Feature", "properties": {}, "geometry": {"type": "Polygon", "coordinates": [[[101.613198, 3.073492], [101.613136, 3.073492], [101.613075, 3.073508], [101.613075, 3.073661], [101.613138, 3.07366], [101.613199, 3.073645], [101.613198, 3.073492]]]}}, {"type": "Feature", "properties": {}, "geometry": {"type": "Polygon", "coordinates": [[[101.613136, 3.073492], [101.613074, 3.073493], [101.613012, 3.073508], [101.613013, 3.073661], [101.613075, 3.073661], [101.613137, 3.073645], [101.613136, 3.073492]]]}}, {"type": "Feature", "properties": {}, "geometry": {"type": "Polygon", "coordinates": [[[101.613074, 3.073493], [101.613011, 3.073493], [101.61295, 3.073508], [101.612951, 3.073662], [101.613013, 3.073661], [101.613074, 3.073646], [101.613074, 3.073493]]]}}, {"type": "Feature", "properties": {}, "geometry": {"type": "Polygon", "coordinates": [[[101.613011, 3.073493], [101.612949, 3.073493], [101.612887, 3.073509], [101.612888, 3.073662], [101.612951, 3.073662], [101.613012, 3.073646], [101.613011, 3.073493]]]}}, {"type": "Feature", "properties": {}, "geometry": {"type": "Polygon", "coordinates": [[[101.612949, 3.073493], [101.612886, 3.073494], [101.612825, 3.073509], [101.612826, 3.073662], [101.612888, 3.073662], [101.61295, 3.073646], [101.612949, 3.073493]]]}}, {"type": "Feature", "properties": {}, "geometry": {"type": "Polygon", "coordinates": [[[101.612886, 3.073494], [101.612824, 3.073494], [101.612763, 3.073509], [101.612764, 3.073662], [101.612826, 3.073662], [101.612887, 3.073647], [101.612886, 3.073494]]]}}, {"type": "Feature", "properties": {}, "geometry": {"type": "Polygon", "coordinates": [[[101.612824, 3.073494], [101.612762, 3.073494], [101.6127, 3.07351], [101.612701, 3.073663], [101.612764, 3.073662], [101.612825, 3.073647], [101.612824, 3.073494]]]}}, {"type": "Feature", "properties": {}, "geometry": {"type": "Polygon", "coordinates": [[[101.613448, 3.0733], [101.613385, 3.0733], [101.613324, 3.073316], [101.613325, 3.07347], [101.613387, 3.07347], [101.613449, 3.073454], [101.613448, 3.0733]]]}}, {"type": "Feature", "properties": {}, "geometry": {"type": "Polygon", "coordinates": [[[101.613385, 3.0733], [101.613323, 3.0733], [101.613261, 3.073316], [101.613262, 3.07347], [101.613325, 3.07347], [101.613386, 3.073455], [101.613385, 3.0733]]]}}, {"type": "Feature", "properties": {}, "geometry": {"type": "Polygon", "coordinates": [[[101.613323, 3.0733], [101.61326, 3.073301], [101.613199, 3.073316], [101.6132, 3.073471], [101.613262, 3.07347], [101.613324, 3.073455], [101.613323, 3.0733]]]}}, {"type": "Feature", "properties": {}, "geometry": {"type": "Polygon", "coordinates": [[[101.61326, 3.073301], [101.613198, 3.073301], [101.613137, 3.073316], [101.613137, 3.073471], [101.6132, 3.073471], [101.613261, 3.073455], [101.61326, 3.073301]]]}}, {"type": "Feature", "properties": {}, "geometry": {"type": "Polygon", "coordinates": [[[101.613198, 3.073301], [101.613135, 3.073301], [101.613074, 3.073317], [101.613075, 3.073472], [101.613137, 3.073471], [101.613199, 3.073456], [101.613198, 3.073301]]]}}, {"type": "Feature", "properties": {}, "geometry": {"type": "Polygon", "coordinates": [[[101.613135, 3.073301], [101.613073, 3.073302], [101.613012, 3.073317], [101.613012, 3.073472], [101.613075, 3.073472], [101.613136, 3.073456], [101.613135, 3.073301]]]}}, {"type": "Feature", "properties": {}, "geometry": {"type": "Polygon", "coordinates": [[[101.613073, 3.073302], [101.61301, 3.073302], [101.612949, 3.073317], [101.61295, 3.073472], [101.613012, 3.073472], [101.613074, 3.073456], [101.613073, 3.073302]]]}}, {"type": "Feature", "properties": {}, "geometry": {"type": "Polygon", "coordinates": [[[101.61301, 3.073302], [101.612948, 3.073302], [101.612887, 3.073318], [101.612887, 3.073472], [101.61295, 3.073472], [101.613011, 3.073457], [101.61301, 3.073302]]]}}, {"type": "Feature", "properties": {}, "geometry": {"type": "Polygon", "coordinates": [[[101.612948, 3.073302], [101.612886, 3.073303], [101.612824, 3.073318], [101.612825, 3.073473], [101.612887, 3.073472], [101.612949, 3.073457], [101.612948, 3.073302]]]}}, {"type": "Feature", "properties": {}, "geometry": {"type": "Polygon", "coordinates": [[[101.612886, 3.073303], [101.612823, 3.073303], [101.612762, 3.073319], [101.612763, 3.073473], [101.612825, 3.073473], [101.612886, 3.073457], [101.612886, 3.073303]]]}}, {"type": "Feature", "properties": {}, "geometry": {"type": "Polygon", "coordinates": [[[101.612823, 3.073303], [101.612761, 3.073303], [101.612699, 3.073319], [101.6127, 3.073473], [101.612763, 3.073473], [101.612824, 3.073458], [101.612823, 3.073303]]]}}, {"type": "Feature", "properties": {}, "geometry": {"type": "Polygon", "coordinates": [[[101.612759, 3.072754], [101.612697, 3.072755], [101.612635, 3.07277], [101.612636, 3.072923], [101.612699, 3.072923], [101.61276, 3.072907], [101.612759, 3.072754]]]}}, {"type": "Feature", "properties": {}, "geometry": {"type": "Polygon", "coordinates": [[[101.612821, 3.072753], [101.612759, 3.072754], [101.612698, 3.072769], [101.612699, 3.072923], [101.612761, 3.072922], [101.612823, 3.072907], [101.612821, 3.072753]]]}}, {"type": "Feature", "properties": {}, "geometry": {"type": "Polygon", "coordinates": [[[101.612884, 3.072753], [101.612821, 3.072753], [101.61276, 3.072769], [101.612761, 3.072922], [101.612824, 3.072922], [101.612885, 3.072906], [101.612884, 3.072753]]]}}, {"type": "Feature", "properties": {}, "geometry": {"type": "Polygon", "coordinates": [[[101.612946, 3.072752], [101.612884, 3.072753], [101.612822, 3.072768], [101.612824, 3.072922], [101.612886, 3.072921], [101.612948, 3.072905], [101.612946, 3.072752]]]}}, {"type": "Feature", "properties": {}, "geometry": {"type": "Polygon", "coordinates": [[[101.613009, 3.072752], [101.612946, 3.072752], [101.612885, 3.072768], [101.612886, 3.072921], [101.612949, 3.07292], [101.61301, 3.072905], [101.613009, 3.072752]]]}}, {"type": "Feature", "properties": {}, "geometry": {"type": "Polygon", "coordinates": [[[101.613071, 3.072751], [101.613009, 3.072752], [101.612947, 3.072767], [101.612949, 3.07292], [101.613011, 3.07292], [101.613073, 3.072904], [101.613071, 3.072751]]]}}, {"type": "Feature", "properties": {}, "geometry": {"type": "Polygon", "coordinates": [[[101.613134, 3.072751], [101.613071, 3.072751], [101.61301, 3.072767], [101.613011, 3.07292], [101.613074, 3.072919], [101.613135, 3.072904], [101.613134, 3.072751]]]}}, {"type": "Feature", "properties": {}, "geometry": {"type": "Polygon", "coordinates": [[[101.613196, 3.07275], [101.613134, 3.072751], [101.613072, 3.072766], [101.613074, 3.072919], [101.613136, 3.072919], [101.613197, 3.072903], [101.613196, 3.07275]]]}}, {"type": "Feature", "properties": {}, "geometry": {"type": "Polygon", "coordinates": [[[101.613259, 3.072749], [101.613196, 3.07275], [101.613135, 3.072765], [101.613136, 3.072919], [101.613198, 3.072918], [101.61326, 3.072903], [101.613259, 3.072749]]]}}, {"type": "Feature", "properties": {}, "geometry": {"type": "Polygon", "coordinates": [[[101.613321, 3.072749], [101.613259, 3.072749], [101.613197, 3.072765], [101.613198, 3.072918], [101.613261, 3.072917], [101.613322, 3.072902], [101.613321, 3.072749]]]}}, {"type": "Feature", "properties": {}, "geometry": {"type": "Polygon", "coordinates": [[[101.613383, 3.072748], [101.613321, 3.072749], [101.61326, 3.072764], [101.613261, 3.072917], [101.613323, 3.072917], [101.613385, 3.072901], [101.613383, 3.072748]]]}}, {"type": "Feature", "properties": {}, "geometry": {"type": "Polygon", "coordinates": [[[101.613443, 3.07294], [101.613381, 3.07294], [101.61332, 3.072956], [101.613321, 3.073105], [101.613383, 3.073104], [101.613445, 3.073089], [101.613443, 3.07294]]]}}, {"type": "Feature", "properties": {}, "geometry": {"type": "Polygon", "coordinates": [[[101.613381, 3.07294], [101.613318, 3.072941], [101.613257, 3.072956], [101.613258, 3.073105], [101.613321, 3.073105], [101.613382, 3.073089], [101.613381, 3.07294]]]}}, {"type": "Feature", "properties": {}, "geometry": {"type": "Polygon", "coordinates": [[[101.613318, 3.072941], [101.613256, 3.072941], [101.613195, 3.072957], [101.613196, 3.073106], [101.613258, 3.073105], [101.61332, 3.07309], [101.613318, 3.072941]]]}}, {"type": "Feature", "properties": {}, "geometry": {"type": "Polygon", "coordinates": [[[101.613256, 3.072941], [101.613194, 3.072942], [101.613132, 3.072957], [101.613134, 3.073107], [101.613196, 3.073106], [101.613257, 3.073091], [101.613256, 3.072941]]]}}, {"type": "Feature", "properties": {}, "geometry": {"type": "Polygon", "coordinates": [[[101.613194, 3.072942], [101.613131, 3.072943], [101.61307, 3.072958], [101.613071, 3.073107], [101.613134, 3.073107], [101.613195, 3.073091], [101.613194, 3.072942]]]}}, {"type": "Feature", "properties": {}, "geometry": {"type": "Polygon", "coordinates": [[[101.613131, 3.072943], [101.613069, 3.072943], [101.613007, 3.072958], [101.613009, 3.073108], [101.613071, 3.073107], [101.613132, 3.073092], [101.613131, 3.072943]]]}}, {"type": "Feature", "properties": {}, "geometry": {"type": "Polygon", "coordinates": [[[101.613069, 3.072943], [101.613006, 3.072944], [101.612945, 3.072959], [101.612946, 3.073108], [101.613009, 3.073108], [101.61307, 3.073092], [101.613069, 3.072943]]]}}, {"type": "Feature", "properties": {}, "geometry": {"type": "Polygon", "coordinates": [[[101.613006, 3.072944], [101.612944, 3.072944], [101.612882, 3.07296], [101.612884, 3.073109], [101.612946, 3.073108], [101.613008, 3.073093], [101.613006, 3.072944]]]}}, {"type": "Feature", "properties": {}, "geometry": {"type": "Polygon", "coordinates": [[[101.612944, 3.072944], [101.612881, 3.072945], [101.61282, 3.07296], [101.612821, 3.073109], [101.612884, 3.073109], [101.612945, 3.073093], [101.612944, 3.072944]]]}}, {"type": "Feature", "properties": {}, "geometry": {"type": "Polygon", "coordinates": [[[101.612881, 3.072945], [101.612819, 3.072945], [101.612758, 3.072961], [101.612759, 3.07311], [101.612821, 3.073109], [101.612883, 3.073094], [101.612881, 3.072945]]]}}, {"type": "Feature", "properties": {}, "geometry": {"type": "Polygon", "coordinates": [[[101.612819, 3.072945], [101.612756, 3.072946], [101.612695, 3.072961], [101.612696, 3.07311], [101.612759, 3.07311], [101.61282, 3.073094], [101.612819, 3.072945]]]}}, {"type": "Feature", "properties": {}, "geometry": {"type": "Polygon", "coordinates": [[[101.611972, 3.072754], [101.611911, 3.072755], [101.611849, 3.07277], [101.611851, 3.072921], [101.611912, 3.072921], [101.611973, 3.072905], [101.611972, 3.072754]]]}}, {"type": "Feature", "properties": {}, "geometry": {"type": "Polygon", "coordinates": [[[101.612034, 3.072754], [101.611972, 3.072754], [101.611911, 3.07277], [101.611912, 3.072921], [101.611974, 3.07292], [101.612035, 3.072905], [101.612034, 3.072754]]]}}, {"type": "Feature", "properties": {}, "geometry": {"type": "Polygon", "coordinates": [[[101.612095, 3.072753], [101.612034, 3.072754], [101.611972, 3.072769], [101.611974, 3.07292], [101.612035, 3.07292], [101.612096, 3.072904], [101.612095, 3.072753]]]}}, {"type": "Feature", "properties": {}, "geometry": {"type": "Polygon", "coordinates": [[[101.612156, 3.072753], [101.612095, 3.072753], [101.612034, 3.072769], [101.612035, 3.07292], [101.612097, 3.072919], [101.612158, 3.072904], [101.612156, 3.072753]]]}}, {"type": "Feature", "properties": {}, "geometry": {"type": "Polygon", "coordinates": [[[101.612218, 3.072752], [101.612156, 3.072753], [101.612095, 3.072768], [101.612097, 3.072919], [101.612158, 3.072919], [101.612219, 3.072903], [101.612218, 3.072752]]]}}, {"type": "Feature", "properties": {}, "geometry": {"type": "Polygon", "coordinates": [[[101.612279, 3.072751], [101.612218, 3.072752], [101.612157, 3.072767], [101.612158, 3.072919], [101.612219, 3.072918], [101.612281, 3.072903], [101.612279, 3.072751]]]}}, {"type": "Feature", "properties": {}, "geometry": {"type": "Polygon", "coordinates": [[[101.612341, 3.072751], [101.612279, 3.072751], [101.612218, 3.072767], [101.612219, 3.072918], [101.612281, 3.072917], [101.612342, 3.072902], [101.612341, 3.072751]]]}}, {"type": "Feature", "properties": {}, "geometry": {"type": "Polygon", "coordinates": [[[101.612402, 3.07275], [101.612341, 3.072751], [101.612279, 3.072766], [101.612281, 3.072917], [101.612342, 3.072917], [101.612404, 3.072901], [101.612402, 3.07275]]]}}, {"type": "Feature", "properties": {}, "geometry": {"type": "Polygon", "coordinates": [[[101.612464, 3.07275], [101.612402, 3.07275], [101.612341, 3.072766], [101.612342, 3.072917], [101.612404, 3.072916], [101.612465, 3.072901], [101.612464, 3.07275]]]}}, {"type": "Feature", "properties": {}, "geometry": {"type": "Polygon", "coordinates": [[[101.612525, 3.072749], [101.612464, 3.07275], [101.612402, 3.072765], [101.612404, 3.072916], [101.612465, 3.072916], [101.612527, 3.0729], [101.612525, 3.072749]]]}}, {"type": "Feature", "properties": {}, "geometry": {"type": "Polygon", "coordinates": [[[101.612587, 3.072749], [101.612525, 3.072749], [101.612464, 3.072765], [101.612465, 3.072916], [101.612527, 3.072915], [101.612588, 3.0729], [101.612587, 3.072749]]]}}, {"type": "Feature", "properties": {}, "geometry": {"type": "Polygon", "coordinates": [[[101.612652, 3.072938], [101.61259, 3.072938], [101.612529, 3.072954], [101.61253, 3.073109], [101.612592, 3.073109], [101.612654, 3.073093], [101.612652, 3.072938]]]}}, {"type": "Feature", "properties": {}, "geometry": {"type": "Polygon", "coordinates": [[[101.61259, 3.072938], [101.612528, 3.072939], [101.612467, 3.072954], [101.612468, 3.07311], [101.61253, 3.073109], [101.612591, 3.073094], [101.61259, 3.072938]]]}}, {"type": "Feature", "properties": {}, "geometry": {"type": "Polygon", "coordinates": [[[101.612528, 3.072939], [101.612466, 3.072939], [101.612405, 3.072955], [101.612406, 3.07311], [101.612468, 3.07311], [101.612529, 3.073094], [101.612528, 3.072939]]]}}, {"type": "Feature", "properties": {}, "geometry": {"type": "Polygon", "coordinates": [[[101.612466, 3.072939], [101.612404, 3.07294], [101.612343, 3.072955], [101.612344, 3.073111], [101.612406, 3.07311], [101.612467, 3.073095], [101.612466, 3.072939]]]}}, {"type": "Feature", "properties": {}, "geometry": {"type": "Polygon", "coordinates": [[[101.612404, 3.07294], [101.612342, 3.072941], [101.61228, 3.072956], [101.612282, 3.073111], [101.612344, 3.073111], [101.612405, 3.073095], [101.612404, 3.07294]]]}}, {"type": "Feature", "properties": {}, "geometry": {"type": "Polygon", "coordinates": [[[101.612342, 3.072941], [101.61228, 3.072941], [101.612218, 3.072957], [101.61222, 3.073112], [101.612282, 3.073111], [101.612343, 3.073096], [101.612342, 3.072941]]]}}, {"type": "Feature", "properties": {}, "geometry": {"type": "Polygon", "coordinates": [[[101.61228, 3.072941], [101.612218, 3.072942], [101.612156, 3.072957], [101.612158, 3.073113], [101.61222, 3.073112], [101.612281, 3.073097], [101.61228, 3.072941]]]}}, {"type": "Feature", "properties": {}, "geometry": {"type": "Polygon", "coordinates": [[[101.612218, 3.072942], [101.612156, 3.072942], [101.612094, 3.072958], [101.612096, 3.073113], [101.612158, 3.073113], [101.612219, 3.073097], [101.612218, 3.072942]]]}}, {"type": "Feature", "properties": {}, "geometry": {"type": "Polygon", "coordinates": [[[101.612156, 3.072942], [101.612094, 3.072943], [101.612032, 3.072958], [101.612034, 3.073114], [101.612096, 3.073113], [101.612157, 3.073098], [101.612156, 3.072942]]]}}, {"type": "Feature", "properties": {}, "geometry": {"type": "Polygon", "coordinates": [[[101.612094, 3.072943], [101.612032, 3.072943], [101.61197, 3.072959], [101.611972, 3.073114], [101.612034, 3.073114], [101.612095, 3.073098], [101.612094, 3.072943]]]}}, {"type": "Feature", "properties": {}, "geometry": {"type": "Polygon", "coordinates": [[[101.612032, 3.072943], [101.61197, 3.072944], [101.611908, 3.072959], [101.61191, 3.073115], [101.611972, 3.073114], [101.612033, 3.073099], [101.612032, 3.072943]]]}}, {"type": "Feature", "properties": {}, "geometry": {"type": "Polygon", "coordinates": [[[101.611861, 3.072943], [101.6118, 3.072943], [101.611738, 3.072959], [101.61174, 3.073111], [101.611801, 3.073111], [101.611862, 3.073095], [101.611861, 3.072943]]]}}, {"type": "Feature", "properties": {}, "geometry": {"type": "Polygon", "coordinates": [[[101.6118, 3.072943], [101.611739, 3.072944], [101.611677, 3.072959], [101.611679, 3.073112], [101.61174, 3.073111], [101.611801, 3.073096], [101.6118, 3.072943]]]}}, {"type": "Feature", "properties": {}, "geometry": {"type": "Polygon", "coordinates": [[[101.611739, 3.072944], [101.611678, 3.072944], [101.611616, 3.07296], [101.611618, 3.073112], [101.611679, 3.073112], [101.61174, 3.073096], [101.611739, 3.072944]]]}}, {"type": "Feature", "properties": {}, "geometry": {"type": "Polygon", "coordinates": [[[101.611678, 3.072944], [101.611616, 3.072945], [101.611555, 3.07296], [101.611556, 3.073113], [101.611618, 3.073112], [101.611679, 3.073097], [101.611678, 3.072944]]]}}, {"type": "Feature", "properties": {}, "geometry": {"type": "Polygon", "coordinates": [[[101.611616, 3.072945], [101.611555, 3.072945], [101.611494, 3.072961], [101.611495, 3.073113], [101.611556, 3.073113], [101.611618, 3.073097], [101.611616, 3.072945]]]}}, {"type": "Feature", "properties": {}, "geometry": {"type": "Polygon", "coordinates": [[[101.611555, 3.072945], [101.611494, 3.072946], [101.611433, 3.072961], [101.611434, 3.073114], [101.611495, 3.073113], [101.611557, 3.073098], [101.611555, 3.072945]]]}}, {"type": "Feature", "properties": {}, "geometry": {"type": "Polygon", "coordinates": [[[101.611494, 3.072946], [101.611433, 3.072947], [101.611372, 3.072962], [101.611373, 3.073114], [101.611434, 3.073114], [101.611495, 3.073099], [101.611494, 3.072946]]]}}, {"type": "Feature", "properties": {}, "geometry": {"type": "Polygon", "coordinates": [[[101.611433, 3.072947], [101.611372, 3.072947], [101.611311, 3.072963], [101.611312, 3.073115], [101.611373, 3.073114], [101.611434, 3.073099], [101.611433, 3.072947]]]}}, {"type": "Feature", "properties": {}, "geometry": {"type": "Polygon", "coordinates": [[[101.611372, 3.072947], [101.611311, 3.072948], [101.611249, 3.072963], [101.611251, 3.073116], [101.611312, 3.073115], [101.611373, 3.0731], [101.611372, 3.072947]]]}}, {"type": "Feature", "properties": {}, "geometry": {"type": "Polygon", "coordinates": [[[101.611311, 3.072948], [101.61125, 3.072948], [101.611188, 3.072964], [101.61119, 3.073116], [101.611251, 3.073116], [101.611312, 3.0731], [101.611311, 3.072948]]]}}, {"type": "Feature", "properties": {}, "geometry": {"type": "Polygon", "coordinates": [[[101.61125, 3.072948], [101.611188, 3.072949], [101.611127, 3.072964], [101.611129, 3.073117], [101.61119, 3.073116], [101.611251, 3.073101], [101.61125, 3.072948]]]}}, {"type": "Feature", "properties": {}, "geometry": {"type": "Polygon", "coordinates": [[[101.611862, 3.072751], [101.611801, 3.072752], [101.611739, 3.072767], [101.611741, 3.07292], [101.611802, 3.072919], [101.611864, 3.072904], [101.611862, 3.072751]]]}}, {"type": "Feature", "properties": {}, "geometry": {"type": "Polygon", "coordinates": [[[101.611801, 3.072752], [101.611739, 3.072753], [101.611678, 3.072768], [101.611679, 3.072921], [101.611741, 3.07292], [101.611802, 3.072905], [101.611801, 3.072752]]]}}, {"type": "Feature", "properties": {}, "geometry": {"type": "Polygon", "coordinates": [[[101.611739, 3.072753], [101.611677, 3.072753], [101.611616, 3.072769], [101.611617, 3.072921], [101.611679, 3.072921], [101.61174, 3.072905], [101.611739, 3.072753]]]}}, {"type": "Feature", "properties": {}, "geometry": {"type": "Polygon", "coordinates": [[[101.611677, 3.072753], [101.611616, 3.072754], [101.611554, 3.072769], [101.611556, 3.072922], [101.611617, 3.072921], [101.611679, 3.072906], [101.611677, 3.072753]]]}}, {"type": "Feature", "properties": {}, "geometry": {"type": "Polygon", "coordinates": [[[101.611616, 3.072754], [101.611554, 3.072754], [101.611492, 3.07277], [101.611494, 3.072922], [101.611556, 3.072922], [101.611617, 3.072906], [101.611616, 3.072754]]]}}, {"type": "Feature", "properties": {}, "geometry": {"type": "Polygon", "coordinates": [[[101.611554, 3.072754], [101.611492, 3.072755], [101.611431, 3.07277], [101.611432, 3.072923], [101.611494, 3.072922], [101.611555, 3.072907], [101.611554, 3.072754]]]}}, {"type": "Feature", "properties": {}, "geometry": {"type": "Polygon", "coordinates": [[[101.611492, 3.072755], [101.61143, 3.072755], [101.611369, 3.072771], [101.611371, 3.072923], [101.611432, 3.072923], [101.611494, 3.072907], [101.611492, 3.072755]]]}}, {"type": "Feature", "properties": {}, "geometry": {"type": "Polygon", "coordinates": [[[101.61143, 3.072755], [101.611369, 3.072756], [101.611307, 3.072771], [101.611309, 3.072924], [101.611371, 3.072923], [101.611432, 3.072908], [101.61143, 3.072755]]]}}, {"type": "Feature", "properties": {}, "geometry": {"type": "Polygon", "coordinates": [[[101.611369, 3.072756], [101.611307, 3.072756], [101.611246, 3.072772], [101.611247, 3.072924], [101.611309, 3.072924], [101.61137, 3.072908], [101.611369, 3.072756]]]}}, {"type": "Feature", "properties": {}, "geometry": {"type": "Polygon", "coordinates": [[[101.611307, 3.072756], [101.611245, 3.072757], [101.611184, 3.072773], [101.611185, 3.072925], [101.611247, 3.072924], [101.611308, 3.072909], [101.611307, 3.072756]]]}}, {"type": "Feature", "properties": {}, "geometry": {"type": "Polygon", "coordinates": [[[101.611245, 3.072757], [101.611184, 3.072758], [101.611122, 3.072773], [101.611124, 3.072926], [101.611185, 3.072925], [101.611247, 3.07291], [101.611245, 3.072757]]]}}, {"type": "Feature", "properties": {}, "geometry": {"type": "Polygon", "coordinates": [[[101.611861, 3.072189], [101.611799, 3.07219], [101.611738, 3.072205], [101.611739, 3.072364], [101.611801, 3.072363], [101.611862, 3.072348], [101.611861, 3.072189]]]}}, {"type": "Feature", "properties": {}, "geometry": {"type": "Polygon", "coordinates": [[[101.611799, 3.07219], [101.611737, 3.07219], [101.611676, 3.072206], [101.611677, 3.072364], [101.611739, 3.072364], [101.6118, 3.072348], [101.611799, 3.07219]]]}}, {"type": "Feature", "properties": {}, "geometry": {"type": "Polygon", "coordinates": [[[101.611737, 3.07219], [101.611675, 3.072191], [101.611614, 3.072206], [101.611615, 3.072365], [101.611677, 3.072364], [101.611739, 3.072349], [101.611737, 3.07219]]]}}, {"type": "Feature", "properties": {}, "geometry": {"type": "Polygon", "coordinates": [[[101.611675, 3.072191], [101.611613, 3.072191], [101.611552, 3.072207], [101.611553, 3.072366], [101.611615, 3.072365], [101.611677, 3.07235], [101.611675, 3.072191]]]}}, {"type": "Feature", "properties": {}, "geometry": {"type": "Polygon", "coordinates": [[[101.611613, 3.072191], [101.611551, 3.072192], [101.61149, 3.072207], [101.611491, 3.072366], [101.611553, 3.072366], [101.611615, 3.07235], [101.611613, 3.072191]]]}}, {"type": "Feature", "properties": {}, "geometry": {"type": "Polygon", "coordinates": [[[101.611551, 3.072192], [101.611489, 3.072192], [101.611428, 3.072208], [101.61143, 3.072367], [101.611491, 3.072366], [101.611553, 3.072351], [101.611551, 3.072192]]]}}, {"type": "Feature", "properties": {}, "geometry": {"type": "Polygon", "coordinates": [[[101.611489, 3.072192], [101.611428, 3.072193], [101.611366, 3.072208], [101.611368, 3.072367], [101.61143, 3.072367], [101.611491, 3.072351], [101.611489, 3.072192]]]}}, {"type": "Feature", "properties": {}, "geometry": {"type": "Polygon", "coordinates": [[[101.611428, 3.072193], [101.611366, 3.072194], [101.611304, 3.072209], [101.611306, 3.072368], [101.611368, 3.072367], [101.611429, 3.072352], [101.611428, 3.072193]]]}}, {"type": "Feature", "properties": {}, "geometry": {"type": "Polygon", "coordinates": [[[101.611366, 3.072194], [101.611304, 3.072194], [101.611242, 3.07221], [101.611244, 3.072368], [101.611306, 3.072368], [101.611367, 3.072352], [101.611366, 3.072194]]]}}, {"type": "Feature", "properties": {}, "geometry": {"type": "Polygon", "coordinates": [[[101.611304, 3.072194], [101.611242, 3.072195], [101.611181, 3.07221], [101.611182, 3.072369], [101.611244, 3.072368], [101.611305, 3.072353], [101.611304, 3.072194]]]}}, {"type": "Feature", "properties": {}, "geometry": {"type": "Polygon", "coordinates": [[[101.611242, 3.072195], [101.61118, 3.072195], [101.611119, 3.072211], [101.61112, 3.07237], [101.611182, 3.072369], [101.611243, 3.072353], [101.611242, 3.072195]]]}}, {"type": "Feature", "properties": {}, "geometry": {"type": "Polygon", "coordinates": [[[101.611861, 3.072378], [101.611799, 3.072379], [101.611737, 3.072394], [101.611739, 3.072554], [101.611801, 3.072553], [101.611862, 3.072538], [101.611861, 3.072378]]]}}, {"type": "Feature", "properties": {}, "geometry": {"type": "Polygon", "coordinates": [[[101.611799, 3.072379], [101.611736, 3.072379], [101.611675, 3.072395], [101.611677, 3.072554], [101.611739, 3.072554], [101.6118, 3.072538], [101.611799, 3.072379]]]}}, {"type": "Feature", "properties": {}, "geometry": {"type": "Polygon", "coordinates": [[[101.611736, 3.072379], [101.611674, 3.07238], [101.611613, 3.072395], [101.611615, 3.072555], [101.611677, 3.072554], [101.611738, 3.072539], [101.611736, 3.072379]]]}}, {"type": "Feature", "properties": {}, "geometry": {"type": "Polygon", "coordinates": [[[101.611674, 3.07238], [101.611612, 3.07238], [101.611551, 3.072396], [101.611552, 3.072555], [101.611615, 3.072555], [101.611676, 3.072539], [101.611674, 3.07238]]]}}, {"type": "Feature", "properties": {}, "geometry": {"type": "Polygon", "coordinates": [[[101.611612, 3.07238], [101.61155, 3.072381], [101.611489, 3.072396], [101.61149, 3.072556], [101.611552, 3.072555], [101.611614, 3.07254], [101.611612, 3.07238]]]}}, {"type": "Feature", "properties": {}, "geometry": {"type": "Polygon", "coordinates": [[[101.61155, 3.072381], [101.611488, 3.072381], [101.611427, 3.072397], [101.611428, 3.072557], [101.61149, 3.072556], [101.611552, 3.07254], [101.61155, 3.072381]]]}}, {"type": "Feature", "properties": {}, "geometry": {"type": "Polygon", "coordinates": [[[101.611488, 3.072381], [101.611426, 3.072382], [101.611364, 3.072397], [101.611366, 3.072557], [101.611428, 3.072557], [101.611489, 3.072541], [101.611488, 3.072381]]]}}, {"type": "Feature", "properties": {}, "geometry": {"type": "Polygon", "coordinates": [[[101.611426, 3.072382], [101.611364, 3.072383], [101.611302, 3.072398], [101.611304, 3.072558], [101.611366, 3.072557], [101.611427, 3.072542], [101.611426, 3.072382]]]}}, {"type": "Feature", "properties": {}, "geometry": {"type": "Polygon", "coordinates": [[[101.611364, 3.072383], [101.611302, 3.072383], [101.61124, 3.072398], [101.611242, 3.072558], [101.611304, 3.072558], [101.611365, 3.072542], [101.611364, 3.072383]]]}}, {"type": "Feature", "properties": {}, "geometry": {"type": "Polygon", "coordinates": [[[101.611302, 3.072383], [101.611239, 3.072384], [101.611178, 3.072399], [101.61118, 3.072559], [101.611242, 3.072558], [101.611303, 3.072543], [101.611302, 3.072383]]]}}, {"type": "Feature", "properties": {}, "geometry": {"type": "Polygon", "coordinates": [[[101.611239, 3.072384], [101.611177, 3.072384], [101.611116, 3.0724], [101.611118, 3.072559], [101.61118, 3.072559], [101.611241, 3.072543], [101.611239, 3.072384]]]}}, {"type": "Feature", "properties": {}, "geometry": {"type": "Polygon", "coordinates": [[[101.612647, 3.072376], [101.612585, 3.072377], [101.612524, 3.072392], [101.612525, 3.072549], [101.612587, 3.072548], [101.612648, 3.072533], [101.612647, 3.072376]]]}}, {"type": "Feature", "properties": {}, "geometry": {"type": "Polygon", "coordinates": [[[101.612585, 3.072377], [101.612523, 3.072377], [101.612462, 3.072392], [101.612463, 3.072549], [101.612525, 3.072549], [101.612586, 3.072533], [101.612585, 3.072377]]]}}, {"type": "Feature", "properties": {}, "geometry": {"type": "Polygon", "coordinates": [[[101.612523, 3.072377], [101.612461, 3.072378], [101.6124, 3.072393], [101.612401, 3.07255], [101.612463, 3.072549], [101.612524, 3.072534], [101.612523, 3.072377]]]}}, {"type": "Feature", "properties": {}, "geometry": {"type": "Polygon", "coordinates": [[[101.612461, 3.072378], [101.612399, 3.072378], [101.612338, 3.072394], [101.612339, 3.07255], [101.612401, 3.07255], [101.612462, 3.072534], [101.612461, 3.072378]]]}}, {"type": "Feature", "properties": {}, "geometry": {"type": "Polygon", "coordinates": [[[101.612399, 3.072378], [101.612337, 3.072379], [101.612276, 3.072394], [101.612277, 3.072551], [101.612339, 3.07255], [101.612401, 3.072535], [101.612399, 3.072378]]]}}, {"type": "Feature", "properties": {}, "geometry": {"type": "Polygon", "coordinates": [[[101.612337, 3.072379], [101.612275, 3.072379], [101.612214, 3.072395], [101.612215, 3.072551], [101.612277, 3.072551], [101.612339, 3.072535], [101.612337, 3.072379]]]}}, {"type": "Feature", "properties": {}, "geometry": {"type": "Polygon", "coordinates": [[[101.612275, 3.072379], [101.612213, 3.07238], [101.612152, 3.072395], [101.612153, 3.072552], [101.612215, 3.072551], [101.612277, 3.072536], [101.612275, 3.072379]]]}}, {"type": "Feature", "properties": {}, "geometry": {"type": "Polygon", "coordinates": [[[101.612213, 3.07238], [101.612151, 3.07238], [101.61209, 3.072396], [101.612091, 3.072553], [101.612153, 3.072552], [101.612215, 3.072537], [101.612213, 3.07238]]]}}, {"type": "Feature", "properties": {}, "geometry": {"type": "Polygon", "coordinates": [[[101.612151, 3.07238], [101.612089, 3.072381], [101.612028, 3.072396], [101.612029, 3.072553], [101.612091, 3.072553], [101.612153, 3.072537], [101.612151, 3.07238]]]}}, {"type": "Feature", "properties": {}, "geometry": {"type": "Polygon", "coordinates": [[[101.612089, 3.072381], [101.612027, 3.072382], [101.611966, 3.072397], [101.611967, 3.072554], [101.612029, 3.072553], [101.612091, 3.072538], [101.612089, 3.072381]]]}}, {"type": "Feature", "properties": {}, "geometry": {"type": "Polygon", "coordinates": [[[101.612027, 3.072382], [101.611965, 3.072382], [101.611904, 3.072398], [101.611905, 3.072554], [101.611967, 3.072554], [101.612029, 3.072538], [101.612027, 3.072382]]]}}, {"type": "Feature", "properties": {}, "geometry": {"type": "Polygon", "coordinates": [[[101.612645, 3.072185], [101.612584, 3.072186], [101.612522, 3.072201], [101.612524, 3.072355], [101.612585, 3.072354], [101.612647, 3.072339], [101.612645, 3.072185]]]}}, {"type": "Feature", "properties": {}, "geometry": {"type": "Polygon", "coordinates": [[[101.612584, 3.072186], [101.612522, 3.072186], [101.612461, 3.072202], [101.612462, 3.072355], [101.612524, 3.072355], [101.612585, 3.072339], [101.612584, 3.072186]]]}}, {"type": "Feature", "properties": {}, "geometry": {"type": "Polygon", "coordinates": [[[101.612522, 3.072186], [101.612461, 3.072187], [101.612399, 3.072202], [101.612401, 3.072356], [101.612462, 3.072355], [101.612524, 3.07234], [101.612522, 3.072186]]]}}, {"type": "Feature", "properties": {}, "geometry": {"type": "Polygon", "coordinates": [[[101.612461, 3.072187], [101.612399, 3.072187], [101.612338, 3.072203], [101.612339, 3.072356], [101.612401, 3.072356], [101.612462, 3.07234], [101.612461, 3.072187]]]}}, {"type": "Feature", "properties": {}, "geometry": {"type": "Polygon", "coordinates": [[[101.612399, 3.072187], [101.612338, 3.072188], [101.612276, 3.072203], [101.612278, 3.072357], [101.612339, 3.072356], [101.6124, 3.072341], [101.612399, 3.072187]]]}}, {"type": "Feature", "properties": {}, "geometry": {"type": "Polygon", "coordinates": [[[101.612338, 3.072188], [101.612276, 3.072188], [101.612215, 3.072204], [101.612216, 3.072357], [101.612278, 3.072357], [101.612339, 3.072342], [101.612338, 3.072188]]]}}, {"type": "Feature", "properties": {}, "geometry": {"type": "Polygon", "coordinates": [[[101.612276, 3.072188], [101.612214, 3.072189], [101.612153, 3.072204], [101.612154, 3.072358], [101.612216, 3.072357], [101.612277, 3.072342], [101.612276, 3.072188]]]}}, {"type": "Feature", "properties": {}, "geometry": {"type": "Polygon", "coordinates": [[[101.612214, 3.072189], [101.612153, 3.072189], [101.612092, 3.072205], [101.612093, 3.072359], [101.612154, 3.072358], [101.612216, 3.072343], [101.612214, 3.072189]]]}}, {"type": "Feature", "properties": {}, "geometry": {"type": "Polygon", "coordinates": [[[101.612153, 3.072189], [101.612091, 3.07219], [101.61203, 3.072205], [101.612031, 3.072359], [101.612093, 3.072359], [101.612154, 3.072343], [101.612153, 3.072189]]]}}, {"type": "Feature", "properties": {}, "geometry": {"type": "Polygon", "coordinates": [[[101.612091, 3.07219], [101.61203, 3.072191], [101.611968, 3.072206], [101.61197, 3.07236], [101.612031, 3.072359], [101.612093, 3.072344], [101.612091, 3.07219]]]}}, {"type": "Feature", "properties": {}, "geometry": {"type": "Polygon", "coordinates": [[[101.61203, 3.072191], [101.611968, 3.072191], [101.611907, 3.072207], [101.611908, 3.07236], [101.61197, 3.07236], [101.612031, 3.072344], [101.61203, 3.072191]]]}}, {"type": "Feature", "properties": {}, "geometry": {"type": "Polygon", "coordinates": [[[101.613445, 3.072186], [101.613382, 3.072187], [101.613321, 3.072202], [101.613322, 3.072356], [101.613385, 3.072355], [101.613446, 3.07234], [101.613445, 3.072186]]]}}, {"type": "Feature", "properties": {}, "geometry": {"type": "Polygon", "coordinates": [[[101.613382, 3.072187], [101.61332, 3.072188], [101.613258, 3.072203], [101.61326, 3.072356], [101.613322, 3.072356], [101.613384, 3.07234], [101.613382, 3.072187]]]}}, {"type": "Feature", "properties": {}, "geometry": {"type": "Polygon", "coordinates": [[[101.61332, 3.072188], [101.613257, 3.072188], [101.613196, 3.072204], [101.613197, 3.072357], [101.61326, 3.072356], [101.613321, 3.072341], [101.61332, 3.072188]]]}}, {"type": "Feature", "properties": {}, "geometry": {"type": "Polygon", "coordinates": [[[101.613257, 3.072188], [101.613195, 3.072189], [101.613133, 3.072204], [101.613135, 3.072357], [101.613197, 3.072357], [101.613259, 3.072341], [101.613257, 3.072188]]]}}, {"type": "Feature", "properties": {}, "geometry": {"type": "Polygon", "coordinates": [[[101.613195, 3.072189], [101.613132, 3.072189], [101.613071, 3.072205], [101.613072, 3.072358], [101.613135, 3.072357], [101.613196, 3.072342], [101.613195, 3.072189]]]}}, {"type": "Feature", "properties": {}, "geometry": {"type": "Polygon", "coordinates": [[[101.613132, 3.072189], [101.61307, 3.07219], [101.613008, 3.072205], [101.61301, 3.072358], [101.613072, 3.072358], [101.613134, 3.072342], [101.613132, 3.072189]]]}}, {"type": "Feature", "properties": {}, "geometry": {"type": "Polygon", "coordinates": [[[101.61307, 3.07219], [101.613007, 3.07219], [101.612946, 3.072206], [101.612947, 3.072359], [101.61301, 3.072358], [101.613071, 3.072343], [101.61307, 3.07219]]]}}, {"type": "Feature", "properties": {}, "geometry": {"type": "Polygon", "coordinates": [[[101.613007, 3.07219], [101.612945, 3.072191], [101.612883, 3.072206], [101.612885, 3.07236], [101.612947, 3.072359], [101.613009, 3.072344], [101.613007, 3.07219]]]}}, {"type": "Feature", "properties": {}, "geometry": {"type": "Polygon", "coordinates": [[[101.612945, 3.072191], [101.612882, 3.072191], [101.612821, 3.072207], [101.612822, 3.07236], [101.612885, 3.07236], [101.612946, 3.072344], [101.612945, 3.072191]]]}}, {"type": "Feature", "properties": {}, "geometry": {"type": "Polygon", "coordinates": [[[101.613445, 3.072379], [101.613382, 3.07238], [101.613321, 3.072395], [101.613322, 3.072552], [101.613385, 3.072552], [101.613446, 3.072536], [101.613445, 3.072379]]]}}, {"type": "Feature", "properties": {}, "geometry": {"type": "Polygon", "coordinates": [[[101.613382, 3.07238], [101.61332, 3.07238], [101.613259, 3.072396], [101.61326, 3.072553], [101.613322, 3.072552], [101.613384, 3.072537], [101.613382, 3.07238]]]}}, {"type": "Feature", "properties": {}, "geometry": {"type": "Polygon", "coordinates": [[[101.61332, 3.07238], [101.613258, 3.072381], [101.613197, 3.072396], [101.613198, 3.072554], [101.61326, 3.072553], [101.613322, 3.072537], [101.61332, 3.07238]]]}}, {"type": "Feature", "properties": {}, "geometry": {"type": "Polygon", "coordinates": [[[101.613258, 3.072381], [101.613196, 3.072381], [101.613134, 3.072397], [101.613136, 3.072554], [101.613198, 3.072554], [101.613259, 3.072538], [101.613258, 3.072381]]]}}, {"type": "Feature", "properties": {}, "geometry": {"type": "Polygon", "coordinates": [[[101.613196, 3.072381], [101.613133, 3.072382], [101.613072, 3.072398], [101.613073, 3.072555], [101.613136, 3.072554], [101.613197, 3.072539], [101.613196, 3.072381]]]}}, {"type": "Feature", "properties": {}, "geometry": {"type": "Polygon", "coordinates": [[[101.613133, 3.072382], [101.613071, 3.072383], [101.61301, 3.072398], [101.613011, 3.072555], [101.613073, 3.072555], [101.613135, 3.072539], [101.613133, 3.072382]]]}}, {"type": "Feature", "properties": {}, "geometry": {"type": "Polygon", "coordinates": [[[101.613071, 3.072383], [101.613009, 3.072383], [101.612948, 3.072399], [101.612949, 3.072556], [101.613011, 3.072555], [101.613073, 3.07254], [101.613071, 3.072383]]]}}, {"type": "Feature", "properties": {}, "geometry": {"type": "Polygon", "coordinates": [[[101.613009, 3.072383], [101.612947, 3.072384], [101.612885, 3.072399], [101.612887, 3.072556], [101.612949, 3.072556], [101.61301, 3.07254], [101.613009, 3.072383]]]}}, {"type": "Feature", "properties": {}, "geometry": {"type": "Polygon", "coordinates": [[[101.612947, 3.072384], [101.612884, 3.072384], [101.612823, 3.0724], [101.612824, 3.072557], [101.612887, 3.072556], [101.612948, 3.072541], [101.612947, 3.072384]]]}}, {"type": "Feature", "properties": {}, "geometry": {"type": "Polygon", "coordinates": [[[101.612884, 3.072384], [101.612822, 3.072385], [101.612761, 3.0724], [101.612762, 3.072557], [101.612824, 3.072557], [101.612886, 3.072541], [101.612884, 3.072384]]]}}, {"type": "Feature", "properties": {}, "geometry": {"type": "Polygon", "coordinates": [[[101.612822, 3.072385], [101.61276, 3.072385], [101.612698, 3.072401], [101.6127, 3.072558], [101.612762, 3.072557], [101.612823, 3.072542], [101.612822, 3.072385]]]}}, {"type": "Feature", "properties": {}, "geometry": {"type": "Polygon", "coordinates": [[[101.613441, 3.071635], [101.613378, 3.071636], [101.613317, 3.071651], [101.613318, 3.071801], [101.613381, 3.0718], [101.613442, 3.071785], [101.613441, 3.071635]]]}}, {"type": "Feature", "properties": {}, "geometry": {"type": "Polygon", "coordinates": [[[101.613378, 3.071636], [101.613316, 3.071636], [101.613254, 3.071652], [101.613256, 3.071801], [101.613318, 3.071801], [101.61338, 3.071785], [101.613378, 3.071636]]]}}, {"type": "Feature", "properties": {}, "geometry": {"type": "Polygon", "coordinates": [[[101.613316, 3.071636], [101.613253, 3.071637], [101.613192, 3.071652], [101.613193, 3.071802], [101.613256, 3.071801], [101.613317, 3.071786], [101.613316, 3.071636]]]}}, {"type": "Feature", "properties": {}, "geometry": {"type": "Polygon", "coordinates": [[[101.613253, 3.071637], [101.613191, 3.071637], [101.61313, 3.071653], [101.613131, 3.071802], [101.613193, 3.071802], [101.613255, 3.071787], [101.613253, 3.071637]]]}}, {"type": "Feature", "properties": {}, "geometry": {"type": "Polygon", "coordinates": [[[101.613191, 3.071637], [101.613128, 3.071638], [101.613067, 3.071653], [101.613068, 3.071803], [101.613131, 3.071802], [101.613192, 3.071787], [101.613191, 3.071637]]]}}, {"type": "Feature", "properties": {}, "geometry": {"type": "Polygon", "coordinates": [[[101.613128, 3.071638], [101.613066, 3.071638], [101.613005, 3.071654], [101.613006, 3.071804], [101.613068, 3.071803], [101.61313, 3.071788], [101.613128, 3.071638]]]}}, {"type": "Feature", "properties": {}, "geometry": {"type": "Polygon", "coordinates": [[[101.613066, 3.071638], [101.613004, 3.071639], [101.612942, 3.071654], [101.612944, 3.071804], [101.613006, 3.071804], [101.613067, 3.071788], [101.613066, 3.071638]]]}}, {"type": "Feature", "properties": {}, "geometry": {"type": "Polygon", "coordinates": [[[101.613004, 3.071639], [101.612941, 3.07164], [101.61288, 3.071655], [101.612881, 3.071805], [101.612944, 3.071804], [101.613005, 3.071789], [101.613004, 3.071639]]]}}, {"type": "Feature", "properties": {}, "geometry": {"type": "Polygon", "coordinates": [[[101.612941, 3.07164], [101.612879, 3.07164], [101.612817, 3.071656], [101.612819, 3.071805], [101.612881, 3.071805], [101.612942, 3.071789], [101.612941, 3.07164]]]}}, {"type": "Feature", "properties": {}, "geometry": {"type": "Polygon", "coordinates": [[[101.612879, 3.07164], [101.612816, 3.071641], [101.612755, 3.071656], [101.612756, 3.071806], [101.612819, 3.071805], [101.61288, 3.07179], [101.612879, 3.07164]]]}}, {"type": "Feature", "properties": {}, "geometry": {"type": "Polygon", "coordinates": [[[101.612816, 3.071641], [101.612754, 3.071641], [101.612692, 3.071657], [101.612694, 3.071807], [101.612756, 3.071806], [101.612818, 3.07179], [101.612816, 3.071641]]]}}, {"type": "Feature", "properties": {}, "geometry": {"type": "Polygon", "coordinates": [[[101.613445, 3.071828], [101.613382, 3.071828], [101.613321, 3.071844], [101.613322, 3.07199], [101.613385, 3.07199], [101.613446, 3.071974], [101.613445, 3.071828]]]}}, {"type": "Feature", "properties": {}, "geometry": {"type": "Polygon", "coordinates": [[[101.613382, 3.071828], [101.613319, 3.071829], [101.613258, 3.071844], [101.613259, 3.071991], [101.613322, 3.07199], [101.613383, 3.071975], [101.613382, 3.071828]]]}}, {"type": "Feature", "properties": {}, "geometry": {"type": "Polygon", "coordinates": [[[101.613319, 3.071829], [101.613256, 3.071829], [101.613195, 3.071845], [101.613197, 3.071991], [101.613259, 3.071991], [101.613321, 3.071975], [101.613319, 3.071829]]]}}, {"type": "Feature", "properties": {}, "geometry": {"type": "Polygon", "coordinates": [[[101.613256, 3.071829], [101.613194, 3.07183], [101.613132, 3.071845], [101.613134, 3.071992], [101.613197, 3.071991], [101.613258, 3.071976], [101.613256, 3.071829]]]}}, {"type": "Feature", "properties": {}, "geometry": {"type": "Polygon", "coordinates": [[[101.613194, 3.07183], [101.613131, 3.07183], [101.613069, 3.071846], [101.613071, 3.071992], [101.613134, 3.071992], [101.613195, 3.071977], [101.613194, 3.07183]]]}}, {"type": "Feature", "properties": {}, "geometry": {"type": "Polygon", "coordinates": [[[101.613131, 3.07183], [101.613068, 3.071831], [101.613007, 3.071846], [101.613008, 3.071993], [101.613071, 3.071992], [101.613132, 3.071977], [101.613131, 3.07183]]]}}, {"type": "Feature", "properties": {}, "geometry": {"type": "Polygon", "coordinates": [[[101.613068, 3.071831], [101.613005, 3.071832], [101.612944, 3.071847], [101.612945, 3.071994], [101.613008, 3.071993], [101.613069, 3.071978], [101.613068, 3.071831]]]}}, {"type": "Feature", "properties": {}, "geometry": {"type": "Polygon", "coordinates": [[[101.613005, 3.071832], [101.612943, 3.071832], [101.612881, 3.071848], [101.612882, 3.071994], [101.612945, 3.071994], [101.613007, 3.071978], [101.613005, 3.071832]]]}}, {"type": "Feature", "properties": {}, "geometry": {"type": "Polygon", "coordinates": [[[101.612943, 3.071832], [101.61288, 3.071833], [101.612818, 3.071848], [101.61282, 3.071995], [101.612882, 3.071994], [101.612944, 3.071979], [101.612943, 3.071832]]]}}, {"type": "Feature", "properties": {}, "geometry": {"type": "Polygon", "coordinates": [[[101.61288, 3.071833], [101.612817, 3.071833], [101.612756, 3.071849], [101.612757, 3.071995], [101.61282, 3.071995], [101.612881, 3.071979], [101.61288, 3.071833]]]}}, {"type": "Feature", "properties": {}, "geometry": {"type": "Polygon", "coordinates": [[[101.612817, 3.071833], [101.612754, 3.071834], [101.612693, 3.071849], [101.612694, 3.071996], [101.612757, 3.071995], [101.612818, 3.07198], [101.612817, 3.071833]]]}}, {"type": "Feature", "properties": {}, "geometry": {"type": "Polygon", "coordinates": [[[101.61264, 3.071826], [101.612579, 3.071826], [101.612517, 3.071842], [101.612519, 3.071997], [101.61258, 3.071996], [101.612641, 3.071981], [101.61264, 3.071826]]]}}, {"type": "Feature", "properties": {}, "geometry": {"type": "Polygon", "coordinates": [[[101.612579, 3.071826], [101.612517, 3.071827], [101.612456, 3.071842], [101.612457, 3.071997], [101.612519, 3.071997], [101.61258, 3.071981], [101.612579, 3.071826]]]}}, {"type": "Feature", "properties": {}, "geometry": {"type": "Polygon", "coordinates": [[[101.612517, 3.071827], [101.612456, 3.071827], [101.612395, 3.071843], [101.612396, 3.071998], [101.612457, 3.071997], [101.612519, 3.071982], [101.612517, 3.071827]]]}}, {"type": "Feature", "properties": {}, "geometry": {"type": "Polygon", "coordinates": [[[101.612456, 3.071827], [101.612395, 3.071828], [101.612333, 3.071843], [101.612335, 3.071998], [101.612396, 3.071998], [101.612457, 3.071982], [101.612456, 3.071827]]]}}, {"type": "Feature", "properties": {}, "geometry": {"type": "Polygon", "coordinates": [[[101.612395, 3.071828], [101.612333, 3.071828], [101.612272, 3.071844], [101.612273, 3.071999], [101.612335, 3.071998], [101.612396, 3.071983], [101.612395, 3.071828]]]}}, {"type": "Feature", "properties": {}, "geometry": {"type": "Polygon", "coordinates": [[[101.612333, 3.071828], [101.612272, 3.071829], [101.612211, 3.071844], [101.612212, 3.072], [101.612273, 3.071999], [101.612335, 3.071984], [101.612333, 3.071828]]]}}, {"type": "Feature", "properties": {}, "geometry": {"type": "Polygon", "coordinates": [[[101.612272, 3.071829], [101.612211, 3.071829], [101.612149, 3.071845], [101.612151, 3.072], [101.612212, 3.072], [101.612273, 3.071984], [101.612272, 3.071829]]]}}, {"type": "Feature", "properties": {}, "geometry": {"type": "Polygon", "coordinates": [[[101.612211, 3.071829], [101.612149, 3.07183], [101.612088, 3.071845], [101.612089, 3.072001], [101.612151, 3.072], [101.612212, 3.071985], [101.612211, 3.071829]]]}}, {"type": "Feature", "properties": {}, "geometry": {"type": "Polygon", "coordinates": [[[101.612149, 3.07183], [101.612088, 3.071831], [101.612026, 3.071846], [101.612028, 3.072001], [101.612089, 3.072001], [101.612151, 3.071985], [101.612149, 3.07183]]]}}, {"type": "Feature", "properties": {}, "geometry": {"type": "Polygon", "coordinates": [[[101.612088, 3.071831], [101.612026, 3.071831], [101.611965, 3.071846], [101.611967, 3.072002], [101.612028, 3.072001], [101.612089, 3.071986], [101.612088, 3.071831]]]}}, {"type": "Feature", "properties": {}, "geometry": {"type": "Polygon", "coordinates": [[[101.612026, 3.071831], [101.611965, 3.071832], [101.611904, 3.071847], [101.611905, 3.072002], [101.611967, 3.072002], [101.612028, 3.071986], [101.612026, 3.071831]]]}}, {"type": "Feature", "properties": {}, "geometry": {"type": "Polygon", "coordinates": [[[101.612636, 3.071629], [101.612575, 3.07163], [101.612514, 3.071645], [101.612515, 3.071804], [101.612576, 3.071803], [101.612638, 3.071788], [101.612636, 3.071629]]]}}, {"type": "Feature", "properties": {}, "geometry": {"type": "Polygon", "coordinates": [[[101.612575, 3.07163], [101.612514, 3.071631], [101.612453, 3.071646], [101.612454, 3.071804], [101.612515, 3.071804], [101.612576, 3.071788], [101.612575, 3.07163]]]}}, {"type": "Feature", "properties": {}, "geometry": {"type": "Polygon", "coordinates": [[[101.612514, 3.071631], [101.612453, 3.071631], [101.612391, 3.071646], [101.612393, 3.071805], [101.612454, 3.071804], [101.612515, 3.071789], [101.612514, 3.071631]]]}}, {"type": "Feature", "properties": {}, "geometry": {"type": "Polygon", "coordinates": [[[101.612453, 3.071631], [101.612392, 3.071632], [101.61233, 3.071647], [101.612332, 3.071805], [101.612393, 3.071805], [101.612454, 3.071789], [101.612453, 3.071631]]]}}, {"type": "Feature", "properties": {}, "geometry": {"type": "Polygon", "coordinates": [[[101.612392, 3.071632], [101.61233, 3.071632], [101.612269, 3.071648], [101.61227, 3.071806], [101.612332, 3.071805], [101.612393, 3.07179], [101.612392, 3.071632]]]}}, {"type": "Feature", "properties": {}, "geometry": {"type": "Polygon", "coordinates": [[[101.61233, 3.071632], [101.612269, 3.071633], [101.612208, 3.071648], [101.612209, 3.071806], [101.61227, 3.071806], [101.612332, 3.07179], [101.61233, 3.071632]]]}}, {"type": "Feature", "properties": {}, "geometry": {"type": "Polygon", "coordinates": [[[101.612269, 3.071633], [101.612208, 3.071633], [101.612147, 3.071649], [101.612148, 3.071807], [101.612209, 3.071806], [101.612271, 3.071791], [101.612269, 3.071633]]]}}, {"type": "Feature", "properties": {}, "geometry": {"type": "Polygon", "coordinates": [[[101.612208, 3.071633], [101.612147, 3.071634], [101.612086, 3.071649], [101.612087, 3.071807], [101.612148, 3.071807], [101.61221, 3.071791], [101.612208, 3.071633]]]}}, {"type": "Feature", "properties": {}, "geometry": {"type": "Polygon", "coordinates": [[[101.612147, 3.071634], [101.612086, 3.071634], [101.612025, 3.07165], [101.612026, 3.071808], [101.612087, 3.071807], [101.612148, 3.071792], [101.612147, 3.071634]]]}}, {"type": "Feature", "properties": {}, "geometry": {"type": "Polygon", "coordinates": [[[101.612086, 3.071634], [101.612025, 3.071635], [101.611963, 3.07165], [101.611965, 3.071808], [101.612026, 3.071808], [101.612087, 3.071792], [101.612086, 3.071634]]]}}, {"type": "Feature", "properties": {}, "geometry": {"type": "Polygon", "coordinates": [[[101.612025, 3.071635], [101.611964, 3.071635], [101.611902, 3.071651], [101.611904, 3.071809], [101.611965, 3.071808], [101.612026, 3.071793], [101.612025, 3.071635]]]}}, {"type": "Feature", "properties": {}, "geometry": {"type": "Polygon", "coordinates": [[[101.611859, 3.071826], [101.611797, 3.071826], [101.611736, 3.071842], [101.611737, 3.071996], [101.6118, 3.071995], [101.611861, 3.07198], [101.611859, 3.071826]]]}}, {"type": "Feature", "properties": {}, "geometry": {"type": "Polygon", "coordinates": [[[101.611797, 3.071826], [101.611735, 3.071827], [101.611673, 3.071842], [101.611675, 3.071997], [101.611737, 3.071996], [101.611799, 3.07198], [101.611797, 3.071826]]]}}, {"type": "Feature", "properties": {}, "geometry": {"type": "Polygon", "coordinates": [[[101.611735, 3.071827], [101.611672, 3.071828], [101.611611, 3.071843], [101.611613, 3.071997], [101.611675, 3.071997], [101.611736, 3.071981], [101.611735, 3.071827]]]}}, {"type": "Feature", "properties": {}, "geometry": {"type": "Polygon", "coordinates": [[[101.611672, 3.071828], [101.61161, 3.071828], [101.611549, 3.071843], [101.61155, 3.071998], [101.611613, 3.071997], [101.611674, 3.071982], [101.611672, 3.071828]]]}}, {"type": "Feature", "properties": {}, "geometry": {"type": "Polygon", "coordinates": [[[101.61161, 3.071828], [101.611548, 3.071829], [101.611486, 3.071844], [101.611488, 3.071998], [101.61155, 3.071998], [101.611612, 3.071982], [101.61161, 3.071828]]]}}, {"type": "Feature", "properties": {}, "geometry": {"type": "Polygon", "coordinates": [[[101.611548, 3.071829], [101.611485, 3.071829], [101.611424, 3.071845], [101.611425, 3.071999], [101.611488, 3.071998], [101.611549, 3.071983], [101.611548, 3.071829]]]}}, {"type": "Feature", "properties": {}, "geometry": {"type": "Polygon", "coordinates": [[[101.611485, 3.071829], [101.611423, 3.07183], [101.611362, 3.071845], [101.611363, 3.071999], [101.611425, 3.071999], [101.611487, 3.071983], [101.611485, 3.071829]]]}}, {"type": "Feature", "properties": {}, "geometry": {"type": "Polygon", "coordinates": [[[101.611423, 3.07183], [101.611361, 3.07183], [101.611299, 3.071846], [101.611301, 3.072], [101.611363, 3.071999], [101.611424, 3.071984], [101.611423, 3.07183]]]}}, {"type": "Feature", "properties": {}, "geometry": {"type": "Polygon", "coordinates": [[[101.611361, 3.07183], [101.611298, 3.071831], [101.611237, 3.071846], [101.611238, 3.072001], [101.611301, 3.072], [101.611362, 3.071984], [101.611361, 3.07183]]]}}, {"type": "Feature", "properties": {}, "geometry": {"type": "Polygon", "coordinates": [[[101.611298, 3.071831], [101.611236, 3.071831], [101.611175, 3.071847], [101.611176, 3.072001], [101.611238, 3.072001], [101.6113, 3.071985], [101.611298, 3.071831]]]}}, {"type": "Feature", "properties": {}, "geometry": {"type": "Polygon", "coordinates": [[[101.611236, 3.071831], [101.611174, 3.071832], [101.611112, 3.071848], [101.611114, 3.072002], [101.611176, 3.072001], [101.611237, 3.071986], [101.611236, 3.071831]]]}}, {"type": "Feature", "properties": {}, "geometry": {"type": "Polygon", "coordinates": [[[101.611858, 3.071634], [101.611796, 3.071634], [101.611735, 3.07165], [101.611736, 3.071806], [101.611798, 3.071806], [101.61186, 3.07179], [101.611858, 3.071634]]]}}, {"type": "Feature", "properties": {}, "geometry": {"type": "Polygon", "coordinates": [[[101.611796, 3.071634], [101.611734, 3.071635], [101.611672, 3.07165], [101.611674, 3.071807], [101.611736, 3.071806], [101.611797, 3.071791], [101.611796, 3.071634]]]}}, {"type": "Feature", "properties": {}, "geometry": {"type": "Polygon", "coordinates": [[[101.611734, 3.071635], [101.611671, 3.071635], [101.61161, 3.071651], [101.611611, 3.071807], [101.611674, 3.071807], [101.611735, 3.071791], [101.611734, 3.071635]]]}}, {"type": "Feature", "properties": {}, "geometry": {"type": "Polygon", "coordinates": [[[101.611671, 3.071635], [101.611609, 3.071636], [101.611548, 3.071652], [101.611549, 3.071808], [101.611611, 3.071807], [101.611673, 3.071792], [101.611671, 3.071635]]]}}, {"type": "Feature", "properties": {}, "geometry": {"type": "Polygon", "coordinates": [[[101.611609, 3.071636], [101.611547, 3.071637], [101.611485, 3.071652], [101.611487, 3.071808], [101.611549, 3.071808], [101.61161, 3.071793], [101.611609, 3.071636]]]}}, {"type": "Feature", "properties": {}, "geometry": {"type": "Polygon", "coordinates": [[[101.611547, 3.071637], [101.611484, 3.071637], [101.611423, 3.071653], [101.611424, 3.071809], [101.611487, 3.071808], [101.611548, 3.071793], [101.611547, 3.071637]]]}}, {"type": "Feature", "properties": {}, "geometry": {"type": "Polygon", "coordinates": [[[101.611484, 3.071637], [101.611422, 3.071638], [101.611361, 3.071653], [101.611362, 3.07181], [101.611424, 3.071809], [101.611486, 3.071794], [101.611484, 3.071637]]]}}, {"type": "Feature", "properties": {}, "geometry": {"type": "Polygon", "coordinates": [[[101.611422, 3.071638], [101.611359, 3.071638], [101.611298, 3.071654], [101.6113, 3.07181], [101.611362, 3.07181], [101.611423, 3.071794], [101.611422, 3.071638]]]}}, {"type": "Feature", "properties": {}, "geometry": {"type": "Polygon", "coordinates": [[[101.611359, 3.071638], [101.611297, 3.071639], [101.611236, 3.071654], [101.611237, 3.071811], [101.6113, 3.07181], [101.611361, 3.071795], [101.611359, 3.071638]]]}}, {"type": "Feature", "properties": {}, "geometry": {"type": "Polygon", "coordinates": [[[101.611297, 3.071639], [101.611235, 3.071639], [101.611173, 3.071655], [101.611175, 3.071811], [101.611237, 3.071811], [101.611298, 3.071795], [101.611297, 3.071639]]]}}, {"type": "Feature", "properties": {}, "geometry": {"type": "Polygon", "coordinates": [[[101.611235, 3.071639], [101.611172, 3.07164], [101.611111, 3.071655], [101.611112, 3.071812], [101.611175, 3.071811], [101.611236, 3.071796], [101.611235, 3.071639]]]}}, {"type": "Feature", "properties": {}, "geometry": {"type": "Polygon", "coordinates": [[[101.611857, 3.071276], [101.611795, 3.071276], [101.611734, 3.071292], [101.611735, 3.071442], [101.611797, 3.071442], [101.611858, 3.071426], [101.611857, 3.071276]]]}}, {"type": "Feature", "properties": {}, "geometry": {"type": "Polygon", "coordinates": [[[101.611795, 3.071276], [101.611734, 3.071277], [101.611672, 3.071292], [101.611674, 3.071443], [101.611735, 3.071442], [101.611797, 3.071427], [101.611795, 3.071276]]]}}, {"type": "Feature", "properties": {}, "geometry": {"type": "Polygon", "coordinates": [[[101.611734, 3.071277], [101.611672, 3.071277], [101.611611, 3.071293], [101.611612, 3.071443], [101.611674, 3.071443], [101.611735, 3.071427], [101.611734, 3.071277]]]}}, {"type": "Feature", "properties": {}, "geometry": {"type": "Polygon", "coordinates": [[[101.611672, 3.071277], [101.611611, 3.071278], [101.611549, 3.071293], [101.611551, 3.071444], [101.611612, 3.071443], [101.611674, 3.071428], [101.611672, 3.071277]]]}}, {"type": "Feature", "properties": {}, "geometry": {"type": "Polygon", "coordinates": [[[101.611611, 3.071278], [101.611549, 3.071279], [101.611488, 3.071294], [101.611489, 3.071445], [101.611551, 3.071444], [101.611612, 3.071428], [101.611611, 3.071278]]]}}, {"type": "Feature", "properties": {}, "geometry": {"type": "Polygon", "coordinates": [[[101.611549, 3.071279], [101.611487, 3.071279], [101.611426, 3.071295], [101.611427, 3.071445], [101.611489, 3.071445], [101.61155, 3.071429], [101.611549, 3.071279]]]}}, {"type": "Feature", "properties": {}, "geometry": {"type": "Polygon", "coordinates": [[[101.611487, 3.071279], [101.611426, 3.07128], [101.611364, 3.071295], [101.611366, 3.071446], [101.611427, 3.071445], [101.611489, 3.07143], [101.611487, 3.071279]]]}}, {"type": "Feature", "properties": {}, "geometry": {"type": "Polygon", "coordinates": [[[101.611426, 3.07128], [101.611364, 3.07128], [101.611303, 3.071296], [101.611304, 3.071446], [101.611366, 3.071446], [101.611427, 3.07143], [101.611426, 3.07128]]]}}, {"type": "Feature", "properties": {}, "geometry": {"type": "Polygon", "coordinates": [[[101.611364, 3.07128], [101.611303, 3.071281], [101.611241, 3.071296], [101.611243, 3.071447], [101.611304, 3.071446], [101.611366, 3.071431], [101.611364, 3.07128]]]}}, {"type": "Feature", "properties": {}, "geometry": {"type": "Polygon", "coordinates": [[[101.611303, 3.071281], [101.611241, 3.071281], [101.61118, 3.071297], [101.611181, 3.071447], [101.611243, 3.071447], [101.611304, 3.071431], [101.611303, 3.071281]]]}}, {"type": "Feature", "properties": {}, "geometry": {"type": "Polygon", "coordinates": [[[101.611241, 3.071281], [101.611179, 3.071282], [101.611118, 3.071297], [101.61112, 3.071448], [101.611181, 3.071447], [101.611242, 3.071432], [101.611241, 3.071281]]]}}, {"type": "Feature", "properties": {}, "geometry": {"type": "Polygon", "coordinates": [[[101.611854, 3.071085], [101.611793, 3.071085], [101.611731, 3.071101], [101.611733, 3.071256], [101.611794, 3.071256], [101.611856, 3.07124], [101.611854, 3.071085]]]}}, {"type": "Feature", "properties": {}, "geometry": {"type": "Polygon", "coordinates": [[[101.611793, 3.071085], [101.611731, 3.071086], [101.61167, 3.071102], [101.611671, 3.071257], [101.611733, 3.071256], [101.611794, 3.071241], [101.611793, 3.071085]]]}}, {"type": "Feature", "properties": {}, "geometry": {"type": "Polygon", "coordinates": [[[101.611731, 3.071086], [101.61167, 3.071087], [101.611609, 3.071102], [101.61161, 3.071257], [101.611671, 3.071257], [101.611733, 3.071241], [101.611731, 3.071086]]]}}, {"type": "Feature", "properties": {}, "geometry": {"type": "Polygon", "coordinates": [[[101.61167, 3.071087], [101.611608, 3.071087], [101.611547, 3.071103], [101.611548, 3.071258], [101.61161, 3.071257], [101.611671, 3.071242], [101.61167, 3.071087]]]}}, {"type": "Feature", "properties": {}, "geometry": {"type": "Polygon", "coordinates": [[[101.611608, 3.071087], [101.611547, 3.071088], [101.611486, 3.071103], [101.611487, 3.071258], [101.611548, 3.071258], [101.61161, 3.071242], [101.611608, 3.071087]]]}}, {"type": "Feature", "properties": {}, "geometry": {"type": "Polygon", "coordinates": [[[101.611547, 3.071088], [101.611485, 3.071088], [101.611424, 3.071104], [101.611425, 3.071259], [101.611487, 3.071258], [101.611548, 3.071243], [101.611547, 3.071088]]]}}, {"type": "Feature", "properties": {}, "geometry": {"type": "Polygon", "coordinates": [[[101.611485, 3.071088], [101.611424, 3.071089], [101.611362, 3.071104], [101.611364, 3.07126], [101.611425, 3.071259], [101.611487, 3.071243], [101.611485, 3.071088]]]}}, {"type": "Feature", "properties": {}, "geometry": {"type": "Polygon", "coordinates": [[[101.611424, 3.071089], [101.611362, 3.071089], [101.611301, 3.071105], [101.611302, 3.07126], [101.611364, 3.07126], [101.611425, 3.071244], [101.611424, 3.071089]]]}}, {"type": "Feature", "properties": {}, "geometry": {"type": "Polygon", "coordinates": [[[101.611362, 3.071089], [101.611301, 3.07109], [101.61124, 3.071105], [101.611241, 3.071261], [101.611302, 3.07126], [101.611364, 3.071245], [101.611362, 3.071089]]]}}, {"type": "Feature", "properties": {}, "geometry": {"type": "Polygon", "coordinates": [[[101.611301, 3.07109], [101.611239, 3.07109], [101.611178, 3.071106], [101.61118, 3.071261], [101.611241, 3.071261], [101.611302, 3.071245], [101.611301, 3.07109]]]}}, {"type": "Feature", "properties": {}, "geometry": {"type": "Polygon", "coordinates": [[[101.611239, 3.07109], [101.611178, 3.071091], [101.611117, 3.071106], [101.611118, 3.071262], [101.61118, 3.071261], [101.611241, 3.071246], [101.611239, 3.07109]]]}}, {"type": "Feature", "properties": {}, "geometry": {"type": "Polygon", "coordinates": [[[101.612652, 3.071267], [101.61259, 3.071267], [101.612528, 3.071283], [101.61253, 3.071437], [101.612592, 3.071437], [101.612654, 3.071421], [101.612652, 3.071267]]]}}, {"type": "Feature", "properties": {}, "geometry": {"type": "Polygon", "coordinates": [[[101.61259, 3.071267], [101.612527, 3.071268], [101.612466, 3.071283], [101.612467, 3.071438], [101.61253, 3.071437], [101.612591, 3.071422], [101.61259, 3.071267]]]}}, {"type": "Feature", "properties": {}, "geometry": {"type": "Polygon", "coordinates": [[[101.612527, 3.071268], [101.612465, 3.071268], [101.612403, 3.071284], [101.612405, 3.071438], [101.612467, 3.071438], [101.612529, 3.071422], [101.612527, 3.071268]]]}}, {"type": "Feature", "properties": {}, "geometry": {"type": "Polygon", "coordinates": [[[101.612465, 3.071268], [101.612402, 3.071269], [101.612341, 3.071284], [101.612342, 3.071439], [101.612405, 3.071438], [101.612466, 3.071423], [101.612465, 3.071268]]]}}, {"type": "Feature", "properties": {}, "geometry": {"type": "Polygon", "coordinates": [[[101.612402, 3.071269], [101.61234, 3.07127], [101.612278, 3.071285], [101.61228, 3.071439], [101.612342, 3.071439], [101.612404, 3.071423], [101.612402, 3.071269]]]}}, {"type": "Feature", "properties": {}, "geometry": {"type": "Polygon", "coordinates": [[[101.61234, 3.07127], [101.612277, 3.07127], [101.612216, 3.071286], [101.612217, 3.07144], [101.61228, 3.071439], [101.612341, 3.071424], [101.61234, 3.07127]]]}}, {"type": "Feature", "properties": {}, "geometry": {"type": "Polygon", "coordinates": [[[101.612277, 3.07127], [101.612215, 3.071271], [101.612153, 3.071286], [101.612155, 3.071441], [101.612217, 3.07144], [101.612279, 3.071425], [101.612277, 3.07127]]]}}, {"type": "Feature", "properties": {}, "geometry": {"type": "Polygon", "coordinates": [[[101.612215, 3.071271], [101.612152, 3.071271], [101.612091, 3.071287], [101.612092, 3.071441], [101.612155, 3.071441], [101.612216, 3.071425], [101.612215, 3.071271]]]}}, {"type": "Feature", "properties": {}, "geometry": {"type": "Polygon", "coordinates": [[[101.612152, 3.071271], [101.61209, 3.071272], [101.612028, 3.071287], [101.61203, 3.071442], [101.612092, 3.071441], [101.612154, 3.071426], [101.612152, 3.071271]]]}}, {"type": "Feature", "properties": {}, "geometry": {"type": "Polygon", "coordinates": [[[101.61209, 3.071272], [101.612027, 3.071272], [101.611966, 3.071288], [101.611968, 3.071442], [101.61203, 3.071442], [101.612091, 3.071426], [101.61209, 3.071272]]]}}, {"type": "Feature", "properties": {}, "geometry": {"type": "Polygon", "coordinates": [[[101.612027, 3.071272], [101.611965, 3.071273], [101.611903, 3.071288], [101.611905, 3.071443], [101.611968, 3.071442], [101.612029, 3.071427], [101.612027, 3.071272]]]}}, {"type": "Feature", "properties": {}, "geometry": {"type": "Polygon", "coordinates": [[[101.612651, 3.071079], [101.612588, 3.07108], [101.612527, 3.071095], [101.612528, 3.071247], [101.612591, 3.071246], [101.612652, 3.071231], [101.612651, 3.071079]]]}}, {"type": "Feature", "properties": {}, "geometry": {"type": "Polygon", "coordinates": [[[101.612588, 3.07108], [101.612526, 3.07108], [101.612465, 3.071096], [101.612466, 3.071247], [101.612528, 3.071247], [101.61259, 3.071231], [101.612588, 3.07108]]]}}, {"type": "Feature", "properties": {}, "geometry": {"type": "Polygon", "coordinates": [[[101.612526, 3.07108], [101.612463, 3.071081], [101.612402, 3.071096], [101.612403, 3.071248], [101.612466, 3.071247], [101.612527, 3.071232], [101.612526, 3.07108]]]}}, {"type": "Feature", "properties": {}, "geometry": {"type": "Polygon", "coordinates": [[[101.612463, 3.071081], [101.612401, 3.071081], [101.61234, 3.071097], [101.612341, 3.071248], [101.612403, 3.071248], [101.612465, 3.071232], [101.612463, 3.071081]]]}}, {"type": "Feature", "properties": {}, "geometry": {"type": "Polygon", "coordinates": [[[101.612401, 3.071081], [101.612338, 3.071082], [101.612277, 3.071097], [101.612278, 3.071249], [101.612341, 3.071248], [101.612402, 3.071233], [101.612401, 3.071081]]]}}, {"type": "Feature", "properties": {}, "geometry": {"type": "Polygon", "coordinates": [[[101.612338, 3.071082], [101.612276, 3.071083], [101.612215, 3.071098], [101.612216, 3.071249], [101.612278, 3.071249], [101.61234, 3.071233], [101.612338, 3.071082]]]}}, {"type": "Feature", "properties": {}, "geometry": {"type": "Polygon", "coordinates": [[[101.612276, 3.071083], [101.612213, 3.071083], [101.612152, 3.071099], [101.612154, 3.07125], [101.612216, 3.071249], [101.612277, 3.071234], [101.612276, 3.071083]]]}}, {"type": "Feature", "properties": {}, "geometry": {"type": "Polygon", "coordinates": [[[101.612213, 3.071083], [101.612151, 3.071084], [101.61209, 3.071099], [101.612091, 3.071251], [101.612154, 3.07125], [101.612215, 3.071234], [101.612213, 3.071083]]]}}, {"type": "Feature", "properties": {}, "geometry": {"type": "Polygon", "coordinates": [[[101.612151, 3.071084], [101.612089, 3.071084], [101.612027, 3.0711], [101.612028, 3.071251], [101.612091, 3.071251], [101.612152, 3.071235], [101.612151, 3.071084]]]}}, {"type": "Feature", "properties": {}, "geometry": {"type": "Polygon", "coordinates": [[[101.612089, 3.071084], [101.612026, 3.071085], [101.611965, 3.0711], [101.611966, 3.071252], [101.612028, 3.071251], [101.61209, 3.071236], [101.612089, 3.071084]]]}}, {"type": "Feature", "properties": {}, "geometry": {"type": "Polygon", "coordinates": [[[101.612026, 3.071085], [101.611964, 3.071085], [101.611902, 3.071101], [101.611904, 3.071252], [101.611966, 3.071252], [101.612027, 3.071236], [101.612026, 3.071085]]]}}, {"type": "Feature", "properties": {}, "geometry": {"type": "Polygon", "coordinates": [[[101.611857, 3.070723], [101.611795, 3.070724], [101.611733, 3.070739], [101.611735, 3.070899], [101.611797, 3.070898], [101.611858, 3.070883], [101.611857, 3.070723]]]}}, {"type": "Feature", "properties": {}, "geometry": {"type": "Polygon", "coordinates": [[[101.611795, 3.070724], [101.611733, 3.070724], [101.611671, 3.07074], [101.611673, 3.070899], [101.611735, 3.070899], [101.611796, 3.070883], [101.611795, 3.070724]]]}}, {"type": "Feature", "properties": {}, "geometry": {"type": "Polygon", "coordinates": [[[101.611733, 3.070724], [101.611671, 3.070725], [101.611609, 3.07074], [101.611611, 3.0709], [101.611673, 3.070899], [101.611734, 3.070884], [101.611733, 3.070724]]]}}, {"type": "Feature", "properties": {}, "geometry": {"type": "Polygon", "coordinates": [[[101.611671, 3.070725], [101.611608, 3.070725], [101.611547, 3.070741], [101.611548, 3.070901], [101.611611, 3.0709], [101.611672, 3.070885], [101.611671, 3.070725]]]}}, {"type": "Feature", "properties": {}, "geometry": {"type": "Polygon", "coordinates": [[[101.611608, 3.070725], [101.611546, 3.070726], [101.611485, 3.070741], [101.611486, 3.070901], [101.611548, 3.070901], [101.61161, 3.070885], [101.611608, 3.070725]]]}}, {"type": "Feature", "properties": {}, "geometry": {"type": "Polygon", "coordinates": [[[101.611546, 3.070726], [101.611484, 3.070726], [101.611423, 3.070742], [101.611424, 3.070902], [101.611486, 3.070901], [101.611548, 3.070886], [101.611546, 3.070726]]]}}, {"type": "Feature", "properties": {}, "geometry": {"type": "Polygon", "coordinates": [[[101.611484, 3.070726], [101.611422, 3.070727], [101.611361, 3.070742], [101.611362, 3.070902], [101.611424, 3.070902], [101.611486, 3.070886], [101.611484, 3.070726]]]}}, {"type": "Feature", "properties": {}, "geometry": {"type": "Polygon", "coordinates": [[[101.611422, 3.070727], [101.61136, 3.070727], [101.611299, 3.070743], [101.6113, 3.070903], [101.611362, 3.070902], [101.611423, 3.070887], [101.611422, 3.070727]]]}}, {"type": "Feature", "properties": {}, "geometry": {"type": "Polygon", "coordinates": [[[101.61136, 3.070727], [101.611298, 3.070728], [101.611236, 3.070743], [101.611238, 3.070903], [101.6113, 3.070903], [101.611361, 3.070887], [101.61136, 3.070727]]]}}, {"type": "Feature", "properties": {}, "geometry": {"type": "Polygon", "coordinates": [[[101.611298, 3.070728], [101.611236, 3.070729], [101.611174, 3.070744], [101.611176, 3.070904], [101.611238, 3.070903], [101.611299, 3.070888], [101.611298, 3.070728]]]}}, {"type": "Feature", "properties": {}, "geometry": {"type": "Polygon", "coordinates": [[[101.611236, 3.070729], [101.611174, 3.070729], [101.611112, 3.070745], [101.611114, 3.070905], [101.611176, 3.070904], [101.611237, 3.070889], [101.611236, 3.070729]]]}}, {"type": "Feature", "properties": {}, "geometry": {"type": "Polygon", "coordinates": [[[101.612766, 3.070716], [101.612704, 3.070717], [101.612643, 3.070732], [101.612644, 3.070886], [101.612706, 3.070885], [101.612768, 3.07087], [101.612766, 3.070716]]]}}, {"type": "Feature", "properties": {}, "geometry": {"type": "Polygon", "coordinates": [[[101.612704, 3.070717], [101.612642, 3.070717], [101.612581, 3.070733], [101.612582, 3.070886], [101.612644, 3.070886], [101.612706, 3.07087], [101.612704, 3.070717]]]}}, {"type": "Feature", "properties": {}, "geometry": {"type": "Polygon", "coordinates": [[[101.612642, 3.070717], [101.61258, 3.070718], [101.612519, 3.070733], [101.61252, 3.070887], [101.612582, 3.070886], [101.612644, 3.070871], [101.612642, 3.070717]]]}}, {"type": "Feature", "properties": {}, "geometry": {"type": "Polygon", "coordinates": [[[101.61258, 3.070718], [101.612518, 3.070719], [101.612457, 3.070734], [101.612458, 3.070887], [101.61252, 3.070887], [101.612582, 3.070871], [101.61258, 3.070718]]]}}, {"type": "Feature", "properties": {}, "geometry": {"type": "Polygon", "coordinates": [[[101.612518, 3.070719], [101.612456, 3.070719], [101.612395, 3.070734], [101.612396, 3.070888], [101.612458, 3.070887], [101.61252, 3.070872], [101.612518, 3.070719]]]}}, {"type": "Feature", "properties": {}, "geometry": {"type": "Polygon", "coordinates": [[[101.612456, 3.070719], [101.612394, 3.07072], [101.612333, 3.070735], [101.612334, 3.070889], [101.612396, 3.070888], [101.612458, 3.070872], [101.612456, 3.070719]]]}}, {"type": "Feature", "properties": {}, "geometry": {"type": "Polygon", "coordinates": [[[101.612394, 3.07072], [101.612332, 3.07072], [101.612271, 3.070736], [101.612272, 3.070889], [101.612334, 3.070889], [101.612396, 3.070873], [101.612394, 3.07072]]]}}, {"type": "Feature", "properties": {}, "geometry": {"type": "Polygon", "coordinates": [[[101.612332, 3.07072], [101.61227, 3.070721], [101.612209, 3.070736], [101.61221, 3.07089], [101.612272, 3.070889], [101.612334, 3.070874], [101.612332, 3.07072]]]}}, {"type": "Feature", "properties": {}, "geometry": {"type": "Polygon", "coordinates": [[[101.61227, 3.070721], [101.612208, 3.070721], [101.612147, 3.070737], [101.612148, 3.07089], [101.61221, 3.07089], [101.612272, 3.070874], [101.61227, 3.070721]]]}}, {"type": "Feature", "properties": {}, "geometry": {"type": "Polygon", "coordinates": [[[101.612208, 3.070721], [101.612146, 3.070722], [101.612085, 3.070737], [101.612086, 3.070891], [101.612148, 3.07089], [101.61221, 3.070875], [101.612208, 3.070721]]]}}, {"type": "Feature", "properties": {}, "geometry": {"type": "Polygon", "coordinates": [[[101.612146, 3.070722], [101.612084, 3.070722], [101.612023, 3.070738], [101.612024, 3.070891], [101.612086, 3.070891], [101.612148, 3.070875], [101.612146, 3.070722]]]}}, {"type": "Feature", "properties": {}, "geometry": {"type": "Polygon", "coordinates": [[[101.612084, 3.070722], [101.612022, 3.070723], [101.611961, 3.070739], [101.611962, 3.070892], [101.612024, 3.070891], [101.612086, 3.070876], [101.612084, 3.070722]]]}}, {"type": "Feature", "properties": {}, "geometry": {"type": "Polygon", "coordinates": [[[101.612022, 3.070723], [101.61196, 3.070724], [101.611899, 3.070739], [101.6119, 3.070892], [101.611962, 3.070892], [101.612024, 3.070876], [101.612022, 3.070723]]]}}, {"type": "Feature", "properties": {}, "geometry": {"type": "Polygon", "coordinates": [[[101.613985, 3.065516], [101.613888, 3.065517], [101.613826, 3.065532], [101.613827, 3.065697], [101.613924, 3.065697], [101.613986, 3.065681], [101.613985, 3.065516]]]}}, {"type": "Feature", "properties": {}, "geometry": {"type": "Polygon", "coordinates": [[[101.614046, 3.065516], [101.613985, 3.065516], [101.613923, 3.065532], [101.613924, 3.065697], [101.613985, 3.065697], [101.614046, 3.065681], [101.614046, 3.065516]]]}}, {"type": "Feature", "properties": {}, "geometry": {"type": "Polygon", "coordinates": [[[101.614106, 3.065516], [101.614046, 3.065516], [101.613984, 3.065532], [101.613985, 3.065697], [101.614046, 3.065696], [101.614107, 3.065681], [101.614106, 3.065516]]]}}, {"type": "Feature", "properties": {}, "geometry": {"type": "Polygon", "coordinates": [[[101.614167, 3.065515], [101.614106, 3.065516], [101.614045, 3.065531], [101.614046, 3.065696], [101.614107, 3.065696], [101.614168, 3.065681], [101.614167, 3.065515]]]}}, {"type": "Feature", "properties": {}, "geometry": {"type": "Polygon", "coordinates": [[[101.614228, 3.065515], [101.614167, 3.065515], [101.614106, 3.065531], [101.614107, 3.065696], [101.614168, 3.065696], [101.614229, 3.06568], [101.614228, 3.065515]]]}}, {"type": "Feature", "properties": {}, "geometry": {"type": "Polygon", "coordinates": [[[101.614289, 3.065515], [101.614228, 3.065515], [101.614167, 3.065531], [101.614168, 3.065696], [101.614229, 3.065695], [101.61429, 3.06568], [101.614289, 3.065515]]]}}, {"type": "Feature", "properties": {}, "geometry": {"type": "Polygon", "coordinates": [[[101.61435, 3.065515], [101.614289, 3.065515], [101.614228, 3.06553], [101.614229, 3.065695], [101.614289, 3.065695], [101.614351, 3.06568], [101.61435, 3.065515]]]}}, {"type": "Feature", "properties": {}, "geometry": {"type": "Polygon", "coordinates": [[[101.614411, 3.065514], [101.61435, 3.065515], [101.614289, 3.06553], [101.614289, 3.065695], [101.61435, 3.065695], [101.614412, 3.065679], [101.614411, 3.065514]]]}}, {"type": "Feature", "properties": {}, "geometry": {"type": "Polygon", "coordinates": [[[101.614472, 3.065514], [101.614411, 3.065514], [101.61435, 3.06553], [101.61435, 3.065695], [101.614411, 3.065694], [101.614473, 3.065679], [101.614472, 3.065514]]]}}, {"type": "Feature", "properties": {}, "geometry": {"type": "Polygon", "coordinates": [[[101.614533, 3.065514], [101.614472, 3.065514], [101.61441, 3.065529], [101.614411, 3.065694], [101.614472, 3.065694], [101.614534, 3.065679], [101.614533, 3.065514]]]}}, {"type": "Feature", "properties": {}, "geometry": {"type": "Polygon", "coordinates": [[[101.614593, 3.065513], [101.614533, 3.065514], [101.614471, 3.065529], [101.614472, 3.065694], [101.614533, 3.065694], [101.614594, 3.065678], [101.614593, 3.065513]]]}}, {"type": "Feature", "properties": {}, "geometry": {"type": "Polygon", "coordinates": [[[101.614654, 3.065513], [101.614593, 3.065513], [101.614532, 3.065529], [101.614533, 3.065694], [101.614594, 3.065694], [101.614655, 3.065678], [101.614654, 3.065513]]]}}, {"type": "Feature", "properties": {}, "geometry": {"type": "Polygon", "coordinates": [[[101.614715, 3.065513], [101.614654, 3.065513], [101.614593, 3.065528], [101.614594, 3.065694], [101.614655, 3.065693], [101.614716, 3.065678], [101.614715, 3.065513]]]}}, {"type": "Feature", "properties": {}, "geometry": {"type": "Polygon", "coordinates": [[[101.614776, 3.065512], [101.614715, 3.065513], [101.614654, 3.065528], [101.614655, 3.065693], [101.614716, 3.065693], [101.614777, 3.065677], [101.614776, 3.065512]]]}}, {"type": "Feature", "properties": {}, "geometry": {"type": "Polygon", "coordinates": [[[101.614837, 3.065512], [101.614776, 3.065512], [101.614715, 3.065528], [101.614716, 3.065693], [101.614777, 3.065692], [101.614838, 3.065677], [101.614837, 3.065512]]]}}, {"type": "Feature", "properties": {}, "geometry": {"type": "Polygon", "coordinates": [[[101.615002, 3.065505], [101.614941, 3.065506], [101.61488, 3.065522], [101.614883, 3.065687], [101.614944, 3.065686], [101.615006, 3.065671], [101.615002, 3.065505]]]}}, {"type": "Feature", "properties": {}, "geometry": {"type": "Polygon", "coordinates": [[[101.615064, 3.065504], [101.615002, 3.065505], [101.614941, 3.06552], [101.614944, 3.065686], [101.615006, 3.065685], [101.615067, 3.065669], [101.615064, 3.065504]]]}}, {"type": "Feature", "properties": {}, "geometry": {"type": "Polygon", "coordinates": [[[101.614448, 3.065904], [101.614386, 3.065919], [101.614386, 3.066065], [101.614448, 3.066065], [101.614509, 3.06605], [101.614509, 3.065904], [101.614448, 3.065904]]]}}, {"type": "Feature", "properties": {}, "geometry": {"type": "Polygon", "coordinates": [[[101.614386, 3.065904], [101.614325, 3.065919], [101.614325, 3.066065], [101.614386, 3.066065], [101.614448, 3.06605], [101.614448, 3.065904], [101.614386, 3.065904]]]}}, {"type": "Feature", "properties": {}, "geometry": {"type": "Polygon", "coordinates": [[[101.614325, 3.065904], [101.614264, 3.065919], [101.614264, 3.066065], [101.614325, 3.066065], [101.614386, 3.06605], [101.614386, 3.065904], [101.614325, 3.065904]]]}}, {"type": "Feature", "properties": {}, "geometry": {"type": "Polygon", "coordinates": [[[101.614264, 3.065904], [101.614202, 3.065919], [101.614202, 3.066065], [101.614264, 3.066065], [101.614325, 3.06605], [101.614325, 3.065904], [101.614264, 3.065904]]]}}, {"type": "Feature", "properties": {}, "geometry": {"type": "Polygon", "coordinates": [[[101.614202, 3.065904], [101.614141, 3.065919], [101.614141, 3.066065], [101.614202, 3.066065], [101.614264, 3.06605], [101.614264, 3.065904], [101.614202, 3.065904]]]}}, {"type": "Feature", "properties": {}, "geometry": {"type": "Polygon", "coordinates": [[[101.614141, 3.065904], [101.61408, 3.065919], [101.61408, 3.066065], [101.614141, 3.066065], [101.614202, 3.06605], [101.614202, 3.065904], [101.614141, 3.065904]]]}}, {"type": "Feature", "properties": {}, "geometry": {"type": "Polygon", "coordinates": [[[101.61408, 3.065904], [101.614018, 3.065919], [101.614018, 3.066065], [101.61408, 3.066065], [101.614141, 3.06605], [101.614141, 3.065904], [101.61408, 3.065904]]]}}, {"type": "Feature", "properties": {}, "geometry": {"type": "Polygon", "coordinates": [[[101.61442, 3.06346], [101.614221, 3.063461], [101.613914, 3.063538], [101.613875, 3.063594], [101.613877, 3.063679], [101.614113, 3.063676], [101.61442, 3.063599], [101.61442, 3.06346]]]}}, {"type": "Feature", "properties": {}, "geometry": {"type": "Polygon", "coordinates": [[[101.61442, 3.063599], [101.614183, 3.063602], [101.613877, 3.063679], [101.613877, 3.063744], [101.614114, 3.06374], [101.614421, 3.063663], [101.61442, 3.063599]]]}}, {"type": "Feature", "properties": {}, "geometry": {"type": "Polygon", "coordinates": [[[101.614421, 3.063663], [101.614184, 3.063666], [101.613877, 3.063744], [101.613878, 3.063798], [101.614115, 3.063795], [101.614422, 3.063718], [101.614421, 3.063663]]]}}, {"type": "Feature", "properties": {}, "geometry": {"type": "Polygon", "coordinates": [[[101.614422, 3.063718], [101.614185, 3.063721], [101.613878, 3.063798], [101.613879, 3.063861], [101.614116, 3.063858], [101.614423, 3.06378], [101.614422, 3.063718]]]}}, {"type": "Feature", "properties": {}, "geometry": {"type": "Polygon", "coordinates": [[[101.615009, 3.063585], [101.614947, 3.063601], [101.614946, 3.063761], [101.615008, 3.063762], [101.615069, 3.063746], [101.61507, 3.063586], [101.615009, 3.063585]]]}}, {"type": "Feature", "properties": {}, "geometry": {"type": "Polygon", "coordinates": [[[101.614948, 3.063585], [101.614886, 3.063601], [101.614885, 3.063761], [101.614946, 3.063761], [101.615008, 3.063746], [101.615009, 3.063585], [101.614948, 3.063585]]]}}, {"type": "Feature", "properties": {}, "geometry": {"type": "Polygon", "coordinates": [[[101.614886, 3.063585], [101.614825, 3.0636], [101.614824, 3.06376], [101.614885, 3.063761], [101.614946, 3.063745], [101.614948, 3.063585], [101.614886, 3.063585]]]}}, {"type": "Feature", "properties": {}, "geometry": {"type": "Polygon", "coordinates": [[[101.614825, 3.063584], [101.614764, 3.0636], [101.614762, 3.06376], [101.614824, 3.06376], [101.614885, 3.063745], [101.614886, 3.063585], [101.614825, 3.063584]]]}}, {"type": "Feature", "properties": {}, "geometry": {"type": "Polygon", "coordinates": [[[101.614764, 3.063584], [101.614702, 3.063599], [101.614701, 3.063759], [101.614762, 3.06376], [101.614824, 3.063744], [101.614825, 3.063584], [101.614764, 3.063584]]]}}, {"type": "Feature", "properties": {}, "geometry": {"type": "Polygon", "coordinates": [[[101.614703, 3.063583], [101.614641, 3.063598], [101.61464, 3.063759], [101.614701, 3.063759], [101.614763, 3.063744], [101.614764, 3.063584], [101.614703, 3.063583]]]}}, {"type": "Feature", "properties": {}, "geometry": {"type": "Polygon", "coordinates": [[[101.614641, 3.063583], [101.61458, 3.063598], [101.614579, 3.063758], [101.61464, 3.063759], [101.614701, 3.063743], [101.614703, 3.063583], [101.614641, 3.063583]]]}}, {"type": "Feature", "properties": {}, "geometry": {"type": "Polygon", "coordinates": [[[101.61458, 3.063582], [101.614519, 3.063598], [101.614517, 3.063758], [101.614579, 3.063758], [101.61464, 3.063743], [101.614641, 3.063583], [101.61458, 3.063582]]]}}, {"type": "Feature", "properties": {}, "geometry": {"type": "Polygon", "coordinates": [[[101.614519, 3.063582], [101.614457, 3.063597], [101.614456, 3.063757], [101.614517, 3.063758], [101.614579, 3.063742], [101.61458, 3.063582], [101.614519, 3.063582]]]}}, {"type": "Feature", "properties": {}, "geometry": {"type": "Polygon", "coordinates": [[[101.614457, 3.063581], [101.614396, 3.063597], [101.614395, 3.063757], [101.614456, 3.063757], [101.614517, 3.063742], [101.614519, 3.063582], [101.614457, 3.063581]]]}}, {"type": "Feature", "properties": {}, "geometry": {"type": "Polygon", "coordinates": [[[101.614396, 3.063581], [101.614335, 3.063596], [101.614334, 3.063756], [101.614395, 3.063757], [101.614456, 3.063741], [101.614457, 3.063581], [101.614396, 3.063581]]]}}, {"type": "Feature", "properties": {}, "geometry": {"type": "Polygon", "coordinates": [[[101.614335, 3.06358], [101.614274, 3.063596], [101.614272, 3.063756], [101.614334, 3.063756], [101.614395, 3.063741], [101.614396, 3.063581], [101.614335, 3.06358]]]}}, {"type": "Feature", "properties": {}, "geometry": {"type": "Polygon", "coordinates": [[[101.614274, 3.06358], [101.614212, 3.063595], [101.614211, 3.063755], [101.614272, 3.063756], [101.614334, 3.06374], [101.614335, 3.06358], [101.614274, 3.06358]]]}}, {"type": "Feature", "properties": {}, "geometry": {"type": "Polygon", "coordinates": [[[101.614273, 3.063781], [101.614211, 3.063781], [101.61415, 3.063797], [101.61415, 3.063955], [101.614212, 3.063954], [101.614273, 3.063939], [101.614273, 3.063781]]]}}, {"type": "Feature", "properties": {}, "geometry": {"type": "Polygon", "coordinates": [[[101.614334, 3.063781], [101.614273, 3.063781], [101.614211, 3.063797], [101.614212, 3.063954], [101.614273, 3.063954], [101.614334, 3.063939], [101.614334, 3.063781]]]}}, {"type": "Feature", "properties": {}, "geometry": {"type": "Polygon", "coordinates": [[[101.614395, 3.063781], [101.614334, 3.063781], [101.614272, 3.063796], [101.614273, 3.063954], [101.614334, 3.063954], [101.614395, 3.063939], [101.614395, 3.063781]]]}}, {"type": "Feature", "properties": {}, "geometry": {"type": "Polygon", "coordinates": [[[101.614456, 3.063781], [101.614395, 3.063781], [101.614334, 3.063796], [101.614334, 3.063954], [101.614395, 3.063954], [101.614457, 3.063939], [101.614456, 3.063781]]]}}, {"type": "Feature", "properties": {}, "geometry": {"type": "Polygon", "coordinates": [[[101.614517, 3.06378], [101.614456, 3.063781], [101.614395, 3.063796], [101.614395, 3.063954], [101.614456, 3.063954], [101.614518, 3.063938], [101.614517, 3.06378]]]}}, {"type": "Feature", "properties": {}, "geometry": {"type": "Polygon", "coordinates": [[[101.614578, 3.06378], [101.614517, 3.06378], [101.614456, 3.063796], [101.614456, 3.063954], [101.614518, 3.063954], [101.614579, 3.063938], [101.614578, 3.06378]]]}}, {"type": "Feature", "properties": {}, "geometry": {"type": "Polygon", "coordinates": [[[101.61464, 3.06378], [101.614578, 3.06378], [101.614517, 3.063796], [101.614518, 3.063954], [101.614579, 3.063954], [101.61464, 3.063938], [101.61464, 3.06378]]]}}, {"type": "Feature", "properties": {}, "geometry": {"type": "Polygon", "coordinates": [[[101.614701, 3.06378], [101.61464, 3.06378], [101.614578, 3.063796], [101.614579, 3.063954], [101.61464, 3.063953], [101.614701, 3.063938], [101.614701, 3.06378]]]}}, {"type": "Feature", "properties": {}, "geometry": {"type": "Polygon", "coordinates": [[[101.614762, 3.06378], [101.614701, 3.06378], [101.614639, 3.063795], [101.61464, 3.063953], [101.614701, 3.063953], [101.614762, 3.063938], [101.614762, 3.06378]]]}}, {"type": "Feature", "properties": {}, "geometry": {"type": "Polygon", "coordinates": [[[101.614823, 3.06378], [101.614762, 3.06378], [101.614701, 3.063795], [101.614701, 3.063953], [101.614762, 3.063953], [101.614824, 3.063938], [101.614823, 3.06378]]]}}, {"type": "Feature", "properties": {}, "geometry": {"type": "Polygon", "coordinates": [[[101.614884, 3.063779], [101.614823, 3.06378], [101.614762, 3.063795], [101.614762, 3.063953], [101.614823, 3.063953], [101.614885, 3.063937], [101.614884, 3.063779]]]}}, {"type": "Feature", "properties": {}, "geometry": {"type": "Polygon", "coordinates": [[[101.614946, 3.063779], [101.614884, 3.063779], [101.614823, 3.063795], [101.614823, 3.063953], [101.614885, 3.063953], [101.614946, 3.063937], [101.614946, 3.063779]]]}}, {"type": "Feature", "properties": {}, "geometry": {"type": "Polygon", "coordinates": [[[101.615007, 3.063779], [101.614946, 3.063779], [101.614884, 3.063795], [101.614885, 3.063953], [101.614946, 3.063953], [101.615007, 3.063937], [101.615007, 3.063779]]]}}, {"type": "Feature", "properties": {}, "geometry": {"type": "Polygon", "coordinates": [[[101.615068, 3.063779], [101.615007, 3.063779], [101.614945, 3.063795], [101.614946, 3.063953], [101.615007, 3.063952], [101.615068, 3.063937], [101.615068, 3.063779]]]}}, {"type": "Feature", "properties": {}, "geometry": {"type": "Polygon", "coordinates": [[[101.614976, 3.064356], [101.614916, 3.064357], [101.614854, 3.064373], [101.614856, 3.064519], [101.614916, 3.064519], [101.614978, 3.064503], [101.614976, 3.064356]]]}}, {"type": "Feature", "properties": {}, "geometry": {"type": "Polygon", "coordinates": [[[101.615036, 3.064356], [101.614976, 3.064356], [101.614914, 3.064372], [101.614916, 3.064519], [101.614976, 3.064518], [101.615038, 3.064503], [101.615036, 3.064356]]]}}, {"type": "Feature", "properties": {}, "geometry": {"type": "Polygon", "coordinates": [[[101.615096, 3.064355], [101.615036, 3.064356], [101.614975, 3.064371], [101.614976, 3.064518], [101.615037, 3.064517], [101.615098, 3.064502], [101.615096, 3.064355]]]}}, {"type": "Feature", "properties": {}, "geometry": {"type": "Polygon", "coordinates": [[[101.615035, 3.064159], [101.614974, 3.064175], [101.614974, 3.064316], [101.615036, 3.064316], [101.615097, 3.064301], [101.615097, 3.064159], [101.615035, 3.064159]]]}}, {"type": "Feature", "properties": {}, "geometry": {"type": "Polygon", "coordinates": [[[101.614973, 3.064159], [101.614911, 3.064175], [101.614911, 3.064316], [101.614974, 3.064316], [101.615035, 3.064301], [101.615035, 3.064159], [101.614973, 3.064159]]]}}, {"type": "Feature", "properties": {}, "geometry": {"type": "Polygon", "coordinates": [[[101.614017, 3.064347], [101.613955, 3.064362], [101.613954, 3.064518], [101.614024, 3.064518], [101.614086, 3.064503], [101.614087, 3.064347], [101.614017, 3.064347]]]}}, {"type": "Feature", "properties": {}, "geometry": {"type": "Polygon", "coordinates": [[[101.614087, 3.064347], [101.614026, 3.064363], [101.614024, 3.064518], [101.614084, 3.064519], [101.614146, 3.064503], [101.614147, 3.064348], [101.614087, 3.064347]]]}}, {"type": "Feature", "properties": {}, "geometry": {"type": "Polygon", "coordinates": [[[101.614147, 3.064348], [101.614086, 3.064363], [101.614084, 3.064519], [101.614144, 3.064519], [101.614205, 3.064504], [101.614207, 3.064348], [101.614147, 3.064348]]]}}, {"type": "Feature", "properties": {}, "geometry": {"type": "Polygon", "coordinates": [[[101.614207, 3.064348], [101.614145, 3.064364], [101.614144, 3.064519], [101.614204, 3.06452], [101.614265, 3.064504], [101.614267, 3.064349], [101.614207, 3.064348]]]}}, {"type": "Feature", "properties": {}, "geometry": {"type": "Polygon", "coordinates": [[[101.614267, 3.064349], [101.614205, 3.064364], [101.614204, 3.06452], [101.614264, 3.06452], [101.614325, 3.064505], [101.614326, 3.064349], [101.614267, 3.064349]]]}}, {"type": "Feature", "properties": {}, "geometry": {"type": "Polygon", "coordinates": [[[101.614326, 3.064349], [101.614265, 3.064365], [101.614264, 3.06452], [101.614324, 3.064521], [101.614385, 3.064505], [101.614386, 3.06435], [101.614326, 3.064349]]]}}, {"type": "Feature", "properties": {}, "geometry": {"type": "Polygon", "coordinates": [[[101.614386, 3.06435], [101.614325, 3.064365], [101.614324, 3.064521], [101.614383, 3.064521], [101.614445, 3.064506], [101.614446, 3.06435], [101.614386, 3.06435]]]}}, {"type": "Feature", "properties": {}, "geometry": {"type": "Polygon", "coordinates": [[[101.614446, 3.06435], [101.614385, 3.064366], [101.614383, 3.064521], [101.614443, 3.064522], [101.614505, 3.064506], [101.614506, 3.064351], [101.614446, 3.06435]]]}}, {"type": "Feature", "properties": {}, "geometry": {"type": "Polygon", "coordinates": [[[101.614506, 3.064351], [101.614445, 3.064366], [101.614443, 3.064522], [101.614503, 3.064522], [101.614564, 3.064507], [101.614566, 3.064351], [101.614506, 3.064351]]]}}, {"type": "Feature", "properties": {}, "geometry": {"type": "Polygon", "coordinates": [[[101.614628, 3.064147], [101.614567, 3.064148], [101.614505, 3.064163], [101.614507, 3.064314], [101.614568, 3.064314], [101.614629, 3.064298], [101.614628, 3.064147]]]}}, {"type": "Feature", "properties": {}, "geometry": {"type": "Polygon", "coordinates": [[[101.614567, 3.064148], [101.614506, 3.064149], [101.614444, 3.064164], [101.614446, 3.064315], [101.614507, 3.064314], [101.614568, 3.064299], [101.614567, 3.064148]]]}}, {"type": "Feature", "properties": {}, "geometry": {"type": "Polygon", "coordinates": [[[101.614506, 3.064149], [101.614445, 3.064149], [101.614383, 3.064165], [101.614385, 3.064315], [101.614446, 3.064315], [101.614507, 3.064299], [101.614506, 3.064149]]]}}, {"type": "Feature", "properties": {}, "geometry": {"type": "Polygon", "coordinates": [[[101.614445, 3.064149], [101.614383, 3.06415], [101.614322, 3.064165], [101.614323, 3.064316], [101.614385, 3.064315], [101.614446, 3.0643], [101.614445, 3.064149]]]}}, {"type": "Feature", "properties": {}, "geometry": {"type": "Polygon", "coordinates": [[[101.614383, 3.06415], [101.614322, 3.06415], [101.614261, 3.064166], [101.614262, 3.064316], [101.614323, 3.064316], [101.614385, 3.0643], [101.614383, 3.06415]]]}}, {"type": "Feature", "properties": {}, "geometry": {"type": "Polygon", "coordinates": [[[101.614322, 3.06415], [101.614261, 3.064151], [101.6142, 3.064166], [101.614201, 3.064317], [101.614262, 3.064316], [101.614324, 3.064301], [101.614322, 3.06415]]]}}, {"type": "Feature", "properties": {}, "geometry": {"type": "Polygon", "coordinates": [[[101.614261, 3.064151], [101.6142, 3.064151], [101.614139, 3.064167], [101.61414, 3.064318], [101.614201, 3.064317], [101.614263, 3.064301], [101.614261, 3.064151]]]}}, {"type": "Feature", "properties": {}, "geometry": {"type": "Polygon", "coordinates": [[[101.6142, 3.064151], [101.614139, 3.064152], [101.614078, 3.064167], [101.614079, 3.064318], [101.61414, 3.064318], [101.614202, 3.064302], [101.6142, 3.064151]]]}}, {"type": "Feature", "properties": {}, "geometry": {"type": "Polygon", "coordinates": [[[101.614139, 3.064152], [101.614078, 3.064152], [101.614017, 3.064168], [101.614018, 3.064319], [101.614079, 3.064318], [101.614141, 3.064303], [101.614139, 3.064152]]]}}, {"type": "Feature", "properties": {}, "geometry": {"type": "Polygon", "coordinates": [[[101.614371, 3.065175], [101.614216, 3.065178], [101.614154, 3.065193], [101.614156, 3.065256], [101.614311, 3.065253], [101.614373, 3.065237], [101.614371, 3.065175]]]}}, {"type": "Feature", "properties": {}, "geometry": {"type": "Polygon", "coordinates": [[[101.61437, 3.065112], [101.614214, 3.065116], [101.614153, 3.065131], [101.614154, 3.065193], [101.61431, 3.06519], [101.614371, 3.065175], [101.61437, 3.065112]]]}}, {"type": "Feature", "properties": {}, "geometry": {"type": "Polygon", "coordinates": [[[101.614368, 3.06505], [101.614213, 3.065053], [101.614152, 3.065068], [101.614153, 3.065131], [101.614309, 3.065128], [101.61437, 3.065112], [101.614368, 3.06505]]]}}, {"type": "Feature", "properties": {}, "geometry": {"type": "Polygon", "coordinates": [[[101.614367, 3.064987], [101.614212, 3.06499], [101.61415, 3.065006], [101.614152, 3.065068], [101.614307, 3.065065], [101.614368, 3.06505], [101.614367, 3.064987]]]}}, {"type": "Feature", "properties": {}, "geometry": {"type": "Polygon", "coordinates": [[[101.614366, 3.064924], [101.61421, 3.064928], [101.614149, 3.064943], [101.61415, 3.065006], [101.614306, 3.065002], [101.614367, 3.064987], [101.614366, 3.064924]]]}}, {"type": "Feature", "properties": {}, "geometry": {"type": "Polygon", "coordinates": [[[101.614364, 3.064862], [101.614209, 3.064865], [101.614148, 3.064881], [101.614149, 3.064943], [101.614304, 3.06494], [101.614366, 3.064924], [101.614364, 3.064862]]]}}, {"type": "Feature", "properties": {}, "geometry": {"type": "Polygon", "coordinates": [[[101.614363, 3.064799], [101.614208, 3.064803], [101.614146, 3.064818], [101.614148, 3.064881], [101.614303, 3.064877], [101.614364, 3.064862], [101.614363, 3.064799]]]}}, {"type": "Feature", "properties": {}, "geometry": {"type": "Polygon", "coordinates": [[[101.614177, 3.065169], [101.614015, 3.065171], [101.613953, 3.065186], [101.613954, 3.065248], [101.614116, 3.065246], [101.614177, 3.065231], [101.614177, 3.065169]]]}}, {"type": "Feature", "properties": {}, "geometry": {"type": "Polygon", "coordinates": [[[101.614176, 3.065107], [101.614014, 3.065109], [101.613953, 3.065125], [101.613953, 3.065186], [101.614115, 3.065184], [101.614177, 3.065169], [101.614176, 3.065107]]]}}, {"type": "Feature", "properties": {}, "geometry": {"type": "Polygon", "coordinates": [[[101.614175, 3.065046], [101.614014, 3.065047], [101.613952, 3.065063], [101.613953, 3.065125], [101.614114, 3.065123], [101.614176, 3.065107], [101.614175, 3.065046]]]}}, {"type": "Feature", "properties": {}, "geometry": {"type": "Polygon", "coordinates": [[[101.614175, 3.064984], [101.614013, 3.064985], [101.613952, 3.065001], [101.613952, 3.065063], [101.614114, 3.065061], [101.614175, 3.065046], [101.614175, 3.064984]]]}}, {"type": "Feature", "properties": {}, "geometry": {"type": "Polygon", "coordinates": [[[101.614174, 3.064922], [101.614012, 3.064924], [101.613951, 3.064939], [101.613952, 3.065001], [101.614113, 3.064999], [101.614175, 3.064984], [101.614174, 3.064922]]]}}, {"type": "Feature", "properties": {}, "geometry": {"type": "Polygon", "coordinates": [[[101.614173, 3.06486], [101.614012, 3.064862], [101.61395, 3.064877], [101.613951, 3.064939], [101.614113, 3.064937], [101.614174, 3.064922], [101.614173, 3.06486]]]}}, {"type": "Feature", "properties": {}, "geometry": {"type": "Polygon", "coordinates": [[[101.614173, 3.064798], [101.614011, 3.0648], [101.61395, 3.064815], [101.61395, 3.064877], [101.614112, 3.064876], [101.614173, 3.06486], [101.614173, 3.064798]]]}}, {"type": "Feature", "properties": {}, "geometry": {"type": "Polygon", "coordinates": [[[101.604962, 3.068594], [101.60487, 3.068617], [101.604722, 3.068662], [101.604721, 3.068804], [101.604757, 3.068901], [101.604848, 3.06905], [101.605122, 3.069049], [101.605214, 3.069026], [101.605158, 3.06885], [101.604962, 3.068594]]]}}, {"type": "Feature", "properties": {}, "geometry": {"type": "Polygon", "coordinates": [[[101.609198, 3.075756], [101.609106, 3.075779], [101.609106, 3.075824], [101.609831, 3.075825], [101.609923, 3.075801], [101.609923, 3.075757], [101.609198, 3.075756]]]}}, {"type": "Feature", "properties": {}, "geometry": {"type": "Polygon", "coordinates": [[[101.609291, 3.07025], [101.608908, 3.070347], [101.608181, 3.070653], [101.608076, 3.070824], [101.608375, 3.071219], [101.609073, 3.07109], [101.609457, 3.070993], [101.609767, 3.07051], [101.609701, 3.070468], [101.609291, 3.07025]]]}}, {"type": "Feature", "properties": {}, "geometry": {"type": "Polygon", "coordinates": [[[101.608912, 3.071074], [101.608529, 3.07117], [101.608375, 3.071219], [101.608296, 3.071585], [101.608298, 3.07163], [101.608312, 3.071671], [101.608349, 3.071712], [101.608398, 3.07174], [101.608513, 3.071772], [101.608543, 3.071772], [101.608927, 3.071676], [101.608963, 3.071654], [101.608999, 3.071624], [101.609028, 3.071584], [101.609047, 3.071546], [101.609055, 3.071516], [101.609039, 3.071183], [101.608912, 3.071074]]]}}, {"type": "Feature", "properties": {}, "geometry": {"type": "Polygon", "coordinates": [[[101.60909, 3.070759], [101.608706, 3.070855], [101.608586, 3.070966], [101.608533, 3.071045], [101.608529, 3.07117], [101.608545, 3.071215], [101.608982, 3.071471], [101.609006, 3.071469], [101.609389, 3.071372], [101.609405, 3.07136], [101.609491, 3.071232], [101.609509, 3.071203], [101.609517, 3.071176], [101.609517, 3.071146], [101.609457, 3.070993], [101.60909, 3.070759]]]}}, {"type": "Feature", "properties": {}, "geometry": {"type": "Polygon", "coordinates": [[[101.609606, 3.070158], [101.609222, 3.070255], [101.609156, 3.070276], [101.609106, 3.070326], [101.609042, 3.070433], [101.609297, 3.070596], [101.609407, 3.070656], [101.609791, 3.070559], [101.609932, 3.070344], [101.609642, 3.070158], [101.609606, 3.070158]]]}}, {"type": "Feature", "properties": {}, "geometry": {"type": "Polygon", "coordinates": [[[101.608411, 3.071556], [101.608296, 3.071585], [101.607972, 3.071792], [101.607971, 3.071971], [101.608323, 3.071976], [101.608438, 3.071947], [101.608633, 3.071842], [101.60865, 3.071744], [101.608411, 3.071556]]]}}, {"type": "Feature", "properties": {}, "geometry": {"type": "Polygon", "coordinates": [[[101.609611, 3.070001], [101.609496, 3.07003], [101.60931, 3.070137], [101.609234, 3.070255], [101.609569, 3.070454], [101.609684, 3.070425], [101.609856, 3.070331], [101.609855, 3.070104], [101.609611, 3.070001]]]}}, {"type": "Feature", "properties": {}, "geometry": {"type": "Polygon", "coordinates": [[[101.607798, 3.07084], [101.607706, 3.070863], [101.60762, 3.070917], [101.607939, 3.071534], [101.608048, 3.071686], [101.60814, 3.071662], [101.6082, 3.071609], [101.608115, 3.071072], [101.607999, 3.070949], [101.607947, 3.070914], [101.607798, 3.07084]]]}}, {"type": "Feature", "properties": {}, "geometry": {"type": "Polygon", "coordinates": [[[101.607798, 3.07084], [101.607706, 3.070863], [101.60762, 3.070917], [101.607939, 3.071534], [101.608048, 3.071686], [101.60814, 3.071662], [101.6082, 3.071609], [101.608115, 3.071072], [101.607999, 3.070949], [101.607947, 3.070914], [101.607798, 3.07084]]]}}]}