{"type": "FeatureCollection", "features": [{"type": "Feature", "properties": {}, "geometry": {"type": "Polygon", "coordinates": [[[101.608667, 3.071245], [101.607857, 3.071246], [101.60757, 3.071252], [101.607552, 3.071253], [101.605788, 3.071607], [101.605282, 3.072], [101.605292, 3.073217], [101.605306, 3.07324], [101.605328, 3.073258], [101.605803, 3.073353], [101.607846, 3.073417], [101.608816, 3.073415], [101.610581, 3.07306], [101.61064, 3.07282], [101.61064, 3.072604], [101.610639, 3.072198], [101.609736, 3.071437], [101.609361, 3.071356], [101.608667, 3.071245]]]}}, {"type": "Feature", "properties": {}, "geometry": {"type": "Polygon", "coordinates": [[[101.613882, 3.065623], [101.612589, 3.065883], [101.612583, 3.066214], [101.612752, 3.066217], [101.614045, 3.065957], [101.614051, 3.065626], [101.613882, 3.065623]]]}}, {"type": "Feature", "properties": {}, "geometry": {"type": "Polygon", "coordinates": [[[101.608122, 3.063992], [101.606829, 3.064252], [101.606714, 3.064298], [101.606742, 3.064367], [101.608035, 3.064107], [101.60815, 3.064061], [101.608122, 3.063992]]]}}, {"type": "Feature", "properties": {}, "geometry": {"type": "Polygon", "coordinates": [[[101.613748, 3.064932], [101.612455, 3.065192], [101.612364, 3.065259], [101.612404, 3.065318], [101.613697, 3.065058], [101.613785, 3.064988], [101.613748, 3.064932]]]}}, {"type": "Feature", "properties": {}, "geometry": {"type": "Polygon", "coordinates": [[[101.611802, 3.065554], [101.611327, 3.065555], [101.610034, 3.065815], [101.610027, 3.066377], [101.610475, 3.066401], [101.611768, 3.066141], [101.611802, 3.065554]]]}}, {"type": "Feature", "properties": {}, "geometry": {"type": "Polygon", "coordinates": [[[101.60072, 3.067884], [101.600433, 3.067892], [101.599141, 3.068152], [101.599143, 3.068331], [101.59943, 3.068318], [101.600723, 3.068058], [101.60072, 3.067884]]]}}, {"type": "Feature", "properties": {}, "geometry": {"type": "Polygon", "coordinates": [[[101.600913, 3.067664], [101.600482, 3.067751], [101.600437, 3.067789], [101.600438, 3.067975], [101.600518, 3.067972], [101.600949, 3.067885], [101.600946, 3.067666], [101.600913, 3.067664]]]}}, {"type": "Feature", "properties": {}, "geometry": {"type": "Polygon", "coordinates": [[[101.604228, 3.068506], [101.602611, 3.068831], [101.602611, 3.068846], [101.602649, 3.068886], [101.602823, 3.068889], [101.604439, 3.068564], [101.604441, 3.068506], [101.604228, 3.068506]]]}}, {"type": "Feature", "properties": {}, "geometry": {"type": "Polygon", "coordinates": [[[101.604053, 3.066998], [101.603881, 3.066999], [101.602265, 3.067324], [101.602269, 3.067538], [101.602391, 3.067535], [101.604007, 3.06721], [101.604054, 3.067173], [101.604053, 3.066998]]]}}, {"type": "Feature", "properties": {}, "geometry": {"type": "Polygon", "coordinates": [[[101.60423, 3.067533], [101.602614, 3.067858], [101.602613, 3.067927], [101.602831, 3.067928], [101.604447, 3.067603], [101.604447, 3.067534], [101.60423, 3.067533]]]}}, {"type": "Feature", "properties": {}, "geometry": {"type": "Polygon", "coordinates": [[[101.607312, 3.065651], [101.606019, 3.065911], [101.606008, 3.066298], [101.606341, 3.066307], [101.607634, 3.066047], [101.607644, 3.06566], [101.607312, 3.065651]]]}}, {"type": "Feature", "properties": {}, "geometry": {"type": "Polygon", "coordinates": [[[101.606149, 3.068744], [101.605593, 3.068745], [101.605487, 3.068746], [101.603723, 3.069101], [101.603697, 3.069161], [101.603699, 3.069267], [101.603724, 3.069301], [101.603866, 3.069304], [101.604276, 3.069301], [101.604374, 3.069299], [101.604534, 3.06929], [101.606298, 3.068935], [101.606325, 3.068905], [101.606323, 3.068796], [101.606295, 3.068752], [101.606149, 3.068744]]]}}, {"type": "Feature", "properties": {}, "geometry": {"type": "Polygon", "coordinates": [[[101.602603, 3.063826], [101.602391, 3.063828], [101.601098, 3.064087], [101.601061, 3.064796], [101.601062, 3.064908], [101.601103, 3.064963], [101.601315, 3.064961], [101.602608, 3.064702], [101.602603, 3.063826]]]}}, {"type": "Feature", "properties": {}, "geometry": {"type": "Polygon", "coordinates": [[[101.600702, 3.067412], [101.600415, 3.067423], [101.599122, 3.067683], [101.59913, 3.067876], [101.599414, 3.067865], [101.600707, 3.067605], [101.600702, 3.067412]]]}}, {"type": "Feature", "properties": {}, "geometry": {"type": "Polygon", "coordinates": [[[101.603683, 3.065469], [101.602929, 3.06562], [101.602931, 3.065689], [101.603154, 3.065688], [101.603908, 3.065537], [101.60391, 3.065515], [101.603865, 3.065469], [101.603683, 3.065469]]]}}, {"type": "Feature", "properties": {}, "geometry": {"type": "Polygon", "coordinates": [[[101.601499, 3.064659], [101.600685, 3.064664], [101.599392, 3.064924], [101.599378, 3.06498], [101.599378, 3.065036], [101.600207, 3.065031], [101.6015, 3.064771], [101.601499, 3.064659]]]}}, {"type": "Feature", "properties": {}, "geometry": {"type": "Polygon", "coordinates": [[[101.60738, 3.065527], [101.605616, 3.065881], [101.605596, 3.06623], [101.605985, 3.066252], [101.60775, 3.065897], [101.607767, 3.065543], [101.60753, 3.065531], [101.60738, 3.065527]]]}}, {"type": "Feature", "properties": {}, "geometry": {"type": "Polygon", "coordinates": [[[101.600432, 3.064207], [101.59914, 3.064467], [101.599139, 3.064616], [101.599207, 3.064616], [101.599257, 3.064617], [101.60055, 3.064357], [101.600551, 3.064208], [101.600432, 3.064207]]]}}, {"type": "Feature", "properties": {}, "geometry": {"type": "Polygon", "coordinates": [[[101.605385, 3.068894], [101.6053, 3.068894], [101.603536, 3.069249], [101.603478, 3.069287], [101.603478, 3.069383], [101.603482, 3.069524], [101.603517, 3.069551], [101.60362, 3.06955], [101.605384, 3.069195], [101.605421, 3.069165], [101.605421, 3.06902], [101.60542, 3.068931], [101.605385, 3.068894]]]}}, {"type": "Feature", "properties": {}, "geometry": {"type": "Polygon", "coordinates": [[[101.605559, 3.067417], [101.603794, 3.067772], [101.603432, 3.067916], [101.603432, 3.068152], [101.603457, 3.068957], [101.604459, 3.068958], [101.606224, 3.068603], [101.606224, 3.068107], [101.606158, 3.067554], [101.60581, 3.067417], [101.605559, 3.067417]]]}}, {"type": "Feature", "properties": {}, "geometry": {"type": "Polygon", "coordinates": [[[101.607566, 3.066546], [101.605802, 3.066901], [101.605665, 3.066946], [101.605257, 3.067086], [101.605312, 3.067255], [101.605508, 3.067258], [101.607272, 3.066903], [101.607565, 3.066808], [101.607623, 3.066721], [101.607566, 3.066546]]]}}, {"type": "Feature", "properties": {}, "geometry": {"type": "Polygon", "coordinates": [[[101.60186, 3.067011], [101.601681, 3.067016], [101.600388, 3.067276], [101.600388, 3.06756], [101.600571, 3.067567], [101.601864, 3.067307], [101.60186, 3.067011]]]}}, {"type": "Feature", "properties": {}, "geometry": {"type": "Polygon", "coordinates": [[[101.600952, 3.067992], [101.600888, 3.067992], [101.600457, 3.068079], [101.600459, 3.068299], [101.600523, 3.068298], [101.600954, 3.068211], [101.600952, 3.067992]]]}}, {"type": "Feature", "properties": {}, "geometry": {"type": "Polygon", "coordinates": [[[101.60152, 3.067761], [101.600954, 3.067782], [101.599661, 3.068042], [101.599666, 3.068291], [101.600227, 3.068264], [101.60152, 3.068004], [101.60152, 3.067761]]]}}, {"type": "Feature", "properties": {}, "geometry": {"type": "Polygon", "coordinates": [[[101.607933, 3.066052], [101.606169, 3.066407], [101.606091, 3.066433], [101.605974, 3.06655], [101.605921, 3.066611], [101.605895, 3.066642], [101.605907, 3.066764], [101.605976, 3.066788], [101.607741, 3.066433], [101.608034, 3.066136], [101.608023, 3.066078], [101.607933, 3.066052]]]}}, {"type": "Feature", "properties": {}, "geometry": {"type": "Polygon", "coordinates": [[[101.604007, 3.067396], [101.603976, 3.067398], [101.60236, 3.067723], [101.602364, 3.06794], [101.602432, 3.067938], [101.604048, 3.067613], [101.604045, 3.067441], [101.604007, 3.067396]]]}}, {"type": "Feature", "properties": {}, "geometry": {"type": "Polygon", "coordinates": [[[101.603662, 3.0682], [101.603488, 3.068202], [101.603357, 3.068227], [101.602064, 3.068487], [101.601927, 3.068516], [101.60193, 3.068779], [101.602289, 3.068779], [101.603582, 3.068519], [101.603663, 3.068369], [101.603662, 3.0682]]]}}, {"type": "Feature", "properties": {}, "geometry": {"type": "Polygon", "coordinates": [[[101.605822, 3.068125], [101.604529, 3.068385], [101.604521, 3.068806], [101.604555, 3.068806], [101.604709, 3.068789], [101.606002, 3.068529], [101.606006, 3.068342], [101.605972, 3.068127], [101.605822, 3.068125]]]}}, {"type": "Feature", "properties": {}, "geometry": {"type": "Polygon", "coordinates": [[[101.60684, 3.066821], [101.605076, 3.067176], [101.604816, 3.067588], [101.604769, 3.067668], [101.604921, 3.067758], [101.605032, 3.06774], [101.606796, 3.067385], [101.606875, 3.067342], [101.607051, 3.067045], [101.607008, 3.066921], [101.60684, 3.066821]]]}}, {"type": "Feature", "properties": {}, "geometry": {"type": "Polygon", "coordinates": [[[101.604545, 3.068396], [101.602929, 3.068721], [101.602921, 3.068882], [101.603107, 3.068878], [101.604723, 3.068553], [101.604761, 3.068507], [101.604762, 3.068398], [101.604545, 3.068396]]]}}, {"type": "Feature", "properties": {}, "geometry": {"type": "Polygon", "coordinates": [[[101.606452, 3.066076], [101.605159, 3.066336], [101.605127, 3.066378], [101.605202, 3.066483], [101.605267, 3.066489], [101.606559, 3.066229], [101.606567, 3.06617], [101.606524, 3.066132], [101.606452, 3.066076]]]}}, {"type": "Feature", "properties": {}, "geometry": {"type": "Polygon", "coordinates": [[[101.603718, 3.066256], [101.603495, 3.066258], [101.601879, 3.066583], [101.601879, 3.066651], [101.602102, 3.06665], [101.603718, 3.066325], [101.603718, 3.066256]]]}}, {"type": "Feature", "properties": {}, "geometry": {"type": "Polygon", "coordinates": [[[101.603404, 3.065473], [101.602649, 3.065625], [101.60261, 3.065669], [101.602611, 3.065689], [101.602831, 3.06569], [101.603586, 3.065538], [101.603587, 3.065476], [101.603404, 3.065473]]]}}, {"type": "Feature", "properties": {}, "geometry": {"type": "Polygon", "coordinates": [[[101.600718, 3.067643], [101.600428, 3.067653], [101.599135, 3.067913], [101.599138, 3.068085], [101.599425, 3.068074], [101.600718, 3.067814], [101.600718, 3.067643]]]}}, {"type": "Feature", "properties": {}, "geometry": {"type": "Polygon", "coordinates": [[[101.606699, 3.0654], [101.604934, 3.065755], [101.604928, 3.066121], [101.60526, 3.066124], [101.607025, 3.065769], [101.607038, 3.065403], [101.606699, 3.0654]]]}}, {"type": "Feature", "properties": {}, "geometry": {"type": "Polygon", "coordinates": [[[101.605935, 3.06553], [101.604642, 3.06579], [101.604635, 3.066027], [101.604854, 3.06603], [101.606146, 3.06577], [101.606155, 3.065532], [101.605935, 3.06553]]]}}, {"type": "Feature", "properties": {}, "geometry": {"type": "Polygon", "coordinates": [[[101.606303, 3.069043], [101.605604, 3.069048], [101.605506, 3.069049], [101.603742, 3.069404], [101.603711, 3.06944], [101.603712, 3.069548], [101.603743, 3.069587], [101.603866, 3.069587], [101.604004, 3.069587], [101.604434, 3.069583], [101.604545, 3.069582], [101.606309, 3.069227], [101.606341, 3.069191], [101.606339, 3.069079], [101.606303, 3.069043]]]}}, {"type": "Feature", "properties": {}, "geometry": {"type": "Polygon", "coordinates": [[[101.604234, 3.067599], [101.602941, 3.067859], [101.602941, 3.067927], [101.603156, 3.067927], [101.604449, 3.067667], [101.604449, 3.067599], [101.604234, 3.067599]]]}}, {"type": "Feature", "properties": {}, "geometry": {"type": "Polygon", "coordinates": [[[101.604058, 3.067728], [101.603892, 3.067731], [101.602276, 3.068056], [101.602279, 3.068273], [101.602396, 3.068273], [101.604012, 3.067948], [101.604061, 3.067902], [101.604058, 3.067728]]]}}, {"type": "Feature", "properties": {}, "geometry": {"type": "Polygon", "coordinates": [[[101.602779, 3.0669], [101.602348, 3.066987], [101.602353, 3.067204], [101.602425, 3.067201], [101.602856, 3.067115], [101.602855, 3.066938], [101.6028, 3.066901], [101.602779, 3.0669]]]}}, {"type": "Feature", "properties": {}, "geometry": {"type": "Polygon", "coordinates": [[[101.602241, 3.067032], [101.601946, 3.067037], [101.600653, 3.067297], [101.600656, 3.067552], [101.600954, 3.067546], [101.602246, 3.067286], [101.602241, 3.067032]]]}}, {"type": "Feature", "properties": {}, "geometry": {"type": "Polygon", "coordinates": [[[101.606529, 3.068793], [101.606415, 3.068795], [101.604651, 3.069149], [101.604609, 3.069175], [101.604611, 3.069273], [101.604613, 3.06942], [101.604647, 3.069453], [101.604763, 3.069452], [101.606527, 3.069097], [101.606567, 3.069069], [101.606565, 3.068964], [101.606562, 3.06883], [101.606529, 3.068793]]]}}, {"type": "Feature", "properties": {}, "geometry": {"type": "Polygon", "coordinates": [[[101.601517, 3.067367], [101.60093, 3.067372], [101.599637, 3.067632], [101.599631, 3.067876], [101.599814, 3.067911], [101.600197, 3.067903], [101.60149, 3.067643], [101.601514, 3.067597], [101.601517, 3.067367]]]}}, {"type": "Feature", "properties": {}, "geometry": {"type": "Polygon", "coordinates": [[[101.600897, 3.070886], [101.600591, 3.0709], [101.599299, 3.07116], [101.599309, 3.071403], [101.599607, 3.071393], [101.6009, 3.071133], [101.600897, 3.070886]]]}}, {"type": "Feature", "properties": {}, "geometry": {"type": "Polygon", "coordinates": [[[101.603719, 3.069521], [101.603505, 3.069521], [101.601889, 3.069846], [101.601889, 3.069914], [101.602103, 3.069914], [101.603719, 3.069589], [101.603719, 3.069521]]]}}, {"type": "Feature", "properties": {}, "geometry": {"type": "Polygon", "coordinates": [[[101.60158, 3.06944], [101.601498, 3.069442], [101.599882, 3.069767], [101.599886, 3.069979], [101.599968, 3.069978], [101.601584, 3.069653], [101.60158, 3.06944]]]}}, {"type": "Feature", "properties": {}, "geometry": {"type": "Polygon", "coordinates": [[[101.604056, 3.069707], [101.603825, 3.06971], [101.602209, 3.070035], [101.602198, 3.071409], [101.602362, 3.071411], [101.603978, 3.071086], [101.604048, 3.071025], [101.604056, 3.069707]]]}}, {"type": "Feature", "properties": {}, "geometry": {"type": "Polygon", "coordinates": [[[101.601211, 3.068666], [101.599918, 3.068926], [101.599902, 3.068969], [101.59991, 3.069174], [101.59995, 3.069242], [101.600023, 3.069239], [101.601316, 3.068979], [101.601461, 3.068917], [101.601458, 3.068701], [101.601329, 3.068669], [101.601211, 3.068666]]]}}, {"type": "Feature", "properties": {}, "geometry": {"type": "Polygon", "coordinates": [[[101.600865, 3.069459], [101.600556, 3.069464], [101.599263, 3.069724], [101.59927, 3.069965], [101.599573, 3.069959], [101.600865, 3.069699], [101.600865, 3.069459]]]}}, {"type": "Feature", "properties": {}, "geometry": {"type": "Polygon", "coordinates": [[[101.603305, 3.070141], [101.602417, 3.070165], [101.600801, 3.07049], [101.600809, 3.070699], [101.60164, 3.07068], [101.603256, 3.070355], [101.603308, 3.070307], [101.603305, 3.070141]]]}}, {"type": "Feature", "properties": {}, "geometry": {"type": "Polygon", "coordinates": [[[101.602938, 3.068296], [101.60263, 3.068307], [101.601337, 3.068567], [101.601275, 3.068679], [101.601278, 3.068744], [101.601345, 3.068779], [101.601654, 3.068776], [101.602947, 3.068516], [101.602938, 3.068296]]]}}, {"type": "Feature", "properties": {}, "geometry": {"type": "Polygon", "coordinates": [[[101.602175, 3.068679], [101.601905, 3.068687], [101.600612, 3.068947], [101.600619, 3.069165], [101.600888, 3.069158], [101.602181, 3.068898], [101.602175, 3.068679]]]}}, {"type": "Feature", "properties": {}, "geometry": {"type": "Polygon", "coordinates": [[[101.600873, 3.070166], [101.600583, 3.070171], [101.59929, 3.070431], [101.59925, 3.070552], [101.599256, 3.070744], [101.599511, 3.070733], [101.600804, 3.070473], [101.600876, 3.070423], [101.600873, 3.070166]]]}}, {"type": "Feature", "properties": {}, "geometry": {"type": "Polygon", "coordinates": [[[101.601951, 3.071454], [101.601702, 3.071459], [101.600409, 3.071719], [101.600406, 3.071944], [101.600656, 3.071936], [101.601949, 3.071676], [101.601951, 3.071454]]]}}, {"type": "Feature", "properties": {}, "geometry": {"type": "Polygon", "coordinates": [[[101.60299, 3.068624], [101.602762, 3.06863], [101.601469, 3.06889], [101.601336, 3.068933], [101.601342, 3.06915], [101.601466, 3.069231], [101.601579, 3.069228], [101.602871, 3.068968], [101.602998, 3.068903], [101.60299, 3.068624]]]}}, {"type": "Feature", "properties": {}, "geometry": {"type": "Polygon", "coordinates": [[[101.603726, 3.069712], [101.603495, 3.069715], [101.601879, 3.07004], [101.601869, 3.071352], [101.60193, 3.071416], [101.602091, 3.071411], [101.603707, 3.071086], [101.603726, 3.069712]]]}}, {"type": "Feature", "properties": {}, "geometry": {"type": "Polygon", "coordinates": [[[101.603016, 3.071427], [101.602752, 3.071438], [101.60146, 3.071698], [101.601415, 3.071781], [101.60142, 3.071955], [101.601761, 3.071941], [101.603054, 3.071681], [101.603056, 3.071604], [101.603056, 3.071545], [101.603016, 3.071427]]]}}, {"type": "Feature", "properties": {}, "geometry": {"type": "Polygon", "coordinates": [[[101.600884, 3.07053], [101.600554, 3.070546], [101.599261, 3.070806], [101.59927, 3.071098], [101.599382, 3.071095], [101.600675, 3.070835], [101.60089, 3.070771], [101.600884, 3.07053]]]}}, {"type": "Feature", "properties": {}, "geometry": {"type": "Polygon", "coordinates": [[[101.607002, 3.070332], [101.60571, 3.070591], [101.605656, 3.070616], [101.605602, 3.070696], [101.605618, 3.070718], [101.605637, 3.070744], [101.605723, 3.070747], [101.607016, 3.070487], [101.607067, 3.070452], [101.607002, 3.070332]]]}}, {"type": "Feature", "properties": {}, "geometry": {"type": "Polygon", "coordinates": [[[101.600277, 3.069344], [101.599846, 3.069431], [101.599809, 3.069468], [101.599812, 3.069658], [101.599883, 3.069653], [101.600314, 3.069567], [101.600311, 3.069348], [101.600277, 3.069344]]]}}, {"type": "Feature", "properties": {}, "geometry": {"type": "Polygon", "coordinates": [[[101.603143, 3.071791], [101.602824, 3.071799], [101.601208, 3.072124], [101.601162, 3.072191], [101.60116, 3.072386], [101.601857, 3.072367], [101.603474, 3.072042], [101.60347, 3.071794], [101.603143, 3.071791]]]}}, {"type": "Feature", "properties": {}, "geometry": {"type": "Polygon", "coordinates": [[[101.604054, 3.069696], [101.602761, 3.069956], [101.602755, 3.070775], [101.602994, 3.070777], [101.604287, 3.070517], [101.604292, 3.069698], [101.604054, 3.069696]]]}}, {"type": "Feature", "properties": {}, "geometry": {"type": "Polygon", "coordinates": [[[101.603272, 3.069083], [101.60326, 3.069083], [101.601644, 3.069408], [101.601647, 3.069622], [101.601698, 3.069621], [101.603314, 3.069296], [101.603318, 3.069126], [101.603272, 3.069083]]]}}, {"type": "Feature", "properties": {}, "geometry": {"type": "Polygon", "coordinates": [[[101.602352, 3.070891], [101.601536, 3.070912], [101.59992, 3.071237], [101.599924, 3.071459], [101.600739, 3.071438], [101.602355, 3.071113], [101.602352, 3.070891]]]}}, {"type": "Feature", "properties": {}, "geometry": {"type": "Polygon", "coordinates": [[[101.604047, 3.069523], [101.60383, 3.069526], [101.602214, 3.069851], [101.602214, 3.069919], [101.602432, 3.069917], [101.604048, 3.069592], [101.604047, 3.069523]]]}}, {"type": "Feature", "properties": {}, "geometry": {"type": "Polygon", "coordinates": [[[101.602406, 3.06864], [101.602216, 3.068644], [101.600923, 3.068904], [101.600928, 3.069138], [101.600999, 3.069235], [101.601114, 3.069233], [101.602407, 3.068973], [101.602533, 3.068892], [101.602529, 3.068677], [101.602406, 3.06864]]]}}, {"type": "Feature", "properties": {}, "geometry": {"type": "Polygon", "coordinates": [[[101.603365, 3.071419], [101.603121, 3.071425], [101.601828, 3.071684], [101.601764, 3.071789], [101.601764, 3.071864], [101.601828, 3.071947], [101.602121, 3.071941], [101.603414, 3.071681], [101.603408, 3.071516], [101.603365, 3.071419]]]}}, {"type": "Feature", "properties": {}, "geometry": {"type": "Polygon", "coordinates": [[[101.600916, 3.071245], [101.600613, 3.07125], [101.59932, 3.07151], [101.599261, 3.071569], [101.599264, 3.07176], [101.599633, 3.071751], [101.600926, 3.071491], [101.600983, 3.07143], [101.600978, 3.07136], [101.600916, 3.071245]]]}}, {"type": "Feature", "properties": {}, "geometry": {"type": "Polygon", "coordinates": [[[101.60644, 3.070144], [101.606236, 3.070149], [101.604472, 3.070504], [101.604469, 3.070667], [101.604486, 3.070777], [101.604496, 3.070798], [101.604692, 3.07101], [101.60488, 3.071004], [101.606644, 3.07065], [101.606645, 3.070467], [101.60644, 3.070144]]]}}, {"type": "Feature", "properties": {}, "geometry": {"type": "Polygon", "coordinates": [[[101.605504, 3.070746], [101.605299, 3.070752], [101.604006, 3.071012], [101.60401, 3.071158], [101.604215, 3.071152], [101.605508, 3.070892], [101.605504, 3.070746]]]}}, {"type": "Feature", "properties": {}, "geometry": {"type": "Polygon", "coordinates": [[[101.602339, 3.070567], [101.601507, 3.070586], [101.599891, 3.070911], [101.5999, 3.07113], [101.600726, 3.071103], [101.602342, 3.070778], [101.602339, 3.070567]]]}}, {"type": "Feature", "properties": {}, "geometry": {"type": "Polygon", "coordinates": [[[101.602317, 3.069836], [101.601502, 3.069849], [101.599886, 3.070174], [101.599822, 3.070228], [101.599822, 3.070404], [101.600706, 3.070372], [101.602322, 3.070047], [101.602317, 3.069836]]]}}, {"type": "Feature", "properties": {}, "geometry": {"type": "Polygon", "coordinates": [[[101.602318, 3.070162], [101.601443, 3.070173], [101.599827, 3.070498], [101.59983, 3.070672], [101.5999, 3.070731], [101.600709, 3.070704], [101.602326, 3.070379], [101.602318, 3.070162]]]}}, {"type": "Feature", "properties": {}, "geometry": {"type": "Polygon", "coordinates": [[[101.602531, 3.068318], [101.602287, 3.06832], [101.600994, 3.06858], [101.600927, 3.068687], [101.600931, 3.068818], [101.601281, 3.068819], [101.602574, 3.068559], [101.602571, 3.068395], [101.602531, 3.068318]]]}}, {"type": "Feature", "properties": {}, "geometry": {"type": "Polygon", "coordinates": [[[101.603256, 3.070537], [101.602439, 3.070563], [101.600823, 3.070888], [101.600827, 3.071101], [101.601713, 3.071085], [101.603329, 3.07076], [101.603326, 3.070591], [101.603256, 3.070537]]]}}, {"type": "Feature", "properties": {}, "geometry": {"type": "Polygon", "coordinates": [[[101.602171, 3.068323], [101.601913, 3.068331], [101.60062, 3.068591], [101.600562, 3.068671], [101.600562, 3.068695], [101.600565, 3.068829], [101.600878, 3.068827], [101.602171, 3.068567], [101.602171, 3.068323]]]}}, {"type": "Feature", "properties": {}, "geometry": {"type": "Polygon", "coordinates": [[[101.605603, 3.071707], [101.604403, 3.071721], [101.602639, 3.072076], [101.602642, 3.072307], [101.6036, 3.07275], [101.603847, 3.072747], [101.605612, 3.072393], [101.605603, 3.071707]]]}}, {"type": "Feature", "properties": {}, "geometry": {"type": "Polygon", "coordinates": [[[101.602509, 3.069421], [101.602427, 3.069423], [101.600811, 3.069748], [101.600815, 3.069959], [101.600896, 3.069958], [101.602512, 3.069633], [101.602509, 3.069421]]]}}, {"type": "Feature", "properties": {}, "geometry": {"type": "Polygon", "coordinates": [[[101.602497, 3.071777], [101.602409, 3.07178], [101.601953, 3.071818], [101.600337, 3.072142], [101.600343, 3.072374], [101.601047, 3.072384], [101.602663, 3.072059], [101.602663, 3.071866], [101.602497, 3.071777]]]}}, {"type": "Feature", "properties": {}, "geometry": {"type": "Polygon", "coordinates": [[[101.601812, 3.068687], [101.60156, 3.068698], [101.600267, 3.068958], [101.600272, 3.06917], [101.600369, 3.069228], [101.600431, 3.069231], [101.601724, 3.068971], [101.601817, 3.068912], [101.601812, 3.068687]]]}}, {"type": "Feature", "properties": {}, "geometry": {"type": "Polygon", "coordinates": [[[101.606424, 3.069474], [101.60466, 3.069828], [101.604483, 3.070059], [101.604459, 3.070096], [101.604451, 3.070348], [101.604666, 3.070337], [101.60643, 3.069982], [101.606658, 3.069661], [101.606647, 3.069474], [101.606424, 3.069474]]]}}, {"type": "Feature", "properties": {}, "geometry": {"type": "Polygon", "coordinates": [[[101.605657, 3.070138], [101.604873, 3.070165], [101.603108, 3.07052], [101.603112, 3.07063], [101.603122, 3.070797], [101.603903, 3.07077], [101.605667, 3.070415], [101.605663, 3.070303], [101.605657, 3.070138]]]}}, {"type": "Feature", "properties": {}, "geometry": {"type": "Polygon", "coordinates": [[[101.601455, 3.068328], [101.601179, 3.068342], [101.599886, 3.068602], [101.599891, 3.068819], [101.59995, 3.068846], [101.600267, 3.068837], [101.60156, 3.068577], [101.60156, 3.068435], [101.601455, 3.068328]]]}}, {"type": "Feature", "properties": {}, "geometry": {"type": "Polygon", "coordinates": [[[101.603012, 3.07093], [101.602127, 3.070958], [101.600835, 3.071218], [101.600839, 3.071446], [101.601646, 3.071425], [101.602939, 3.071165], [101.603014, 3.071122], [101.603012, 3.07093]]]}}, {"type": "Feature", "properties": {}, "geometry": {"type": "Polygon", "coordinates": [[[101.600846, 3.068727], [101.600529, 3.068738], [101.599236, 3.068998], [101.599236, 3.069241], [101.599269, 3.069304], [101.599409, 3.069298], [101.600701, 3.069038], [101.600846, 3.068982], [101.600846, 3.068727]]]}}, {"type": "Feature", "properties": {}, "geometry": {"type": "Polygon", "coordinates": [[[101.600865, 3.069812], [101.600567, 3.069815], [101.599274, 3.070075], [101.599277, 3.070324], [101.599575, 3.070321], [101.600868, 3.070061], [101.600865, 3.069812]]]}}, {"type": "Feature", "properties": {}, "geometry": {"type": "Polygon", "coordinates": [[[101.606214, 3.070969], [101.605929, 3.070977], [101.604637, 3.071237], [101.604637, 3.071379], [101.604921, 3.071374], [101.606214, 3.071114], [101.606214, 3.070969]]]}}, {"type": "Feature", "properties": {}, "geometry": {"type": "Polygon", "coordinates": [[[101.603678, 3.071417], [101.603479, 3.071422], [101.602186, 3.071682], [101.602192, 3.07187], [101.602385, 3.071867], [101.603678, 3.071607], [101.603678, 3.071417]]]}}, {"type": "Feature", "properties": {}, "geometry": {"type": "Polygon", "coordinates": [[[101.601541, 3.071457], [101.601272, 3.071464], [101.599979, 3.071724], [101.599985, 3.071942], [101.600256, 3.071939], [101.601549, 3.071679], [101.601541, 3.071457]]]}}, {"type": "Feature", "properties": {}, "geometry": {"type": "Polygon", "coordinates": [[[101.606432, 3.070717], [101.60514, 3.070976], [101.605042, 3.071001], [101.604963, 3.071188], [101.604964, 3.071274], [101.606257, 3.071015], [101.606522, 3.07095], [101.606492, 3.07076], [101.606432, 3.070717]]]}}, {"type": "Feature", "properties": {}, "geometry": {"type": "Polygon", "coordinates": [[[101.603354, 3.072006], [101.603289, 3.072008], [101.601996, 3.072268], [101.601997, 3.072375], [101.602067, 3.072373], [101.60336, 3.072113], [101.603354, 3.072006]]]}}, {"type": "Feature", "properties": {}, "geometry": {"type": "Polygon", "coordinates": [[[101.604438, 3.072107], [101.604197, 3.072115], [101.602581, 3.07244], [101.602551, 3.072622], [101.6026, 3.072686], [101.602667, 3.072702], [101.602774, 3.072686], [101.60439, 3.072361], [101.604438, 3.072107]]]}}, {"type": "Feature", "properties": {}, "geometry": {"type": "Polygon", "coordinates": [[[101.602305, 3.071433], [101.602051, 3.071441], [101.600758, 3.071701], [101.600755, 3.071926], [101.600871, 3.07196], [101.60101, 3.071958], [101.602303, 3.071698], [101.602305, 3.071433]]]}}, {"type": "Feature", "properties": {}, "geometry": {"type": "Polygon", "coordinates": [[[101.600862, 3.071596], [101.600471, 3.071609], [101.599178, 3.071869], [101.599047, 3.072057], [101.59905, 3.072448], [101.599575, 3.072437], [101.600868, 3.072177], [101.600862, 3.071596]]]}}, {"type": "Feature", "properties": {}, "geometry": {"type": "Polygon", "coordinates": [[[101.601809, 3.068326], [101.60156, 3.068328], [101.600267, 3.068588], [101.600267, 3.068837], [101.600565, 3.068829], [101.601858, 3.068569], [101.601855, 3.068435], [101.601809, 3.068326]]]}}, {"type": "Feature", "properties": {}, "geometry": {"type": "Polygon", "coordinates": [[[101.600857, 3.069097], [101.600504, 3.069105], [101.599211, 3.069365], [101.59921, 3.069483], [101.599242, 3.069612], [101.599278, 3.069659], [101.59942, 3.069659], [101.600713, 3.069399], [101.600854, 3.069341], [101.600857, 3.069097]]]}}, {"type": "Feature", "properties": {}, "geometry": {"type": "Polygon", "coordinates": [[[101.602657, 3.071425], [101.602399, 3.071435], [101.601106, 3.071695], [101.601114, 3.071931], [101.601256, 3.071963], [101.60142, 3.071955], [101.602713, 3.071695], [101.602708, 3.071521], [101.602657, 3.071425]]]}}, {"type": "Feature", "properties": {}, "geometry": {"type": "Polygon", "coordinates": [[[101.602744, 3.072069], [101.60258, 3.072074], [101.602149, 3.072161], [101.602153, 3.072483], [101.602319, 3.072477], [101.60275, 3.072391], [101.602744, 3.072069]]]}}, {"type": "Feature", "properties": {}, "geometry": {"type": "Polygon", "coordinates": [[[101.603328, 3.069817], [101.602412, 3.069843], [101.600796, 3.070168], [101.600801, 3.070378], [101.601678, 3.070359], [101.603294, 3.070034], [101.603331, 3.069932], [101.603328, 3.069817]]]}}, {"type": "Feature", "properties": {}, "geometry": {"type": "Polygon", "coordinates": [[[101.606943, 3.06772], [101.60565, 3.06798], [101.605538, 3.068036], [101.605377, 3.068184], [101.605294, 3.068379], [101.605267, 3.068583], [101.605294, 3.06869], [101.60568, 3.068623], [101.606973, 3.068363], [101.607083, 3.068269], [101.607091, 3.068138], [101.607027, 3.067918], [101.606978, 3.067787], [101.606943, 3.06772]]]}}, {"type": "Feature", "properties": {}, "geometry": {"type": "Polygon", "coordinates": [[[101.604568, 3.072091], [101.602952, 3.072416], [101.602912, 3.072681], [101.603494, 3.072785], [101.60511, 3.07246], [101.605161, 3.072185], [101.604568, 3.072091]]]}}, {"type": "Feature", "properties": {}, "geometry": {"type": "Polygon", "coordinates": [[[101.610833, 3.07214], [101.609217, 3.072465], [101.609213, 3.072532], [101.609261, 3.072576], [101.609417, 3.072573], [101.611033, 3.072248], [101.611034, 3.072143], [101.610833, 3.07214]]]}}, {"type": "Feature", "properties": {}, "geometry": {"type": "Polygon", "coordinates": [[[101.609264, 3.071711], [101.607971, 3.071971], [101.607969, 3.072113], [101.607964, 3.072484], [101.608757, 3.072495], [101.61005, 3.072235], [101.610056, 3.071814], [101.610057, 3.071721], [101.609616, 3.071716], [101.609264, 3.071711]]]}}, {"type": "Feature", "properties": {}, "geometry": {"type": "Polygon", "coordinates": [[[101.610553, 3.073326], [101.60926, 3.073586], [101.6092, 3.07364], [101.6092, 3.073708], [101.609254, 3.073746], [101.609326, 3.073746], [101.610619, 3.073486], [101.610728, 3.073449], [101.610728, 3.073383], [101.610614, 3.073326], [101.610553, 3.073326]]]}}, {"type": "Feature", "properties": {}, "geometry": {"type": "Polygon", "coordinates": [[[101.611041, 3.072881], [101.610833, 3.072883], [101.609217, 3.073208], [101.609217, 3.073325], [101.609256, 3.07336], [101.609431, 3.073361], [101.611047, 3.073036], [101.611041, 3.072881]]]}}, {"type": "Feature", "properties": {}, "geometry": {"type": "Polygon", "coordinates": [[[101.611833, 3.072683], [101.6111, 3.072691], [101.609484, 3.073016], [101.609484, 3.073219], [101.610219, 3.073352], [101.611835, 3.073027], [101.611833, 3.072683]]]}}, {"type": "Feature", "properties": {}, "geometry": {"type": "Polygon", "coordinates": [[[101.6121, 3.073048], [101.611884, 3.07305], [101.610268, 3.073374], [101.610267, 3.073506], [101.610428, 3.073541], [101.612044, 3.073216], [101.612103, 3.073157], [101.6121, 3.073048]]]}}, {"type": "Feature", "properties": {}, "geometry": {"type": "Polygon", "coordinates": [[[101.611828, 3.071774], [101.611768, 3.071774], [101.610152, 3.072099], [101.610153, 3.072303], [101.610213, 3.072303], [101.611829, 3.071978], [101.611828, 3.071774]]]}}, {"type": "Feature", "properties": {}, "geometry": {"type": "Polygon", "coordinates": [[[101.612102, 3.07214], [101.611878, 3.072141], [101.610262, 3.072466], [101.610259, 3.072558], [101.610433, 3.072558], [101.612049, 3.072234], [101.612101, 3.072166], [101.612102, 3.07214]]]}}, {"type": "Feature", "properties": {}, "geometry": {"type": "Polygon", "coordinates": [[[101.611818, 3.072407], [101.611758, 3.072407], [101.610142, 3.072732], [101.610143, 3.072947], [101.610203, 3.072947], [101.61182, 3.072622], [101.611818, 3.072407]]]}}, {"type": "Feature", "properties": {}, "geometry": {"type": "Polygon", "coordinates": [[[101.609397, 3.073282], [101.608104, 3.073542], [101.6081, 3.073693], [101.608517, 3.073706], [101.60981, 3.073446], [101.609815, 3.073295], [101.609397, 3.073282]]]}}, {"type": "Feature", "properties": {}, "geometry": {"type": "Polygon", "coordinates": [[[101.611831, 3.07202], [101.611771, 3.07202], [101.610155, 3.072345], [101.610157, 3.072558], [101.610217, 3.072558], [101.611833, 3.072233], [101.611831, 3.07202]]]}}, {"type": "Feature", "properties": {}, "geometry": {"type": "Polygon", "coordinates": [[[101.610979, 3.070746], [101.610705, 3.070752], [101.610274, 3.070838], [101.610276, 3.071049], [101.610277, 3.071094], [101.610547, 3.071092], [101.610978, 3.071006], [101.610979, 3.070746]]]}}, {"type": "Feature", "properties": {}, "geometry": {"type": "Polygon", "coordinates": [[[101.611754, 3.068159], [101.611709, 3.068161], [101.609944, 3.068516], [101.609521, 3.068634], [101.609437, 3.06869], [101.609451, 3.069159], [101.609829, 3.069435], [101.610268, 3.069437], [101.61029, 3.069437], [101.612055, 3.069083], [101.612176, 3.069035], [101.612178, 3.06885], [101.612079, 3.068215], [101.611754, 3.068159]]]}}, {"type": "Feature", "properties": {}, "geometry": {"type": "Polygon", "coordinates": [[[101.611516, 3.067214], [101.611371, 3.06722], [101.610078, 3.06748], [101.609837, 3.067555], [101.609623, 3.067785], [101.609338, 3.068321], [101.609338, 3.068532], [101.610006, 3.068518], [101.611299, 3.068258], [101.611511, 3.067935], [101.611629, 3.067688], [101.611631, 3.067509], [101.611516, 3.067214]]]}}, {"type": "Feature", "properties": {}, "geometry": {"type": "Polygon", "coordinates": [[[101.606587, 3.071103], [101.606477, 3.071122], [101.605184, 3.071382], [101.605093, 3.071414], [101.605018, 3.071459], [101.60509, 3.071569], [101.605738, 3.071659], [101.607031, 3.071399], [101.607099, 3.071347], [101.60701, 3.071243], [101.606975, 3.071202], [101.606917, 3.071156], [101.606772, 3.071122], [101.60671, 3.07111], [101.606672, 3.071103], [101.606587, 3.071103]]]}}, {"type": "Feature", "properties": {}, "geometry": {"type": "Polygon", "coordinates": [[[101.608413, 3.069509], [101.60712, 3.069769], [101.60701, 3.07057], [101.607085, 3.070658], [101.607123, 3.070658], [101.607263, 3.070648], [101.608555, 3.070388], [101.608596, 3.070125], [101.608494, 3.069517], [101.608413, 3.069509]]]}}, {"type": "Feature", "properties": {}, "geometry": {"type": "Polygon", "coordinates": [[[101.607834, 3.070661], [101.606541, 3.070921], [101.606536, 3.071111], [101.60664, 3.071111], [101.607933, 3.070851], [101.607941, 3.070661], [101.607834, 3.070661]]]}}, {"type": "Feature", "properties": {}, "geometry": {"type": "Polygon", "coordinates": [[[101.607458, 3.069991], [101.606166, 3.070251], [101.605916, 3.070315], [101.605997, 3.070645], [101.606042, 3.070814], [101.606629, 3.070857], [101.607922, 3.070597], [101.607979, 3.070564], [101.607999, 3.07045], [101.607458, 3.069991]]]}}, {"type": "Feature", "properties": {}, "geometry": {"type": "Polygon", "coordinates": [[[101.607756, 3.070294], [101.606463, 3.070554], [101.606436, 3.070642], [101.606823, 3.070765], [101.607442, 3.07083], [101.607571, 3.070811], [101.608864, 3.070551], [101.608875, 3.070455], [101.607756, 3.070294]]]}}, {"type": "Feature", "properties": {}, "geometry": {"type": "Polygon", "coordinates": [[[101.602894, 3.065273], [101.602062, 3.065279], [101.600554, 3.065583], [101.600557, 3.06662], [101.601537, 3.066617], [101.603046, 3.066313], [101.60304, 3.065274], [101.602894, 3.065273]]]}}, {"type": "Feature", "properties": {}, "geometry": {"type": "Polygon", "coordinates": [[[101.602765, 3.064829], [101.601472, 3.065089], [101.601387, 3.065448], [101.601386, 3.065576], [101.601532, 3.065577], [101.601685, 3.065578], [101.602978, 3.065318], [101.60298, 3.064999], [101.602902, 3.06483], [101.602765, 3.064829]]]}}, {"type": "Feature", "properties": {}, "geometry": {"type": "Polygon", "coordinates": [[[101.609361, 3.06585], [101.608267, 3.06586], [101.606975, 3.06612], [101.606978, 3.066459], [101.608071, 3.066448], [101.609364, 3.066188], [101.609361, 3.06585]]]}}, {"type": "Feature", "properties": {}, "geometry": {"type": "Polygon", "coordinates": [[[101.609326, 3.064041], [101.607561, 3.064395], [101.607272, 3.064682], [101.607267, 3.064924], [101.607261, 3.065215], [101.608122, 3.065212], [101.610337, 3.065184], [101.612102, 3.064829], [101.612166, 3.064801], [101.612204, 3.06474], [101.612209, 3.064658], [101.612201, 3.064493], [101.612174, 3.064046], [101.609326, 3.064041]]]}}, {"type": "Feature", "properties": {}, "geometry": {"type": "Polygon", "coordinates": [[[101.609747, 3.065109], [101.608454, 3.065369], [101.608449, 3.065701], [101.608769, 3.065707], [101.610062, 3.065447], [101.610068, 3.065114], [101.609747, 3.065109]]]}}, {"type": "Feature", "properties": {}, "geometry": {"type": "Polygon", "coordinates": [[[101.612191, 3.070196], [101.612107, 3.070199], [101.610814, 3.070459], [101.610505, 3.070682], [101.610504, 3.070775], [101.610676, 3.070816], [101.61081, 3.070811], [101.612102, 3.070551], [101.61219, 3.070494], [101.612191, 3.070196]]]}}, {"type": "Feature", "properties": {}, "geometry": {"type": "Polygon", "coordinates": [[[101.611388, 3.075677], [101.610256, 3.075904], [101.61002, 3.076023], [101.610019, 3.076321], [101.610252, 3.076322], [101.611384, 3.076094], [101.611468, 3.076046], [101.61147, 3.075677], [101.611388, 3.075677]]]}}, {"type": "Feature", "properties": {}, "geometry": {"type": "Polygon", "coordinates": [[[101.611671, 3.069471], [101.609907, 3.069826], [101.6099, 3.070264], [101.610401, 3.070271], [101.612166, 3.069916], [101.612172, 3.069478], [101.612038, 3.069476], [101.611671, 3.069471]]]}}, {"type": "Feature", "properties": {}, "geometry": {"type": "Polygon", "coordinates": [[[101.607057, 3.072243], [101.606949, 3.072245], [101.605874, 3.072267], [101.60411, 3.072622], [101.604111, 3.072665], [101.604139, 3.072964], [101.604304, 3.073113], [101.604551, 3.073167], [101.604981, 3.073149], [101.606745, 3.072794], [101.606764, 3.072788], [101.607064, 3.072605], [101.607057, 3.072243]]]}}, {"type": "Feature", "properties": {}, "geometry": {"type": "Polygon", "coordinates": [[[101.610069, 3.065521], [101.608777, 3.065781], [101.608774, 3.066398], [101.609979, 3.066405], [101.611272, 3.066145], [101.611268, 3.065739], [101.610367, 3.065522], [101.610069, 3.065521]]]}}, {"type": "Feature", "properties": {}, "geometry": {"type": "Polygon", "coordinates": [[[101.601257, 3.062353], [101.599964, 3.062613], [101.599962, 3.062678], [101.600329, 3.063012], [101.600704, 3.063248], [101.600744, 3.063248], [101.602037, 3.062988], [101.602037, 3.062928], [101.601688, 3.062563], [101.601512, 3.062414], [101.601464, 3.062389], [101.60144, 3.062379], [101.601357, 3.062353], [101.601257, 3.062353]]]}}, {"type": "Feature", "properties": {}, "geometry": {"type": "Polygon", "coordinates": [[[101.6026, 3.063176], [101.602387, 3.063176], [101.601094, 3.063436], [101.601098, 3.064087], [101.60131, 3.064086], [101.602603, 3.063826], [101.6026, 3.063176]]]}}, {"type": "Feature", "properties": {}, "geometry": {"type": "Polygon", "coordinates": [[[101.602697, 3.062892], [101.602433, 3.062893], [101.600669, 3.063248], [101.60067, 3.063365], [101.600688, 3.063523], [101.600934, 3.063521], [101.602698, 3.063167], [101.602697, 3.062892]]]}}, {"type": "Feature", "properties": {}, "geometry": {"type": "Polygon", "coordinates": [[[101.602227, 3.063262], [101.602025, 3.063263], [101.600733, 3.063523], [101.600627, 3.063902], [101.600627, 3.063961], [101.600734, 3.06418], [101.600835, 3.064179], [101.600938, 3.064179], [101.602231, 3.063919], [101.602227, 3.063262]]]}}, {"type": "Feature", "properties": {}, "geometry": {"type": "Polygon", "coordinates": [[[101.602391, 3.063547], [101.602288, 3.063547], [101.600524, 3.063902], [101.600527, 3.064461], [101.600528, 3.064595], [101.600837, 3.064593], [101.602601, 3.064238], [101.602655, 3.064214], [101.602653, 3.063867], [101.602497, 3.063605], [101.602391, 3.063547]]]}}, {"type": "Feature", "properties": {}, "geometry": {"type": "Polygon", "coordinates": [[[101.602601, 3.064238], [101.602292, 3.06424], [101.602068, 3.064241], [101.600304, 3.064596], [101.600305, 3.064804], [101.600632, 3.064965], [101.600839, 3.064964], [101.602603, 3.064609], [101.602637, 3.064553], [101.602643, 3.064517], [101.602643, 3.064442], [101.602601, 3.064238]]]}}, {"type": "Feature", "properties": {}, "geometry": {"type": "Polygon", "coordinates": [[[101.602093, 3.062657], [101.600329, 3.063012], [101.600294, 3.063101], [101.600277, 3.063143], [101.600255, 3.063241], [101.600249, 3.063273], [101.600242, 3.063363], [101.600239, 3.063412], [101.600477, 3.063422], [101.602242, 3.063067], [101.602301, 3.06277], [101.602093, 3.062657]]]}}, {"type": "Feature", "properties": {}, "geometry": {"type": "Polygon", "coordinates": [[[101.602003, 3.063057], [101.600239, 3.063412], [101.599829, 3.064197], [101.599863, 3.064259], [101.599959, 3.064325], [101.601724, 3.06397], [101.601791, 3.06392], [101.601872, 3.063859], [101.601991, 3.063731], [101.602087, 3.063583], [101.602133, 3.063477], [101.602159, 3.063415], [101.602182, 3.063321], [101.602198, 3.063246], [101.602206, 3.063149], [101.602208, 3.063066], [101.602003, 3.063057]]]}}, {"type": "Feature", "properties": {}, "geometry": {"type": "Polygon", "coordinates": [[[101.601657, 3.063816], [101.600364, 3.064076], [101.600346, 3.06408], [101.6002, 3.064114], [101.600169, 3.064147], [101.600208, 3.064292], [101.600222, 3.06432], [101.600233, 3.064332], [101.600281, 3.064365], [101.600369, 3.064413], [101.600461, 3.064446], [101.600527, 3.064461], [101.60182, 3.064201], [101.601818, 3.063854], [101.601807, 3.063849], [101.60178, 3.063836], [101.601731, 3.063822], [101.601694, 3.063816], [101.601657, 3.063816]]]}}, {"type": "Feature", "properties": {}, "geometry": {"type": "Polygon", "coordinates": [[[101.600529, 3.066292], [101.600449, 3.066294], [101.599156, 3.066553], [101.599155, 3.06673], [101.599233, 3.066732], [101.600526, 3.066472], [101.600555, 3.06639], [101.600554, 3.066346], [101.600529, 3.066292]]]}}, {"type": "Feature", "properties": {}, "geometry": {"type": "Polygon", "coordinates": [[[101.6014, 3.066328], [101.600107, 3.066588], [101.600107, 3.066656], [101.600207, 3.066656], [101.6015, 3.066396], [101.601502, 3.066333], [101.6014, 3.066328]]]}}, {"type": "Feature", "properties": {}, "geometry": {"type": "Polygon", "coordinates": [[[101.601563, 3.066354], [101.60027, 3.066614], [101.600207, 3.066656], [101.600207, 3.066796], [101.600314, 3.066793], [101.601607, 3.066533], [101.601614, 3.066356], [101.601563, 3.066354]]]}}, {"type": "Feature", "properties": {}, "geometry": {"type": "Polygon", "coordinates": [[[101.601418, 3.065561], [101.600125, 3.065821], [101.600125, 3.066094], [101.600331, 3.066094], [101.601624, 3.065834], [101.601628, 3.065561], [101.601418, 3.065561]]]}}, {"type": "Feature", "properties": {}, "geometry": {"type": "Polygon", "coordinates": [[[101.604003, 3.065307], [101.603832, 3.065309], [101.602216, 3.065634], [101.602212, 3.065695], [101.602433, 3.065697], [101.604049, 3.065372], [101.604048, 3.065348], [101.604003, 3.065307]]]}}, {"type": "Feature", "properties": {}, "geometry": {"type": "Polygon", "coordinates": [[[101.600809, 3.062157], [101.599516, 3.062417], [101.599212, 3.062805], [101.599213, 3.063031], [101.599251, 3.063698], [101.599596, 3.063698], [101.600889, 3.063438], [101.601006, 3.063291], [101.601118, 3.063027], [101.601255, 3.062426], [101.601257, 3.062353], [101.601259, 3.062159], [101.600809, 3.062157]]]}}, {"type": "Feature", "properties": {}, "geometry": {"type": "Polygon", "coordinates": [[[101.606863, 3.07427], [101.606432, 3.074356], [101.606398, 3.07454], [101.606493, 3.074557], [101.606717, 3.074562], [101.607147, 3.074476], [101.607168, 3.074366], [101.607068, 3.074307], [101.606863, 3.07427]]]}}, {"type": "Feature", "properties": {}, "geometry": {"type": "Polygon", "coordinates": [[[101.609859, 3.065452], [101.608095, 3.065807], [101.608094, 3.066437], [101.608598, 3.066438], [101.610362, 3.066083], [101.610362, 3.065452], [101.609859, 3.065452]]]}}, {"type": "Feature", "properties": {}, "geometry": {"type": "Polygon", "coordinates": [[[101.609126, 3.065512], [101.608224, 3.065513], [101.606931, 3.065773], [101.606931, 3.066017], [101.606932, 3.06607], [101.607834, 3.066068], [101.609127, 3.065808], [101.609126, 3.065512]]]}}, {"type": "Feature", "properties": {}, "geometry": {"type": "Polygon", "coordinates": [[[101.605698, 3.06652], [101.605391, 3.066521], [101.603626, 3.066875], [101.603438, 3.066915], [101.60344, 3.067684], [101.604043, 3.067688], [101.604279, 3.067688], [101.606044, 3.067333], [101.606042, 3.066672], [101.606042, 3.066559], [101.605698, 3.06652]]]}}, {"type": "Feature", "properties": {}, "geometry": {"type": "Polygon", "coordinates": [[[101.605984, 3.067687], [101.605921, 3.067694], [101.604629, 3.067954], [101.604592, 3.067986], [101.604569, 3.068026], [101.604534, 3.068127], [101.604531, 3.068165], [101.604564, 3.068289], [101.604697, 3.068472], [101.60492, 3.068473], [101.606213, 3.068213], [101.606215, 3.067925], [101.606167, 3.067712], [101.606064, 3.067688], [101.605984, 3.067687]]]}}, {"type": "Feature", "properties": {}, "geometry": {"type": "Polygon", "coordinates": [[[101.605178, 3.069631], [101.604875, 3.069632], [101.60311, 3.069987], [101.603111, 3.070395], [101.603415, 3.070394], [101.605179, 3.070039], [101.605178, 3.069631]]]}}, {"type": "Feature", "properties": {}, "geometry": {"type": "Polygon", "coordinates": [[[101.605605, 3.069634], [101.605302, 3.069634], [101.603538, 3.069989], [101.603539, 3.070397], [101.603842, 3.070397], [101.605606, 3.070042], [101.605605, 3.069634]]]}}, {"type": "Feature", "properties": {}, "geometry": {"type": "Polygon", "coordinates": [[[101.606035, 3.069641], [101.605732, 3.069642], [101.603968, 3.069997], [101.603969, 3.070405], [101.604272, 3.070404], [101.606036, 3.070049], [101.606035, 3.069641]]]}}, {"type": "Feature", "properties": {}, "geometry": {"type": "Polygon", "coordinates": [[[101.604075, 3.071476], [101.603646, 3.071486], [101.602785, 3.071659], [101.602787, 3.071759], [101.603216, 3.071749], [101.604077, 3.071576], [101.604075, 3.071476]]]}}, {"type": "Feature", "properties": {}, "geometry": {"type": "Polygon", "coordinates": [[[101.604234, 3.071474], [101.604156, 3.071475], [101.603294, 3.071648], [101.603296, 3.071755], [101.603374, 3.071754], [101.604236, 3.071581], [101.604234, 3.071474]]]}}, {"type": "Feature", "properties": {}, "geometry": {"type": "Polygon", "coordinates": [[[101.60409, 3.071007], [101.603635, 3.071016], [101.602773, 3.071189], [101.602775, 3.071293], [101.60323, 3.071284], [101.604092, 3.07111], [101.60409, 3.071007]]]}}, {"type": "Feature", "properties": {}, "geometry": {"type": "Polygon", "coordinates": [[[101.604638, 3.070983], [101.604142, 3.071003], [101.60328, 3.071176], [101.603284, 3.071279], [101.603781, 3.071259], [101.604643, 3.071086], [101.604638, 3.070983]]]}}, {"type": "Feature", "properties": {}, "geometry": {"type": "Polygon", "coordinates": [[[101.61588, 3.063503], [101.615643, 3.063506], [101.613879, 3.063861], [101.61388, 3.063944], [101.613929, 3.063994], [101.614116, 3.063993], [101.615881, 3.063638], [101.61588, 3.063503]]]}}, {"type": "Feature", "properties": {}, "geometry": {"type": "Polygon", "coordinates": [[[101.599668, 3.072126], [101.59962, 3.072135], [101.597856, 3.07249], [101.597813, 3.072515], [101.597781, 3.072552], [101.597763, 3.072597], [101.59776, 3.072646], [101.597774, 3.072693], [101.597802, 3.072733], [101.597841, 3.072762], [101.597888, 3.072777], [101.597937, 3.072776], [101.599702, 3.072421], [101.599748, 3.072403], [101.599786, 3.072372], [101.599811, 3.07233], [101.599822, 3.072282], [101.599816, 3.072233], [101.599795, 3.072189], [101.599761, 3.072154], [101.599717, 3.072132], [101.599668, 3.072126]]]}}, {"type": "Feature", "properties": {}, "geometry": {"type": "Polygon", "coordinates": [[[101.602546, 3.072273], [101.601418, 3.072288], [101.599653, 3.072643], [101.599656, 3.072904], [101.600788, 3.072845], [101.602553, 3.072491], [101.602546, 3.072273]]]}}, {"type": "Feature", "properties": {}, "geometry": {"type": "Polygon", "coordinates": [[[101.59914, 3.0734], [101.597847, 3.07366], [101.597772, 3.073927], [101.597862, 3.073952], [101.599154, 3.073692], [101.59923, 3.073425], [101.59914, 3.0734]]]}}, {"type": "Feature", "properties": {}, "geometry": {"type": "Polygon", "coordinates": [[[101.599502, 3.073724], [101.599121, 3.073731], [101.597357, 3.074086], [101.59736, 3.074252], [101.597741, 3.074245], [101.599505, 3.07389], [101.599502, 3.073724]]]}}, {"type": "Feature", "properties": {}, "geometry": {"type": "Polygon", "coordinates": [[[101.599602, 3.07045], [101.59937, 3.070453], [101.598077, 3.070713], [101.598081, 3.070993], [101.598314, 3.07099], [101.599607, 3.07073], [101.599602, 3.07045]]]}}, {"type": "Feature", "properties": {}, "geometry": {"type": "Polygon", "coordinates": [[[101.599843, 3.070447], [101.59961, 3.07045], [101.598317, 3.07071], [101.598321, 3.07099], [101.598554, 3.070987], [101.599847, 3.070727], [101.599843, 3.070447]]]}}, {"type": "Feature", "properties": {}, "geometry": {"type": "Polygon", "coordinates": [[[101.59935, 3.07045], [101.599117, 3.070453], [101.597824, 3.070713], [101.597829, 3.070993], [101.598061, 3.07099], [101.599354, 3.07073], [101.59935, 3.07045]]]}}, {"type": "Feature", "properties": {}, "geometry": {"type": "Polygon", "coordinates": [[[101.599069, 3.070152], [101.598837, 3.070155], [101.597544, 3.070415], [101.597548, 3.070695], [101.597781, 3.070691], [101.599074, 3.070431], [101.599069, 3.070152]]]}}, {"type": "Feature", "properties": {}, "geometry": {"type": "Polygon", "coordinates": [[[101.599337, 3.070145], [101.599105, 3.070149], [101.597812, 3.070409], [101.597816, 3.070689], [101.598049, 3.070685], [101.599342, 3.070425], [101.599337, 3.070145]]]}}, {"type": "Feature", "properties": {}, "geometry": {"type": "Polygon", "coordinates": [[[101.599599, 3.070142], [101.599367, 3.070146], [101.598074, 3.070406], [101.598078, 3.070686], [101.598311, 3.070682], [101.599603, 3.070422], [101.599599, 3.070142]]]}}, {"type": "Feature", "properties": {}, "geometry": {"type": "Polygon", "coordinates": [[[101.599855, 3.070142], [101.599622, 3.070146], [101.59833, 3.070406], [101.598334, 3.070686], [101.598566, 3.070682], [101.599859, 3.070422], [101.599855, 3.070142]]]}}, {"type": "Feature", "properties": {}, "geometry": {"type": "Polygon", "coordinates": [[[101.600114, 3.070142], [101.599881, 3.070146], [101.598588, 3.070406], [101.598593, 3.070686], [101.598825, 3.070682], [101.600118, 3.070422], [101.600114, 3.070142]]]}}, {"type": "Feature", "properties": {}, "geometry": {"type": "Polygon", "coordinates": [[[101.60012, 3.070444], [101.599887, 3.070447], [101.598595, 3.070707], [101.598599, 3.070987], [101.598831, 3.070984], [101.600124, 3.070724], [101.60012, 3.070444]]]}}, {"type": "Feature", "properties": {}, "geometry": {"type": "Polygon", "coordinates": [[[101.599066, 3.070844], [101.598834, 3.070847], [101.597541, 3.071107], [101.597545, 3.071387], [101.597778, 3.071384], [101.59907, 3.071124], [101.599066, 3.070844]]]}}, {"type": "Feature", "properties": {}, "geometry": {"type": "Polygon", "coordinates": [[[101.599337, 3.070841], [101.599105, 3.070844], [101.597812, 3.071104], [101.597816, 3.071384], [101.598049, 3.071381], [101.599342, 3.071121], [101.599337, 3.070841]]]}}, {"type": "Feature", "properties": {}, "geometry": {"type": "Polygon", "coordinates": [[[101.599596, 3.070838], [101.599364, 3.070841], [101.598071, 3.071101], [101.598075, 3.071381], [101.598308, 3.071377], [101.5996, 3.071117], [101.599596, 3.070838]]]}}, {"type": "Feature", "properties": {}, "geometry": {"type": "Polygon", "coordinates": [[[101.599858, 3.070844], [101.599625, 3.070847], [101.598333, 3.071107], [101.598337, 3.071387], [101.598569, 3.071384], [101.599862, 3.071124], [101.599858, 3.070844]]]}}, {"type": "Feature", "properties": {}, "geometry": {"type": "Polygon", "coordinates": [[[101.60012, 3.070838], [101.599887, 3.070841], [101.598595, 3.071101], [101.598599, 3.071381], [101.598831, 3.071377], [101.600124, 3.071117], [101.60012, 3.070838]]]}}, {"type": "Feature", "properties": {}, "geometry": {"type": "Polygon", "coordinates": [[[101.598562, 3.070455], [101.597269, 3.070715], [101.597269, 3.070983], [101.597786, 3.070983], [101.599079, 3.070723], [101.599079, 3.070455], [101.598562, 3.070455]]]}}, {"type": "Feature", "properties": {}, "geometry": {"type": "Polygon", "coordinates": [[[101.59963, 3.069751], [101.598337, 3.07001], [101.598334, 3.070282], [101.598837, 3.070288], [101.60013, 3.070028], [101.600134, 3.069757], [101.59963, 3.069751]]]}}, {"type": "Feature", "properties": {}, "geometry": {"type": "Polygon", "coordinates": [[[101.599599, 3.069742], [101.599367, 3.069746], [101.598074, 3.070006], [101.598078, 3.070286], [101.598311, 3.070282], [101.599603, 3.070022], [101.599599, 3.069742]]]}}, {"type": "Feature", "properties": {}, "geometry": {"type": "Polygon", "coordinates": [[[101.59934, 3.069748], [101.599108, 3.069752], [101.597815, 3.070012], [101.597819, 3.070292], [101.598052, 3.070288], [101.599345, 3.070028], [101.59934, 3.069748]]]}}, {"type": "Feature", "properties": {}, "geometry": {"type": "Polygon", "coordinates": [[[101.599076, 3.069758], [101.598843, 3.069761], [101.59755, 3.070021], [101.597554, 3.070301], [101.597787, 3.070298], [101.59908, 3.070038], [101.599076, 3.069758]]]}}, {"type": "Feature", "properties": {}, "geometry": {"type": "Polygon", "coordinates": [[[101.599072, 3.069444], [101.59884, 3.069447], [101.597547, 3.069707], [101.597551, 3.069987], [101.597784, 3.069984], [101.599077, 3.069724], [101.599072, 3.069444]]]}}, {"type": "Feature", "properties": {}, "geometry": {"type": "Polygon", "coordinates": [[[101.599337, 3.069438], [101.599105, 3.069441], [101.597812, 3.069701], [101.597816, 3.069981], [101.598049, 3.069978], [101.599342, 3.069718], [101.599337, 3.069438]]]}}, {"type": "Feature", "properties": {}, "geometry": {"type": "Polygon", "coordinates": [[[101.599587, 3.069438], [101.599354, 3.069441], [101.598062, 3.069701], [101.598066, 3.069981], [101.598298, 3.069978], [101.599591, 3.069718], [101.599587, 3.069438]]]}}, {"type": "Feature", "properties": {}, "geometry": {"type": "Polygon", "coordinates": [[[101.599852, 3.069441], [101.599619, 3.069444], [101.598326, 3.069704], [101.598331, 3.069984], [101.598563, 3.069981], [101.599856, 3.069721], [101.599852, 3.069441]]]}}, {"type": "Feature", "properties": {}, "geometry": {"type": "Polygon", "coordinates": [[[101.600114, 3.069444], [101.599881, 3.069447], [101.598588, 3.069707], [101.598593, 3.069987], [101.598825, 3.069984], [101.600118, 3.069724], [101.600114, 3.069444]]]}}, {"type": "Feature", "properties": {}, "geometry": {"type": "Polygon", "coordinates": [[[101.599322, 3.06905], [101.599089, 3.069054], [101.597797, 3.069313], [101.597801, 3.069593], [101.598033, 3.06959], [101.599326, 3.06933], [101.599322, 3.06905]]]}}, {"type": "Feature", "properties": {}, "geometry": {"type": "Polygon", "coordinates": [[[101.599584, 3.069047], [101.599351, 3.06905], [101.598058, 3.06931], [101.598063, 3.06959], [101.598295, 3.069587], [101.599588, 3.069327], [101.599584, 3.069047]]]}}, {"type": "Feature", "properties": {}, "geometry": {"type": "Polygon", "coordinates": [[[101.599861, 3.06905], [101.599629, 3.069054], [101.598336, 3.069313], [101.59834, 3.069593], [101.598573, 3.06959], [101.599865, 3.06933], [101.599861, 3.06905]]]}}, {"type": "Feature", "properties": {}, "geometry": {"type": "Polygon", "coordinates": [[[101.60012, 3.069044], [101.599887, 3.069047], [101.598595, 3.069307], [101.598599, 3.069587], [101.598831, 3.069584], [101.600124, 3.069324], [101.60012, 3.069044]]]}}, {"type": "Feature", "properties": {}, "geometry": {"type": "Polygon", "coordinates": [[[101.599063, 3.068742], [101.598831, 3.068746], [101.597538, 3.069006], [101.597542, 3.069286], [101.597774, 3.069282], [101.599067, 3.069022], [101.599063, 3.068742]]]}}, {"type": "Feature", "properties": {}, "geometry": {"type": "Polygon", "coordinates": [[[101.599325, 3.068739], [101.599092, 3.068743], [101.5978, 3.069003], [101.597804, 3.069283], [101.598036, 3.069279], [101.599329, 3.069019], [101.599325, 3.068739]]]}}, {"type": "Feature", "properties": {}, "geometry": {"type": "Polygon", "coordinates": [[[101.599587, 3.068745], [101.599354, 3.068749], [101.598062, 3.069009], [101.598066, 3.069289], [101.598298, 3.069285], [101.599591, 3.069025], [101.599587, 3.068745]]]}}, {"type": "Feature", "properties": {}, "geometry": {"type": "Polygon", "coordinates": [[[101.599861, 3.068749], [101.599629, 3.068752], [101.598336, 3.069012], [101.59834, 3.069292], [101.598573, 3.069288], [101.599865, 3.069028], [101.599861, 3.068749]]]}}, {"type": "Feature", "properties": {}, "geometry": {"type": "Polygon", "coordinates": [[[101.60012, 3.068745], [101.599887, 3.068749], [101.598595, 3.069009], [101.598599, 3.069289], [101.598831, 3.069285], [101.600124, 3.069025], [101.60012, 3.068745]]]}}, {"type": "Feature", "properties": {}, "geometry": {"type": "Polygon", "coordinates": [[[101.598543, 3.069065], [101.59725, 3.069325], [101.59725, 3.069593], [101.597768, 3.069593], [101.599061, 3.069333], [101.599061, 3.069065], [101.598543, 3.069065]]]}}, {"type": "Feature", "properties": {}, "geometry": {"type": "Polygon", "coordinates": [[[101.598562, 3.068354], [101.597269, 3.068614], [101.597269, 3.068882], [101.597786, 3.068882], [101.599079, 3.068622], [101.599079, 3.068354], [101.598562, 3.068354]]]}}, {"type": "Feature", "properties": {}, "geometry": {"type": "Polygon", "coordinates": [[[101.59854, 3.067668], [101.597247, 3.067928], [101.597247, 3.068196], [101.597765, 3.068196], [101.599058, 3.067936], [101.599058, 3.067668], [101.59854, 3.067668]]]}}, {"type": "Feature", "properties": {}, "geometry": {"type": "Polygon", "coordinates": [[[101.599066, 3.06805], [101.598833, 3.068054], [101.59754, 3.068314], [101.597544, 3.068593], [101.597777, 3.06859], [101.59907, 3.06833], [101.599066, 3.06805]]]}}, {"type": "Feature", "properties": {}, "geometry": {"type": "Polygon", "coordinates": [[[101.599331, 3.068053], [101.599099, 3.068057], [101.597806, 3.068317], [101.59781, 3.068597], [101.598043, 3.068593], [101.599335, 3.068333], [101.599331, 3.068053]]]}}, {"type": "Feature", "properties": {}, "geometry": {"type": "Polygon", "coordinates": [[[101.599587, 3.068047], [101.599354, 3.068051], [101.598062, 3.06831], [101.598066, 3.06859], [101.598298, 3.068587], [101.599591, 3.068327], [101.599587, 3.068047]]]}}, {"type": "Feature", "properties": {}, "geometry": {"type": "Polygon", "coordinates": [[[101.599843, 3.068044], [101.59961, 3.068048], [101.598317, 3.068307], [101.598321, 3.068587], [101.598554, 3.068584], [101.599847, 3.068324], [101.599843, 3.068044]]]}}, {"type": "Feature", "properties": {}, "geometry": {"type": "Polygon", "coordinates": [[[101.600098, 3.068047], [101.599866, 3.068051], [101.598573, 3.06831], [101.598577, 3.06859], [101.59881, 3.068587], [101.600103, 3.068327], [101.600098, 3.068047]]]}}, {"type": "Feature", "properties": {}, "geometry": {"type": "Polygon", "coordinates": [[[101.59934, 3.068358], [101.599108, 3.068361], [101.597815, 3.068621], [101.597819, 3.068901], [101.598052, 3.068898], [101.599345, 3.068638], [101.59934, 3.068358]]]}}, {"type": "Feature", "properties": {}, "geometry": {"type": "Polygon", "coordinates": [[[101.599587, 3.068361], [101.599354, 3.068364], [101.598062, 3.068624], [101.598066, 3.068904], [101.598298, 3.068901], [101.599591, 3.068641], [101.599587, 3.068361]]]}}, {"type": "Feature", "properties": {}, "geometry": {"type": "Polygon", "coordinates": [[[101.599846, 3.068364], [101.599613, 3.068367], [101.59832, 3.068627], [101.598325, 3.068907], [101.598557, 3.068904], [101.59985, 3.068644], [101.599846, 3.068364]]]}}, {"type": "Feature", "properties": {}, "geometry": {"type": "Polygon", "coordinates": [[[101.600108, 3.068361], [101.599875, 3.068364], [101.598582, 3.068624], [101.598586, 3.068904], [101.598819, 3.068901], [101.600112, 3.068641], [101.600108, 3.068361]]]}}, {"type": "Feature", "properties": {}, "geometry": {"type": "Polygon", "coordinates": [[[101.599319, 3.067659], [101.599086, 3.067663], [101.597793, 3.067923], [101.597798, 3.068203], [101.59803, 3.068199], [101.599323, 3.067939], [101.599319, 3.067659]]]}}, {"type": "Feature", "properties": {}, "geometry": {"type": "Polygon", "coordinates": [[[101.599069, 3.067339], [101.598837, 3.067343], [101.597544, 3.067603], [101.597548, 3.067883], [101.597781, 3.067879], [101.599074, 3.067619], [101.599069, 3.067339]]]}}, {"type": "Feature", "properties": {}, "geometry": {"type": "Polygon", "coordinates": [[[101.599316, 3.06733], [101.599083, 3.067334], [101.59779, 3.067594], [101.597795, 3.067874], [101.598027, 3.06787], [101.59932, 3.06761], [101.599316, 3.06733]]]}}, {"type": "Feature", "properties": {}, "geometry": {"type": "Polygon", "coordinates": [[[101.599581, 3.06765], [101.599348, 3.067654], [101.598055, 3.067914], [101.59806, 3.068194], [101.598292, 3.06819], [101.599585, 3.06793], [101.599581, 3.06765]]]}}, {"type": "Feature", "properties": {}, "geometry": {"type": "Polygon", "coordinates": [[[101.599572, 3.067333], [101.599339, 3.067337], [101.598046, 3.067597], [101.59805, 3.067877], [101.598283, 3.067873], [101.599576, 3.067613], [101.599572, 3.067333]]]}}, {"type": "Feature", "properties": {}, "geometry": {"type": "Polygon", "coordinates": [[[101.599833, 3.067653], [101.599601, 3.067657], [101.598308, 3.067917], [101.598312, 3.068197], [101.598545, 3.068193], [101.599838, 3.067933], [101.599833, 3.067653]]]}}, {"type": "Feature", "properties": {}, "geometry": {"type": "Polygon", "coordinates": [[[101.59983, 3.067336], [101.599598, 3.06734], [101.598305, 3.0676], [101.598309, 3.06788], [101.598542, 3.067876], [101.599835, 3.067616], [101.59983, 3.067336]]]}}, {"type": "Feature", "properties": {}, "geometry": {"type": "Polygon", "coordinates": [[[101.600105, 3.067653], [101.599872, 3.067657], [101.598579, 3.067917], [101.598583, 3.068197], [101.598816, 3.068193], [101.600109, 3.067933], [101.600105, 3.067653]]]}}, {"type": "Feature", "properties": {}, "geometry": {"type": "Polygon", "coordinates": [[[101.600098, 3.067339], [101.599866, 3.067343], [101.598573, 3.067603], [101.598577, 3.067883], [101.59881, 3.067879], [101.600103, 3.067619], [101.600098, 3.067339]]]}}, {"type": "Feature", "properties": {}, "geometry": {"type": "Polygon", "coordinates": [[[101.599057, 3.06689], [101.598824, 3.066894], [101.597532, 3.067154], [101.597536, 3.067434], [101.597768, 3.06743], [101.599061, 3.06717], [101.599057, 3.06689]]]}}, {"type": "Feature", "properties": {}, "geometry": {"type": "Polygon", "coordinates": [[[101.599313, 3.06689], [101.59908, 3.066894], [101.597787, 3.067154], [101.597791, 3.067434], [101.598024, 3.06743], [101.599317, 3.06717], [101.599313, 3.06689]]]}}, {"type": "Feature", "properties": {}, "geometry": {"type": "Polygon", "coordinates": [[[101.599572, 3.066887], [101.599339, 3.066891], [101.598046, 3.067151], [101.59805, 3.06743], [101.598283, 3.067427], [101.599576, 3.067167], [101.599572, 3.066887]]]}}, {"type": "Feature", "properties": {}, "geometry": {"type": "Polygon", "coordinates": [[[101.599818, 3.066884], [101.599585, 3.066888], [101.598293, 3.067148], [101.598297, 3.067427], [101.598529, 3.067424], [101.599822, 3.067164], [101.599818, 3.066884]]]}}, {"type": "Feature", "properties": {}, "geometry": {"type": "Polygon", "coordinates": [[[101.600074, 3.066887], [101.599841, 3.066891], [101.598548, 3.067151], [101.598552, 3.06743], [101.598785, 3.067427], [101.600078, 3.067167], [101.600074, 3.066887]]]}}, {"type": "Feature", "properties": {}, "geometry": {"type": "Polygon", "coordinates": [[[101.599013, 3.06616], [101.59772, 3.06642], [101.59772, 3.066639], [101.597948, 3.06664], [101.599241, 3.06638], [101.599241, 3.066161], [101.599013, 3.06616]]]}}, {"type": "Feature", "properties": {}, "geometry": {"type": "Polygon", "coordinates": [[[101.599009, 3.06642], [101.597716, 3.06668], [101.597716, 3.066895], [101.597961, 3.066895], [101.599254, 3.066635], [101.599255, 3.066421], [101.599009, 3.06642]]]}}, {"type": "Feature", "properties": {}, "geometry": {"type": "Polygon", "coordinates": [[[101.599304, 3.06644], [101.598011, 3.0667], [101.598011, 3.066892], [101.598252, 3.066893], [101.599545, 3.066633], [101.599545, 3.06644], [101.599304, 3.06644]]]}}, {"type": "Feature", "properties": {}, "geometry": {"type": "Polygon", "coordinates": [[[101.599324, 3.066155], [101.598031, 3.066415], [101.598031, 3.066645], [101.598251, 3.066645], [101.599544, 3.066386], [101.599544, 3.066155], [101.599324, 3.066155]]]}}, {"type": "Feature", "properties": {}, "geometry": {"type": "Polygon", "coordinates": [[[101.59907, 3.065902], [101.597777, 3.066162], [101.597776, 3.066366], [101.597944, 3.066366], [101.599237, 3.066106], [101.599237, 3.065902], [101.59907, 3.065902]]]}}, {"type": "Feature", "properties": {}, "geometry": {"type": "Polygon", "coordinates": [[[101.599055, 3.065651], [101.597762, 3.065911], [101.597762, 3.0661], [101.597959, 3.0661], [101.599252, 3.06584], [101.599252, 3.065652], [101.599055, 3.065651]]]}}, {"type": "Feature", "properties": {}, "geometry": {"type": "Polygon", "coordinates": [[[101.599067, 3.065379], [101.597774, 3.065639], [101.597774, 3.065879], [101.597961, 3.065879], [101.599254, 3.06562], [101.599255, 3.06538], [101.599067, 3.065379]]]}}, {"type": "Feature", "properties": {}, "geometry": {"type": "Polygon", "coordinates": [[[101.599306, 3.065897], [101.598013, 3.066156], [101.598013, 3.066363], [101.59825, 3.066363], [101.599543, 3.066103], [101.599543, 3.065897], [101.599306, 3.065897]]]}}, {"type": "Feature", "properties": {}, "geometry": {"type": "Polygon", "coordinates": [[[101.599304, 3.065649], [101.598011, 3.065909], [101.598011, 3.0661], [101.598249, 3.0661], [101.599542, 3.06584], [101.599542, 3.065649], [101.599304, 3.065649]]]}}, {"type": "Feature", "properties": {}, "geometry": {"type": "Polygon", "coordinates": [[[101.599304, 3.065395], [101.598011, 3.065655], [101.598011, 3.065851], [101.598248, 3.065851], [101.599541, 3.065591], [101.599541, 3.065396], [101.599304, 3.065395]]]}}, {"type": "Feature", "properties": {}, "geometry": {"type": "Polygon", "coordinates": [[[101.599745, 3.065904], [101.598452, 3.066164], [101.598452, 3.06638], [101.598746, 3.066381], [101.600039, 3.066121], [101.600039, 3.065905], [101.599745, 3.065904]]]}}, {"type": "Feature", "properties": {}, "geometry": {"type": "Polygon", "coordinates": [[[101.599745, 3.065658], [101.598452, 3.065918], [101.598452, 3.066108], [101.598747, 3.066108], [101.60004, 3.065848], [101.600041, 3.065658], [101.599745, 3.065658]]]}}, {"type": "Feature", "properties": {}, "geometry": {"type": "Polygon", "coordinates": [[[101.599752, 3.065403], [101.598459, 3.065663], [101.598459, 3.065864], [101.598687, 3.065865], [101.59998, 3.065605], [101.59998, 3.065404], [101.599752, 3.065403]]]}}, {"type": "Feature", "properties": {}, "geometry": {"type": "Polygon", "coordinates": [[[101.59982, 3.06617], [101.598527, 3.06643], [101.598522, 3.066917], [101.598735, 3.066919], [101.600028, 3.066659], [101.600033, 3.066173], [101.59982, 3.06617]]]}}, {"type": "Feature", "properties": {}, "geometry": {"type": "Polygon", "coordinates": [[[101.599401, 3.062837], [101.598108, 3.063097], [101.597788, 3.063272], [101.597885, 3.06345], [101.599178, 3.06319], [101.599499, 3.063015], [101.599401, 3.062837]]]}}, {"type": "Feature", "properties": {}, "geometry": {"type": "Polygon", "coordinates": [[[101.613365, 3.075678], [101.612528, 3.075684], [101.610763, 3.076039], [101.610765, 3.076253], [101.611602, 3.076247], [101.613366, 3.075892], [101.613365, 3.075678]]]}}, {"type": "Feature", "properties": {}, "geometry": {"type": "Polygon", "coordinates": [[[101.605288, 3.07568], [101.604779, 3.075693], [101.603917, 3.075866], [101.603921, 3.076048], [101.60443, 3.076035], [101.605292, 3.075862], [101.605288, 3.07568]]]}}, {"type": "Feature", "properties": {}, "geometry": {"type": "Polygon", "coordinates": [[[101.605094, 3.075896], [101.604783, 3.075903], [101.603921, 3.076077], [101.603926, 3.076252], [101.604237, 3.076245], [101.605099, 3.076072], [101.605094, 3.075896]]]}}, {"type": "Feature", "properties": {}, "geometry": {"type": "Polygon", "coordinates": [[[101.60523, 3.075232], [101.604467, 3.07525], [101.603605, 3.075424], [101.603609, 3.075595], [101.604372, 3.075576], [101.605234, 3.075403], [101.60523, 3.075232]]]}}, {"type": "Feature", "properties": {}, "geometry": {"type": "Polygon", "coordinates": [[[101.606139, 3.075243], [101.605372, 3.075262], [101.603608, 3.075616], [101.603612, 3.075785], [101.604379, 3.075766], [101.606143, 3.075412], [101.606139, 3.075243]]]}}, {"type": "Feature", "properties": {}, "geometry": {"type": "Polygon", "coordinates": [[[101.60521, 3.074758], [101.604537, 3.074774], [101.603675, 3.074947], [101.603679, 3.075113], [101.604352, 3.075096], [101.605214, 3.074923], [101.60521, 3.074758]]]}}, {"type": "Feature", "properties": {}, "geometry": {"type": "Polygon", "coordinates": [[[101.605214, 3.074946], [101.604541, 3.074962], [101.603679, 3.075136], [101.603683, 3.075314], [101.604356, 3.075298], [101.605218, 3.075124], [101.605214, 3.074946]]]}}, {"type": "Feature", "properties": {}, "geometry": {"type": "Polygon", "coordinates": [[[101.605226, 3.074482], [101.604507, 3.074499], [101.603645, 3.074672], [101.60365, 3.074845], [101.604368, 3.074828], [101.60523, 3.074654], [101.605226, 3.074482]]]}}, {"type": "Feature", "properties": {}, "geometry": {"type": "Polygon", "coordinates": [[[101.605214, 3.074291], [101.604502, 3.074309], [101.60364, 3.074482], [101.603644, 3.07465], [101.604356, 3.074632], [101.605218, 3.074459], [101.605214, 3.074291]]]}}, {"type": "Feature", "properties": {}, "geometry": {"type": "Polygon", "coordinates": [[[101.605247, 3.074013], [101.604516, 3.07403], [101.603655, 3.074204], [101.603659, 3.074371], [101.604389, 3.074354], [101.605251, 3.07418], [101.605247, 3.074013]]]}}, {"type": "Feature", "properties": {}, "geometry": {"type": "Polygon", "coordinates": [[[101.605245, 3.073817], [101.604511, 3.073835], [101.603649, 3.074009], [101.603653, 3.074184], [101.604387, 3.074166], [101.605249, 3.073992], [101.605245, 3.073817]]]}}, {"type": "Feature", "properties": {}, "geometry": {"type": "Polygon", "coordinates": [[[101.603725, 3.07498], [101.603084, 3.074996], [101.602222, 3.075169], [101.602227, 3.075353], [101.602867, 3.075338], [101.603729, 3.075165], [101.603725, 3.07498]]]}}, {"type": "Feature", "properties": {}, "geometry": {"type": "Polygon", "coordinates": [[[101.603725, 3.074783], [101.603081, 3.074799], [101.602219, 3.074972], [101.602224, 3.075149], [101.602868, 3.075133], [101.60373, 3.07496], [101.603725, 3.074783]]]}}, {"type": "Feature", "properties": {}, "geometry": {"type": "Polygon", "coordinates": [[[101.604441, 3.074959], [101.603765, 3.074976], [101.602904, 3.075149], [101.602908, 3.075336], [101.603583, 3.075319], [101.604445, 3.075146], [101.604441, 3.074959]]]}}, {"type": "Feature", "properties": {}, "geometry": {"type": "Polygon", "coordinates": [[[101.604432, 3.074763], [101.603761, 3.074779], [101.602899, 3.074953], [101.602904, 3.07513], [101.603574, 3.075114], [101.604436, 3.074941], [101.604432, 3.074763]]]}}, {"type": "Feature", "properties": {}, "geometry": {"type": "Polygon", "coordinates": [[[101.604419, 3.074309], [101.603786, 3.074324], [101.602924, 3.074498], [101.602928, 3.074662], [101.603561, 3.074646], [101.604423, 3.074473], [101.604419, 3.074309]]]}}, {"type": "Feature", "properties": {}, "geometry": {"type": "Polygon", "coordinates": [[[101.60442, 3.074496], [101.60379, 3.074511], [101.602928, 3.074684], [101.602932, 3.074864], [101.603562, 3.074849], [101.604424, 3.074676], [101.60442, 3.074496]]]}}, {"type": "Feature", "properties": {}, "geometry": {"type": "Polygon", "coordinates": [[[101.60364, 3.074331], [101.603072, 3.074345], [101.60221, 3.074518], [101.602214, 3.074675], [101.602782, 3.074662], [101.603643, 3.074488], [101.60364, 3.074331]]]}}, {"type": "Feature", "properties": {}, "geometry": {"type": "Polygon", "coordinates": [[[101.603638, 3.074514], [101.603071, 3.074528], [101.602209, 3.074701], [101.602213, 3.074869], [101.60278, 3.074855], [101.603642, 3.074682], [101.603638, 3.074514]]]}}, {"type": "Feature", "properties": {}, "geometry": {"type": "Polygon", "coordinates": [[[101.604386, 3.073839], [101.603723, 3.073855], [101.602861, 3.074028], [101.602865, 3.074174], [101.603528, 3.074158], [101.60439, 3.073985], [101.604386, 3.073839]]]}}, {"type": "Feature", "properties": {}, "geometry": {"type": "Polygon", "coordinates": [[[101.604388, 3.07402], [101.603725, 3.074036], [101.602863, 3.074209], [101.602868, 3.074398], [101.603531, 3.074382], [101.604393, 3.074208], [101.604388, 3.07402]]]}}, {"type": "Feature", "properties": {}, "geometry": {"type": "Polygon", "coordinates": [[[101.603681, 3.073852], [101.603065, 3.073867], [101.602204, 3.07404], [101.602207, 3.074197], [101.602823, 3.074182], [101.603685, 3.074009], [101.603681, 3.073852]]]}}, {"type": "Feature", "properties": {}, "geometry": {"type": "Polygon", "coordinates": [[[101.603684, 3.074034], [101.603069, 3.074049], [101.602207, 3.074223], [101.602212, 3.07441], [101.602826, 3.074395], [101.603688, 3.074222], [101.603684, 3.074034]]]}}, {"type": "Feature", "properties": {}, "geometry": {"type": "Polygon", "coordinates": [[[101.604726, 3.075707], [101.604237, 3.075719], [101.603375, 3.075892], [101.60338, 3.076065], [101.603868, 3.076053], [101.60473, 3.07588], [101.604726, 3.075707]]]}}, {"type": "Feature", "properties": {}, "geometry": {"type": "Polygon", "coordinates": [[[101.604726, 3.075904], [101.60424, 3.075916], [101.603378, 3.076089], [101.603382, 3.076255], [101.603868, 3.076243], [101.60473, 3.07607], [101.604726, 3.075904]]]}}, {"type": "Feature", "properties": {}, "geometry": {"type": "Polygon", "coordinates": [[[101.60358, 3.075935], [101.603164, 3.075945], [101.602302, 3.076118], [101.602307, 3.076294], [101.602723, 3.076284], [101.603585, 3.076111], [101.60358, 3.075935]]]}}, {"type": "Feature", "properties": {}, "geometry": {"type": "Polygon", "coordinates": [[[101.603571, 3.075738], [101.60316, 3.075748], [101.602298, 3.075921], [101.602303, 3.0761], [101.602713, 3.07609], [101.603575, 3.075917], [101.603571, 3.075738]]]}}, {"type": "Feature", "properties": {}, "geometry": {"type": "Polygon", "coordinates": [[[101.604425, 3.075222], [101.603482, 3.075245], [101.60262, 3.075418], [101.602625, 3.075616], [101.603568, 3.075593], [101.60443, 3.07542], [101.604425, 3.075222]]]}}, {"type": "Feature", "properties": {}, "geometry": {"type": "Polygon", "coordinates": [[[101.604429, 3.075446], [101.603488, 3.075469], [101.602626, 3.075642], [101.602631, 3.075827], [101.603572, 3.075804], [101.604433, 3.075631], [101.604429, 3.075446]]]}}, {"type": "Feature", "properties": {}, "geometry": {"type": "Polygon", "coordinates": [[[101.603438, 3.075466], [101.602602, 3.075486], [101.60174, 3.07566], [101.601745, 3.075852], [101.602581, 3.075832], [101.603443, 3.075659], [101.603438, 3.075466]]]}}, {"type": "Feature", "properties": {}, "geometry": {"type": "Polygon", "coordinates": [[[101.603438, 3.075252], [101.602599, 3.075272], [101.601737, 3.075445], [101.601742, 3.075638], [101.602581, 3.075617], [101.603443, 3.075444], [101.603438, 3.075252]]]}}, {"type": "Feature", "properties": {}, "geometry": {"type": "Polygon", "coordinates": [[[101.604581, 3.075637], [101.604392, 3.07564], [101.603099, 3.0759], [101.602988, 3.076032], [101.603107, 3.076249], [101.6044, 3.075989], [101.604585, 3.075905], [101.604581, 3.075637]]]}}, {"type": "Feature", "properties": {}, "geometry": {"type": "Polygon", "coordinates": [[[101.604168, 3.075777], [101.604046, 3.075779], [101.602754, 3.076039], [101.602758, 3.076252], [101.602879, 3.07625], [101.604172, 3.07599], [101.604168, 3.075777]]]}}, {"type": "Feature", "properties": {}, "geometry": {"type": "Polygon", "coordinates": [[[101.604294, 3.075653], [101.604094, 3.075661], [101.602802, 3.075921], [101.602805, 3.076008], [101.603005, 3.076], [101.604298, 3.07574], [101.604294, 3.075653]]]}}, {"type": "Feature", "properties": {}, "geometry": {"type": "Polygon", "coordinates": [[[101.603045, 3.074992], [101.602423, 3.075007], [101.601561, 3.07518], [101.601565, 3.075355], [101.602188, 3.07534], [101.60305, 3.075167], [101.603045, 3.074992]]]}}, {"type": "Feature", "properties": {}, "geometry": {"type": "Polygon", "coordinates": [[[101.603042, 3.074804], [101.602418, 3.074819], [101.601556, 3.074992], [101.60156, 3.075163], [101.602185, 3.075148], [101.603047, 3.074974], [101.603042, 3.074804]]]}}, {"type": "Feature", "properties": {}, "geometry": {"type": "Polygon", "coordinates": [[[101.603036, 3.074522], [101.602413, 3.074537], [101.601551, 3.07471], [101.601556, 3.074887], [101.602178, 3.074871], [101.60304, 3.074698], [101.603036, 3.074522]]]}}, {"type": "Feature", "properties": {}, "geometry": {"type": "Polygon", "coordinates": [[[101.603036, 3.074342], [101.602403, 3.074357], [101.601541, 3.07453], [101.601545, 3.074693], [101.602178, 3.074678], [101.60304, 3.074504], [101.603036, 3.074342]]]}}, {"type": "Feature", "properties": {}, "geometry": {"type": "Polygon", "coordinates": [[[101.603026, 3.073874], [101.602394, 3.07389], [101.601532, 3.074063], [101.601536, 3.074231], [101.602169, 3.074216], [101.603031, 3.074042], [101.603026, 3.073874]]]}}, {"type": "Feature", "properties": {}, "geometry": {"type": "Polygon", "coordinates": [[[101.603032, 3.074057], [101.602395, 3.074073], [101.601533, 3.074246], [101.601537, 3.074425], [101.602174, 3.074409], [101.603036, 3.074236], [101.603032, 3.074057]]]}}, {"type": "Feature", "properties": {}, "geometry": {"type": "Polygon", "coordinates": [[[101.603198, 3.073322], [101.602815, 3.073332], [101.601522, 3.073592], [101.601526, 3.073747], [101.601908, 3.073738], [101.603201, 3.073478], [101.603198, 3.073322]]]}}, {"type": "Feature", "properties": {}, "geometry": {"type": "Polygon", "coordinates": [[[101.602929, 3.073583], [101.602387, 3.073596], [101.601526, 3.07377], [101.60153, 3.073964], [101.602071, 3.073951], [101.602933, 3.073777], [101.602929, 3.073583]]]}}, {"type": "Feature", "properties": {}, "geometry": {"type": "Polygon", "coordinates": [[[101.602757, 3.073328], [101.602185, 3.073342], [101.600892, 3.073602], [101.600896, 3.073776], [101.601469, 3.073762], [101.602762, 3.073502], [101.602757, 3.073328]]]}}, {"type": "Feature", "properties": {}, "geometry": {"type": "Polygon", "coordinates": [[[101.602333, 3.073603], [101.60174, 3.073618], [101.600878, 3.073791], [101.600883, 3.073962], [101.601475, 3.073948], [101.602337, 3.073775], [101.602333, 3.073603]]]}}, {"type": "Feature", "properties": {}, "geometry": {"type": "Polygon", "coordinates": [[[101.602349, 3.073891], [101.601767, 3.073905], [101.600905, 3.074079], [101.600909, 3.07424], [101.601491, 3.074226], [101.602353, 3.074052], [101.602349, 3.073891]]]}}, {"type": "Feature", "properties": {}, "geometry": {"type": "Polygon", "coordinates": [[[101.60234, 3.074076], [101.60178, 3.07409], [101.600919, 3.074263], [101.600923, 3.074433], [101.601482, 3.074419], [101.602344, 3.074246], [101.60234, 3.074076]]]}}, {"type": "Feature", "properties": {}, "geometry": {"type": "Polygon", "coordinates": [[[101.602348, 3.074361], [101.601786, 3.074375], [101.600924, 3.074548], [101.600928, 3.074698], [101.60149, 3.074684], [101.602352, 3.074511], [101.602348, 3.074361]]]}}, {"type": "Feature", "properties": {}, "geometry": {"type": "Polygon", "coordinates": [[[101.602352, 3.074541], [101.601793, 3.074554], [101.600931, 3.074727], [101.600935, 3.074899], [101.601494, 3.074885], [101.602356, 3.074712], [101.602352, 3.074541]]]}}, {"type": "Feature", "properties": {}, "geometry": {"type": "Polygon", "coordinates": [[[101.602364, 3.074819], [101.601818, 3.074833], [101.600956, 3.075006], [101.60096, 3.075164], [101.601506, 3.07515], [101.602368, 3.074977], [101.602364, 3.074819]]]}}, {"type": "Feature", "properties": {}, "geometry": {"type": "Polygon", "coordinates": [[[101.602375, 3.075011], [101.601802, 3.075025], [101.60094, 3.075199], [101.600944, 3.075365], [101.601517, 3.075351], [101.602379, 3.075178], [101.602375, 3.075011]]]}}, {"type": "Feature", "properties": {}, "geometry": {"type": "Polygon", "coordinates": [[[101.602317, 3.075301], [101.601801, 3.075314], [101.600939, 3.075487], [101.600943, 3.07564], [101.601459, 3.075628], [101.602321, 3.075455], [101.602317, 3.075301]]]}}, {"type": "Feature", "properties": {}, "geometry": {"type": "Polygon", "coordinates": [[[101.602313, 3.075501], [101.601832, 3.075513], [101.60097, 3.075686], [101.600973, 3.07584], [101.601455, 3.075828], [101.602317, 3.075655], [101.602313, 3.075501]]]}}, {"type": "Feature", "properties": {}, "geometry": {"type": "Polygon", "coordinates": [[[101.602333, 3.075769], [101.601838, 3.075781], [101.600976, 3.075954], [101.600982, 3.076166], [101.601477, 3.076154], [101.602338, 3.075981], [101.602333, 3.075769]]]}}, {"type": "Feature", "properties": {}, "geometry": {"type": "Polygon", "coordinates": [[[101.601616, 3.073435], [101.601421, 3.07344], [101.600559, 3.073613], [101.600579, 3.074469], [101.600774, 3.074465], [101.601636, 3.074291], [101.601616, 3.073435]]]}}, {"type": "Feature", "properties": {}, "geometry": {"type": "Polygon", "coordinates": [[[101.601394, 3.073448], [101.601179, 3.073453], [101.600318, 3.073626], [101.600337, 3.074473], [101.600552, 3.074468], [101.601414, 3.074295], [101.601394, 3.073448]]]}}, {"type": "Feature", "properties": {}, "geometry": {"type": "Polygon", "coordinates": [[[101.601646, 3.074346], [101.601443, 3.07435], [101.600581, 3.074524], [101.6006, 3.075367], [101.600803, 3.075362], [101.601665, 3.075189], [101.601646, 3.074346]]]}}, {"type": "Feature", "properties": {}, "geometry": {"type": "Polygon", "coordinates": [[[101.601413, 3.074337], [101.601203, 3.074342], [101.600341, 3.074515], [101.600361, 3.075375], [101.600571, 3.075371], [101.601433, 3.075197], [101.601413, 3.074337]]]}}, {"type": "Feature", "properties": {}, "geometry": {"type": "Polygon", "coordinates": [[[101.601654, 3.075265], [101.601456, 3.075269], [101.600594, 3.075442], [101.600608, 3.076063], [101.600806, 3.076058], [101.601668, 3.075885], [101.601654, 3.075265]]]}}, {"type": "Feature", "properties": {}, "geometry": {"type": "Polygon", "coordinates": [[[101.601424, 3.075273], [101.601225, 3.075277], [101.600364, 3.07545], [101.600377, 3.076042], [101.600576, 3.076038], [101.601438, 3.075865], [101.601424, 3.075273]]]}}, {"type": "Feature", "properties": {}, "geometry": {"type": "Polygon", "coordinates": [[[101.601802, 3.073299], [101.60115, 3.073317], [101.599386, 3.073672], [101.599391, 3.073876], [101.600044, 3.073857], [101.601808, 3.073503], [101.601802, 3.073299]]]}}, {"type": "Feature", "properties": {}, "geometry": {"type": "Polygon", "coordinates": [[[101.601805, 3.073568], [101.601159, 3.073586], [101.599395, 3.07394], [101.599401, 3.074139], [101.600046, 3.074121], [101.60181, 3.073767], [101.601805, 3.073568]]]}}, {"type": "Feature", "properties": {}, "geometry": {"type": "Polygon", "coordinates": [[[101.599842, 3.073417], [101.599623, 3.073421], [101.598761, 3.073594], [101.598772, 3.074224], [101.598991, 3.07422], [101.599853, 3.074047], [101.599842, 3.073417]]]}}, {"type": "Feature", "properties": {}, "geometry": {"type": "Polygon", "coordinates": [[[101.600376, 3.074838], [101.599515, 3.075011], [101.5995, 3.075229], [101.600224, 3.075278], [101.601086, 3.075105], [101.601101, 3.074886], [101.600376, 3.074838]]]}}, {"type": "Feature", "properties": {}, "geometry": {"type": "Polygon", "coordinates": [[[101.600272, 3.075075], [101.59941, 3.075249], [101.599395, 3.075464], [101.600187, 3.075517], [101.601049, 3.075344], [101.601063, 3.075128], [101.600272, 3.075075]]]}}, {"type": "Feature", "properties": {}, "geometry": {"type": "Polygon", "coordinates": [[[101.600159, 3.075386], [101.599297, 3.075559], [101.599283, 3.075772], [101.600231, 3.075835], [101.601093, 3.075662], [101.601107, 3.07545], [101.600159, 3.075386]]]}}, {"type": "Feature", "properties": {}, "geometry": {"type": "Polygon", "coordinates": [[[101.600134, 3.075617], [101.599272, 3.07579], [101.599257, 3.076014], [101.600216, 3.076078], [101.601078, 3.075905], [101.601093, 3.075681], [101.600134, 3.075617]]]}}, {"type": "Feature", "properties": {}, "geometry": {"type": "Polygon", "coordinates": [[[101.599629, 3.074108], [101.598767, 3.074281], [101.598552, 3.075038], [101.598777, 3.075102], [101.599639, 3.074929], [101.599855, 3.074172], [101.599629, 3.074108]]]}}, {"type": "Feature", "properties": {}, "geometry": {"type": "Polygon", "coordinates": [[[101.600173, 3.074225], [101.599311, 3.074398], [101.599091, 3.07517], [101.599281, 3.075224], [101.600143, 3.075051], [101.600363, 3.074279], [101.600173, 3.074225]]]}}, {"type": "Feature", "properties": {}, "geometry": {"type": "Polygon", "coordinates": [[[101.599911, 3.074276], [101.599049, 3.07445], [101.598863, 3.075103], [101.599067, 3.075162], [101.599929, 3.074988], [101.600115, 3.074334], [101.599911, 3.074276]]]}}, {"type": "Feature", "properties": {}, "geometry": {"type": "Polygon", "coordinates": [[[101.59993, 3.075049], [101.599068, 3.075223], [101.598878, 3.075888], [101.599072, 3.075943], [101.599934, 3.07577], [101.600124, 3.075105], [101.59993, 3.075049]]]}}, {"type": "Feature", "properties": {}, "geometry": {"type": "Polygon", "coordinates": [[[101.599703, 3.074981], [101.598841, 3.075154], [101.598624, 3.075916], [101.598828, 3.075975], [101.59969, 3.075801], [101.599908, 3.075039], [101.599703, 3.074981]]]}}, {"type": "Feature", "properties": {}, "geometry": {"type": "Polygon", "coordinates": [[[101.599399, 3.074901], [101.598537, 3.075074], [101.598273, 3.075974], [101.598476, 3.076033], [101.599338, 3.07586], [101.599602, 3.07496], [101.599399, 3.074901]]]}}, {"type": "Feature", "properties": {}, "geometry": {"type": "Polygon", "coordinates": [[[101.607433, 3.075422], [101.606665, 3.075441], [101.605373, 3.075701], [101.605377, 3.075865], [101.606144, 3.075847], [101.607437, 3.075587], [101.607433, 3.075422]]]}}, {"type": "Feature", "properties": {}, "geometry": {"type": "Polygon", "coordinates": [[[101.606557, 3.075442], [101.605896, 3.075458], [101.604603, 3.075718], [101.604607, 3.07588], [101.605268, 3.075864], [101.606561, 3.075604], [101.606557, 3.075442]]]}}, {"type": "Feature", "properties": {}, "geometry": {"type": "Polygon", "coordinates": [[[101.606902, 3.075703], [101.60624, 3.075719], [101.605378, 3.075892], [101.605382, 3.076066], [101.606045, 3.07605], [101.606907, 3.075877], [101.606902, 3.075703]]]}}, {"type": "Feature", "properties": {}, "geometry": {"type": "Polygon", "coordinates": [[[101.606126, 3.075726], [101.60547, 3.075742], [101.604608, 3.075915], [101.604612, 3.076072], [101.605268, 3.076056], [101.60613, 3.075883], [101.606126, 3.075726]]]}}, {"type": "Feature", "properties": {}, "geometry": {"type": "Polygon", "coordinates": [[[101.606873, 3.075975], [101.60601, 3.075996], [101.605149, 3.076169], [101.605153, 3.076337], [101.606015, 3.076316], [101.606877, 3.076143], [101.606873, 3.075975]]]}}, {"type": "Feature", "properties": {}, "geometry": {"type": "Polygon", "coordinates": [[[101.605874, 3.075977], [101.605647, 3.075979], [101.603883, 3.076334], [101.603894, 3.077192], [101.604121, 3.077189], [101.605886, 3.076834], [101.605874, 3.075977]]]}}, {"type": "Feature", "properties": {}, "geometry": {"type": "Polygon", "coordinates": [[[101.606107, 3.075989], [101.605896, 3.075992], [101.604132, 3.076346], [101.604143, 3.077186], [101.604353, 3.077183], [101.606118, 3.076829], [101.606107, 3.075989]]]}}, {"type": "Feature", "properties": {}, "geometry": {"type": "Polygon", "coordinates": [[[101.609361, 3.075429], [101.609167, 3.075432], [101.607874, 3.075692], [101.60788, 3.076041], [101.608074, 3.076037], [101.609367, 3.075778], [101.609361, 3.075429]]]}}, {"type": "Feature", "properties": {}, "geometry": {"type": "Polygon", "coordinates": [[[101.609147, 3.075418], [101.60899, 3.075421], [101.607697, 3.075681], [101.607703, 3.076044], [101.60786, 3.076041], [101.609153, 3.075781], [101.609147, 3.075418]]]}}, {"type": "Feature", "properties": {}, "geometry": {"type": "Polygon", "coordinates": [[[101.608695, 3.07543], [101.60852, 3.075433], [101.607227, 3.075693], [101.607234, 3.076036], [101.607408, 3.076033], [101.608701, 3.075773], [101.608695, 3.07543]]]}}, {"type": "Feature", "properties": {}, "geometry": {"type": "Polygon", "coordinates": [[[101.608884, 3.075422], [101.60871, 3.075425], [101.607417, 3.075685], [101.607423, 3.076036], [101.607597, 3.076033], [101.60889, 3.075773], [101.608884, 3.075422]]]}}, {"type": "Feature", "properties": {}, "geometry": {"type": "Polygon", "coordinates": [[[101.608224, 3.075412], [101.608057, 3.075415], [101.606765, 3.075675], [101.606771, 3.076045], [101.606938, 3.076042], [101.60823, 3.075782], [101.608224, 3.075412]]]}}, {"type": "Feature", "properties": {}, "geometry": {"type": "Polygon", "coordinates": [[[101.60842, 3.075409], [101.608241, 3.075412], [101.606948, 3.075672], [101.606955, 3.076042], [101.607133, 3.076039], [101.608426, 3.075779], [101.60842, 3.075409]]]}}, {"type": "Feature", "properties": {}, "geometry": {"type": "Polygon", "coordinates": [[[101.607934, 3.075422], [101.607651, 3.075427], [101.606358, 3.075687], [101.606361, 3.075849], [101.606644, 3.075844], [101.607937, 3.075584], [101.607934, 3.075422]]]}}, {"type": "Feature", "properties": {}, "geometry": {"type": "Polygon", "coordinates": [[[101.607941, 3.075612], [101.607566, 3.075619], [101.606273, 3.075879], [101.606277, 3.076056], [101.606651, 3.076049], [101.607944, 3.075789], [101.607941, 3.075612]]]}}, {"type": "Feature", "properties": {}, "geometry": {"type": "Polygon", "coordinates": [[[101.607902, 3.075887], [101.607438, 3.075895], [101.606145, 3.076155], [101.606148, 3.076318], [101.606612, 3.07631], [101.607905, 3.07605], [101.607902, 3.075887]]]}}, {"type": "Feature", "properties": {}, "geometry": {"type": "Polygon", "coordinates": [[[101.608751, 3.075871], [101.607955, 3.075885], [101.606662, 3.076145], [101.606665, 3.07631], [101.607461, 3.076296], [101.608754, 3.076036], [101.608751, 3.075871]]]}}, {"type": "Feature", "properties": {}, "geometry": {"type": "Polygon", "coordinates": [[[101.609448, 3.075876], [101.608796, 3.075888], [101.607503, 3.076148], [101.607506, 3.076314], [101.608158, 3.076303], [101.609451, 3.076043], [101.609448, 3.075876]]]}}, {"type": "Feature", "properties": {}, "geometry": {"type": "Polygon", "coordinates": [[[101.609812, 3.075748], [101.609684, 3.07575], [101.608391, 3.07601], [101.608395, 3.076205], [101.608523, 3.076203], [101.609816, 3.075943], [101.609812, 3.075748]]]}}, {"type": "Feature", "properties": {}, "geometry": {"type": "Polygon", "coordinates": [[[101.609982, 3.075824], [101.609898, 3.075825], [101.608605, 3.076085], [101.608607, 3.076219], [101.608692, 3.076218], [101.609984, 3.075958], [101.609982, 3.075824]]]}}, {"type": "Feature", "properties": {}, "geometry": {"type": "Polygon", "coordinates": [[[101.610158, 3.075599], [101.609997, 3.075602], [101.608704, 3.075862], [101.608707, 3.075986], [101.608867, 3.075983], [101.61016, 3.075723], [101.610158, 3.075599]]]}}, {"type": "Feature", "properties": {}, "geometry": {"type": "Polygon", "coordinates": [[[101.610194, 3.075739], [101.610016, 3.075743], [101.608723, 3.076003], [101.608727, 3.07619], [101.608904, 3.076186], [101.610197, 3.075926], [101.610194, 3.075739]]]}}, {"type": "Feature", "properties": {}, "geometry": {"type": "Polygon", "coordinates": [[[101.610874, 3.07563], [101.609109, 3.075985], [101.609108, 3.076147], [101.609841, 3.076152], [101.611605, 3.075797], [101.611606, 3.075635], [101.610874, 3.07563]]]}}, {"type": "Feature", "properties": {}, "geometry": {"type": "Polygon", "coordinates": [[[101.61077, 3.074028], [101.609477, 3.074288], [101.609323, 3.074365], [101.609375, 3.07447], [101.610668, 3.07421], [101.610822, 3.074134], [101.61077, 3.074028]]]}}, {"type": "Feature", "properties": {}, "geometry": {"type": "Polygon", "coordinates": [[[101.611052, 3.074102], [101.609759, 3.074362], [101.609743, 3.074459], [101.609925, 3.07449], [101.611218, 3.07423], [101.611235, 3.074132], [101.611052, 3.074102]]]}}, {"type": "Feature", "properties": {}, "geometry": {"type": "Polygon", "coordinates": [[[101.611842, 3.074967], [101.611108, 3.074976], [101.609343, 3.07533], [101.609346, 3.075514], [101.61008, 3.075505], [101.611844, 3.07515], [101.611842, 3.074967]]]}}, {"type": "Feature", "properties": {}, "geometry": {"type": "Polygon", "coordinates": [[[101.609424, 3.07504], [101.608776, 3.075046], [101.607012, 3.075401], [101.607014, 3.075534], [101.607661, 3.075528], [101.609425, 3.075173], [101.609424, 3.07504]]]}}, {"type": "Feature", "properties": {}, "geometry": {"type": "Polygon", "coordinates": [[[101.61039, 3.074488], [101.609782, 3.074495], [101.608018, 3.07485], [101.608019, 3.074978], [101.608627, 3.074972], [101.610391, 3.074617], [101.61039, 3.074488]]]}}, {"type": "Feature", "properties": {}, "geometry": {"type": "Polygon", "coordinates": [[[101.609785, 3.074879], [101.608021, 3.075234], [101.608021, 3.075352], [101.608642, 3.075352], [101.610406, 3.074997], [101.610406, 3.07488], [101.609785, 3.074879]]]}}, {"type": "Feature", "properties": {}, "geometry": {"type": "Polygon", "coordinates": [[[101.610401, 3.075028], [101.609782, 3.075032], [101.608018, 3.075387], [101.608019, 3.075504], [101.608638, 3.075499], [101.610402, 3.075145], [101.610401, 3.075028]]]}}, {"type": "Feature", "properties": {}, "geometry": {"type": "Polygon", "coordinates": [[[101.608678, 3.07419], [101.607386, 3.07445], [101.60728, 3.074491], [101.607331, 3.074619], [101.608623, 3.074359], [101.608729, 3.074317], [101.608678, 3.07419]]]}}, {"type": "Feature", "properties": {}, "geometry": {"type": "Polygon", "coordinates": [[[101.60877, 3.074607], [101.607477, 3.074867], [101.607308, 3.074933], [101.607402, 3.075169], [101.608695, 3.074909], [101.608863, 3.074843], [101.60877, 3.074607]]]}}, {"type": "Feature", "properties": {}, "geometry": {"type": "Polygon", "coordinates": [[[101.60869, 3.074364], [101.60846, 3.074377], [101.607167, 3.074637], [101.606847, 3.074763], [101.606845, 3.074942], [101.606872, 3.075011], [101.606994, 3.075137], [101.608287, 3.074877], [101.608607, 3.074751], [101.608778, 3.074586], [101.608827, 3.074474], [101.608801, 3.074406], [101.60869, 3.074364]]]}}, {"type": "Feature", "properties": {}, "geometry": {"type": "Polygon", "coordinates": [[[101.607919, 3.074459], [101.607248, 3.074476], [101.605956, 3.074736], [101.60596, 3.074915], [101.606631, 3.074898], [101.607924, 3.074638], [101.607919, 3.074459]]]}}, {"type": "Feature", "properties": {}, "geometry": {"type": "Polygon", "coordinates": [[[101.607919, 3.074657], [101.607251, 3.074673], [101.605959, 3.074933], [101.605963, 3.075121], [101.60663, 3.075105], [101.607923, 3.074845], [101.607919, 3.074657]]]}}, {"type": "Feature", "properties": {}, "geometry": {"type": "Polygon", "coordinates": [[[101.607941, 3.074927], [101.606662, 3.074958], [101.605369, 3.075218], [101.605374, 3.075404], [101.606652, 3.075372], [101.607945, 3.075112], [101.607941, 3.074927]]]}}, {"type": "Feature", "properties": {}, "geometry": {"type": "Polygon", "coordinates": [[[101.607671, 3.075143], [101.606665, 3.075168], [101.605373, 3.075428], [101.605377, 3.075607], [101.606382, 3.075583], [101.607675, 3.075323], [101.607671, 3.075143]]]}}, {"type": "Feature", "properties": {}, "geometry": {"type": "Polygon", "coordinates": [[[101.607206, 3.074479], [101.606649, 3.074493], [101.605356, 3.074753], [101.605361, 3.074927], [101.605917, 3.074913], [101.60721, 3.074653], [101.607206, 3.074479]]]}}, {"type": "Feature", "properties": {}, "geometry": {"type": "Polygon", "coordinates": [[[101.607213, 3.074673], [101.606653, 3.074687], [101.605361, 3.074947], [101.605365, 3.075135], [101.605925, 3.075121], [101.607218, 3.074861], [101.607213, 3.074673]]]}}, {"type": "Feature", "properties": {}, "geometry": {"type": "Polygon", "coordinates": [[[101.60661, 3.075166], [101.605893, 3.075183], [101.6046, 3.075443], [101.604604, 3.075626], [101.605322, 3.07561], [101.606615, 3.07535], [101.60661, 3.075166]]]}}, {"type": "Feature", "properties": {}, "geometry": {"type": "Polygon", "coordinates": [[[101.606607, 3.074964], [101.605889, 3.074981], [101.604596, 3.075241], [101.604601, 3.07542], [101.605319, 3.075404], [101.606612, 3.075144], [101.606607, 3.074964]]]}}, {"type": "Feature", "properties": {}, "geometry": {"type": "Polygon", "coordinates": [[[101.6066, 3.074684], [101.605887, 3.0747], [101.604594, 3.07496], [101.604599, 3.075145], [101.605311, 3.075129], [101.606604, 3.074869], [101.6066, 3.074684]]]}}, {"type": "Feature", "properties": {}, "geometry": {"type": "Polygon", "coordinates": [[[101.606598, 3.074497], [101.605885, 3.074513], [101.604592, 3.074773], [101.604596, 3.074943], [101.60531, 3.074927], [101.606603, 3.074667], [101.606598, 3.074497]]]}}, {"type": "Feature", "properties": {}, "geometry": {"type": "Polygon", "coordinates": [[[101.607364, 3.074169], [101.607073, 3.074176], [101.60578, 3.074436], [101.605786, 3.074644], [101.606076, 3.074637], [101.607369, 3.074377], [101.607364, 3.074169]]]}}, {"type": "Feature", "properties": {}, "geometry": {"type": "Polygon", "coordinates": [[[101.607045, 3.074171], [101.606639, 3.074181], [101.605346, 3.074441], [101.605351, 3.074656], [101.605757, 3.074646], [101.60705, 3.074386], [101.607045, 3.074171]]]}}, {"type": "Feature", "properties": {}, "geometry": {"type": "Polygon", "coordinates": [[[101.607352, 3.073965], [101.606634, 3.073983], [101.605341, 3.074242], [101.605346, 3.074422], [101.606064, 3.074404], [101.607356, 3.074144], [101.607352, 3.073965]]]}}, {"type": "Feature", "properties": {}, "geometry": {"type": "Polygon", "coordinates": [[[101.606582, 3.073968], [101.60587, 3.073987], [101.604577, 3.074247], [101.604582, 3.074435], [101.605294, 3.074416], [101.606587, 3.074156], [101.606582, 3.073968]]]}}, {"type": "Feature", "properties": {}, "geometry": {"type": "Polygon", "coordinates": [[[101.606585, 3.074178], [101.605879, 3.074197], [101.604586, 3.074457], [101.604591, 3.07468], [101.605298, 3.074662], [101.60659, 3.074402], [101.606585, 3.074178]]]}}, {"type": "Feature", "properties": {}, "geometry": {"type": "Polygon", "coordinates": [[[101.614618, 3.075267], [101.614583, 3.075273], [101.61329, 3.075533], [101.613078, 3.075739], [101.61308, 3.075977], [101.613327, 3.075975], [101.61462, 3.075715], [101.614618, 3.075267]]]}}, {"type": "Feature", "properties": {}, "geometry": {"type": "Polygon", "coordinates": [[[101.614609, 3.075766], [101.614017, 3.075771], [101.612724, 3.07603], [101.612726, 3.076247], [101.613317, 3.076243], [101.61461, 3.075983], [101.614609, 3.075766]]]}}, {"type": "Feature", "properties": {}, "geometry": {"type": "Polygon", "coordinates": [[[101.613986, 3.075768], [101.613324, 3.075773], [101.612031, 3.076033], [101.612033, 3.076253], [101.612695, 3.076249], [101.613988, 3.075989], [101.613986, 3.075768]]]}}, {"type": "Feature", "properties": {}, "geometry": {"type": "Polygon", "coordinates": [[[101.614125, 3.074864], [101.612832, 3.075124], [101.612672, 3.075286], [101.613028, 3.075635], [101.614321, 3.075375], [101.61448, 3.075213], [101.614125, 3.074864]]]}}, {"type": "Feature", "properties": {}, "geometry": {"type": "Polygon", "coordinates": [[[101.613931, 3.075076], [101.613703, 3.075077], [101.61241, 3.075337], [101.612414, 3.075911], [101.612892, 3.075908], [101.614185, 3.075648], [101.614183, 3.075326], [101.614027, 3.075146], [101.613931, 3.075076]]]}}, {"type": "Feature", "properties": {}, "geometry": {"type": "Polygon", "coordinates": [[[101.613418, 3.074649], [101.613345, 3.074652], [101.612053, 3.074912], [101.612049, 3.075181], [101.612603, 3.075194], [101.613895, 3.074934], [101.614028, 3.074804], [101.613987, 3.074748], [101.613418, 3.074649]]]}}, {"type": "Feature", "properties": {}, "geometry": {"type": "Polygon", "coordinates": [[[101.612038, 3.074407], [101.610745, 3.074667], [101.610748, 3.075052], [101.611602, 3.075046], [101.612895, 3.074786], [101.612893, 3.074556], [101.612038, 3.074407]]]}}, {"type": "Feature", "properties": {}, "geometry": {"type": "Polygon", "coordinates": [[[101.613152, 3.074597], [101.61294, 3.074599], [101.611647, 3.074859], [101.61165, 3.075302], [101.611863, 3.0753], [101.613156, 3.07504], [101.613152, 3.074597]]]}}, {"type": "Feature", "properties": {}, "geometry": {"type": "Polygon", "coordinates": [[[101.612898, 3.07481], [101.612036, 3.074816], [101.610743, 3.075076], [101.610745, 3.075306], [101.611606, 3.075299], [101.612899, 3.07504], [101.612898, 3.07481]]]}}, {"type": "Feature", "properties": {}, "geometry": {"type": "Polygon", "coordinates": [[[101.611974, 3.074391], [101.611768, 3.074392], [101.610476, 3.074652], [101.61048, 3.07531], [101.610686, 3.075308], [101.611979, 3.075048], [101.611974, 3.074391]]]}}, {"type": "Feature", "properties": {}, "geometry": {"type": "Polygon", "coordinates": [[[101.613136, 3.075506], [101.61293, 3.075508], [101.611637, 3.075768], [101.611641, 3.076252], [101.611847, 3.076251], [101.61314, 3.075991], [101.613136, 3.075506]]]}}, {"type": "Feature", "properties": {}, "geometry": {"type": "Polygon", "coordinates": [[[101.611991, 3.075521], [101.611769, 3.075523], [101.610476, 3.075783], [101.610479, 3.076251], [101.610702, 3.07625], [101.611994, 3.07599], [101.611991, 3.075521]]]}}, {"type": "Feature", "properties": {}, "geometry": {"type": "Polygon", "coordinates": [[[101.612888, 3.075514], [101.612047, 3.075521], [101.610754, 3.075781], [101.610756, 3.075993], [101.611597, 3.075987], [101.61289, 3.075727], [101.612888, 3.075514]]]}}, {"type": "Feature", "properties": {}, "geometry": {"type": "Polygon", "coordinates": [[[101.612761, 3.070566], [101.612699, 3.070566], [101.611837, 3.07074], [101.611839, 3.070893], [101.6119, 3.070892], [101.612762, 3.070719], [101.612761, 3.070566]]]}}, {"type": "Feature", "properties": {}, "geometry": {"type": "Polygon", "coordinates": [[[101.611974, 3.070571], [101.611912, 3.070572], [101.61105, 3.070745], [101.611052, 3.070905], [101.611114, 3.070905], [101.611975, 3.070731], [101.611974, 3.070571]]]}}, {"type": "Feature", "properties": {}, "geometry": {"type": "Polygon", "coordinates": [[[101.612764, 3.070928], [101.612702, 3.070928], [101.61184, 3.071101], [101.611841, 3.071253], [101.611904, 3.071252], [101.612765, 3.071079], [101.612764, 3.070928]]]}}, {"type": "Feature", "properties": {}, "geometry": {"type": "Polygon", "coordinates": [[[101.612765, 3.071115], [101.612703, 3.071116], [101.611841, 3.071289], [101.611842, 3.071443], [101.611905, 3.071443], [101.612767, 3.07127], [101.612765, 3.071115]]]}}, {"type": "Feature", "properties": {}, "geometry": {"type": "Polygon", "coordinates": [[[101.611978, 3.070933], [101.611917, 3.070934], [101.611055, 3.071107], [101.611057, 3.071262], [101.611118, 3.071262], [101.61198, 3.071088], [101.611978, 3.070933]]]}}, {"type": "Feature", "properties": {}, "geometry": {"type": "Polygon", "coordinates": [[[101.61198, 3.071124], [101.611918, 3.071125], [101.611057, 3.071298], [101.611058, 3.071448], [101.61112, 3.071448], [101.611981, 3.071275], [101.61198, 3.071124]]]}}, {"type": "Feature", "properties": {}, "geometry": {"type": "Polygon", "coordinates": [[[101.613554, 3.071483], [101.613492, 3.071484], [101.61263, 3.071657], [101.612631, 3.071807], [101.612694, 3.071807], [101.613556, 3.071633], [101.613554, 3.071483]]]}}, {"type": "Feature", "properties": {}, "geometry": {"type": "Polygon", "coordinates": [[[101.613555, 3.071676], [101.613492, 3.071677], [101.61263, 3.07185], [101.612631, 3.071997], [101.612694, 3.071996], [101.613556, 3.071823], [101.613555, 3.071676]]]}}, {"type": "Feature", "properties": {}, "geometry": {"type": "Polygon", "coordinates": [[[101.612764, 3.071478], [101.612703, 3.071478], [101.611841, 3.071652], [101.611843, 3.07181], [101.611904, 3.071809], [101.612766, 3.071636], [101.612764, 3.071478]]]}}, {"type": "Feature", "properties": {}, "geometry": {"type": "Polygon", "coordinates": [[[101.612766, 3.071674], [101.612704, 3.071674], [101.611842, 3.071848], [101.611844, 3.072003], [101.611905, 3.072002], [101.612767, 3.071829], [101.612766, 3.071674]]]}}, {"type": "Feature", "properties": {}, "geometry": {"type": "Polygon", "coordinates": [[[101.611973, 3.071482], [101.611911, 3.071483], [101.611049, 3.071656], [101.61105, 3.071812], [101.611112, 3.071812], [101.611974, 3.071639], [101.611973, 3.071482]]]}}, {"type": "Feature", "properties": {}, "geometry": {"type": "Polygon", "coordinates": [[[101.611974, 3.071674], [101.611912, 3.071675], [101.61105, 3.071848], [101.611051, 3.072002], [101.611114, 3.072002], [101.611976, 3.071828], [101.611974, 3.071674]]]}}, {"type": "Feature", "properties": {}, "geometry": {"type": "Polygon", "coordinates": [[[101.613683, 3.072034], [101.61362, 3.072034], [101.612758, 3.072208], [101.61276, 3.072361], [101.612822, 3.07236], [101.613684, 3.072187], [101.613683, 3.072034]]]}}, {"type": "Feature", "properties": {}, "geometry": {"type": "Polygon", "coordinates": [[[101.61356, 3.072228], [101.613498, 3.072228], [101.612636, 3.072401], [101.612638, 3.072558], [101.6127, 3.072558], [101.613562, 3.072385], [101.61356, 3.072228]]]}}, {"type": "Feature", "properties": {}, "geometry": {"type": "Polygon", "coordinates": [[[101.612769, 3.072033], [101.612707, 3.072034], [101.611845, 3.072207], [101.611847, 3.072361], [101.611908, 3.07236], [101.61277, 3.072187], [101.612769, 3.072033]]]}}, {"type": "Feature", "properties": {}, "geometry": {"type": "Polygon", "coordinates": [[[101.61198, 3.072037], [101.611918, 3.072038], [101.611057, 3.072211], [101.611058, 3.07237], [101.61112, 3.07237], [101.611982, 3.072196], [101.61198, 3.072037]]]}}, {"type": "Feature", "properties": {}, "geometry": {"type": "Polygon", "coordinates": [[[101.612766, 3.072224], [101.612704, 3.072225], [101.611842, 3.072398], [101.611844, 3.072555], [101.611905, 3.072554], [101.612767, 3.072381], [101.612766, 3.072224]]]}}, {"type": "Feature", "properties": {}, "geometry": {"type": "Polygon", "coordinates": [[[101.611978, 3.072226], [101.611916, 3.072227], [101.611054, 3.0724], [101.611055, 3.07256], [101.611118, 3.072559], [101.611979, 3.072386], [101.611978, 3.072226]]]}}, {"type": "Feature", "properties": {}, "geometry": {"type": "Polygon", "coordinates": [[[101.614246, 3.07259], [101.614184, 3.07259], [101.613322, 3.072764], [101.613323, 3.072917], [101.613386, 3.072916], [101.614248, 3.072743], [101.614246, 3.07259]]]}}, {"type": "Feature", "properties": {}, "geometry": {"type": "Polygon", "coordinates": [[[101.613557, 3.072788], [101.613494, 3.072789], [101.612633, 3.072962], [101.612634, 3.073111], [101.612696, 3.07311], [101.613558, 3.072937], [101.613557, 3.072788]]]}}, {"type": "Feature", "properties": {}, "geometry": {"type": "Polygon", "coordinates": [[[101.613449, 3.07259], [101.613387, 3.072591], [101.612525, 3.072764], [101.612527, 3.072915], [101.612588, 3.072915], [101.61345, 3.072741], [101.613449, 3.07259]]]}}, {"type": "Feature", "properties": {}, "geometry": {"type": "Polygon", "coordinates": [[[101.611984, 3.0726], [101.611922, 3.0726], [101.611061, 3.072774], [101.611062, 3.072926], [101.611124, 3.072926], [101.611986, 3.072752], [101.611984, 3.0726]]]}}, {"type": "Feature", "properties": {}, "geometry": {"type": "Polygon", "coordinates": [[[101.61277, 3.072786], [101.612708, 3.072787], [101.611846, 3.07296], [101.611848, 3.073115], [101.61191, 3.073115], [101.612772, 3.072942], [101.61277, 3.072786]]]}}, {"type": "Feature", "properties": {}, "geometry": {"type": "Polygon", "coordinates": [[[101.611989, 3.072791], [101.611928, 3.072792], [101.611066, 3.072965], [101.611067, 3.073117], [101.611129, 3.073117], [101.61199, 3.072944], [101.611989, 3.072791]]]}}, {"type": "Feature", "properties": {}, "geometry": {"type": "Polygon", "coordinates": [[[101.613561, 3.073146], [101.613499, 3.073146], [101.612637, 3.073319], [101.612638, 3.073474], [101.6127, 3.073473], [101.613562, 3.0733], [101.613561, 3.073146]]]}}, {"type": "Feature", "properties": {}, "geometry": {"type": "Polygon", "coordinates": [[[101.613562, 3.073336], [101.6135, 3.073337], [101.612638, 3.07351], [101.612639, 3.073663], [101.612701, 3.073663], [101.613563, 3.073489], [101.613562, 3.073336]]]}}, {"type": "Feature", "properties": {}, "geometry": {"type": "Polygon", "coordinates": [[[101.613456, 3.073149], [101.613394, 3.07315], [101.612532, 3.073323], [101.612533, 3.073476], [101.612595, 3.073476], [101.613457, 3.073302], [101.613456, 3.073149]]]}}, {"type": "Feature", "properties": {}, "geometry": {"type": "Polygon", "coordinates": [[[101.612664, 3.073144], [101.612603, 3.073144], [101.611741, 3.073318], [101.611742, 3.073476], [101.611803, 3.073476], [101.612665, 3.073303], [101.612664, 3.073144]]]}}, {"type": "Feature", "properties": {}, "geometry": {"type": "Polygon", "coordinates": [[[101.611986, 3.073335], [101.611924, 3.073336], [101.611062, 3.073509], [101.611063, 3.073666], [101.611125, 3.073666], [101.611987, 3.073493], [101.611986, 3.073335]]]}}, {"type": "Feature", "properties": {}, "geometry": {"type": "Polygon", "coordinates": [[[101.612771, 3.073337], [101.612709, 3.073337], [101.611847, 3.07351], [101.611848, 3.07366], [101.61191, 3.07366], [101.612772, 3.073487], [101.612771, 3.073337]]]}}, {"type": "Feature", "properties": {}, "geometry": {"type": "Polygon", "coordinates": [[[101.613553, 3.066844], [101.613492, 3.066845], [101.61263, 3.067018], [101.612631, 3.067161], [101.612692, 3.067161], [101.613554, 3.066987], [101.613553, 3.066844]]]}}, {"type": "Feature", "properties": {}, "geometry": {"type": "Polygon", "coordinates": [[[101.613551, 3.067031], [101.613489, 3.067031], [101.612628, 3.067205], [101.612628, 3.067343], [101.61269, 3.067343], [101.613552, 3.06717], [101.613551, 3.067031]]]}}, {"type": "Feature", "properties": {}, "geometry": {"type": "Polygon", "coordinates": [[[101.612762, 3.066847], [101.612701, 3.066848], [101.611839, 3.067021], [101.61184, 3.067164], [101.611901, 3.067163], [101.612763, 3.06699], [101.612762, 3.066847]]]}}, {"type": "Feature", "properties": {}, "geometry": {"type": "Polygon", "coordinates": [[[101.611969, 3.066857], [101.611908, 3.066857], [101.611046, 3.067031], [101.611047, 3.067166], [101.611109, 3.067165], [101.611971, 3.066992], [101.611969, 3.066857]]]}}, {"type": "Feature", "properties": {}, "geometry": {"type": "Polygon", "coordinates": [[[101.612759, 3.067026], [101.612698, 3.067026], [101.611836, 3.067199], [101.611837, 3.067351], [101.611898, 3.067351], [101.61276, 3.067178], [101.612759, 3.067026]]]}}, {"type": "Feature", "properties": {}, "geometry": {"type": "Polygon", "coordinates": [[[101.611978, 3.067034], [101.611918, 3.067034], [101.611056, 3.067208], [101.611057, 3.067349], [101.611117, 3.067349], [101.611979, 3.067175], [101.611978, 3.067034]]]}}, {"type": "Feature", "properties": {}, "geometry": {"type": "Polygon", "coordinates": [[[101.612645, 3.067395], [101.612585, 3.067396], [101.611723, 3.067569], [101.611724, 3.067708], [101.611785, 3.067708], [101.612647, 3.067535], [101.612645, 3.067395]]]}}, {"type": "Feature", "properties": {}, "geometry": {"type": "Polygon", "coordinates": [[[101.611976, 3.067568], [101.611906, 3.067569], [101.611044, 3.067742], [101.611046, 3.067903], [101.611115, 3.067903], [101.611977, 3.06773], [101.611976, 3.067568]]]}}, {"type": "Feature", "properties": {}, "geometry": {"type": "Polygon", "coordinates": [[[101.613438, 3.067395], [101.613376, 3.067396], [101.612515, 3.067569], [101.612516, 3.06771], [101.612578, 3.067709], [101.613439, 3.067536], [101.613438, 3.067395]]]}}, {"type": "Feature", "properties": {}, "geometry": {"type": "Polygon", "coordinates": [[[101.61276, 3.067562], [101.612699, 3.067563], [101.611837, 3.067736], [101.611839, 3.067898], [101.6119, 3.067897], [101.612761, 3.067724], [101.61276, 3.067562]]]}}, {"type": "Feature", "properties": {}, "geometry": {"type": "Polygon", "coordinates": [[[101.614226, 3.067393], [101.614164, 3.067393], [101.613303, 3.067566], [101.613304, 3.067707], [101.613366, 3.067706], [101.614228, 3.067533], [101.614226, 3.067393]]]}}, {"type": "Feature", "properties": {}, "geometry": {"type": "Polygon", "coordinates": [[[101.613548, 3.067564], [101.613486, 3.067564], [101.612625, 3.067737], [101.612626, 3.067898], [101.612688, 3.067898], [101.61355, 3.067725], [101.613548, 3.067564]]]}}, {"type": "Feature", "properties": {}, "geometry": {"type": "Polygon", "coordinates": [[[101.614228, 3.067948], [101.614166, 3.067949], [101.613304, 3.068122], [101.613305, 3.068262], [101.613367, 3.068262], [101.614229, 3.068089], [101.614228, 3.067948]]]}}, {"type": "Feature", "properties": {}, "geometry": {"type": "Polygon", "coordinates": [[[101.613546, 3.068119], [101.613484, 3.068119], [101.612622, 3.068293], [101.612623, 3.068448], [101.612685, 3.068447], [101.613547, 3.068274], [101.613546, 3.068119]]]}}, {"type": "Feature", "properties": {}, "geometry": {"type": "Polygon", "coordinates": [[[101.613434, 3.067952], [101.613373, 3.067952], [101.612511, 3.068125], [101.612512, 3.068262], [101.612573, 3.068261], [101.613435, 3.068088], [101.613434, 3.067952]]]}}, {"type": "Feature", "properties": {}, "geometry": {"type": "Polygon", "coordinates": [[[101.612761, 3.068119], [101.6127, 3.068119], [101.611838, 3.068293], [101.61184, 3.068449], [101.611901, 3.068449], [101.612763, 3.068275], [101.612761, 3.068119]]]}}, {"type": "Feature", "properties": {}, "geometry": {"type": "Polygon", "coordinates": [[[101.612651, 3.067951], [101.612589, 3.067951], [101.611727, 3.068124], [101.611728, 3.068265], [101.61179, 3.068265], [101.612652, 3.068091], [101.612651, 3.067951]]]}}, {"type": "Feature", "properties": {}, "geometry": {"type": "Polygon", "coordinates": [[[101.611972, 3.068121], [101.61191, 3.068121], [101.611048, 3.068294], [101.61105, 3.068449], [101.611111, 3.068449], [101.611973, 3.068275], [101.611972, 3.068121]]]}}, {"type": "Feature", "properties": {}, "geometry": {"type": "Polygon", "coordinates": [[[101.614229, 3.068502], [101.614168, 3.068503], [101.613306, 3.068676], [101.613308, 3.068808], [101.613369, 3.068807], [101.614231, 3.068634], [101.614229, 3.068502]]]}}, {"type": "Feature", "properties": {}, "geometry": {"type": "Polygon", "coordinates": [[[101.613562, 3.068667], [101.613501, 3.068668], [101.612639, 3.068841], [101.61264, 3.068998], [101.612701, 3.068998], [101.613563, 3.068825], [101.613562, 3.068667]]]}}, {"type": "Feature", "properties": {}, "geometry": {"type": "Polygon", "coordinates": [[[101.613438, 3.068503], [101.613376, 3.068503], [101.612515, 3.068677], [101.612516, 3.068808], [101.612578, 3.068807], [101.613439, 3.068634], [101.613438, 3.068503]]]}}, {"type": "Feature", "properties": {}, "geometry": {"type": "Polygon", "coordinates": [[[101.61277, 3.068674], [101.612709, 3.068675], [101.611847, 3.068848], [101.611848, 3.069], [101.611909, 3.069], [101.612771, 3.068827], [101.61277, 3.068674]]]}}, {"type": "Feature", "properties": {}, "geometry": {"type": "Polygon", "coordinates": [[[101.611974, 3.068512], [101.611913, 3.068513], [101.611051, 3.068686], [101.611053, 3.068828], [101.611114, 3.068828], [101.611976, 3.068655], [101.611974, 3.068512]]]}}, {"type": "Feature", "properties": {}, "geometry": {"type": "Polygon", "coordinates": [[[101.611979, 3.068674], [101.611919, 3.068674], [101.611057, 3.068847], [101.611058, 3.069003], [101.611118, 3.069002], [101.61198, 3.068829], [101.611979, 3.068674]]]}}, {"type": "Feature", "properties": {}, "geometry": {"type": "Polygon", "coordinates": [[[101.611983, 3.069088], [101.611888, 3.069089], [101.611026, 3.069262], [101.611027, 3.069399], [101.611123, 3.069399], [101.611984, 3.069225], [101.611983, 3.069088]]]}}, {"type": "Feature", "properties": {}, "geometry": {"type": "Polygon", "coordinates": [[[101.612657, 3.069246], [101.612596, 3.069247], [101.611734, 3.06942], [101.611735, 3.069582], [101.611797, 3.069581], [101.612659, 3.069408], [101.612657, 3.069246]]]}}, {"type": "Feature", "properties": {}, "geometry": {"type": "Polygon", "coordinates": [[[101.613611, 3.069076], [101.613551, 3.069077], [101.612689, 3.06925], [101.61269, 3.069399], [101.612751, 3.069399], [101.613613, 3.069225], [101.613611, 3.069076]]]}}, {"type": "Feature", "properties": {}, "geometry": {"type": "Polygon", "coordinates": [[[101.61361, 3.069248], [101.613549, 3.069248], [101.612687, 3.069422], [101.612689, 3.069573], [101.61275, 3.069572], [101.613612, 3.069399], [101.61361, 3.069248]]]}}, {"type": "Feature", "properties": {}, "geometry": {"type": "Polygon", "coordinates": [[[101.613608, 3.069624], [101.613547, 3.069625], [101.612685, 3.069798], [101.612686, 3.069936], [101.612747, 3.069936], [101.613609, 3.069763], [101.613608, 3.069624]]]}}, {"type": "Feature", "properties": {}, "geometry": {"type": "Polygon", "coordinates": [[[101.613607, 3.069797], [101.613545, 3.069798], [101.612683, 3.069971], [101.612685, 3.070128], [101.612746, 3.070127], [101.613608, 3.069954], [101.613607, 3.069797]]]}}, {"type": "Feature", "properties": {}, "geometry": {"type": "Polygon", "coordinates": [[[101.614342, 3.070173], [101.614281, 3.070173], [101.613419, 3.070346], [101.613421, 3.070487], [101.613481, 3.070486], [101.614343, 3.070313], [101.614342, 3.070173]]]}}, {"type": "Feature", "properties": {}, "geometry": {"type": "Polygon", "coordinates": [[[101.611985, 3.069619], [101.611924, 3.06962], [101.611062, 3.069793], [101.611063, 3.069956], [101.611124, 3.069955], [101.611986, 3.069782], [101.611985, 3.069619]]]}}, {"type": "Feature", "properties": {}, "geometry": {"type": "Polygon", "coordinates": [[[101.611983, 3.069803], [101.611923, 3.069803], [101.611061, 3.069976], [101.611062, 3.07013], [101.611123, 3.070129], [101.611985, 3.069956], [101.611983, 3.069803]]]}}, {"type": "Feature", "properties": {}, "geometry": {"type": "Polygon", "coordinates": [[[101.613548, 3.070175], [101.61344, 3.070176], [101.612578, 3.070349], [101.61258, 3.070489], [101.612688, 3.070488], [101.613549, 3.070314], [101.613548, 3.070175]]]}}, {"type": "Feature", "properties": {}, "geometry": {"type": "Polygon", "coordinates": [[[101.612653, 3.070181], [101.612593, 3.070181], [101.611731, 3.070354], [101.611732, 3.070503], [101.611793, 3.070503], [101.612655, 3.070329], [101.612653, 3.070181]]]}}, {"type": "Feature", "properties": {}, "geometry": {"type": "Polygon", "coordinates": [[[101.612506, 3.063237], [101.612255, 3.063241], [101.611394, 3.063414], [101.611396, 3.063552], [101.611646, 3.063548], [101.612508, 3.063375], [101.612506, 3.063237]]]}}, {"type": "Feature", "properties": {}, "geometry": {"type": "Polygon", "coordinates": [[[101.612502, 3.063384], [101.61232, 3.063389], [101.611458, 3.063562], [101.611463, 3.063715], [101.611644, 3.063711], [101.612506, 3.063537], [101.612502, 3.063384]]]}}, {"type": "Feature", "properties": {}, "geometry": {"type": "Polygon", "coordinates": [[[101.612543, 3.063407], [101.611681, 3.06358], [101.61168, 3.063704], [101.611781, 3.063705], [101.612643, 3.063531], [101.612644, 3.063408], [101.612543, 3.063407]]]}}, {"type": "Feature", "properties": {}, "geometry": {"type": "Polygon", "coordinates": [[[101.61278, 3.063393], [101.612666, 3.063394], [101.611804, 3.063567], [101.611805, 3.063714], [101.611919, 3.063713], [101.612781, 3.06354], [101.61278, 3.063393]]]}}, {"type": "Feature", "properties": {}, "geometry": {"type": "Polygon", "coordinates": [[[101.612914, 3.063394], [101.612805, 3.063395], [101.611943, 3.063568], [101.611944, 3.063714], [101.612053, 3.063713], [101.612915, 3.06354], [101.612914, 3.063394]]]}}, {"type": "Feature", "properties": {}, "geometry": {"type": "Polygon", "coordinates": [[[101.61332, 3.063248], [101.613215, 3.063249], [101.612353, 3.063422], [101.612354, 3.06357], [101.612459, 3.063569], [101.613321, 3.063396], [101.61332, 3.063248]]]}}, {"type": "Feature", "properties": {}, "geometry": {"type": "Polygon", "coordinates": [[[101.613192, 3.063249], [101.61308, 3.063249], [101.612218, 3.063423], [101.612219, 3.06357], [101.612331, 3.063569], [101.613193, 3.063396], [101.613192, 3.063249]]]}}, {"type": "Feature", "properties": {}, "geometry": {"type": "Polygon", "coordinates": [[[101.613053, 3.063259], [101.612943, 3.06326], [101.612082, 3.063433], [101.612083, 3.063575], [101.612192, 3.063574], [101.613054, 3.063401], [101.613053, 3.063259]]]}}, {"type": "Feature", "properties": {}, "geometry": {"type": "Polygon", "coordinates": [[[101.61257, 3.063768], [101.611708, 3.063941], [101.61171, 3.064035], [101.611832, 3.064142], [101.611884, 3.064143], [101.612745, 3.06397], [101.612746, 3.063771], [101.61257, 3.063768]]]}}, {"type": "Feature", "properties": {}, "geometry": {"type": "Polygon", "coordinates": [[[101.613206, 3.063756], [101.612345, 3.063929], [101.612345, 3.064068], [101.612473, 3.064068], [101.613335, 3.063895], [101.613335, 3.063756], [101.613206, 3.063756]]]}}, {"type": "Feature", "properties": {}, "geometry": {"type": "Polygon", "coordinates": [[[101.613057, 3.063741], [101.612195, 3.063915], [101.612195, 3.064065], [101.612306, 3.064065], [101.613168, 3.063891], [101.613168, 3.063741], [101.613057, 3.063741]]]}}, {"type": "Feature", "properties": {}, "geometry": {"type": "Polygon", "coordinates": [[[101.612919, 3.063741], [101.612058, 3.063915], [101.612058, 3.064064], [101.612169, 3.064064], [101.613031, 3.063891], [101.613031, 3.063741], [101.612919, 3.063741]]]}}, {"type": "Feature", "properties": {}, "geometry": {"type": "Polygon", "coordinates": [[[101.612778, 3.063747], [101.611916, 3.06392], [101.611916, 3.064067], [101.612029, 3.064067], [101.612891, 3.063894], [101.612891, 3.063747], [101.612778, 3.063747]]]}}, {"type": "Feature", "properties": {}, "geometry": {"type": "Polygon", "coordinates": [[[101.614213, 3.063248], [101.614106, 3.063248], [101.613244, 3.063422], [101.613245, 3.063568], [101.613352, 3.063568], [101.614214, 3.063395], [101.614213, 3.063248]]]}}, {"type": "Feature", "properties": {}, "geometry": {"type": "Polygon", "coordinates": [[[101.614074, 3.063243], [101.613965, 3.063243], [101.613103, 3.063416], [101.613103, 3.063568], [101.613212, 3.063568], [101.614074, 3.063394], [101.614074, 3.063243]]]}}, {"type": "Feature", "properties": {}, "geometry": {"type": "Polygon", "coordinates": [[[101.613938, 3.063243], [101.613832, 3.063243], [101.61297, 3.063417], [101.61297, 3.063567], [101.613077, 3.063567], [101.613939, 3.063394], [101.613938, 3.063243]]]}}, {"type": "Feature", "properties": {}, "geometry": {"type": "Polygon", "coordinates": [[[101.613802, 3.063247], [101.613693, 3.063247], [101.612831, 3.063421], [101.612831, 3.063567], [101.612941, 3.063567], [101.613803, 3.063394], [101.613802, 3.063247]]]}}, {"type": "Feature", "properties": {}, "geometry": {"type": "Polygon", "coordinates": [[[101.613668, 3.063392], [101.613559, 3.063392], [101.612698, 3.063566], [101.612698, 3.063718], [101.612807, 3.063717], [101.613669, 3.063544], [101.613668, 3.063392]]]}}, {"type": "Feature", "properties": {}, "geometry": {"type": "Polygon", "coordinates": [[[101.614178, 3.064728], [101.613992, 3.064733], [101.61313, 3.064907], [101.613132, 3.065088], [101.613176, 3.065092], [101.614038, 3.064919], [101.614178, 3.064783], [101.614178, 3.064728]]]}}, {"type": "Feature", "properties": {}, "geometry": {"type": "Polygon", "coordinates": [[[101.613959, 3.064744], [101.613851, 3.064745], [101.612989, 3.064918], [101.61299, 3.06506], [101.613099, 3.065059], [101.613961, 3.064886], [101.613959, 3.064744]]]}}, {"type": "Feature", "properties": {}, "geometry": {"type": "Polygon", "coordinates": [[[101.613687, 3.064889], [101.613568, 3.06489], [101.612706, 3.065063], [101.612707, 3.065208], [101.612827, 3.065207], [101.613688, 3.065033], [101.613687, 3.064889]]]}}, {"type": "Feature", "properties": {}, "geometry": {"type": "Polygon", "coordinates": [[[101.613824, 3.064889], [101.61371, 3.064889], [101.612848, 3.065062], [101.612849, 3.065206], [101.612963, 3.065206], [101.613825, 3.065032], [101.613824, 3.064889]]]}}, {"type": "Feature", "properties": {}, "geometry": {"type": "Polygon", "coordinates": [[[101.611933, 3.064231], [101.611879, 3.064231], [101.611017, 3.064405], [101.611017, 3.064526], [101.611072, 3.064526], [101.611934, 3.064353], [101.611933, 3.064231]]]}}, {"type": "Feature", "properties": {}, "geometry": {"type": "Polygon", "coordinates": [[[101.611814, 3.063896], [101.61176, 3.063897], [101.610898, 3.06407], [101.6109, 3.064195], [101.610954, 3.064194], [101.611816, 3.064021], [101.611814, 3.063896]]]}}, {"type": "Feature", "properties": {}, "geometry": {"type": "Polygon", "coordinates": [[[101.612487, 3.064388], [101.612433, 3.064389], [101.611571, 3.064562], [101.611572, 3.064688], [101.611626, 3.064687], [101.612488, 3.064514], [101.612487, 3.064388]]]}}, {"type": "Feature", "properties": {}, "geometry": {"type": "Polygon", "coordinates": [[[101.611954, 3.064727], [101.611899, 3.064728], [101.611037, 3.064901], [101.611037, 3.065022], [101.611092, 3.065022], [101.611954, 3.064849], [101.611954, 3.064727]]]}}, {"type": "Feature", "properties": {}, "geometry": {"type": "Polygon", "coordinates": [[[101.612033, 3.06488], [101.611885, 3.064882], [101.611023, 3.065055], [101.611024, 3.065119], [101.611047, 3.065186], [101.611172, 3.065184], [101.612034, 3.065011], [101.612033, 3.06488]]]}}, {"type": "Feature", "properties": {}, "geometry": {"type": "Polygon", "coordinates": [[[101.611973, 3.065718], [101.611112, 3.065892], [101.611111, 3.06603], [101.611172, 3.066031], [101.612033, 3.065858], [101.612034, 3.065719], [101.611973, 3.065718]]]}}, {"type": "Feature", "properties": {}, "geometry": {"type": "Polygon", "coordinates": [[[101.613244, 3.065712], [101.613182, 3.065713], [101.612321, 3.065886], [101.612322, 3.066023], [101.612383, 3.066023], [101.613245, 3.065849], [101.613244, 3.065712]]]}}, {"type": "Feature", "properties": {}, "geometry": {"type": "Polygon", "coordinates": [[[101.612756, 3.065884], [101.612694, 3.065884], [101.611833, 3.066057], [101.611834, 3.066217], [101.611896, 3.066217], [101.612758, 3.066043], [101.612756, 3.065884]]]}}, {"type": "Feature", "properties": {}, "geometry": {"type": "Polygon", "coordinates": [[[101.611969, 3.065888], [101.611908, 3.065888], [101.611046, 3.066061], [101.611047, 3.066223], [101.611109, 3.066223], [101.611971, 3.06605], [101.611969, 3.065888]]]}}, {"type": "Feature", "properties": {}, "geometry": {"type": "Polygon", "coordinates": [[[101.612753, 3.066271], [101.612691, 3.066271], [101.611829, 3.066444], [101.611831, 3.066588], [101.611892, 3.066587], [101.612754, 3.066414], [101.612753, 3.066271]]]}}, {"type": "Feature", "properties": {}, "geometry": {"type": "Polygon", "coordinates": [[[101.612754, 3.06643], [101.612693, 3.06643], [101.611831, 3.066604], [101.611833, 3.066761], [101.611894, 3.06676], [101.612756, 3.066587], [101.612754, 3.06643]]]}}, {"type": "Feature", "properties": {}, "geometry": {"type": "Polygon", "coordinates": [[[101.611971, 3.06627], [101.61191, 3.06627], [101.611048, 3.066444], [101.61105, 3.066596], [101.611111, 3.066595], [101.611973, 3.066422], [101.611971, 3.06627]]]}}, {"type": "Feature", "properties": {}, "geometry": {"type": "Polygon", "coordinates": [[[101.611971, 3.066439], [101.61191, 3.066439], [101.611048, 3.066612], [101.61105, 3.066772], [101.61111, 3.066772], [101.611972, 3.066598], [101.611971, 3.066439]]]}}, {"type": "Feature", "properties": {}, "geometry": {"type": "Polygon", "coordinates": [[[101.614687, 3.065468], [101.612923, 3.065823], [101.612923, 3.066085], [101.613392, 3.066085], [101.615157, 3.065731], [101.615157, 3.065468], [101.614687, 3.065468]]]}}, {"type": "Feature", "properties": {}, "geometry": {"type": "Polygon", "coordinates": [[[101.614718, 3.065806], [101.612954, 3.066161], [101.612954, 3.066222], [101.613162, 3.066222], [101.614926, 3.065867], [101.614926, 3.065806], [101.614718, 3.065806]]]}}, {"type": "Feature", "properties": {}, "geometry": {"type": "Polygon", "coordinates": [[[101.614973, 3.065804], [101.613209, 3.066159], [101.613209, 3.06622], [101.613415, 3.06622], [101.615179, 3.065866], [101.615179, 3.065804], [101.614973, 3.065804]]]}}, {"type": "Feature", "properties": {}, "geometry": {"type": "Polygon", "coordinates": [[[101.613563, 3.066172], [101.61227, 3.066432], [101.61227, 3.066774], [101.612488, 3.066774], [101.613781, 3.066514], [101.613781, 3.066172], [101.613563, 3.066172]]]}}, {"type": "Feature", "properties": {}, "geometry": {"type": "Polygon", "coordinates": [[[101.614099, 3.062745], [101.614007, 3.062749], [101.613145, 3.062922], [101.613153, 3.063084], [101.613244, 3.06308], [101.614106, 3.062906], [101.614099, 3.062745]]]}}, {"type": "Feature", "properties": {}, "geometry": {"type": "Polygon", "coordinates": [[[101.613878, 3.062773], [101.613789, 3.062774], [101.612927, 3.062948], [101.61293, 3.063109], [101.613019, 3.063108], [101.613881, 3.062935], [101.613878, 3.062773]]]}}, {"type": "Feature", "properties": {}, "geometry": {"type": "Polygon", "coordinates": [[[101.61374, 3.062775], [101.613653, 3.062778], [101.612791, 3.062951], [101.612796, 3.063116], [101.612883, 3.063114], [101.613745, 3.06294], [101.61374, 3.062775]]]}}, {"type": "Feature", "properties": {}, "geometry": {"type": "Polygon", "coordinates": [[[101.612049, 3.062913], [101.611187, 3.063086], [101.611253, 3.063233], [101.611335, 3.063234], [101.612197, 3.063061], [101.612199, 3.062914], [101.612049, 3.062913]]]}}, {"type": "Feature", "properties": {}, "geometry": {"type": "Polygon", "coordinates": [[[101.612354, 3.062884], [101.611492, 3.063057], [101.611489, 3.063223], [101.611579, 3.063225], [101.612441, 3.063052], [101.612444, 3.062886], [101.612354, 3.062884]]]}}, {"type": "Feature", "properties": {}, "geometry": {"type": "Polygon", "coordinates": [[[101.612572, 3.062863], [101.611711, 3.063036], [101.611707, 3.063208], [101.611791, 3.063209], [101.612652, 3.063036], [101.612656, 3.062864], [101.612572, 3.062863]]]}}, {"type": "Feature", "properties": {}, "geometry": {"type": "Polygon", "coordinates": [[[101.612886, 3.062845], [101.612789, 3.062845], [101.611927, 3.063018], [101.611928, 3.063187], [101.612025, 3.063187], [101.612887, 3.063014], [101.612886, 3.062845]]]}}, {"type": "Feature", "properties": {}, "geometry": {"type": "Polygon", "coordinates": [[[101.613107, 3.062815], [101.613012, 3.062815], [101.61215, 3.062988], [101.61215, 3.063003], [101.61215, 3.063172], [101.612245, 3.063171], [101.613107, 3.062998], [101.613107, 3.062815]]]}}, {"type": "Feature", "properties": {}, "geometry": {"type": "Polygon", "coordinates": [[[101.613223, 3.062821], [101.613128, 3.062823], [101.612266, 3.062996], [101.612269, 3.063153], [101.612364, 3.063152], [101.613226, 3.062978], [101.613223, 3.062821]]]}}, {"type": "Feature", "properties": {}, "geometry": {"type": "Polygon", "coordinates": [[[101.612642, 3.062614], [101.612533, 3.062619], [101.611671, 3.062792], [101.61168, 3.063002], [101.611789, 3.062997], [101.612651, 3.062824], [101.612642, 3.062614]]]}}, {"type": "Feature", "properties": {}, "geometry": {"type": "Polygon", "coordinates": [[[101.612502, 3.062631], [101.612373, 3.062635], [101.611511, 3.062808], [101.611517, 3.063003], [101.611646, 3.062999], [101.612508, 3.062826], [101.612502, 3.062631]]]}}, {"type": "Feature", "properties": {}, "geometry": {"type": "Polygon", "coordinates": [[[101.612343, 3.062646], [101.612224, 3.06265], [101.611362, 3.062824], [101.611369, 3.063029], [101.611488, 3.063024], [101.61235, 3.062851], [101.612343, 3.062646]]]}}, {"type": "Feature", "properties": {}, "geometry": {"type": "Polygon", "coordinates": [[[101.612184, 3.06266], [101.612066, 3.062666], [101.611204, 3.062839], [101.611215, 3.063047], [101.611333, 3.063041], [101.612194, 3.062867], [101.612184, 3.06266]]]}}, {"type": "Feature", "properties": {}, "geometry": {"type": "Polygon", "coordinates": [[[101.61201, 3.062689], [101.611898, 3.062695], [101.611036, 3.062868], [101.611047, 3.06307], [101.611159, 3.063064], [101.612021, 3.06289], [101.61201, 3.062689]]]}}, {"type": "Feature", "properties": {}, "geometry": {"type": "Polygon", "coordinates": [[[101.611845, 3.062743], [101.611735, 3.062751], [101.610873, 3.062924], [101.610889, 3.063132], [101.610998, 3.063124], [101.61186, 3.06295], [101.611845, 3.062743]]]}}, {"type": "Feature", "properties": {}, "geometry": {"type": "Polygon", "coordinates": [[[101.611673, 3.062801], [101.611534, 3.062808], [101.610672, 3.062981], [101.610683, 3.063181], [101.610822, 3.063173], [101.611684, 3.063], [101.611673, 3.062801]]]}}, {"type": "Feature", "properties": {}, "geometry": {"type": "Polygon", "coordinates": [[[101.611669, 3.06307], [101.610807, 3.063243], [101.610733, 3.063305], [101.610833, 3.063425], [101.611695, 3.063252], [101.611814, 3.063152], [101.611755, 3.063081], [101.611669, 3.06307]]]}}, {"type": "Feature", "properties": {}, "geometry": {"type": "Polygon", "coordinates": [[[101.611894, 3.063247], [101.611032, 3.063421], [101.61091, 3.06352], [101.610968, 3.063591], [101.61183, 3.063418], [101.611952, 3.063318], [101.611894, 3.063247]]]}}, {"type": "Feature", "properties": {}, "geometry": {"type": "Polygon", "coordinates": [[[101.612027, 3.06342], [101.611165, 3.063593], [101.611046, 3.06369], [101.611104, 3.063761], [101.611966, 3.063588], [101.612085, 3.063491], [101.612027, 3.06342]]]}}, {"type": "Feature", "properties": {}, "geometry": {"type": "Polygon", "coordinates": [[[101.612164, 3.063588], [101.611302, 3.063761], [101.611176, 3.063864], [101.611236, 3.063936], [101.612098, 3.063763], [101.612223, 3.063661], [101.612164, 3.063588]]]}}, {"type": "Feature", "properties": {}, "geometry": {"type": "Polygon", "coordinates": [[[101.612299, 3.063758], [101.611437, 3.063931], [101.611315, 3.06403], [101.611375, 3.064104], [101.612237, 3.06393], [101.612359, 3.063831], [101.612299, 3.063758]]]}}, {"type": "Feature", "properties": {}, "geometry": {"type": "Polygon", "coordinates": [[[101.612435, 3.063932], [101.611573, 3.064106], [101.611453, 3.064204], [101.611514, 3.064278], [101.612376, 3.064105], [101.612496, 3.064007], [101.612435, 3.063932]]]}}, {"type": "Feature", "properties": {}, "geometry": {"type": "Polygon", "coordinates": [[[101.612573, 3.064104], [101.611711, 3.064277], [101.611588, 3.064377], [101.611648, 3.06445], [101.612509, 3.064277], [101.612632, 3.064177], [101.612573, 3.064104]]]}}, {"type": "Feature", "properties": {}, "geometry": {"type": "Polygon", "coordinates": [[[101.612698, 3.064294], [101.611836, 3.064467], [101.611734, 3.06455], [101.611797, 3.064626], [101.612658, 3.064452], [101.61276, 3.064369], [101.612698, 3.064294]]]}}, {"type": "Feature", "properties": {}, "geometry": {"type": "Polygon", "coordinates": [[[101.612841, 3.064452], [101.611979, 3.064625], [101.611862, 3.064721], [101.611923, 3.064795], [101.612784, 3.064622], [101.612902, 3.064526], [101.612841, 3.064452]]]}}, {"type": "Feature", "properties": {}, "geometry": {"type": "Polygon", "coordinates": [[[101.612965, 3.064622], [101.612103, 3.064795], [101.611976, 3.0649], [101.612035, 3.064971], [101.612897, 3.064797], [101.613024, 3.064692], [101.612965, 3.064622]]]}}, {"type": "Feature", "properties": {}, "geometry": {"type": "Polygon", "coordinates": [[[101.613107, 3.064793], [101.612245, 3.064967], [101.612114, 3.065076], [101.612172, 3.065145], [101.613034, 3.064972], [101.613165, 3.064863], [101.613107, 3.064793]]]}}, {"type": "Feature", "properties": {}, "geometry": {"type": "Polygon", "coordinates": [[[101.606464, 3.062604], [101.605602, 3.062778], [101.60552, 3.062912], [101.605725, 3.063038], [101.606587, 3.062864], [101.606669, 3.06273], [101.606464, 3.062604]]]}}, {"type": "Feature", "properties": {}, "geometry": {"type": "Polygon", "coordinates": [[[101.606373, 3.062768], [101.605511, 3.062941], [101.605426, 3.06308], [101.605637, 3.063209], [101.606499, 3.063036], [101.606584, 3.062897], [101.606373, 3.062768]]]}}, {"type": "Feature", "properties": {}, "geometry": {"type": "Polygon", "coordinates": [[[101.606275, 3.062954], [101.605413, 3.063127], [101.605327, 3.063267], [101.605532, 3.063392], [101.606394, 3.063219], [101.60648, 3.06308], [101.606275, 3.062954]]]}}, {"type": "Feature", "properties": {}, "geometry": {"type": "Polygon", "coordinates": [[[101.606181, 3.063112], [101.605319, 3.063285], [101.60523, 3.063429], [101.60543, 3.063552], [101.606292, 3.063378], [101.606381, 3.063234], [101.606181, 3.063112]]]}}, {"type": "Feature", "properties": {}, "geometry": {"type": "Polygon", "coordinates": [[[101.606787, 3.062812], [101.605925, 3.062985], [101.605834, 3.063134], [101.606059, 3.063272], [101.606921, 3.063099], [101.607012, 3.06295], [101.606787, 3.062812]]]}}, {"type": "Feature", "properties": {}, "geometry": {"type": "Polygon", "coordinates": [[[101.606679, 3.062979], [101.605817, 3.063152], [101.605721, 3.063308], [101.605954, 3.063451], [101.606816, 3.063277], [101.606912, 3.063121], [101.606679, 3.062979]]]}}, {"type": "Feature", "properties": {}, "geometry": {"type": "Polygon", "coordinates": [[[101.606548, 3.063184], [101.605686, 3.063357], [101.605597, 3.063502], [101.605825, 3.063642], [101.606687, 3.063469], [101.606776, 3.063324], [101.606548, 3.063184]]]}}, {"type": "Feature", "properties": {}, "geometry": {"type": "Polygon", "coordinates": [[[101.606443, 3.063347], [101.605581, 3.063521], [101.605499, 3.063655], [101.605729, 3.063796], [101.606591, 3.063622], [101.606673, 3.063488], [101.606443, 3.063347]]]}}, {"type": "Feature", "properties": {}, "geometry": {"type": "Polygon", "coordinates": [[[101.607108, 3.062867], [101.606246, 3.06304], [101.606157, 3.063185], [101.606347, 3.063301], [101.607209, 3.063128], [101.607298, 3.062983], [101.607108, 3.062867]]]}}, {"type": "Feature", "properties": {}, "geometry": {"type": "Polygon", "coordinates": [[[101.607006, 3.063036], [101.606144, 3.06321], [101.60605, 3.063363], [101.606248, 3.063484], [101.60711, 3.063311], [101.607204, 3.063158], [101.607006, 3.063036]]]}}, {"type": "Feature", "properties": {}, "geometry": {"type": "Polygon", "coordinates": [[[101.60688, 3.06324], [101.606018, 3.063413], [101.605932, 3.063553], [101.606141, 3.063681], [101.607003, 3.063508], [101.607089, 3.063368], [101.60688, 3.06324]]]}}, {"type": "Feature", "properties": {}, "geometry": {"type": "Polygon", "coordinates": [[[101.606778, 3.063405], [101.605917, 3.063578], [101.605822, 3.063732], [101.606034, 3.063863], [101.606896, 3.063689], [101.606991, 3.063535], [101.606778, 3.063405]]]}}, {"type": "Feature", "properties": {}, "geometry": {"type": "Polygon", "coordinates": [[[101.606661, 3.063588], [101.605799, 3.063761], [101.605708, 3.063909], [101.605917, 3.064037], [101.606779, 3.063864], [101.60687, 3.063716], [101.606661, 3.063588]]]}}, {"type": "Feature", "properties": {}, "geometry": {"type": "Polygon", "coordinates": [[[101.607431, 3.063056], [101.606569, 3.063229], [101.606482, 3.063371], [101.606676, 3.06349], [101.607538, 3.063317], [101.607625, 3.063175], [101.607431, 3.063056]]]}}, {"type": "Feature", "properties": {}, "geometry": {"type": "Polygon", "coordinates": [[[101.607338, 3.063231], [101.606476, 3.063404], [101.606385, 3.063552], [101.606587, 3.063675], [101.607449, 3.063502], [101.607539, 3.063354], [101.607338, 3.063231]]]}}, {"type": "Feature", "properties": {}, "geometry": {"type": "Polygon", "coordinates": [[[101.607235, 3.063403], [101.606373, 3.063576], [101.606273, 3.063741], [101.606477, 3.063866], [101.607339, 3.063693], [101.60744, 3.063528], [101.607235, 3.063403]]]}}, {"type": "Feature", "properties": {}, "geometry": {"type": "Polygon", "coordinates": [[[101.607104, 3.063599], [101.606242, 3.063772], [101.606156, 3.063912], [101.606365, 3.06404], [101.607227, 3.063867], [101.607313, 3.063727], [101.607104, 3.063599]]]}}, {"type": "Feature", "properties": {}, "geometry": {"type": "Polygon", "coordinates": [[[101.607006, 3.063761], [101.606144, 3.063934], [101.606053, 3.064083], [101.606264, 3.064213], [101.607126, 3.06404], [101.607217, 3.06389], [101.607006, 3.063761]]]}}, {"type": "Feature", "properties": {}, "geometry": {"type": "Polygon", "coordinates": [[[101.607722, 3.063129], [101.606861, 3.063302], [101.606774, 3.063443], [101.606952, 3.063552], [101.607814, 3.063379], [101.6079, 3.063238], [101.607722, 3.063129]]]}}, {"type": "Feature", "properties": {}, "geometry": {"type": "Polygon", "coordinates": [[[101.607632, 3.063298], [101.606771, 3.063471], [101.606681, 3.063616], [101.606848, 3.063718], [101.60771, 3.063545], [101.607799, 3.0634], [101.607632, 3.063298]]]}}, {"type": "Feature", "properties": {}, "geometry": {"type": "Polygon", "coordinates": [[[101.607528, 3.063471], [101.606666, 3.063645], [101.606578, 3.063787], [101.606762, 3.0639], [101.607624, 3.063727], [101.607711, 3.063584], [101.607528, 3.063471]]]}}, {"type": "Feature", "properties": {}, "geometry": {"type": "Polygon", "coordinates": [[[101.607429, 3.063638], [101.606567, 3.063811], [101.606478, 3.063957], [101.606668, 3.064074], [101.60753, 3.063901], [101.60762, 3.063755], [101.607429, 3.063638]]]}}, {"type": "Feature", "properties": {}, "geometry": {"type": "Polygon", "coordinates": [[[101.607319, 3.06381], [101.606457, 3.063983], [101.60637, 3.064125], [101.606569, 3.064245], [101.607431, 3.064072], [101.607517, 3.06393], [101.607319, 3.06381]]]}}, {"type": "Feature", "properties": {}, "geometry": {"type": "Polygon", "coordinates": [[[101.607212, 3.063984], [101.60635, 3.064157], [101.606275, 3.064288], [101.606475, 3.064403], [101.607336, 3.064229], [101.607412, 3.064099], [101.607212, 3.063984]]]}}, {"type": "Feature", "properties": {}, "geometry": {"type": "Polygon", "coordinates": [[[101.607789, 3.063827], [101.606927, 3.064], [101.606848, 3.064127], [101.607043, 3.064249], [101.607905, 3.064076], [101.607985, 3.063949], [101.607789, 3.063827]]]}}, {"type": "Feature", "properties": {}, "geometry": {"type": "Polygon", "coordinates": [[[101.608103, 3.063265], [101.607241, 3.063438], [101.607176, 3.063581], [101.607382, 3.063674], [101.608244, 3.0635], [101.608308, 3.063357], [101.608103, 3.063265]]]}}, {"type": "Feature", "properties": {}, "geometry": {"type": "Polygon", "coordinates": [[[101.607831, 3.062826], [101.606969, 3.063], [101.606934, 3.063159], [101.607124, 3.063201], [101.607986, 3.063028], [101.608022, 3.062869], [101.607831, 3.062826]]]}}, {"type": "Feature", "properties": {}, "geometry": {"type": "Polygon", "coordinates": [[[101.608189, 3.06304], [101.607327, 3.063213], [101.607281, 3.063349], [101.607492, 3.063422], [101.608353, 3.063248], [101.6084, 3.063113], [101.608189, 3.06304]]]}}, {"type": "Feature", "properties": {}, "geometry": {"type": "Polygon", "coordinates": [[[101.615687, 3.075559], [101.614826, 3.075732], [101.614824, 3.075922], [101.614907, 3.075922], [101.615769, 3.075749], [101.61577, 3.075559], [101.615687, 3.075559]]]}}, {"type": "Feature", "properties": {}, "geometry": {"type": "Polygon", "coordinates": [[[101.615687, 3.07578], [101.614825, 3.075954], [101.614824, 3.076144], [101.614907, 3.076144], [101.615769, 3.075971], [101.61577, 3.075781], [101.615687, 3.07578]]]}}, {"type": "Feature", "properties": {}, "geometry": {"type": "Polygon", "coordinates": [[[101.616576, 3.074986], [101.614812, 3.075341], [101.614812, 3.075546], [101.615548, 3.075546], [101.617312, 3.075191], [101.617312, 3.074986], [101.616576, 3.074986]]]}}, {"type": "Feature", "properties": {}, "geometry": {"type": "Polygon", "coordinates": [[[101.616562, 3.074453], [101.614798, 3.074808], [101.614798, 3.075013], [101.615534, 3.075013], [101.617298, 3.074658], [101.617298, 3.074453], [101.616562, 3.074453]]]}}, {"type": "Feature", "properties": {}, "geometry": {"type": "Polygon", "coordinates": [[[101.615535, 3.074998], [101.615245, 3.074999], [101.613952, 3.075259], [101.613953, 3.075402], [101.614243, 3.075401], [101.615535, 3.075141], [101.615535, 3.074998]]]}}, {"type": "Feature", "properties": {}, "geometry": {"type": "Polygon", "coordinates": [[[101.615761, 3.075503], [101.613997, 3.075858], [101.613997, 3.076512], [101.614184, 3.076512], [101.615948, 3.076158], [101.615948, 3.075503], [101.615761, 3.075503]]]}}, {"type": "Feature", "properties": {}, "geometry": {"type": "Polygon", "coordinates": [[[101.615692, 3.075127], [101.613928, 3.075482], [101.613926, 3.075668], [101.614582, 3.075673], [101.616346, 3.075319], [101.616348, 3.075132], [101.615692, 3.075127]]]}}, {"type": "Feature", "properties": {}, "geometry": {"type": "Polygon", "coordinates": [[[101.615799, 3.071518], [101.615733, 3.071519], [101.614871, 3.071692], [101.614872, 3.071838], [101.614937, 3.071838], [101.615799, 3.071664], [101.615799, 3.071518]]]}}, {"type": "Feature", "properties": {}, "geometry": {"type": "Polygon", "coordinates": [[[101.61574, 3.072014], [101.614878, 3.072187], [101.614878, 3.072343], [101.614934, 3.072343], [101.615796, 3.07217], [101.615796, 3.072014], [101.61574, 3.072014]]]}}, {"type": "Feature", "properties": {}, "geometry": {"type": "Polygon", "coordinates": [[[101.615799, 3.072513], [101.615744, 3.072513], [101.614882, 3.072686], [101.614882, 3.072843], [101.614938, 3.072843], [101.6158, 3.07267], [101.615799, 3.072513]]]}}, {"type": "Feature", "properties": {}, "geometry": {"type": "Polygon", "coordinates": [[[101.616564, 3.073736], [101.616502, 3.073736], [101.614886, 3.074061], [101.614886, 3.074279], [101.614949, 3.074279], [101.616565, 3.073954], [101.616564, 3.073736]]]}}, {"type": "Feature", "properties": {}, "geometry": {"type": "Polygon", "coordinates": [[[101.616565, 3.073473], [101.616504, 3.073474], [101.614887, 3.073799], [101.614888, 3.074022], [101.614949, 3.074021], [101.616566, 3.073696], [101.616565, 3.073473]]]}}, {"type": "Feature", "properties": {}, "geometry": {"type": "Polygon", "coordinates": [[[101.615799, 3.073013], [101.615744, 3.073014], [101.614882, 3.073187], [101.614882, 3.073347], [101.614937, 3.073347], [101.615799, 3.073174], [101.615799, 3.073013]]]}}, {"type": "Feature", "properties": {}, "geometry": {"type": "Polygon", "coordinates": [[[101.614778, 3.070754], [101.614722, 3.070754], [101.61386, 3.070927], [101.613861, 3.071063], [101.613916, 3.071063], [101.614778, 3.07089], [101.614778, 3.070754]]]}}, {"type": "Feature", "properties": {}, "geometry": {"type": "Polygon", "coordinates": [[[101.615497, 3.070918], [101.615442, 3.070918], [101.61458, 3.071091], [101.614581, 3.071238], [101.614636, 3.071238], [101.615498, 3.071065], [101.615497, 3.070918]]]}}, {"type": "Feature", "properties": {}, "geometry": {"type": "Polygon", "coordinates": [[[101.614779, 3.071252], [101.614723, 3.071252], [101.613862, 3.071426], [101.613862, 3.071562], [101.613917, 3.071562], [101.614779, 3.071389], [101.614779, 3.071252]]]}}, {"type": "Feature", "properties": {}, "geometry": {"type": "Polygon", "coordinates": [[[101.615492, 3.071908], [101.615437, 3.071908], [101.614576, 3.072081], [101.614576, 3.072225], [101.61463, 3.072225], [101.615492, 3.072052], [101.615492, 3.071908]]]}}, {"type": "Feature", "properties": {}, "geometry": {"type": "Polygon", "coordinates": [[[101.614723, 3.071737], [101.613862, 3.07191], [101.613862, 3.072062], [101.613917, 3.072062], [101.614779, 3.071889], [101.614779, 3.071737], [101.614723, 3.071737]]]}}, {"type": "Feature", "properties": {}, "geometry": {"type": "Polygon", "coordinates": [[[101.615499, 3.07241], [101.615444, 3.07241], [101.614582, 3.072583], [101.614582, 3.072725], [101.614637, 3.072725], [101.615499, 3.072551], [101.615499, 3.07241]]]}}, {"type": "Feature", "properties": {}, "geometry": {"type": "Polygon", "coordinates": [[[101.614726, 3.072243], [101.613864, 3.072417], [101.613865, 3.072565], [101.61392, 3.072565], [101.614781, 3.072391], [101.614781, 3.072243], [101.614726, 3.072243]]]}}, {"type": "Feature", "properties": {}, "geometry": {"type": "Polygon", "coordinates": [[[101.614787, 3.072739], [101.614731, 3.072739], [101.61387, 3.072912], [101.61387, 3.073058], [101.613925, 3.073058], [101.614787, 3.072884], [101.614787, 3.072739]]]}}, {"type": "Feature", "properties": {}, "geometry": {"type": "Polygon", "coordinates": [[[101.615507, 3.072908], [101.615452, 3.072908], [101.61459, 3.073081], [101.61459, 3.073224], [101.614645, 3.073224], [101.615507, 3.073051], [101.615507, 3.072908]]]}}, {"type": "Feature", "properties": {}, "geometry": {"type": "Polygon", "coordinates": [[[101.615458, 3.073907], [101.614597, 3.07408], [101.614597, 3.074222], [101.614653, 3.074222], [101.615515, 3.074049], [101.615515, 3.073907], [101.615458, 3.073907]]]}}, {"type": "Feature", "properties": {}, "geometry": {"type": "Polygon", "coordinates": [[[101.615073, 3.073742], [101.61496, 3.073743], [101.614098, 3.073916], [101.614099, 3.074056], [101.614212, 3.074055], [101.615074, 3.073882], [101.615073, 3.073742]]]}}, {"type": "Feature", "properties": {}, "geometry": {"type": "Polygon", "coordinates": [[[101.615495, 3.073407], [101.615441, 3.073407], [101.614579, 3.07358], [101.614579, 3.073723], [101.614633, 3.073723], [101.615495, 3.07355], [101.615495, 3.073407]]]}}, {"type": "Feature", "properties": {}, "geometry": {"type": "Polygon", "coordinates": [[[101.614787, 3.073242], [101.614732, 3.073243], [101.61387, 3.073416], [101.61387, 3.073555], [101.613925, 3.073555], [101.614787, 3.073381], [101.614787, 3.073242]]]}}, {"type": "Feature", "properties": {}, "geometry": {"type": "Polygon", "coordinates": [[[101.613024, 3.064692], [101.612162, 3.064865], [101.612035, 3.064971], [101.612093, 3.065041], [101.612955, 3.064868], [101.613082, 3.064762], [101.613024, 3.064692]]]}}, {"type": "Feature", "properties": {}, "geometry": {"type": "Polygon", "coordinates": [[[101.612778, 3.063894], [101.611916, 3.064067], [101.611916, 3.064214], [101.612029, 3.064214], [101.612891, 3.064041], [101.612891, 3.063894], [101.612778, 3.063894]]]}}, {"type": "Feature", "properties": {}, "geometry": {"type": "Polygon", "coordinates": [[[101.612919, 3.063891], [101.612058, 3.064064], [101.612058, 3.064213], [101.612169, 3.064213], [101.613031, 3.06404], [101.613031, 3.063891], [101.612919, 3.063891]]]}}, {"type": "Feature", "properties": {}, "geometry": {"type": "Polygon", "coordinates": [[[101.613057, 3.063891], [101.612195, 3.064065], [101.612195, 3.064214], [101.612306, 3.064214], [101.613168, 3.064041], [101.613168, 3.063891], [101.613057, 3.063891]]]}}, {"type": "Feature", "properties": {}, "geometry": {"type": "Polygon", "coordinates": [[[101.613206, 3.063895], [101.612345, 3.064068], [101.612345, 3.064206], [101.612473, 3.064206], [101.613335, 3.064033], [101.613335, 3.063895], [101.613206, 3.063895]]]}}, {"type": "Feature", "properties": {}, "geometry": {"type": "Polygon", "coordinates": [[[101.613054, 3.063401], [101.612944, 3.063402], [101.612083, 3.063575], [101.612083, 3.063717], [101.612193, 3.063716], [101.613055, 3.063543], [101.613054, 3.063401]]]}}, {"type": "Feature", "properties": {}, "geometry": {"type": "Polygon", "coordinates": [[[101.613321, 3.063396], [101.613216, 3.063397], [101.612354, 3.06357], [101.612355, 3.063718], [101.61246, 3.063717], [101.613322, 3.063544], [101.613321, 3.063396]]]}}, {"type": "Feature", "properties": {}, "geometry": {"type": "Polygon", "coordinates": [[[101.613193, 3.063396], [101.613081, 3.063396], [101.612219, 3.06357], [101.61222, 3.063717], [101.612332, 3.063716], [101.613194, 3.063542], [101.613193, 3.063396]]]}}, {"type": "Feature", "properties": {}, "geometry": {"type": "Polygon", "coordinates": [[[101.613012, 3.06283], [101.612917, 3.06283], [101.612055, 3.063003], [101.612055, 3.063172], [101.61215, 3.063172], [101.613012, 3.062999], [101.613012, 3.06283]]]}}, {"type": "Feature", "properties": {}, "geometry": {"type": "Polygon", "coordinates": [[[101.613165, 3.064863], [101.612303, 3.065036], [101.612172, 3.065145], [101.61223, 3.065215], [101.613092, 3.065042], [101.613223, 3.064933], [101.613165, 3.064863]]]}}, {"type": "Feature", "properties": {}, "geometry": {"type": "Polygon", "coordinates": [[[101.613961, 3.064886], [101.613852, 3.064887], [101.61299, 3.06506], [101.612991, 3.065202], [101.613101, 3.065201], [101.613963, 3.065028], [101.613961, 3.064886]]]}}, {"type": "Feature", "properties": {}, "geometry": {"type": "Polygon", "coordinates": [[[101.613823, 3.064745], [101.613709, 3.064745], [101.612847, 3.064919], [101.612848, 3.065062], [101.612962, 3.065062], [101.613824, 3.064889], [101.613823, 3.064745]]]}}, {"type": "Feature", "properties": {}, "geometry": {"type": "Polygon", "coordinates": [[[101.613686, 3.064745], [101.613567, 3.064746], [101.612705, 3.064919], [101.612706, 3.065063], [101.612826, 3.065063], [101.613687, 3.064889], [101.613686, 3.064745]]]}}, {"type": "Feature", "properties": {}, "geometry": {"type": "Polygon", "coordinates": [[[101.614229, 3.064235], [101.614122, 3.064235], [101.61326, 3.064409], [101.61326, 3.064555], [101.613368, 3.064555], [101.614229, 3.064381], [101.614229, 3.064235]]]}}, {"type": "Feature", "properties": {}, "geometry": {"type": "Polygon", "coordinates": [[[101.61409, 3.064381], [101.613981, 3.064382], [101.613119, 3.064555], [101.613119, 3.064703], [101.613228, 3.064703], [101.61409, 3.06453], [101.61409, 3.064381]]]}}, {"type": "Feature", "properties": {}, "geometry": {"type": "Polygon", "coordinates": [[[101.613818, 3.064381], [101.613709, 3.064381], [101.612847, 3.064554], [101.612848, 3.064704], [101.612957, 3.064704], [101.613819, 3.064531], [101.613818, 3.064381]]]}}, {"type": "Feature", "properties": {}, "geometry": {"type": "Polygon", "coordinates": [[[101.613684, 3.064379], [101.613575, 3.064379], [101.612713, 3.064553], [101.612714, 3.064705], [101.612822, 3.064704], [101.613684, 3.064531], [101.613684, 3.064379]]]}}, {"type": "Feature", "properties": {}, "geometry": {"type": "Polygon", "coordinates": [[[101.613818, 3.064234], [101.613708, 3.064234], [101.612847, 3.064408], [101.612847, 3.064554], [101.612956, 3.064554], [101.613818, 3.064381], [101.613818, 3.064234]]]}}, {"type": "Feature", "properties": {}, "geometry": {"type": "Polygon", "coordinates": [[[101.613954, 3.06423], [101.613847, 3.06423], [101.612985, 3.064404], [101.612986, 3.064554], [101.613092, 3.064554], [101.613954, 3.064381], [101.613954, 3.06423]]]}}, {"type": "Feature", "properties": {}, "geometry": {"type": "Polygon", "coordinates": [[[101.614089, 3.06423], [101.61398, 3.06423], [101.613118, 3.064403], [101.613119, 3.064555], [101.613228, 3.064555], [101.61409, 3.064381], [101.614089, 3.06423]]]}}, {"type": "Feature", "properties": {}, "geometry": {"type": "Polygon", "coordinates": [[[101.614229, 3.064381], [101.614122, 3.064382], [101.61326, 3.064555], [101.613261, 3.064703], [101.613368, 3.064703], [101.61423, 3.064529], [101.614229, 3.064381]]]}}, {"type": "Feature", "properties": {}, "geometry": {"type": "Polygon", "coordinates": [[[101.613683, 3.064227], [101.613575, 3.064227], [101.612713, 3.064401], [101.612713, 3.064553], [101.612822, 3.064552], [101.613684, 3.064379], [101.613683, 3.064227]]]}}, {"type": "Feature", "properties": {}, "geometry": {"type": "Polygon", "coordinates": [[[101.613954, 3.064381], [101.613848, 3.064381], [101.612986, 3.064554], [101.612987, 3.064704], [101.613093, 3.064703], [101.613955, 3.06453], [101.613954, 3.064381]]]}}, {"type": "Feature", "properties": {}, "geometry": {"type": "Polygon", "coordinates": [[[101.614214, 3.063751], [101.614107, 3.063751], [101.613245, 3.063925], [101.613246, 3.064071], [101.613353, 3.064071], [101.614215, 3.063897], [101.614214, 3.063751]]]}}, {"type": "Feature", "properties": {}, "geometry": {"type": "Polygon", "coordinates": [[[101.614075, 3.063897], [101.613966, 3.063898], [101.613104, 3.064071], [101.613105, 3.064219], [101.613214, 3.064219], [101.614075, 3.064046], [101.614075, 3.063897]]]}}, {"type": "Feature", "properties": {}, "geometry": {"type": "Polygon", "coordinates": [[[101.613803, 3.063897], [101.613694, 3.063897], [101.612832, 3.06407], [101.612833, 3.06422], [101.612942, 3.06422], [101.613804, 3.064047], [101.613803, 3.063897]]]}}, {"type": "Feature", "properties": {}, "geometry": {"type": "Polygon", "coordinates": [[[101.613669, 3.063895], [101.61356, 3.063895], [101.612698, 3.064068], [101.612699, 3.064221], [101.612808, 3.06422], [101.61367, 3.064047], [101.613669, 3.063895]]]}}, {"type": "Feature", "properties": {}, "geometry": {"type": "Polygon", "coordinates": [[[101.613803, 3.06375], [101.613694, 3.06375], [101.612832, 3.063924], [101.612832, 3.06407], [101.612942, 3.06407], [101.613803, 3.063897], [101.613803, 3.06375]]]}}, {"type": "Feature", "properties": {}, "geometry": {"type": "Polygon", "coordinates": [[[101.613939, 3.063746], [101.613833, 3.063746], [101.612971, 3.063919], [101.612971, 3.06407], [101.613078, 3.06407], [101.61394, 3.063897], [101.613939, 3.063746]]]}}, {"type": "Feature", "properties": {}, "geometry": {"type": "Polygon", "coordinates": [[[101.614074, 3.063746], [101.613966, 3.063746], [101.613104, 3.063919], [101.613104, 3.064071], [101.613213, 3.064071], [101.614075, 3.063897], [101.614074, 3.063746]]]}}, {"type": "Feature", "properties": {}, "geometry": {"type": "Polygon", "coordinates": [[[101.614215, 3.063897], [101.614108, 3.063898], [101.613246, 3.064071], [101.613246, 3.064219], [101.613353, 3.064219], [101.614215, 3.064045], [101.614215, 3.063897]]]}}, {"type": "Feature", "properties": {}, "geometry": {"type": "Polygon", "coordinates": [[[101.613669, 3.063743], [101.61356, 3.063743], [101.612698, 3.063917], [101.612698, 3.064068], [101.612807, 3.064068], [101.613669, 3.063895], [101.613669, 3.063743]]]}}, {"type": "Feature", "properties": {}, "geometry": {"type": "Polygon", "coordinates": [[[101.61394, 3.063897], [101.613833, 3.063897], [101.612971, 3.06407], [101.612972, 3.06422], [101.613078, 3.06422], [101.61394, 3.064046], [101.61394, 3.063897]]]}}, {"type": "Feature", "properties": {}, "geometry": {"type": "Polygon", "coordinates": [[[101.614214, 3.063395], [101.614107, 3.063395], [101.613245, 3.063568], [101.613245, 3.063716], [101.613353, 3.063716], [101.614214, 3.063542], [101.614214, 3.063395]]]}}, {"type": "Feature", "properties": {}, "geometry": {"type": "Polygon", "coordinates": [[[101.614074, 3.063394], [101.613965, 3.063395], [101.613103, 3.063568], [101.613104, 3.063716], [101.613213, 3.063716], [101.614075, 3.063543], [101.614074, 3.063394]]]}}, {"type": "Feature", "properties": {}, "geometry": {"type": "Polygon", "coordinates": [[[101.613939, 3.063394], [101.613832, 3.063394], [101.61297, 3.063567], [101.612971, 3.063717], [101.613077, 3.063717], [101.613939, 3.063543], [101.613939, 3.063394]]]}}, {"type": "Feature", "properties": {}, "geometry": {"type": "Polygon", "coordinates": [[[101.613803, 3.063394], [101.613693, 3.063394], [101.612831, 3.063567], [101.612832, 3.063717], [101.612941, 3.063717], [101.613803, 3.063544], [101.613803, 3.063394]]]}}, {"type": "Feature", "properties": {}, "geometry": {"type": "Polygon", "coordinates": [[[101.613668, 3.06324], [101.613559, 3.06324], [101.612697, 3.063414], [101.612698, 3.063566], [101.612806, 3.063565], [101.613668, 3.063392], [101.613668, 3.06324]]]}}, {"type": "Feature", "properties": {}, "geometry": {"type": "Polygon", "coordinates": [[[101.606415, 3.068789], [101.60614, 3.06879], [101.604848, 3.06905], [101.604849, 3.069577], [101.605123, 3.069577], [101.606416, 3.069317], [101.606415, 3.069063], [101.606415, 3.068789]]]}}, {"type": "Feature", "properties": {}, "geometry": {"type": "Polygon", "coordinates": [[[101.601291, 3.062974], [101.600536, 3.063125], [101.600508, 3.063195], [101.600489, 3.063268], [101.600487, 3.063295], [101.60067, 3.063365], [101.601424, 3.063213], [101.601458, 3.063096], [101.601458, 3.063065], [101.601291, 3.062974]]]}}, {"type": "Feature", "properties": {}, "geometry": {"type": "Polygon", "coordinates": [[[101.61168, 3.066323], [101.61062, 3.066342], [101.608856, 3.066697], [101.608763, 3.066719], [101.608765, 3.066864], [101.608788, 3.066911], [101.60903, 3.066907], [101.609777, 3.06688], [101.611541, 3.066525], [101.611576, 3.066509], [101.611682, 3.066449], [101.61168, 3.066323]]]}}, {"type": "Feature", "properties": {}, "geometry": {"type": "Polygon", "coordinates": [[[101.611797, 3.06678], [101.61164, 3.066795], [101.6116, 3.066802], [101.609836, 3.067157], [101.609705, 3.067204], [101.609023, 3.067531], [101.608934, 3.067575], [101.609026, 3.067762], [101.610791, 3.067408], [101.610915, 3.06738], [101.611095, 3.067295], [101.611863, 3.066916], [101.611797, 3.06678]]]}}, {"type": "Feature", "properties": {}, "geometry": {"type": "Polygon", "coordinates": [[[101.606456, 3.070448], [101.605163, 3.070708], [101.605127, 3.070734], [101.605365, 3.071066], [101.605634, 3.0713], [101.605712, 3.071305], [101.607005, 3.071045], [101.607096, 3.07096], [101.60716, 3.070784], [101.607057, 3.070641], [101.606456, 3.070448]]]}}, {"type": "Feature", "properties": {}, "geometry": {"type": "Polygon", "coordinates": [[[101.605832, 3.071592], [101.605564, 3.071599], [101.604271, 3.071859], [101.604272, 3.071909], [101.60454, 3.071903], [101.605833, 3.071643], [101.605832, 3.071592]]]}}, {"type": "Feature", "properties": {}, "geometry": {"type": "Polygon", "coordinates": [[[101.605428, 3.071355], [101.605384, 3.071356], [101.604091, 3.071616], [101.604095, 3.071742], [101.604139, 3.07174], [101.605432, 3.07148], [101.605428, 3.071355]]]}}, {"type": "Feature", "properties": {}, "geometry": {"type": "Polygon", "coordinates": [[[101.606147, 3.071687], [101.60576, 3.071701], [101.604467, 3.071961], [101.60447, 3.072044], [101.604857, 3.072029], [101.60615, 3.071769], [101.606147, 3.071687]]]}}, {"type": "Feature", "properties": {}, "geometry": {"type": "Polygon", "coordinates": [[[101.606302, 3.071839], [101.606215, 3.071841], [101.604922, 3.072101], [101.604926, 3.072288], [101.605013, 3.072286], [101.606306, 3.072026], [101.606302, 3.071839]]]}}, {"type": "Feature", "properties": {}, "geometry": {"type": "Polygon", "coordinates": [[[101.606325, 3.072029], [101.606218, 3.072033], [101.604925, 3.072293], [101.604932, 3.072458], [101.605039, 3.072453], [101.606332, 3.072193], [101.606325, 3.072029]]]}}, {"type": "Feature", "properties": {}, "geometry": {"type": "Polygon", "coordinates": [[[101.606238, 3.071524], [101.604945, 3.071784], [101.604877, 3.07187], [101.604869, 3.072081], [101.604928, 3.072083], [101.60622, 3.071823], [101.606293, 3.071684], [101.6063, 3.071527], [101.606238, 3.071524]]]}}, {"type": "Feature", "properties": {}, "geometry": {"type": "Polygon", "coordinates": [[[101.60618, 3.073277], [101.605803, 3.073353], [101.605811, 3.073545], [101.606193, 3.073546], [101.60657, 3.07347], [101.606568, 3.073284], [101.60618, 3.073277]]]}}, {"type": "Feature", "properties": {}, "geometry": {"type": "Polygon", "coordinates": [[[101.609729, 3.068958], [101.608436, 3.069218], [101.608263, 3.069778], [101.608344, 3.069797], [101.609636, 3.069537], [101.609813, 3.068981], [101.609729, 3.068958]]]}}, {"type": "Feature", "properties": {}, "geometry": {"type": "Polygon", "coordinates": [[[101.609925, 3.069635], [101.608633, 3.069895], [101.608551, 3.070013], [101.608668, 3.070093], [101.609961, 3.069833], [101.610042, 3.069715], [101.609925, 3.069635]]]}}, {"type": "Feature", "properties": {}, "geometry": {"type": "Polygon", "coordinates": [[[101.612065, 3.066293], [101.611864, 3.066327], [101.6101, 3.066682], [101.610074, 3.066733], [101.610037, 3.066815], [101.61005, 3.066896], [101.610099, 3.067073], [101.610247, 3.06714], [101.610281, 3.067155], [101.610347, 3.067143], [101.612112, 3.066789], [101.612166, 3.066763], [101.612261, 3.066619], [101.61222, 3.06638], [101.612065, 3.066293]]]}}, {"type": "Feature", "properties": {}, "geometry": {"type": "Polygon", "coordinates": [[[101.609429, 3.07137], [101.609401, 3.071372], [101.608108, 3.071632], [101.608083, 3.071643], [101.608062, 3.071662], [101.608048, 3.071686], [101.608042, 3.071713], [101.608045, 3.07174], [101.608056, 3.071766], [101.608075, 3.071786], [101.608102, 3.0718], [101.609395, 3.07154], [101.609502, 3.071422], [101.609479, 3.07139], [101.609456, 3.071376], [101.609429, 3.07137]]]}}, {"type": "Feature", "properties": {}, "geometry": {"type": "Polygon", "coordinates": [[[101.599035, 3.073542], [101.598912, 3.073549], [101.598589, 3.073614], [101.598597, 3.073946], [101.598714, 3.073942], [101.599037, 3.073878], [101.599035, 3.073542]]]}}, {"type": "Feature", "properties": {}, "geometry": {"type": "Polygon", "coordinates": [[[101.60019, 3.073356], [101.59991, 3.073359], [101.598294, 3.073684], [101.598296, 3.074035], [101.598375, 3.074034], [101.598576, 3.074002], [101.600192, 3.073677], [101.60019, 3.073356]]]}}, {"type": "Feature", "properties": {}, "geometry": {"type": "Polygon", "coordinates": [[[101.60033, 3.073618], [101.600213, 3.073621], [101.598597, 3.073946], [101.598597, 3.074028], [101.598715, 3.074026], [101.600331, 3.073701], [101.60033, 3.073618]]]}}, {"type": "Feature", "properties": {}, "geometry": {"type": "Polygon", "coordinates": [[[101.615797, 3.064734], [101.614504, 3.064994], [101.614504, 3.065249], [101.614646, 3.065249], [101.615939, 3.064989], [101.615939, 3.064734], [101.615797, 3.064734]]]}}, {"type": "Feature", "properties": {}, "geometry": {"type": "Polygon", "coordinates": [[[101.616918, 3.064436], [101.616488, 3.064438], [101.614724, 3.064793], [101.614727, 3.065299], [101.615473, 3.065295], [101.617237, 3.064941], [101.617236, 3.064707], [101.616918, 3.064436]]]}}, {"type": "Feature", "properties": {}, "geometry": {"type": "Polygon", "coordinates": [[[101.615013, 3.063421], [101.614151, 3.063595], [101.61415, 3.063755], [101.614211, 3.063755], [101.615073, 3.063582], [101.615074, 3.063422], [101.615013, 3.063421]]]}}, {"type": "Feature", "properties": {}, "geometry": {"type": "Polygon", "coordinates": [[[101.615711, 3.064001], [101.614849, 3.064175], [101.614849, 3.064316], [101.614911, 3.064316], [101.615773, 3.064143], [101.615773, 3.064001], [101.615711, 3.064001]]]}}, {"type": "Feature", "properties": {}, "geometry": {"type": "Polygon", "coordinates": [[[101.615366, 3.064194], [101.614504, 3.064367], [101.614503, 3.064522], [101.614563, 3.064523], [101.615425, 3.06435], [101.615426, 3.064194], [101.615366, 3.064194]]]}}, {"type": "Feature", "properties": {}, "geometry": {"type": "Polygon", "coordinates": [[[101.614879, 3.063995], [101.614817, 3.063995], [101.613956, 3.064168], [101.613957, 3.064319], [101.614018, 3.064319], [101.61488, 3.064145], [101.614879, 3.063995]]]}}, {"type": "Feature", "properties": {}, "geometry": {"type": "Polygon", "coordinates": [[[101.615162, 3.064579], [101.615007, 3.064582], [101.614145, 3.064755], [101.614146, 3.064818], [101.614302, 3.064815], [101.615164, 3.064641], [101.615162, 3.064579]]]}}, {"type": "Feature", "properties": {}, "geometry": {"type": "Polygon", "coordinates": [[[101.614972, 3.064579], [101.614811, 3.06458], [101.613949, 3.064754], [101.61395, 3.064815], [101.614111, 3.064814], [101.614973, 3.064641], [101.614972, 3.064579]]]}}, {"type": "Feature", "properties": {}, "geometry": {"type": "Polygon", "coordinates": [[[101.615698, 3.065354], [101.615638, 3.065354], [101.614776, 3.065527], [101.614777, 3.065692], [101.614837, 3.065692], [101.615699, 3.065519], [101.615698, 3.065354]]]}}, {"type": "Feature", "properties": {}, "geometry": {"type": "Polygon", "coordinates": [[[101.614819, 3.065746], [101.613957, 3.065919], [101.613957, 3.066065], [101.614018, 3.066065], [101.61488, 3.065892], [101.61488, 3.065746], [101.614819, 3.065746]]]}}, {"type": "Feature", "properties": {}, "geometry": {"type": "Polygon", "coordinates": [[[101.615245, 3.065924], [101.614383, 3.066098], [101.614383, 3.066253], [101.614444, 3.066253], [101.615306, 3.06608], [101.615306, 3.065924], [101.615245, 3.065924]]]}}, {"type": "Feature", "properties": {}, "geometry": {"type": "Polygon", "coordinates": [[[101.615311, 3.066476], [101.615249, 3.066476], [101.614388, 3.06665], [101.614389, 3.066786], [101.614451, 3.066785], [101.615313, 3.066612], [101.615311, 3.066476]]]}}, {"type": "Feature", "properties": {}, "geometry": {"type": "Polygon", "coordinates": [[[101.614817, 3.066295], [101.613956, 3.066469], [101.613956, 3.066617], [101.614017, 3.066617], [101.614879, 3.066444], [101.614879, 3.066295], [101.614817, 3.066295]]]}}, {"type": "Feature", "properties": {}, "geometry": {"type": "Polygon", "coordinates": [[[101.615796, 3.066848], [101.615734, 3.066848], [101.614872, 3.067022], [101.614873, 3.067176], [101.614935, 3.067176], [101.615797, 3.067003], [101.615796, 3.066848]]]}}, {"type": "Feature", "properties": {}, "geometry": {"type": "Polygon", "coordinates": [[[101.615621, 3.067022], [101.614759, 3.067195], [101.614758, 3.067362], [101.61482, 3.067362], [101.615682, 3.067189], [101.615683, 3.067022], [101.615621, 3.067022]]]}}, {"type": "Feature", "properties": {}, "geometry": {"type": "Polygon", "coordinates": [[[101.614816, 3.066843], [101.613955, 3.067017], [101.613954, 3.067166], [101.614016, 3.067167], [101.614878, 3.066993], [101.614878, 3.066844], [101.614816, 3.066843]]]}}, {"type": "Feature", "properties": {}, "geometry": {"type": "Polygon", "coordinates": [[[101.61477, 3.06766], [101.614683, 3.06766], [101.613821, 3.067834], [101.613822, 3.067985], [101.613908, 3.067985], [101.61477, 3.067812], [101.61477, 3.06766]]]}}, {"type": "Feature", "properties": {}, "geometry": {"type": "Polygon", "coordinates": [[[101.615425, 3.067844], [101.614564, 3.068017], [101.614563, 3.068172], [101.614674, 3.068173], [101.615536, 3.067999], [101.615537, 3.067845], [101.615425, 3.067844]]]}}, {"type": "Feature", "properties": {}, "geometry": {"type": "Polygon", "coordinates": [[[101.615726, 3.067663], [101.614864, 3.067836], [101.614863, 3.067986], [101.614918, 3.067986], [101.61578, 3.067813], [101.61578, 3.067663], [101.615726, 3.067663]]]}}, {"type": "Feature", "properties": {}, "geometry": {"type": "Polygon", "coordinates": [[[101.615691, 3.068156], [101.614829, 3.068329], [101.614829, 3.068484], [101.61492, 3.068485], [101.615781, 3.068311], [101.615782, 3.068156], [101.615691, 3.068156]]]}}, {"type": "Feature", "properties": {}, "geometry": {"type": "Polygon", "coordinates": [[[101.61466, 3.068162], [101.613798, 3.068336], [101.613797, 3.068487], [101.613904, 3.068487], [101.614766, 3.068314], [101.614767, 3.068163], [101.61466, 3.068162]]]}}, {"type": "Feature", "properties": {}, "geometry": {"type": "Polygon", "coordinates": [[[101.615426, 3.068341], [101.614564, 3.068514], [101.614562, 3.068674], [101.614617, 3.068675], [101.615479, 3.068502], [101.615481, 3.068341], [101.615426, 3.068341]]]}}, {"type": "Feature", "properties": {}, "geometry": {"type": "Polygon", "coordinates": [[[101.615895, 3.068654], [101.615789, 3.068654], [101.614928, 3.068827], [101.614928, 3.068985], [101.615034, 3.068984], [101.615896, 3.068811], [101.615895, 3.068654]]]}}, {"type": "Feature", "properties": {}, "geometry": {"type": "Polygon", "coordinates": [[[101.614713, 3.068653], [101.613851, 3.068827], [101.61385, 3.068982], [101.613905, 3.068983], [101.614766, 3.068809], [101.614768, 3.068654], [101.614713, 3.068653]]]}}, {"type": "Feature", "properties": {}, "geometry": {"type": "Polygon", "coordinates": [[[101.615429, 3.068838], [101.614567, 3.069011], [101.614566, 3.069141], [101.614621, 3.069142], [101.615482, 3.068969], [101.615483, 3.068839], [101.615429, 3.068838]]]}}, {"type": "Feature", "properties": {}, "geometry": {"type": "Polygon", "coordinates": [[[101.615789, 3.069167], [101.615734, 3.069168], [101.614873, 3.069341], [101.614873, 3.069483], [101.614928, 3.069483], [101.61579, 3.06931], [101.615789, 3.069167]]]}}, {"type": "Feature", "properties": {}, "geometry": {"type": "Polygon", "coordinates": [[[101.614723, 3.069177], [101.613861, 3.069351], [101.61386, 3.069478], [101.613916, 3.069479], [101.614777, 3.069306], [101.614778, 3.069178], [101.614723, 3.069177]]]}}, {"type": "Feature", "properties": {}, "geometry": {"type": "Polygon", "coordinates": [[[101.614719, 3.069325], [101.613857, 3.069498], [101.613856, 3.06963], [101.613911, 3.069631], [101.614773, 3.069458], [101.614774, 3.069326], [101.614719, 3.069325]]]}}, {"type": "Feature", "properties": {}, "geometry": {"type": "Polygon", "coordinates": [[[101.615744, 3.069666], [101.614882, 3.069839], [101.614882, 3.069976], [101.614936, 3.069976], [101.615798, 3.069803], [101.615798, 3.069666], [101.615744, 3.069666]]]}}, {"type": "Feature", "properties": {}, "geometry": {"type": "Polygon", "coordinates": [[[101.615791, 3.070162], [101.615736, 3.070163], [101.614874, 3.070337], [101.614876, 3.070471], [101.614931, 3.07047], [101.615793, 3.070297], [101.615791, 3.070162]]]}}, {"type": "Feature", "properties": {}, "geometry": {"type": "Polygon", "coordinates": [[[101.615232, 3.073676], [101.613939, 3.073936], [101.613844, 3.074021], [101.614002, 3.074196], [101.615294, 3.073936], [101.615389, 3.073851], [101.615232, 3.073676]]]}}, {"type": "Feature", "properties": {}, "geometry": {"type": "Polygon", "coordinates": [[[101.601565, 3.066803], [101.600959, 3.066819], [101.599666, 3.067079], [101.599658, 3.067154], [101.599669, 3.067547], [101.600334, 3.06755], [101.601627, 3.06729], [101.601643, 3.066945], [101.601565, 3.066803]]]}}, {"type": "Feature", "properties": {}, "geometry": {"type": "Polygon", "coordinates": [[[101.603214, 3.066382], [101.60314, 3.066385], [101.601847, 3.066645], [101.601847, 3.066671], [101.601848, 3.066771], [101.601927, 3.066771], [101.60322, 3.066511], [101.603214, 3.066382]]]}}, {"type": "Feature", "properties": {}, "geometry": {"type": "Polygon", "coordinates": [[[101.603089, 3.06667], [101.601796, 3.06693], [101.601788, 3.06695], [101.601785, 3.066977], [101.602097, 3.066979], [101.603389, 3.06672], [101.603392, 3.066674], [101.603089, 3.06667]]]}}, {"type": "Feature", "properties": {}, "geometry": {"type": "Polygon", "coordinates": [[[101.605884, 3.065467], [101.604591, 3.065727], [101.60458, 3.066114], [101.604913, 3.066123], [101.606206, 3.065863], [101.606217, 3.065476], [101.605884, 3.065467]]]}}, {"type": "Feature", "properties": {}, "geometry": {"type": "Polygon", "coordinates": [[[101.612038, 3.063281], [101.611452, 3.063285], [101.609688, 3.06364], [101.609691, 3.06415], [101.610277, 3.064146], [101.612042, 3.063791], [101.612038, 3.063281]]]}}, {"type": "Feature", "properties": {}, "geometry": {"type": "Polygon", "coordinates": [[[101.612033, 3.06271], [101.611447, 3.062715], [101.609683, 3.063069], [101.609686, 3.06358], [101.610273, 3.063576], [101.612037, 3.063221], [101.612033, 3.06271]]]}}, {"type": "Feature", "properties": {}, "geometry": {"type": "Polygon", "coordinates": [[[101.608121, 3.06288], [101.607367, 3.063032], [101.607323, 3.063169], [101.607548, 3.063241], [101.608303, 3.063089], [101.608347, 3.062951], [101.608121, 3.06288]]]}}, {"type": "Feature", "properties": {}, "geometry": {"type": "Polygon", "coordinates": [[[101.598858, 3.06341], [101.597094, 3.063765], [101.597099, 3.065059], [101.597488, 3.065066], [101.599252, 3.064712], [101.599269, 3.06342], [101.598858, 3.06341]]]}}, {"type": "Feature", "properties": {}, "geometry": {"type": "Polygon", "coordinates": [[[101.610945, 3.074059], [101.610211, 3.074068], [101.608447, 3.074423], [101.608449, 3.074606], [101.609183, 3.074597], [101.610948, 3.074243], [101.610945, 3.074059]]]}}, {"type": "Feature", "properties": {}, "geometry": {"type": "Polygon", "coordinates": [[[101.611837, 3.074245], [101.611103, 3.074254], [101.609339, 3.074609], [101.609341, 3.074793], [101.610075, 3.074784], [101.611839, 3.074429], [101.611837, 3.074245]]]}}, {"type": "Feature", "properties": {}, "geometry": {"type": "Polygon", "coordinates": [[[101.61184, 3.0746], [101.611106, 3.074609], [101.609341, 3.074964], [101.609344, 3.075147], [101.610078, 3.075138], [101.611842, 3.074784], [101.61184, 3.0746]]]}}, {"type": "Feature", "properties": {}, "geometry": {"type": "Polygon", "coordinates": [[[101.61132, 3.07562], [101.610027, 3.07588], [101.610026, 3.07597], [101.610086, 3.075971], [101.611379, 3.075711], [101.61138, 3.075621], [101.61132, 3.07562]]]}}, {"type": "Feature", "properties": {}, "geometry": {"type": "Polygon", "coordinates": [[[101.610584, 3.074504], [101.61045, 3.074505], [101.608686, 3.07486], [101.60869, 3.075506], [101.608824, 3.075505], [101.610588, 3.075151], [101.610584, 3.074504]]]}}, {"type": "Feature", "properties": {}, "geometry": {"type": "Polygon", "coordinates": [[[101.609641, 3.074492], [101.609507, 3.074493], [101.607743, 3.074848], [101.607747, 3.075494], [101.607881, 3.075493], [101.609645, 3.075139], [101.609641, 3.074492]]]}}, {"type": "Feature", "properties": {}, "geometry": {"type": "Polygon", "coordinates": [[[101.613637, 3.075078], [101.613449, 3.075079], [101.612156, 3.075339], [101.61216, 3.075913], [101.612348, 3.075912], [101.613641, 3.075652], [101.613637, 3.075078]]]}}, {"type": "Feature", "properties": {}, "geometry": {"type": "Polygon", "coordinates": [[[101.615852, 3.075781], [101.614991, 3.075954], [101.61499, 3.076144], [101.615032, 3.076144], [101.615893, 3.075971], [101.615894, 3.075781], [101.615852, 3.075781]]]}}, {"type": "Feature", "properties": {}, "geometry": {"type": "Polygon", "coordinates": [[[101.615811, 3.075781], [101.614949, 3.075954], [101.614949, 3.076144], [101.61499, 3.076144], [101.615852, 3.075971], [101.615852, 3.075781], [101.615811, 3.075781]]]}}, {"type": "Feature", "properties": {}, "geometry": {"type": "Polygon", "coordinates": [[[101.61577, 3.075781], [101.614908, 3.075954], [101.614907, 3.076144], [101.614949, 3.076144], [101.615811, 3.075971], [101.615811, 3.075781], [101.61577, 3.075781]]]}}, {"type": "Feature", "properties": {}, "geometry": {"type": "Polygon", "coordinates": [[[101.615853, 3.07556], [101.614991, 3.075733], [101.61499, 3.075923], [101.615031, 3.075923], [101.615893, 3.07575], [101.615895, 3.07556], [101.615853, 3.07556]]]}}, {"type": "Feature", "properties": {}, "geometry": {"type": "Polygon", "coordinates": [[[101.615812, 3.07556], [101.61495, 3.075733], [101.614948, 3.075923], [101.61499, 3.075923], [101.615852, 3.07575], [101.615853, 3.07556], [101.615812, 3.07556]]]}}, {"type": "Feature", "properties": {}, "geometry": {"type": "Polygon", "coordinates": [[[101.61577, 3.075559], [101.614908, 3.075732], [101.614907, 3.075922], [101.614948, 3.075923], [101.61581, 3.07575], [101.615812, 3.07556], [101.61577, 3.075559]]]}}, {"type": "Feature", "properties": {}, "geometry": {"type": "Polygon", "coordinates": [[[101.608984, 3.066274], [101.608153, 3.066281], [101.606861, 3.06654], [101.606864, 3.066727], [101.608137, 3.067099], [101.609429, 3.066839], [101.609487, 3.06664], [101.608984, 3.066274]]]}}, {"type": "Feature", "properties": {}, "geometry": {"type": "Polygon", "coordinates": [[[101.61472, 3.071411], [101.613858, 3.071584], [101.613857, 3.071722], [101.613913, 3.071722], [101.614775, 3.071549], [101.614776, 3.071411], [101.61472, 3.071411]]]}}, {"type": "Feature", "properties": {}, "geometry": {"type": "Polygon", "coordinates": [[[101.607946, 3.07311], [101.607515, 3.073197], [101.607459, 3.073249], [101.607464, 3.0736], [101.607688, 3.073598], [101.608119, 3.073512], [101.608117, 3.073162], [101.608068, 3.07311], [101.607946, 3.07311]]]}}, {"type": "Feature", "properties": {}, "geometry": {"type": "Polygon", "coordinates": [[[101.610736, 3.073246], [101.609443, 3.073506], [101.609433, 3.073557], [101.609576, 3.073582], [101.610869, 3.073322], [101.610878, 3.073271], [101.610736, 3.073246]]]}}, {"type": "Feature", "properties": {}, "geometry": {"type": "Polygon", "coordinates": [[[101.612097, 3.06488], [101.612033, 3.06488], [101.611171, 3.065054], [101.611172, 3.065184], [101.611237, 3.065184], [101.612098, 3.065011], [101.612097, 3.06488]]]}}, {"type": "Feature", "properties": {}, "geometry": {"type": "Polygon", "coordinates": [[[101.612162, 3.064879], [101.612097, 3.06488], [101.611235, 3.065053], [101.611237, 3.065184], [101.611301, 3.065183], [101.612163, 3.06501], [101.612162, 3.064879]]]}}, {"type": "Feature", "properties": {}, "geometry": {"type": "Polygon", "coordinates": [[[101.612226, 3.064879], [101.612162, 3.064879], [101.6113, 3.065053], [101.611301, 3.065183], [101.611366, 3.065183], [101.612227, 3.06501], [101.612226, 3.064879]]]}}, {"type": "Feature", "properties": {}, "geometry": {"type": "Polygon", "coordinates": [[[101.612291, 3.064878], [101.612226, 3.064879], [101.611364, 3.065052], [101.611366, 3.065183], [101.61143, 3.065182], [101.612292, 3.065009], [101.612291, 3.064878]]]}}, {"type": "Feature", "properties": {}, "geometry": {"type": "Polygon", "coordinates": [[[101.612355, 3.064878], [101.612291, 3.064878], [101.611429, 3.065051], [101.61143, 3.065182], [101.611494, 3.065182], [101.612356, 3.065008], [101.612355, 3.064878]]]}}, {"type": "Feature", "properties": {}, "geometry": {"type": "Polygon", "coordinates": [[[101.61242, 3.064877], [101.612355, 3.064878], [101.611493, 3.065051], [101.611494, 3.065182], [101.611559, 3.065181], [101.612421, 3.065008], [101.61242, 3.064877]]]}}, {"type": "Feature", "properties": {}, "geometry": {"type": "Polygon", "coordinates": [[[101.612484, 3.064876], [101.61242, 3.064877], [101.611558, 3.06505], [101.611559, 3.065181], [101.611623, 3.06518], [101.612485, 3.065007], [101.612484, 3.064876]]]}}, {"type": "Feature", "properties": {}, "geometry": {"type": "Polygon", "coordinates": [[[101.612548, 3.064876], [101.612484, 3.064876], [101.611622, 3.06505], [101.611623, 3.06518], [101.611688, 3.06518], [101.61255, 3.065007], [101.612548, 3.064876]]]}}, {"type": "Feature", "properties": {}, "geometry": {"type": "Polygon", "coordinates": [[[101.612613, 3.064875], [101.612548, 3.064876], [101.611687, 3.065049], [101.611688, 3.06518], [101.611752, 3.065179], [101.612614, 3.065006], [101.612613, 3.064875]]]}}, {"type": "Feature", "properties": {}, "geometry": {"type": "Polygon", "coordinates": [[[101.612677, 3.064875], [101.612613, 3.064875], [101.611751, 3.065049], [101.611752, 3.065179], [101.611817, 3.065179], [101.612679, 3.065006], [101.612677, 3.064875]]]}}, {"type": "Feature", "properties": {}, "geometry": {"type": "Polygon", "coordinates": [[[101.612742, 3.064874], [101.612677, 3.064875], [101.611816, 3.065048], [101.611817, 3.065179], [101.611881, 3.065178], [101.612743, 3.065005], [101.612742, 3.064874]]]}}, {"type": "Feature", "properties": {}, "geometry": {"type": "Polygon", "coordinates": [[[101.612806, 3.064874], [101.612742, 3.064874], [101.61188, 3.065047], [101.611881, 3.065178], [101.611946, 3.065178], [101.612807, 3.065004], [101.612806, 3.064874]]]}}, {"type": "Feature", "properties": {}, "geometry": {"type": "Polygon", "coordinates": [[[101.612902, 3.064873], [101.612806, 3.064874], [101.611945, 3.065047], [101.611946, 3.065178], [101.612041, 3.065177], [101.612903, 3.065004], [101.612902, 3.064873]]]}}, {"type": "Feature", "properties": {}, "geometry": {"type": "Polygon", "coordinates": [[[101.612742, 3.064724], [101.612666, 3.064724], [101.611804, 3.064897], [101.611805, 3.065018], [101.611937, 3.065018], [101.612799, 3.064845], [101.612799, 3.064795], [101.612742, 3.064724]]]}}, {"type": "Feature", "properties": {}, "geometry": {"type": "Polygon", "coordinates": [[[101.612666, 3.064724], [101.612611, 3.064724], [101.61175, 3.064898], [101.61175, 3.065019], [101.611805, 3.065018], [101.612667, 3.064845], [101.612666, 3.064724]]]}}, {"type": "Feature", "properties": {}, "geometry": {"type": "Polygon", "coordinates": [[[101.612611, 3.064724], [101.612557, 3.064725], [101.611695, 3.064898], [101.611695, 3.065019], [101.61175, 3.065019], [101.612612, 3.064845], [101.612611, 3.064724]]]}}, {"type": "Feature", "properties": {}, "geometry": {"type": "Polygon", "coordinates": [[[101.612557, 3.064725], [101.612502, 3.064725], [101.61164, 3.064898], [101.61164, 3.065019], [101.611695, 3.065019], [101.612557, 3.064846], [101.612557, 3.064725]]]}}, {"type": "Feature", "properties": {}, "geometry": {"type": "Polygon", "coordinates": [[[101.612502, 3.064725], [101.612447, 3.064725], [101.611585, 3.064898], [101.611586, 3.06502], [101.61164, 3.065019], [101.612502, 3.064846], [101.612502, 3.064725]]]}}, {"type": "Feature", "properties": {}, "geometry": {"type": "Polygon", "coordinates": [[[101.612447, 3.064725], [101.612392, 3.064725], [101.61153, 3.064899], [101.611531, 3.06502], [101.611586, 3.06502], [101.612448, 3.064846], [101.612447, 3.064725]]]}}, {"type": "Feature", "properties": {}, "geometry": {"type": "Polygon", "coordinates": [[[101.612392, 3.064725], [101.612337, 3.064726], [101.611475, 3.064899], [101.611476, 3.06502], [101.611531, 3.06502], [101.612393, 3.064847], [101.612392, 3.064725]]]}}, {"type": "Feature", "properties": {}, "geometry": {"type": "Polygon", "coordinates": [[[101.612337, 3.064726], [101.612282, 3.064726], [101.611421, 3.064899], [101.611421, 3.06502], [101.611476, 3.06502], [101.612338, 3.064847], [101.612337, 3.064726]]]}}, {"type": "Feature", "properties": {}, "geometry": {"type": "Polygon", "coordinates": [[[101.612282, 3.064726], [101.612228, 3.064726], [101.611366, 3.064899], [101.611366, 3.065021], [101.611421, 3.06502], [101.612283, 3.064847], [101.612282, 3.064726]]]}}, {"type": "Feature", "properties": {}, "geometry": {"type": "Polygon", "coordinates": [[[101.612228, 3.064726], [101.612173, 3.064726], [101.611311, 3.0649], [101.611312, 3.065021], [101.611366, 3.065021], [101.612228, 3.064847], [101.612228, 3.064726]]]}}, {"type": "Feature", "properties": {}, "geometry": {"type": "Polygon", "coordinates": [[[101.612173, 3.064726], [101.612118, 3.064727], [101.611256, 3.0649], [101.611257, 3.065021], [101.611312, 3.065021], [101.612173, 3.064848], [101.612173, 3.064726]]]}}, {"type": "Feature", "properties": {}, "geometry": {"type": "Polygon", "coordinates": [[[101.612118, 3.064727], [101.612063, 3.064727], [101.611201, 3.0649], [101.611202, 3.065021], [101.611257, 3.065021], [101.612119, 3.064848], [101.612118, 3.064727]]]}}, {"type": "Feature", "properties": {}, "geometry": {"type": "Polygon", "coordinates": [[[101.612063, 3.064727], [101.612008, 3.064727], [101.611147, 3.0649], [101.611147, 3.065022], [101.611202, 3.065021], [101.612064, 3.064848], [101.612063, 3.064727]]]}}, {"type": "Feature", "properties": {}, "geometry": {"type": "Polygon", "coordinates": [[[101.612008, 3.064727], [101.611954, 3.064727], [101.611092, 3.064901], [101.611092, 3.065022], [101.611147, 3.065022], [101.612009, 3.064848], [101.612008, 3.064727]]]}}, {"type": "Feature", "properties": {}, "geometry": {"type": "Polygon", "coordinates": [[[101.611945, 3.064393], [101.61189, 3.064394], [101.611029, 3.064567], [101.61103, 3.064693], [101.611084, 3.064692], [101.611946, 3.064519], [101.611945, 3.064393]]]}}, {"type": "Feature", "properties": {}, "geometry": {"type": "Polygon", "coordinates": [[[101.611999, 3.064393], [101.611945, 3.064393], [101.611083, 3.064567], [101.611084, 3.064692], [101.611138, 3.064692], [101.612, 3.064518], [101.611999, 3.064393]]]}}, {"type": "Feature", "properties": {}, "geometry": {"type": "Polygon", "coordinates": [[[101.612053, 3.064392], [101.611999, 3.064393], [101.611137, 3.064566], [101.611138, 3.064692], [101.611192, 3.064691], [101.612054, 3.064518], [101.612053, 3.064392]]]}}, {"type": "Feature", "properties": {}, "geometry": {"type": "Polygon", "coordinates": [[[101.612107, 3.064392], [101.612053, 3.064392], [101.611191, 3.064566], [101.611192, 3.064691], [101.611247, 3.064691], [101.612109, 3.064517], [101.612107, 3.064392]]]}}, {"type": "Feature", "properties": {}, "geometry": {"type": "Polygon", "coordinates": [[[101.612162, 3.064391], [101.612107, 3.064392], [101.611245, 3.064565], [101.611247, 3.064691], [101.611301, 3.06469], [101.612163, 3.064517], [101.612162, 3.064391]]]}}, {"type": "Feature", "properties": {}, "geometry": {"type": "Polygon", "coordinates": [[[101.612216, 3.064391], [101.612162, 3.064391], [101.6113, 3.064564], [101.611301, 3.06469], [101.611355, 3.06469], [101.612217, 3.064516], [101.612216, 3.064391]]]}}, {"type": "Feature", "properties": {}, "geometry": {"type": "Polygon", "coordinates": [[[101.61227, 3.06439], [101.612216, 3.064391], [101.611354, 3.064564], [101.611355, 3.06469], [101.611409, 3.064689], [101.612271, 3.064516], [101.61227, 3.06439]]]}}, {"type": "Feature", "properties": {}, "geometry": {"type": "Polygon", "coordinates": [[[101.612324, 3.06439], [101.61227, 3.06439], [101.611408, 3.064564], [101.611409, 3.064689], [101.611464, 3.064689], [101.612326, 3.064515], [101.612324, 3.06439]]]}}, {"type": "Feature", "properties": {}, "geometry": {"type": "Polygon", "coordinates": [[[101.612379, 3.064389], [101.612324, 3.06439], [101.611463, 3.064563], [101.611464, 3.064689], [101.611518, 3.064688], [101.61238, 3.064515], [101.612379, 3.064389]]]}}, {"type": "Feature", "properties": {}, "geometry": {"type": "Polygon", "coordinates": [[[101.612433, 3.064389], [101.612379, 3.064389], [101.611517, 3.064563], [101.611518, 3.064688], [101.611572, 3.064688], [101.612434, 3.064514], [101.612433, 3.064389]]]}}, {"type": "Feature", "properties": {}, "geometry": {"type": "Polygon", "coordinates": [[[101.612314, 3.06423], [101.612259, 3.06423], [101.611397, 3.064403], [101.611398, 3.064525], [101.611452, 3.064525], [101.612314, 3.064352], [101.612314, 3.06423]]]}}, {"type": "Feature", "properties": {}, "geometry": {"type": "Polygon", "coordinates": [[[101.612259, 3.06423], [101.612205, 3.06423], [101.611343, 3.064404], [101.611344, 3.064525], [101.611398, 3.064525], [101.61226, 3.064352], [101.612259, 3.06423]]]}}, {"type": "Feature", "properties": {}, "geometry": {"type": "Polygon", "coordinates": [[[101.612205, 3.06423], [101.612151, 3.06423], [101.611289, 3.064404], [101.611289, 3.064525], [101.611344, 3.064525], [101.612205, 3.064352], [101.612205, 3.06423]]]}}, {"type": "Feature", "properties": {}, "geometry": {"type": "Polygon", "coordinates": [[[101.612151, 3.06423], [101.612096, 3.064231], [101.611234, 3.064404], [101.611235, 3.064526], [101.611289, 3.064525], [101.612151, 3.064352], [101.612151, 3.06423]]]}}, {"type": "Feature", "properties": {}, "geometry": {"type": "Polygon", "coordinates": [[[101.612096, 3.064231], [101.612042, 3.064231], [101.61118, 3.064404], [101.61118, 3.064526], [101.611235, 3.064526], [101.612097, 3.064352], [101.612096, 3.064231]]]}}, {"type": "Feature", "properties": {}, "geometry": {"type": "Polygon", "coordinates": [[[101.612042, 3.064231], [101.611987, 3.064231], [101.611126, 3.064404], [101.611126, 3.064526], [101.61118, 3.064526], [101.612042, 3.064353], [101.612042, 3.064231]]]}}, {"type": "Feature", "properties": {}, "geometry": {"type": "Polygon", "coordinates": [[[101.611987, 3.064231], [101.611933, 3.064231], [101.611071, 3.064404], [101.611072, 3.064526], [101.611126, 3.064526], [101.611988, 3.064353], [101.611987, 3.064231]]]}}, {"type": "Feature", "properties": {}, "geometry": {"type": "Polygon", "coordinates": [[[101.612086, 3.063892], [101.612031, 3.063893], [101.61117, 3.064066], [101.611171, 3.064191], [101.611226, 3.06419], [101.612087, 3.064017], [101.612086, 3.063892]]]}}, {"type": "Feature", "properties": {}, "geometry": {"type": "Polygon", "coordinates": [[[101.612031, 3.063893], [101.611977, 3.063894], [101.611115, 3.064067], [101.611117, 3.064192], [101.611171, 3.064191], [101.612033, 3.064017], [101.612031, 3.063893]]]}}, {"type": "Feature", "properties": {}, "geometry": {"type": "Polygon", "coordinates": [[[101.611977, 3.063894], [101.611923, 3.063894], [101.611061, 3.064068], [101.611063, 3.064192], [101.611117, 3.064192], [101.611979, 3.064018], [101.611977, 3.063894]]]}}, {"type": "Feature", "properties": {}, "geometry": {"type": "Polygon", "coordinates": [[[101.611923, 3.063894], [101.611869, 3.063895], [101.611007, 3.064068], [101.611008, 3.064193], [101.611063, 3.064192], [101.611925, 3.064019], [101.611923, 3.063894]]]}}, {"type": "Feature", "properties": {}, "geometry": {"type": "Polygon", "coordinates": [[[101.611869, 3.063895], [101.611814, 3.063896], [101.610952, 3.064069], [101.610954, 3.064194], [101.611008, 3.064193], [101.61187, 3.06402], [101.611869, 3.063895]]]}}, {"type": "Feature", "properties": {}, "geometry": {"type": "Polygon", "coordinates": [[[101.611814, 3.063152], [101.610952, 3.063325], [101.610833, 3.063425], [101.610893, 3.063496], [101.611755, 3.063322], [101.611874, 3.063223], [101.611814, 3.063152]]]}}, {"type": "Feature", "properties": {}, "geometry": {"type": "Polygon", "coordinates": [[[101.611952, 3.063318], [101.611091, 3.063492], [101.610968, 3.063591], [101.611027, 3.063663], [101.611889, 3.063489], [101.612011, 3.06339], [101.611952, 3.063318]]]}}, {"type": "Feature", "properties": {}, "geometry": {"type": "Polygon", "coordinates": [[[101.612085, 3.063491], [101.611223, 3.063664], [101.611104, 3.063761], [101.611162, 3.063833], [101.612024, 3.063659], [101.612143, 3.063562], [101.612085, 3.063491]]]}}, {"type": "Feature", "properties": {}, "geometry": {"type": "Polygon", "coordinates": [[[101.612223, 3.063661], [101.611361, 3.063834], [101.611236, 3.063936], [101.611295, 3.064009], [101.612157, 3.063836], [101.612283, 3.063733], [101.612223, 3.063661]]]}}, {"type": "Feature", "properties": {}, "geometry": {"type": "Polygon", "coordinates": [[[101.612359, 3.063831], [101.611497, 3.064004], [101.611375, 3.064104], [101.611436, 3.064177], [101.612298, 3.064004], [101.612419, 3.063905], [101.612359, 3.063831]]]}}, {"type": "Feature", "properties": {}, "geometry": {"type": "Polygon", "coordinates": [[[101.612496, 3.064007], [101.611634, 3.06418], [101.611514, 3.064278], [101.611575, 3.064353], [101.612437, 3.064179], [101.612557, 3.064081], [101.612496, 3.064007]]]}}, {"type": "Feature", "properties": {}, "geometry": {"type": "Polygon", "coordinates": [[[101.612632, 3.064177], [101.61177, 3.06435], [101.611648, 3.06445], [101.611707, 3.064522], [101.612569, 3.064349], [101.612691, 3.064249], [101.612632, 3.064177]]]}}, {"type": "Feature", "properties": {}, "geometry": {"type": "Polygon", "coordinates": [[[101.61276, 3.064369], [101.611898, 3.064543], [101.611797, 3.064626], [101.611859, 3.064701], [101.612721, 3.064528], [101.612822, 3.064445], [101.61276, 3.064369]]]}}, {"type": "Feature", "properties": {}, "geometry": {"type": "Polygon", "coordinates": [[[101.612902, 3.064526], [101.61204, 3.0647], [101.611923, 3.064795], [101.611983, 3.064869], [101.612845, 3.064696], [101.612962, 3.0646], [101.612902, 3.064526]]]}}, {"type": "Feature", "properties": {}, "geometry": {"type": "Polygon", "coordinates": [[[101.612544, 3.063261], [101.611682, 3.063434], [101.611681, 3.06358], [101.611782, 3.063581], [101.612644, 3.063408], [101.612645, 3.063261], [101.612544, 3.063261]]]}}, {"type": "Feature", "properties": {}, "geometry": {"type": "Polygon", "coordinates": [[[101.612779, 3.063246], [101.612665, 3.063246], [101.611803, 3.06342], [101.611804, 3.063567], [101.611918, 3.063566], [101.61278, 3.063393], [101.612779, 3.063246]]]}}, {"type": "Feature", "properties": {}, "geometry": {"type": "Polygon", "coordinates": [[[101.612913, 3.063248], [101.612804, 3.063249], [101.611942, 3.063422], [101.611943, 3.063568], [101.612052, 3.063567], [101.612914, 3.063394], [101.612913, 3.063248]]]}}, {"type": "Feature", "properties": {}, "geometry": {"type": "Polygon", "coordinates": [[[101.612049, 3.062913], [101.611187, 3.063086], [101.611093, 3.063171], [101.611173, 3.063293], [101.612035, 3.063119], [101.612115, 3.063059], [101.612049, 3.062913]]]}}, {"type": "Feature", "properties": {}, "geometry": {"type": "Polygon", "coordinates": [[[101.612257, 3.062882], [101.611395, 3.063055], [101.611391, 3.063221], [101.611489, 3.063223], [101.61235, 3.06305], [101.612354, 3.062884], [101.612257, 3.062882]]]}}, {"type": "Feature", "properties": {}, "geometry": {"type": "Polygon", "coordinates": [[[101.612479, 3.062861], [101.611617, 3.063035], [101.611614, 3.063206], [101.611707, 3.063208], [101.612569, 3.063034], [101.612572, 3.062863], [101.612479, 3.062861]]]}}, {"type": "Feature", "properties": {}, "geometry": {"type": "Polygon", "coordinates": [[[101.612789, 3.062845], [101.612692, 3.062846], [101.61183, 3.063019], [101.611831, 3.063188], [101.611928, 3.063187], [101.61279, 3.063014], [101.612789, 3.062845]]]}}, {"type": "Feature", "properties": {}, "geometry": {"type": "Polygon", "coordinates": [[[101.614187, 3.062741], [101.614099, 3.062745], [101.613237, 3.062918], [101.613244, 3.06308], [101.613333, 3.063076], [101.614195, 3.062902], [101.614187, 3.062741]]]}}, {"type": "Feature", "properties": {}, "geometry": {"type": "Polygon", "coordinates": [[[101.613967, 3.062772], [101.613878, 3.062773], [101.613016, 3.062946], [101.613019, 3.063108], [101.613108, 3.063106], [101.61397, 3.062933], [101.613967, 3.062772]]]}}, {"type": "Feature", "properties": {}, "geometry": {"type": "Polygon", "coordinates": [[[101.613653, 3.062778], [101.613565, 3.062781], [101.612703, 3.062954], [101.612708, 3.063119], [101.612796, 3.063116], [101.613658, 3.062943], [101.613653, 3.062778]]]}}, {"type": "Feature", "properties": {}, "geometry": {"type": "Polygon", "coordinates": [[[101.613317, 3.062819], [101.613223, 3.062821], [101.612361, 3.062994], [101.612364, 3.063152], [101.612458, 3.06315], [101.61332, 3.062977], [101.613317, 3.062819]]]}}, {"type": "Feature", "properties": {}, "geometry": {"type": "Polygon", "coordinates": [[[101.609237, 3.063828], [101.608821, 3.063848], [101.607959, 3.064022], [101.60797, 3.064238], [101.608385, 3.064218], [101.609247, 3.064044], [101.609237, 3.063828]]]}}, {"type": "Feature", "properties": {}, "geometry": {"type": "Polygon", "coordinates": [[[101.609715, 3.063823], [101.609288, 3.063834], [101.608426, 3.064008], [101.608432, 3.064212], [101.608859, 3.064201], [101.609721, 3.064027], [101.609715, 3.063823]]]}}, {"type": "Feature", "properties": {}, "geometry": {"type": "Polygon", "coordinates": [[[101.609733, 3.063406], [101.609302, 3.063423], [101.608441, 3.063596], [101.608449, 3.063803], [101.608879, 3.063785], [101.609741, 3.063612], [101.609733, 3.063406]]]}}, {"type": "Feature", "properties": {}, "geometry": {"type": "Polygon", "coordinates": [[[101.60926, 3.063424], [101.608959, 3.063435], [101.608097, 3.063609], [101.608105, 3.063814], [101.608406, 3.063803], [101.609268, 3.063629], [101.60926, 3.063424]]]}}, {"type": "Feature", "properties": {}, "geometry": {"type": "Polygon", "coordinates": [[[101.607572, 3.062679], [101.606711, 3.062852], [101.606685, 3.063007], [101.606915, 3.063045], [101.607777, 3.062872], [101.607803, 3.062717], [101.607572, 3.062679]]]}}, {"type": "Feature", "properties": {}, "geometry": {"type": "Polygon", "coordinates": [[[101.607873, 3.062638], [101.607011, 3.062811], [101.606976, 3.062969], [101.607172, 3.063012], [101.608033, 3.062839], [101.608069, 3.062681], [101.607873, 3.062638]]]}}, {"type": "Feature", "properties": {}, "geometry": {"type": "Polygon", "coordinates": [[[101.608263, 3.062648], [101.607401, 3.062821], [101.607372, 3.062965], [101.607597, 3.06301], [101.608459, 3.062837], [101.608488, 3.062694], [101.608263, 3.062648]]]}}, {"type": "Feature", "properties": {}, "geometry": {"type": "Polygon", "coordinates": [[[101.60801, 3.063431], [101.607148, 3.063604], [101.607084, 3.063746], [101.607302, 3.063843], [101.608163, 3.06367], [101.608227, 3.063528], [101.60801, 3.063431]]]}}, {"type": "Feature", "properties": {}, "geometry": {"type": "Polygon", "coordinates": [[[101.60789, 3.063673], [101.607028, 3.063847], [101.606955, 3.063973], [101.607151, 3.064087], [101.608013, 3.063913], [101.608087, 3.063787], [101.60789, 3.063673]]]}}, {"type": "Feature", "properties": {}, "geometry": {"type": "Polygon", "coordinates": [[[101.603904, 3.06543], [101.602611, 3.065689], [101.602611, 3.065828], [101.602831, 3.065828], [101.604124, 3.065568], [101.604124, 3.06543], [101.603904, 3.06543]]]}}, {"type": "Feature", "properties": {}, "geometry": {"type": "Polygon", "coordinates": [[[101.603713, 3.065641], [101.603491, 3.065642], [101.601875, 3.065967], [101.601875, 3.066036], [101.602098, 3.066034], [101.603714, 3.065709], [101.603713, 3.065641]]]}}, {"type": "Feature", "properties": {}, "geometry": {"type": "Polygon", "coordinates": [[[101.602315, 3.069425], [101.602233, 3.069427], [101.600617, 3.069752], [101.600622, 3.069965], [101.600703, 3.069963], [101.602319, 3.069638], [101.602315, 3.069425]]]}}, {"type": "Feature", "properties": {}, "geometry": {"type": "Polygon", "coordinates": [[[101.602666, 3.069092], [101.602585, 3.069093], [101.600969, 3.069418], [101.600972, 3.069632], [101.601053, 3.069631], [101.602669, 3.069306], [101.602666, 3.069092]]]}}, {"type": "Feature", "properties": {}, "geometry": {"type": "Polygon", "coordinates": [[[101.603159, 3.06941], [101.603078, 3.069411], [101.601462, 3.069736], [101.601465, 3.069948], [101.601547, 3.069946], [101.603163, 3.069622], [101.603159, 3.06941]]]}}, {"type": "Feature", "properties": {}, "geometry": {"type": "Polygon", "coordinates": [[[101.604449, 3.066044], [101.604227, 3.066045], [101.602934, 3.066305], [101.602935, 3.066374], [101.603157, 3.066372], [101.60445, 3.066113], [101.604449, 3.066044]]]}}, {"type": "Feature", "properties": {}, "geometry": {"type": "Polygon", "coordinates": [[[101.604231, 3.06719], [101.602615, 3.067515], [101.602615, 3.067584], [101.602832, 3.067585], [101.604448, 3.06726], [101.604448, 3.067191], [101.604231, 3.06719]]]}}, {"type": "Feature", "properties": {}, "geometry": {"type": "Polygon", "coordinates": [[[101.60387, 3.066664], [101.603801, 3.066665], [101.602185, 3.06699], [101.60219, 3.067208], [101.602259, 3.067206], [101.603875, 3.066881], [101.60387, 3.066664]]]}}, {"type": "Feature", "properties": {}, "geometry": {"type": "Polygon", "coordinates": [[[101.604451, 3.066386], [101.604229, 3.066388], [101.602936, 3.066648], [101.602936, 3.066716], [101.603158, 3.066715], [101.604451, 3.066455], [101.604451, 3.066386]]]}}, {"type": "Feature", "properties": {}, "geometry": {"type": "Polygon", "coordinates": [[[101.604228, 3.068121], [101.602612, 3.068446], [101.602612, 3.068514], [101.602825, 3.068514], [101.604441, 3.068189], [101.604441, 3.068121], [101.604228, 3.068121]]]}}, {"type": "Feature", "properties": {}, "geometry": {"type": "Polygon", "coordinates": [[[101.604551, 3.067781], [101.602935, 3.068106], [101.602934, 3.068174], [101.603152, 3.068176], [101.604768, 3.067851], [101.604768, 3.067783], [101.604551, 3.067781]]]}}, {"type": "Feature", "properties": {}, "geometry": {"type": "Polygon", "coordinates": [[[101.60259, 3.06942], [101.602509, 3.069421], [101.600893, 3.069746], [101.600896, 3.069958], [101.600977, 3.069956], [101.602594, 3.069631], [101.60259, 3.06942]]]}}, {"type": "Feature", "properties": {}, "geometry": {"type": "Polygon", "coordinates": [[[101.602883, 3.06742], [101.602815, 3.067421], [101.601199, 3.067746], [101.601201, 3.067965], [101.601269, 3.067964], [101.602885, 3.067639], [101.602883, 3.06742]]]}}, {"type": "Feature", "properties": {}, "geometry": {"type": "Polygon", "coordinates": [[[101.602846, 3.066688], [101.602778, 3.06669], [101.601162, 3.067014], [101.601167, 3.067232], [101.601236, 3.06723], [101.602852, 3.066905], [101.602846, 3.066688]]]}}, {"type": "Feature", "properties": {}, "geometry": {"type": "Polygon", "coordinates": [[[101.604547, 3.068122], [101.602931, 3.068447], [101.60293, 3.068516], [101.603148, 3.068518], [101.604764, 3.068193], [101.604765, 3.068124], [101.604547, 3.068122]]]}}, {"type": "Feature", "properties": {}, "geometry": {"type": "Polygon", "coordinates": [[[101.603903, 3.066318], [101.602611, 3.066578], [101.602611, 3.066646], [101.602831, 3.066646], [101.604124, 3.066386], [101.604124, 3.066318], [101.603903, 3.066318]]]}}, {"type": "Feature", "properties": {}, "geometry": {"type": "Polygon", "coordinates": [[[101.603879, 3.067399], [101.603811, 3.067401], [101.602195, 3.067726], [101.602199, 3.067943], [101.602267, 3.067941], [101.603883, 3.067616], [101.603879, 3.067399]]]}}, {"type": "Feature", "properties": {}, "geometry": {"type": "Polygon", "coordinates": [[[101.603813, 3.067001], [101.603744, 3.067002], [101.602128, 3.067327], [101.602132, 3.06754], [101.602201, 3.067539], [101.603817, 3.067214], [101.603813, 3.067001]]]}}, {"type": "Feature", "properties": {}, "geometry": {"type": "Polygon", "coordinates": [[[101.601657, 3.069108], [101.601575, 3.069109], [101.599959, 3.069434], [101.599962, 3.069653], [101.600044, 3.069651], [101.60166, 3.069327], [101.601657, 3.069108]]]}}, {"type": "Feature", "properties": {}, "geometry": {"type": "Polygon", "coordinates": [[[101.603401, 3.067408], [101.603333, 3.067409], [101.601716, 3.067734], [101.60172, 3.067951], [101.601789, 3.06795], [101.603405, 3.067625], [101.603401, 3.067408]]]}}, {"type": "Feature", "properties": {}, "geometry": {"type": "Polygon", "coordinates": [[[101.604234, 3.067396], [101.602941, 3.067656], [101.602941, 3.067724], [101.603156, 3.067724], [101.604449, 3.067464], [101.604449, 3.067396], [101.604234, 3.067396]]]}}, {"type": "Feature", "properties": {}, "geometry": {"type": "Polygon", "coordinates": [[[101.602829, 3.06909], [101.602748, 3.069091], [101.601131, 3.069416], [101.601135, 3.06963], [101.601216, 3.069629], [101.602832, 3.069304], [101.602829, 3.06909]]]}}, {"type": "Feature", "properties": {}, "geometry": {"type": "Polygon", "coordinates": [[[101.603717, 3.066119], [101.603494, 3.066121], [101.601878, 3.066446], [101.601878, 3.066514], [101.602101, 3.066513], [101.603717, 3.066188], [101.603717, 3.066119]]]}}, {"type": "Feature", "properties": {}, "geometry": {"type": "Polygon", "coordinates": [[[101.603881, 3.066999], [101.603813, 3.067001], [101.602197, 3.067326], [101.602201, 3.067539], [101.602269, 3.067538], [101.603885, 3.067213], [101.603881, 3.066999]]]}}, {"type": "Feature", "properties": {}, "geometry": {"type": "Polygon", "coordinates": [[[101.603827, 3.065507], [101.602211, 3.065832], [101.602211, 3.0659], [101.602432, 3.065902], [101.604048, 3.065577], [101.604049, 3.065509], [101.603827, 3.065507]]]}}, {"type": "Feature", "properties": {}, "geometry": {"type": "Polygon", "coordinates": [[[101.60445, 3.066113], [101.604227, 3.066114], [101.602935, 3.066374], [101.602935, 3.066442], [101.603157, 3.066441], [101.60445, 3.066181], [101.60445, 3.066113]]]}}, {"type": "Feature", "properties": {}, "geometry": {"type": "Polygon", "coordinates": [[[101.604231, 3.066984], [101.602615, 3.067309], [101.602615, 3.067378], [101.602833, 3.067379], [101.604449, 3.067054], [101.604449, 3.066985], [101.604231, 3.066984]]]}}, {"type": "Feature", "properties": {}, "geometry": {"type": "Polygon", "coordinates": [[[101.60455, 3.067849], [101.602934, 3.068174], [101.602933, 3.068242], [101.603151, 3.068244], [101.604767, 3.067919], [101.604768, 3.067851], [101.60455, 3.067849]]]}}, {"type": "Feature", "properties": {}, "geometry": {"type": "Polygon", "coordinates": [[[101.602778, 3.06669], [101.60271, 3.066691], [101.601094, 3.067016], [101.601099, 3.067234], [101.601167, 3.067232], [101.602783, 3.066907], [101.602778, 3.06669]]]}}, {"type": "Feature", "properties": {}, "geometry": {"type": "Polygon", "coordinates": [[[101.603904, 3.066113], [101.602611, 3.066373], [101.602611, 3.066441], [101.602831, 3.066442], [101.604124, 3.066182], [101.604124, 3.066113], [101.603904, 3.066113]]]}}, {"type": "Feature", "properties": {}, "geometry": {"type": "Polygon", "coordinates": [[[101.603719, 3.068973], [101.603504, 3.068973], [101.601888, 3.069298], [101.601888, 3.069367], [101.602103, 3.069367], [101.603719, 3.069042], [101.603719, 3.068973]]]}}, {"type": "Feature", "properties": {}, "geometry": {"type": "Polygon", "coordinates": [[[101.602228, 3.069101], [101.602146, 3.069102], [101.60053, 3.069427], [101.600533, 3.069645], [101.600615, 3.069644], [101.602231, 3.069319], [101.602228, 3.069101]]]}}, {"type": "Feature", "properties": {}, "geometry": {"type": "Polygon", "coordinates": [[[101.603334, 3.067009], [101.603266, 3.06701], [101.60165, 3.067335], [101.601654, 3.067549], [101.601722, 3.067548], [101.603338, 3.067223], [101.603334, 3.067009]]]}}, {"type": "Feature", "properties": {}, "geometry": {"type": "Polygon", "coordinates": [[[101.604234, 3.067125], [101.602942, 3.067385], [101.602942, 3.067452], [101.603156, 3.067453], [101.604449, 3.067193], [101.604449, 3.067125], [101.604234, 3.067125]]]}}, {"type": "Feature", "properties": {}, "geometry": {"type": "Polygon", "coordinates": [[[101.603715, 3.065846], [101.603492, 3.065847], [101.601876, 3.066172], [101.601876, 3.066241], [101.602099, 3.066239], [101.603715, 3.065914], [101.603715, 3.065846]]]}}, {"type": "Feature", "properties": {}, "geometry": {"type": "Polygon", "coordinates": [[[101.603073, 3.069086], [101.602992, 3.069087], [101.601376, 3.069412], [101.601379, 3.069626], [101.60146, 3.069625], [101.603076, 3.0693], [101.603073, 3.069086]]]}}, {"type": "Feature", "properties": {}, "geometry": {"type": "Polygon", "coordinates": [[[101.603139, 3.067742], [101.603071, 3.067743], [101.601455, 3.068068], [101.601458, 3.068285], [101.601526, 3.068284], [101.603142, 3.067959], [101.603139, 3.067742]]]}}, {"type": "Feature", "properties": {}, "geometry": {"type": "Polygon", "coordinates": [[[101.603717, 3.066188], [101.603494, 3.066189], [101.601878, 3.066514], [101.601879, 3.066583], [101.602102, 3.066581], [101.603718, 3.066256], [101.603717, 3.066188]]]}}, {"type": "Feature", "properties": {}, "geometry": {"type": "Polygon", "coordinates": [[[101.601661, 3.069439], [101.60158, 3.06944], [101.599964, 3.069765], [101.599968, 3.069978], [101.60005, 3.069976], [101.601666, 3.069651], [101.601661, 3.069439]]]}}, {"type": "Feature", "properties": {}, "geometry": {"type": "Polygon", "coordinates": [[[101.603826, 3.065644], [101.60221, 3.065969], [101.60221, 3.066037], [101.602431, 3.066038], [101.604047, 3.065714], [101.604048, 3.065645], [101.603826, 3.065644]]]}}, {"type": "Feature", "properties": {}, "geometry": {"type": "Polygon", "coordinates": [[[101.604045, 3.069318], [101.603827, 3.069321], [101.602211, 3.069646], [101.602212, 3.069714], [101.602429, 3.069712], [101.604046, 3.069387], [101.604045, 3.069318]]]}}, {"type": "Feature", "properties": {}, "geometry": {"type": "Polygon", "coordinates": [[[101.604232, 3.066847], [101.602616, 3.067172], [101.602616, 3.067241], [101.602833, 3.067241], [101.604449, 3.066916], [101.604449, 3.066848], [101.604232, 3.066847]]]}}, {"type": "Feature", "properties": {}, "geometry": {"type": "Polygon", "coordinates": [[[101.603828, 3.065439], [101.602212, 3.065764], [101.602211, 3.065832], [101.602433, 3.065834], [101.604049, 3.065509], [101.604049, 3.06544], [101.603828, 3.065439]]]}}, {"type": "Feature", "properties": {}, "geometry": {"type": "Polygon", "coordinates": [[[101.604449, 3.065907], [101.604227, 3.065908], [101.602934, 3.066168], [101.602934, 3.066237], [101.603156, 3.066236], [101.604449, 3.065976], [101.604449, 3.065907]]]}}, {"type": "Feature", "properties": {}, "geometry": {"type": "Polygon", "coordinates": [[[101.602268, 3.067427], [101.6022, 3.067427], [101.600584, 3.067752], [101.600586, 3.067971], [101.600654, 3.067971], [101.60227, 3.067646], [101.602268, 3.067427]]]}}, {"type": "Feature", "properties": {}, "geometry": {"type": "Polygon", "coordinates": [[[101.604231, 3.067053], [101.602615, 3.067378], [101.602615, 3.067447], [101.602833, 3.067447], [101.604449, 3.067122], [101.604449, 3.067054], [101.604231, 3.067053]]]}}, {"type": "Feature", "properties": {}, "geometry": {"type": "Polygon", "coordinates": [[[101.60346, 3.066673], [101.603392, 3.066675], [101.601776, 3.067], [101.601781, 3.067218], [101.601849, 3.067216], [101.603465, 3.066891], [101.60346, 3.066673]]]}}, {"type": "Feature", "properties": {}, "geometry": {"type": "Polygon", "coordinates": [[[101.603904, 3.065977], [101.602611, 3.066237], [101.602611, 3.066305], [101.602831, 3.066305], [101.604124, 3.066045], [101.604124, 3.065977], [101.603904, 3.065977]]]}}, {"type": "Feature", "properties": {}, "geometry": {"type": "Polygon", "coordinates": [[[101.602746, 3.067421], [101.602678, 3.067422], [101.601062, 3.067747], [101.601064, 3.067966], [101.601133, 3.067966], [101.602749, 3.067641], [101.602746, 3.067421]]]}}, {"type": "Feature", "properties": {}, "geometry": {"type": "Polygon", "coordinates": [[[101.601902, 3.069105], [101.60182, 3.069106], [101.600204, 3.069431], [101.600207, 3.069649], [101.600288, 3.069648], [101.601904, 3.069323], [101.601902, 3.069105]]]}}, {"type": "Feature", "properties": {}, "geometry": {"type": "Polygon", "coordinates": [[[101.602983, 3.066685], [101.602915, 3.066686], [101.601299, 3.067011], [101.601304, 3.067229], [101.601372, 3.067227], [101.602988, 3.066902], [101.602983, 3.066685]]]}}, {"type": "Feature", "properties": {}, "geometry": {"type": "Polygon", "coordinates": [[[101.603061, 3.067014], [101.602993, 3.067015], [101.601377, 3.06734], [101.601381, 3.067554], [101.601449, 3.067553], [101.603065, 3.067228], [101.603061, 3.067014]]]}}, {"type": "Feature", "properties": {}, "geometry": {"type": "Polygon", "coordinates": [[[101.603904, 3.066181], [101.602611, 3.066441], [101.602611, 3.06651], [101.602831, 3.06651], [101.604124, 3.06625], [101.604124, 3.066182], [101.603904, 3.066181]]]}}, {"type": "Feature", "properties": {}, "geometry": {"type": "Polygon", "coordinates": [[[101.602343, 3.067752], [101.602274, 3.067752], [101.600658, 3.068077], [101.60066, 3.068297], [101.600728, 3.068297], [101.602344, 3.067972], [101.602343, 3.067752]]]}}, {"type": "Feature", "properties": {}, "geometry": {"type": "Polygon", "coordinates": [[[101.604235, 3.066921], [101.602942, 3.067181], [101.602942, 3.067249], [101.603156, 3.067249], [101.604449, 3.066989], [101.604449, 3.066921], [101.604235, 3.066921]]]}}, {"type": "Feature", "properties": {}, "geometry": {"type": "Polygon", "coordinates": [[[101.603715, 3.065914], [101.603492, 3.065916], [101.601876, 3.066241], [101.601877, 3.066309], [101.6021, 3.066308], [101.603716, 3.065983], [101.603715, 3.065914]]]}}, {"type": "Feature", "properties": {}, "geometry": {"type": "Polygon", "coordinates": [[[101.601988, 3.069432], [101.601907, 3.069434], [101.60029, 3.069758], [101.600295, 3.069971], [101.600376, 3.06997], [101.601993, 3.069645], [101.601988, 3.069432]]]}}, {"type": "Feature", "properties": {}, "geometry": {"type": "Polygon", "coordinates": [[[101.602821, 3.067748], [101.602753, 3.067749], [101.601137, 3.068074], [101.601138, 3.068293], [101.601207, 3.068293], [101.602823, 3.067968], [101.602821, 3.067748]]]}}, {"type": "Feature", "properties": {}, "geometry": {"type": "Polygon", "coordinates": [[[101.603823, 3.066122], [101.602207, 3.066447], [101.602207, 3.066515], [101.602428, 3.066517], [101.604044, 3.066192], [101.604044, 3.066123], [101.603823, 3.066122]]]}}, {"type": "Feature", "properties": {}, "geometry": {"type": "Polygon", "coordinates": [[[101.604228, 3.067713], [101.602612, 3.068038], [101.602612, 3.068106], [101.602825, 3.068106], [101.604441, 3.067781], [101.604441, 3.067713], [101.604228, 3.067713]]]}}, {"type": "Feature", "properties": {}, "geometry": {"type": "Polygon", "coordinates": [[[101.604042, 3.069114], [101.603825, 3.069116], [101.602209, 3.069441], [101.60221, 3.069509], [101.602427, 3.069507], [101.604043, 3.069182], [101.604042, 3.069114]]]}}, {"type": "Feature", "properties": {}, "geometry": {"type": "Polygon", "coordinates": [[[101.603755, 3.067733], [101.603686, 3.067734], [101.60207, 3.068059], [101.602073, 3.068276], [101.602142, 3.068275], [101.603758, 3.06795], [101.603755, 3.067733]]]}}, {"type": "Feature", "properties": {}, "geometry": {"type": "Polygon", "coordinates": [[[101.602951, 3.067419], [101.602883, 3.06742], [101.601267, 3.067745], [101.601269, 3.067964], [101.601338, 3.067963], [101.602954, 3.067638], [101.602951, 3.067419]]]}}, {"type": "Feature", "properties": {}, "geometry": {"type": "Polygon", "coordinates": [[[101.604228, 3.067849], [101.602612, 3.068174], [101.602612, 3.068242], [101.602825, 3.068242], [101.604441, 3.067917], [101.604441, 3.067849], [101.604228, 3.067849]]]}}, {"type": "Feature", "properties": {}, "geometry": {"type": "Polygon", "coordinates": [[[101.603549, 3.067736], [101.603481, 3.067737], [101.601865, 3.068062], [101.601868, 3.068279], [101.601936, 3.068278], [101.603553, 3.067953], [101.603549, 3.067736]]]}}, {"type": "Feature", "properties": {}, "geometry": {"type": "Polygon", "coordinates": [[[101.603665, 3.066669], [101.603597, 3.06667], [101.601981, 3.066995], [101.601986, 3.067213], [101.602054, 3.067211], [101.60367, 3.066886], [101.603665, 3.066669]]]}}, {"type": "Feature", "properties": {}, "geometry": {"type": "Polygon", "coordinates": [[[101.60326, 3.069408], [101.603159, 3.06941], [101.601543, 3.069735], [101.601547, 3.069946], [101.601647, 3.069945], [101.603263, 3.06962], [101.60326, 3.069408]]]}}, {"type": "Feature", "properties": {}, "geometry": {"type": "Polygon", "coordinates": [[[101.603719, 3.069178], [101.603504, 3.069179], [101.601888, 3.069504], [101.601889, 3.069572], [101.602103, 3.069572], [101.603719, 3.069247], [101.603719, 3.069178]]]}}, {"type": "Feature", "properties": {}, "geometry": {"type": "Polygon", "coordinates": [[[101.604235, 3.066786], [101.602942, 3.067045], [101.602942, 3.067113], [101.603157, 3.067114], [101.604449, 3.066854], [101.604449, 3.066786], [101.604235, 3.066786]]]}}, {"type": "Feature", "properties": {}, "geometry": {"type": "Polygon", "coordinates": [[[101.601983, 3.069104], [101.601902, 3.069105], [101.600286, 3.06943], [101.600288, 3.069648], [101.60037, 3.069647], [101.601986, 3.069322], [101.601983, 3.069104]]]}}, {"type": "Feature", "properties": {}, "geometry": {"type": "Polygon", "coordinates": [[[101.602856, 3.067018], [101.602788, 3.067019], [101.601172, 3.067344], [101.601175, 3.067557], [101.601244, 3.067556], [101.60286, 3.067231], [101.602856, 3.067018]]]}}, {"type": "Feature", "properties": {}, "geometry": {"type": "Polygon", "coordinates": [[[101.603719, 3.069384], [101.603505, 3.069384], [101.601889, 3.069709], [101.601889, 3.069777], [101.602103, 3.069777], [101.603719, 3.069452], [101.603719, 3.069384]]]}}, {"type": "Feature", "properties": {}, "geometry": {"type": "Polygon", "coordinates": [[[101.604235, 3.066989], [101.602942, 3.067249], [101.602942, 3.067317], [101.603156, 3.067317], [101.604449, 3.067057], [101.604449, 3.066989], [101.604235, 3.066989]]]}}, {"type": "Feature", "properties": {}, "geometry": {"type": "Polygon", "coordinates": [[[101.603822, 3.066259], [101.602206, 3.066584], [101.602206, 3.066652], [101.602427, 3.066653], [101.604043, 3.066328], [101.604044, 3.06626], [101.603822, 3.066259]]]}}, {"type": "Feature", "properties": {}, "geometry": {"type": "Polygon", "coordinates": [[[101.603903, 3.066522], [101.60261, 3.066782], [101.60261, 3.06685], [101.602831, 3.06685], [101.604124, 3.06659], [101.604124, 3.066522], [101.603903, 3.066522]]]}}, {"type": "Feature", "properties": {}, "geometry": {"type": "Polygon", "coordinates": [[[101.603714, 3.065709], [101.603491, 3.065711], [101.601875, 3.066036], [101.601876, 3.066104], [101.602098, 3.066102], [101.603714, 3.065777], [101.603714, 3.065709]]]}}, {"type": "Feature", "properties": {}, "geometry": {"type": "Polygon", "coordinates": [[[101.604041, 3.068977], [101.603824, 3.068979], [101.602208, 3.069304], [101.602208, 3.069373], [101.602426, 3.06937], [101.604042, 3.069045], [101.604041, 3.068977]]]}}, {"type": "Feature", "properties": {}, "geometry": {"type": "Polygon", "coordinates": [[[101.602585, 3.069093], [101.602504, 3.069095], [101.600888, 3.06942], [101.600891, 3.069634], [101.600972, 3.069632], [101.602588, 3.069307], [101.602585, 3.069093]]]}}, {"type": "Feature", "properties": {}, "geometry": {"type": "Polygon", "coordinates": [[[101.603822, 3.066327], [101.602206, 3.066652], [101.602205, 3.066749], [101.602426, 3.066751], [101.604042, 3.066426], [101.604043, 3.066328], [101.603822, 3.066327]]]}}, {"type": "Feature", "properties": {}, "geometry": {"type": "Polygon", "coordinates": [[[101.603078, 3.069411], [101.602997, 3.069413], [101.601381, 3.069738], [101.601384, 3.069949], [101.601465, 3.069948], [101.603081, 3.069623], [101.603078, 3.069411]]]}}, {"type": "Feature", "properties": {}, "geometry": {"type": "Polygon", "coordinates": [[[101.604043, 3.069182], [101.603826, 3.069184], [101.60221, 3.069509], [101.60221, 3.069577], [101.602428, 3.069575], [101.604044, 3.06925], [101.604043, 3.069182]]]}}, {"type": "Feature", "properties": {}, "geometry": {"type": "Polygon", "coordinates": [[[101.604231, 3.067259], [101.602615, 3.067584], [101.602614, 3.067652], [101.602832, 3.067653], [101.604448, 3.067328], [101.604448, 3.06726], [101.604231, 3.067259]]]}}, {"type": "Feature", "properties": {}, "geometry": {"type": "Polygon", "coordinates": [[[101.603686, 3.067734], [101.603618, 3.067735], [101.602002, 3.06806], [101.602005, 3.068277], [101.602073, 3.068276], [101.603689, 3.067951], [101.603686, 3.067734]]]}}, {"type": "Feature", "properties": {}, "geometry": {"type": "Polygon", "coordinates": [[[101.603801, 3.066665], [101.603733, 3.066667], [101.602117, 3.066992], [101.602122, 3.06721], [101.60219, 3.067208], [101.603806, 3.066883], [101.603801, 3.066665]]]}}, {"type": "Feature", "properties": {}, "geometry": {"type": "Polygon", "coordinates": [[[101.604451, 3.066455], [101.604229, 3.066456], [101.602936, 3.066716], [101.602937, 3.066784], [101.603159, 3.066783], [101.604452, 3.066523], [101.604451, 3.066455]]]}}, {"type": "Feature", "properties": {}, "geometry": {"type": "Polygon", "coordinates": [[[101.604228, 3.068325], [101.602612, 3.06865], [101.602611, 3.068718], [101.602825, 3.068718], [101.604441, 3.068393], [101.604441, 3.068325], [101.604228, 3.068325]]]}}, {"type": "Feature", "properties": {}, "geometry": {"type": "Polygon", "coordinates": [[[101.602834, 3.069416], [101.602753, 3.069417], [101.601136, 3.069742], [101.60114, 3.069953], [101.601221, 3.069952], [101.602837, 3.069627], [101.602834, 3.069416]]]}}, {"type": "Feature", "properties": {}, "geometry": {"type": "Polygon", "coordinates": [[[101.60423, 3.067465], [101.602614, 3.06779], [101.602614, 3.067858], [101.602831, 3.067859], [101.604447, 3.067534], [101.604448, 3.067465], [101.60423, 3.067465]]]}}, {"type": "Feature", "properties": {}, "geometry": {"type": "Polygon", "coordinates": [[[101.602958, 3.067747], [101.602889, 3.067748], [101.601273, 3.068073], [101.601275, 3.068292], [101.601343, 3.068292], [101.602959, 3.067967], [101.602958, 3.067747]]]}}, {"type": "Feature", "properties": {}, "geometry": {"type": "Polygon", "coordinates": [[[101.603597, 3.06667], [101.603529, 3.066672], [101.601912, 3.066997], [101.601918, 3.067214], [101.601986, 3.067213], [101.603602, 3.066888], [101.603597, 3.06667]]]}}, {"type": "Feature", "properties": {}, "geometry": {"type": "Polygon", "coordinates": [[[101.604547, 3.068191], [101.60293, 3.068516], [101.60293, 3.068584], [101.603148, 3.068586], [101.604764, 3.068261], [101.604764, 3.068193], [101.604547, 3.068191]]]}}, {"type": "Feature", "properties": {}, "geometry": {"type": "Polygon", "coordinates": [[[101.603903, 3.066386], [101.602611, 3.066646], [101.60261, 3.066714], [101.602831, 3.066714], [101.604124, 3.066454], [101.604124, 3.066386], [101.603903, 3.066386]]]}}, {"type": "Feature", "properties": {}, "geometry": {"type": "Polygon", "coordinates": [[[101.603811, 3.067401], [101.603743, 3.067402], [101.602127, 3.067727], [101.602131, 3.067944], [101.602199, 3.067943], [101.603815, 3.067618], [101.603811, 3.067401]]]}}, {"type": "Feature", "properties": {}, "geometry": {"type": "Polygon", "coordinates": [[[101.603719, 3.069247], [101.603505, 3.069247], [101.601889, 3.069572], [101.601889, 3.069641], [101.602103, 3.06964], [101.603719, 3.069315], [101.603719, 3.069247]]]}}, {"type": "Feature", "properties": {}, "geometry": {"type": "Polygon", "coordinates": [[[101.602504, 3.069095], [101.602422, 3.069096], [101.600806, 3.069421], [101.600809, 3.069635], [101.600891, 3.069634], [101.602507, 3.069309], [101.602504, 3.069095]]]}}, {"type": "Feature", "properties": {}, "geometry": {"type": "Polygon", "coordinates": [[[101.603608, 3.067004], [101.603539, 3.067006], [101.601923, 3.067331], [101.601927, 3.067544], [101.601996, 3.067543], [101.603612, 3.067218], [101.603608, 3.067004]]]}}, {"type": "Feature", "properties": {}, "geometry": {"type": "Polygon", "coordinates": [[[101.601739, 3.069107], [101.601657, 3.069108], [101.600041, 3.069433], [101.600044, 3.069651], [101.600125, 3.06965], [101.601741, 3.069325], [101.601739, 3.069107]]]}}, {"type": "Feature", "properties": {}, "geometry": {"type": "Polygon", "coordinates": [[[101.602924, 3.067016], [101.602856, 3.067018], [101.60124, 3.067343], [101.601244, 3.067556], [101.601312, 3.067555], [101.602928, 3.06723], [101.602924, 3.067016]]]}}, {"type": "Feature", "properties": {}, "geometry": {"type": "Polygon", "coordinates": [[[101.603606, 3.067404], [101.603538, 3.067406], [101.601922, 3.067731], [101.601925, 3.067947], [101.601994, 3.067946], [101.60361, 3.067621], [101.603606, 3.067404]]]}}, {"type": "Feature", "properties": {}, "geometry": {"type": "Polygon", "coordinates": [[[101.604234, 3.067464], [101.602941, 3.067724], [101.602941, 3.067791], [101.603156, 3.067792], [101.604449, 3.067532], [101.604449, 3.067464], [101.604234, 3.067464]]]}}, {"type": "Feature", "properties": {}, "geometry": {"type": "Polygon", "coordinates": [[[101.602748, 3.069091], [101.602666, 3.069092], [101.60105, 3.069417], [101.601053, 3.069631], [101.601135, 3.06963], [101.602751, 3.069305], [101.602748, 3.069091]]]}}, {"type": "Feature", "properties": {}, "geometry": {"type": "Polygon", "coordinates": [[[101.602206, 3.067753], [101.602138, 3.067754], [101.600521, 3.068078], [101.600523, 3.068298], [101.600592, 3.068298], [101.602208, 3.067973], [101.602206, 3.067753]]]}}, {"type": "Feature", "properties": {}, "geometry": {"type": "Polygon", "coordinates": [[[101.602997, 3.069413], [101.602915, 3.069414], [101.601299, 3.069739], [101.601303, 3.069951], [101.601384, 3.069949], [101.603, 3.069624], [101.602997, 3.069413]]]}}, {"type": "Feature", "properties": {}, "geometry": {"type": "Polygon", "coordinates": [[[101.60445, 3.066181], [101.604228, 3.066182], [101.602935, 3.066442], [101.602935, 3.066511], [101.603157, 3.066509], [101.60445, 3.06625], [101.60445, 3.066181]]]}}, {"type": "Feature", "properties": {}, "geometry": {"type": "Polygon", "coordinates": [[[101.60423, 3.067327], [101.602614, 3.067652], [101.602614, 3.067721], [101.602832, 3.067722], [101.604448, 3.067397], [101.604448, 3.067328], [101.60423, 3.067327]]]}}, {"type": "Feature", "properties": {}, "geometry": {"type": "Polygon", "coordinates": [[[101.603892, 3.067731], [101.603823, 3.067732], [101.602207, 3.068057], [101.60221, 3.068274], [101.602279, 3.068273], [101.603895, 3.067948], [101.603892, 3.067731]]]}}, {"type": "Feature", "properties": {}, "geometry": {"type": "Polygon", "coordinates": [[[101.604549, 3.067917], [101.602933, 3.068242], [101.602933, 3.06831], [101.60315, 3.068313], [101.604766, 3.067988], [101.604767, 3.067919], [101.604549, 3.067917]]]}}, {"type": "Feature", "properties": {}, "geometry": {"type": "Polygon", "coordinates": [[[101.603903, 3.066454], [101.60261, 3.066714], [101.60261, 3.066782], [101.602831, 3.066782], [101.604124, 3.066522], [101.604124, 3.066454], [101.603903, 3.066454]]]}}, {"type": "Feature", "properties": {}, "geometry": {"type": "Polygon", "coordinates": [[[101.603743, 3.067402], [101.603674, 3.067403], [101.602058, 3.067728], [101.602062, 3.067945], [101.602131, 3.067944], [101.603747, 3.067619], [101.603743, 3.067402]]]}}, {"type": "Feature", "properties": {}, "geometry": {"type": "Polygon", "coordinates": [[[101.603719, 3.069042], [101.603504, 3.069042], [101.601888, 3.069367], [101.601888, 3.069435], [101.602103, 3.069435], [101.603719, 3.06911], [101.603719, 3.069042]]]}}, {"type": "Feature", "properties": {}, "geometry": {"type": "Polygon", "coordinates": [[[101.603403, 3.067008], [101.603334, 3.067009], [101.601718, 3.067334], [101.601722, 3.067548], [101.601791, 3.067547], [101.603407, 3.067222], [101.603403, 3.067008]]]}}, {"type": "Feature", "properties": {}, "geometry": {"type": "Polygon", "coordinates": [[[101.604234, 3.067192], [101.602942, 3.067452], [101.602941, 3.06752], [101.603156, 3.06752], [101.604449, 3.06726], [101.604449, 3.067193], [101.604234, 3.067192]]]}}, {"type": "Feature", "properties": {}, "geometry": {"type": "Polygon", "coordinates": [[[101.604234, 3.067531], [101.602941, 3.067791], [101.602941, 3.067859], [101.603156, 3.067859], [101.604449, 3.067599], [101.604449, 3.067532], [101.604234, 3.067531]]]}}, {"type": "Feature", "properties": {}, "geometry": {"type": "Polygon", "coordinates": [[[101.602309, 3.0691], [101.602228, 3.069101], [101.600612, 3.069425], [101.600615, 3.069644], [101.600696, 3.069643], [101.602312, 3.069318], [101.602309, 3.0691]]]}}, {"type": "Feature", "properties": {}, "geometry": {"type": "Polygon", "coordinates": [[[101.601907, 3.069434], [101.601825, 3.069435], [101.600209, 3.06976], [101.600213, 3.069973], [101.600295, 3.069971], [101.601911, 3.069646], [101.601907, 3.069434]]]}}, {"type": "Feature", "properties": {}, "geometry": {"type": "Polygon", "coordinates": [[[101.603825, 3.065849], [101.602209, 3.066174], [101.602209, 3.066242], [101.60243, 3.066243], [101.604046, 3.065918], [101.604046, 3.06585], [101.603825, 3.065849]]]}}, {"type": "Feature", "properties": {}, "geometry": {"type": "Polygon", "coordinates": [[[101.604046, 3.069387], [101.603828, 3.069389], [101.602212, 3.069714], [101.602213, 3.069782], [101.60243, 3.06978], [101.604046, 3.069455], [101.604046, 3.069387]]]}}, {"type": "Feature", "properties": {}, "geometry": {"type": "Polygon", "coordinates": [[[101.604232, 3.066641], [101.602616, 3.066966], [101.602616, 3.067035], [101.602834, 3.067035], [101.60445, 3.066711], [101.60445, 3.066642], [101.604232, 3.066641]]]}}, {"type": "Feature", "properties": {}, "geometry": {"type": "Polygon", "coordinates": [[[101.604448, 3.065702], [101.604226, 3.065703], [101.602933, 3.065963], [101.602933, 3.066031], [101.603155, 3.06603], [101.604448, 3.06577], [101.604448, 3.065702]]]}}, {"type": "Feature", "properties": {}, "geometry": {"type": "Polygon", "coordinates": [[[101.602336, 3.067426], [101.602268, 3.067427], [101.600652, 3.067751], [101.600654, 3.067971], [101.600723, 3.06797], [101.602339, 3.067645], [101.602336, 3.067426]]]}}, {"type": "Feature", "properties": {}, "geometry": {"type": "Polygon", "coordinates": [[[101.603964, 3.066662], [101.60387, 3.066664], [101.602254, 3.066989], [101.602259, 3.067206], [101.602353, 3.067204], [101.603969, 3.066879], [101.603964, 3.066662]]]}}, {"type": "Feature", "properties": {}, "geometry": {"type": "Polygon", "coordinates": [[[101.604231, 3.067122], [101.602615, 3.067447], [101.602615, 3.067515], [101.602832, 3.067516], [101.604448, 3.067191], [101.604449, 3.067122], [101.604231, 3.067122]]]}}, {"type": "Feature", "properties": {}, "geometry": {"type": "Polygon", "coordinates": [[[101.603276, 3.06774], [101.603207, 3.067741], [101.601591, 3.068066], [101.601594, 3.068283], [101.601663, 3.068282], [101.603279, 3.067957], [101.603276, 3.06774]]]}}, {"type": "Feature", "properties": {}, "geometry": {"type": "Polygon", "coordinates": [[[101.603392, 3.066675], [101.603324, 3.066677], [101.601708, 3.067002], [101.601713, 3.067219], [101.601781, 3.067218], [101.603397, 3.066893], [101.603392, 3.066675]]]}}, {"type": "Feature", "properties": {}, "geometry": {"type": "Polygon", "coordinates": [[[101.603904, 3.065773], [101.602611, 3.066033], [101.602611, 3.066101], [101.602831, 3.066101], [101.604124, 3.065841], [101.604124, 3.065773], [101.603904, 3.065773]]]}}, {"type": "Feature", "properties": {}, "geometry": {"type": "Polygon", "coordinates": [[[101.602541, 3.067424], [101.602473, 3.067424], [101.600857, 3.067749], [101.600859, 3.067968], [101.600928, 3.067968], [101.602544, 3.067643], [101.602541, 3.067424]]]}}, {"type": "Feature", "properties": {}, "geometry": {"type": "Polygon", "coordinates": [[[101.603188, 3.06668], [101.603119, 3.066681], [101.601503, 3.067006], [101.601508, 3.067224], [101.601577, 3.067222], [101.603193, 3.066897], [101.603188, 3.06668]]]}}, {"type": "Feature", "properties": {}, "geometry": {"type": "Polygon", "coordinates": [[[101.603129, 3.067013], [101.603061, 3.067014], [101.601445, 3.067339], [101.601449, 3.067553], [101.601517, 3.067551], [101.603133, 3.067226], [101.603129, 3.067013]]]}}, {"type": "Feature", "properties": {}, "geometry": {"type": "Polygon", "coordinates": [[[101.603904, 3.06625], [101.602611, 3.06651], [101.602611, 3.066578], [101.602831, 3.066578], [101.604124, 3.066318], [101.604124, 3.06625], [101.603904, 3.06625]]]}}, {"type": "Feature", "properties": {}, "geometry": {"type": "Polygon", "coordinates": [[[101.602411, 3.067751], [101.602343, 3.067752], [101.600727, 3.068077], [101.600728, 3.068297], [101.600797, 3.068296], [101.602413, 3.067971], [101.602411, 3.067751]]]}}, {"type": "Feature", "properties": {}, "geometry": {"type": "Polygon", "coordinates": [[[101.603471, 3.067007], [101.603403, 3.067008], [101.601787, 3.067333], [101.601791, 3.067547], [101.601859, 3.067545], [101.603475, 3.06722], [101.603471, 3.067007]]]}}, {"type": "Feature", "properties": {}, "geometry": {"type": "Polygon", "coordinates": [[[101.604234, 3.06726], [101.602941, 3.06752], [101.602941, 3.067588], [101.603156, 3.067588], [101.604449, 3.067328], [101.604449, 3.06726], [101.604234, 3.06726]]]}}, {"type": "Feature", "properties": {}, "geometry": {"type": "Polygon", "coordinates": [[[101.603716, 3.065983], [101.603493, 3.065984], [101.601877, 3.066309], [101.601877, 3.066378], [101.6021, 3.066376], [101.603716, 3.066051], [101.603716, 3.065983]]]}}, {"type": "Feature", "properties": {}, "geometry": {"type": "Polygon", "coordinates": [[[101.602233, 3.069427], [101.602152, 3.069429], [101.600536, 3.069754], [101.60054, 3.069966], [101.600622, 3.069965], [101.602238, 3.06964], [101.602233, 3.069427]]]}}, {"type": "Feature", "properties": {}, "geometry": {"type": "Polygon", "coordinates": [[[101.602616, 3.06775], [101.602548, 3.06775], [101.600932, 3.068075], [101.600933, 3.068295], [101.601002, 3.068294], [101.602618, 3.067969], [101.602616, 3.06775]]]}}, {"type": "Feature", "properties": {}, "geometry": {"type": "Polygon", "coordinates": [[[101.604446, 3.065428], [101.604224, 3.065429], [101.602931, 3.065689], [101.602932, 3.065826], [101.603154, 3.065825], [101.604447, 3.065565], [101.604446, 3.065428]]]}}, {"type": "Feature", "properties": {}, "geometry": {"type": "Polygon", "coordinates": [[[101.603824, 3.066054], [101.602208, 3.066379], [101.602207, 3.066447], [101.602428, 3.066448], [101.604044, 3.066123], [101.604045, 3.066055], [101.603824, 3.066054]]]}}, {"type": "Feature", "properties": {}, "geometry": {"type": "Polygon", "coordinates": [[[101.604447, 3.065565], [101.604225, 3.065566], [101.602932, 3.065826], [101.602932, 3.065894], [101.603155, 3.065893], [101.604447, 3.065633], [101.604447, 3.065565]]]}}, {"type": "Feature", "properties": {}, "geometry": {"type": "Polygon", "coordinates": [[[101.604046, 3.069455], [101.603829, 3.069457], [101.602213, 3.069782], [101.602214, 3.069851], [101.602431, 3.069848], [101.604047, 3.069523], [101.604046, 3.069455]]]}}, {"type": "Feature", "properties": {}, "geometry": {"type": "Polygon", "coordinates": [[[101.604228, 3.068053], [101.602612, 3.068378], [101.602612, 3.068446], [101.602825, 3.068446], [101.604441, 3.068121], [101.604441, 3.068053], [101.604228, 3.068053]]]}}, {"type": "Feature", "properties": {}, "geometry": {"type": "Polygon", "coordinates": [[[101.602405, 3.067425], [101.602336, 3.067426], [101.60072, 3.067751], [101.600723, 3.06797], [101.600791, 3.067969], [101.602407, 3.067644], [101.602405, 3.067425]]]}}, {"type": "Feature", "properties": {}, "geometry": {"type": "Polygon", "coordinates": [[[101.603481, 3.067737], [101.603413, 3.067738], [101.601797, 3.068063], [101.6018, 3.06828], [101.601868, 3.068279], [101.603484, 3.067954], [101.603481, 3.067737]]]}}, {"type": "Feature", "properties": {}, "geometry": {"type": "Polygon", "coordinates": [[[101.603324, 3.066677], [101.603256, 3.066678], [101.60164, 3.067003], [101.601645, 3.067221], [101.601713, 3.067219], [101.603329, 3.066894], [101.603324, 3.066677]]]}}, {"type": "Feature", "properties": {}, "geometry": {"type": "Polygon", "coordinates": [[[101.603904, 3.065568], [101.602611, 3.065828], [101.602611, 3.065896], [101.602831, 3.065896], [101.604124, 3.065636], [101.604124, 3.065568], [101.603904, 3.065568]]]}}, {"type": "Feature", "properties": {}, "geometry": {"type": "Polygon", "coordinates": [[[101.602065, 3.069103], [101.601983, 3.069104], [101.600367, 3.069429], [101.60037, 3.069647], [101.600452, 3.069646], [101.602068, 3.069321], [101.602065, 3.069103]]]}}, {"type": "Feature", "properties": {}, "geometry": {"type": "Polygon", "coordinates": [[[101.603198, 3.067012], [101.603129, 3.067013], [101.601513, 3.067338], [101.601517, 3.067551], [101.601585, 3.06755], [101.603202, 3.067225], [101.603198, 3.067012]]]}}, {"type": "Feature", "properties": {}, "geometry": {"type": "Polygon", "coordinates": [[[101.601575, 3.069109], [101.601496, 3.06911], [101.59988, 3.069435], [101.599883, 3.069653], [101.599962, 3.069653], [101.601578, 3.069328], [101.601575, 3.069109]]]}}, {"type": "Feature", "properties": {}, "geometry": {"type": "Polygon", "coordinates": [[[101.603333, 3.067409], [101.603264, 3.067411], [101.601648, 3.067735], [101.601652, 3.067952], [101.60172, 3.067951], [101.603336, 3.067626], [101.603333, 3.067409]]]}}, {"type": "Feature", "properties": {}, "geometry": {"type": "Polygon", "coordinates": [[[101.603719, 3.069452], [101.603505, 3.069453], [101.601889, 3.069777], [101.601889, 3.069846], [101.602103, 3.069846], [101.603719, 3.069521], [101.603719, 3.069452]]]}}, {"type": "Feature", "properties": {}, "geometry": {"type": "Polygon", "coordinates": [[[101.602479, 3.067751], [101.602411, 3.067751], [101.600795, 3.068076], [101.600797, 3.068296], [101.600865, 3.068296], [101.602481, 3.067971], [101.602479, 3.067751]]]}}, {"type": "Feature", "properties": {}, "geometry": {"type": "Polygon", "coordinates": [[[101.604234, 3.067057], [101.602942, 3.067317], [101.602942, 3.067385], [101.603156, 3.067385], [101.604449, 3.067125], [101.604449, 3.067057], [101.604234, 3.067057]]]}}, {"type": "Feature", "properties": {}, "geometry": {"type": "Polygon", "coordinates": [[[101.603823, 3.06619], [101.602207, 3.066515], [101.602206, 3.066584], [101.602428, 3.066585], [101.604044, 3.06626], [101.604044, 3.066192], [101.603823, 3.06619]]]}}, {"type": "Feature", "properties": {}, "geometry": {"type": "Polygon", "coordinates": [[[101.604228, 3.068393], [101.602611, 3.068718], [101.602611, 3.068831], [101.602825, 3.068831], [101.604441, 3.068506], [101.604441, 3.068393], [101.604228, 3.068393]]]}}, {"type": "Feature", "properties": {}, "geometry": {"type": "Polygon", "coordinates": [[[101.603712, 3.065504], [101.60349, 3.065505], [101.601874, 3.06583], [101.601874, 3.065899], [101.602097, 3.065897], [101.603713, 3.065572], [101.603712, 3.065504]]]}}, {"type": "Feature", "properties": {}, "geometry": {"type": "Polygon", "coordinates": [[[101.603824, 3.065985], [101.602208, 3.06631], [101.602208, 3.066379], [101.602429, 3.06638], [101.604045, 3.066055], [101.604045, 3.065987], [101.603824, 3.065985]]]}}, {"type": "Feature", "properties": {}, "geometry": {"type": "Polygon", "coordinates": [[[101.604044, 3.06925], [101.603827, 3.069253], [101.60221, 3.069577], [101.602211, 3.069646], [101.602429, 3.069643], [101.604045, 3.069318], [101.604044, 3.06925]]]}}, {"type": "Feature", "properties": {}, "geometry": {"type": "Polygon", "coordinates": [[[101.603618, 3.067735], [101.603549, 3.067736], [101.601933, 3.068061], [101.601936, 3.068278], [101.602005, 3.068277], [101.603621, 3.067952], [101.603618, 3.067735]]]}}, {"type": "Feature", "properties": {}, "geometry": {"type": "Polygon", "coordinates": [[[101.60445, 3.06625], [101.604228, 3.066251], [101.602935, 3.066511], [101.602936, 3.066579], [101.603158, 3.066578], [101.604451, 3.066318], [101.60445, 3.06625]]]}}, {"type": "Feature", "properties": {}, "geometry": {"type": "Polygon", "coordinates": [[[101.604228, 3.068257], [101.602612, 3.068582], [101.602612, 3.06865], [101.602825, 3.06865], [101.604441, 3.068325], [101.604441, 3.068257], [101.604228, 3.068257]]]}}, {"type": "Feature", "properties": {}, "geometry": {"type": "Polygon", "coordinates": [[[101.602753, 3.069417], [101.602671, 3.069418], [101.601055, 3.069743], [101.601059, 3.069955], [101.60114, 3.069953], [101.602756, 3.069628], [101.602753, 3.069417]]]}}, {"type": "Feature", "properties": {}, "geometry": {"type": "Polygon", "coordinates": [[[101.6022, 3.067427], [101.602131, 3.067428], [101.600515, 3.067753], [101.600518, 3.067972], [101.600586, 3.067971], [101.602202, 3.067646], [101.6022, 3.067427]]]}}, {"type": "Feature", "properties": {}, "geometry": {"type": "Polygon", "coordinates": [[[101.603413, 3.067738], [101.603344, 3.067739], [101.601728, 3.068064], [101.601731, 3.068281], [101.6018, 3.06828], [101.603416, 3.067955], [101.603413, 3.067738]]]}}, {"type": "Feature", "properties": {}, "geometry": {"type": "Polygon", "coordinates": [[[101.603529, 3.066672], [101.60346, 3.066673], [101.601844, 3.066998], [101.601849, 3.067216], [101.601918, 3.067214], [101.603534, 3.066889], [101.603529, 3.066672]]]}}, {"type": "Feature", "properties": {}, "geometry": {"type": "Polygon", "coordinates": [[[101.604549, 3.067986], [101.602933, 3.06831], [101.602932, 3.068379], [101.60315, 3.068381], [101.604766, 3.068056], [101.604766, 3.067988], [101.604549, 3.067986]]]}}, {"type": "Feature", "properties": {}, "geometry": {"type": "Polygon", "coordinates": [[[101.603904, 3.065636], [101.602611, 3.065896], [101.602611, 3.065965], [101.602831, 3.065965], [101.604124, 3.065705], [101.604124, 3.065636], [101.603904, 3.065636]]]}}, {"type": "Feature", "properties": {}, "geometry": {"type": "Polygon", "coordinates": [[[101.603719, 3.069315], [101.603505, 3.069316], [101.601889, 3.069641], [101.601889, 3.069709], [101.602103, 3.069709], [101.603719, 3.069384], [101.603719, 3.069315]]]}}, {"type": "Feature", "properties": {}, "geometry": {"type": "Polygon", "coordinates": [[[101.603676, 3.067003], [101.603608, 3.067004], [101.601992, 3.067329], [101.601996, 3.067543], [101.602064, 3.067542], [101.60368, 3.067217], [101.603676, 3.067003]]]}}, {"type": "Feature", "properties": {}, "geometry": {"type": "Polygon", "coordinates": [[[101.602993, 3.067015], [101.602924, 3.067016], [101.601308, 3.067341], [101.601312, 3.067555], [101.601381, 3.067554], [101.602997, 3.067229], [101.602993, 3.067015]]]}}, {"type": "Feature", "properties": {}, "geometry": {"type": "Polygon", "coordinates": [[[101.603711, 3.065367], [101.603489, 3.065369], [101.601873, 3.065694], [101.601873, 3.065762], [101.602096, 3.065761], [101.603712, 3.065436], [101.603711, 3.065367]]]}}, {"type": "Feature", "properties": {}, "geometry": {"type": "Polygon", "coordinates": [[[101.603538, 3.067406], [101.603469, 3.067407], [101.601853, 3.067732], [101.601857, 3.067949], [101.601925, 3.067947], [101.603542, 3.067622], [101.603538, 3.067406]]]}}, {"type": "Feature", "properties": {}, "geometry": {"type": "Polygon", "coordinates": [[[101.602992, 3.069087], [101.60291, 3.069089], [101.601294, 3.069414], [101.601297, 3.069627], [101.601379, 3.069626], [101.602995, 3.069301], [101.602992, 3.069087]]]}}, {"type": "Feature", "properties": {}, "geometry": {"type": "Polygon", "coordinates": [[[101.602274, 3.067752], [101.602206, 3.067753], [101.60059, 3.068078], [101.600592, 3.068298], [101.60066, 3.068297], [101.602276, 3.067972], [101.602274, 3.067752]]]}}, {"type": "Feature", "properties": {}, "geometry": {"type": "Polygon", "coordinates": [[[101.603127, 3.067413], [101.603059, 3.067414], [101.601443, 3.067739], [101.601447, 3.067956], [101.601515, 3.067955], [101.603131, 3.06763], [101.603127, 3.067413]]]}}, {"type": "Feature", "properties": {}, "geometry": {"type": "Polygon", "coordinates": [[[101.602915, 3.069414], [101.602834, 3.069416], [101.601218, 3.069741], [101.601221, 3.069952], [101.601303, 3.069951], [101.602919, 3.069626], [101.602915, 3.069414]]]}}, {"type": "Feature", "properties": {}, "geometry": {"type": "Polygon", "coordinates": [[[101.604449, 3.065976], [101.604227, 3.065977], [101.602934, 3.066237], [101.602934, 3.066305], [101.603156, 3.066304], [101.604449, 3.066044], [101.604449, 3.065976]]]}}, {"type": "Feature", "properties": {}, "geometry": {"type": "Polygon", "coordinates": [[[101.60423, 3.067396], [101.602614, 3.067721], [101.602614, 3.06779], [101.602831, 3.06779], [101.604448, 3.067465], [101.604448, 3.067397], [101.60423, 3.067396]]]}}, {"type": "Feature", "properties": {}, "geometry": {"type": "Polygon", "coordinates": [[[101.604228, 3.068189], [101.602612, 3.068514], [101.602612, 3.068582], [101.602825, 3.068582], [101.604441, 3.068257], [101.604441, 3.068189], [101.604228, 3.068189]]]}}, {"type": "Feature", "properties": {}, "geometry": {"type": "Polygon", "coordinates": [[[101.60326, 3.069083], [101.603154, 3.069085], [101.601538, 3.06941], [101.601541, 3.069624], [101.601647, 3.069622], [101.603263, 3.069297], [101.60326, 3.069083]]]}}, {"type": "Feature", "properties": {}, "geometry": {"type": "Polygon", "coordinates": [[[101.604551, 3.067712], [101.602935, 3.068037], [101.602935, 3.068106], [101.603152, 3.068108], [101.604768, 3.067783], [101.604769, 3.067714], [101.604551, 3.067712]]]}}, {"type": "Feature", "properties": {}, "geometry": {"type": "Polygon", "coordinates": [[[101.602671, 3.069418], [101.60259, 3.06942], [101.600974, 3.069745], [101.600977, 3.069956], [101.601059, 3.069955], [101.602675, 3.06963], [101.602671, 3.069418]]]}}, {"type": "Feature", "properties": {}, "geometry": {"type": "Polygon", "coordinates": [[[101.602815, 3.067421], [101.602746, 3.067421], [101.60113, 3.067746], [101.601133, 3.067966], [101.601201, 3.067965], [101.602817, 3.06764], [101.602815, 3.067421]]]}}, {"type": "Feature", "properties": {}, "geometry": {"type": "Polygon", "coordinates": [[[101.602915, 3.066686], [101.602846, 3.066688], [101.60123, 3.067013], [101.601236, 3.06723], [101.601304, 3.067229], [101.60292, 3.066904], [101.602915, 3.066686]]]}}, {"type": "Feature", "properties": {}, "geometry": {"type": "Polygon", "coordinates": [[[101.603674, 3.067403], [101.603606, 3.067404], [101.60199, 3.067729], [101.601994, 3.067946], [101.602062, 3.067945], [101.603678, 3.06762], [101.603674, 3.067403]]]}}, {"type": "Feature", "properties": {}, "geometry": {"type": "Polygon", "coordinates": [[[101.603744, 3.067002], [101.603676, 3.067003], [101.60206, 3.067328], [101.602064, 3.067542], [101.602132, 3.06754], [101.603748, 3.067216], [101.603744, 3.067002]]]}}, {"type": "Feature", "properties": {}, "geometry": {"type": "Polygon", "coordinates": [[[101.603469, 3.067407], [101.603401, 3.067408], [101.601785, 3.067733], [101.601789, 3.06795], [101.601857, 3.067949], [101.603473, 3.067624], [101.603469, 3.067407]]]}}, {"type": "Feature", "properties": {}, "geometry": {"type": "Polygon", "coordinates": [[[101.602889, 3.067748], [101.602821, 3.067748], [101.601205, 3.068073], [101.601207, 3.068293], [101.601275, 3.068292], [101.602891, 3.067967], [101.602889, 3.067748]]]}}, {"type": "Feature", "properties": {}, "geometry": {"type": "Polygon", "coordinates": [[[101.603716, 3.066051], [101.603493, 3.066053], [101.601877, 3.066378], [101.601878, 3.066446], [101.602101, 3.066444], [101.603717, 3.066119], [101.603716, 3.066051]]]}}, {"type": "Feature", "properties": {}, "geometry": {"type": "Polygon", "coordinates": [[[101.601825, 3.069435], [101.601743, 3.069437], [101.600127, 3.069762], [101.600131, 3.069974], [101.600213, 3.069973], [101.601829, 3.069648], [101.601825, 3.069435]]]}}, {"type": "Feature", "properties": {}, "geometry": {"type": "Polygon", "coordinates": [[[101.603825, 3.06578], [101.602209, 3.066105], [101.602209, 3.066174], [101.60243, 3.066175], [101.604046, 3.06585], [101.604047, 3.065782], [101.603825, 3.06578]]]}}, {"type": "Feature", "properties": {}, "geometry": {"type": "Polygon", "coordinates": [[[101.604232, 3.06671], [101.602616, 3.067035], [101.602616, 3.067103], [101.602834, 3.067104], [101.60445, 3.066779], [101.60445, 3.066711], [101.604232, 3.06671]]]}}, {"type": "Feature", "properties": {}, "geometry": {"type": "Polygon", "coordinates": [[[101.603718, 3.066325], [101.603495, 3.066326], [101.601879, 3.066651], [101.60188, 3.066755], [101.602103, 3.066753], [101.603719, 3.066428], [101.603718, 3.066325]]]}}, {"type": "Feature", "properties": {}, "geometry": {"type": "Polygon", "coordinates": [[[101.603827, 3.065575], [101.602211, 3.0659], [101.60221, 3.065969], [101.602432, 3.06597], [101.604048, 3.065645], [101.604048, 3.065577], [101.603827, 3.065575]]]}}, {"type": "Feature", "properties": {}, "geometry": {"type": "Polygon", "coordinates": [[[101.603976, 3.067398], [101.603879, 3.067399], [101.602263, 3.067724], [101.602267, 3.067941], [101.602364, 3.06794], [101.60398, 3.067615], [101.603976, 3.067398]]]}}, {"type": "Feature", "properties": {}, "geometry": {"type": "Polygon", "coordinates": [[[101.604448, 3.06577], [101.604226, 3.065771], [101.602933, 3.066031], [101.602933, 3.0661], [101.603155, 3.066099], [101.604448, 3.065839], [101.604448, 3.06577]]]}}, {"type": "Feature", "properties": {}, "geometry": {"type": "Polygon", "coordinates": [[[101.604232, 3.066916], [101.602616, 3.067241], [101.602615, 3.067309], [101.602833, 3.06731], [101.604449, 3.066985], [101.604449, 3.066916], [101.604232, 3.066916]]]}}, {"type": "Feature", "properties": {}, "geometry": {"type": "Polygon", "coordinates": [[[101.603207, 3.067741], [101.603139, 3.067742], [101.601523, 3.068067], [101.601526, 3.068284], [101.601594, 3.068283], [101.60321, 3.067958], [101.603207, 3.067741]]]}}, {"type": "Feature", "properties": {}, "geometry": {"type": "Polygon", "coordinates": [[[101.603904, 3.065841], [101.602611, 3.066101], [101.602611, 3.066169], [101.602831, 3.066169], [101.604124, 3.065909], [101.604124, 3.065841], [101.603904, 3.065841]]]}}, {"type": "Feature", "properties": {}, "geometry": {"type": "Polygon", "coordinates": [[[101.60261, 3.067423], [101.602541, 3.067424], [101.600925, 3.067749], [101.600928, 3.067968], [101.600996, 3.067967], [101.602612, 3.067642], [101.60261, 3.067423]]]}}, {"type": "Feature", "properties": {}, "geometry": {"type": "Polygon", "coordinates": [[[101.603119, 3.066681], [101.603051, 3.066683], [101.601435, 3.067008], [101.60144, 3.067226], [101.601508, 3.067224], [101.603124, 3.066899], [101.603119, 3.066681]]]}}, {"type": "Feature", "properties": {}, "geometry": {"type": "Polygon", "coordinates": [[[101.603904, 3.066045], [101.602611, 3.066305], [101.602611, 3.066373], [101.602831, 3.066373], [101.604124, 3.066113], [101.604124, 3.066045], [101.603904, 3.066045]]]}}, {"type": "Feature", "properties": {}, "geometry": {"type": "Polygon", "coordinates": [[[101.602146, 3.069102], [101.602065, 3.069103], [101.600449, 3.069428], [101.600452, 3.069646], [101.600533, 3.069645], [101.602149, 3.06932], [101.602146, 3.069102]]]}}, {"type": "Feature", "properties": {}, "geometry": {"type": "Polygon", "coordinates": [[[101.603539, 3.067006], [101.603471, 3.067007], [101.601855, 3.067332], [101.601859, 3.067545], [101.601927, 3.067544], [101.603543, 3.067219], [101.603539, 3.067006]]]}}, {"type": "Feature", "properties": {}, "geometry": {"type": "Polygon", "coordinates": [[[101.604234, 3.067328], [101.602941, 3.067588], [101.602941, 3.067656], [101.603156, 3.067656], [101.604449, 3.067396], [101.604449, 3.067328], [101.604234, 3.067328]]]}}, {"type": "Feature", "properties": {}, "geometry": {"type": "Polygon", "coordinates": [[[101.603714, 3.065777], [101.603492, 3.065779], [101.601876, 3.066104], [101.601876, 3.066172], [101.602099, 3.066171], [101.603715, 3.065846], [101.603714, 3.065777]]]}}, {"type": "Feature", "properties": {}, "geometry": {"type": "Polygon", "coordinates": [[[101.602152, 3.069429], [101.60207, 3.06943], [101.600454, 3.069755], [101.600458, 3.069968], [101.60054, 3.069966], [101.602156, 3.069641], [101.602152, 3.069429]]]}}, {"type": "Feature", "properties": {}, "geometry": {"type": "Polygon", "coordinates": [[[101.603154, 3.069085], [101.603073, 3.069086], [101.601457, 3.069411], [101.60146, 3.069625], [101.601541, 3.069624], [101.603157, 3.069299], [101.603154, 3.069085]]]}}, {"type": "Feature", "properties": {}, "geometry": {"type": "Polygon", "coordinates": [[[101.602684, 3.067749], [101.602616, 3.06775], [101.601, 3.068075], [101.601002, 3.068294], [101.60107, 3.068294], [101.602686, 3.067969], [101.602684, 3.067749]]]}}, {"type": "Feature", "properties": {}, "geometry": {"type": "Polygon", "coordinates": [[[101.603828, 3.065371], [101.602212, 3.065695], [101.602212, 3.065764], [101.602433, 3.065765], [101.604049, 3.06544], [101.604049, 3.065372], [101.603828, 3.065371]]]}}, {"type": "Feature", "properties": {}, "geometry": {"type": "Polygon", "coordinates": [[[101.604452, 3.066523], [101.604229, 3.066524], [101.602937, 3.066784], [101.602937, 3.066853], [101.603159, 3.066852], [101.604452, 3.066592], [101.604452, 3.066523]]]}}, {"type": "Feature", "properties": {}, "geometry": {"type": "Polygon", "coordinates": [[[101.601743, 3.069437], [101.601661, 3.069439], [101.600045, 3.069764], [101.60005, 3.069976], [101.600131, 3.069974], [101.601747, 3.06965], [101.601743, 3.069437]]]}}, {"type": "Feature", "properties": {}, "geometry": {"type": "Polygon", "coordinates": [[[101.603826, 3.065712], [101.60221, 3.066037], [101.602209, 3.066105], [101.602431, 3.066107], [101.604047, 3.065782], [101.604047, 3.065714], [101.603826, 3.065712]]]}}, {"type": "Feature", "properties": {}, "geometry": {"type": "Polygon", "coordinates": [[[101.604447, 3.065633], [101.604225, 3.065634], [101.602932, 3.065894], [101.602933, 3.065963], [101.603155, 3.065962], [101.604448, 3.065702], [101.604447, 3.065633]]]}}, {"type": "Feature", "properties": {}, "geometry": {"type": "Polygon", "coordinates": [[[101.604232, 3.066779], [101.602616, 3.067103], [101.602616, 3.067172], [101.602833, 3.067173], [101.604449, 3.066848], [101.60445, 3.066779], [101.604232, 3.066779]]]}}, {"type": "Feature", "properties": {}, "geometry": {"type": "Polygon", "coordinates": [[[101.604228, 3.067985], [101.602612, 3.06831], [101.602612, 3.068378], [101.602825, 3.068378], [101.604441, 3.068053], [101.604441, 3.067985], [101.604228, 3.067985]]]}}, {"type": "Feature", "properties": {}, "geometry": {"type": "Polygon", "coordinates": [[[101.604448, 3.065839], [101.604226, 3.06584], [101.602933, 3.0661], [101.602934, 3.066168], [101.603156, 3.066167], [101.604449, 3.065907], [101.604448, 3.065839]]]}}, {"type": "Feature", "properties": {}, "geometry": {"type": "Polygon", "coordinates": [[[101.602473, 3.067424], [101.602405, 3.067425], [101.600789, 3.06775], [101.600791, 3.067969], [101.600859, 3.067968], [101.602475, 3.067643], [101.602473, 3.067424]]]}}, {"type": "Feature", "properties": {}, "geometry": {"type": "Polygon", "coordinates": [[[101.603256, 3.066678], [101.603188, 3.06668], [101.601572, 3.067005], [101.601577, 3.067222], [101.601645, 3.067221], [101.603261, 3.066896], [101.603256, 3.066678]]]}}, {"type": "Feature", "properties": {}, "geometry": {"type": "Polygon", "coordinates": [[[101.604546, 3.068259], [101.60293, 3.068584], [101.602929, 3.068652], [101.603147, 3.068655], [101.604763, 3.06833], [101.604764, 3.068261], [101.604546, 3.068259]]]}}, {"type": "Feature", "properties": {}, "geometry": {"type": "Polygon", "coordinates": [[[101.603904, 3.065909], [101.602611, 3.066169], [101.602611, 3.066237], [101.602831, 3.066237], [101.604124, 3.065977], [101.604124, 3.065909], [101.603904, 3.065909]]]}}, {"type": "Feature", "properties": {}, "geometry": {"type": "Polygon", "coordinates": [[[101.604228, 3.067781], [101.602612, 3.068106], [101.602612, 3.068174], [101.602825, 3.068174], [101.604441, 3.067849], [101.604441, 3.067781], [101.604228, 3.067781]]]}}, {"type": "Feature", "properties": {}, "geometry": {"type": "Polygon", "coordinates": [[[101.602678, 3.067422], [101.60261, 3.067423], [101.600994, 3.067748], [101.600996, 3.067967], [101.601064, 3.067966], [101.60268, 3.067641], [101.602678, 3.067422]]]}}, {"type": "Feature", "properties": {}, "geometry": {"type": "Polygon", "coordinates": [[[101.60182, 3.069106], [101.601739, 3.069107], [101.600122, 3.069432], [101.600125, 3.06965], [101.600207, 3.069649], [101.601823, 3.069324], [101.60182, 3.069106]]]}}, {"type": "Feature", "properties": {}, "geometry": {"type": "Polygon", "coordinates": [[[101.603051, 3.066683], [101.602983, 3.066685], [101.601367, 3.06701], [101.601372, 3.067227], [101.60144, 3.067226], [101.603056, 3.066901], [101.603051, 3.066683]]]}}, {"type": "Feature", "properties": {}, "geometry": {"type": "Polygon", "coordinates": [[[101.603266, 3.06701], [101.603198, 3.067012], [101.601582, 3.067337], [101.601585, 3.06755], [101.601654, 3.067549], [101.60327, 3.067224], [101.603266, 3.06701]]]}}, {"type": "Feature", "properties": {}, "geometry": {"type": "Polygon", "coordinates": [[[101.603264, 3.067411], [101.603196, 3.067412], [101.60158, 3.067737], [101.601584, 3.067953], [101.601652, 3.067952], [101.603268, 3.067627], [101.603264, 3.067411]]]}}, {"type": "Feature", "properties": {}, "geometry": {"type": "Polygon", "coordinates": [[[101.602548, 3.06775], [101.602479, 3.067751], [101.600863, 3.068076], [101.600865, 3.068296], [101.600933, 3.068295], [101.602549, 3.06797], [101.602548, 3.06775]]]}}, {"type": "Feature", "properties": {}, "geometry": {"type": "Polygon", "coordinates": [[[101.603821, 3.066425], [101.602205, 3.066749], [101.602203, 3.066808], [101.602385, 3.06681], [101.604001, 3.066485], [101.604043, 3.066445], [101.604042, 3.066426], [101.603821, 3.066425]]]}}, {"type": "Feature", "properties": {}, "geometry": {"type": "Polygon", "coordinates": [[[101.604235, 3.066853], [101.602942, 3.067113], [101.602942, 3.067181], [101.603156, 3.067181], [101.604449, 3.066921], [101.604449, 3.066854], [101.604235, 3.066853]]]}}, {"type": "Feature", "properties": {}, "geometry": {"type": "Polygon", "coordinates": [[[101.603713, 3.065572], [101.60349, 3.065574], [101.601874, 3.065899], [101.601875, 3.065967], [101.602097, 3.065966], [101.603713, 3.065641], [101.603713, 3.065572]]]}}, {"type": "Feature", "properties": {}, "geometry": {"type": "Polygon", "coordinates": [[[101.60207, 3.06943], [101.601988, 3.069432], [101.600372, 3.069757], [101.600376, 3.06997], [101.600458, 3.069968], [101.602074, 3.069643], [101.60207, 3.06943]]]}}, {"type": "Feature", "properties": {}, "geometry": {"type": "Polygon", "coordinates": [[[101.602753, 3.067749], [101.602684, 3.067749], [101.601068, 3.068074], [101.60107, 3.068294], [101.601138, 3.068293], [101.602754, 3.067968], [101.602753, 3.067749]]]}}, {"type": "Feature", "properties": {}, "geometry": {"type": "Polygon", "coordinates": [[[101.603825, 3.065917], [101.602209, 3.066242], [101.602208, 3.06631], [101.602429, 3.066312], [101.604045, 3.065987], [101.604046, 3.065918], [101.603825, 3.065917]]]}}, {"type": "Feature", "properties": {}, "geometry": {"type": "Polygon", "coordinates": [[[101.604042, 3.069045], [101.603824, 3.069048], [101.602208, 3.069373], [101.602209, 3.069441], [101.602426, 3.069439], [101.604042, 3.069114], [101.604042, 3.069045]]]}}, {"type": "Feature", "properties": {}, "geometry": {"type": "Polygon", "coordinates": [[[101.603823, 3.067732], [101.603755, 3.067733], [101.602139, 3.068058], [101.602142, 3.068275], [101.60221, 3.068274], [101.603826, 3.067949], [101.603823, 3.067732]]]}}, {"type": "Feature", "properties": {}, "geometry": {"type": "Polygon", "coordinates": [[[101.604451, 3.066318], [101.604228, 3.066319], [101.602936, 3.066579], [101.602936, 3.066648], [101.603158, 3.066646], [101.604451, 3.066386], [101.604451, 3.066318]]]}}, {"type": "Feature", "properties": {}, "geometry": {"type": "Polygon", "coordinates": [[[101.604228, 3.067917], [101.602612, 3.068242], [101.602612, 3.06831], [101.602825, 3.06831], [101.604441, 3.067985], [101.604441, 3.067917], [101.604228, 3.067917]]]}}, {"type": "Feature", "properties": {}, "geometry": {"type": "Polygon", "coordinates": [[[101.603344, 3.067739], [101.603276, 3.06774], [101.60166, 3.068065], [101.601663, 3.068282], [101.601731, 3.068281], [101.603347, 3.067956], [101.603344, 3.067739]]]}}, {"type": "Feature", "properties": {}, "geometry": {"type": "Polygon", "coordinates": [[[101.603733, 3.066667], [101.603665, 3.066669], [101.602049, 3.066994], [101.602054, 3.067211], [101.602122, 3.06721], [101.603738, 3.066885], [101.603733, 3.066667]]]}}, {"type": "Feature", "properties": {}, "geometry": {"type": "Polygon", "coordinates": [[[101.604548, 3.068054], [101.602932, 3.068379], [101.602931, 3.068447], [101.603149, 3.068449], [101.604765, 3.068124], [101.604766, 3.068056], [101.604548, 3.068054]]]}}, {"type": "Feature", "properties": {}, "geometry": {"type": "Polygon", "coordinates": [[[101.603904, 3.065705], [101.602611, 3.065965], [101.602611, 3.066033], [101.602831, 3.066033], [101.604124, 3.065773], [101.604124, 3.065705], [101.603904, 3.065705]]]}}, {"type": "Feature", "properties": {}, "geometry": {"type": "Polygon", "coordinates": [[[101.603719, 3.06911], [101.603504, 3.06911], [101.601888, 3.069435], [101.601888, 3.069504], [101.602103, 3.069503], [101.603719, 3.069178], [101.603719, 3.06911]]]}}, {"type": "Feature", "properties": {}, "geometry": {"type": "Polygon", "coordinates": [[[101.604235, 3.066718], [101.602942, 3.066978], [101.602942, 3.067045], [101.603157, 3.067046], [101.604449, 3.066786], [101.60445, 3.066718], [101.604235, 3.066718]]]}}, {"type": "Feature", "properties": {}, "geometry": {"type": "Polygon", "coordinates": [[[101.602788, 3.067019], [101.602719, 3.06702], [101.601103, 3.067345], [101.601107, 3.067559], [101.601175, 3.067557], [101.602792, 3.067232], [101.602788, 3.067019]]]}}, {"type": "Feature", "properties": {}, "geometry": {"type": "Polygon", "coordinates": [[[101.604545, 3.068327], [101.602929, 3.068652], [101.602929, 3.068721], [101.603146, 3.068723], [101.604762, 3.068398], [101.604763, 3.06833], [101.604545, 3.068327]]]}}, {"type": "Feature", "properties": {}, "geometry": {"type": "Polygon", "coordinates": [[[101.603712, 3.065436], [101.603489, 3.065437], [101.601873, 3.065762], [101.601874, 3.06583], [101.602096, 3.065829], [101.603712, 3.065504], [101.603712, 3.065436]]]}}, {"type": "Feature", "properties": {}, "geometry": {"type": "Polygon", "coordinates": [[[101.603196, 3.067412], [101.603127, 3.067413], [101.601511, 3.067738], [101.601515, 3.067955], [101.601584, 3.067953], [101.6032, 3.067629], [101.603196, 3.067412]]]}}, {"type": "Feature", "properties": {}, "geometry": {"type": "Polygon", "coordinates": [[[101.60291, 3.069089], [101.602829, 3.06909], [101.601213, 3.069415], [101.601216, 3.069629], [101.601297, 3.069627], [101.602913, 3.069302], [101.60291, 3.069089]]]}}, {"type": "Feature", "properties": {}, "geometry": {"type": "Polygon", "coordinates": [[[101.611988, 3.070187], [101.611928, 3.070187], [101.611066, 3.07036], [101.611068, 3.070509], [101.611128, 3.070509], [101.61199, 3.070336], [101.611988, 3.070187]]]}}, {"type": "Feature", "properties": {}, "geometry": {"type": "Polygon", "coordinates": [[[101.612049, 3.070186], [101.611988, 3.070187], [101.611127, 3.07036], [101.611128, 3.070509], [101.611188, 3.070508], [101.61205, 3.070335], [101.612049, 3.070186]]]}}, {"type": "Feature", "properties": {}, "geometry": {"type": "Polygon", "coordinates": [[[101.612109, 3.070185], [101.612049, 3.070186], [101.611187, 3.070359], [101.611188, 3.070508], [101.611249, 3.070508], [101.612111, 3.070334], [101.612109, 3.070185]]]}}, {"type": "Feature", "properties": {}, "geometry": {"type": "Polygon", "coordinates": [[[101.61217, 3.070185], [101.612109, 3.070185], [101.611248, 3.070359], [101.611249, 3.070508], [101.611309, 3.070507], [101.612171, 3.070334], [101.61217, 3.070185]]]}}, {"type": "Feature", "properties": {}, "geometry": {"type": "Polygon", "coordinates": [[[101.61223, 3.070184], [101.61217, 3.070185], [101.611308, 3.070358], [101.611309, 3.070507], [101.61137, 3.070507], [101.612232, 3.070333], [101.61223, 3.070184]]]}}, {"type": "Feature", "properties": {}, "geometry": {"type": "Polygon", "coordinates": [[[101.612291, 3.070184], [101.61223, 3.070184], [101.611368, 3.070358], [101.61137, 3.070507], [101.61143, 3.070506], [101.612292, 3.070333], [101.612291, 3.070184]]]}}, {"type": "Feature", "properties": {}, "geometry": {"type": "Polygon", "coordinates": [[[101.612351, 3.070183], [101.612291, 3.070184], [101.611429, 3.070357], [101.61143, 3.070506], [101.611491, 3.070505], [101.612353, 3.070332], [101.612351, 3.070183]]]}}, {"type": "Feature", "properties": {}, "geometry": {"type": "Polygon", "coordinates": [[[101.612412, 3.070183], [101.612351, 3.070183], [101.611489, 3.070356], [101.611491, 3.070505], [101.611551, 3.070505], [101.612413, 3.070332], [101.612412, 3.070183]]]}}, {"type": "Feature", "properties": {}, "geometry": {"type": "Polygon", "coordinates": [[[101.612472, 3.070182], [101.612412, 3.070183], [101.61155, 3.070356], [101.611551, 3.070505], [101.611612, 3.070504], [101.612473, 3.070331], [101.612472, 3.070182]]]}}, {"type": "Feature", "properties": {}, "geometry": {"type": "Polygon", "coordinates": [[[101.612532, 3.070182], [101.612472, 3.070182], [101.61161, 3.070355], [101.611612, 3.070504], [101.611672, 3.070504], [101.612534, 3.070331], [101.612532, 3.070182]]]}}, {"type": "Feature", "properties": {}, "geometry": {"type": "Polygon", "coordinates": [[[101.612593, 3.070181], [101.612532, 3.070182], [101.611671, 3.070355], [101.611672, 3.070504], [101.611732, 3.070503], [101.612594, 3.07033], [101.612593, 3.070181]]]}}, {"type": "Feature", "properties": {}, "geometry": {"type": "Polygon", "coordinates": [[[101.612773, 3.070182], [101.612712, 3.070183], [101.611851, 3.070356], [101.611852, 3.070495], [101.611913, 3.070495], [101.612774, 3.070322], [101.612773, 3.070182]]]}}, {"type": "Feature", "properties": {}, "geometry": {"type": "Polygon", "coordinates": [[[101.612834, 3.070182], [101.612773, 3.070182], [101.611911, 3.070355], [101.611913, 3.070495], [101.611973, 3.070494], [101.612835, 3.070321], [101.612834, 3.070182]]]}}, {"type": "Feature", "properties": {}, "geometry": {"type": "Polygon", "coordinates": [[[101.612894, 3.070181], [101.612834, 3.070182], [101.611972, 3.070355], [101.611973, 3.070494], [101.612034, 3.070494], [101.612896, 3.07032], [101.612894, 3.070181]]]}}, {"type": "Feature", "properties": {}, "geometry": {"type": "Polygon", "coordinates": [[[101.612955, 3.070181], [101.612894, 3.070181], [101.612033, 3.070354], [101.612034, 3.070494], [101.612095, 3.070493], [101.612956, 3.07032], [101.612955, 3.070181]]]}}, {"type": "Feature", "properties": {}, "geometry": {"type": "Polygon", "coordinates": [[[101.613016, 3.07018], [101.612955, 3.070181], [101.612093, 3.070354], [101.612095, 3.070493], [101.612155, 3.070492], [101.613017, 3.070319], [101.613016, 3.07018]]]}}, {"type": "Feature", "properties": {}, "geometry": {"type": "Polygon", "coordinates": [[[101.613076, 3.070179], [101.613016, 3.07018], [101.612154, 3.070353], [101.612155, 3.070492], [101.612216, 3.070492], [101.613078, 3.070319], [101.613076, 3.070179]]]}}, {"type": "Feature", "properties": {}, "geometry": {"type": "Polygon", "coordinates": [[[101.613137, 3.070179], [101.613076, 3.070179], [101.612215, 3.070353], [101.612216, 3.070492], [101.612276, 3.070491], [101.613138, 3.070318], [101.613137, 3.070179]]]}}, {"type": "Feature", "properties": {}, "geometry": {"type": "Polygon", "coordinates": [[[101.613198, 3.070178], [101.613137, 3.070179], [101.612275, 3.070352], [101.612276, 3.070491], [101.612337, 3.070491], [101.613199, 3.070318], [101.613198, 3.070178]]]}}, {"type": "Feature", "properties": {}, "geometry": {"type": "Polygon", "coordinates": [[[101.613258, 3.070178], [101.613198, 3.070178], [101.612336, 3.070352], [101.612337, 3.070491], [101.612398, 3.07049], [101.61326, 3.070317], [101.613258, 3.070178]]]}}, {"type": "Feature", "properties": {}, "geometry": {"type": "Polygon", "coordinates": [[[101.613319, 3.070177], [101.613258, 3.070178], [101.612397, 3.070351], [101.612398, 3.07049], [101.612459, 3.07049], [101.61332, 3.070317], [101.613319, 3.070177]]]}}, {"type": "Feature", "properties": {}, "geometry": {"type": "Polygon", "coordinates": [[[101.61338, 3.070177], [101.613319, 3.070177], [101.612457, 3.07035], [101.612459, 3.07049], [101.612519, 3.070489], [101.613381, 3.070316], [101.61338, 3.070177]]]}}, {"type": "Feature", "properties": {}, "geometry": {"type": "Polygon", "coordinates": [[[101.61344, 3.070176], [101.61338, 3.070177], [101.612518, 3.07035], [101.612519, 3.070489], [101.61258, 3.070489], [101.613442, 3.070315], [101.61344, 3.070176]]]}}, {"type": "Feature", "properties": {}, "geometry": {"type": "Polygon", "coordinates": [[[101.613672, 3.070179], [101.613611, 3.070179], [101.612749, 3.070353], [101.612751, 3.070493], [101.612812, 3.070492], [101.613673, 3.070319], [101.613672, 3.070179]]]}}, {"type": "Feature", "properties": {}, "geometry": {"type": "Polygon", "coordinates": [[[101.613733, 3.070178], [101.613672, 3.070179], [101.61281, 3.070352], [101.612812, 3.070492], [101.612872, 3.070492], [101.613734, 3.070319], [101.613733, 3.070178]]]}}, {"type": "Feature", "properties": {}, "geometry": {"type": "Polygon", "coordinates": [[[101.613794, 3.070178], [101.613733, 3.070178], [101.612871, 3.070352], [101.612872, 3.070492], [101.612933, 3.070491], [101.613795, 3.070318], [101.613794, 3.070178]]]}}, {"type": "Feature", "properties": {}, "geometry": {"type": "Polygon", "coordinates": [[[101.613855, 3.070177], [101.613794, 3.070178], [101.612932, 3.070351], [101.612933, 3.070491], [101.612994, 3.070491], [101.613856, 3.070317], [101.613855, 3.070177]]]}}, {"type": "Feature", "properties": {}, "geometry": {"type": "Polygon", "coordinates": [[[101.613916, 3.070177], [101.613855, 3.070177], [101.612993, 3.07035], [101.612994, 3.070491], [101.613055, 3.07049], [101.613917, 3.070317], [101.613916, 3.070177]]]}}, {"type": "Feature", "properties": {}, "geometry": {"type": "Polygon", "coordinates": [[[101.613977, 3.070176], [101.613916, 3.070177], [101.613054, 3.07035], [101.613055, 3.07049], [101.613116, 3.07049], [101.613978, 3.070316], [101.613977, 3.070176]]]}}, {"type": "Feature", "properties": {}, "geometry": {"type": "Polygon", "coordinates": [[[101.614037, 3.070176], [101.613977, 3.070176], [101.613115, 3.070349], [101.613116, 3.07049], [101.613177, 3.070489], [101.614039, 3.070316], [101.614037, 3.070176]]]}}, {"type": "Feature", "properties": {}, "geometry": {"type": "Polygon", "coordinates": [[[101.614098, 3.070175], [101.614037, 3.070176], [101.613176, 3.070349], [101.613177, 3.070489], [101.613238, 3.070489], [101.6141, 3.070315], [101.614098, 3.070175]]]}}, {"type": "Feature", "properties": {}, "geometry": {"type": "Polygon", "coordinates": [[[101.614159, 3.070174], [101.614098, 3.070175], [101.613236, 3.070348], [101.613238, 3.070489], [101.613299, 3.070488], [101.614161, 3.070315], [101.614159, 3.070174]]]}}, {"type": "Feature", "properties": {}, "geometry": {"type": "Polygon", "coordinates": [[[101.61422, 3.070174], [101.614159, 3.070174], [101.613297, 3.070348], [101.613299, 3.070488], [101.61336, 3.070487], [101.614221, 3.070314], [101.61422, 3.070174]]]}}, {"type": "Feature", "properties": {}, "geometry": {"type": "Polygon", "coordinates": [[[101.614281, 3.070173], [101.61422, 3.070174], [101.613358, 3.070347], [101.61336, 3.070487], [101.613421, 3.070487], [101.614282, 3.070314], [101.614281, 3.070173]]]}}, {"type": "Feature", "properties": {}, "geometry": {"type": "Polygon", "coordinates": [[[101.614342, 3.06979], [101.614281, 3.069791], [101.613419, 3.069964], [101.61342, 3.070121], [101.613481, 3.07012], [101.614343, 3.069947], [101.614342, 3.06979]]]}}, {"type": "Feature", "properties": {}, "geometry": {"type": "Polygon", "coordinates": [[[101.614281, 3.069791], [101.614219, 3.069792], [101.613357, 3.069965], [101.613359, 3.070121], [101.61342, 3.070121], [101.614282, 3.069948], [101.614281, 3.069791]]]}}, {"type": "Feature", "properties": {}, "geometry": {"type": "Polygon", "coordinates": [[[101.614219, 3.069792], [101.614158, 3.069792], [101.613296, 3.069965], [101.613298, 3.070122], [101.613359, 3.070121], [101.614221, 3.069948], [101.614219, 3.069792]]]}}, {"type": "Feature", "properties": {}, "geometry": {"type": "Polygon", "coordinates": [[[101.614158, 3.069792], [101.614097, 3.069793], [101.613235, 3.069966], [101.613236, 3.070123], [101.613298, 3.070122], [101.614159, 3.069949], [101.614158, 3.069792]]]}}, {"type": "Feature", "properties": {}, "geometry": {"type": "Polygon", "coordinates": [[[101.614097, 3.069793], [101.614035, 3.069793], [101.613174, 3.069967], [101.613175, 3.070123], [101.613236, 3.070123], [101.614098, 3.069949], [101.614097, 3.069793]]]}}, {"type": "Feature", "properties": {}, "geometry": {"type": "Polygon", "coordinates": [[[101.614035, 3.069793], [101.613974, 3.069794], [101.613112, 3.069967], [101.613114, 3.070124], [101.613175, 3.070123], [101.614037, 3.06995], [101.614035, 3.069793]]]}}, {"type": "Feature", "properties": {}, "geometry": {"type": "Polygon", "coordinates": [[[101.613974, 3.069794], [101.613913, 3.069794], [101.613051, 3.069968], [101.613052, 3.070124], [101.613114, 3.070124], [101.613976, 3.069951], [101.613974, 3.069794]]]}}, {"type": "Feature", "properties": {}, "geometry": {"type": "Polygon", "coordinates": [[[101.613913, 3.069794], [101.613852, 3.069795], [101.61299, 3.069968], [101.612991, 3.070125], [101.613052, 3.070124], [101.613914, 3.069951], [101.613913, 3.069794]]]}}, {"type": "Feature", "properties": {}, "geometry": {"type": "Polygon", "coordinates": [[[101.613852, 3.069795], [101.61379, 3.069796], [101.612928, 3.069969], [101.61293, 3.070125], [101.612991, 3.070125], [101.613853, 3.069952], [101.613852, 3.069795]]]}}, {"type": "Feature", "properties": {}, "geometry": {"type": "Polygon", "coordinates": [[[101.61379, 3.069796], [101.613729, 3.069796], [101.612867, 3.069969], [101.612869, 3.070126], [101.61293, 3.070125], [101.613792, 3.069952], [101.61379, 3.069796]]]}}, {"type": "Feature", "properties": {}, "geometry": {"type": "Polygon", "coordinates": [[[101.613729, 3.069796], [101.613668, 3.069797], [101.612806, 3.06997], [101.612807, 3.070127], [101.612869, 3.070126], [101.613731, 3.069953], [101.613729, 3.069796]]]}}, {"type": "Feature", "properties": {}, "geometry": {"type": "Polygon", "coordinates": [[[101.613668, 3.069797], [101.613607, 3.069797], [101.612745, 3.06997], [101.612746, 3.070127], [101.612807, 3.070127], [101.613669, 3.069953], [101.613668, 3.069797]]]}}, {"type": "Feature", "properties": {}, "geometry": {"type": "Polygon", "coordinates": [[[101.614342, 3.069618], [101.614281, 3.069618], [101.613419, 3.069792], [101.61342, 3.06993], [101.613481, 3.069929], [101.614343, 3.069756], [101.614342, 3.069618]]]}}, {"type": "Feature", "properties": {}, "geometry": {"type": "Polygon", "coordinates": [[[101.614281, 3.069618], [101.61422, 3.069619], [101.613358, 3.069792], [101.613359, 3.06993], [101.61342, 3.06993], [101.614282, 3.069756], [101.614281, 3.069618]]]}}, {"type": "Feature", "properties": {}, "geometry": {"type": "Polygon", "coordinates": [[[101.61422, 3.069619], [101.614158, 3.069619], [101.613297, 3.069793], [101.613298, 3.069931], [101.613359, 3.06993], [101.614221, 3.069757], [101.61422, 3.069619]]]}}, {"type": "Feature", "properties": {}, "geometry": {"type": "Polygon", "coordinates": [[[101.614158, 3.069619], [101.614097, 3.06962], [101.613235, 3.069793], [101.613237, 3.069931], [101.613298, 3.069931], [101.61416, 3.069757], [101.614158, 3.069619]]]}}, {"type": "Feature", "properties": {}, "geometry": {"type": "Polygon", "coordinates": [[[101.614097, 3.06962], [101.614036, 3.069621], [101.613174, 3.069794], [101.613175, 3.069932], [101.613237, 3.069931], [101.614099, 3.069758], [101.614097, 3.06962]]]}}, {"type": "Feature", "properties": {}, "geometry": {"type": "Polygon", "coordinates": [[[101.614036, 3.069621], [101.613975, 3.069621], [101.613113, 3.069794], [101.613114, 3.069932], [101.613175, 3.069932], [101.614037, 3.069759], [101.614036, 3.069621]]]}}, {"type": "Feature", "properties": {}, "geometry": {"type": "Polygon", "coordinates": [[[101.613975, 3.069621], [101.613914, 3.069622], [101.613052, 3.069795], [101.613053, 3.069933], [101.613114, 3.069932], [101.613976, 3.069759], [101.613975, 3.069621]]]}}, {"type": "Feature", "properties": {}, "geometry": {"type": "Polygon", "coordinates": [[[101.613914, 3.069622], [101.613853, 3.069622], [101.612991, 3.069796], [101.612992, 3.069933], [101.613053, 3.069933], [101.613915, 3.06976], [101.613914, 3.069622]]]}}, {"type": "Feature", "properties": {}, "geometry": {"type": "Polygon", "coordinates": [[[101.613853, 3.069622], [101.613791, 3.069623], [101.61293, 3.069796], [101.612931, 3.069934], [101.612992, 3.069933], [101.613854, 3.06976], [101.613853, 3.069622]]]}}, {"type": "Feature", "properties": {}, "geometry": {"type": "Polygon", "coordinates": [[[101.613791, 3.069623], [101.61373, 3.069623], [101.612868, 3.069797], [101.61287, 3.069935], [101.612931, 3.069934], [101.613793, 3.069761], [101.613791, 3.069623]]]}}, {"type": "Feature", "properties": {}, "geometry": {"type": "Polygon", "coordinates": [[[101.61373, 3.069623], [101.613669, 3.069624], [101.612807, 3.069797], [101.612808, 3.069935], [101.61287, 3.069935], [101.613731, 3.069761], [101.61373, 3.069623]]]}}, {"type": "Feature", "properties": {}, "geometry": {"type": "Polygon", "coordinates": [[[101.613669, 3.069624], [101.613608, 3.069624], [101.612746, 3.069798], [101.612747, 3.069936], [101.612808, 3.069935], [101.61367, 3.069762], [101.613669, 3.069624]]]}}, {"type": "Feature", "properties": {}, "geometry": {"type": "Polygon", "coordinates": [[[101.614342, 3.069241], [101.614281, 3.069242], [101.613419, 3.069415], [101.61342, 3.069566], [101.613481, 3.069565], [101.614343, 3.069392], [101.614342, 3.069241]]]}}, {"type": "Feature", "properties": {}, "geometry": {"type": "Polygon", "coordinates": [[[101.614281, 3.069242], [101.61422, 3.069242], [101.613358, 3.069416], [101.613359, 3.069567], [101.61342, 3.069566], [101.614282, 3.069393], [101.614281, 3.069242]]]}}, {"type": "Feature", "properties": {}, "geometry": {"type": "Polygon", "coordinates": [[[101.61422, 3.069242], [101.614159, 3.069243], [101.613297, 3.069416], [101.613298, 3.069567], [101.613359, 3.069567], [101.614221, 3.069393], [101.61422, 3.069242]]]}}, {"type": "Feature", "properties": {}, "geometry": {"type": "Polygon", "coordinates": [[[101.614159, 3.069243], [101.614098, 3.069243], [101.613236, 3.069417], [101.613237, 3.069568], [101.613298, 3.069567], [101.61416, 3.069394], [101.614159, 3.069243]]]}}, {"type": "Feature", "properties": {}, "geometry": {"type": "Polygon", "coordinates": [[[101.614098, 3.069243], [101.614037, 3.069244], [101.613175, 3.069417], [101.613176, 3.069568], [101.613237, 3.069568], [101.614099, 3.069394], [101.614098, 3.069243]]]}}, {"type": "Feature", "properties": {}, "geometry": {"type": "Polygon", "coordinates": [[[101.614037, 3.069244], [101.613976, 3.069245], [101.613114, 3.069418], [101.613116, 3.069569], [101.613176, 3.069568], [101.614038, 3.069395], [101.614037, 3.069244]]]}}, {"type": "Feature", "properties": {}, "geometry": {"type": "Polygon", "coordinates": [[[101.613976, 3.069245], [101.613915, 3.069245], [101.613053, 3.069418], [101.613055, 3.069569], [101.613116, 3.069569], [101.613977, 3.069396], [101.613976, 3.069245]]]}}, {"type": "Feature", "properties": {}, "geometry": {"type": "Polygon", "coordinates": [[[101.613915, 3.069245], [101.613854, 3.069246], [101.612992, 3.069419], [101.612994, 3.06957], [101.613055, 3.069569], [101.613916, 3.069396], [101.613915, 3.069245]]]}}, {"type": "Feature", "properties": {}, "geometry": {"type": "Polygon", "coordinates": [[[101.613854, 3.069246], [101.613793, 3.069246], [101.612931, 3.069419], [101.612933, 3.069571], [101.612994, 3.06957], [101.613855, 3.069397], [101.613854, 3.069246]]]}}, {"type": "Feature", "properties": {}, "geometry": {"type": "Polygon", "coordinates": [[[101.613793, 3.069246], [101.613732, 3.069247], [101.61287, 3.06942], [101.612872, 3.069571], [101.612933, 3.069571], [101.613794, 3.069397], [101.613793, 3.069246]]]}}, {"type": "Feature", "properties": {}, "geometry": {"type": "Polygon", "coordinates": [[[101.613732, 3.069247], [101.613671, 3.069247], [101.612809, 3.069421], [101.612811, 3.069572], [101.612872, 3.069571], [101.613734, 3.069398], [101.613732, 3.069247]]]}}, {"type": "Feature", "properties": {}, "geometry": {"type": "Polygon", "coordinates": [[[101.613671, 3.069247], [101.61361, 3.069248], [101.612748, 3.069421], [101.61275, 3.069572], [101.612811, 3.069572], [101.613673, 3.069398], [101.613671, 3.069247]]]}}, {"type": "Feature", "properties": {}, "geometry": {"type": "Polygon", "coordinates": [[[101.614339, 3.069069], [101.614278, 3.06907], [101.613416, 3.069243], [101.613418, 3.069393], [101.613479, 3.069392], [101.61434, 3.069219], [101.614339, 3.069069]]]}}, {"type": "Feature", "properties": {}, "geometry": {"type": "Polygon", "coordinates": [[[101.614278, 3.06907], [101.614218, 3.069071], [101.613356, 3.069244], [101.613357, 3.069393], [101.613418, 3.069393], [101.61428, 3.069219], [101.614278, 3.06907]]]}}, {"type": "Feature", "properties": {}, "geometry": {"type": "Polygon", "coordinates": [[[101.614218, 3.069071], [101.614157, 3.069071], [101.613295, 3.069244], [101.613297, 3.069394], [101.613357, 3.069393], [101.614219, 3.06922], [101.614218, 3.069071]]]}}, {"type": "Feature", "properties": {}, "geometry": {"type": "Polygon", "coordinates": [[[101.614157, 3.069071], [101.614096, 3.069072], [101.613235, 3.069245], [101.613236, 3.069394], [101.613297, 3.069394], [101.614159, 3.06922], [101.614157, 3.069071]]]}}, {"type": "Feature", "properties": {}, "geometry": {"type": "Polygon", "coordinates": [[[101.614096, 3.069072], [101.614036, 3.069072], [101.613174, 3.069246], [101.613175, 3.069395], [101.613236, 3.069394], [101.614098, 3.069221], [101.614096, 3.069072]]]}}, {"type": "Feature", "properties": {}, "geometry": {"type": "Polygon", "coordinates": [[[101.614036, 3.069072], [101.613975, 3.069073], [101.613113, 3.069246], [101.613115, 3.069395], [101.613175, 3.069395], [101.614037, 3.069222], [101.614036, 3.069072]]]}}, {"type": "Feature", "properties": {}, "geometry": {"type": "Polygon", "coordinates": [[[101.613975, 3.069073], [101.613915, 3.069073], [101.613053, 3.069247], [101.613054, 3.069396], [101.613115, 3.069395], [101.613977, 3.069222], [101.613975, 3.069073]]]}}, {"type": "Feature", "properties": {}, "geometry": {"type": "Polygon", "coordinates": [[[101.613915, 3.069073], [101.613854, 3.069074], [101.612992, 3.069247], [101.612993, 3.069396], [101.613054, 3.069396], [101.613916, 3.069223], [101.613915, 3.069073]]]}}, {"type": "Feature", "properties": {}, "geometry": {"type": "Polygon", "coordinates": [[[101.613854, 3.069074], [101.613793, 3.069074], [101.612932, 3.069248], [101.612933, 3.069397], [101.612993, 3.069396], [101.613855, 3.069223], [101.613854, 3.069074]]]}}, {"type": "Feature", "properties": {}, "geometry": {"type": "Polygon", "coordinates": [[[101.613793, 3.069074], [101.613733, 3.069075], [101.612871, 3.069248], [101.612872, 3.069398], [101.612933, 3.069397], [101.613795, 3.069224], [101.613793, 3.069074]]]}}, {"type": "Feature", "properties": {}, "geometry": {"type": "Polygon", "coordinates": [[[101.613733, 3.069075], [101.613672, 3.069076], [101.61281, 3.069249], [101.612812, 3.069398], [101.612872, 3.069398], [101.613734, 3.069224], [101.613733, 3.069075]]]}}, {"type": "Feature", "properties": {}, "geometry": {"type": "Polygon", "coordinates": [[[101.613672, 3.069076], [101.613611, 3.069076], [101.61275, 3.069249], [101.612751, 3.069399], [101.612812, 3.069398], [101.613673, 3.069225], [101.613672, 3.069076]]]}}, {"type": "Feature", "properties": {}, "geometry": {"type": "Polygon", "coordinates": [[[101.612651, 3.069796], [101.61259, 3.069797], [101.611728, 3.06997], [101.611729, 3.070124], [101.61179, 3.070123], [101.612652, 3.06995], [101.612651, 3.069796]]]}}, {"type": "Feature", "properties": {}, "geometry": {"type": "Polygon", "coordinates": [[[101.61259, 3.069797], [101.612529, 3.069798], [101.611667, 3.069971], [101.611669, 3.070124], [101.611729, 3.070124], [101.612591, 3.069951], [101.61259, 3.069797]]]}}, {"type": "Feature", "properties": {}, "geometry": {"type": "Polygon", "coordinates": [[[101.612529, 3.069798], [101.612469, 3.069798], [101.611607, 3.069971], [101.611608, 3.070125], [101.611669, 3.070124], [101.612531, 3.069951], [101.612529, 3.069798]]]}}, {"type": "Feature", "properties": {}, "geometry": {"type": "Polygon", "coordinates": [[[101.612469, 3.069798], [101.612408, 3.069799], [101.611546, 3.069972], [101.611548, 3.070126], [101.611608, 3.070125], [101.61247, 3.069952], [101.612469, 3.069798]]]}}, {"type": "Feature", "properties": {}, "geometry": {"type": "Polygon", "coordinates": [[[101.612408, 3.069799], [101.612347, 3.069799], [101.611485, 3.069972], [101.611487, 3.070126], [101.611548, 3.070126], [101.612409, 3.069952], [101.612408, 3.069799]]]}}, {"type": "Feature", "properties": {}, "geometry": {"type": "Polygon", "coordinates": [[[101.612347, 3.069799], [101.612287, 3.0698], [101.611425, 3.069973], [101.611426, 3.070127], [101.611487, 3.070126], [101.612349, 3.069953], [101.612347, 3.069799]]]}}, {"type": "Feature", "properties": {}, "geometry": {"type": "Polygon", "coordinates": [[[101.612287, 3.0698], [101.612226, 3.0698], [101.611364, 3.069974], [101.611366, 3.070127], [101.611426, 3.070127], [101.612288, 3.069953], [101.612287, 3.0698]]]}}, {"type": "Feature", "properties": {}, "geometry": {"type": "Polygon", "coordinates": [[[101.612226, 3.0698], [101.612165, 3.069801], [101.611303, 3.069974], [101.611305, 3.070128], [101.611366, 3.070127], [101.612227, 3.069954], [101.612226, 3.0698]]]}}, {"type": "Feature", "properties": {}, "geometry": {"type": "Polygon", "coordinates": [[[101.612165, 3.069801], [101.612105, 3.069801], [101.611243, 3.069975], [101.611244, 3.070128], [101.611305, 3.070128], [101.612167, 3.069955], [101.612165, 3.069801]]]}}, {"type": "Feature", "properties": {}, "geometry": {"type": "Polygon", "coordinates": [[[101.612105, 3.069801], [101.612044, 3.069802], [101.611182, 3.069975], [101.611184, 3.070129], [101.611244, 3.070128], [101.612106, 3.069955], [101.612105, 3.069801]]]}}, {"type": "Feature", "properties": {}, "geometry": {"type": "Polygon", "coordinates": [[[101.612044, 3.069802], [101.611983, 3.069803], [101.611121, 3.069976], [101.611123, 3.070129], [101.611184, 3.070129], [101.612045, 3.069956], [101.612044, 3.069802]]]}}, {"type": "Feature", "properties": {}, "geometry": {"type": "Polygon", "coordinates": [[[101.612656, 3.069613], [101.612595, 3.069614], [101.611733, 3.069787], [101.611734, 3.06995], [101.611795, 3.069949], [101.612657, 3.069776], [101.612656, 3.069613]]]}}, {"type": "Feature", "properties": {}, "geometry": {"type": "Polygon", "coordinates": [[[101.612595, 3.069614], [101.612534, 3.069614], [101.611672, 3.069788], [101.611673, 3.06995], [101.611734, 3.06995], [101.612596, 3.069776], [101.612595, 3.069614]]]}}, {"type": "Feature", "properties": {}, "geometry": {"type": "Polygon", "coordinates": [[[101.612534, 3.069614], [101.612473, 3.069615], [101.611611, 3.069788], [101.611612, 3.069951], [101.611673, 3.06995], [101.612535, 3.069777], [101.612534, 3.069614]]]}}, {"type": "Feature", "properties": {}, "geometry": {"type": "Polygon", "coordinates": [[[101.612473, 3.069615], [101.612412, 3.069616], [101.61155, 3.069789], [101.611551, 3.069951], [101.611612, 3.069951], [101.612474, 3.069777], [101.612473, 3.069615]]]}}, {"type": "Feature", "properties": {}, "geometry": {"type": "Polygon", "coordinates": [[[101.612412, 3.069616], [101.612351, 3.069616], [101.611489, 3.069789], [101.61149, 3.069952], [101.611551, 3.069951], [101.612413, 3.069778], [101.612412, 3.069616]]]}}, {"type": "Feature", "properties": {}, "geometry": {"type": "Polygon", "coordinates": [[[101.612351, 3.069616], [101.61229, 3.069617], [101.611428, 3.06979], [101.611429, 3.069952], [101.61149, 3.069952], [101.612352, 3.069779], [101.612351, 3.069616]]]}}, {"type": "Feature", "properties": {}, "geometry": {"type": "Polygon", "coordinates": [[[101.61229, 3.069617], [101.612229, 3.069617], [101.611367, 3.06979], [101.611368, 3.069953], [101.611429, 3.069952], [101.612291, 3.069779], [101.61229, 3.069617]]]}}, {"type": "Feature", "properties": {}, "geometry": {"type": "Polygon", "coordinates": [[[101.612229, 3.069617], [101.612168, 3.069618], [101.611306, 3.069791], [101.611307, 3.069954], [101.611368, 3.069953], [101.61223, 3.06978], [101.612229, 3.069617]]]}}, {"type": "Feature", "properties": {}, "geometry": {"type": "Polygon", "coordinates": [[[101.612168, 3.069618], [101.612107, 3.069618], [101.611245, 3.069792], [101.611246, 3.069954], [101.611307, 3.069954], [101.612169, 3.06978], [101.612168, 3.069618]]]}}, {"type": "Feature", "properties": {}, "geometry": {"type": "Polygon", "coordinates": [[[101.612107, 3.069618], [101.612046, 3.069619], [101.611184, 3.069792], [101.611185, 3.069955], [101.611246, 3.069954], [101.612108, 3.069781], [101.612107, 3.069618]]]}}, {"type": "Feature", "properties": {}, "geometry": {"type": "Polygon", "coordinates": [[[101.612046, 3.069619], [101.611985, 3.069619], [101.611123, 3.069793], [101.611124, 3.069955], [101.611185, 3.069955], [101.612047, 3.069781], [101.612046, 3.069619]]]}}, {"type": "Feature", "properties": {}, "geometry": {"type": "Polygon", "coordinates": [[[101.612651, 3.069082], [101.61259, 3.069083], [101.611728, 3.069256], [101.611729, 3.069393], [101.61179, 3.069393], [101.612652, 3.069219], [101.612651, 3.069082]]]}}, {"type": "Feature", "properties": {}, "geometry": {"type": "Polygon", "coordinates": [[[101.61259, 3.069083], [101.612529, 3.069083], [101.611667, 3.069256], [101.611669, 3.069394], [101.611729, 3.069393], [101.612591, 3.06922], [101.61259, 3.069083]]]}}, {"type": "Feature", "properties": {}, "geometry": {"type": "Polygon", "coordinates": [[[101.612529, 3.069083], [101.612469, 3.069084], [101.611607, 3.069257], [101.611608, 3.069394], [101.611669, 3.069394], [101.612531, 3.06922], [101.612529, 3.069083]]]}}, {"type": "Feature", "properties": {}, "geometry": {"type": "Polygon", "coordinates": [[[101.612469, 3.069084], [101.612408, 3.069084], [101.611546, 3.069258], [101.611547, 3.069395], [101.611608, 3.069394], [101.61247, 3.069221], [101.612469, 3.069084]]]}}, {"type": "Feature", "properties": {}, "geometry": {"type": "Polygon", "coordinates": [[[101.612408, 3.069084], [101.612347, 3.069085], [101.611485, 3.069258], [101.611487, 3.069395], [101.611547, 3.069395], [101.612409, 3.069221], [101.612408, 3.069084]]]}}, {"type": "Feature", "properties": {}, "geometry": {"type": "Polygon", "coordinates": [[[101.612347, 3.069085], [101.612287, 3.069086], [101.611425, 3.069259], [101.611426, 3.069396], [101.611487, 3.069395], [101.612348, 3.069222], [101.612347, 3.069085]]]}}, {"type": "Feature", "properties": {}, "geometry": {"type": "Polygon", "coordinates": [[[101.612287, 3.069086], [101.612226, 3.069086], [101.611364, 3.069259], [101.611365, 3.069396], [101.611426, 3.069396], [101.612288, 3.069223], [101.612287, 3.069086]]]}}, {"type": "Feature", "properties": {}, "geometry": {"type": "Polygon", "coordinates": [[[101.612226, 3.069086], [101.612165, 3.069087], [101.611303, 3.06926], [101.611305, 3.069397], [101.611365, 3.069396], [101.612227, 3.069223], [101.612226, 3.069086]]]}}, {"type": "Feature", "properties": {}, "geometry": {"type": "Polygon", "coordinates": [[[101.612165, 3.069087], [101.612105, 3.069087], [101.611243, 3.06926], [101.611244, 3.069398], [101.611305, 3.069397], [101.612166, 3.069224], [101.612165, 3.069087]]]}}, {"type": "Feature", "properties": {}, "geometry": {"type": "Polygon", "coordinates": [[[101.612105, 3.069087], [101.612044, 3.069088], [101.611182, 3.069261], [101.611183, 3.069398], [101.611244, 3.069398], [101.612106, 3.069224], [101.612105, 3.069087]]]}}, {"type": "Feature", "properties": {}, "geometry": {"type": "Polygon", "coordinates": [[[101.612044, 3.069088], [101.611983, 3.069088], [101.611121, 3.069262], [101.611123, 3.069399], [101.611183, 3.069398], [101.612045, 3.069225], [101.612044, 3.069088]]]}}, {"type": "Feature", "properties": {}, "geometry": {"type": "Polygon", "coordinates": [[[101.611983, 3.069253], [101.61189, 3.069254], [101.611028, 3.069427], [101.61103, 3.069589], [101.611122, 3.069588], [101.611984, 3.069414], [101.611983, 3.069253]]]}}, {"type": "Feature", "properties": {}, "geometry": {"type": "Polygon", "coordinates": [[[101.612044, 3.069252], [101.611983, 3.069253], [101.611121, 3.069426], [101.611122, 3.069588], [101.611184, 3.069587], [101.612045, 3.069414], [101.612044, 3.069252]]]}}, {"type": "Feature", "properties": {}, "geometry": {"type": "Polygon", "coordinates": [[[101.612105, 3.069252], [101.612044, 3.069252], [101.611182, 3.069425], [101.611184, 3.069587], [101.611245, 3.069587], [101.612107, 3.069413], [101.612105, 3.069252]]]}}, {"type": "Feature", "properties": {}, "geometry": {"type": "Polygon", "coordinates": [[[101.612167, 3.069251], [101.612105, 3.069252], [101.611243, 3.069425], [101.611245, 3.069587], [101.611306, 3.069586], [101.612168, 3.069413], [101.612167, 3.069251]]]}}, {"type": "Feature", "properties": {}, "geometry": {"type": "Polygon", "coordinates": [[[101.612228, 3.06925], [101.612167, 3.069251], [101.611305, 3.069424], [101.611306, 3.069586], [101.611368, 3.069585], [101.612229, 3.069412], [101.612228, 3.06925]]]}}, {"type": "Feature", "properties": {}, "geometry": {"type": "Polygon", "coordinates": [[[101.612289, 3.06925], [101.612228, 3.06925], [101.611366, 3.069424], [101.611368, 3.069585], [101.611429, 3.069585], [101.612291, 3.069412], [101.612289, 3.06925]]]}}, {"type": "Feature", "properties": {}, "geometry": {"type": "Polygon", "coordinates": [[[101.612351, 3.069249], [101.612289, 3.06925], [101.611427, 3.069423], [101.611429, 3.069585], [101.61149, 3.069584], [101.612352, 3.069411], [101.612351, 3.069249]]]}}, {"type": "Feature", "properties": {}, "geometry": {"type": "Polygon", "coordinates": [[[101.612412, 3.069249], [101.612351, 3.069249], [101.611489, 3.069422], [101.61149, 3.069584], [101.611552, 3.069584], [101.612413, 3.06941], [101.612412, 3.069249]]]}}, {"type": "Feature", "properties": {}, "geometry": {"type": "Polygon", "coordinates": [[[101.612473, 3.069248], [101.612412, 3.069249], [101.61155, 3.069422], [101.611552, 3.069584], [101.611613, 3.069583], [101.612475, 3.06941], [101.612473, 3.069248]]]}}, {"type": "Feature", "properties": {}, "geometry": {"type": "Polygon", "coordinates": [[[101.612535, 3.069248], [101.612473, 3.069248], [101.611611, 3.069421], [101.611613, 3.069583], [101.611674, 3.069583], [101.612536, 3.069409], [101.612535, 3.069248]]]}}, {"type": "Feature", "properties": {}, "geometry": {"type": "Polygon", "coordinates": [[[101.612596, 3.069247], [101.612535, 3.069248], [101.611673, 3.069421], [101.611674, 3.069583], [101.611735, 3.069582], [101.612597, 3.069409], [101.612596, 3.069247]]]}}, {"type": "Feature", "properties": {}, "geometry": {"type": "Polygon", "coordinates": [[[101.612648, 3.068504], [101.612587, 3.068505], [101.611725, 3.068678], [101.611727, 3.068821], [101.611788, 3.06882], [101.61265, 3.068647], [101.612648, 3.068504]]]}}, {"type": "Feature", "properties": {}, "geometry": {"type": "Polygon", "coordinates": [[[101.612587, 3.068505], [101.612525, 3.068506], [101.611664, 3.068679], [101.611665, 3.068821], [101.611727, 3.068821], [101.612588, 3.068647], [101.612587, 3.068505]]]}}, {"type": "Feature", "properties": {}, "geometry": {"type": "Polygon", "coordinates": [[[101.612525, 3.068506], [101.612464, 3.068506], [101.611602, 3.06868], [101.611604, 3.068822], [101.611665, 3.068821], [101.612527, 3.068648], [101.612525, 3.068506]]]}}, {"type": "Feature", "properties": {}, "geometry": {"type": "Polygon", "coordinates": [[[101.612464, 3.068506], [101.612403, 3.068507], [101.611541, 3.06868], [101.611543, 3.068823], [101.611604, 3.068822], [101.612466, 3.068649], [101.612464, 3.068506]]]}}, {"type": "Feature", "properties": {}, "geometry": {"type": "Polygon", "coordinates": [[[101.612403, 3.068507], [101.612342, 3.068508], [101.61148, 3.068681], [101.611481, 3.068823], [101.611543, 3.068823], [101.612405, 3.068649], [101.612403, 3.068507]]]}}, {"type": "Feature", "properties": {}, "geometry": {"type": "Polygon", "coordinates": [[[101.612342, 3.068508], [101.61228, 3.068509], [101.611419, 3.068682], [101.61142, 3.068824], [101.611481, 3.068823], [101.612343, 3.06865], [101.612342, 3.068508]]]}}, {"type": "Feature", "properties": {}, "geometry": {"type": "Polygon", "coordinates": [[[101.61228, 3.068509], [101.612219, 3.068509], [101.611357, 3.068682], [101.611359, 3.068825], [101.61142, 3.068824], [101.612282, 3.068651], [101.61228, 3.068509]]]}}, {"type": "Feature", "properties": {}, "geometry": {"type": "Polygon", "coordinates": [[[101.612219, 3.068509], [101.612158, 3.06851], [101.611296, 3.068683], [101.611298, 3.068826], [101.611359, 3.068825], [101.612221, 3.068652], [101.612219, 3.068509]]]}}, {"type": "Feature", "properties": {}, "geometry": {"type": "Polygon", "coordinates": [[[101.612158, 3.06851], [101.612097, 3.068511], [101.611235, 3.068684], [101.611237, 3.068826], [101.611298, 3.068826], [101.61216, 3.068652], [101.612158, 3.06851]]]}}, {"type": "Feature", "properties": {}, "geometry": {"type": "Polygon", "coordinates": [[[101.612097, 3.068511], [101.612035, 3.068511], [101.611174, 3.068685], [101.611175, 3.068827], [101.611237, 3.068826], [101.612098, 3.068653], [101.612097, 3.068511]]]}}, {"type": "Feature", "properties": {}, "geometry": {"type": "Polygon", "coordinates": [[[101.612035, 3.068511], [101.611974, 3.068512], [101.611112, 3.068685], [101.611114, 3.068828], [101.611175, 3.068827], [101.612037, 3.068654], [101.612035, 3.068511]]]}}, {"type": "Feature", "properties": {}, "geometry": {"type": "Polygon", "coordinates": [[[101.612643, 3.068669], [101.612583, 3.06867], [101.611721, 3.068843], [101.611722, 3.068998], [101.611782, 3.068998], [101.612644, 3.068825], [101.612643, 3.068669]]]}}, {"type": "Feature", "properties": {}, "geometry": {"type": "Polygon", "coordinates": [[[101.612583, 3.06867], [101.612522, 3.06867], [101.61166, 3.068843], [101.611661, 3.068999], [101.611722, 3.068998], [101.612584, 3.068825], [101.612583, 3.06867]]]}}, {"type": "Feature", "properties": {}, "geometry": {"type": "Polygon", "coordinates": [[[101.612522, 3.06867], [101.612462, 3.068671], [101.6116, 3.068844], [101.611601, 3.068999], [101.611661, 3.068999], [101.612523, 3.068826], [101.612522, 3.06867]]]}}, {"type": "Feature", "properties": {}, "geometry": {"type": "Polygon", "coordinates": [[[101.612462, 3.068671], [101.612402, 3.068671], [101.61154, 3.068844], [101.611541, 3.069], [101.611601, 3.068999], [101.612463, 3.068826], [101.612462, 3.068671]]]}}, {"type": "Feature", "properties": {}, "geometry": {"type": "Polygon", "coordinates": [[[101.612402, 3.068671], [101.612341, 3.068671], [101.611479, 3.068845], [101.61148, 3.069], [101.611541, 3.069], [101.612403, 3.068826], [101.612402, 3.068671]]]}}, {"type": "Feature", "properties": {}, "geometry": {"type": "Polygon", "coordinates": [[[101.612341, 3.068671], [101.612281, 3.068672], [101.611419, 3.068845], [101.61142, 3.069], [101.61148, 3.069], [101.612342, 3.068827], [101.612341, 3.068671]]]}}, {"type": "Feature", "properties": {}, "geometry": {"type": "Polygon", "coordinates": [[[101.612281, 3.068672], [101.61222, 3.068672], [101.611359, 3.068845], [101.61136, 3.069001], [101.61142, 3.069], [101.612282, 3.068827], [101.612281, 3.068672]]]}}, {"type": "Feature", "properties": {}, "geometry": {"type": "Polygon", "coordinates": [[[101.61222, 3.068672], [101.61216, 3.068673], [101.611298, 3.068846], [101.611299, 3.069001], [101.61136, 3.069001], [101.612222, 3.068828], [101.61222, 3.068672]]]}}, {"type": "Feature", "properties": {}, "geometry": {"type": "Polygon", "coordinates": [[[101.61216, 3.068673], [101.6121, 3.068673], [101.611238, 3.068846], [101.611239, 3.069002], [101.611299, 3.069001], [101.612161, 3.068828], [101.61216, 3.068673]]]}}, {"type": "Feature", "properties": {}, "geometry": {"type": "Polygon", "coordinates": [[[101.6121, 3.068673], [101.612039, 3.068673], [101.611178, 3.068847], [101.611179, 3.069002], [101.611239, 3.069002], [101.612101, 3.068828], [101.6121, 3.068673]]]}}, {"type": "Feature", "properties": {}, "geometry": {"type": "Polygon", "coordinates": [[[101.612039, 3.068673], [101.611979, 3.068674], [101.611117, 3.068847], [101.611118, 3.069002], [101.611179, 3.069002], [101.61204, 3.068829], [101.612039, 3.068673]]]}}, {"type": "Feature", "properties": {}, "geometry": {"type": "Polygon", "coordinates": [[[101.613319, 3.06867], [101.613258, 3.068671], [101.612396, 3.068844], [101.612397, 3.068996], [101.612458, 3.068996], [101.61332, 3.068823], [101.613319, 3.06867]]]}}, {"type": "Feature", "properties": {}, "geometry": {"type": "Polygon", "coordinates": [[[101.613258, 3.068671], [101.613197, 3.068671], [101.612335, 3.068845], [101.612336, 3.068997], [101.612397, 3.068996], [101.613259, 3.068823], [101.613258, 3.068671]]]}}, {"type": "Feature", "properties": {}, "geometry": {"type": "Polygon", "coordinates": [[[101.613197, 3.068671], [101.613136, 3.068672], [101.612274, 3.068845], [101.612275, 3.068997], [101.612336, 3.068997], [101.613198, 3.068824], [101.613197, 3.068671]]]}}, {"type": "Feature", "properties": {}, "geometry": {"type": "Polygon", "coordinates": [[[101.613136, 3.068672], [101.613075, 3.068672], [101.612213, 3.068846], [101.612214, 3.068998], [101.612275, 3.068997], [101.613137, 3.068824], [101.613136, 3.068672]]]}}, {"type": "Feature", "properties": {}, "geometry": {"type": "Polygon", "coordinates": [[[101.613075, 3.068672], [101.613014, 3.068673], [101.612152, 3.068846], [101.612153, 3.068998], [101.612214, 3.068998], [101.613076, 3.068825], [101.613075, 3.068672]]]}}, {"type": "Feature", "properties": {}, "geometry": {"type": "Polygon", "coordinates": [[[101.613014, 3.068673], [101.612953, 3.068673], [101.612091, 3.068846], [101.612092, 3.068999], [101.612153, 3.068998], [101.613015, 3.068825], [101.613014, 3.068673]]]}}, {"type": "Feature", "properties": {}, "geometry": {"type": "Polygon", "coordinates": [[[101.612953, 3.068673], [101.612892, 3.068674], [101.61203, 3.068847], [101.612031, 3.068999], [101.612092, 3.068999], [101.612954, 3.068825], [101.612953, 3.068673]]]}}, {"type": "Feature", "properties": {}, "geometry": {"type": "Polygon", "coordinates": [[[101.612892, 3.068674], [101.612831, 3.068674], [101.611969, 3.068847], [101.61197, 3.069], [101.612031, 3.068999], [101.612893, 3.068826], [101.612892, 3.068674]]]}}, {"type": "Feature", "properties": {}, "geometry": {"type": "Polygon", "coordinates": [[[101.612831, 3.068674], [101.61277, 3.068674], [101.611908, 3.068848], [101.611909, 3.069], [101.61197, 3.069], [101.612832, 3.068826], [101.612831, 3.068674]]]}}, {"type": "Feature", "properties": {}, "geometry": {"type": "Polygon", "coordinates": [[[101.612762, 3.06851], [101.6127, 3.068511], [101.611838, 3.068684], [101.61184, 3.068815], [101.611901, 3.068815], [101.612763, 3.068642], [101.612762, 3.06851]]]}}, {"type": "Feature", "properties": {}, "geometry": {"type": "Polygon", "coordinates": [[[101.612823, 3.06851], [101.612762, 3.06851], [101.6119, 3.068684], [101.611901, 3.068815], [101.611963, 3.068814], [101.612825, 3.068641], [101.612823, 3.06851]]]}}, {"type": "Feature", "properties": {}, "geometry": {"type": "Polygon", "coordinates": [[[101.612885, 3.068509], [101.612823, 3.06851], [101.611961, 3.068683], [101.611963, 3.068814], [101.612024, 3.068813], [101.612886, 3.06864], [101.612885, 3.068509]]]}}, {"type": "Feature", "properties": {}, "geometry": {"type": "Polygon", "coordinates": [[[101.612946, 3.068508], [101.612885, 3.068509], [101.612023, 3.068682], [101.612024, 3.068813], [101.612086, 3.068813], [101.612948, 3.068639], [101.612946, 3.068508]]]}}, {"type": "Feature", "properties": {}, "geometry": {"type": "Polygon", "coordinates": [[[101.613008, 3.068507], [101.612946, 3.068508], [101.612084, 3.068681], [101.612086, 3.068813], [101.612147, 3.068812], [101.613009, 3.068639], [101.613008, 3.068507]]]}}, {"type": "Feature", "properties": {}, "geometry": {"type": "Polygon", "coordinates": [[[101.613069, 3.068507], [101.613008, 3.068507], [101.612146, 3.068681], [101.612147, 3.068812], [101.612209, 3.068811], [101.613071, 3.068638], [101.613069, 3.068507]]]}}, {"type": "Feature", "properties": {}, "geometry": {"type": "Polygon", "coordinates": [[[101.613131, 3.068506], [101.613069, 3.068507], [101.612207, 3.06868], [101.612209, 3.068811], [101.61227, 3.068811], [101.613132, 3.068637], [101.613131, 3.068506]]]}}, {"type": "Feature", "properties": {}, "geometry": {"type": "Polygon", "coordinates": [[[101.613192, 3.068505], [101.613131, 3.068506], [101.612269, 3.068679], [101.61227, 3.068811], [101.612332, 3.06881], [101.613194, 3.068637], [101.613192, 3.068505]]]}}, {"type": "Feature", "properties": {}, "geometry": {"type": "Polygon", "coordinates": [[[101.613253, 3.068505], [101.613192, 3.068505], [101.61233, 3.068679], [101.612332, 3.06881], [101.612393, 3.068809], [101.613255, 3.068636], [101.613253, 3.068505]]]}}, {"type": "Feature", "properties": {}, "geometry": {"type": "Polygon", "coordinates": [[[101.613315, 3.068504], [101.613253, 3.068505], [101.612392, 3.068678], [101.612393, 3.068809], [101.612455, 3.068808], [101.613316, 3.068635], [101.613315, 3.068504]]]}}, {"type": "Feature", "properties": {}, "geometry": {"type": "Polygon", "coordinates": [[[101.613376, 3.068503], [101.613315, 3.068504], [101.612453, 3.068677], [101.612455, 3.068808], [101.612516, 3.068808], [101.613378, 3.068634], [101.613376, 3.068503]]]}}, {"type": "Feature", "properties": {}, "geometry": {"type": "Polygon", "coordinates": [[[101.614227, 3.068663], [101.614166, 3.068664], [101.613304, 3.068837], [101.613305, 3.068994], [101.613366, 3.068994], [101.614228, 3.068821], [101.614227, 3.068663]]]}}, {"type": "Feature", "properties": {}, "geometry": {"type": "Polygon", "coordinates": [[[101.614166, 3.068664], [101.614106, 3.068664], [101.613244, 3.068837], [101.613245, 3.068995], [101.613305, 3.068994], [101.614167, 3.068821], [101.614166, 3.068664]]]}}, {"type": "Feature", "properties": {}, "geometry": {"type": "Polygon", "coordinates": [[[101.614106, 3.068664], [101.614045, 3.068664], [101.613184, 3.068838], [101.613185, 3.068995], [101.613245, 3.068995], [101.614107, 3.068821], [101.614106, 3.068664]]]}}, {"type": "Feature", "properties": {}, "geometry": {"type": "Polygon", "coordinates": [[[101.614045, 3.068664], [101.613985, 3.068665], [101.613123, 3.068838], [101.613124, 3.068995], [101.613185, 3.068995], [101.614046, 3.068822], [101.614045, 3.068664]]]}}, {"type": "Feature", "properties": {}, "geometry": {"type": "Polygon", "coordinates": [[[101.613985, 3.068665], [101.613924, 3.068665], [101.613063, 3.068838], [101.613064, 3.068996], [101.613124, 3.068995], [101.613986, 3.068822], [101.613985, 3.068665]]]}}, {"type": "Feature", "properties": {}, "geometry": {"type": "Polygon", "coordinates": [[[101.613924, 3.068665], [101.613864, 3.068665], [101.613002, 3.068839], [101.613003, 3.068996], [101.613064, 3.068996], [101.613925, 3.068822], [101.613924, 3.068665]]]}}, {"type": "Feature", "properties": {}, "geometry": {"type": "Polygon", "coordinates": [[[101.613864, 3.068665], [101.613804, 3.068666], [101.612942, 3.068839], [101.612943, 3.068996], [101.613003, 3.068996], [101.613865, 3.068823], [101.613864, 3.068665]]]}}, {"type": "Feature", "properties": {}, "geometry": {"type": "Polygon", "coordinates": [[[101.613804, 3.068666], [101.613743, 3.068666], [101.612881, 3.06884], [101.612882, 3.068997], [101.612943, 3.068996], [101.613805, 3.068823], [101.613804, 3.068666]]]}}, {"type": "Feature", "properties": {}, "geometry": {"type": "Polygon", "coordinates": [[[101.613743, 3.068666], [101.613683, 3.068667], [101.612821, 3.06884], [101.612822, 3.068997], [101.612882, 3.068997], [101.613744, 3.068824], [101.613743, 3.068666]]]}}, {"type": "Feature", "properties": {}, "geometry": {"type": "Polygon", "coordinates": [[[101.613683, 3.068667], [101.613622, 3.068667], [101.61276, 3.06884], [101.612761, 3.068998], [101.612822, 3.068997], [101.613684, 3.068824], [101.613683, 3.068667]]]}}, {"type": "Feature", "properties": {}, "geometry": {"type": "Polygon", "coordinates": [[[101.613622, 3.068667], [101.613562, 3.068667], [101.6127, 3.068841], [101.612701, 3.068998], [101.612761, 3.068998], [101.613623, 3.068824], [101.613622, 3.068667]]]}}, {"type": "Feature", "properties": {}, "geometry": {"type": "Polygon", "coordinates": [[[101.613559, 3.06851], [101.613498, 3.068511], [101.612636, 3.068684], [101.612638, 3.068816], [101.612699, 3.068815], [101.613561, 3.068642], [101.613559, 3.06851]]]}}, {"type": "Feature", "properties": {}, "geometry": {"type": "Polygon", "coordinates": [[[101.61362, 3.068509], [101.613559, 3.06851], [101.612697, 3.068683], [101.612699, 3.068815], [101.61276, 3.068814], [101.613622, 3.068641], [101.61362, 3.068509]]]}}, {"type": "Feature", "properties": {}, "geometry": {"type": "Polygon", "coordinates": [[[101.613681, 3.068509], [101.61362, 3.068509], [101.612758, 3.068682], [101.61276, 3.068814], [101.612821, 3.068814], [101.613683, 3.06864], [101.613681, 3.068509]]]}}, {"type": "Feature", "properties": {}, "geometry": {"type": "Polygon", "coordinates": [[[101.613742, 3.068508], [101.613681, 3.068509], [101.612819, 3.068682], [101.612821, 3.068814], [101.612882, 3.068813], [101.613744, 3.06864], [101.613742, 3.068508]]]}}, {"type": "Feature", "properties": {}, "geometry": {"type": "Polygon", "coordinates": [[[101.613803, 3.068507], [101.613742, 3.068508], [101.61288, 3.068681], [101.612882, 3.068813], [101.612943, 3.068812], [101.613804, 3.068639], [101.613803, 3.068507]]]}}, {"type": "Feature", "properties": {}, "geometry": {"type": "Polygon", "coordinates": [[[101.613864, 3.068506], [101.613803, 3.068507], [101.612941, 3.06868], [101.612943, 3.068812], [101.613003, 3.068812], [101.613865, 3.068638], [101.613864, 3.068506]]]}}, {"type": "Feature", "properties": {}, "geometry": {"type": "Polygon", "coordinates": [[[101.613925, 3.068506], [101.613864, 3.068506], [101.613002, 3.06868], [101.613003, 3.068812], [101.613064, 3.068811], [101.613926, 3.068638], [101.613925, 3.068506]]]}}, {"type": "Feature", "properties": {}, "geometry": {"type": "Polygon", "coordinates": [[[101.613986, 3.068505], [101.613925, 3.068506], [101.613063, 3.068679], [101.613064, 3.068811], [101.613125, 3.06881], [101.613987, 3.068637], [101.613986, 3.068505]]]}}, {"type": "Feature", "properties": {}, "geometry": {"type": "Polygon", "coordinates": [[[101.614046, 3.068504], [101.613986, 3.068505], [101.613124, 3.068678], [101.613125, 3.06881], [101.613186, 3.068809], [101.614048, 3.068636], [101.614046, 3.068504]]]}}, {"type": "Feature", "properties": {}, "geometry": {"type": "Polygon", "coordinates": [[[101.614107, 3.068504], [101.614046, 3.068504], [101.613185, 3.068678], [101.613186, 3.068809], [101.613247, 3.068809], [101.614109, 3.068635], [101.614107, 3.068504]]]}}, {"type": "Feature", "properties": {}, "geometry": {"type": "Polygon", "coordinates": [[[101.614168, 3.068503], [101.614107, 3.068504], [101.613246, 3.068677], [101.613247, 3.068809], [101.613308, 3.068808], [101.61417, 3.068635], [101.614168, 3.068503]]]}}, {"type": "Feature", "properties": {}, "geometry": {"type": "Polygon", "coordinates": [[[101.61197, 3.067955], [101.611908, 3.067956], [101.611046, 3.068129], [101.611047, 3.06827], [101.611109, 3.068269], [101.611971, 3.068096], [101.61197, 3.067955]]]}}, {"type": "Feature", "properties": {}, "geometry": {"type": "Polygon", "coordinates": [[[101.612032, 3.067955], [101.61197, 3.067955], [101.611108, 3.068129], [101.611109, 3.068269], [101.611171, 3.068269], [101.612033, 3.068096], [101.612032, 3.067955]]]}}, {"type": "Feature", "properties": {}, "geometry": {"type": "Polygon", "coordinates": [[[101.612094, 3.067955], [101.612032, 3.067955], [101.61117, 3.068128], [101.611171, 3.068269], [101.611233, 3.068268], [101.612095, 3.068095], [101.612094, 3.067955]]]}}, {"type": "Feature", "properties": {}, "geometry": {"type": "Polygon", "coordinates": [[[101.612156, 3.067954], [101.612094, 3.067955], [101.611232, 3.068128], [101.611233, 3.068268], [101.611295, 3.068268], [101.612157, 3.068095], [101.612156, 3.067954]]]}}, {"type": "Feature", "properties": {}, "geometry": {"type": "Polygon", "coordinates": [[[101.612218, 3.067954], [101.612156, 3.067954], [101.611294, 3.068127], [101.611295, 3.068268], [101.611357, 3.068268], [101.612219, 3.068094], [101.612218, 3.067954]]]}}, {"type": "Feature", "properties": {}, "geometry": {"type": "Polygon", "coordinates": [[[101.61228, 3.067953], [101.612218, 3.067954], [101.611356, 3.068127], [101.611357, 3.068268], [101.611419, 3.068267], [101.612281, 3.068094], [101.61228, 3.067953]]]}}, {"type": "Feature", "properties": {}, "geometry": {"type": "Polygon", "coordinates": [[[101.612341, 3.067953], [101.61228, 3.067953], [101.611418, 3.068126], [101.611419, 3.068267], [101.611481, 3.068267], [101.612342, 3.068093], [101.612341, 3.067953]]]}}, {"type": "Feature", "properties": {}, "geometry": {"type": "Polygon", "coordinates": [[[101.612403, 3.067952], [101.612341, 3.067953], [101.61148, 3.068126], [101.611481, 3.068267], [101.611542, 3.068266], [101.612404, 3.068093], [101.612403, 3.067952]]]}}, {"type": "Feature", "properties": {}, "geometry": {"type": "Polygon", "coordinates": [[[101.612465, 3.067952], [101.612403, 3.067952], [101.611542, 3.068126], [101.611542, 3.068266], [101.611604, 3.068266], [101.612466, 3.068093], [101.612465, 3.067952]]]}}, {"type": "Feature", "properties": {}, "geometry": {"type": "Polygon", "coordinates": [[[101.612527, 3.067952], [101.612465, 3.067952], [101.611603, 3.068125], [101.611604, 3.068266], [101.611666, 3.068265], [101.612528, 3.068092], [101.612527, 3.067952]]]}}, {"type": "Feature", "properties": {}, "geometry": {"type": "Polygon", "coordinates": [[[101.612589, 3.067951], [101.612527, 3.067952], [101.611665, 3.068125], [101.611666, 3.068265], [101.611728, 3.068265], [101.61259, 3.068092], [101.612589, 3.067951]]]}}, {"type": "Feature", "properties": {}, "geometry": {"type": "Polygon", "coordinates": [[[101.612649, 3.068115], [101.612588, 3.068115], [101.611726, 3.068288], [101.611727, 3.068443], [101.611789, 3.068443], [101.612651, 3.068269], [101.612649, 3.068115]]]}}, {"type": "Feature", "properties": {}, "geometry": {"type": "Polygon", "coordinates": [[[101.612588, 3.068115], [101.612526, 3.068116], [101.611664, 3.068289], [101.611666, 3.068444], [101.611727, 3.068443], [101.612589, 3.06827], [101.612588, 3.068115]]]}}, {"type": "Feature", "properties": {}, "geometry": {"type": "Polygon", "coordinates": [[[101.612526, 3.068116], [101.612465, 3.068116], [101.611603, 3.06829], [101.611604, 3.068444], [101.611666, 3.068444], [101.612528, 3.06827], [101.612526, 3.068116]]]}}, {"type": "Feature", "properties": {}, "geometry": {"type": "Polygon", "coordinates": [[[101.612465, 3.068116], [101.612403, 3.068117], [101.611541, 3.06829], [101.611543, 3.068445], [101.611604, 3.068444], [101.612466, 3.068271], [101.612465, 3.068116]]]}}, {"type": "Feature", "properties": {}, "geometry": {"type": "Polygon", "coordinates": [[[101.612403, 3.068117], [101.612341, 3.068117], [101.61148, 3.068291], [101.611481, 3.068445], [101.611543, 3.068445], [101.612404, 3.068272], [101.612403, 3.068117]]]}}, {"type": "Feature", "properties": {}, "geometry": {"type": "Polygon", "coordinates": [[[101.612341, 3.068117], [101.61228, 3.068118], [101.611418, 3.068291], [101.611419, 3.068446], [101.611481, 3.068445], [101.612343, 3.068272], [101.612341, 3.068117]]]}}, {"type": "Feature", "properties": {}, "geometry": {"type": "Polygon", "coordinates": [[[101.61228, 3.068118], [101.612218, 3.068118], [101.611356, 3.068292], [101.611358, 3.068446], [101.611419, 3.068446], [101.612281, 3.068273], [101.61228, 3.068118]]]}}, {"type": "Feature", "properties": {}, "geometry": {"type": "Polygon", "coordinates": [[[101.612218, 3.068118], [101.612157, 3.068119], [101.611295, 3.068292], [101.611296, 3.068447], [101.611358, 3.068446], [101.61222, 3.068273], [101.612218, 3.068118]]]}}, {"type": "Feature", "properties": {}, "geometry": {"type": "Polygon", "coordinates": [[[101.612157, 3.068119], [101.612095, 3.06812], [101.611233, 3.068293], [101.611235, 3.068447], [101.611296, 3.068447], [101.612158, 3.068274], [101.612157, 3.068119]]]}}, {"type": "Feature", "properties": {}, "geometry": {"type": "Polygon", "coordinates": [[[101.612095, 3.06812], [101.612034, 3.06812], [101.611172, 3.068293], [101.611173, 3.068448], [101.611235, 3.068447], [101.612096, 3.068274], [101.612095, 3.06812]]]}}, {"type": "Feature", "properties": {}, "geometry": {"type": "Polygon", "coordinates": [[[101.612034, 3.06812], [101.611972, 3.068121], [101.61111, 3.068294], [101.611111, 3.068449], [101.611173, 3.068448], [101.612035, 3.068275], [101.612034, 3.06812]]]}}, {"type": "Feature", "properties": {}, "geometry": {"type": "Polygon", "coordinates": [[[101.613434, 3.068113], [101.613373, 3.068113], [101.612511, 3.068287], [101.612512, 3.068443], [101.612573, 3.068443], [101.613435, 3.06827], [101.613434, 3.068113]]]}}, {"type": "Feature", "properties": {}, "geometry": {"type": "Polygon", "coordinates": [[[101.613373, 3.068113], [101.613312, 3.068114], [101.61245, 3.068287], [101.612451, 3.068444], [101.612512, 3.068443], [101.613374, 3.06827], [101.613373, 3.068113]]]}}, {"type": "Feature", "properties": {}, "geometry": {"type": "Polygon", "coordinates": [[[101.613312, 3.068114], [101.61325, 3.068114], [101.612389, 3.068288], [101.61239, 3.068444], [101.612451, 3.068444], [101.613313, 3.068271], [101.613312, 3.068114]]]}}, {"type": "Feature", "properties": {}, "geometry": {"type": "Polygon", "coordinates": [[[101.61325, 3.068114], [101.613189, 3.068115], [101.612327, 3.068288], [101.612329, 3.068445], [101.61239, 3.068444], [101.613252, 3.068271], [101.61325, 3.068114]]]}}, {"type": "Feature", "properties": {}, "geometry": {"type": "Polygon", "coordinates": [[[101.613189, 3.068115], [101.613128, 3.068115], [101.612266, 3.068289], [101.612268, 3.068445], [101.612329, 3.068445], [101.613191, 3.068272], [101.613189, 3.068115]]]}}, {"type": "Feature", "properties": {}, "geometry": {"type": "Polygon", "coordinates": [[[101.613128, 3.068115], [101.613067, 3.068116], [101.612205, 3.068289], [101.612207, 3.068446], [101.612268, 3.068445], [101.61313, 3.068272], [101.613128, 3.068115]]]}}, {"type": "Feature", "properties": {}, "geometry": {"type": "Polygon", "coordinates": [[[101.613067, 3.068116], [101.613006, 3.068117], [101.612144, 3.06829], [101.612145, 3.068446], [101.612207, 3.068446], [101.613068, 3.068273], [101.613067, 3.068116]]]}}, {"type": "Feature", "properties": {}, "geometry": {"type": "Polygon", "coordinates": [[[101.613006, 3.068117], [101.612945, 3.068117], [101.612083, 3.06829], [101.612084, 3.068447], [101.612145, 3.068446], [101.613007, 3.068273], [101.613006, 3.068117]]]}}, {"type": "Feature", "properties": {}, "geometry": {"type": "Polygon", "coordinates": [[[101.612945, 3.068117], [101.612884, 3.068118], [101.612022, 3.068291], [101.612023, 3.068448], [101.612084, 3.068447], [101.612946, 3.068274], [101.612945, 3.068117]]]}}, {"type": "Feature", "properties": {}, "geometry": {"type": "Polygon", "coordinates": [[[101.612884, 3.068118], [101.612822, 3.068118], [101.611961, 3.068291], [101.611962, 3.068448], [101.612023, 3.068448], [101.612885, 3.068274], [101.612884, 3.068118]]]}}, {"type": "Feature", "properties": {}, "geometry": {"type": "Polygon", "coordinates": [[[101.612822, 3.068118], [101.612761, 3.068119], [101.6119, 3.068292], [101.611901, 3.068449], [101.611962, 3.068448], [101.612824, 3.068275], [101.612822, 3.068118]]]}}, {"type": "Feature", "properties": {}, "geometry": {"type": "Polygon", "coordinates": [[[101.61276, 3.067956], [101.612699, 3.067957], [101.611837, 3.06813], [101.611838, 3.068267], [101.6119, 3.068266], [101.612761, 3.068093], [101.61276, 3.067956]]]}}, {"type": "Feature", "properties": {}, "geometry": {"type": "Polygon", "coordinates": [[[101.612822, 3.067956], [101.61276, 3.067956], [101.611899, 3.068129], [101.6119, 3.068266], [101.611961, 3.068266], [101.612823, 3.068092], [101.612822, 3.067956]]]}}, {"type": "Feature", "properties": {}, "geometry": {"type": "Polygon", "coordinates": [[[101.612883, 3.067955], [101.612822, 3.067956], [101.61196, 3.068129], [101.611961, 3.068266], [101.612022, 3.068265], [101.612884, 3.068092], [101.612883, 3.067955]]]}}, {"type": "Feature", "properties": {}, "geometry": {"type": "Polygon", "coordinates": [[[101.612944, 3.067955], [101.612883, 3.067955], [101.612021, 3.068129], [101.612022, 3.068265], [101.612083, 3.068265], [101.612945, 3.068092], [101.612944, 3.067955]]]}}, {"type": "Feature", "properties": {}, "geometry": {"type": "Polygon", "coordinates": [[[101.613005, 3.067955], [101.612944, 3.067955], [101.612082, 3.068128], [101.612083, 3.068265], [101.612145, 3.068264], [101.613006, 3.068091], [101.613005, 3.067955]]]}}, {"type": "Feature", "properties": {}, "geometry": {"type": "Polygon", "coordinates": [[[101.613067, 3.067954], [101.613005, 3.067955], [101.612144, 3.068128], [101.612145, 3.068264], [101.612206, 3.068264], [101.613068, 3.068091], [101.613067, 3.067954]]]}}, {"type": "Feature", "properties": {}, "geometry": {"type": "Polygon", "coordinates": [[[101.613128, 3.067954], [101.613067, 3.067954], [101.612205, 3.068127], [101.612206, 3.068264], [101.612267, 3.068264], [101.613129, 3.06809], [101.613128, 3.067954]]]}}, {"type": "Feature", "properties": {}, "geometry": {"type": "Polygon", "coordinates": [[[101.613189, 3.067953], [101.613128, 3.067954], [101.612266, 3.068127], [101.612267, 3.068264], [101.612328, 3.068263], [101.61319, 3.06809], [101.613189, 3.067953]]]}}, {"type": "Feature", "properties": {}, "geometry": {"type": "Polygon", "coordinates": [[[101.61325, 3.067953], [101.613189, 3.067953], [101.612327, 3.068126], [101.612328, 3.068263], [101.61239, 3.068263], [101.613251, 3.068089], [101.61325, 3.067953]]]}}, {"type": "Feature", "properties": {}, "geometry": {"type": "Polygon", "coordinates": [[[101.613312, 3.067952], [101.61325, 3.067953], [101.612388, 3.068126], [101.61239, 3.068263], [101.612451, 3.068262], [101.613313, 3.068089], [101.613312, 3.067952]]]}}, {"type": "Feature", "properties": {}, "geometry": {"type": "Polygon", "coordinates": [[[101.613373, 3.067952], [101.613312, 3.067952], [101.61245, 3.068126], [101.612451, 3.068262], [101.612512, 3.068262], [101.613374, 3.068089], [101.613373, 3.067952]]]}}, {"type": "Feature", "properties": {}, "geometry": {"type": "Polygon", "coordinates": [[[101.614229, 3.068113], [101.614167, 3.068114], [101.613305, 3.068287], [101.613306, 3.068442], [101.613369, 3.068442], [101.61423, 3.068268], [101.614229, 3.068113]]]}}, {"type": "Feature", "properties": {}, "geometry": {"type": "Polygon", "coordinates": [[[101.614167, 3.068114], [101.614105, 3.068114], [101.613243, 3.068287], [101.613244, 3.068443], [101.613306, 3.068442], [101.614168, 3.068269], [101.614167, 3.068114]]]}}, {"type": "Feature", "properties": {}, "geometry": {"type": "Polygon", "coordinates": [[[101.614105, 3.068114], [101.614043, 3.068115], [101.613181, 3.068288], [101.613182, 3.068443], [101.613244, 3.068443], [101.614106, 3.068269], [101.614105, 3.068114]]]}}, {"type": "Feature", "properties": {}, "geometry": {"type": "Polygon", "coordinates": [[[101.614043, 3.068115], [101.613981, 3.068115], [101.613119, 3.068288], [101.61312, 3.068444], [101.613182, 3.068443], [101.614044, 3.06827], [101.614043, 3.068115]]]}}, {"type": "Feature", "properties": {}, "geometry": {"type": "Polygon", "coordinates": [[[101.613981, 3.068115], [101.613918, 3.068116], [101.613057, 3.068289], [101.613058, 3.068444], [101.61312, 3.068444], [101.613982, 3.06827], [101.613981, 3.068115]]]}}, {"type": "Feature", "properties": {}, "geometry": {"type": "Polygon", "coordinates": [[[101.613918, 3.068116], [101.613856, 3.068116], [101.612994, 3.06829], [101.612996, 3.068445], [101.613058, 3.068444], [101.61392, 3.068271], [101.613918, 3.068116]]]}}, {"type": "Feature", "properties": {}, "geometry": {"type": "Polygon", "coordinates": [[[101.613856, 3.068116], [101.613794, 3.068117], [101.612932, 3.06829], [101.612934, 3.068445], [101.612996, 3.068445], [101.613858, 3.068272], [101.613856, 3.068116]]]}}, {"type": "Feature", "properties": {}, "geometry": {"type": "Polygon", "coordinates": [[[101.613794, 3.068117], [101.613732, 3.068117], [101.61287, 3.068291], [101.612872, 3.068446], [101.612934, 3.068445], [101.613796, 3.068272], [101.613794, 3.068117]]]}}, {"type": "Feature", "properties": {}, "geometry": {"type": "Polygon", "coordinates": [[[101.613732, 3.068117], [101.61367, 3.068118], [101.612808, 3.068291], [101.612809, 3.068446], [101.612872, 3.068446], [101.613733, 3.068273], [101.613732, 3.068117]]]}}, {"type": "Feature", "properties": {}, "geometry": {"type": "Polygon", "coordinates": [[[101.61367, 3.068118], [101.613608, 3.068118], [101.612746, 3.068292], [101.612747, 3.068447], [101.612809, 3.068446], [101.613671, 3.068273], [101.61367, 3.068118]]]}}, {"type": "Feature", "properties": {}, "geometry": {"type": "Polygon", "coordinates": [[[101.613608, 3.068118], [101.613546, 3.068119], [101.612684, 3.068292], [101.612685, 3.068447], [101.612747, 3.068447], [101.613609, 3.068274], [101.613608, 3.068118]]]}}, {"type": "Feature", "properties": {}, "geometry": {"type": "Polygon", "coordinates": [[[101.613543, 3.067953], [101.613481, 3.067953], [101.612619, 3.068126], [101.61262, 3.068267], [101.612683, 3.068267], [101.613544, 3.068093], [101.613543, 3.067953]]]}}, {"type": "Feature", "properties": {}, "geometry": {"type": "Polygon", "coordinates": [[[101.613606, 3.067952], [101.613543, 3.067953], [101.612681, 3.068126], [101.612683, 3.068267], [101.612745, 3.068266], [101.613607, 3.068093], [101.613606, 3.067952]]]}}, {"type": "Feature", "properties": {}, "geometry": {"type": "Polygon", "coordinates": [[[101.613668, 3.067952], [101.613606, 3.067952], [101.612744, 3.068125], [101.612745, 3.068266], [101.612807, 3.068266], [101.613669, 3.068092], [101.613668, 3.067952]]]}}, {"type": "Feature", "properties": {}, "geometry": {"type": "Polygon", "coordinates": [[[101.61373, 3.067951], [101.613668, 3.067952], [101.612806, 3.068125], [101.612807, 3.068266], [101.612869, 3.068265], [101.613731, 3.068092], [101.61373, 3.067951]]]}}, {"type": "Feature", "properties": {}, "geometry": {"type": "Polygon", "coordinates": [[[101.613792, 3.067951], [101.61373, 3.067951], [101.612868, 3.068125], [101.612869, 3.068265], [101.612932, 3.068265], [101.613793, 3.068092], [101.613792, 3.067951]]]}}, {"type": "Feature", "properties": {}, "geometry": {"type": "Polygon", "coordinates": [[[101.613855, 3.067951], [101.613792, 3.067951], [101.612931, 3.068124], [101.612932, 3.068265], [101.612994, 3.068265], [101.613856, 3.068091], [101.613855, 3.067951]]]}}, {"type": "Feature", "properties": {}, "geometry": {"type": "Polygon", "coordinates": [[[101.613917, 3.06795], [101.613855, 3.067951], [101.612993, 3.068124], [101.612994, 3.068265], [101.613056, 3.068264], [101.613918, 3.068091], [101.613917, 3.06795]]]}}, {"type": "Feature", "properties": {}, "geometry": {"type": "Polygon", "coordinates": [[[101.613979, 3.06795], [101.613917, 3.06795], [101.613055, 3.068124], [101.613056, 3.068264], [101.613118, 3.068264], [101.61398, 3.06809], [101.613979, 3.06795]]]}}, {"type": "Feature", "properties": {}, "geometry": {"type": "Polygon", "coordinates": [[[101.614041, 3.067949], [101.613979, 3.06795], [101.613117, 3.068123], [101.613118, 3.068264], [101.61318, 3.068263], [101.614042, 3.06809], [101.614041, 3.067949]]]}}, {"type": "Feature", "properties": {}, "geometry": {"type": "Polygon", "coordinates": [[[101.614104, 3.067949], [101.614041, 3.067949], [101.61318, 3.068123], [101.61318, 3.068263], [101.613243, 3.068263], [101.614105, 3.06809], [101.614104, 3.067949]]]}}, {"type": "Feature", "properties": {}, "geometry": {"type": "Polygon", "coordinates": [[[101.614166, 3.067949], [101.614104, 3.067949], [101.613242, 3.068122], [101.613243, 3.068263], [101.613305, 3.068262], [101.614167, 3.068089], [101.614166, 3.067949]]]}}, {"type": "Feature", "properties": {}, "geometry": {"type": "Polygon", "coordinates": [[[101.613546, 3.067399], [101.613484, 3.067399], [101.612622, 3.067573], [101.612623, 3.067713], [101.612685, 3.067712], [101.613547, 3.067539], [101.613546, 3.067399]]]}}, {"type": "Feature", "properties": {}, "geometry": {"type": "Polygon", "coordinates": [[[101.613607, 3.067398], [101.613546, 3.067399], [101.612684, 3.067572], [101.612685, 3.067712], [101.612747, 3.067712], [101.613609, 3.067539], [101.613607, 3.067398]]]}}, {"type": "Feature", "properties": {}, "geometry": {"type": "Polygon", "coordinates": [[[101.613669, 3.067398], [101.613607, 3.067398], [101.612746, 3.067572], [101.612747, 3.067712], [101.612809, 3.067711], [101.613671, 3.067538], [101.613669, 3.067398]]]}}, {"type": "Feature", "properties": {}, "geometry": {"type": "Polygon", "coordinates": [[[101.613731, 3.067397], [101.613669, 3.067398], [101.612808, 3.067571], [101.612809, 3.067711], [101.612871, 3.067711], [101.613733, 3.067537], [101.613731, 3.067397]]]}}, {"type": "Feature", "properties": {}, "geometry": {"type": "Polygon", "coordinates": [[[101.613793, 3.067397], [101.613731, 3.067397], [101.612869, 3.06757], [101.612871, 3.067711], [101.612932, 3.06771], [101.613794, 3.067537], [101.613793, 3.067397]]]}}, {"type": "Feature", "properties": {}, "geometry": {"type": "Polygon", "coordinates": [[[101.613855, 3.067396], [101.613793, 3.067397], [101.612931, 3.06757], [101.612932, 3.06771], [101.612994, 3.067709], [101.613856, 3.067536], [101.613855, 3.067396]]]}}, {"type": "Feature", "properties": {}, "geometry": {"type": "Polygon", "coordinates": [[[101.613917, 3.067395], [101.613855, 3.067396], [101.612993, 3.067569], [101.612994, 3.067709], [101.613056, 3.067709], [101.613918, 3.067536], [101.613917, 3.067395]]]}}, {"type": "Feature", "properties": {}, "geometry": {"type": "Polygon", "coordinates": [[[101.613979, 3.067395], [101.613917, 3.067395], [101.613055, 3.067569], [101.613056, 3.067709], [101.613118, 3.067708], [101.61398, 3.067535], [101.613979, 3.067395]]]}}, {"type": "Feature", "properties": {}, "geometry": {"type": "Polygon", "coordinates": [[[101.614041, 3.067394], [101.613979, 3.067395], [101.613117, 3.067568], [101.613118, 3.067708], [101.61318, 3.067708], [101.614042, 3.067535], [101.614041, 3.067394]]]}}, {"type": "Feature", "properties": {}, "geometry": {"type": "Polygon", "coordinates": [[[101.614103, 3.067394], [101.614041, 3.067394], [101.613179, 3.067568], [101.61318, 3.067708], [101.613242, 3.067707], [101.614104, 3.067534], [101.614103, 3.067394]]]}}, {"type": "Feature", "properties": {}, "geometry": {"type": "Polygon", "coordinates": [[[101.614164, 3.067393], [101.614103, 3.067394], [101.613241, 3.067567], [101.613242, 3.067707], [101.613304, 3.067707], [101.614166, 3.067533], [101.614164, 3.067393]]]}}, {"type": "Feature", "properties": {}, "geometry": {"type": "Polygon", "coordinates": [[[101.61423, 3.067559], [101.614168, 3.067559], [101.613307, 3.067732], [101.613308, 3.067893], [101.61337, 3.067893], [101.614232, 3.06772], [101.61423, 3.067559]]]}}, {"type": "Feature", "properties": {}, "geometry": {"type": "Polygon", "coordinates": [[[101.614168, 3.067559], [101.614106, 3.06756], [101.613245, 3.067733], [101.613246, 3.067894], [101.613308, 3.067893], [101.61417, 3.06772], [101.614168, 3.067559]]]}}, {"type": "Feature", "properties": {}, "geometry": {"type": "Polygon", "coordinates": [[[101.614106, 3.06756], [101.614044, 3.06756], [101.613183, 3.067733], [101.613184, 3.067894], [101.613246, 3.067894], [101.614108, 3.067721], [101.614106, 3.06756]]]}}, {"type": "Feature", "properties": {}, "geometry": {"type": "Polygon", "coordinates": [[[101.614044, 3.06756], [101.613982, 3.067561], [101.613121, 3.067734], [101.613122, 3.067895], [101.613184, 3.067894], [101.614046, 3.067721], [101.614044, 3.06756]]]}}, {"type": "Feature", "properties": {}, "geometry": {"type": "Polygon", "coordinates": [[[101.613982, 3.067561], [101.61392, 3.067561], [101.613059, 3.067734], [101.61306, 3.067895], [101.613122, 3.067895], [101.613984, 3.067721], [101.613982, 3.067561]]]}}, {"type": "Feature", "properties": {}, "geometry": {"type": "Polygon", "coordinates": [[[101.61392, 3.067561], [101.613858, 3.067561], [101.612997, 3.067735], [101.612998, 3.067896], [101.61306, 3.067895], [101.613922, 3.067722], [101.61392, 3.067561]]]}}, {"type": "Feature", "properties": {}, "geometry": {"type": "Polygon", "coordinates": [[[101.613858, 3.067561], [101.613796, 3.067562], [101.612935, 3.067735], [101.612936, 3.067896], [101.612998, 3.067896], [101.61386, 3.067722], [101.613858, 3.067561]]]}}, {"type": "Feature", "properties": {}, "geometry": {"type": "Polygon", "coordinates": [[[101.613796, 3.067562], [101.613734, 3.067562], [101.612873, 3.067736], [101.612874, 3.067896], [101.612936, 3.067896], [101.613798, 3.067723], [101.613796, 3.067562]]]}}, {"type": "Feature", "properties": {}, "geometry": {"type": "Polygon", "coordinates": [[[101.613734, 3.067562], [101.613672, 3.067563], [101.612811, 3.067736], [101.612812, 3.067897], [101.612874, 3.067896], [101.613736, 3.067723], [101.613734, 3.067562]]]}}, {"type": "Feature", "properties": {}, "geometry": {"type": "Polygon", "coordinates": [[[101.613672, 3.067563], [101.61361, 3.067563], [101.612749, 3.067737], [101.61275, 3.067897], [101.612812, 3.067897], [101.613674, 3.067724], [101.613672, 3.067563]]]}}, {"type": "Feature", "properties": {}, "geometry": {"type": "Polygon", "coordinates": [[[101.61361, 3.067563], [101.613548, 3.067564], [101.612687, 3.067737], [101.612688, 3.067898], [101.61275, 3.067897], [101.613612, 3.067724], [101.61361, 3.067563]]]}}, {"type": "Feature", "properties": {}, "geometry": {"type": "Polygon", "coordinates": [[[101.612758, 3.067401], [101.612696, 3.067402], [101.611834, 3.067575], [101.611836, 3.067716], [101.611898, 3.067716], [101.612759, 3.067542], [101.612758, 3.067401]]]}}, {"type": "Feature", "properties": {}, "geometry": {"type": "Polygon", "coordinates": [[[101.61282, 3.067401], [101.612758, 3.067401], [101.611896, 3.067575], [101.611898, 3.067716], [101.611959, 3.067715], [101.612821, 3.067542], [101.61282, 3.067401]]]}}, {"type": "Feature", "properties": {}, "geometry": {"type": "Polygon", "coordinates": [[[101.612882, 3.0674], [101.61282, 3.067401], [101.611958, 3.067574], [101.611959, 3.067715], [101.612021, 3.067715], [101.612883, 3.067541], [101.612882, 3.0674]]]}}, {"type": "Feature", "properties": {}, "geometry": {"type": "Polygon", "coordinates": [[[101.612944, 3.0674], [101.612882, 3.0674], [101.61202, 3.067573], [101.612021, 3.067715], [101.612083, 3.067714], [101.612945, 3.067541], [101.612944, 3.0674]]]}}, {"type": "Feature", "properties": {}, "geometry": {"type": "Polygon", "coordinates": [[[101.613005, 3.067399], [101.612944, 3.0674], [101.612082, 3.067573], [101.612083, 3.067714], [101.612145, 3.067713], [101.613007, 3.06754], [101.613005, 3.067399]]]}}, {"type": "Feature", "properties": {}, "geometry": {"type": "Polygon", "coordinates": [[[101.613067, 3.067398], [101.613005, 3.067399], [101.612144, 3.067572], [101.612145, 3.067713], [101.612207, 3.067713], [101.613069, 3.06754], [101.613067, 3.067398]]]}}, {"type": "Feature", "properties": {}, "geometry": {"type": "Polygon", "coordinates": [[[101.613129, 3.067398], [101.613067, 3.067398], [101.612205, 3.067572], [101.612207, 3.067713], [101.612268, 3.067712], [101.61313, 3.067539], [101.613129, 3.067398]]]}}, {"type": "Feature", "properties": {}, "geometry": {"type": "Polygon", "coordinates": [[[101.613191, 3.067397], [101.613129, 3.067398], [101.612267, 3.067571], [101.612268, 3.067712], [101.61233, 3.067712], [101.613192, 3.067538], [101.613191, 3.067397]]]}}, {"type": "Feature", "properties": {}, "geometry": {"type": "Polygon", "coordinates": [[[101.613253, 3.067397], [101.613191, 3.067397], [101.612329, 3.067571], [101.61233, 3.067712], [101.612392, 3.067711], [101.613254, 3.067538], [101.613253, 3.067397]]]}}, {"type": "Feature", "properties": {}, "geometry": {"type": "Polygon", "coordinates": [[[101.613315, 3.067396], [101.613253, 3.067397], [101.612391, 3.06757], [101.612392, 3.067711], [101.612454, 3.067711], [101.613316, 3.067537], [101.613315, 3.067396]]]}}, {"type": "Feature", "properties": {}, "geometry": {"type": "Polygon", "coordinates": [[[101.613376, 3.067396], [101.613315, 3.067396], [101.612453, 3.067569], [101.612454, 3.067711], [101.612516, 3.06771], [101.613378, 3.067537], [101.613376, 3.067396]]]}}, {"type": "Feature", "properties": {}, "geometry": {"type": "Polygon", "coordinates": [[[101.613431, 3.067557], [101.61337, 3.067558], [101.612508, 3.067731], [101.61251, 3.067893], [101.612571, 3.067892], [101.613432, 3.067719], [101.613431, 3.067557]]]}}, {"type": "Feature", "properties": {}, "geometry": {"type": "Polygon", "coordinates": [[[101.61337, 3.067558], [101.613309, 3.067558], [101.612447, 3.067731], [101.612449, 3.067893], [101.61251, 3.067893], [101.613371, 3.067719], [101.61337, 3.067558]]]}}, {"type": "Feature", "properties": {}, "geometry": {"type": "Polygon", "coordinates": [[[101.613309, 3.067558], [101.613248, 3.067559], [101.612386, 3.067732], [101.612388, 3.067893], [101.612449, 3.067893], [101.61331, 3.06772], [101.613309, 3.067558]]]}}, {"type": "Feature", "properties": {}, "geometry": {"type": "Polygon", "coordinates": [[[101.613248, 3.067559], [101.613187, 3.067559], [101.612325, 3.067732], [101.612327, 3.067894], [101.612388, 3.067893], [101.613249, 3.06772], [101.613248, 3.067559]]]}}, {"type": "Feature", "properties": {}, "geometry": {"type": "Polygon", "coordinates": [[[101.613187, 3.067559], [101.613126, 3.067559], [101.612264, 3.067733], [101.612266, 3.067894], [101.612327, 3.067894], [101.613188, 3.067721], [101.613187, 3.067559]]]}}, {"type": "Feature", "properties": {}, "geometry": {"type": "Polygon", "coordinates": [[[101.613126, 3.067559], [101.613065, 3.06756], [101.612203, 3.067733], [101.612205, 3.067895], [101.612266, 3.067894], [101.613127, 3.067721], [101.613126, 3.067559]]]}}, {"type": "Feature", "properties": {}, "geometry": {"type": "Polygon", "coordinates": [[[101.613065, 3.06756], [101.613004, 3.06756], [101.612142, 3.067734], [101.612144, 3.067895], [101.612205, 3.067895], [101.613066, 3.067722], [101.613065, 3.06756]]]}}, {"type": "Feature", "properties": {}, "geometry": {"type": "Polygon", "coordinates": [[[101.613004, 3.06756], [101.612943, 3.067561], [101.612081, 3.067734], [101.612082, 3.067896], [101.612144, 3.067895], [101.613005, 3.067722], [101.613004, 3.06756]]]}}, {"type": "Feature", "properties": {}, "geometry": {"type": "Polygon", "coordinates": [[[101.612943, 3.067561], [101.612882, 3.067561], [101.61202, 3.067735], [101.612021, 3.067896], [101.612082, 3.067896], [101.612944, 3.067723], [101.612943, 3.067561]]]}}, {"type": "Feature", "properties": {}, "geometry": {"type": "Polygon", "coordinates": [[[101.612882, 3.067561], [101.612821, 3.067562], [101.611959, 3.067735], [101.61196, 3.067897], [101.612021, 3.067896], [101.612883, 3.067723], [101.612882, 3.067561]]]}}, {"type": "Feature", "properties": {}, "geometry": {"type": "Polygon", "coordinates": [[[101.612821, 3.067562], [101.61276, 3.067562], [101.611898, 3.067736], [101.6119, 3.067897], [101.61196, 3.067897], [101.612822, 3.067723], [101.612821, 3.067562]]]}}, {"type": "Feature", "properties": {}, "geometry": {"type": "Polygon", "coordinates": [[[101.612649, 3.067563], [101.612588, 3.067564], [101.611726, 3.067737], [101.611728, 3.067898], [101.611789, 3.067898], [101.612651, 3.067724], [101.612649, 3.067563]]]}}, {"type": "Feature", "properties": {}, "geometry": {"type": "Polygon", "coordinates": [[[101.612588, 3.067564], [101.612527, 3.067564], [101.611665, 3.067737], [101.611666, 3.067899], [101.611728, 3.067898], [101.612589, 3.067725], [101.612588, 3.067564]]]}}, {"type": "Feature", "properties": {}, "geometry": {"type": "Polygon", "coordinates": [[[101.612527, 3.067564], [101.612466, 3.067565], [101.611604, 3.067738], [101.611605, 3.067899], [101.611666, 3.067899], [101.612528, 3.067725], [101.612527, 3.067564]]]}}, {"type": "Feature", "properties": {}, "geometry": {"type": "Polygon", "coordinates": [[[101.612466, 3.067565], [101.612404, 3.067565], [101.611543, 3.067738], [101.611544, 3.0679], [101.611605, 3.067899], [101.612467, 3.067726], [101.612466, 3.067565]]]}}, {"type": "Feature", "properties": {}, "geometry": {"type": "Polygon", "coordinates": [[[101.612404, 3.067565], [101.612343, 3.067566], [101.611481, 3.067739], [101.611483, 3.0679], [101.611544, 3.0679], [101.612406, 3.067726], [101.612404, 3.067565]]]}}, {"type": "Feature", "properties": {}, "geometry": {"type": "Polygon", "coordinates": [[[101.612343, 3.067566], [101.612282, 3.067566], [101.61142, 3.067739], [101.611421, 3.067901], [101.611483, 3.0679], [101.612344, 3.067727], [101.612343, 3.067566]]]}}, {"type": "Feature", "properties": {}, "geometry": {"type": "Polygon", "coordinates": [[[101.612282, 3.067566], [101.612221, 3.067567], [101.611359, 3.06774], [101.61136, 3.067901], [101.611421, 3.067901], [101.612283, 3.067727], [101.612282, 3.067566]]]}}, {"type": "Feature", "properties": {}, "geometry": {"type": "Polygon", "coordinates": [[[101.612221, 3.067567], [101.61216, 3.067567], [101.611298, 3.06774], [101.611299, 3.067902], [101.61136, 3.067901], [101.612222, 3.067728], [101.612221, 3.067567]]]}}, {"type": "Feature", "properties": {}, "geometry": {"type": "Polygon", "coordinates": [[[101.61216, 3.067567], [101.612098, 3.067568], [101.611237, 3.067741], [101.611238, 3.067902], [101.611299, 3.067902], [101.612161, 3.067728], [101.61216, 3.067567]]]}}, {"type": "Feature", "properties": {}, "geometry": {"type": "Polygon", "coordinates": [[[101.612098, 3.067568], [101.612037, 3.067568], [101.611175, 3.067741], [101.611176, 3.067903], [101.611238, 3.067902], [101.6121, 3.067729], [101.612098, 3.067568]]]}}, {"type": "Feature", "properties": {}, "geometry": {"type": "Polygon", "coordinates": [[[101.612037, 3.067568], [101.611976, 3.067568], [101.611114, 3.067742], [101.611115, 3.067903], [101.611176, 3.067903], [101.612038, 3.067729], [101.612037, 3.067568]]]}}, {"type": "Feature", "properties": {}, "geometry": {"type": "Polygon", "coordinates": [[[101.611978, 3.067402], [101.611904, 3.067402], [101.611042, 3.067576], [101.611043, 3.067715], [101.611117, 3.067714], [101.611979, 3.067541], [101.611978, 3.067402]]]}}, {"type": "Feature", "properties": {}, "geometry": {"type": "Polygon", "coordinates": [[[101.612038, 3.067401], [101.611978, 3.067402], [101.611116, 3.067575], [101.611117, 3.067714], [101.611178, 3.067713], [101.61204, 3.06754], [101.612038, 3.067401]]]}}, {"type": "Feature", "properties": {}, "geometry": {"type": "Polygon", "coordinates": [[[101.612099, 3.0674], [101.612038, 3.067401], [101.611177, 3.067574], [101.611178, 3.067713], [101.611239, 3.067713], [101.6121, 3.06754], [101.612099, 3.0674]]]}}, {"type": "Feature", "properties": {}, "geometry": {"type": "Polygon", "coordinates": [[[101.61216, 3.0674], [101.612099, 3.0674], [101.611237, 3.067574], [101.611239, 3.067713], [101.611299, 3.067712], [101.612161, 3.067539], [101.61216, 3.0674]]]}}, {"type": "Feature", "properties": {}, "geometry": {"type": "Polygon", "coordinates": [[[101.61222, 3.067399], [101.61216, 3.0674], [101.611298, 3.067573], [101.611299, 3.067712], [101.61136, 3.067712], [101.612222, 3.067538], [101.61222, 3.067399]]]}}, {"type": "Feature", "properties": {}, "geometry": {"type": "Polygon", "coordinates": [[[101.612281, 3.067399], [101.61222, 3.067399], [101.611359, 3.067573], [101.61136, 3.067712], [101.611421, 3.067711], [101.612282, 3.067538], [101.612281, 3.067399]]]}}, {"type": "Feature", "properties": {}, "geometry": {"type": "Polygon", "coordinates": [[[101.612342, 3.067398], [101.612281, 3.067399], [101.611419, 3.067572], [101.611421, 3.067711], [101.611481, 3.067711], [101.612343, 3.067537], [101.612342, 3.067398]]]}}, {"type": "Feature", "properties": {}, "geometry": {"type": "Polygon", "coordinates": [[[101.612403, 3.067398], [101.612342, 3.067398], [101.61148, 3.067572], [101.611481, 3.067711], [101.611542, 3.06771], [101.612404, 3.067537], [101.612403, 3.067398]]]}}, {"type": "Feature", "properties": {}, "geometry": {"type": "Polygon", "coordinates": [[[101.612463, 3.067397], [101.612403, 3.067398], [101.611541, 3.067571], [101.611542, 3.06771], [101.611603, 3.067709], [101.612465, 3.067536], [101.612463, 3.067397]]]}}, {"type": "Feature", "properties": {}, "geometry": {"type": "Polygon", "coordinates": [[[101.612524, 3.067396], [101.612463, 3.067397], [101.611601, 3.06757], [101.611603, 3.067709], [101.611663, 3.067709], [101.612525, 3.067536], [101.612524, 3.067396]]]}}, {"type": "Feature", "properties": {}, "geometry": {"type": "Polygon", "coordinates": [[[101.612585, 3.067396], [101.612524, 3.067396], [101.611662, 3.06757], [101.611663, 3.067709], [101.611724, 3.067708], [101.612586, 3.067535], [101.612585, 3.067396]]]}}, {"type": "Feature", "properties": {}, "geometry": {"type": "Polygon", "coordinates": [[[101.612644, 3.06703], [101.612584, 3.067031], [101.611722, 3.067204], [101.611723, 3.067345], [101.611783, 3.067345], [101.612645, 3.067171], [101.612644, 3.06703]]]}}, {"type": "Feature", "properties": {}, "geometry": {"type": "Polygon", "coordinates": [[[101.612584, 3.067031], [101.612523, 3.067031], [101.611661, 3.067204], [101.611662, 3.067345], [101.611723, 3.067345], [101.612585, 3.067172], [101.612584, 3.067031]]]}}, {"type": "Feature", "properties": {}, "geometry": {"type": "Polygon", "coordinates": [[[101.612523, 3.067031], [101.612463, 3.067031], [101.611601, 3.067204], [101.611602, 3.067346], [101.611662, 3.067345], [101.612524, 3.067172], [101.612523, 3.067031]]]}}, {"type": "Feature", "properties": {}, "geometry": {"type": "Polygon", "coordinates": [[[101.612463, 3.067031], [101.612402, 3.067032], [101.61154, 3.067205], [101.611541, 3.067346], [101.611602, 3.067346], [101.612463, 3.067172], [101.612463, 3.067031]]]}}, {"type": "Feature", "properties": {}, "geometry": {"type": "Polygon", "coordinates": [[[101.612402, 3.067032], [101.612342, 3.067032], [101.61148, 3.067205], [101.61148, 3.067346], [101.611541, 3.067346], [101.612403, 3.067173], [101.612402, 3.067032]]]}}, {"type": "Feature", "properties": {}, "geometry": {"type": "Polygon", "coordinates": [[[101.612342, 3.067032], [101.612281, 3.067032], [101.611419, 3.067206], [101.61142, 3.067347], [101.61148, 3.067346], [101.612342, 3.067173], [101.612342, 3.067032]]]}}, {"type": "Feature", "properties": {}, "geometry": {"type": "Polygon", "coordinates": [[[101.612281, 3.067032], [101.61222, 3.067033], [101.611359, 3.067206], [101.611359, 3.067347], [101.61142, 3.067347], [101.612282, 3.067174], [101.612281, 3.067032]]]}}, {"type": "Feature", "properties": {}, "geometry": {"type": "Polygon", "coordinates": [[[101.61222, 3.067033], [101.61216, 3.067033], [101.611298, 3.067206], [101.611299, 3.067347], [101.611359, 3.067347], [101.612221, 3.067174], [101.61222, 3.067033]]]}}, {"type": "Feature", "properties": {}, "geometry": {"type": "Polygon", "coordinates": [[[101.61216, 3.067033], [101.612099, 3.067033], [101.611237, 3.067207], [101.611238, 3.067348], [101.611299, 3.067347], [101.612161, 3.067174], [101.61216, 3.067033]]]}}, {"type": "Feature", "properties": {}, "geometry": {"type": "Polygon", "coordinates": [[[101.612099, 3.067033], [101.612039, 3.067034], [101.611177, 3.067207], [101.611178, 3.067348], [101.611238, 3.067348], [101.6121, 3.067175], [101.612099, 3.067033]]]}}, {"type": "Feature", "properties": {}, "geometry": {"type": "Polygon", "coordinates": [[[101.612039, 3.067034], [101.611978, 3.067034], [101.611116, 3.067207], [101.611117, 3.067349], [101.611178, 3.067348], [101.612039, 3.067175], [101.612039, 3.067034]]]}}, {"type": "Feature", "properties": {}, "geometry": {"type": "Polygon", "coordinates": [[[101.612644, 3.066851], [101.612583, 3.066851], [101.611721, 3.067024], [101.611722, 3.06716], [101.611783, 3.067159], [101.612645, 3.066986], [101.612644, 3.066851]]]}}, {"type": "Feature", "properties": {}, "geometry": {"type": "Polygon", "coordinates": [[[101.612583, 3.066851], [101.612521, 3.066852], [101.61166, 3.067025], [101.611661, 3.06716], [101.611722, 3.06716], [101.612584, 3.066986], [101.612583, 3.066851]]]}}, {"type": "Feature", "properties": {}, "geometry": {"type": "Polygon", "coordinates": [[[101.612521, 3.066852], [101.61246, 3.066852], [101.611598, 3.067026], [101.611599, 3.067161], [101.611661, 3.06716], [101.612523, 3.066987], [101.612521, 3.066852]]]}}, {"type": "Feature", "properties": {}, "geometry": {"type": "Polygon", "coordinates": [[[101.61246, 3.066852], [101.612399, 3.066853], [101.611537, 3.067026], [101.611538, 3.067161], [101.611599, 3.067161], [101.612461, 3.066988], [101.61246, 3.066852]]]}}, {"type": "Feature", "properties": {}, "geometry": {"type": "Polygon", "coordinates": [[[101.612399, 3.066853], [101.612337, 3.066853], [101.611475, 3.067027], [101.611477, 3.067162], [101.611538, 3.067161], [101.6124, 3.066988], [101.612399, 3.066853]]]}}, {"type": "Feature", "properties": {}, "geometry": {"type": "Polygon", "coordinates": [[[101.612337, 3.066853], [101.612276, 3.066854], [101.611414, 3.067027], [101.611415, 3.067162], [101.611477, 3.067162], [101.612339, 3.066989], [101.612337, 3.066853]]]}}, {"type": "Feature", "properties": {}, "geometry": {"type": "Polygon", "coordinates": [[[101.612276, 3.066854], [101.612215, 3.066855], [101.611353, 3.067028], [101.611354, 3.067163], [101.611415, 3.067162], [101.612277, 3.066989], [101.612276, 3.066854]]]}}, {"type": "Feature", "properties": {}, "geometry": {"type": "Polygon", "coordinates": [[[101.612215, 3.066855], [101.612153, 3.066855], [101.611291, 3.067028], [101.611293, 3.067164], [101.611354, 3.067163], [101.612216, 3.06699], [101.612215, 3.066855]]]}}, {"type": "Feature", "properties": {}, "geometry": {"type": "Polygon", "coordinates": [[[101.612153, 3.066855], [101.612092, 3.066856], [101.61123, 3.067029], [101.611232, 3.067164], [101.611293, 3.067164], [101.612155, 3.06699], [101.612153, 3.066855]]]}}, {"type": "Feature", "properties": {}, "geometry": {"type": "Polygon", "coordinates": [[[101.612092, 3.066856], [101.612031, 3.066856], [101.611169, 3.067029], [101.61117, 3.067165], [101.611232, 3.067164], [101.612093, 3.066991], [101.612092, 3.066856]]]}}, {"type": "Feature", "properties": {}, "geometry": {"type": "Polygon", "coordinates": [[[101.612031, 3.066856], [101.611969, 3.066857], [101.611108, 3.06703], [101.611109, 3.067165], [101.61117, 3.067165], [101.612032, 3.066992], [101.612031, 3.066856]]]}}, {"type": "Feature", "properties": {}, "geometry": {"type": "Polygon", "coordinates": [[[101.613433, 3.067022], [101.613372, 3.067022], [101.61251, 3.067195], [101.612511, 3.067347], [101.612572, 3.067347], [101.613434, 3.067174], [101.613433, 3.067022]]]}}, {"type": "Feature", "properties": {}, "geometry": {"type": "Polygon", "coordinates": [[[101.613372, 3.067022], [101.61331, 3.067022], [101.612449, 3.067196], [101.612449, 3.067348], [101.612511, 3.067347], [101.613373, 3.067174], [101.613372, 3.067022]]]}}, {"type": "Feature", "properties": {}, "geometry": {"type": "Polygon", "coordinates": [[[101.61331, 3.067022], [101.613249, 3.067023], [101.612387, 3.067196], [101.612388, 3.067348], [101.612449, 3.067348], [101.613311, 3.067174], [101.61331, 3.067022]]]}}, {"type": "Feature", "properties": {}, "geometry": {"type": "Polygon", "coordinates": [[[101.613249, 3.067023], [101.613188, 3.067023], [101.612326, 3.067196], [101.612327, 3.067348], [101.612388, 3.067348], [101.61325, 3.067175], [101.613249, 3.067023]]]}}, {"type": "Feature", "properties": {}, "geometry": {"type": "Polygon", "coordinates": [[[101.613188, 3.067023], [101.613127, 3.067023], [101.612265, 3.067197], [101.612266, 3.067349], [101.612327, 3.067348], [101.613189, 3.067175], [101.613188, 3.067023]]]}}, {"type": "Feature", "properties": {}, "geometry": {"type": "Polygon", "coordinates": [[[101.613127, 3.067023], [101.613065, 3.067024], [101.612204, 3.067197], [101.612204, 3.067349], [101.612266, 3.067349], [101.613128, 3.067175], [101.613127, 3.067023]]]}}, {"type": "Feature", "properties": {}, "geometry": {"type": "Polygon", "coordinates": [[[101.613065, 3.067024], [101.613004, 3.067024], [101.612142, 3.067197], [101.612143, 3.067349], [101.612204, 3.067349], [101.613066, 3.067176], [101.613065, 3.067024]]]}}, {"type": "Feature", "properties": {}, "geometry": {"type": "Polygon", "coordinates": [[[101.613004, 3.067024], [101.612943, 3.067025], [101.612081, 3.067198], [101.612082, 3.06735], [101.612143, 3.067349], [101.613005, 3.067176], [101.613004, 3.067024]]]}}, {"type": "Feature", "properties": {}, "geometry": {"type": "Polygon", "coordinates": [[[101.612943, 3.067025], [101.612882, 3.067025], [101.61202, 3.067198], [101.612021, 3.06735], [101.612082, 3.06735], [101.612944, 3.067176], [101.612943, 3.067025]]]}}, {"type": "Feature", "properties": {}, "geometry": {"type": "Polygon", "coordinates": [[[101.612882, 3.067025], [101.61282, 3.067025], [101.611959, 3.067198], [101.611959, 3.06735], [101.612021, 3.06735], [101.612883, 3.067177], [101.612882, 3.067025]]]}}, {"type": "Feature", "properties": {}, "geometry": {"type": "Polygon", "coordinates": [[[101.61282, 3.067025], [101.612759, 3.067026], [101.611897, 3.067199], [101.611898, 3.067351], [101.611959, 3.06735], [101.612821, 3.067177], [101.61282, 3.067025]]]}}, {"type": "Feature", "properties": {}, "geometry": {"type": "Polygon", "coordinates": [[[101.613433, 3.066841], [101.613372, 3.066842], [101.61251, 3.067015], [101.612511, 3.067157], [101.612572, 3.067157], [101.613434, 3.066984], [101.613433, 3.066841]]]}}, {"type": "Feature", "properties": {}, "geometry": {"type": "Polygon", "coordinates": [[[101.613372, 3.066842], [101.613311, 3.066842], [101.612449, 3.067016], [101.61245, 3.067158], [101.612511, 3.067157], [101.613373, 3.066984], [101.613372, 3.066842]]]}}, {"type": "Feature", "properties": {}, "geometry": {"type": "Polygon", "coordinates": [[[101.613311, 3.066842], [101.61325, 3.066843], [101.612388, 3.067016], [101.612389, 3.067159], [101.61245, 3.067158], [101.613312, 3.066985], [101.613311, 3.066842]]]}}, {"type": "Feature", "properties": {}, "geometry": {"type": "Polygon", "coordinates": [[[101.61325, 3.066843], [101.613189, 3.066843], [101.612327, 3.067017], [101.612328, 3.067159], [101.612389, 3.067159], [101.613251, 3.066985], [101.61325, 3.066843]]]}}, {"type": "Feature", "properties": {}, "geometry": {"type": "Polygon", "coordinates": [[[101.613189, 3.066843], [101.613128, 3.066844], [101.612266, 3.067017], [101.612267, 3.06716], [101.612328, 3.067159], [101.61319, 3.066986], [101.613189, 3.066843]]]}}, {"type": "Feature", "properties": {}, "geometry": {"type": "Polygon", "coordinates": [[[101.613128, 3.066844], [101.613067, 3.066845], [101.612205, 3.067018], [101.612206, 3.06716], [101.612267, 3.06716], [101.613129, 3.066986], [101.613128, 3.066844]]]}}, {"type": "Feature", "properties": {}, "geometry": {"type": "Polygon", "coordinates": [[[101.613067, 3.066845], [101.613006, 3.066845], [101.612144, 3.067018], [101.612145, 3.067161], [101.612206, 3.06716], [101.613068, 3.066987], [101.613067, 3.066845]]]}}, {"type": "Feature", "properties": {}, "geometry": {"type": "Polygon", "coordinates": [[[101.613006, 3.066845], [101.612945, 3.066846], [101.612083, 3.067019], [101.612084, 3.067161], [101.612145, 3.067161], [101.613007, 3.066988], [101.613006, 3.066845]]]}}, {"type": "Feature", "properties": {}, "geometry": {"type": "Polygon", "coordinates": [[[101.612945, 3.066846], [101.612884, 3.066846], [101.612022, 3.067019], [101.612023, 3.067162], [101.612084, 3.067161], [101.612946, 3.066988], [101.612945, 3.066846]]]}}, {"type": "Feature", "properties": {}, "geometry": {"type": "Polygon", "coordinates": [[[101.612884, 3.066846], [101.612823, 3.066847], [101.611961, 3.06702], [101.611962, 3.067162], [101.612023, 3.067162], [101.612885, 3.066989], [101.612884, 3.066846]]]}}, {"type": "Feature", "properties": {}, "geometry": {"type": "Polygon", "coordinates": [[[101.612823, 3.066847], [101.612762, 3.066847], [101.6119, 3.067021], [101.611901, 3.067163], [101.611962, 3.067162], [101.612824, 3.066989], [101.612823, 3.066847]]]}}, {"type": "Feature", "properties": {}, "geometry": {"type": "Polygon", "coordinates": [[[101.614231, 3.067027], [101.614169, 3.067028], [101.613307, 3.067201], [101.613308, 3.067339], [101.61337, 3.067339], [101.614232, 3.067166], [101.614231, 3.067027]]]}}, {"type": "Feature", "properties": {}, "geometry": {"type": "Polygon", "coordinates": [[[101.614169, 3.067028], [101.614107, 3.067028], [101.613245, 3.067201], [101.613246, 3.06734], [101.613308, 3.067339], [101.61417, 3.067166], [101.614169, 3.067028]]]}}, {"type": "Feature", "properties": {}, "geometry": {"type": "Polygon", "coordinates": [[[101.614107, 3.067028], [101.614045, 3.067028], [101.613184, 3.067201], [101.613184, 3.06734], [101.613246, 3.06734], [101.614108, 3.067166], [101.614107, 3.067028]]]}}, {"type": "Feature", "properties": {}, "geometry": {"type": "Polygon", "coordinates": [[[101.614045, 3.067028], [101.613984, 3.067029], [101.613122, 3.067202], [101.613123, 3.06734], [101.613184, 3.06734], [101.614046, 3.067167], [101.614045, 3.067028]]]}}, {"type": "Feature", "properties": {}, "geometry": {"type": "Polygon", "coordinates": [[[101.613984, 3.067029], [101.613922, 3.067029], [101.61306, 3.067202], [101.613061, 3.067341], [101.613123, 3.06734], [101.613984, 3.067167], [101.613984, 3.067029]]]}}, {"type": "Feature", "properties": {}, "geometry": {"type": "Polygon", "coordinates": [[[101.613922, 3.067029], [101.61386, 3.067029], [101.612998, 3.067203], [101.612999, 3.067341], [101.613061, 3.067341], [101.613923, 3.067167], [101.613922, 3.067029]]]}}, {"type": "Feature", "properties": {}, "geometry": {"type": "Polygon", "coordinates": [[[101.61386, 3.067029], [101.613798, 3.06703], [101.612936, 3.067203], [101.612937, 3.067341], [101.612999, 3.067341], [101.613861, 3.067168], [101.61386, 3.067029]]]}}, {"type": "Feature", "properties": {}, "geometry": {"type": "Polygon", "coordinates": [[[101.613798, 3.06703], [101.613736, 3.06703], [101.612875, 3.067203], [101.612875, 3.067342], [101.612937, 3.067341], [101.613799, 3.067168], [101.613798, 3.06703]]]}}, {"type": "Feature", "properties": {}, "geometry": {"type": "Polygon", "coordinates": [[[101.613736, 3.06703], [101.613675, 3.06703], [101.612813, 3.067204], [101.612814, 3.067342], [101.612875, 3.067342], [101.613737, 3.067168], [101.613736, 3.06703]]]}}, {"type": "Feature", "properties": {}, "geometry": {"type": "Polygon", "coordinates": [[[101.613675, 3.06703], [101.613613, 3.067031], [101.612751, 3.067204], [101.612752, 3.067342], [101.612814, 3.067342], [101.613675, 3.067169], [101.613675, 3.06703]]]}}, {"type": "Feature", "properties": {}, "geometry": {"type": "Polygon", "coordinates": [[[101.613613, 3.067031], [101.613551, 3.067031], [101.612689, 3.067204], [101.61269, 3.067343], [101.612752, 3.067342], [101.613614, 3.067169], [101.613613, 3.067031]]]}}, {"type": "Feature", "properties": {}, "geometry": {"type": "Polygon", "coordinates": [[[101.614227, 3.066838], [101.614165, 3.066839], [101.613304, 3.067012], [101.613305, 3.067155], [101.613366, 3.067155], [101.614228, 3.066981], [101.614227, 3.066838]]]}}, {"type": "Feature", "properties": {}, "geometry": {"type": "Polygon", "coordinates": [[[101.614165, 3.066839], [101.614104, 3.066839], [101.613242, 3.067013], [101.613244, 3.067156], [101.613305, 3.067155], [101.614167, 3.066982], [101.614165, 3.066839]]]}}, {"type": "Feature", "properties": {}, "geometry": {"type": "Polygon", "coordinates": [[[101.614104, 3.066839], [101.614043, 3.06684], [101.613181, 3.067013], [101.613182, 3.067156], [101.613244, 3.067156], [101.614105, 3.066982], [101.614104, 3.066839]]]}}, {"type": "Feature", "properties": {}, "geometry": {"type": "Polygon", "coordinates": [[[101.614043, 3.06684], [101.613982, 3.06684], [101.61312, 3.067014], [101.613121, 3.067157], [101.613182, 3.067156], [101.614044, 3.066983], [101.614043, 3.06684]]]}}, {"type": "Feature", "properties": {}, "geometry": {"type": "Polygon", "coordinates": [[[101.613982, 3.06684], [101.61392, 3.066841], [101.613058, 3.067014], [101.61306, 3.067157], [101.613121, 3.067157], [101.613983, 3.066984], [101.613982, 3.06684]]]}}, {"type": "Feature", "properties": {}, "geometry": {"type": "Polygon", "coordinates": [[[101.61392, 3.066841], [101.613859, 3.066842], [101.612997, 3.067015], [101.612999, 3.067158], [101.61306, 3.067157], [101.613922, 3.066984], [101.61392, 3.066841]]]}}, {"type": "Feature", "properties": {}, "geometry": {"type": "Polygon", "coordinates": [[[101.613859, 3.066842], [101.613798, 3.066842], [101.612936, 3.067015], [101.612937, 3.067159], [101.612999, 3.067158], [101.61386, 3.066985], [101.613859, 3.066842]]]}}, {"type": "Feature", "properties": {}, "geometry": {"type": "Polygon", "coordinates": [[[101.613798, 3.066842], [101.613737, 3.066843], [101.612875, 3.067016], [101.612876, 3.067159], [101.612937, 3.067159], [101.613799, 3.066985], [101.613798, 3.066842]]]}}, {"type": "Feature", "properties": {}, "geometry": {"type": "Polygon", "coordinates": [[[101.613737, 3.066843], [101.613675, 3.066843], [101.612814, 3.067016], [101.612815, 3.06716], [101.612876, 3.067159], [101.613738, 3.066986], [101.613737, 3.066843]]]}}, {"type": "Feature", "properties": {}, "geometry": {"type": "Polygon", "coordinates": [[[101.613675, 3.066843], [101.613614, 3.066844], [101.612752, 3.067017], [101.612754, 3.06716], [101.612815, 3.06716], [101.613677, 3.066986], [101.613675, 3.066843]]]}}, {"type": "Feature", "properties": {}, "geometry": {"type": "Polygon", "coordinates": [[[101.613614, 3.066844], [101.613553, 3.066844], [101.612691, 3.067018], [101.612692, 3.067161], [101.612754, 3.06716], [101.613615, 3.066987], [101.613614, 3.066844]]]}}, {"type": "Feature", "properties": {}, "geometry": {"type": "Polygon", "coordinates": [[[101.614718, 3.066359], [101.612954, 3.066714], [101.612954, 3.066775], [101.613162, 3.066775], [101.614926, 3.06642], [101.614926, 3.066359], [101.614718, 3.066359]]]}}, {"type": "Feature", "properties": {}, "geometry": {"type": "Polygon", "coordinates": [[[101.614718, 3.066297], [101.612954, 3.066652], [101.612954, 3.066714], [101.613162, 3.066714], [101.614926, 3.066359], [101.614926, 3.066297], [101.614718, 3.066297]]]}}, {"type": "Feature", "properties": {}, "geometry": {"type": "Polygon", "coordinates": [[[101.614718, 3.066236], [101.612954, 3.066591], [101.612954, 3.066652], [101.613162, 3.066652], [101.614926, 3.066297], [101.614926, 3.066236], [101.614718, 3.066236]]]}}, {"type": "Feature", "properties": {}, "geometry": {"type": "Polygon", "coordinates": [[[101.614718, 3.066175], [101.612954, 3.066529], [101.612954, 3.066591], [101.613162, 3.066591], [101.614926, 3.066236], [101.614926, 3.066175], [101.614718, 3.066175]]]}}, {"type": "Feature", "properties": {}, "geometry": {"type": "Polygon", "coordinates": [[[101.614718, 3.066113], [101.612954, 3.066468], [101.612954, 3.066529], [101.613162, 3.066529], [101.614926, 3.066175], [101.614926, 3.066113], [101.614718, 3.066113]]]}}, {"type": "Feature", "properties": {}, "geometry": {"type": "Polygon", "coordinates": [[[101.614718, 3.066052], [101.612954, 3.066406], [101.612954, 3.066468], [101.613162, 3.066468], [101.614926, 3.066113], [101.614926, 3.066052], [101.614718, 3.066052]]]}}, {"type": "Feature", "properties": {}, "geometry": {"type": "Polygon", "coordinates": [[[101.614718, 3.06599], [101.612954, 3.066345], [101.612954, 3.066406], [101.613162, 3.066406], [101.614926, 3.066052], [101.614926, 3.06599], [101.614718, 3.06599]]]}}, {"type": "Feature", "properties": {}, "geometry": {"type": "Polygon", "coordinates": [[[101.614718, 3.065929], [101.612954, 3.066283], [101.612954, 3.066345], [101.613162, 3.066345], [101.614926, 3.06599], [101.614926, 3.065929], [101.614718, 3.065929]]]}}, {"type": "Feature", "properties": {}, "geometry": {"type": "Polygon", "coordinates": [[[101.614718, 3.065867], [101.612954, 3.066222], [101.612954, 3.066283], [101.613162, 3.066283], [101.614926, 3.065929], [101.614926, 3.065867], [101.614718, 3.065867]]]}}, {"type": "Feature", "properties": {}, "geometry": {"type": "Polygon", "coordinates": [[[101.614973, 3.066355], [101.613209, 3.06671], [101.613209, 3.066771], [101.613415, 3.066771], [101.615179, 3.066416], [101.615179, 3.066355], [101.614973, 3.066355]]]}}, {"type": "Feature", "properties": {}, "geometry": {"type": "Polygon", "coordinates": [[[101.614973, 3.066294], [101.613209, 3.066649], [101.613209, 3.06671], [101.613415, 3.06671], [101.615179, 3.066355], [101.615179, 3.066294], [101.614973, 3.066294]]]}}, {"type": "Feature", "properties": {}, "geometry": {"type": "Polygon", "coordinates": [[[101.614973, 3.066233], [101.613209, 3.066588], [101.613209, 3.066649], [101.613415, 3.066649], [101.615179, 3.066294], [101.615179, 3.066233], [101.614973, 3.066233]]]}}, {"type": "Feature", "properties": {}, "geometry": {"type": "Polygon", "coordinates": [[[101.614973, 3.066172], [101.613209, 3.066526], [101.613209, 3.066588], [101.613415, 3.066588], [101.615179, 3.066233], [101.615179, 3.066172], [101.614973, 3.066172]]]}}, {"type": "Feature", "properties": {}, "geometry": {"type": "Polygon", "coordinates": [[[101.614973, 3.06611], [101.613209, 3.066465], [101.613209, 3.066526], [101.613415, 3.066526], [101.615179, 3.066172], [101.615179, 3.06611], [101.614973, 3.06611]]]}}, {"type": "Feature", "properties": {}, "geometry": {"type": "Polygon", "coordinates": [[[101.614973, 3.066049], [101.613209, 3.066404], [101.613209, 3.066465], [101.613415, 3.066465], [101.615179, 3.06611], [101.615179, 3.066049], [101.614973, 3.066049]]]}}, {"type": "Feature", "properties": {}, "geometry": {"type": "Polygon", "coordinates": [[[101.614973, 3.065988], [101.613209, 3.066343], [101.613209, 3.066404], [101.613415, 3.066404], [101.615179, 3.066049], [101.615179, 3.065988], [101.614973, 3.065988]]]}}, {"type": "Feature", "properties": {}, "geometry": {"type": "Polygon", "coordinates": [[[101.614973, 3.065927], [101.613209, 3.066282], [101.613209, 3.066343], [101.613415, 3.066343], [101.615179, 3.065988], [101.615179, 3.065927], [101.614973, 3.065927]]]}}, {"type": "Feature", "properties": {}, "geometry": {"type": "Polygon", "coordinates": [[[101.614973, 3.065866], [101.613209, 3.06622], [101.613209, 3.066282], [101.613415, 3.066282], [101.615179, 3.065927], [101.615179, 3.065866], [101.614973, 3.065866]]]}}, {"type": "Feature", "properties": {}, "geometry": {"type": "Polygon", "coordinates": [[[101.612639, 3.066433], [101.612578, 3.066433], [101.611716, 3.066606], [101.611718, 3.066766], [101.611778, 3.066766], [101.61264, 3.066592], [101.612639, 3.066433]]]}}, {"type": "Feature", "properties": {}, "geometry": {"type": "Polygon", "coordinates": [[[101.612578, 3.066433], [101.612517, 3.066434], [101.611655, 3.066607], [101.611657, 3.066767], [101.611718, 3.066766], [101.61258, 3.066593], [101.612578, 3.066433]]]}}, {"type": "Feature", "properties": {}, "geometry": {"type": "Polygon", "coordinates": [[[101.612517, 3.066434], [101.612457, 3.066434], [101.611595, 3.066607], [101.611596, 3.066767], [101.611657, 3.066767], [101.612519, 3.066593], [101.612517, 3.066434]]]}}, {"type": "Feature", "properties": {}, "geometry": {"type": "Polygon", "coordinates": [[[101.612457, 3.066434], [101.612396, 3.066435], [101.611534, 3.066608], [101.611536, 3.066768], [101.611596, 3.066767], [101.612458, 3.066594], [101.612457, 3.066434]]]}}, {"type": "Feature", "properties": {}, "geometry": {"type": "Polygon", "coordinates": [[[101.612396, 3.066435], [101.612335, 3.066435], [101.611473, 3.066609], [101.611475, 3.066768], [101.611536, 3.066768], [101.612397, 3.066595], [101.612396, 3.066435]]]}}, {"type": "Feature", "properties": {}, "geometry": {"type": "Polygon", "coordinates": [[[101.612335, 3.066435], [101.612274, 3.066436], [101.611413, 3.066609], [101.611414, 3.066769], [101.611475, 3.066768], [101.612337, 3.066595], [101.612335, 3.066435]]]}}, {"type": "Feature", "properties": {}, "geometry": {"type": "Polygon", "coordinates": [[[101.612274, 3.066436], [101.612214, 3.066436], [101.611352, 3.06661], [101.611353, 3.066769], [101.611414, 3.066769], [101.612276, 3.066596], [101.612274, 3.066436]]]}}, {"type": "Feature", "properties": {}, "geometry": {"type": "Polygon", "coordinates": [[[101.612214, 3.066436], [101.612153, 3.066437], [101.611291, 3.06661], [101.611293, 3.06677], [101.611353, 3.066769], [101.612215, 3.066596], [101.612214, 3.066436]]]}}, {"type": "Feature", "properties": {}, "geometry": {"type": "Polygon", "coordinates": [[[101.612153, 3.066437], [101.612092, 3.066438], [101.611231, 3.066611], [101.611232, 3.066771], [101.611293, 3.06677], [101.612155, 3.066597], [101.612153, 3.066437]]]}}, {"type": "Feature", "properties": {}, "geometry": {"type": "Polygon", "coordinates": [[[101.612092, 3.066438], [101.612032, 3.066438], [101.61117, 3.066611], [101.611171, 3.066771], [101.611232, 3.066771], [101.612094, 3.066597], [101.612092, 3.066438]]]}}, {"type": "Feature", "properties": {}, "geometry": {"type": "Polygon", "coordinates": [[[101.612032, 3.066438], [101.611971, 3.066439], [101.611109, 3.066612], [101.61111, 3.066772], [101.611171, 3.066771], [101.612033, 3.066598], [101.612032, 3.066438]]]}}, {"type": "Feature", "properties": {}, "geometry": {"type": "Polygon", "coordinates": [[[101.61264, 3.066264], [101.612579, 3.066264], [101.611717, 3.066438], [101.611718, 3.06659], [101.611779, 3.066589], [101.612641, 3.066416], [101.61264, 3.066264]]]}}, {"type": "Feature", "properties": {}, "geometry": {"type": "Polygon", "coordinates": [[[101.612579, 3.066264], [101.612518, 3.066265], [101.611656, 3.066438], [101.611658, 3.06659], [101.611718, 3.06659], [101.61258, 3.066416], [101.612579, 3.066264]]]}}, {"type": "Feature", "properties": {}, "geometry": {"type": "Polygon", "coordinates": [[[101.612518, 3.066265], [101.612457, 3.066265], [101.611596, 3.066439], [101.611597, 3.066591], [101.611658, 3.06659], [101.61252, 3.066417], [101.612518, 3.066265]]]}}, {"type": "Feature", "properties": {}, "geometry": {"type": "Polygon", "coordinates": [[[101.612457, 3.066265], [101.612397, 3.066266], [101.611535, 3.066439], [101.611536, 3.066591], [101.611597, 3.066591], [101.612459, 3.066417], [101.612457, 3.066265]]]}}, {"type": "Feature", "properties": {}, "geometry": {"type": "Polygon", "coordinates": [[[101.612397, 3.066266], [101.612336, 3.066267], [101.611474, 3.06644], [101.611475, 3.066592], [101.611536, 3.066591], [101.612398, 3.066418], [101.612397, 3.066266]]]}}, {"type": "Feature", "properties": {}, "geometry": {"type": "Polygon", "coordinates": [[[101.612336, 3.066267], [101.612275, 3.066267], [101.611413, 3.06644], [101.611415, 3.066592], [101.611475, 3.066592], [101.612337, 3.066418], [101.612336, 3.066267]]]}}, {"type": "Feature", "properties": {}, "geometry": {"type": "Polygon", "coordinates": [[[101.612275, 3.066267], [101.612214, 3.066268], [101.611352, 3.066441], [101.611354, 3.066593], [101.611415, 3.066592], [101.612276, 3.066419], [101.612275, 3.066267]]]}}, {"type": "Feature", "properties": {}, "geometry": {"type": "Polygon", "coordinates": [[[101.612214, 3.066268], [101.612153, 3.066268], [101.611292, 3.066441], [101.611293, 3.066593], [101.611354, 3.066593], [101.612216, 3.06642], [101.612214, 3.066268]]]}}, {"type": "Feature", "properties": {}, "geometry": {"type": "Polygon", "coordinates": [[[101.612153, 3.066268], [101.612093, 3.066269], [101.611231, 3.066442], [101.611232, 3.066594], [101.611293, 3.066593], [101.612155, 3.06642], [101.612153, 3.066268]]]}}, {"type": "Feature", "properties": {}, "geometry": {"type": "Polygon", "coordinates": [[[101.612093, 3.066269], [101.612032, 3.066269], [101.61117, 3.066442], [101.611171, 3.066594], [101.611232, 3.066594], [101.612094, 3.066421], [101.612093, 3.066269]]]}}, {"type": "Feature", "properties": {}, "geometry": {"type": "Polygon", "coordinates": [[[101.612032, 3.066269], [101.611971, 3.06627], [101.611109, 3.066443], [101.611111, 3.066595], [101.611171, 3.066594], [101.612033, 3.066421], [101.612032, 3.066269]]]}}, {"type": "Feature", "properties": {}, "geometry": {"type": "Polygon", "coordinates": [[[101.61306, 3.066427], [101.612999, 3.066427], [101.612137, 3.066601], [101.612138, 3.066758], [101.612199, 3.066758], [101.613061, 3.066584], [101.61306, 3.066427]]]}}, {"type": "Feature", "properties": {}, "geometry": {"type": "Polygon", "coordinates": [[[101.612999, 3.066427], [101.612938, 3.066428], [101.612076, 3.066601], [101.612077, 3.066759], [101.612138, 3.066758], [101.613, 3.066585], [101.612999, 3.066427]]]}}, {"type": "Feature", "properties": {}, "geometry": {"type": "Polygon", "coordinates": [[[101.612938, 3.066428], [101.612876, 3.066429], [101.612015, 3.066602], [101.612016, 3.066759], [101.612077, 3.066759], [101.612939, 3.066586], [101.612938, 3.066428]]]}}, {"type": "Feature", "properties": {}, "geometry": {"type": "Polygon", "coordinates": [[[101.612876, 3.066429], [101.612815, 3.066429], [101.611954, 3.066602], [101.611955, 3.06676], [101.612016, 3.066759], [101.612878, 3.066586], [101.612876, 3.066429]]]}}, {"type": "Feature", "properties": {}, "geometry": {"type": "Polygon", "coordinates": [[[101.612815, 3.066429], [101.612754, 3.06643], [101.611893, 3.066603], [101.611894, 3.06676], [101.611955, 3.06676], [101.612817, 3.066587], [101.612815, 3.066429]]]}}, {"type": "Feature", "properties": {}, "geometry": {"type": "Polygon", "coordinates": [[[101.61306, 3.066268], [101.612998, 3.066269], [101.612136, 3.066442], [101.612138, 3.066585], [101.612199, 3.066584], [101.613061, 3.066411], [101.61306, 3.066268]]]}}, {"type": "Feature", "properties": {}, "geometry": {"type": "Polygon", "coordinates": [[[101.612998, 3.066269], [101.612937, 3.066269], [101.612075, 3.066442], [101.612076, 3.066586], [101.612138, 3.066585], [101.613, 3.066412], [101.612998, 3.066269]]]}}, {"type": "Feature", "properties": {}, "geometry": {"type": "Polygon", "coordinates": [[[101.612937, 3.066269], [101.612875, 3.06627], [101.612014, 3.066443], [101.612015, 3.066586], [101.612076, 3.066586], [101.612938, 3.066412], [101.612937, 3.066269]]]}}, {"type": "Feature", "properties": {}, "geometry": {"type": "Polygon", "coordinates": [[[101.612875, 3.06627], [101.612814, 3.06627], [101.611952, 3.066443], [101.611953, 3.066587], [101.612015, 3.066586], [101.612877, 3.066413], [101.612875, 3.06627]]]}}, {"type": "Feature", "properties": {}, "geometry": {"type": "Polygon", "coordinates": [[[101.612814, 3.06627], [101.612753, 3.066271], [101.611891, 3.066444], [101.611892, 3.066587], [101.611953, 3.066587], [101.612815, 3.066414], [101.612814, 3.06627]]]}}, {"type": "Feature", "properties": {}, "geometry": {"type": "Polygon", "coordinates": [[[101.612583, 3.065723], [101.611722, 3.065896], [101.611721, 3.066035], [101.611782, 3.066035], [101.612643, 3.065862], [101.612644, 3.065723], [101.612583, 3.065723]]]}}, {"type": "Feature", "properties": {}, "geometry": {"type": "Polygon", "coordinates": [[[101.612522, 3.065722], [101.61166, 3.065895], [101.61166, 3.066034], [101.611721, 3.066035], [101.612582, 3.065861], [101.612583, 3.065723], [101.612522, 3.065722]]]}}, {"type": "Feature", "properties": {}, "geometry": {"type": "Polygon", "coordinates": [[[101.612461, 3.065722], [101.611599, 3.065895], [101.611598, 3.066034], [101.61166, 3.066034], [101.612521, 3.065861], [101.612522, 3.065722], [101.612461, 3.065722]]]}}, {"type": "Feature", "properties": {}, "geometry": {"type": "Polygon", "coordinates": [[[101.6124, 3.065721], [101.611538, 3.065895], [101.611538, 3.066033], [101.611598, 3.066034], [101.61246, 3.065861], [101.612461, 3.065722], [101.6124, 3.065721]]]}}, {"type": "Feature", "properties": {}, "geometry": {"type": "Polygon", "coordinates": [[[101.612339, 3.065721], [101.611478, 3.065894], [101.611477, 3.066033], [101.611538, 3.066033], [101.612399, 3.06586], [101.6124, 3.065721], [101.612339, 3.065721]]]}}, {"type": "Feature", "properties": {}, "geometry": {"type": "Polygon", "coordinates": [[[101.612278, 3.065721], [101.611417, 3.065894], [101.611416, 3.066032], [101.611477, 3.066033], [101.612338, 3.06586], [101.612339, 3.065721], [101.612278, 3.065721]]]}}, {"type": "Feature", "properties": {}, "geometry": {"type": "Polygon", "coordinates": [[[101.612217, 3.06572], [101.611356, 3.065893], [101.611355, 3.066032], [101.611416, 3.066032], [101.612277, 3.065859], [101.612278, 3.065721], [101.612217, 3.06572]]]}}, {"type": "Feature", "properties": {}, "geometry": {"type": "Polygon", "coordinates": [[[101.612156, 3.06572], [101.611295, 3.065893], [101.611294, 3.066032], [101.611355, 3.066032], [101.612216, 3.065859], [101.612217, 3.06572], [101.612156, 3.06572]]]}}, {"type": "Feature", "properties": {}, "geometry": {"type": "Polygon", "coordinates": [[[101.612095, 3.065719], [101.611234, 3.065892], [101.611233, 3.066031], [101.611294, 3.066032], [101.612155, 3.065858], [101.612156, 3.06572], [101.612095, 3.065719]]]}}, {"type": "Feature", "properties": {}, "geometry": {"type": "Polygon", "coordinates": [[[101.612034, 3.065719], [101.611173, 3.065892], [101.611172, 3.066031], [101.611233, 3.066031], [101.612094, 3.065858], [101.612095, 3.065719], [101.612034, 3.065719]]]}}, {"type": "Feature", "properties": {}, "geometry": {"type": "Polygon", "coordinates": [[[101.611905, 3.065718], [101.611043, 3.065891], [101.611042, 3.06603], [101.611111, 3.06603], [101.611973, 3.065857], [101.611973, 3.065718], [101.611905, 3.065718]]]}}, {"type": "Feature", "properties": {}, "geometry": {"type": "Polygon", "coordinates": [[[101.613249, 3.065879], [101.613187, 3.06588], [101.612325, 3.066053], [101.612327, 3.066213], [101.612388, 3.066212], [101.61325, 3.066039], [101.613249, 3.065879]]]}}, {"type": "Feature", "properties": {}, "geometry": {"type": "Polygon", "coordinates": [[[101.613187, 3.06588], [101.613126, 3.06588], [101.612264, 3.066053], [101.612265, 3.066213], [101.612327, 3.066213], [101.613189, 3.066039], [101.613187, 3.06588]]]}}, {"type": "Feature", "properties": {}, "geometry": {"type": "Polygon", "coordinates": [[[101.613126, 3.06588], [101.613064, 3.065881], [101.612202, 3.066054], [101.612204, 3.066214], [101.612265, 3.066213], [101.613127, 3.06604], [101.613126, 3.06588]]]}}, {"type": "Feature", "properties": {}, "geometry": {"type": "Polygon", "coordinates": [[[101.613064, 3.065881], [101.613003, 3.065881], [101.612141, 3.066054], [101.612142, 3.066214], [101.612204, 3.066214], [101.613066, 3.06604], [101.613064, 3.065881]]]}}, {"type": "Feature", "properties": {}, "geometry": {"type": "Polygon", "coordinates": [[[101.613003, 3.065881], [101.612941, 3.065882], [101.612079, 3.066055], [101.612081, 3.066215], [101.612142, 3.066214], [101.613004, 3.066041], [101.613003, 3.065881]]]}}, {"type": "Feature", "properties": {}, "geometry": {"type": "Polygon", "coordinates": [[[101.612941, 3.065882], [101.612879, 3.065882], [101.612017, 3.066056], [101.612019, 3.066215], [101.612081, 3.066215], [101.612942, 3.066042], [101.612941, 3.065882]]]}}, {"type": "Feature", "properties": {}, "geometry": {"type": "Polygon", "coordinates": [[[101.612879, 3.065882], [101.612818, 3.065883], [101.611956, 3.066056], [101.611957, 3.066216], [101.612019, 3.066215], [101.612881, 3.066042], [101.612879, 3.065882]]]}}, {"type": "Feature", "properties": {}, "geometry": {"type": "Polygon", "coordinates": [[[101.612818, 3.065883], [101.612756, 3.065884], [101.611894, 3.066057], [101.611896, 3.066217], [101.611957, 3.066216], [101.612819, 3.066043], [101.612818, 3.065883]]]}}, {"type": "Feature", "properties": {}, "geometry": {"type": "Polygon", "coordinates": [[[101.612755, 3.065716], [101.612694, 3.065717], [101.611832, 3.06589], [101.611833, 3.066028], [101.611894, 3.066027], [101.612756, 3.065854], [101.612755, 3.065716]]]}}, {"type": "Feature", "properties": {}, "geometry": {"type": "Polygon", "coordinates": [[[101.612816, 3.065716], [101.612755, 3.065716], [101.611893, 3.06589], [101.611894, 3.066027], [101.611955, 3.066027], [101.612817, 3.065853], [101.612816, 3.065716]]]}}, {"type": "Feature", "properties": {}, "geometry": {"type": "Polygon", "coordinates": [[[101.612877, 3.065715], [101.612816, 3.065716], [101.611954, 3.065889], [101.611955, 3.066027], [101.612016, 3.066026], [101.612878, 3.065853], [101.612877, 3.065715]]]}}, {"type": "Feature", "properties": {}, "geometry": {"type": "Polygon", "coordinates": [[[101.612938, 3.065715], [101.612877, 3.065715], [101.612015, 3.065889], [101.612016, 3.066026], [101.612077, 3.066025], [101.612939, 3.065852], [101.612938, 3.065715]]]}}, {"type": "Feature", "properties": {}, "geometry": {"type": "Polygon", "coordinates": [[[101.612999, 3.065714], [101.612938, 3.065715], [101.612076, 3.065888], [101.612077, 3.066025], [101.612139, 3.066025], [101.613, 3.065852], [101.612999, 3.065714]]]}}, {"type": "Feature", "properties": {}, "geometry": {"type": "Polygon", "coordinates": [[[101.61306, 3.065714], [101.612999, 3.065714], [101.612137, 3.065888], [101.612139, 3.066025], [101.6122, 3.066024], [101.613062, 3.065851], [101.61306, 3.065714]]]}}, {"type": "Feature", "properties": {}, "geometry": {"type": "Polygon", "coordinates": [[[101.613121, 3.065713], [101.61306, 3.065714], [101.612198, 3.065887], [101.6122, 3.066024], [101.612261, 3.066024], [101.613123, 3.065851], [101.613121, 3.065713]]]}}, {"type": "Feature", "properties": {}, "geometry": {"type": "Polygon", "coordinates": [[[101.613182, 3.065713], [101.613121, 3.065713], [101.612259, 3.065886], [101.612261, 3.066024], [101.612322, 3.066023], [101.613184, 3.06585], [101.613182, 3.065713]]]}}, {"type": "Feature", "properties": {}, "geometry": {"type": "Polygon", "coordinates": [[[101.612646, 3.065881], [101.612585, 3.065882], [101.611723, 3.066055], [101.611724, 3.066217], [101.611786, 3.066217], [101.612648, 3.066043], [101.612646, 3.065881]]]}}, {"type": "Feature", "properties": {}, "geometry": {"type": "Polygon", "coordinates": [[[101.612585, 3.065882], [101.612523, 3.065883], [101.611661, 3.066056], [101.611663, 3.066218], [101.611724, 3.066217], [101.612586, 3.066044], [101.612585, 3.065882]]]}}, {"type": "Feature", "properties": {}, "geometry": {"type": "Polygon", "coordinates": [[[101.612523, 3.065883], [101.612462, 3.065883], [101.6116, 3.066056], [101.611601, 3.066218], [101.611663, 3.066218], [101.612525, 3.066044], [101.612523, 3.065883]]]}}, {"type": "Feature", "properties": {}, "geometry": {"type": "Polygon", "coordinates": [[[101.612462, 3.065883], [101.6124, 3.065884], [101.611538, 3.066057], [101.61154, 3.066219], [101.611601, 3.066218], [101.612463, 3.066045], [101.612462, 3.065883]]]}}, {"type": "Feature", "properties": {}, "geometry": {"type": "Polygon", "coordinates": [[[101.6124, 3.065884], [101.612339, 3.065884], [101.611477, 3.066057], [101.611478, 3.066219], [101.61154, 3.066219], [101.612402, 3.066046], [101.6124, 3.065884]]]}}, {"type": "Feature", "properties": {}, "geometry": {"type": "Polygon", "coordinates": [[[101.612339, 3.065884], [101.612277, 3.065885], [101.611415, 3.066058], [101.611417, 3.06622], [101.611478, 3.066219], [101.61234, 3.066046], [101.612339, 3.065884]]]}}, {"type": "Feature", "properties": {}, "geometry": {"type": "Polygon", "coordinates": [[[101.612277, 3.065885], [101.612216, 3.065885], [101.611354, 3.066059], [101.611355, 3.066221], [101.611417, 3.06622], [101.612279, 3.066047], [101.612277, 3.065885]]]}}, {"type": "Feature", "properties": {}, "geometry": {"type": "Polygon", "coordinates": [[[101.612216, 3.065885], [101.612154, 3.065886], [101.611292, 3.066059], [101.611294, 3.066221], [101.611355, 3.066221], [101.612217, 3.066047], [101.612216, 3.065885]]]}}, {"type": "Feature", "properties": {}, "geometry": {"type": "Polygon", "coordinates": [[[101.612154, 3.065886], [101.612092, 3.065887], [101.611231, 3.06606], [101.611232, 3.066222], [101.611294, 3.066221], [101.612155, 3.066048], [101.612154, 3.065886]]]}}, {"type": "Feature", "properties": {}, "geometry": {"type": "Polygon", "coordinates": [[[101.612092, 3.065887], [101.612031, 3.065887], [101.611169, 3.06606], [101.611171, 3.066222], [101.611232, 3.066222], [101.612094, 3.066048], [101.612092, 3.065887]]]}}, {"type": "Feature", "properties": {}, "geometry": {"type": "Polygon", "coordinates": [[[101.612031, 3.065887], [101.611969, 3.065888], [101.611108, 3.066061], [101.611109, 3.066223], [101.611171, 3.066222], [101.612032, 3.066049], [101.612031, 3.065887]]]}}, {"type": "Feature", "properties": {}, "geometry": {"type": "Polygon", "coordinates": [[[101.616627, 3.073736], [101.616564, 3.073736], [101.614948, 3.074061], [101.614949, 3.074279], [101.615011, 3.074278], [101.616627, 3.073953], [101.616627, 3.073736]]]}}, {"type": "Feature", "properties": {}, "geometry": {"type": "Polygon", "coordinates": [[[101.616627, 3.073473], [101.616565, 3.073473], [101.614949, 3.073798], [101.614949, 3.074021], [101.615011, 3.074021], [101.616627, 3.073696], [101.616627, 3.073473]]]}}, {"type": "Feature", "properties": {}, "geometry": {"type": "Polygon", "coordinates": [[[101.615802, 3.07319], [101.615747, 3.07319], [101.614885, 3.073363], [101.614885, 3.073506], [101.61494, 3.073506], [101.615802, 3.073333], [101.615802, 3.07319]]]}}, {"type": "Feature", "properties": {}, "geometry": {"type": "Polygon", "coordinates": [[[101.615802, 3.07319], [101.61494, 3.073363], [101.61494, 3.073506], [101.614996, 3.073506], [101.615858, 3.073333], [101.615857, 3.07319], [101.615802, 3.07319]]]}}, {"type": "Feature", "properties": {}, "geometry": {"type": "Polygon", "coordinates": [[[101.615913, 3.07319], [101.615857, 3.07319], [101.614996, 3.073363], [101.614996, 3.073506], [101.615051, 3.073506], [101.615913, 3.073333], [101.615913, 3.07319]]]}}, {"type": "Feature", "properties": {}, "geometry": {"type": "Polygon", "coordinates": [[[101.615909, 3.073013], [101.615854, 3.073013], [101.614992, 3.073187], [101.614993, 3.073347], [101.615048, 3.073347], [101.61591, 3.073173], [101.615909, 3.073013]]]}}, {"type": "Feature", "properties": {}, "geometry": {"type": "Polygon", "coordinates": [[[101.615854, 3.073013], [101.615799, 3.073013], [101.614937, 3.073187], [101.614937, 3.073347], [101.614993, 3.073347], [101.615854, 3.073174], [101.615854, 3.073013]]]}}, {"type": "Feature", "properties": {}, "geometry": {"type": "Polygon", "coordinates": [[[101.615803, 3.072686], [101.615748, 3.072687], [101.614886, 3.07286], [101.614886, 3.073001], [101.614941, 3.073001], [101.615803, 3.072828], [101.615803, 3.072686]]]}}, {"type": "Feature", "properties": {}, "geometry": {"type": "Polygon", "coordinates": [[[101.615857, 3.072686], [101.615803, 3.072686], [101.614941, 3.07286], [101.614941, 3.073001], [101.614996, 3.073001], [101.615857, 3.072828], [101.615857, 3.072686]]]}}, {"type": "Feature", "properties": {}, "geometry": {"type": "Polygon", "coordinates": [[[101.615912, 3.072686], [101.615857, 3.072686], [101.614995, 3.07286], [101.614996, 3.073001], [101.61505, 3.073001], [101.615912, 3.072828], [101.615912, 3.072686]]]}}, {"type": "Feature", "properties": {}, "geometry": {"type": "Polygon", "coordinates": [[[101.61591, 3.072512], [101.615855, 3.072513], [101.614993, 3.072686], [101.614993, 3.072843], [101.615049, 3.072843], [101.61591, 3.07267], [101.61591, 3.072512]]]}}, {"type": "Feature", "properties": {}, "geometry": {"type": "Polygon", "coordinates": [[[101.615855, 3.072513], [101.615799, 3.072513], [101.614938, 3.072686], [101.614938, 3.072843], [101.614993, 3.072843], [101.615855, 3.07267], [101.615855, 3.072513]]]}}, {"type": "Feature", "properties": {}, "geometry": {"type": "Polygon", "coordinates": [[[101.615797, 3.072191], [101.615741, 3.072191], [101.61488, 3.072364], [101.61488, 3.072505], [101.614935, 3.072505], [101.615797, 3.072331], [101.615797, 3.072191]]]}}, {"type": "Feature", "properties": {}, "geometry": {"type": "Polygon", "coordinates": [[[101.615852, 3.072191], [101.615797, 3.072191], [101.614935, 3.072364], [101.614935, 3.072505], [101.61499, 3.072504], [101.615852, 3.072331], [101.615852, 3.072191]]]}}, {"type": "Feature", "properties": {}, "geometry": {"type": "Polygon", "coordinates": [[[101.615907, 3.072191], [101.615852, 3.072191], [101.61499, 3.072364], [101.61499, 3.072504], [101.615046, 3.072504], [101.615908, 3.072331], [101.615907, 3.072191]]]}}, {"type": "Feature", "properties": {}, "geometry": {"type": "Polygon", "coordinates": [[[101.615907, 3.072014], [101.615851, 3.072014], [101.614989, 3.072187], [101.61499, 3.072343], [101.615045, 3.072343], [101.615907, 3.072169], [101.615907, 3.072014]]]}}, {"type": "Feature", "properties": {}, "geometry": {"type": "Polygon", "coordinates": [[[101.615851, 3.072014], [101.615796, 3.072014], [101.614934, 3.072187], [101.614934, 3.072343], [101.61499, 3.072343], [101.615852, 3.072169], [101.615851, 3.072014]]]}}, {"type": "Feature", "properties": {}, "geometry": {"type": "Polygon", "coordinates": [[[101.615799, 3.07169], [101.615725, 3.07169], [101.614863, 3.071863], [101.614864, 3.072008], [101.614938, 3.072008], [101.6158, 3.071835], [101.615799, 3.07169]]]}}, {"type": "Feature", "properties": {}, "geometry": {"type": "Polygon", "coordinates": [[[101.615799, 3.07169], [101.614937, 3.071863], [101.614938, 3.072008], [101.614993, 3.072008], [101.615855, 3.071835], [101.615855, 3.07169], [101.615799, 3.07169]]]}}, {"type": "Feature", "properties": {}, "geometry": {"type": "Polygon", "coordinates": [[[101.61591, 3.07169], [101.615855, 3.07169], [101.614993, 3.071863], [101.614993, 3.072008], [101.615048, 3.072008], [101.61591, 3.071834], [101.61591, 3.07169]]]}}, {"type": "Feature", "properties": {}, "geometry": {"type": "Polygon", "coordinates": [[[101.615909, 3.071518], [101.615854, 3.071518], [101.614992, 3.071692], [101.614993, 3.071838], [101.615048, 3.071837], [101.615909, 3.071664], [101.615909, 3.071518]]]}}, {"type": "Feature", "properties": {}, "geometry": {"type": "Polygon", "coordinates": [[[101.615854, 3.071518], [101.615799, 3.071518], [101.614937, 3.071692], [101.614937, 3.071838], [101.614993, 3.071838], [101.615854, 3.071664], [101.615854, 3.071518]]]}}, {"type": "Feature", "properties": {}, "geometry": {"type": "Polygon", "coordinates": [[[101.615512, 3.073738], [101.615457, 3.073739], [101.614595, 3.073912], [101.614596, 3.074052], [101.614651, 3.074052], [101.615513, 3.073878], [101.615512, 3.073738]]]}}, {"type": "Feature", "properties": {}, "geometry": {"type": "Polygon", "coordinates": [[[101.615457, 3.073739], [101.615402, 3.073739], [101.61454, 3.073913], [101.614541, 3.074052], [101.614596, 3.074052], [101.615458, 3.073879], [101.615457, 3.073739]]]}}, {"type": "Feature", "properties": {}, "geometry": {"type": "Polygon", "coordinates": [[[101.615402, 3.073739], [101.615347, 3.07374], [101.614485, 3.073913], [101.614486, 3.074053], [101.614541, 3.074052], [101.615403, 3.073879], [101.615402, 3.073739]]]}}, {"type": "Feature", "properties": {}, "geometry": {"type": "Polygon", "coordinates": [[[101.615347, 3.07374], [101.615292, 3.07374], [101.61443, 3.073914], [101.614431, 3.074053], [101.614486, 3.074053], [101.615348, 3.07388], [101.615347, 3.07374]]]}}, {"type": "Feature", "properties": {}, "geometry": {"type": "Polygon", "coordinates": [[[101.615292, 3.07374], [101.615237, 3.073741], [101.614375, 3.073914], [101.614377, 3.074054], [101.614431, 3.074053], [101.615293, 3.07388], [101.615292, 3.07374]]]}}, {"type": "Feature", "properties": {}, "geometry": {"type": "Polygon", "coordinates": [[[101.615237, 3.073741], [101.615182, 3.073741], [101.614321, 3.073914], [101.614322, 3.074054], [101.614377, 3.074054], [101.615238, 3.073881], [101.615237, 3.073741]]]}}, {"type": "Feature", "properties": {}, "geometry": {"type": "Polygon", "coordinates": [[[101.615182, 3.073741], [101.615128, 3.073742], [101.614266, 3.073915], [101.614267, 3.074055], [101.614322, 3.074054], [101.615184, 3.073881], [101.615182, 3.073741]]]}}, {"type": "Feature", "properties": {}, "geometry": {"type": "Polygon", "coordinates": [[[101.615128, 3.073742], [101.615073, 3.073742], [101.614211, 3.073915], [101.614212, 3.074055], [101.614267, 3.074055], [101.615129, 3.073881], [101.615128, 3.073742]]]}}, {"type": "Feature", "properties": {}, "geometry": {"type": "Polygon", "coordinates": [[[101.615177, 3.073908], [101.614315, 3.074081], [101.614315, 3.074223], [101.614372, 3.074223], [101.615233, 3.074049], [101.615233, 3.073908], [101.615177, 3.073908]]]}}, {"type": "Feature", "properties": {}, "geometry": {"type": "Polygon", "coordinates": [[[101.615289, 3.073908], [101.615233, 3.073908], [101.614371, 3.074081], [101.614372, 3.074223], [101.614428, 3.074222], [101.61529, 3.074049], [101.615289, 3.073908]]]}}, {"type": "Feature", "properties": {}, "geometry": {"type": "Polygon", "coordinates": [[[101.615346, 3.073907], [101.615289, 3.073908], [101.614428, 3.074081], [101.614428, 3.074222], [101.614484, 3.074222], [101.615346, 3.074049], [101.615346, 3.073907]]]}}, {"type": "Feature", "properties": {}, "geometry": {"type": "Polygon", "coordinates": [[[101.615402, 3.073907], [101.615346, 3.073907], [101.614484, 3.074081], [101.614484, 3.074222], [101.614541, 3.074222], [101.615402, 3.074049], [101.615402, 3.073907]]]}}, {"type": "Feature", "properties": {}, "geometry": {"type": "Polygon", "coordinates": [[[101.615458, 3.073907], [101.615402, 3.073907], [101.61454, 3.074081], [101.614541, 3.074222], [101.614597, 3.074222], [101.615459, 3.074049], [101.615458, 3.073907]]]}}, {"type": "Feature", "properties": {}, "geometry": {"type": "Polygon", "coordinates": [[[101.614792, 3.073408], [101.614738, 3.073408], [101.613876, 3.073581], [101.613877, 3.073724], [101.613931, 3.073724], [101.614792, 3.073551], [101.614792, 3.073408]]]}}, {"type": "Feature", "properties": {}, "geometry": {"type": "Polygon", "coordinates": [[[101.614846, 3.073408], [101.614792, 3.073408], [101.61393, 3.073581], [101.613931, 3.073724], [101.613985, 3.073724], [101.614846, 3.073551], [101.614846, 3.073408]]]}}, {"type": "Feature", "properties": {}, "geometry": {"type": "Polygon", "coordinates": [[[101.6149, 3.073408], [101.614846, 3.073408], [101.613984, 3.073581], [101.613985, 3.073724], [101.614039, 3.073724], [101.6149, 3.073551], [101.6149, 3.073408]]]}}, {"type": "Feature", "properties": {}, "geometry": {"type": "Polygon", "coordinates": [[[101.6149, 3.073408], [101.614038, 3.073581], [101.614039, 3.073724], [101.614093, 3.073724], [101.614955, 3.073551], [101.614954, 3.073408], [101.6149, 3.073408]]]}}, {"type": "Feature", "properties": {}, "geometry": {"type": "Polygon", "coordinates": [[[101.615008, 3.073408], [101.614954, 3.073408], [101.614092, 3.073581], [101.614093, 3.073724], [101.614147, 3.073724], [101.615009, 3.073551], [101.615008, 3.073408]]]}}, {"type": "Feature", "properties": {}, "geometry": {"type": "Polygon", "coordinates": [[[101.615062, 3.073408], [101.615008, 3.073408], [101.614146, 3.073581], [101.614147, 3.073724], [101.614201, 3.073724], [101.615063, 3.073551], [101.615062, 3.073408]]]}}, {"type": "Feature", "properties": {}, "geometry": {"type": "Polygon", "coordinates": [[[101.615116, 3.073408], [101.615062, 3.073408], [101.6142, 3.073581], [101.614201, 3.073724], [101.614255, 3.073724], [101.615117, 3.073551], [101.615116, 3.073408]]]}}, {"type": "Feature", "properties": {}, "geometry": {"type": "Polygon", "coordinates": [[[101.615116, 3.073408], [101.614255, 3.073581], [101.614255, 3.073724], [101.614309, 3.073724], [101.615171, 3.073551], [101.61517, 3.073408], [101.615116, 3.073408]]]}}, {"type": "Feature", "properties": {}, "geometry": {"type": "Polygon", "coordinates": [[[101.615224, 3.073407], [101.61517, 3.073408], [101.614309, 3.073581], [101.614309, 3.073724], [101.614363, 3.073724], [101.615225, 3.073551], [101.615224, 3.073407]]]}}, {"type": "Feature", "properties": {}, "geometry": {"type": "Polygon", "coordinates": [[[101.615278, 3.073407], [101.615224, 3.073407], [101.614363, 3.073581], [101.614363, 3.073724], [101.614417, 3.073724], [101.615279, 3.07355], [101.615278, 3.073407]]]}}, {"type": "Feature", "properties": {}, "geometry": {"type": "Polygon", "coordinates": [[[101.615332, 3.073407], [101.615278, 3.073407], [101.614417, 3.073581], [101.614417, 3.073724], [101.614471, 3.073724], [101.615333, 3.07355], [101.615332, 3.073407]]]}}, {"type": "Feature", "properties": {}, "geometry": {"type": "Polygon", "coordinates": [[[101.615332, 3.073407], [101.614471, 3.07358], [101.614471, 3.073724], [101.614525, 3.073724], [101.615387, 3.07355], [101.615387, 3.073407], [101.615332, 3.073407]]]}}, {"type": "Feature", "properties": {}, "geometry": {"type": "Polygon", "coordinates": [[[101.615441, 3.073407], [101.615387, 3.073407], [101.614525, 3.07358], [101.614525, 3.073724], [101.614579, 3.073723], [101.615441, 3.07355], [101.615441, 3.073407]]]}}, {"type": "Feature", "properties": {}, "geometry": {"type": "Polygon", "coordinates": [[[101.615505, 3.073241], [101.61545, 3.073241], [101.614588, 3.073415], [101.614588, 3.073554], [101.614644, 3.073553], [101.615506, 3.07338], [101.615505, 3.073241]]]}}, {"type": "Feature", "properties": {}, "geometry": {"type": "Polygon", "coordinates": [[[101.615395, 3.073241], [101.614533, 3.073415], [101.614533, 3.073554], [101.614588, 3.073554], [101.61545, 3.07338], [101.61545, 3.073241], [101.615395, 3.073241]]]}}, {"type": "Feature", "properties": {}, "geometry": {"type": "Polygon", "coordinates": [[[101.615395, 3.073241], [101.615339, 3.073242], [101.614478, 3.073415], [101.614478, 3.073554], [101.614533, 3.073554], [101.615395, 3.07338], [101.615395, 3.073241]]]}}, {"type": "Feature", "properties": {}, "geometry": {"type": "Polygon", "coordinates": [[[101.615339, 3.073242], [101.615284, 3.073242], [101.614422, 3.073415], [101.614423, 3.073554], [101.614478, 3.073554], [101.61534, 3.07338], [101.615339, 3.073242]]]}}, {"type": "Feature", "properties": {}, "geometry": {"type": "Polygon", "coordinates": [[[101.615284, 3.073242], [101.615229, 3.073242], [101.614367, 3.073415], [101.614367, 3.073554], [101.614423, 3.073554], [101.615284, 3.073381], [101.615284, 3.073242]]]}}, {"type": "Feature", "properties": {}, "geometry": {"type": "Polygon", "coordinates": [[[101.615229, 3.073242], [101.615174, 3.073242], [101.614312, 3.073415], [101.614312, 3.073554], [101.614367, 3.073554], [101.615229, 3.073381], [101.615229, 3.073242]]]}}, {"type": "Feature", "properties": {}, "geometry": {"type": "Polygon", "coordinates": [[[101.615174, 3.073242], [101.615118, 3.073242], [101.614257, 3.073415], [101.614257, 3.073554], [101.614312, 3.073554], [101.615174, 3.073381], [101.615174, 3.073242]]]}}, {"type": "Feature", "properties": {}, "geometry": {"type": "Polygon", "coordinates": [[[101.615118, 3.073242], [101.615063, 3.073242], [101.614201, 3.073415], [101.614201, 3.073554], [101.614257, 3.073554], [101.615119, 3.073381], [101.615118, 3.073242]]]}}, {"type": "Feature", "properties": {}, "geometry": {"type": "Polygon", "coordinates": [[[101.615008, 3.073242], [101.614146, 3.073415], [101.614146, 3.073554], [101.614201, 3.073554], [101.615063, 3.073381], [101.615063, 3.073242], [101.615008, 3.073242]]]}}, {"type": "Feature", "properties": {}, "geometry": {"type": "Polygon", "coordinates": [[[101.615008, 3.073242], [101.614953, 3.073242], [101.614091, 3.073415], [101.614091, 3.073554], [101.614146, 3.073554], [101.615008, 3.073381], [101.615008, 3.073242]]]}}, {"type": "Feature", "properties": {}, "geometry": {"type": "Polygon", "coordinates": [[[101.614953, 3.073242], [101.614897, 3.073242], [101.614035, 3.073415], [101.614036, 3.073554], [101.614091, 3.073554], [101.614953, 3.073381], [101.614953, 3.073242]]]}}, {"type": "Feature", "properties": {}, "geometry": {"type": "Polygon", "coordinates": [[[101.614897, 3.073242], [101.614842, 3.073242], [101.61398, 3.073416], [101.61398, 3.073555], [101.614036, 3.073554], [101.614898, 3.073381], [101.614897, 3.073242]]]}}, {"type": "Feature", "properties": {}, "geometry": {"type": "Polygon", "coordinates": [[[101.614842, 3.073242], [101.614787, 3.073242], [101.613925, 3.073416], [101.613925, 3.073555], [101.61398, 3.073555], [101.614842, 3.073381], [101.614842, 3.073242]]]}}, {"type": "Feature", "properties": {}, "geometry": {"type": "Polygon", "coordinates": [[[101.614736, 3.072909], [101.613874, 3.073082], [101.613874, 3.073225], [101.613929, 3.073225], [101.614791, 3.073052], [101.614791, 3.072909], [101.614736, 3.072909]]]}}, {"type": "Feature", "properties": {}, "geometry": {"type": "Polygon", "coordinates": [[[101.614846, 3.072909], [101.614791, 3.072909], [101.613929, 3.073082], [101.613929, 3.073225], [101.613984, 3.073225], [101.614846, 3.073052], [101.614846, 3.072909]]]}}, {"type": "Feature", "properties": {}, "geometry": {"type": "Polygon", "coordinates": [[[101.614901, 3.072909], [101.614846, 3.072909], [101.613984, 3.073082], [101.613984, 3.073225], [101.614039, 3.073225], [101.614901, 3.073052], [101.614901, 3.072909]]]}}, {"type": "Feature", "properties": {}, "geometry": {"type": "Polygon", "coordinates": [[[101.614956, 3.072909], [101.614901, 3.072909], [101.614039, 3.073082], [101.614039, 3.073225], [101.614094, 3.073225], [101.614956, 3.073051], [101.614956, 3.072909]]]}}, {"type": "Feature", "properties": {}, "geometry": {"type": "Polygon", "coordinates": [[[101.615011, 3.072908], [101.614956, 3.072909], [101.614094, 3.073082], [101.614094, 3.073225], [101.614149, 3.073225], [101.615011, 3.073051], [101.615011, 3.072908]]]}}, {"type": "Feature", "properties": {}, "geometry": {"type": "Polygon", "coordinates": [[[101.615011, 3.072908], [101.614149, 3.073082], [101.614149, 3.073225], [101.614204, 3.073225], [101.615066, 3.073051], [101.615066, 3.072908], [101.615011, 3.072908]]]}}, {"type": "Feature", "properties": {}, "geometry": {"type": "Polygon", "coordinates": [[[101.615121, 3.072908], [101.615066, 3.072908], [101.614204, 3.073082], [101.614204, 3.073225], [101.61426, 3.073224], [101.615121, 3.073051], [101.615121, 3.072908]]]}}, {"type": "Feature", "properties": {}, "geometry": {"type": "Polygon", "coordinates": [[[101.615176, 3.072908], [101.615121, 3.072908], [101.614259, 3.073082], [101.61426, 3.073224], [101.614315, 3.073224], [101.615176, 3.073051], [101.615176, 3.072908]]]}}, {"type": "Feature", "properties": {}, "geometry": {"type": "Polygon", "coordinates": [[[101.615231, 3.072908], [101.615176, 3.072908], [101.614314, 3.073081], [101.614315, 3.073224], [101.61437, 3.073224], [101.615231, 3.073051], [101.615231, 3.072908]]]}}, {"type": "Feature", "properties": {}, "geometry": {"type": "Polygon", "coordinates": [[[101.615286, 3.072908], [101.615231, 3.072908], [101.614369, 3.073081], [101.61437, 3.073224], [101.614425, 3.073224], [101.615287, 3.073051], [101.615286, 3.072908]]]}}, {"type": "Feature", "properties": {}, "geometry": {"type": "Polygon", "coordinates": [[[101.615286, 3.072908], [101.614424, 3.073081], [101.614425, 3.073224], [101.61448, 3.073224], [101.615342, 3.073051], [101.615341, 3.072908], [101.615286, 3.072908]]]}}, {"type": "Feature", "properties": {}, "geometry": {"type": "Polygon", "coordinates": [[[101.615397, 3.072908], [101.615341, 3.072908], [101.61448, 3.073081], [101.61448, 3.073224], [101.614535, 3.073224], [101.615397, 3.073051], [101.615397, 3.072908]]]}}, {"type": "Feature", "properties": {}, "geometry": {"type": "Polygon", "coordinates": [[[101.615452, 3.072908], [101.615397, 3.072908], [101.614535, 3.073081], [101.614535, 3.073224], [101.61459, 3.073224], [101.615452, 3.073051], [101.615452, 3.072908]]]}}, {"type": "Feature", "properties": {}, "geometry": {"type": "Polygon", "coordinates": [[[101.615504, 3.072738], [101.615449, 3.072738], [101.614587, 3.072911], [101.614587, 3.073057], [101.614642, 3.073057], [101.615504, 3.072883], [101.615504, 3.072738]]]}}, {"type": "Feature", "properties": {}, "geometry": {"type": "Polygon", "coordinates": [[[101.615449, 3.072738], [101.615394, 3.072738], [101.614532, 3.072911], [101.614532, 3.073057], [101.614587, 3.073057], [101.615449, 3.072883], [101.615449, 3.072738]]]}}, {"type": "Feature", "properties": {}, "geometry": {"type": "Polygon", "coordinates": [[[101.615338, 3.072738], [101.614477, 3.072911], [101.614477, 3.073057], [101.614532, 3.073057], [101.615394, 3.072884], [101.615394, 3.072738], [101.615338, 3.072738]]]}}, {"type": "Feature", "properties": {}, "geometry": {"type": "Polygon", "coordinates": [[[101.615338, 3.072738], [101.615283, 3.072738], [101.614421, 3.072911], [101.614422, 3.073057], [101.614477, 3.073057], [101.615339, 3.072884], [101.615338, 3.072738]]]}}, {"type": "Feature", "properties": {}, "geometry": {"type": "Polygon", "coordinates": [[[101.615283, 3.072738], [101.615228, 3.072738], [101.614366, 3.072911], [101.614367, 3.073057], [101.614422, 3.073057], [101.615283, 3.072884], [101.615283, 3.072738]]]}}, {"type": "Feature", "properties": {}, "geometry": {"type": "Polygon", "coordinates": [[[101.615228, 3.072738], [101.615173, 3.072738], [101.614311, 3.072911], [101.614311, 3.073057], [101.614367, 3.073057], [101.615228, 3.072884], [101.615228, 3.072738]]]}}, {"type": "Feature", "properties": {}, "geometry": {"type": "Polygon", "coordinates": [[[101.615173, 3.072738], [101.615118, 3.072738], [101.614256, 3.072911], [101.614256, 3.073057], [101.614311, 3.073057], [101.615173, 3.072884], [101.615173, 3.072738]]]}}, {"type": "Feature", "properties": {}, "geometry": {"type": "Polygon", "coordinates": [[[101.615118, 3.072738], [101.615063, 3.072738], [101.614201, 3.072912], [101.614201, 3.073057], [101.614256, 3.073057], [101.615118, 3.072884], [101.615118, 3.072738]]]}}, {"type": "Feature", "properties": {}, "geometry": {"type": "Polygon", "coordinates": [[[101.615063, 3.072738], [101.615007, 3.072738], [101.614146, 3.072912], [101.614146, 3.073057], [101.614201, 3.073057], [101.615063, 3.072884], [101.615063, 3.072738]]]}}, {"type": "Feature", "properties": {}, "geometry": {"type": "Polygon", "coordinates": [[[101.615007, 3.072738], [101.614952, 3.072738], [101.61409, 3.072912], [101.614091, 3.073057], [101.614146, 3.073057], [101.615008, 3.072884], [101.615007, 3.072738]]]}}, {"type": "Feature", "properties": {}, "geometry": {"type": "Polygon", "coordinates": [[[101.614897, 3.072738], [101.614035, 3.072912], [101.614035, 3.073057], [101.614091, 3.073057], [101.614952, 3.072884], [101.614952, 3.072738], [101.614897, 3.072738]]]}}, {"type": "Feature", "properties": {}, "geometry": {"type": "Polygon", "coordinates": [[[101.614897, 3.072738], [101.614842, 3.072739], [101.61398, 3.072912], [101.61398, 3.073058], [101.614035, 3.073057], [101.614897, 3.072884], [101.614897, 3.072738]]]}}, {"type": "Feature", "properties": {}, "geometry": {"type": "Polygon", "coordinates": [[[101.614842, 3.072739], [101.614787, 3.072739], [101.613925, 3.072912], [101.613925, 3.073058], [101.61398, 3.073058], [101.614842, 3.072884], [101.614842, 3.072739]]]}}, {"type": "Feature", "properties": {}, "geometry": {"type": "Polygon", "coordinates": [[[101.614783, 3.072411], [101.614727, 3.072411], [101.613866, 3.072584], [101.613866, 3.072726], [101.613921, 3.072726], [101.614783, 3.072552], [101.614783, 3.072411]]]}}, {"type": "Feature", "properties": {}, "geometry": {"type": "Polygon", "coordinates": [[[101.614783, 3.072411], [101.613921, 3.072584], [101.613921, 3.072726], [101.613976, 3.072726], [101.614838, 3.072552], [101.614838, 3.072411], [101.614783, 3.072411]]]}}, {"type": "Feature", "properties": {}, "geometry": {"type": "Polygon", "coordinates": [[[101.614893, 3.072411], [101.614838, 3.072411], [101.613976, 3.072584], [101.613976, 3.072726], [101.614031, 3.072726], [101.614893, 3.072552], [101.614893, 3.072411]]]}}, {"type": "Feature", "properties": {}, "geometry": {"type": "Polygon", "coordinates": [[[101.614948, 3.072411], [101.614893, 3.072411], [101.614031, 3.072584], [101.614031, 3.072726], [101.614086, 3.072726], [101.614948, 3.072552], [101.614948, 3.072411]]]}}, {"type": "Feature", "properties": {}, "geometry": {"type": "Polygon", "coordinates": [[[101.615003, 3.072411], [101.614948, 3.072411], [101.614086, 3.072584], [101.614086, 3.072726], [101.614141, 3.072725], [101.615003, 3.072552], [101.615003, 3.072411]]]}}, {"type": "Feature", "properties": {}, "geometry": {"type": "Polygon", "coordinates": [[[101.615058, 3.07241], [101.615003, 3.072411], [101.614141, 3.072584], [101.614141, 3.072725], [101.614196, 3.072725], [101.615058, 3.072552], [101.615058, 3.07241]]]}}, {"type": "Feature", "properties": {}, "geometry": {"type": "Polygon", "coordinates": [[[101.615058, 3.07241], [101.614196, 3.072584], [101.614196, 3.072725], [101.614251, 3.072725], [101.615113, 3.072552], [101.615113, 3.07241], [101.615058, 3.07241]]]}}, {"type": "Feature", "properties": {}, "geometry": {"type": "Polygon", "coordinates": [[[101.615168, 3.07241], [101.615113, 3.07241], [101.614251, 3.072584], [101.614251, 3.072725], [101.614306, 3.072725], [101.615168, 3.072552], [101.615168, 3.07241]]]}}, {"type": "Feature", "properties": {}, "geometry": {"type": "Polygon", "coordinates": [[[101.615223, 3.07241], [101.615168, 3.07241], [101.614306, 3.072584], [101.614306, 3.072725], [101.614362, 3.072725], [101.615223, 3.072552], [101.615223, 3.07241]]]}}, {"type": "Feature", "properties": {}, "geometry": {"type": "Polygon", "coordinates": [[[101.615278, 3.07241], [101.615223, 3.07241], [101.614361, 3.072583], [101.614362, 3.072725], [101.614417, 3.072725], [101.615279, 3.072552], [101.615278, 3.07241]]]}}, {"type": "Feature", "properties": {}, "geometry": {"type": "Polygon", "coordinates": [[[101.615333, 3.07241], [101.615278, 3.07241], [101.614416, 3.072583], [101.614417, 3.072725], [101.614472, 3.072725], [101.615334, 3.072552], [101.615333, 3.07241]]]}}, {"type": "Feature", "properties": {}, "geometry": {"type": "Polygon", "coordinates": [[[101.615333, 3.07241], [101.614471, 3.072583], [101.614472, 3.072725], [101.614527, 3.072725], [101.615389, 3.072552], [101.615388, 3.07241], [101.615333, 3.07241]]]}}, {"type": "Feature", "properties": {}, "geometry": {"type": "Polygon", "coordinates": [[[101.615444, 3.07241], [101.615388, 3.07241], [101.614527, 3.072583], [101.614527, 3.072725], [101.614582, 3.072725], [101.615444, 3.072551], [101.615444, 3.07241]]]}}, {"type": "Feature", "properties": {}, "geometry": {"type": "Polygon", "coordinates": [[[101.615497, 3.072242], [101.615442, 3.072242], [101.61458, 3.072415], [101.614581, 3.072564], [101.614636, 3.072564], [101.615498, 3.07239], [101.615497, 3.072242]]]}}, {"type": "Feature", "properties": {}, "geometry": {"type": "Polygon", "coordinates": [[[101.615442, 3.072242], [101.615387, 3.072242], [101.614525, 3.072416], [101.614525, 3.072564], [101.614581, 3.072564], [101.615442, 3.07239], [101.615442, 3.072242]]]}}, {"type": "Feature", "properties": {}, "geometry": {"type": "Polygon", "coordinates": [[[101.615387, 3.072242], [101.615332, 3.072242], [101.61447, 3.072416], [101.61447, 3.072564], [101.614525, 3.072564], [101.615387, 3.07239], [101.615387, 3.072242]]]}}, {"type": "Feature", "properties": {}, "geometry": {"type": "Polygon", "coordinates": [[[101.615332, 3.072242], [101.615277, 3.072243], [101.614415, 3.072416], [101.614415, 3.072564], [101.61447, 3.072564], [101.615332, 3.072391], [101.615332, 3.072242]]]}}, {"type": "Feature", "properties": {}, "geometry": {"type": "Polygon", "coordinates": [[[101.615277, 3.072243], [101.615222, 3.072243], [101.61436, 3.072416], [101.61436, 3.072564], [101.614415, 3.072564], [101.615277, 3.072391], [101.615277, 3.072243]]]}}, {"type": "Feature", "properties": {}, "geometry": {"type": "Polygon", "coordinates": [[[101.615222, 3.072243], [101.615167, 3.072243], [101.614305, 3.072416], [101.614305, 3.072564], [101.61436, 3.072564], [101.615222, 3.072391], [101.615222, 3.072243]]]}}, {"type": "Feature", "properties": {}, "geometry": {"type": "Polygon", "coordinates": [[[101.615112, 3.072243], [101.61425, 3.072416], [101.61425, 3.072564], [101.614305, 3.072564], [101.615167, 3.072391], [101.615167, 3.072243], [101.615112, 3.072243]]]}}, {"type": "Feature", "properties": {}, "geometry": {"type": "Polygon", "coordinates": [[[101.615112, 3.072243], [101.615057, 3.072243], [101.614195, 3.072416], [101.614195, 3.072564], [101.61425, 3.072564], [101.615112, 3.072391], [101.615112, 3.072243]]]}}, {"type": "Feature", "properties": {}, "geometry": {"type": "Polygon", "coordinates": [[[101.615057, 3.072243], [101.615002, 3.072243], [101.61414, 3.072416], [101.61414, 3.072564], [101.614195, 3.072564], [101.615057, 3.072391], [101.615057, 3.072243]]]}}, {"type": "Feature", "properties": {}, "geometry": {"type": "Polygon", "coordinates": [[[101.615002, 3.072243], [101.614946, 3.072243], [101.614085, 3.072416], [101.614085, 3.072564], [101.61414, 3.072564], [101.615002, 3.072391], [101.615002, 3.072243]]]}}, {"type": "Feature", "properties": {}, "geometry": {"type": "Polygon", "coordinates": [[[101.614946, 3.072243], [101.614891, 3.072243], [101.61403, 3.072416], [101.61403, 3.072564], [101.614085, 3.072564], [101.614947, 3.072391], [101.614946, 3.072243]]]}}, {"type": "Feature", "properties": {}, "geometry": {"type": "Polygon", "coordinates": [[[101.614891, 3.072243], [101.614836, 3.072243], [101.613974, 3.072417], [101.613975, 3.072564], [101.61403, 3.072564], [101.614892, 3.072391], [101.614891, 3.072243]]]}}, {"type": "Feature", "properties": {}, "geometry": {"type": "Polygon", "coordinates": [[[101.614836, 3.072243], [101.614781, 3.072243], [101.613919, 3.072417], [101.61392, 3.072565], [101.613975, 3.072564], [101.614837, 3.072391], [101.614836, 3.072243]]]}}, {"type": "Feature", "properties": {}, "geometry": {"type": "Polygon", "coordinates": [[[101.614782, 3.071909], [101.614727, 3.071909], [101.613866, 3.072082], [101.613866, 3.072226], [101.61392, 3.072226], [101.614782, 3.072053], [101.614782, 3.071909]]]}}, {"type": "Feature", "properties": {}, "geometry": {"type": "Polygon", "coordinates": [[[101.614837, 3.071909], [101.614782, 3.071909], [101.61392, 3.072082], [101.61392, 3.072226], [101.613975, 3.072226], [101.614837, 3.072053], [101.614837, 3.071909]]]}}, {"type": "Feature", "properties": {}, "geometry": {"type": "Polygon", "coordinates": [[[101.614891, 3.071908], [101.614837, 3.071909], [101.613975, 3.072082], [101.613975, 3.072226], [101.61403, 3.072226], [101.614891, 3.072053], [101.614891, 3.071908]]]}}, {"type": "Feature", "properties": {}, "geometry": {"type": "Polygon", "coordinates": [[[101.614946, 3.071908], [101.614891, 3.071908], [101.614029, 3.072082], [101.61403, 3.072226], [101.614084, 3.072226], [101.614946, 3.072053], [101.614946, 3.071908]]]}}, {"type": "Feature", "properties": {}, "geometry": {"type": "Polygon", "coordinates": [[[101.615, 3.071908], [101.614946, 3.071908], [101.614084, 3.072082], [101.614084, 3.072226], [101.614139, 3.072226], [101.615001, 3.072052], [101.615, 3.071908]]]}}, {"type": "Feature", "properties": {}, "geometry": {"type": "Polygon", "coordinates": [[[101.615, 3.071908], [101.614139, 3.072081], [101.614139, 3.072226], [101.614193, 3.072226], [101.615055, 3.072052], [101.615055, 3.071908], [101.615, 3.071908]]]}}, {"type": "Feature", "properties": {}, "geometry": {"type": "Polygon", "coordinates": [[[101.61511, 3.071908], [101.615055, 3.071908], [101.614193, 3.072081], [101.614193, 3.072226], [101.614248, 3.072226], [101.61511, 3.072052], [101.61511, 3.071908]]]}}, {"type": "Feature", "properties": {}, "geometry": {"type": "Polygon", "coordinates": [[[101.615164, 3.071908], [101.61511, 3.071908], [101.614248, 3.072081], [101.614248, 3.072226], [101.614303, 3.072225], [101.615164, 3.072052], [101.615164, 3.071908]]]}}, {"type": "Feature", "properties": {}, "geometry": {"type": "Polygon", "coordinates": [[[101.615219, 3.071908], [101.615164, 3.071908], [101.614302, 3.072081], [101.614303, 3.072225], [101.614357, 3.072225], [101.615219, 3.072052], [101.615219, 3.071908]]]}}, {"type": "Feature", "properties": {}, "geometry": {"type": "Polygon", "coordinates": [[[101.615273, 3.071908], [101.615219, 3.071908], [101.614357, 3.072081], [101.614357, 3.072225], [101.614412, 3.072225], [101.615274, 3.072052], [101.615273, 3.071908]]]}}, {"type": "Feature", "properties": {}, "geometry": {"type": "Polygon", "coordinates": [[[101.615273, 3.071908], [101.614412, 3.072081], [101.614412, 3.072225], [101.614467, 3.072225], [101.615328, 3.072052], [101.615328, 3.071908], [101.615273, 3.071908]]]}}, {"type": "Feature", "properties": {}, "geometry": {"type": "Polygon", "coordinates": [[[101.615383, 3.071908], [101.615328, 3.071908], [101.614466, 3.072081], [101.614467, 3.072225], [101.614521, 3.072225], [101.615383, 3.072052], [101.615383, 3.071908]]]}}, {"type": "Feature", "properties": {}, "geometry": {"type": "Polygon", "coordinates": [[[101.615437, 3.071908], [101.615383, 3.071908], [101.614521, 3.072081], [101.614521, 3.072225], [101.614576, 3.072225], [101.615438, 3.072052], [101.615437, 3.071908]]]}}, {"type": "Feature", "properties": {}, "geometry": {"type": "Polygon", "coordinates": [[[101.615496, 3.071736], [101.615441, 3.071736], [101.614579, 3.071909], [101.614579, 3.072061], [101.614634, 3.072061], [101.615496, 3.071888], [101.615496, 3.071736]]]}}, {"type": "Feature", "properties": {}, "geometry": {"type": "Polygon", "coordinates": [[[101.615386, 3.071736], [101.614524, 3.071909], [101.614524, 3.072062], [101.614579, 3.072061], [101.615441, 3.071888], [101.615441, 3.071736], [101.615386, 3.071736]]]}}, {"type": "Feature", "properties": {}, "geometry": {"type": "Polygon", "coordinates": [[[101.615386, 3.071736], [101.61533, 3.071736], [101.614469, 3.07191], [101.614469, 3.072062], [101.614524, 3.072062], [101.615386, 3.071888], [101.615386, 3.071736]]]}}, {"type": "Feature", "properties": {}, "geometry": {"type": "Polygon", "coordinates": [[[101.61533, 3.071736], [101.615275, 3.071736], [101.614413, 3.07191], [101.614414, 3.072062], [101.614469, 3.072062], [101.615331, 3.071888], [101.61533, 3.071736]]]}}, {"type": "Feature", "properties": {}, "geometry": {"type": "Polygon", "coordinates": [[[101.615275, 3.071736], [101.61522, 3.071737], [101.614358, 3.07191], [101.614358, 3.072062], [101.614414, 3.072062], [101.615275, 3.071889], [101.615275, 3.071736]]]}}, {"type": "Feature", "properties": {}, "geometry": {"type": "Polygon", "coordinates": [[[101.615165, 3.071737], [101.614303, 3.07191], [101.614303, 3.072062], [101.614358, 3.072062], [101.61522, 3.071889], [101.61522, 3.071737], [101.615165, 3.071737]]]}}, {"type": "Feature", "properties": {}, "geometry": {"type": "Polygon", "coordinates": [[[101.615165, 3.071737], [101.61511, 3.071737], [101.614248, 3.07191], [101.614248, 3.072062], [101.614303, 3.072062], [101.615165, 3.071889], [101.615165, 3.071737]]]}}, {"type": "Feature", "properties": {}, "geometry": {"type": "Polygon", "coordinates": [[[101.61511, 3.071737], [101.615055, 3.071737], [101.614193, 3.07191], [101.614193, 3.072062], [101.614248, 3.072062], [101.61511, 3.071889], [101.61511, 3.071737]]]}}, {"type": "Feature", "properties": {}, "geometry": {"type": "Polygon", "coordinates": [[[101.615055, 3.071737], [101.614999, 3.071737], [101.614137, 3.07191], [101.614138, 3.072062], [101.614193, 3.072062], [101.615055, 3.071889], [101.615055, 3.071737]]]}}, {"type": "Feature", "properties": {}, "geometry": {"type": "Polygon", "coordinates": [[[101.614944, 3.071737], [101.614082, 3.07191], [101.614082, 3.072062], [101.614138, 3.072062], [101.615, 3.071889], [101.614999, 3.071737], [101.614944, 3.071737]]]}}, {"type": "Feature", "properties": {}, "geometry": {"type": "Polygon", "coordinates": [[[101.614944, 3.071737], [101.614889, 3.071737], [101.614027, 3.07191], [101.614027, 3.072062], [101.614082, 3.072062], [101.614944, 3.071889], [101.614944, 3.071737]]]}}, {"type": "Feature", "properties": {}, "geometry": {"type": "Polygon", "coordinates": [[[101.614889, 3.071737], [101.614834, 3.071737], [101.613972, 3.07191], [101.613972, 3.072062], [101.614027, 3.072062], [101.614889, 3.071889], [101.614889, 3.071737]]]}}, {"type": "Feature", "properties": {}, "geometry": {"type": "Polygon", "coordinates": [[[101.614834, 3.071737], [101.614779, 3.071737], [101.613917, 3.07191], [101.613917, 3.072062], [101.613972, 3.072062], [101.614834, 3.071889], [101.614834, 3.071737]]]}}, {"type": "Feature", "properties": {}, "geometry": {"type": "Polygon", "coordinates": [[[101.615446, 3.071415], [101.614584, 3.071588], [101.614583, 3.071726], [101.614639, 3.071726], [101.615501, 3.071553], [101.615502, 3.071415], [101.615446, 3.071415]]]}}, {"type": "Feature", "properties": {}, "geometry": {"type": "Polygon", "coordinates": [[[101.61539, 3.071415], [101.614528, 3.071588], [101.614528, 3.071725], [101.614583, 3.071726], [101.615445, 3.071552], [101.615446, 3.071415], [101.61539, 3.071415]]]}}, {"type": "Feature", "properties": {}, "geometry": {"type": "Polygon", "coordinates": [[[101.615334, 3.071414], [101.614473, 3.071588], [101.614472, 3.071725], [101.614528, 3.071725], [101.61539, 3.071552], [101.61539, 3.071415], [101.615334, 3.071414]]]}}, {"type": "Feature", "properties": {}, "geometry": {"type": "Polygon", "coordinates": [[[101.615279, 3.071414], [101.614417, 3.071587], [101.614416, 3.071725], [101.614472, 3.071725], [101.615334, 3.071552], [101.615334, 3.071414], [101.615279, 3.071414]]]}}, {"type": "Feature", "properties": {}, "geometry": {"type": "Polygon", "coordinates": [[[101.615223, 3.071414], [101.614361, 3.071587], [101.61436, 3.071724], [101.614416, 3.071725], [101.615278, 3.071551], [101.615279, 3.071414], [101.615223, 3.071414]]]}}, {"type": "Feature", "properties": {}, "geometry": {"type": "Polygon", "coordinates": [[[101.615167, 3.071413], [101.614305, 3.071587], [101.614304, 3.071724], [101.61436, 3.071724], [101.615222, 3.071551], [101.615223, 3.071414], [101.615167, 3.071413]]]}}, {"type": "Feature", "properties": {}, "geometry": {"type": "Polygon", "coordinates": [[[101.615111, 3.071413], [101.614249, 3.071586], [101.614248, 3.071724], [101.614304, 3.071724], [101.615166, 3.071551], [101.615167, 3.071413], [101.615111, 3.071413]]]}}, {"type": "Feature", "properties": {}, "geometry": {"type": "Polygon", "coordinates": [[[101.615055, 3.071413], [101.614193, 3.071586], [101.614193, 3.071723], [101.614248, 3.071724], [101.61511, 3.07155], [101.615111, 3.071413], [101.615055, 3.071413]]]}}, {"type": "Feature", "properties": {}, "geometry": {"type": "Polygon", "coordinates": [[[101.614999, 3.071412], [101.614137, 3.071586], [101.614137, 3.071723], [101.614193, 3.071723], [101.615054, 3.07155], [101.615055, 3.071413], [101.614999, 3.071412]]]}}, {"type": "Feature", "properties": {}, "geometry": {"type": "Polygon", "coordinates": [[[101.614943, 3.071412], [101.614082, 3.071585], [101.614081, 3.071723], [101.614137, 3.071723], [101.614999, 3.07155], [101.614999, 3.071412], [101.614943, 3.071412]]]}}, {"type": "Feature", "properties": {}, "geometry": {"type": "Polygon", "coordinates": [[[101.614888, 3.071412], [101.614026, 3.071585], [101.614025, 3.071722], [101.614081, 3.071723], [101.614943, 3.07155], [101.614943, 3.071412], [101.614888, 3.071412]]]}}, {"type": "Feature", "properties": {}, "geometry": {"type": "Polygon", "coordinates": [[[101.614832, 3.071411], [101.61397, 3.071585], [101.613969, 3.071722], [101.614025, 3.071722], [101.614887, 3.071549], [101.614888, 3.071412], [101.614832, 3.071411]]]}}, {"type": "Feature", "properties": {}, "geometry": {"type": "Polygon", "coordinates": [[[101.614776, 3.071411], [101.613914, 3.071584], [101.613913, 3.071722], [101.613969, 3.071722], [101.614831, 3.071549], [101.614832, 3.071411], [101.614776, 3.071411]]]}}, {"type": "Feature", "properties": {}, "geometry": {"type": "Polygon", "coordinates": [[[101.615441, 3.071251], [101.614579, 3.071424], [101.614579, 3.071561], [101.614634, 3.071561], [101.615496, 3.071387], [101.615496, 3.071251], [101.615441, 3.071251]]]}}, {"type": "Feature", "properties": {}, "geometry": {"type": "Polygon", "coordinates": [[[101.615441, 3.071251], [101.615386, 3.071251], [101.614524, 3.071425], [101.614524, 3.071561], [101.614579, 3.071561], [101.615441, 3.071388], [101.615441, 3.071251]]]}}, {"type": "Feature", "properties": {}, "geometry": {"type": "Polygon", "coordinates": [[[101.615386, 3.071251], [101.61533, 3.071251], [101.614469, 3.071425], [101.614469, 3.071561], [101.614524, 3.071561], [101.615386, 3.071388], [101.615386, 3.071251]]]}}, {"type": "Feature", "properties": {}, "geometry": {"type": "Polygon", "coordinates": [[[101.61533, 3.071251], [101.615275, 3.071251], [101.614413, 3.071425], [101.614414, 3.071561], [101.614469, 3.071561], [101.615331, 3.071388], [101.61533, 3.071251]]]}}, {"type": "Feature", "properties": {}, "geometry": {"type": "Polygon", "coordinates": [[[101.615275, 3.071251], [101.61522, 3.071252], [101.614358, 3.071425], [101.614358, 3.071561], [101.614414, 3.071561], [101.615275, 3.071388], [101.615275, 3.071251]]]}}, {"type": "Feature", "properties": {}, "geometry": {"type": "Polygon", "coordinates": [[[101.61522, 3.071252], [101.615165, 3.071252], [101.614303, 3.071425], [101.614303, 3.071561], [101.614358, 3.071561], [101.61522, 3.071388], [101.61522, 3.071252]]]}}, {"type": "Feature", "properties": {}, "geometry": {"type": "Polygon", "coordinates": [[[101.61511, 3.071252], [101.614248, 3.071425], [101.614248, 3.071561], [101.614303, 3.071561], [101.615165, 3.071388], [101.615165, 3.071252], [101.61511, 3.071252]]]}}, {"type": "Feature", "properties": {}, "geometry": {"type": "Polygon", "coordinates": [[[101.61511, 3.071252], [101.615055, 3.071252], [101.614193, 3.071425], [101.614193, 3.071561], [101.614248, 3.071561], [101.61511, 3.071388], [101.61511, 3.071252]]]}}, {"type": "Feature", "properties": {}, "geometry": {"type": "Polygon", "coordinates": [[[101.615055, 3.071252], [101.614999, 3.071252], [101.614137, 3.071425], [101.614138, 3.071561], [101.614193, 3.071561], [101.615055, 3.071388], [101.615055, 3.071252]]]}}, {"type": "Feature", "properties": {}, "geometry": {"type": "Polygon", "coordinates": [[[101.614999, 3.071252], [101.614944, 3.071252], [101.614082, 3.071425], [101.614083, 3.071562], [101.614138, 3.071561], [101.615, 3.071388], [101.614999, 3.071252]]]}}, {"type": "Feature", "properties": {}, "geometry": {"type": "Polygon", "coordinates": [[[101.614944, 3.071252], [101.614889, 3.071252], [101.614027, 3.071425], [101.614027, 3.071562], [101.614083, 3.071562], [101.614944, 3.071388], [101.614944, 3.071252]]]}}, {"type": "Feature", "properties": {}, "geometry": {"type": "Polygon", "coordinates": [[[101.614889, 3.071252], [101.614834, 3.071252], [101.613972, 3.071425], [101.613972, 3.071562], [101.614027, 3.071562], [101.614889, 3.071388], [101.614889, 3.071252]]]}}, {"type": "Feature", "properties": {}, "geometry": {"type": "Polygon", "coordinates": [[[101.614779, 3.071252], [101.613917, 3.071425], [101.613917, 3.071562], [101.613972, 3.071562], [101.614834, 3.071388], [101.614834, 3.071252], [101.614779, 3.071252]]]}}, {"type": "Feature", "properties": {}, "geometry": {"type": "Polygon", "coordinates": [[[101.61478, 3.070919], [101.614725, 3.070919], [101.613863, 3.071092], [101.613863, 3.071239], [101.613918, 3.071239], [101.61478, 3.071066], [101.61478, 3.070919]]]}}, {"type": "Feature", "properties": {}, "geometry": {"type": "Polygon", "coordinates": [[[101.614835, 3.070919], [101.61478, 3.070919], [101.613918, 3.071092], [101.613918, 3.071239], [101.613974, 3.071239], [101.614835, 3.071066], [101.614835, 3.070919]]]}}, {"type": "Feature", "properties": {}, "geometry": {"type": "Polygon", "coordinates": [[[101.61489, 3.070918], [101.614835, 3.070919], [101.613973, 3.071092], [101.613974, 3.071239], [101.614029, 3.071239], [101.614891, 3.071066], [101.61489, 3.070918]]]}}, {"type": "Feature", "properties": {}, "geometry": {"type": "Polygon", "coordinates": [[[101.614945, 3.070918], [101.61489, 3.070918], [101.614029, 3.071092], [101.614029, 3.071239], [101.614084, 3.071239], [101.614946, 3.071065], [101.614945, 3.070918]]]}}, {"type": "Feature", "properties": {}, "geometry": {"type": "Polygon", "coordinates": [[[101.614945, 3.070918], [101.614084, 3.071092], [101.614084, 3.071239], [101.614139, 3.071239], [101.615001, 3.071065], [101.615001, 3.070918], [101.614945, 3.070918]]]}}, {"type": "Feature", "properties": {}, "geometry": {"type": "Polygon", "coordinates": [[[101.615056, 3.070918], [101.615001, 3.070918], [101.614139, 3.071092], [101.614139, 3.071239], [101.614194, 3.071239], [101.615056, 3.071065], [101.615056, 3.070918]]]}}, {"type": "Feature", "properties": {}, "geometry": {"type": "Polygon", "coordinates": [[[101.615111, 3.070918], [101.615056, 3.070918], [101.614194, 3.071092], [101.614194, 3.071239], [101.614249, 3.071238], [101.615111, 3.071065], [101.615111, 3.070918]]]}}, {"type": "Feature", "properties": {}, "geometry": {"type": "Polygon", "coordinates": [[[101.615166, 3.070918], [101.615111, 3.070918], [101.614249, 3.071091], [101.614249, 3.071238], [101.614305, 3.071238], [101.615166, 3.071065], [101.615166, 3.070918]]]}}, {"type": "Feature", "properties": {}, "geometry": {"type": "Polygon", "coordinates": [[[101.615221, 3.070918], [101.615166, 3.070918], [101.614304, 3.071091], [101.614305, 3.071238], [101.61436, 3.071238], [101.615222, 3.071065], [101.615221, 3.070918]]]}}, {"type": "Feature", "properties": {}, "geometry": {"type": "Polygon", "coordinates": [[[101.615277, 3.070918], [101.615221, 3.070918], [101.61436, 3.071091], [101.61436, 3.071238], [101.614415, 3.071238], [101.615277, 3.071065], [101.615277, 3.070918]]]}}, {"type": "Feature", "properties": {}, "geometry": {"type": "Polygon", "coordinates": [[[101.615277, 3.070918], [101.614415, 3.071091], [101.614415, 3.071238], [101.61447, 3.071238], [101.615332, 3.071065], [101.615332, 3.070918], [101.615277, 3.070918]]]}}, {"type": "Feature", "properties": {}, "geometry": {"type": "Polygon", "coordinates": [[[101.615387, 3.070918], [101.615332, 3.070918], [101.61447, 3.071091], [101.61447, 3.071238], [101.614525, 3.071238], [101.615387, 3.071065], [101.615387, 3.070918]]]}}, {"type": "Feature", "properties": {}, "geometry": {"type": "Polygon", "coordinates": [[[101.615442, 3.070918], [101.615387, 3.070918], [101.614525, 3.071091], [101.614525, 3.071238], [101.614581, 3.071238], [101.615442, 3.071065], [101.615442, 3.070918]]]}}, {"type": "Feature", "properties": {}, "geometry": {"type": "Polygon", "coordinates": [[[101.615501, 3.070753], [101.615446, 3.070753], [101.614584, 3.070926], [101.614584, 3.071062], [101.61464, 3.071062], [101.615501, 3.070889], [101.615501, 3.070753]]]}}, {"type": "Feature", "properties": {}, "geometry": {"type": "Polygon", "coordinates": [[[101.61539, 3.070753], [101.614528, 3.070926], [101.614528, 3.071062], [101.614584, 3.071062], [101.615446, 3.070889], [101.615446, 3.070753], [101.61539, 3.070753]]]}}, {"type": "Feature", "properties": {}, "geometry": {"type": "Polygon", "coordinates": [[[101.61539, 3.070753], [101.615334, 3.070753], [101.614473, 3.070926], [101.614473, 3.071062], [101.614528, 3.071062], [101.61539, 3.070889], [101.61539, 3.070753]]]}}, {"type": "Feature", "properties": {}, "geometry": {"type": "Polygon", "coordinates": [[[101.615334, 3.070753], [101.615279, 3.070753], [101.614417, 3.070926], [101.614417, 3.071062], [101.614473, 3.071062], [101.615335, 3.070889], [101.615334, 3.070753]]]}}, {"type": "Feature", "properties": {}, "geometry": {"type": "Polygon", "coordinates": [[[101.615279, 3.070753], [101.615223, 3.070753], [101.614361, 3.070926], [101.614361, 3.071062], [101.614417, 3.071062], [101.615279, 3.070889], [101.615279, 3.070753]]]}}, {"type": "Feature", "properties": {}, "geometry": {"type": "Polygon", "coordinates": [[[101.615223, 3.070753], [101.615167, 3.070753], [101.614306, 3.070926], [101.614306, 3.071062], [101.614361, 3.071062], [101.615223, 3.070889], [101.615223, 3.070753]]]}}, {"type": "Feature", "properties": {}, "geometry": {"type": "Polygon", "coordinates": [[[101.615167, 3.070753], [101.615112, 3.070753], [101.61425, 3.070927], [101.61425, 3.071062], [101.614306, 3.071062], [101.615168, 3.070889], [101.615167, 3.070753]]]}}, {"type": "Feature", "properties": {}, "geometry": {"type": "Polygon", "coordinates": [[[101.615056, 3.070753], [101.614194, 3.070927], [101.614194, 3.071063], [101.61425, 3.071062], [101.615112, 3.070889], [101.615112, 3.070753], [101.615056, 3.070753]]]}}, {"type": "Feature", "properties": {}, "geometry": {"type": "Polygon", "coordinates": [[[101.615056, 3.070753], [101.615, 3.070753], [101.614139, 3.070927], [101.614139, 3.071063], [101.614194, 3.071063], [101.615056, 3.070889], [101.615056, 3.070753]]]}}, {"type": "Feature", "properties": {}, "geometry": {"type": "Polygon", "coordinates": [[[101.615, 3.070753], [101.614945, 3.070753], [101.614083, 3.070927], [101.614083, 3.071063], [101.614139, 3.071063], [101.615001, 3.070889], [101.615, 3.070753]]]}}, {"type": "Feature", "properties": {}, "geometry": {"type": "Polygon", "coordinates": [[[101.614945, 3.070753], [101.614889, 3.070754], [101.614027, 3.070927], [101.614028, 3.071063], [101.614083, 3.071063], [101.614945, 3.070889], [101.614945, 3.070753]]]}}, {"type": "Feature", "properties": {}, "geometry": {"type": "Polygon", "coordinates": [[[101.614889, 3.070754], [101.614833, 3.070754], [101.613972, 3.070927], [101.613972, 3.071063], [101.614028, 3.071063], [101.614889, 3.070889], [101.614889, 3.070754]]]}}, {"type": "Feature", "properties": {}, "geometry": {"type": "Polygon", "coordinates": [[[101.614778, 3.070754], [101.613916, 3.070927], [101.613916, 3.071063], [101.613972, 3.071063], [101.614834, 3.07089], [101.614833, 3.070754], [101.614778, 3.070754]]]}}, {"type": "Feature", "properties": {}, "geometry": {"type": "Polygon", "coordinates": [[[101.615901, 3.070161], [101.615846, 3.070162], [101.614984, 3.070335], [101.614986, 3.07047], [101.615041, 3.070469], [101.615903, 3.070295], [101.615901, 3.070161]]]}}, {"type": "Feature", "properties": {}, "geometry": {"type": "Polygon", "coordinates": [[[101.615846, 3.070162], [101.615791, 3.070162], [101.614929, 3.070336], [101.614931, 3.07047], [101.614986, 3.07047], [101.615848, 3.070296], [101.615846, 3.070162]]]}}, {"type": "Feature", "properties": {}, "geometry": {"type": "Polygon", "coordinates": [[[101.615737, 3.069821], [101.614875, 3.069995], [101.614874, 3.070131], [101.614929, 3.070132], [101.61579, 3.069958], [101.615792, 3.069822], [101.615737, 3.069821]]]}}, {"type": "Feature", "properties": {}, "geometry": {"type": "Polygon", "coordinates": [[[101.615792, 3.069822], [101.61493, 3.069995], [101.614929, 3.070132], [101.614983, 3.070132], [101.615845, 3.069959], [101.615847, 3.069823], [101.615792, 3.069822]]]}}, {"type": "Feature", "properties": {}, "geometry": {"type": "Polygon", "coordinates": [[[101.615847, 3.069823], [101.614985, 3.069996], [101.614983, 3.070132], [101.615038, 3.070133], [101.6159, 3.06996], [101.615902, 3.069823], [101.615847, 3.069823]]]}}, {"type": "Feature", "properties": {}, "geometry": {"type": "Polygon", "coordinates": [[[101.615852, 3.069666], [101.614991, 3.069839], [101.614991, 3.069976], [101.615044, 3.069976], [101.615906, 3.069803], [101.615906, 3.069666], [101.615852, 3.069666]]]}}, {"type": "Feature", "properties": {}, "geometry": {"type": "Polygon", "coordinates": [[[101.615798, 3.069666], [101.614936, 3.069839], [101.614936, 3.069976], [101.614991, 3.069976], [101.615852, 3.069803], [101.615852, 3.069666], [101.615798, 3.069666]]]}}, {"type": "Feature", "properties": {}, "geometry": {"type": "Polygon", "coordinates": [[[101.615735, 3.069329], [101.614873, 3.069502], [101.614873, 3.069639], [101.614928, 3.069639], [101.61579, 3.069466], [101.61579, 3.069329], [101.615735, 3.069329]]]}}, {"type": "Feature", "properties": {}, "geometry": {"type": "Polygon", "coordinates": [[[101.61579, 3.069329], [101.614928, 3.069503], [101.614928, 3.069639], [101.614983, 3.069639], [101.615844, 3.069466], [101.615845, 3.06933], [101.61579, 3.069329]]]}}, {"type": "Feature", "properties": {}, "geometry": {"type": "Polygon", "coordinates": [[[101.615845, 3.06933], [101.614983, 3.069503], [101.614983, 3.069639], [101.615037, 3.069639], [101.615899, 3.069466], [101.6159, 3.06933], [101.615845, 3.06933]]]}}, {"type": "Feature", "properties": {}, "geometry": {"type": "Polygon", "coordinates": [[[101.615899, 3.069167], [101.615844, 3.069167], [101.614982, 3.06934], [101.614982, 3.069483], [101.615037, 3.069483], [101.615899, 3.069309], [101.615899, 3.069167]]]}}, {"type": "Feature", "properties": {}, "geometry": {"type": "Polygon", "coordinates": [[[101.615844, 3.069167], [101.615789, 3.069167], [101.614927, 3.069341], [101.614928, 3.069483], [101.614982, 3.069483], [101.615844, 3.06931], [101.615844, 3.069167]]]}}, {"type": "Feature", "properties": {}, "geometry": {"type": "Polygon", "coordinates": [[[101.615734, 3.068832], [101.614872, 3.069005], [101.614871, 3.06913], [101.614926, 3.06913], [101.615788, 3.068957], [101.615789, 3.068832], [101.615734, 3.068832]]]}}, {"type": "Feature", "properties": {}, "geometry": {"type": "Polygon", "coordinates": [[[101.615789, 3.068832], [101.614927, 3.069005], [101.614926, 3.06913], [101.614981, 3.06913], [101.615843, 3.068957], [101.615844, 3.068832], [101.615789, 3.068832]]]}}, {"type": "Feature", "properties": {}, "geometry": {"type": "Polygon", "coordinates": [[[101.615844, 3.068832], [101.614982, 3.069005], [101.614981, 3.06913], [101.615036, 3.069131], [101.615898, 3.068958], [101.615899, 3.068833], [101.615844, 3.068832]]]}}, {"type": "Feature", "properties": {}, "geometry": {"type": "Polygon", "coordinates": [[[101.615777, 3.068339], [101.615698, 3.068339], [101.614836, 3.068512], [101.614837, 3.068663], [101.614916, 3.068662], [101.615778, 3.068489], [101.615777, 3.068339]]]}}, {"type": "Feature", "properties": {}, "geometry": {"type": "Polygon", "coordinates": [[[101.615832, 3.068338], [101.615777, 3.068339], [101.614915, 3.068512], [101.614916, 3.068662], [101.614971, 3.068662], [101.615833, 3.068489], [101.615832, 3.068338]]]}}, {"type": "Feature", "properties": {}, "geometry": {"type": "Polygon", "coordinates": [[[101.615887, 3.068338], [101.615832, 3.068338], [101.61497, 3.068512], [101.614971, 3.068662], [101.615026, 3.068662], [101.615888, 3.068489], [101.615887, 3.068338]]]}}, {"type": "Feature", "properties": {}, "geometry": {"type": "Polygon", "coordinates": [[[101.615837, 3.068157], [101.614975, 3.06833], [101.614975, 3.068485], [101.615029, 3.068485], [101.615891, 3.068312], [101.615892, 3.068157], [101.615837, 3.068157]]]}}, {"type": "Feature", "properties": {}, "geometry": {"type": "Polygon", "coordinates": [[[101.615782, 3.068156], [101.614921, 3.068329], [101.61492, 3.068485], [101.614975, 3.068485], [101.615836, 3.068312], [101.615837, 3.068157], [101.615782, 3.068156]]]}}, {"type": "Feature", "properties": {}, "geometry": {"type": "Polygon", "coordinates": [[[101.615726, 3.067834], [101.614864, 3.068007], [101.614863, 3.068158], [101.614918, 3.068159], [101.61578, 3.067985], [101.615781, 3.067834], [101.615726, 3.067834]]]}}, {"type": "Feature", "properties": {}, "geometry": {"type": "Polygon", "coordinates": [[[101.615781, 3.067834], [101.614919, 3.068008], [101.614918, 3.068159], [101.614972, 3.068159], [101.615834, 3.067986], [101.615836, 3.067835], [101.615781, 3.067834]]]}}, {"type": "Feature", "properties": {}, "geometry": {"type": "Polygon", "coordinates": [[[101.615836, 3.067835], [101.614974, 3.068008], [101.614972, 3.068159], [101.615027, 3.06816], [101.615889, 3.067986], [101.61589, 3.067836], [101.615836, 3.067835]]]}}, {"type": "Feature", "properties": {}, "geometry": {"type": "Polygon", "coordinates": [[[101.615835, 3.067663], [101.614973, 3.067836], [101.614973, 3.067986], [101.615027, 3.067986], [101.615889, 3.067813], [101.61589, 3.067663], [101.615835, 3.067663]]]}}, {"type": "Feature", "properties": {}, "geometry": {"type": "Polygon", "coordinates": [[[101.61578, 3.067663], [101.614919, 3.067836], [101.614918, 3.067986], [101.614973, 3.067986], [101.615834, 3.067813], [101.615835, 3.067663], [101.61578, 3.067663]]]}}, {"type": "Feature", "properties": {}, "geometry": {"type": "Polygon", "coordinates": [[[101.615439, 3.069332], [101.614577, 3.069505], [101.614576, 3.069638], [101.614631, 3.069638], [101.615493, 3.069465], [101.615494, 3.069333], [101.615439, 3.069332]]]}}, {"type": "Feature", "properties": {}, "geometry": {"type": "Polygon", "coordinates": [[[101.615384, 3.069332], [101.614522, 3.069505], [101.61452, 3.069637], [101.614576, 3.069638], [101.615438, 3.069464], [101.615439, 3.069332], [101.615384, 3.069332]]]}}, {"type": "Feature", "properties": {}, "geometry": {"type": "Polygon", "coordinates": [[[101.615328, 3.069331], [101.614466, 3.069504], [101.614465, 3.069637], [101.61452, 3.069637], [101.615382, 3.069464], [101.615384, 3.069332], [101.615328, 3.069331]]]}}, {"type": "Feature", "properties": {}, "geometry": {"type": "Polygon", "coordinates": [[[101.615273, 3.069331], [101.614411, 3.069504], [101.61441, 3.069636], [101.614465, 3.069637], [101.615327, 3.069463], [101.615328, 3.069331], [101.615273, 3.069331]]]}}, {"type": "Feature", "properties": {}, "geometry": {"type": "Polygon", "coordinates": [[[101.615217, 3.06933], [101.614356, 3.069503], [101.614354, 3.069635], [101.61441, 3.069636], [101.615272, 3.069463], [101.615273, 3.069331], [101.615217, 3.06933]]]}}, {"type": "Feature", "properties": {}, "geometry": {"type": "Polygon", "coordinates": [[[101.615162, 3.069329], [101.6143, 3.069503], [101.614299, 3.069635], [101.614354, 3.069635], [101.615216, 3.069462], [101.615217, 3.06933], [101.615162, 3.069329]]]}}, {"type": "Feature", "properties": {}, "geometry": {"type": "Polygon", "coordinates": [[[101.615107, 3.069329], [101.614245, 3.069502], [101.614244, 3.069634], [101.614299, 3.069635], [101.615161, 3.069462], [101.615162, 3.069329], [101.615107, 3.069329]]]}}, {"type": "Feature", "properties": {}, "geometry": {"type": "Polygon", "coordinates": [[[101.615051, 3.069328], [101.614189, 3.069502], [101.614188, 3.069634], [101.614244, 3.069634], [101.615105, 3.069461], [101.615107, 3.069329], [101.615051, 3.069328]]]}}, {"type": "Feature", "properties": {}, "geometry": {"type": "Polygon", "coordinates": [[[101.614996, 3.069328], [101.614134, 3.069501], [101.614133, 3.069633], [101.614188, 3.069634], [101.61505, 3.069461], [101.615051, 3.069328], [101.614996, 3.069328]]]}}, {"type": "Feature", "properties": {}, "geometry": {"type": "Polygon", "coordinates": [[[101.614941, 3.069327], [101.614079, 3.069501], [101.614077, 3.069633], [101.614133, 3.069633], [101.614995, 3.06946], [101.614996, 3.069328], [101.614941, 3.069327]]]}}, {"type": "Feature", "properties": {}, "geometry": {"type": "Polygon", "coordinates": [[[101.614885, 3.069327], [101.614023, 3.0695], [101.614022, 3.069632], [101.614077, 3.069633], [101.614939, 3.069459], [101.614941, 3.069327], [101.614885, 3.069327]]]}}, {"type": "Feature", "properties": {}, "geometry": {"type": "Polygon", "coordinates": [[[101.61483, 3.069326], [101.613968, 3.069499], [101.613967, 3.069631], [101.614022, 3.069632], [101.614884, 3.069459], [101.614885, 3.069327], [101.61483, 3.069326]]]}}, {"type": "Feature", "properties": {}, "geometry": {"type": "Polygon", "coordinates": [[[101.614774, 3.069326], [101.613913, 3.069499], [101.613911, 3.069631], [101.613967, 3.069631], [101.614829, 3.069458], [101.61483, 3.069326], [101.614774, 3.069326]]]}}, {"type": "Feature", "properties": {}, "geometry": {"type": "Polygon", "coordinates": [[[101.615443, 3.069182], [101.614581, 3.069355], [101.61458, 3.069483], [101.614635, 3.069484], [101.615497, 3.06931], [101.615498, 3.069183], [101.615443, 3.069182]]]}}, {"type": "Feature", "properties": {}, "geometry": {"type": "Polygon", "coordinates": [[[101.615387, 3.069182], [101.614526, 3.069355], [101.614525, 3.069483], [101.61458, 3.069483], [101.615442, 3.06931], [101.615443, 3.069182], [101.615387, 3.069182]]]}}, {"type": "Feature", "properties": {}, "geometry": {"type": "Polygon", "coordinates": [[[101.615332, 3.069181], [101.61447, 3.069355], [101.614469, 3.069482], [101.614525, 3.069483], [101.615387, 3.06931], [101.615387, 3.069182], [101.615332, 3.069181]]]}}, {"type": "Feature", "properties": {}, "geometry": {"type": "Polygon", "coordinates": [[[101.615277, 3.069181], [101.614415, 3.069354], [101.614414, 3.069482], [101.614469, 3.069482], [101.615331, 3.069309], [101.615332, 3.069181], [101.615277, 3.069181]]]}}, {"type": "Feature", "properties": {}, "geometry": {"type": "Polygon", "coordinates": [[[101.615221, 3.069181], [101.614359, 3.069354], [101.614358, 3.069482], [101.614414, 3.069482], [101.615276, 3.069309], [101.615277, 3.069181], [101.615221, 3.069181]]]}}, {"type": "Feature", "properties": {}, "geometry": {"type": "Polygon", "coordinates": [[[101.615166, 3.06918], [101.614304, 3.069354], [101.614303, 3.069481], [101.614358, 3.069482], [101.61522, 3.069308], [101.615221, 3.069181], [101.615166, 3.06918]]]}}, {"type": "Feature", "properties": {}, "geometry": {"type": "Polygon", "coordinates": [[[101.615111, 3.06918], [101.614249, 3.069353], [101.614248, 3.069481], [101.614303, 3.069481], [101.615165, 3.069308], [101.615166, 3.06918], [101.615111, 3.06918]]]}}, {"type": "Feature", "properties": {}, "geometry": {"type": "Polygon", "coordinates": [[[101.615055, 3.06918], [101.614193, 3.069353], [101.614192, 3.069481], [101.614248, 3.069481], [101.61511, 3.069308], [101.615111, 3.06918], [101.615055, 3.06918]]]}}, {"type": "Feature", "properties": {}, "geometry": {"type": "Polygon", "coordinates": [[[101.615, 3.069179], [101.614138, 3.069352], [101.614137, 3.06948], [101.614192, 3.069481], [101.615054, 3.069307], [101.615055, 3.06918], [101.615, 3.069179]]]}}, {"type": "Feature", "properties": {}, "geometry": {"type": "Polygon", "coordinates": [[[101.614944, 3.069179], [101.614083, 3.069352], [101.614082, 3.06948], [101.614137, 3.06948], [101.614999, 3.069307], [101.615, 3.069179], [101.614944, 3.069179]]]}}, {"type": "Feature", "properties": {}, "geometry": {"type": "Polygon", "coordinates": [[[101.614889, 3.069179], [101.614027, 3.069352], [101.614026, 3.069479], [101.614082, 3.06948], [101.614944, 3.069307], [101.614944, 3.069179], [101.614889, 3.069179]]]}}, {"type": "Feature", "properties": {}, "geometry": {"type": "Polygon", "coordinates": [[[101.614834, 3.069178], [101.613972, 3.069351], [101.613971, 3.069479], [101.614026, 3.069479], [101.614888, 3.069306], [101.614889, 3.069179], [101.614834, 3.069178]]]}}, {"type": "Feature", "properties": {}, "geometry": {"type": "Polygon", "coordinates": [[[101.614778, 3.069178], [101.613916, 3.069351], [101.613916, 3.069479], [101.613971, 3.069479], [101.614833, 3.069306], [101.614834, 3.069178], [101.614778, 3.069178]]]}}, {"type": "Feature", "properties": {}, "geometry": {"type": "Polygon", "coordinates": [[[101.614719, 3.068834], [101.613857, 3.069007], [101.613856, 3.069137], [101.613911, 3.069137], [101.614773, 3.068964], [101.614774, 3.068834], [101.614719, 3.068834]]]}}, {"type": "Feature", "properties": {}, "geometry": {"type": "Polygon", "coordinates": [[[101.614774, 3.068834], [101.613912, 3.069007], [101.613911, 3.069137], [101.613965, 3.069137], [101.614827, 3.068964], [101.614828, 3.068834], [101.614774, 3.068834]]]}}, {"type": "Feature", "properties": {}, "geometry": {"type": "Polygon", "coordinates": [[[101.614828, 3.068834], [101.613966, 3.069008], [101.613965, 3.069137], [101.61402, 3.069138], [101.614882, 3.068964], [101.614883, 3.068835], [101.614828, 3.068834]]]}}, {"type": "Feature", "properties": {}, "geometry": {"type": "Polygon", "coordinates": [[[101.614883, 3.068835], [101.614021, 3.069008], [101.61402, 3.069138], [101.614075, 3.069138], [101.614936, 3.068965], [101.614937, 3.068835], [101.614883, 3.068835]]]}}, {"type": "Feature", "properties": {}, "geometry": {"type": "Polygon", "coordinates": [[[101.614937, 3.068835], [101.614075, 3.069008], [101.614075, 3.069138], [101.614129, 3.069139], [101.614991, 3.068965], [101.614992, 3.068835], [101.614937, 3.068835]]]}}, {"type": "Feature", "properties": {}, "geometry": {"type": "Polygon", "coordinates": [[[101.614992, 3.068835], [101.61413, 3.069009], [101.614129, 3.069139], [101.614184, 3.069139], [101.615046, 3.068966], [101.615046, 3.068836], [101.614992, 3.068835]]]}}, {"type": "Feature", "properties": {}, "geometry": {"type": "Polygon", "coordinates": [[[101.615046, 3.068836], [101.614185, 3.069009], [101.614184, 3.069139], [101.614238, 3.069139], [101.6151, 3.068966], [101.615101, 3.068836], [101.615046, 3.068836]]]}}, {"type": "Feature", "properties": {}, "geometry": {"type": "Polygon", "coordinates": [[[101.615101, 3.068836], [101.614239, 3.069009], [101.614238, 3.069139], [101.614293, 3.06914], [101.615155, 3.068966], [101.615156, 3.068836], [101.615101, 3.068836]]]}}, {"type": "Feature", "properties": {}, "geometry": {"type": "Polygon", "coordinates": [[[101.615156, 3.068836], [101.614294, 3.06901], [101.614293, 3.06914], [101.614347, 3.06914], [101.615209, 3.068967], [101.61521, 3.068837], [101.615156, 3.068836]]]}}, {"type": "Feature", "properties": {}, "geometry": {"type": "Polygon", "coordinates": [[[101.61521, 3.068837], [101.614348, 3.06901], [101.614347, 3.06914], [101.614402, 3.06914], [101.615264, 3.068967], [101.615265, 3.068837], [101.61521, 3.068837]]]}}, {"type": "Feature", "properties": {}, "geometry": {"type": "Polygon", "coordinates": [[[101.615265, 3.068837], [101.614403, 3.06901], [101.614402, 3.06914], [101.614457, 3.069141], [101.615319, 3.068967], [101.615319, 3.068838], [101.615265, 3.068837]]]}}, {"type": "Feature", "properties": {}, "geometry": {"type": "Polygon", "coordinates": [[[101.615319, 3.068838], [101.614458, 3.069011], [101.614457, 3.069141], [101.614511, 3.069141], [101.615373, 3.068968], [101.615374, 3.068838], [101.615319, 3.068838]]]}}, {"type": "Feature", "properties": {}, "geometry": {"type": "Polygon", "coordinates": [[[101.615374, 3.068838], [101.614512, 3.069011], [101.614511, 3.069141], [101.614566, 3.069141], [101.615428, 3.068968], [101.615429, 3.068838], [101.615374, 3.068838]]]}}, {"type": "Feature", "properties": {}, "geometry": {"type": "Polygon", "coordinates": [[[101.615427, 3.068661], [101.614565, 3.068834], [101.614564, 3.06899], [101.614619, 3.06899], [101.615481, 3.068817], [101.615482, 3.068661], [101.615427, 3.068661]]]}}, {"type": "Feature", "properties": {}, "geometry": {"type": "Polygon", "coordinates": [[[101.615372, 3.06866], [101.614511, 3.068834], [101.614509, 3.068989], [101.614564, 3.06899], [101.615426, 3.068816], [101.615427, 3.068661], [101.615372, 3.06866]]]}}, {"type": "Feature", "properties": {}, "geometry": {"type": "Polygon", "coordinates": [[[101.615318, 3.06866], [101.614456, 3.068833], [101.614454, 3.068988], [101.614509, 3.068989], [101.615371, 3.068816], [101.615372, 3.06866], [101.615318, 3.06866]]]}}, {"type": "Feature", "properties": {}, "geometry": {"type": "Polygon", "coordinates": [[[101.615263, 3.068659], [101.614401, 3.068832], [101.614399, 3.068988], [101.614454, 3.068988], [101.615316, 3.068815], [101.615318, 3.06866], [101.615263, 3.068659]]]}}, {"type": "Feature", "properties": {}, "geometry": {"type": "Polygon", "coordinates": [[[101.615208, 3.068659], [101.614346, 3.068832], [101.614344, 3.068987], [101.614399, 3.068988], [101.615261, 3.068815], [101.615263, 3.068659], [101.615208, 3.068659]]]}}, {"type": "Feature", "properties": {}, "geometry": {"type": "Polygon", "coordinates": [[[101.615153, 3.068658], [101.614291, 3.068831], [101.614289, 3.068987], [101.614344, 3.068987], [101.615206, 3.068814], [101.615208, 3.068659], [101.615153, 3.068658]]]}}, {"type": "Feature", "properties": {}, "geometry": {"type": "Polygon", "coordinates": [[[101.615098, 3.068657], [101.614236, 3.068831], [101.614234, 3.068986], [101.614289, 3.068987], [101.615151, 3.068813], [101.615153, 3.068658], [101.615098, 3.068657]]]}}, {"type": "Feature", "properties": {}, "geometry": {"type": "Polygon", "coordinates": [[[101.615043, 3.068657], [101.614181, 3.06883], [101.614179, 3.068986], [101.614234, 3.068986], [101.615096, 3.068813], [101.615098, 3.068657], [101.615043, 3.068657]]]}}, {"type": "Feature", "properties": {}, "geometry": {"type": "Polygon", "coordinates": [[[101.614988, 3.068656], [101.614126, 3.06883], [101.614124, 3.068985], [101.614179, 3.068986], [101.615041, 3.068812], [101.615043, 3.068657], [101.614988, 3.068656]]]}}, {"type": "Feature", "properties": {}, "geometry": {"type": "Polygon", "coordinates": [[[101.614933, 3.068656], [101.614071, 3.068829], [101.614069, 3.068984], [101.614124, 3.068985], [101.614986, 3.068812], [101.614988, 3.068656], [101.614933, 3.068656]]]}}, {"type": "Feature", "properties": {}, "geometry": {"type": "Polygon", "coordinates": [[[101.614878, 3.068655], [101.614016, 3.068828], [101.614014, 3.068984], [101.614069, 3.068984], [101.614931, 3.068811], [101.614933, 3.068656], [101.614878, 3.068655]]]}}, {"type": "Feature", "properties": {}, "geometry": {"type": "Polygon", "coordinates": [[[101.614823, 3.068655], [101.613961, 3.068828], [101.61396, 3.068983], [101.614014, 3.068984], [101.614876, 3.068811], [101.614878, 3.068655], [101.614823, 3.068655]]]}}, {"type": "Feature", "properties": {}, "geometry": {"type": "Polygon", "coordinates": [[[101.614768, 3.068654], [101.613906, 3.068827], [101.613905, 3.068983], [101.61396, 3.068983], [101.614821, 3.06881], [101.614823, 3.068655], [101.614768, 3.068654]]]}}, {"type": "Feature", "properties": {}, "geometry": {"type": "Polygon", "coordinates": [[[101.614662, 3.068331], [101.6138, 3.068504], [101.613798, 3.068664], [101.6139, 3.068666], [101.614762, 3.068492], [101.614764, 3.068332], [101.614662, 3.068331]]]}}, {"type": "Feature", "properties": {}, "geometry": {"type": "Polygon", "coordinates": [[[101.614764, 3.068332], [101.613902, 3.068505], [101.6139, 3.068666], [101.613956, 3.068666], [101.614817, 3.068493], [101.614819, 3.068333], [101.614764, 3.068332]]]}}, {"type": "Feature", "properties": {}, "geometry": {"type": "Polygon", "coordinates": [[[101.614819, 3.068333], [101.613958, 3.068506], [101.613956, 3.068666], [101.614011, 3.068667], [101.614872, 3.068494], [101.614875, 3.068333], [101.614819, 3.068333]]]}}, {"type": "Feature", "properties": {}, "geometry": {"type": "Polygon", "coordinates": [[[101.614875, 3.068333], [101.614013, 3.068507], [101.614011, 3.068667], [101.614066, 3.068668], [101.614928, 3.068494], [101.61493, 3.068334], [101.614875, 3.068333]]]}}, {"type": "Feature", "properties": {}, "geometry": {"type": "Polygon", "coordinates": [[[101.61493, 3.068334], [101.614068, 3.068507], [101.614066, 3.068668], [101.614121, 3.068668], [101.614983, 3.068495], [101.614985, 3.068335], [101.61493, 3.068334]]]}}, {"type": "Feature", "properties": {}, "geometry": {"type": "Polygon", "coordinates": [[[101.614985, 3.068335], [101.614123, 3.068508], [101.614121, 3.068668], [101.614176, 3.068669], [101.615038, 3.068496], [101.61504, 3.068336], [101.614985, 3.068335]]]}}, {"type": "Feature", "properties": {}, "geometry": {"type": "Polygon", "coordinates": [[[101.61504, 3.068336], [101.614178, 3.068509], [101.614176, 3.068669], [101.614231, 3.06867], [101.615093, 3.068497], [101.615095, 3.068336], [101.61504, 3.068336]]]}}, {"type": "Feature", "properties": {}, "geometry": {"type": "Polygon", "coordinates": [[[101.615095, 3.068336], [101.614233, 3.06851], [101.614231, 3.06867], [101.614286, 3.068671], [101.615148, 3.068497], [101.61515, 3.068337], [101.615095, 3.068336]]]}}, {"type": "Feature", "properties": {}, "geometry": {"type": "Polygon", "coordinates": [[[101.61515, 3.068337], [101.614289, 3.06851], [101.614286, 3.068671], [101.614342, 3.068671], [101.615203, 3.068498], [101.615206, 3.068338], [101.61515, 3.068337]]]}}, {"type": "Feature", "properties": {}, "geometry": {"type": "Polygon", "coordinates": [[[101.615206, 3.068338], [101.614344, 3.068511], [101.614342, 3.068671], [101.614397, 3.068672], [101.615259, 3.068499], [101.615261, 3.068338], [101.615206, 3.068338]]]}}, {"type": "Feature", "properties": {}, "geometry": {"type": "Polygon", "coordinates": [[[101.615261, 3.068338], [101.614399, 3.068512], [101.614397, 3.068672], [101.614452, 3.068673], [101.615314, 3.068499], [101.615316, 3.068339], [101.615261, 3.068338]]]}}, {"type": "Feature", "properties": {}, "geometry": {"type": "Polygon", "coordinates": [[[101.615316, 3.068339], [101.614454, 3.068512], [101.614452, 3.068673], [101.614507, 3.068673], [101.615369, 3.0685], [101.615371, 3.06834], [101.615316, 3.068339]]]}}, {"type": "Feature", "properties": {}, "geometry": {"type": "Polygon", "coordinates": [[[101.615371, 3.06834], [101.614509, 3.068513], [101.614507, 3.068673], [101.614562, 3.068674], [101.615424, 3.068501], [101.615426, 3.068341], [101.615371, 3.06834]]]}}, {"type": "Feature", "properties": {}, "geometry": {"type": "Polygon", "coordinates": [[[101.615427, 3.068167], [101.614565, 3.068341], [101.614564, 3.068492], [101.614619, 3.068492], [101.615481, 3.068319], [101.615482, 3.068168], [101.615427, 3.068167]]]}}, {"type": "Feature", "properties": {}, "geometry": {"type": "Polygon", "coordinates": [[[101.615372, 3.068167], [101.61451, 3.06834], [101.614509, 3.068491], [101.614564, 3.068492], [101.615426, 3.068318], [101.615427, 3.068167], [101.615372, 3.068167]]]}}, {"type": "Feature", "properties": {}, "geometry": {"type": "Polygon", "coordinates": [[[101.615317, 3.068167], [101.614455, 3.06834], [101.614454, 3.068491], [101.614509, 3.068491], [101.615371, 3.068318], [101.615372, 3.068167], [101.615317, 3.068167]]]}}, {"type": "Feature", "properties": {}, "geometry": {"type": "Polygon", "coordinates": [[[101.615262, 3.068166], [101.6144, 3.068339], [101.614399, 3.06849], [101.614454, 3.068491], [101.615316, 3.068318], [101.615317, 3.068167], [101.615262, 3.068166]]]}}, {"type": "Feature", "properties": {}, "geometry": {"type": "Polygon", "coordinates": [[[101.615207, 3.068166], [101.614345, 3.068339], [101.614344, 3.06849], [101.614399, 3.06849], [101.615261, 3.068317], [101.615262, 3.068166], [101.615207, 3.068166]]]}}, {"type": "Feature", "properties": {}, "geometry": {"type": "Polygon", "coordinates": [[[101.615152, 3.068166], [101.61429, 3.068339], [101.614289, 3.06849], [101.614344, 3.06849], [101.615206, 3.068317], [101.615207, 3.068166], [101.615152, 3.068166]]]}}, {"type": "Feature", "properties": {}, "geometry": {"type": "Polygon", "coordinates": [[[101.615097, 3.068165], [101.614235, 3.068338], [101.614234, 3.06849], [101.614289, 3.06849], [101.615151, 3.068317], [101.615152, 3.068166], [101.615097, 3.068165]]]}}, {"type": "Feature", "properties": {}, "geometry": {"type": "Polygon", "coordinates": [[[101.615042, 3.068165], [101.61418, 3.068338], [101.614179, 3.068489], [101.614234, 3.06849], [101.615096, 3.068316], [101.615097, 3.068165], [101.615042, 3.068165]]]}}, {"type": "Feature", "properties": {}, "geometry": {"type": "Polygon", "coordinates": [[[101.614987, 3.068164], [101.614125, 3.068338], [101.614124, 3.068489], [101.614179, 3.068489], [101.615041, 3.068316], [101.615042, 3.068165], [101.614987, 3.068164]]]}}, {"type": "Feature", "properties": {}, "geometry": {"type": "Polygon", "coordinates": [[[101.614932, 3.068164], [101.61407, 3.068337], [101.614069, 3.068488], [101.614124, 3.068489], [101.614986, 3.068315], [101.614987, 3.068164], [101.614932, 3.068164]]]}}, {"type": "Feature", "properties": {}, "geometry": {"type": "Polygon", "coordinates": [[[101.614877, 3.068164], [101.614015, 3.068337], [101.614014, 3.068488], [101.614069, 3.068488], [101.614931, 3.068315], [101.614932, 3.068164], [101.614877, 3.068164]]]}}, {"type": "Feature", "properties": {}, "geometry": {"type": "Polygon", "coordinates": [[[101.614822, 3.068163], [101.61396, 3.068337], [101.613959, 3.068488], [101.614014, 3.068488], [101.614876, 3.068315], [101.614877, 3.068164], [101.614822, 3.068163]]]}}, {"type": "Feature", "properties": {}, "geometry": {"type": "Polygon", "coordinates": [[[101.614767, 3.068163], [101.613905, 3.068336], [101.613904, 3.068487], [101.613959, 3.068488], [101.614821, 3.068314], [101.614822, 3.068163], [101.614767, 3.068163]]]}}, {"type": "Feature", "properties": {}, "geometry": {"type": "Polygon", "coordinates": [[[101.614675, 3.067839], [101.613813, 3.068013], [101.613812, 3.068167], [101.613901, 3.068168], [101.614762, 3.067995], [101.614763, 3.06784], [101.614675, 3.067839]]]}}, {"type": "Feature", "properties": {}, "geometry": {"type": "Polygon", "coordinates": [[[101.614763, 3.06784], [101.613901, 3.068013], [101.613901, 3.068168], [101.613956, 3.068168], [101.614818, 3.067995], [101.614819, 3.06784], [101.614763, 3.06784]]]}}, {"type": "Feature", "properties": {}, "geometry": {"type": "Polygon", "coordinates": [[[101.614819, 3.06784], [101.613957, 3.068014], [101.613956, 3.068168], [101.614011, 3.068169], [101.614873, 3.067995], [101.614874, 3.067841], [101.614819, 3.06784]]]}}, {"type": "Feature", "properties": {}, "geometry": {"type": "Polygon", "coordinates": [[[101.614874, 3.067841], [101.614012, 3.068014], [101.614011, 3.068169], [101.614066, 3.068169], [101.614928, 3.067996], [101.614929, 3.067841], [101.614874, 3.067841]]]}}, {"type": "Feature", "properties": {}, "geometry": {"type": "Polygon", "coordinates": [[[101.614929, 3.067841], [101.614067, 3.068014], [101.614066, 3.068169], [101.614121, 3.068169], [101.614983, 3.067996], [101.614984, 3.067841], [101.614929, 3.067841]]]}}, {"type": "Feature", "properties": {}, "geometry": {"type": "Polygon", "coordinates": [[[101.614984, 3.067841], [101.614122, 3.068014], [101.614121, 3.068169], [101.614176, 3.06817], [101.615038, 3.067996], [101.615039, 3.067842], [101.614984, 3.067841]]]}}, {"type": "Feature", "properties": {}, "geometry": {"type": "Polygon", "coordinates": [[[101.615039, 3.067842], [101.614177, 3.068015], [101.614176, 3.06817], [101.614232, 3.06817], [101.615093, 3.067997], [101.615094, 3.067842], [101.615039, 3.067842]]]}}, {"type": "Feature", "properties": {}, "geometry": {"type": "Polygon", "coordinates": [[[101.615094, 3.067842], [101.614233, 3.068015], [101.614232, 3.06817], [101.614287, 3.06817], [101.615149, 3.067997], [101.61515, 3.067842], [101.615094, 3.067842]]]}}, {"type": "Feature", "properties": {}, "geometry": {"type": "Polygon", "coordinates": [[[101.61515, 3.067842], [101.614288, 3.068016], [101.614287, 3.06817], [101.614342, 3.068171], [101.615204, 3.067997], [101.615205, 3.067843], [101.61515, 3.067842]]]}}, {"type": "Feature", "properties": {}, "geometry": {"type": "Polygon", "coordinates": [[[101.615205, 3.067843], [101.614343, 3.068016], [101.614342, 3.068171], [101.614397, 3.068171], [101.615259, 3.067998], [101.61526, 3.067843], [101.615205, 3.067843]]]}}, {"type": "Feature", "properties": {}, "geometry": {"type": "Polygon", "coordinates": [[[101.61526, 3.067843], [101.614398, 3.068016], [101.614397, 3.068171], [101.614452, 3.068171], [101.615314, 3.067998], [101.615315, 3.067843], [101.61526, 3.067843]]]}}, {"type": "Feature", "properties": {}, "geometry": {"type": "Polygon", "coordinates": [[[101.615315, 3.067843], [101.614453, 3.068017], [101.614452, 3.068171], [101.614507, 3.068172], [101.615369, 3.067998], [101.61537, 3.067844], [101.615315, 3.067843]]]}}, {"type": "Feature", "properties": {}, "geometry": {"type": "Polygon", "coordinates": [[[101.61537, 3.067844], [101.614508, 3.068017], [101.614507, 3.068172], [101.614563, 3.068172], [101.615424, 3.067999], [101.615425, 3.067844], [101.61537, 3.067844]]]}}, {"type": "Feature", "properties": {}, "geometry": {"type": "Polygon", "coordinates": [[[101.61548, 3.067658], [101.615425, 3.067658], [101.614563, 3.067831], [101.614564, 3.067983], [101.614618, 3.067983], [101.61548, 3.067809], [101.61548, 3.067658]]]}}, {"type": "Feature", "properties": {}, "geometry": {"type": "Polygon", "coordinates": [[[101.615425, 3.067658], [101.61537, 3.067658], [101.614509, 3.067831], [101.614509, 3.067983], [101.614564, 3.067983], [101.615426, 3.06781], [101.615425, 3.067658]]]}}, {"type": "Feature", "properties": {}, "geometry": {"type": "Polygon", "coordinates": [[[101.61537, 3.067658], [101.615316, 3.067658], [101.614454, 3.067832], [101.614454, 3.067983], [101.614509, 3.067983], [101.615371, 3.06781], [101.61537, 3.067658]]]}}, {"type": "Feature", "properties": {}, "geometry": {"type": "Polygon", "coordinates": [[[101.615316, 3.067658], [101.615261, 3.067659], [101.614399, 3.067832], [101.6144, 3.067983], [101.614454, 3.067983], [101.615316, 3.06781], [101.615316, 3.067658]]]}}, {"type": "Feature", "properties": {}, "geometry": {"type": "Polygon", "coordinates": [[[101.615261, 3.067659], [101.615207, 3.067659], [101.614345, 3.067832], [101.614345, 3.067983], [101.6144, 3.067983], [101.615262, 3.06781], [101.615261, 3.067659]]]}}, {"type": "Feature", "properties": {}, "geometry": {"type": "Polygon", "coordinates": [[[101.615207, 3.067659], [101.615152, 3.067659], [101.61429, 3.067832], [101.614291, 3.067984], [101.614345, 3.067983], [101.615207, 3.06781], [101.615207, 3.067659]]]}}, {"type": "Feature", "properties": {}, "geometry": {"type": "Polygon", "coordinates": [[[101.615152, 3.067659], [101.615097, 3.067659], [101.614236, 3.067832], [101.614236, 3.067984], [101.614291, 3.067984], [101.615153, 3.06781], [101.615152, 3.067659]]]}}, {"type": "Feature", "properties": {}, "geometry": {"type": "Polygon", "coordinates": [[[101.615097, 3.067659], [101.615043, 3.067659], [101.614181, 3.067833], [101.614182, 3.067984], [101.614236, 3.067984], [101.615098, 3.067811], [101.615097, 3.067659]]]}}, {"type": "Feature", "properties": {}, "geometry": {"type": "Polygon", "coordinates": [[[101.615043, 3.067659], [101.614988, 3.067659], [101.614126, 3.067833], [101.614127, 3.067984], [101.614182, 3.067984], [101.615043, 3.067811], [101.615043, 3.067659]]]}}, {"type": "Feature", "properties": {}, "geometry": {"type": "Polygon", "coordinates": [[[101.614988, 3.067659], [101.614934, 3.06766], [101.614072, 3.067833], [101.614072, 3.067985], [101.614127, 3.067984], [101.614989, 3.067811], [101.614988, 3.067659]]]}}, {"type": "Feature", "properties": {}, "geometry": {"type": "Polygon", "coordinates": [[[101.614934, 3.06766], [101.614879, 3.06766], [101.614017, 3.067833], [101.614018, 3.067985], [101.614072, 3.067985], [101.614934, 3.067811], [101.614934, 3.06766]]]}}, {"type": "Feature", "properties": {}, "geometry": {"type": "Polygon", "coordinates": [[[101.614879, 3.06766], [101.614824, 3.06766], [101.613963, 3.067833], [101.613963, 3.067985], [101.614018, 3.067985], [101.61488, 3.067811], [101.614879, 3.06766]]]}}, {"type": "Feature", "properties": {}, "geometry": {"type": "Polygon", "coordinates": [[[101.614824, 3.06766], [101.61477, 3.06766], [101.613908, 3.067833], [101.613908, 3.067985], [101.613963, 3.067985], [101.614825, 3.067812], [101.614824, 3.06766]]]}}, {"type": "Feature", "properties": {}, "geometry": {"type": "Polygon", "coordinates": [[[101.614814, 3.067019], [101.613952, 3.067193], [101.613951, 3.067359], [101.614013, 3.06736], [101.614875, 3.067186], [101.614876, 3.06702], [101.614814, 3.067019]]]}}, {"type": "Feature", "properties": {}, "geometry": {"type": "Polygon", "coordinates": [[[101.614876, 3.06702], [101.614014, 3.067193], [101.614013, 3.06736], [101.614075, 3.06736], [101.614937, 3.067187], [101.614938, 3.06702], [101.614876, 3.06702]]]}}, {"type": "Feature", "properties": {}, "geometry": {"type": "Polygon", "coordinates": [[[101.614938, 3.06702], [101.614076, 3.067193], [101.614075, 3.06736], [101.614138, 3.06736], [101.614999, 3.067187], [101.615, 3.06702], [101.614938, 3.06702]]]}}, {"type": "Feature", "properties": {}, "geometry": {"type": "Polygon", "coordinates": [[[101.615, 3.06702], [101.614138, 3.067193], [101.614138, 3.06736], [101.6142, 3.06736], [101.615062, 3.067187], [101.615062, 3.06702], [101.615, 3.06702]]]}}, {"type": "Feature", "properties": {}, "geometry": {"type": "Polygon", "coordinates": [[[101.615062, 3.06702], [101.6142, 3.067193], [101.6142, 3.06736], [101.614262, 3.06736], [101.615124, 3.067187], [101.615124, 3.06702], [101.615062, 3.06702]]]}}, {"type": "Feature", "properties": {}, "geometry": {"type": "Polygon", "coordinates": [[[101.615124, 3.06702], [101.614262, 3.067194], [101.614262, 3.06736], [101.614324, 3.067361], [101.615186, 3.067187], [101.615186, 3.06702], [101.615124, 3.06702]]]}}, {"type": "Feature", "properties": {}, "geometry": {"type": "Polygon", "coordinates": [[[101.615186, 3.06702], [101.614324, 3.067194], [101.614324, 3.067361], [101.614386, 3.067361], [101.615248, 3.067188], [101.615248, 3.067021], [101.615186, 3.06702]]]}}, {"type": "Feature", "properties": {}, "geometry": {"type": "Polygon", "coordinates": [[[101.615248, 3.067021], [101.614386, 3.067194], [101.614386, 3.067361], [101.614448, 3.067361], [101.61531, 3.067188], [101.61531, 3.067021], [101.615248, 3.067021]]]}}, {"type": "Feature", "properties": {}, "geometry": {"type": "Polygon", "coordinates": [[[101.61531, 3.067021], [101.614448, 3.067194], [101.614448, 3.067361], [101.61451, 3.067361], [101.615372, 3.067188], [101.615372, 3.067021], [101.61531, 3.067021]]]}}, {"type": "Feature", "properties": {}, "geometry": {"type": "Polygon", "coordinates": [[[101.615372, 3.067021], [101.614511, 3.067194], [101.61451, 3.067361], [101.614572, 3.067361], [101.615434, 3.067188], [101.615434, 3.067021], [101.615372, 3.067021]]]}}, {"type": "Feature", "properties": {}, "geometry": {"type": "Polygon", "coordinates": [[[101.615434, 3.067021], [101.614573, 3.067194], [101.614572, 3.067361], [101.614634, 3.067362], [101.615496, 3.067188], [101.615497, 3.067021], [101.615434, 3.067021]]]}}, {"type": "Feature", "properties": {}, "geometry": {"type": "Polygon", "coordinates": [[[101.615497, 3.067021], [101.614635, 3.067195], [101.614634, 3.067362], [101.614696, 3.067362], [101.615558, 3.067188], [101.615559, 3.067022], [101.615497, 3.067021]]]}}, {"type": "Feature", "properties": {}, "geometry": {"type": "Polygon", "coordinates": [[[101.615559, 3.067022], [101.614697, 3.067195], [101.614696, 3.067362], [101.614758, 3.067362], [101.61562, 3.067189], [101.615621, 3.067022], [101.615559, 3.067022]]]}}, {"type": "Feature", "properties": {}, "geometry": {"type": "Polygon", "coordinates": [[[101.615623, 3.066846], [101.614762, 3.067019], [101.614761, 3.067169], [101.614823, 3.067169], [101.615685, 3.066996], [101.615685, 3.066846], [101.615623, 3.066846]]]}}, {"type": "Feature", "properties": {}, "geometry": {"type": "Polygon", "coordinates": [[[101.615561, 3.066846], [101.614699, 3.067019], [101.614699, 3.067169], [101.614761, 3.067169], [101.615623, 3.066996], [101.615623, 3.066846], [101.615561, 3.066846]]]}}, {"type": "Feature", "properties": {}, "geometry": {"type": "Polygon", "coordinates": [[[101.615499, 3.066846], [101.614637, 3.067019], [101.614637, 3.067169], [101.614699, 3.067169], [101.615561, 3.066996], [101.615561, 3.066846], [101.615499, 3.066846]]]}}, {"type": "Feature", "properties": {}, "geometry": {"type": "Polygon", "coordinates": [[[101.615437, 3.066845], [101.614575, 3.067019], [101.614575, 3.067169], [101.614637, 3.067169], [101.615499, 3.066995], [101.615499, 3.066846], [101.615437, 3.066845]]]}}, {"type": "Feature", "properties": {}, "geometry": {"type": "Polygon", "coordinates": [[[101.615375, 3.066845], [101.614513, 3.067019], [101.614513, 3.067168], [101.614575, 3.067169], [101.615437, 3.066995], [101.615437, 3.066845], [101.615375, 3.066845]]]}}, {"type": "Feature", "properties": {}, "geometry": {"type": "Polygon", "coordinates": [[[101.615313, 3.066845], [101.614451, 3.067018], [101.614451, 3.067168], [101.614513, 3.067168], [101.615375, 3.066995], [101.615375, 3.066845], [101.615313, 3.066845]]]}}, {"type": "Feature", "properties": {}, "geometry": {"type": "Polygon", "coordinates": [[[101.615251, 3.066845], [101.614389, 3.067018], [101.614389, 3.067168], [101.614451, 3.067168], [101.615313, 3.066995], [101.615313, 3.066845], [101.615251, 3.066845]]]}}, {"type": "Feature", "properties": {}, "geometry": {"type": "Polygon", "coordinates": [[[101.615189, 3.066845], [101.614327, 3.067018], [101.614327, 3.067168], [101.614389, 3.067168], [101.615251, 3.066995], [101.615251, 3.066845], [101.615189, 3.066845]]]}}, {"type": "Feature", "properties": {}, "geometry": {"type": "Polygon", "coordinates": [[[101.615127, 3.066844], [101.614265, 3.067018], [101.614265, 3.067168], [101.614327, 3.067168], [101.615188, 3.066994], [101.615189, 3.066845], [101.615127, 3.066844]]]}}, {"type": "Feature", "properties": {}, "geometry": {"type": "Polygon", "coordinates": [[[101.615065, 3.066844], [101.614203, 3.067017], [101.614203, 3.067167], [101.614265, 3.067168], [101.615126, 3.066994], [101.615127, 3.066844], [101.615065, 3.066844]]]}}, {"type": "Feature", "properties": {}, "geometry": {"type": "Polygon", "coordinates": [[[101.615003, 3.066844], [101.614141, 3.067017], [101.61414, 3.067167], [101.614203, 3.067167], [101.615064, 3.066994], [101.615065, 3.066844], [101.615003, 3.066844]]]}}, {"type": "Feature", "properties": {}, "geometry": {"type": "Polygon", "coordinates": [[[101.614941, 3.066844], [101.614079, 3.067017], [101.614078, 3.067167], [101.61414, 3.067167], [101.615002, 3.066994], [101.615003, 3.066844], [101.614941, 3.066844]]]}}, {"type": "Feature", "properties": {}, "geometry": {"type": "Polygon", "coordinates": [[[101.614878, 3.066844], [101.614017, 3.067017], [101.614016, 3.067167], [101.614078, 3.067167], [101.61494, 3.066994], [101.614941, 3.066844], [101.614878, 3.066844]]]}}, {"type": "Feature", "properties": {}, "geometry": {"type": "Polygon", "coordinates": [[[101.615795, 3.067024], [101.615732, 3.067025], [101.61487, 3.067198], [101.614872, 3.067354], [101.614935, 3.067353], [101.615796, 3.06718], [101.615795, 3.067024]]]}}, {"type": "Feature", "properties": {}, "geometry": {"type": "Polygon", "coordinates": [[[101.615857, 3.067024], [101.615795, 3.067024], [101.614933, 3.067198], [101.614935, 3.067353], [101.614997, 3.067353], [101.615859, 3.067179], [101.615857, 3.067024]]]}}, {"type": "Feature", "properties": {}, "geometry": {"type": "Polygon", "coordinates": [[[101.61592, 3.067023], [101.615857, 3.067024], [101.614996, 3.067197], [101.614997, 3.067353], [101.61506, 3.067352], [101.615922, 3.067179], [101.61592, 3.067023]]]}}, {"type": "Feature", "properties": {}, "geometry": {"type": "Polygon", "coordinates": [[[101.615919, 3.066847], [101.615858, 3.066847], [101.614996, 3.067021], [101.614997, 3.067175], [101.615059, 3.067175], [101.615921, 3.067002], [101.615919, 3.066847]]]}}, {"type": "Feature", "properties": {}, "geometry": {"type": "Polygon", "coordinates": [[[101.615858, 3.066847], [101.615796, 3.066848], [101.614934, 3.067021], [101.614935, 3.067176], [101.614997, 3.067175], [101.615859, 3.067002], [101.615858, 3.066847]]]}}, {"type": "Feature", "properties": {}, "geometry": {"type": "Polygon", "coordinates": [[[101.614877, 3.066481], [101.614815, 3.066481], [101.613953, 3.066654], [101.613955, 3.066791], [101.614017, 3.06679], [101.614879, 3.066617], [101.614877, 3.066481]]]}}, {"type": "Feature", "properties": {}, "geometry": {"type": "Polygon", "coordinates": [[[101.614939, 3.06648], [101.614877, 3.066481], [101.614015, 3.066654], [101.614017, 3.06679], [101.614079, 3.06679], [101.614941, 3.066616], [101.614939, 3.06648]]]}}, {"type": "Feature", "properties": {}, "geometry": {"type": "Polygon", "coordinates": [[[101.615001, 3.066479], [101.614939, 3.06648], [101.614077, 3.066653], [101.614079, 3.06679], [101.614141, 3.066789], [101.615003, 3.066616], [101.615001, 3.066479]]]}}, {"type": "Feature", "properties": {}, "geometry": {"type": "Polygon", "coordinates": [[[101.615063, 3.066479], [101.615001, 3.066479], [101.614139, 3.066652], [101.614141, 3.066789], [101.614203, 3.066788], [101.615065, 3.066615], [101.615063, 3.066479]]]}}, {"type": "Feature", "properties": {}, "geometry": {"type": "Polygon", "coordinates": [[[101.615125, 3.066478], [101.615063, 3.066479], [101.614201, 3.066652], [101.614203, 3.066788], [101.614265, 3.066788], [101.615127, 3.066614], [101.615125, 3.066478]]]}}, {"type": "Feature", "properties": {}, "geometry": {"type": "Polygon", "coordinates": [[[101.615187, 3.066477], [101.615125, 3.066478], [101.614264, 3.066651], [101.614265, 3.066788], [101.614327, 3.066787], [101.615189, 3.066614], [101.615187, 3.066477]]]}}, {"type": "Feature", "properties": {}, "geometry": {"type": "Polygon", "coordinates": [[[101.615249, 3.066476], [101.615187, 3.066477], [101.614326, 3.06665], [101.614327, 3.066787], [101.614389, 3.066786], [101.615251, 3.066613], [101.615249, 3.066476]]]}}, {"type": "Feature", "properties": {}, "geometry": {"type": "Polygon", "coordinates": [[[101.615249, 3.066295], [101.614388, 3.066469], [101.614388, 3.066617], [101.614449, 3.066617], [101.615311, 3.066444], [101.615311, 3.066295], [101.615249, 3.066295]]]}}, {"type": "Feature", "properties": {}, "geometry": {"type": "Polygon", "coordinates": [[[101.615188, 3.066295], [101.614326, 3.066469], [101.614326, 3.066617], [101.614388, 3.066617], [101.615249, 3.066444], [101.615249, 3.066295], [101.615188, 3.066295]]]}}, {"type": "Feature", "properties": {}, "geometry": {"type": "Polygon", "coordinates": [[[101.615126, 3.066295], [101.614264, 3.066469], [101.614264, 3.066617], [101.614326, 3.066617], [101.615188, 3.066444], [101.615188, 3.066295], [101.615126, 3.066295]]]}}, {"type": "Feature", "properties": {}, "geometry": {"type": "Polygon", "coordinates": [[[101.615064, 3.066295], [101.614202, 3.066469], [101.614202, 3.066617], [101.614264, 3.066617], [101.615126, 3.066444], [101.615126, 3.066295], [101.615064, 3.066295]]]}}, {"type": "Feature", "properties": {}, "geometry": {"type": "Polygon", "coordinates": [[[101.615003, 3.066295], [101.614141, 3.066469], [101.614141, 3.066617], [101.614202, 3.066617], [101.615064, 3.066444], [101.615064, 3.066295], [101.615003, 3.066295]]]}}, {"type": "Feature", "properties": {}, "geometry": {"type": "Polygon", "coordinates": [[[101.614941, 3.066295], [101.614079, 3.066469], [101.614079, 3.066617], [101.614141, 3.066617], [101.615003, 3.066444], [101.615003, 3.066295], [101.614941, 3.066295]]]}}, {"type": "Feature", "properties": {}, "geometry": {"type": "Polygon", "coordinates": [[[101.614879, 3.066295], [101.614017, 3.066469], [101.614017, 3.066617], [101.614079, 3.066617], [101.614941, 3.066444], [101.614941, 3.066295], [101.614879, 3.066295]]]}}, {"type": "Feature", "properties": {}, "geometry": {"type": "Polygon", "coordinates": [[[101.614817, 3.065924], [101.613956, 3.066098], [101.613956, 3.066253], [101.614017, 3.066253], [101.614879, 3.06608], [101.614879, 3.065924], [101.614817, 3.065924]]]}}, {"type": "Feature", "properties": {}, "geometry": {"type": "Polygon", "coordinates": [[[101.614879, 3.065924], [101.614017, 3.066098], [101.614017, 3.066253], [101.614078, 3.066253], [101.61494, 3.06608], [101.61494, 3.065924], [101.614879, 3.065924]]]}}, {"type": "Feature", "properties": {}, "geometry": {"type": "Polygon", "coordinates": [[[101.61494, 3.065924], [101.614078, 3.066098], [101.614078, 3.066253], [101.614139, 3.066253], [101.615001, 3.06608], [101.615001, 3.065924], [101.61494, 3.065924]]]}}, {"type": "Feature", "properties": {}, "geometry": {"type": "Polygon", "coordinates": [[[101.615001, 3.065924], [101.614139, 3.066098], [101.614139, 3.066253], [101.6142, 3.066253], [101.615062, 3.06608], [101.615062, 3.065924], [101.615001, 3.065924]]]}}, {"type": "Feature", "properties": {}, "geometry": {"type": "Polygon", "coordinates": [[[101.615062, 3.065924], [101.6142, 3.066098], [101.6142, 3.066253], [101.614261, 3.066253], [101.615123, 3.06608], [101.615123, 3.065924], [101.615062, 3.065924]]]}}, {"type": "Feature", "properties": {}, "geometry": {"type": "Polygon", "coordinates": [[[101.615123, 3.065924], [101.614261, 3.066098], [101.614261, 3.066253], [101.614322, 3.066253], [101.615184, 3.06608], [101.615184, 3.065924], [101.615123, 3.065924]]]}}, {"type": "Feature", "properties": {}, "geometry": {"type": "Polygon", "coordinates": [[[101.615184, 3.065924], [101.614322, 3.066098], [101.614322, 3.066253], [101.614383, 3.066253], [101.615245, 3.06608], [101.615245, 3.065924], [101.615184, 3.065924]]]}}, {"type": "Feature", "properties": {}, "geometry": {"type": "Polygon", "coordinates": [[[101.611038, 3.072511], [101.61083, 3.072512], [101.609214, 3.072837], [101.609215, 3.072899], [101.609423, 3.072897], [101.611039, 3.072572], [101.611038, 3.072511]]]}}, {"type": "Feature", "properties": {}, "geometry": {"type": "Polygon", "coordinates": [[[101.611039, 3.072572], [101.610831, 3.072574], [101.609215, 3.072899], [101.609215, 3.072961], [101.609423, 3.072959], [101.611039, 3.072634], [101.611039, 3.072572]]]}}, {"type": "Feature", "properties": {}, "geometry": {"type": "Polygon", "coordinates": [[[101.611039, 3.072634], [101.610831, 3.072636], [101.609215, 3.072961], [101.609216, 3.073023], [101.609424, 3.073021], [101.61104, 3.072696], [101.611039, 3.072634]]]}}, {"type": "Feature", "properties": {}, "geometry": {"type": "Polygon", "coordinates": [[[101.61104, 3.072696], [101.610832, 3.072698], [101.609216, 3.073023], [101.609216, 3.073084], [101.609424, 3.073083], [101.61104, 3.072758], [101.61104, 3.072696]]]}}, {"type": "Feature", "properties": {}, "geometry": {"type": "Polygon", "coordinates": [[[101.61104, 3.072758], [101.610832, 3.072759], [101.609216, 3.073084], [101.609217, 3.073146], [101.609425, 3.073145], [101.611041, 3.07282], [101.61104, 3.072758]]]}}, {"type": "Feature", "properties": {}, "geometry": {"type": "Polygon", "coordinates": [[[101.611035, 3.072424], [101.610876, 3.072427], [101.60926, 3.072752], [101.609215, 3.0728], [101.609214, 3.072837], [101.609422, 3.072836], [101.611038, 3.072511], [101.611035, 3.072424]]]}}, {"type": "Feature", "properties": {}, "geometry": {"type": "Polygon", "coordinates": [[[101.611041, 3.07282], [101.610833, 3.072821], [101.609217, 3.073146], [101.609217, 3.073208], [101.609425, 3.073206], [101.611041, 3.072881], [101.611041, 3.07282]]]}}, {"type": "Feature", "properties": {}, "geometry": {"type": "Polygon", "coordinates": [[[101.6121, 3.072987], [101.611884, 3.072989], [101.610268, 3.073314], [101.610268, 3.073374], [101.610484, 3.073373], [101.6121, 3.073048], [101.6121, 3.072987]]]}}, {"type": "Feature", "properties": {}, "geometry": {"type": "Polygon", "coordinates": [[[101.612099, 3.072927], [101.611883, 3.072928], [101.610267, 3.073253], [101.610268, 3.073314], [101.610484, 3.073312], [101.6121, 3.072987], [101.612099, 3.072927]]]}}, {"type": "Feature", "properties": {}, "geometry": {"type": "Polygon", "coordinates": [[[101.612099, 3.072866], [101.611883, 3.072867], [101.610267, 3.073192], [101.610267, 3.073253], [101.610483, 3.073252], [101.612099, 3.072927], [101.612099, 3.072866]]]}}, {"type": "Feature", "properties": {}, "geometry": {"type": "Polygon", "coordinates": [[[101.612099, 3.072805], [101.611883, 3.072806], [101.610267, 3.073131], [101.610267, 3.073192], [101.610483, 3.07319], [101.612099, 3.072866], [101.612099, 3.072805]]]}}, {"type": "Feature", "properties": {}, "geometry": {"type": "Polygon", "coordinates": [[[101.612098, 3.072744], [101.611882, 3.072745], [101.610266, 3.07307], [101.610267, 3.073131], [101.610483, 3.07313], [101.612099, 3.072805], [101.612098, 3.072744]]]}}, {"type": "Feature", "properties": {}, "geometry": {"type": "Polygon", "coordinates": [[[101.612098, 3.072683], [101.611882, 3.072684], [101.610266, 3.073009], [101.610266, 3.07307], [101.610482, 3.073069], [101.612098, 3.072744], [101.612098, 3.072683]]]}}, {"type": "Feature", "properties": {}, "geometry": {"type": "Polygon", "coordinates": [[[101.612098, 3.072622], [101.611882, 3.072623], [101.610266, 3.072948], [101.610266, 3.073009], [101.610482, 3.073008], [101.612098, 3.072683], [101.612098, 3.072622]]]}}, {"type": "Feature", "properties": {}, "geometry": {"type": "Polygon", "coordinates": [[[101.612097, 3.072561], [101.611881, 3.072562], [101.610265, 3.072887], [101.610266, 3.072948], [101.610482, 3.072947], [101.612098, 3.072622], [101.612097, 3.072561]]]}}, {"type": "Feature", "properties": {}, "geometry": {"type": "Polygon", "coordinates": [[[101.612097, 3.0725], [101.611881, 3.072501], [101.610265, 3.072826], [101.610265, 3.072887], [101.610481, 3.072886], [101.612097, 3.072561], [101.612097, 3.0725]]]}}, {"type": "Feature", "properties": {}, "geometry": {"type": "Polygon", "coordinates": [[[101.612043, 3.072411], [101.611882, 3.072413], [101.610266, 3.072738], [101.610265, 3.072826], [101.610481, 3.072825], [101.612097, 3.0725], [101.612095, 3.072472], [101.612043, 3.072411]]]}}, {"type": "Feature", "properties": {}, "geometry": {"type": "Polygon", "coordinates": [[[101.611152, 3.072411], [101.611092, 3.072411], [101.609476, 3.072736], [101.609477, 3.072951], [101.609537, 3.07295], [101.611153, 3.072625], [101.611152, 3.072411]]]}}, {"type": "Feature", "properties": {}, "geometry": {"type": "Polygon", "coordinates": [[[101.611213, 3.07241], [101.611152, 3.072411], [101.609536, 3.072736], [101.609537, 3.07295], [101.609598, 3.07295], [101.611214, 3.072625], [101.611213, 3.07241]]]}}, {"type": "Feature", "properties": {}, "geometry": {"type": "Polygon", "coordinates": [[[101.611273, 3.07241], [101.611213, 3.07241], [101.609597, 3.072735], [101.609598, 3.07295], [101.609658, 3.07295], [101.611274, 3.072625], [101.611273, 3.07241]]]}}, {"type": "Feature", "properties": {}, "geometry": {"type": "Polygon", "coordinates": [[[101.611334, 3.07241], [101.611273, 3.07241], [101.609657, 3.072735], [101.609658, 3.07295], [101.609719, 3.072949], [101.611335, 3.072624], [101.611334, 3.07241]]]}}, {"type": "Feature", "properties": {}, "geometry": {"type": "Polygon", "coordinates": [[[101.611394, 3.072409], [101.611334, 3.07241], [101.609718, 3.072735], [101.609719, 3.072949], [101.60978, 3.072949], [101.611396, 3.072624], [101.611394, 3.072409]]]}}, {"type": "Feature", "properties": {}, "geometry": {"type": "Polygon", "coordinates": [[[101.611455, 3.072409], [101.611394, 3.072409], [101.609778, 3.072734], [101.60978, 3.072949], [101.60984, 3.072949], [101.611456, 3.072624], [101.611455, 3.072409]]]}}, {"type": "Feature", "properties": {}, "geometry": {"type": "Polygon", "coordinates": [[[101.611516, 3.072409], [101.611455, 3.072409], [101.609839, 3.072734], [101.60984, 3.072949], [101.609901, 3.072948], [101.611517, 3.072623], [101.611516, 3.072409]]]}}, {"type": "Feature", "properties": {}, "geometry": {"type": "Polygon", "coordinates": [[[101.611576, 3.072408], [101.611516, 3.072409], [101.609899, 3.072734], [101.609901, 3.072948], [101.609961, 3.072948], [101.611577, 3.072623], [101.611576, 3.072408]]]}}, {"type": "Feature", "properties": {}, "geometry": {"type": "Polygon", "coordinates": [[[101.611637, 3.072408], [101.611576, 3.072408], [101.60996, 3.072733], [101.609961, 3.072948], [101.610022, 3.072948], [101.611638, 3.072623], [101.611637, 3.072408]]]}}, {"type": "Feature", "properties": {}, "geometry": {"type": "Polygon", "coordinates": [[[101.611697, 3.072408], [101.611637, 3.072408], [101.610021, 3.072733], [101.610022, 3.072948], [101.610082, 3.072947], [101.611698, 3.072622], [101.611697, 3.072408]]]}}, {"type": "Feature", "properties": {}, "geometry": {"type": "Polygon", "coordinates": [[[101.611758, 3.072407], [101.611697, 3.072408], [101.610081, 3.072733], [101.610082, 3.072947], [101.610143, 3.072947], [101.611759, 3.072622], [101.611758, 3.072407]]]}}, {"type": "Feature", "properties": {}, "geometry": {"type": "Polygon", "coordinates": [[[101.612101, 3.071908], [101.611877, 3.071909], [101.610261, 3.072234], [101.610261, 3.072292], [101.610485, 3.072291], [101.612101, 3.071966], [101.612101, 3.071908]]]}}, {"type": "Feature", "properties": {}, "geometry": {"type": "Polygon", "coordinates": [[[101.612101, 3.071966], [101.611877, 3.071967], [101.610261, 3.072292], [101.610262, 3.07235], [101.610485, 3.072349], [101.612101, 3.072024], [101.612101, 3.071966]]]}}, {"type": "Feature", "properties": {}, "geometry": {"type": "Polygon", "coordinates": [[[101.612101, 3.072024], [101.611878, 3.072025], [101.610262, 3.07235], [101.610262, 3.072408], [101.610485, 3.072407], [101.612101, 3.072082], [101.612101, 3.072024]]]}}, {"type": "Feature", "properties": {}, "geometry": {"type": "Polygon", "coordinates": [[[101.612101, 3.072082], [101.611878, 3.072083], [101.610262, 3.072408], [101.610262, 3.072466], [101.610485, 3.072465], [101.612102, 3.07214], [101.612101, 3.072082]]]}}, {"type": "Feature", "properties": {}, "geometry": {"type": "Polygon", "coordinates": [[[101.610837, 3.071913], [101.609221, 3.072238], [101.60922, 3.072294], [101.609421, 3.072298], [101.611037, 3.071973], [101.611038, 3.071916], [101.610837, 3.071913]]]}}, {"type": "Feature", "properties": {}, "geometry": {"type": "Polygon", "coordinates": [[[101.610836, 3.07197], [101.60922, 3.072294], [101.609219, 3.072351], [101.60942, 3.072354], [101.611036, 3.072029], [101.611037, 3.071973], [101.610836, 3.07197]]]}}, {"type": "Feature", "properties": {}, "geometry": {"type": "Polygon", "coordinates": [[[101.610835, 3.072026], [101.609219, 3.072351], [101.609218, 3.072408], [101.609419, 3.072411], [101.611035, 3.072086], [101.611036, 3.072029], [101.610835, 3.072026]]]}}, {"type": "Feature", "properties": {}, "geometry": {"type": "Polygon", "coordinates": [[[101.611041, 3.071777], [101.610894, 3.071782], [101.609278, 3.072107], [101.609227, 3.072155], [101.609221, 3.072238], [101.609422, 3.072241], [101.611038, 3.071916], [101.611041, 3.071777]]]}}, {"type": "Feature", "properties": {}, "geometry": {"type": "Polygon", "coordinates": [[[101.610834, 3.072083], [101.609218, 3.072408], [101.609217, 3.072465], [101.609418, 3.072468], [101.611034, 3.072143], [101.611035, 3.072086], [101.610834, 3.072083]]]}}, {"type": "Feature", "properties": {}, "geometry": {"type": "Polygon", "coordinates": [[[101.612058, 3.071759], [101.61188, 3.071765], [101.610264, 3.07209], [101.610261, 3.072234], [101.610485, 3.072233], [101.612101, 3.071908], [101.612104, 3.07181], [101.612058, 3.071759]]]}}, {"type": "Feature", "properties": {}, "geometry": {"type": "Polygon", "coordinates": [[[101.611168, 3.071778], [101.61109, 3.071778], [101.609474, 3.072103], [101.609475, 3.072307], [101.609553, 3.072307], [101.611169, 3.071982], [101.611168, 3.071778]]]}}, {"type": "Feature", "properties": {}, "geometry": {"type": "Polygon", "coordinates": [[[101.611228, 3.071777], [101.611168, 3.071778], [101.609552, 3.072103], [101.609553, 3.072307], [101.609613, 3.072306], [101.611229, 3.071981], [101.611228, 3.071777]]]}}, {"type": "Feature", "properties": {}, "geometry": {"type": "Polygon", "coordinates": [[[101.611288, 3.071777], [101.611228, 3.071777], [101.609612, 3.072102], [101.609613, 3.072306], [101.609673, 3.072306], [101.611289, 3.071981], [101.611288, 3.071777]]]}}, {"type": "Feature", "properties": {}, "geometry": {"type": "Polygon", "coordinates": [[[101.611348, 3.071777], [101.611288, 3.071777], [101.609672, 3.072102], [101.609673, 3.072306], [101.609733, 3.072306], [101.611349, 3.071981], [101.611348, 3.071777]]]}}, {"type": "Feature", "properties": {}, "geometry": {"type": "Polygon", "coordinates": [[[101.611408, 3.071776], [101.611348, 3.071777], [101.609732, 3.072102], [101.609733, 3.072306], [101.609793, 3.072305], [101.611409, 3.07198], [101.611408, 3.071776]]]}}, {"type": "Feature", "properties": {}, "geometry": {"type": "Polygon", "coordinates": [[[101.611468, 3.071776], [101.611408, 3.071776], [101.609792, 3.072101], [101.609793, 3.072305], [101.609853, 3.072305], [101.611469, 3.07198], [101.611468, 3.071776]]]}}, {"type": "Feature", "properties": {}, "geometry": {"type": "Polygon", "coordinates": [[[101.611528, 3.071776], [101.611468, 3.071776], [101.609852, 3.072101], [101.609853, 3.072305], [101.609913, 3.072304], [101.611529, 3.071979], [101.611528, 3.071776]]]}}, {"type": "Feature", "properties": {}, "geometry": {"type": "Polygon", "coordinates": [[[101.611588, 3.071775], [101.611528, 3.071776], [101.609912, 3.0721], [101.609913, 3.072304], [101.609973, 3.072304], [101.611589, 3.071979], [101.611588, 3.071775]]]}}, {"type": "Feature", "properties": {}, "geometry": {"type": "Polygon", "coordinates": [[[101.611648, 3.071775], [101.611588, 3.071775], [101.609972, 3.0721], [101.609973, 3.072304], [101.610033, 3.072304], [101.611649, 3.071979], [101.611648, 3.071775]]]}}, {"type": "Feature", "properties": {}, "geometry": {"type": "Polygon", "coordinates": [[[101.611708, 3.071774], [101.611648, 3.071775], [101.610032, 3.0721], [101.610033, 3.072304], [101.610093, 3.072303], [101.611709, 3.071978], [101.611708, 3.071774]]]}}, {"type": "Feature", "properties": {}, "geometry": {"type": "Polygon", "coordinates": [[[101.611768, 3.071774], [101.611708, 3.071774], [101.610092, 3.072099], [101.610093, 3.072303], [101.610153, 3.072303], [101.611769, 3.071978], [101.611768, 3.071774]]]}}, {"type": "Feature", "properties": {}, "geometry": {"type": "Polygon", "coordinates": [[[101.611172, 3.072026], [101.611092, 3.072027], [101.609476, 3.072351], [101.609478, 3.072565], [101.609558, 3.072564], [101.611174, 3.072239], [101.611172, 3.072026]]]}}, {"type": "Feature", "properties": {}, "geometry": {"type": "Polygon", "coordinates": [[[101.611232, 3.072025], [101.611172, 3.072026], [101.609556, 3.072351], [101.609558, 3.072564], [101.609618, 3.072563], [101.611234, 3.072238], [101.611232, 3.072025]]]}}, {"type": "Feature", "properties": {}, "geometry": {"type": "Polygon", "coordinates": [[[101.611292, 3.072025], [101.611232, 3.072025], [101.609616, 3.07235], [101.609618, 3.072563], [101.609678, 3.072563], [101.611294, 3.072238], [101.611292, 3.072025]]]}}, {"type": "Feature", "properties": {}, "geometry": {"type": "Polygon", "coordinates": [[[101.611352, 3.072024], [101.611292, 3.072025], [101.609676, 3.07235], [101.609678, 3.072563], [101.609738, 3.072562], [101.611354, 3.072237], [101.611352, 3.072024]]]}}, {"type": "Feature", "properties": {}, "geometry": {"type": "Polygon", "coordinates": [[[101.611412, 3.072024], [101.611352, 3.072024], [101.609736, 3.072349], [101.609738, 3.072562], [101.609798, 3.072562], [101.611414, 3.072237], [101.611412, 3.072024]]]}}, {"type": "Feature", "properties": {}, "geometry": {"type": "Polygon", "coordinates": [[[101.611472, 3.072023], [101.611412, 3.072024], [101.609796, 3.072349], [101.609798, 3.072562], [101.609858, 3.072561], [101.611474, 3.072236], [101.611472, 3.072023]]]}}, {"type": "Feature", "properties": {}, "geometry": {"type": "Polygon", "coordinates": [[[101.611532, 3.072023], [101.611472, 3.072023], [101.609856, 3.072348], [101.609858, 3.072561], [101.609918, 3.072561], [101.611534, 3.072236], [101.611532, 3.072023]]]}}, {"type": "Feature", "properties": {}, "geometry": {"type": "Polygon", "coordinates": [[[101.611592, 3.072022], [101.611532, 3.072023], [101.609916, 3.072347], [101.609918, 3.072561], [101.609977, 3.07256], [101.611594, 3.072235], [101.611592, 3.072022]]]}}, {"type": "Feature", "properties": {}, "geometry": {"type": "Polygon", "coordinates": [[[101.611652, 3.072021], [101.611592, 3.072022], [101.609976, 3.072347], [101.609977, 3.07256], [101.610037, 3.07256], [101.611653, 3.072235], [101.611652, 3.072021]]]}}, {"type": "Feature", "properties": {}, "geometry": {"type": "Polygon", "coordinates": [[[101.611711, 3.072021], [101.611652, 3.072021], [101.610035, 3.072346], [101.610037, 3.07256], [101.610097, 3.072559], [101.611713, 3.072234], [101.611711, 3.072021]]]}}, {"type": "Feature", "properties": {}, "geometry": {"type": "Polygon", "coordinates": [[[101.611771, 3.07202], [101.611711, 3.072021], [101.610095, 3.072346], [101.610097, 3.072559], [101.610157, 3.072558], [101.611773, 3.072234], [101.611771, 3.07202]]]}}, {"type": "Feature", "properties": {}, "geometry": {"type": "Polygon", "coordinates": [[[101.612667, 3.073332], [101.612605, 3.073332], [101.611743, 3.073505], [101.611744, 3.073663], [101.611806, 3.073663], [101.612668, 3.073489], [101.612667, 3.073332]]]}}, {"type": "Feature", "properties": {}, "geometry": {"type": "Polygon", "coordinates": [[[101.612605, 3.073332], [101.612543, 3.073332], [101.611682, 3.073506], [101.611682, 3.073663], [101.611744, 3.073663], [101.612606, 3.07349], [101.612605, 3.073332]]]}}, {"type": "Feature", "properties": {}, "geometry": {"type": "Polygon", "coordinates": [[[101.612543, 3.073332], [101.612481, 3.073333], [101.61162, 3.073506], [101.61162, 3.073663], [101.611682, 3.073663], [101.612544, 3.07349], [101.612543, 3.073332]]]}}, {"type": "Feature", "properties": {}, "geometry": {"type": "Polygon", "coordinates": [[[101.612481, 3.073333], [101.61242, 3.073333], [101.611558, 3.073506], [101.611559, 3.073664], [101.61162, 3.073663], [101.612482, 3.07349], [101.612481, 3.073333]]]}}, {"type": "Feature", "properties": {}, "geometry": {"type": "Polygon", "coordinates": [[[101.61242, 3.073333], [101.612358, 3.073333], [101.611496, 3.073507], [101.611497, 3.073664], [101.611559, 3.073664], [101.61242, 3.073491], [101.61242, 3.073333]]]}}, {"type": "Feature", "properties": {}, "geometry": {"type": "Polygon", "coordinates": [[[101.612358, 3.073333], [101.612296, 3.073334], [101.611434, 3.073507], [101.611435, 3.073665], [101.611497, 3.073664], [101.612358, 3.073491], [101.612358, 3.073333]]]}}, {"type": "Feature", "properties": {}, "geometry": {"type": "Polygon", "coordinates": [[[101.612296, 3.073334], [101.612234, 3.073334], [101.611372, 3.073507], [101.611373, 3.073665], [101.611435, 3.073665], [101.612297, 3.073491], [101.612296, 3.073334]]]}}, {"type": "Feature", "properties": {}, "geometry": {"type": "Polygon", "coordinates": [[[101.612234, 3.073334], [101.612172, 3.073334], [101.61131, 3.073507], [101.611311, 3.073665], [101.611373, 3.073665], [101.612235, 3.073492], [101.612234, 3.073334]]]}}, {"type": "Feature", "properties": {}, "geometry": {"type": "Polygon", "coordinates": [[[101.612172, 3.073334], [101.61211, 3.073335], [101.611248, 3.073508], [101.611249, 3.073666], [101.611311, 3.073665], [101.612173, 3.073492], [101.612172, 3.073334]]]}}, {"type": "Feature", "properties": {}, "geometry": {"type": "Polygon", "coordinates": [[[101.61211, 3.073335], [101.612048, 3.073335], [101.611186, 3.073508], [101.611187, 3.073666], [101.611249, 3.073666], [101.612111, 3.073492], [101.61211, 3.073335]]]}}, {"type": "Feature", "properties": {}, "geometry": {"type": "Polygon", "coordinates": [[[101.612048, 3.073335], [101.611986, 3.073335], [101.611124, 3.073508], [101.611125, 3.073666], [101.611187, 3.073666], [101.612049, 3.073493], [101.612048, 3.073335]]]}}, {"type": "Feature", "properties": {}, "geometry": {"type": "Polygon", "coordinates": [[[101.611986, 3.073148], [101.611924, 3.073148], [101.611062, 3.073321], [101.611063, 3.07348], [101.611125, 3.07348], [101.611987, 3.073306], [101.611986, 3.073148]]]}}, {"type": "Feature", "properties": {}, "geometry": {"type": "Polygon", "coordinates": [[[101.612048, 3.073147], [101.611986, 3.073148], [101.611124, 3.073321], [101.611125, 3.07348], [101.611187, 3.073479], [101.612048, 3.073306], [101.612048, 3.073147]]]}}, {"type": "Feature", "properties": {}, "geometry": {"type": "Polygon", "coordinates": [[[101.612109, 3.073147], [101.612048, 3.073147], [101.611186, 3.07332], [101.611187, 3.073479], [101.611248, 3.073479], [101.61211, 3.073306], [101.612109, 3.073147]]]}}, {"type": "Feature", "properties": {}, "geometry": {"type": "Polygon", "coordinates": [[[101.612171, 3.073147], [101.612109, 3.073147], [101.611247, 3.07332], [101.611248, 3.073479], [101.61131, 3.073479], [101.612172, 3.073305], [101.612171, 3.073147]]]}}, {"type": "Feature", "properties": {}, "geometry": {"type": "Polygon", "coordinates": [[[101.612233, 3.073146], [101.612171, 3.073147], [101.611309, 3.07332], [101.61131, 3.073479], [101.611372, 3.073478], [101.612233, 3.073305], [101.612233, 3.073146]]]}}, {"type": "Feature", "properties": {}, "geometry": {"type": "Polygon", "coordinates": [[[101.612294, 3.073146], [101.612233, 3.073146], [101.611371, 3.07332], [101.611372, 3.073478], [101.611433, 3.073478], [101.612295, 3.073305], [101.612294, 3.073146]]]}}, {"type": "Feature", "properties": {}, "geometry": {"type": "Polygon", "coordinates": [[[101.612356, 3.073146], [101.612294, 3.073146], [101.611433, 3.073319], [101.611433, 3.073478], [101.611495, 3.073478], [101.612357, 3.073304], [101.612356, 3.073146]]]}}, {"type": "Feature", "properties": {}, "geometry": {"type": "Polygon", "coordinates": [[[101.612418, 3.073145], [101.612356, 3.073146], [101.611494, 3.073319], [101.611495, 3.073478], [101.611557, 3.073477], [101.612419, 3.073304], [101.612418, 3.073145]]]}}, {"type": "Feature", "properties": {}, "geometry": {"type": "Polygon", "coordinates": [[[101.612479, 3.073145], [101.612418, 3.073145], [101.611556, 3.073319], [101.611557, 3.073477], [101.611618, 3.073477], [101.61248, 3.073304], [101.612479, 3.073145]]]}}, {"type": "Feature", "properties": {}, "geometry": {"type": "Polygon", "coordinates": [[[101.612541, 3.073145], [101.612479, 3.073145], [101.611617, 3.073318], [101.611618, 3.073477], [101.61168, 3.073477], [101.612542, 3.073303], [101.612541, 3.073145]]]}}, {"type": "Feature", "properties": {}, "geometry": {"type": "Polygon", "coordinates": [[[101.612603, 3.073144], [101.612541, 3.073145], [101.611679, 3.073318], [101.61168, 3.073477], [101.611742, 3.073476], [101.612604, 3.073303], [101.612603, 3.073144]]]}}, {"type": "Feature", "properties": {}, "geometry": {"type": "Polygon", "coordinates": [[[101.612772, 3.073153], [101.61271, 3.073153], [101.611848, 3.073327], [101.611849, 3.073479], [101.611911, 3.073479], [101.612773, 3.073306], [101.612772, 3.073153]]]}}, {"type": "Feature", "properties": {}, "geometry": {"type": "Polygon", "coordinates": [[[101.612834, 3.073153], [101.612772, 3.073153], [101.61191, 3.073326], [101.611911, 3.073479], [101.611973, 3.073479], [101.612835, 3.073306], [101.612834, 3.073153]]]}}, {"type": "Feature", "properties": {}, "geometry": {"type": "Polygon", "coordinates": [[[101.612897, 3.073152], [101.612834, 3.073153], [101.611972, 3.073326], [101.611973, 3.073479], [101.612036, 3.073478], [101.612897, 3.073305], [101.612897, 3.073152]]]}}, {"type": "Feature", "properties": {}, "geometry": {"type": "Polygon", "coordinates": [[[101.612959, 3.073152], [101.612897, 3.073152], [101.612035, 3.073326], [101.612036, 3.073478], [101.612098, 3.073478], [101.612959, 3.073305], [101.612959, 3.073152]]]}}, {"type": "Feature", "properties": {}, "geometry": {"type": "Polygon", "coordinates": [[[101.613021, 3.073152], [101.612959, 3.073152], [101.612097, 3.073325], [101.612098, 3.073478], [101.61216, 3.073478], [101.613022, 3.073305], [101.613021, 3.073152]]]}}, {"type": "Feature", "properties": {}, "geometry": {"type": "Polygon", "coordinates": [[[101.613083, 3.073151], [101.613021, 3.073152], [101.612159, 3.073325], [101.61216, 3.073478], [101.612222, 3.073478], [101.613084, 3.073304], [101.613083, 3.073151]]]}}, {"type": "Feature", "properties": {}, "geometry": {"type": "Polygon", "coordinates": [[[101.613145, 3.073151], [101.613083, 3.073151], [101.612221, 3.073325], [101.612222, 3.073478], [101.612284, 3.073477], [101.613146, 3.073304], [101.613145, 3.073151]]]}}, {"type": "Feature", "properties": {}, "geometry": {"type": "Polygon", "coordinates": [[[101.613207, 3.073151], [101.613145, 3.073151], [101.612283, 3.073324], [101.612284, 3.073477], [101.612346, 3.073477], [101.613208, 3.073304], [101.613207, 3.073151]]]}}, {"type": "Feature", "properties": {}, "geometry": {"type": "Polygon", "coordinates": [[[101.613269, 3.07315], [101.613207, 3.073151], [101.612345, 3.073324], [101.612346, 3.073477], [101.612408, 3.073476], [101.61327, 3.073303], [101.613269, 3.07315]]]}}, {"type": "Feature", "properties": {}, "geometry": {"type": "Polygon", "coordinates": [[[101.613332, 3.07315], [101.613269, 3.07315], [101.612408, 3.073324], [101.612408, 3.073476], [101.612471, 3.073476], [101.613332, 3.073303], [101.613332, 3.07315]]]}}, {"type": "Feature", "properties": {}, "geometry": {"type": "Polygon", "coordinates": [[[101.613394, 3.07315], [101.613332, 3.07315], [101.61247, 3.073323], [101.612471, 3.073476], [101.612533, 3.073476], [101.613394, 3.073303], [101.613394, 3.07315]]]}}, {"type": "Feature", "properties": {}, "geometry": {"type": "Polygon", "coordinates": [[[101.613453, 3.073333], [101.613391, 3.073333], [101.612529, 3.073507], [101.61253, 3.073656], [101.612592, 3.073656], [101.613454, 3.073483], [101.613453, 3.073333]]]}}, {"type": "Feature", "properties": {}, "geometry": {"type": "Polygon", "coordinates": [[[101.613391, 3.073333], [101.613329, 3.073334], [101.612467, 3.073507], [101.612468, 3.073657], [101.61253, 3.073656], [101.613392, 3.073483], [101.613391, 3.073333]]]}}, {"type": "Feature", "properties": {}, "geometry": {"type": "Polygon", "coordinates": [[[101.613329, 3.073334], [101.613267, 3.073334], [101.612405, 3.073507], [101.612406, 3.073657], [101.612468, 3.073657], [101.61333, 3.073484], [101.613329, 3.073334]]]}}, {"type": "Feature", "properties": {}, "geometry": {"type": "Polygon", "coordinates": [[[101.613267, 3.073334], [101.613205, 3.073334], [101.612343, 3.073508], [101.612344, 3.073657], [101.612406, 3.073657], [101.613268, 3.073484], [101.613267, 3.073334]]]}}, {"type": "Feature", "properties": {}, "geometry": {"type": "Polygon", "coordinates": [[[101.613205, 3.073334], [101.613143, 3.073335], [101.612281, 3.073508], [101.612282, 3.073658], [101.612344, 3.073657], [101.613206, 3.073484], [101.613205, 3.073334]]]}}, {"type": "Feature", "properties": {}, "geometry": {"type": "Polygon", "coordinates": [[[101.613143, 3.073335], [101.613081, 3.073335], [101.612219, 3.073508], [101.61222, 3.073658], [101.612282, 3.073658], [101.613144, 3.073485], [101.613143, 3.073335]]]}}, {"type": "Feature", "properties": {}, "geometry": {"type": "Polygon", "coordinates": [[[101.613081, 3.073335], [101.613019, 3.073335], [101.612157, 3.073509], [101.612158, 3.073659], [101.61222, 3.073658], [101.613082, 3.073485], [101.613081, 3.073335]]]}}, {"type": "Feature", "properties": {}, "geometry": {"type": "Polygon", "coordinates": [[[101.613019, 3.073335], [101.612957, 3.073336], [101.612095, 3.073509], [101.612096, 3.073659], [101.612158, 3.073659], [101.61302, 3.073485], [101.613019, 3.073335]]]}}, {"type": "Feature", "properties": {}, "geometry": {"type": "Polygon", "coordinates": [[[101.612957, 3.073336], [101.612895, 3.073336], [101.612033, 3.073509], [101.612034, 3.073659], [101.612096, 3.073659], [101.612958, 3.073486], [101.612957, 3.073336]]]}}, {"type": "Feature", "properties": {}, "geometry": {"type": "Polygon", "coordinates": [[[101.612895, 3.073336], [101.612833, 3.073336], [101.611971, 3.07351], [101.611972, 3.073659], [101.612034, 3.073659], [101.612896, 3.073486], [101.612895, 3.073336]]]}}, {"type": "Feature", "properties": {}, "geometry": {"type": "Polygon", "coordinates": [[[101.612833, 3.073336], [101.612771, 3.073337], [101.611909, 3.07351], [101.61191, 3.07366], [101.611972, 3.073659], [101.612834, 3.073486], [101.612833, 3.073336]]]}}, {"type": "Feature", "properties": {}, "geometry": {"type": "Polygon", "coordinates": [[[101.614248, 3.073333], [101.614186, 3.073333], [101.613324, 3.073506], [101.613325, 3.07366], [101.613387, 3.073659], [101.614249, 3.073486], [101.614248, 3.073333]]]}}, {"type": "Feature", "properties": {}, "geometry": {"type": "Polygon", "coordinates": [[[101.614186, 3.073333], [101.614124, 3.073333], [101.613262, 3.073507], [101.613263, 3.07366], [101.613325, 3.07366], [101.614187, 3.073486], [101.614186, 3.073333]]]}}, {"type": "Feature", "properties": {}, "geometry": {"type": "Polygon", "coordinates": [[[101.614124, 3.073333], [101.614061, 3.073334], [101.613199, 3.073507], [101.6132, 3.07366], [101.613263, 3.07366], [101.614124, 3.073487], [101.614124, 3.073333]]]}}, {"type": "Feature", "properties": {}, "geometry": {"type": "Polygon", "coordinates": [[[101.614061, 3.073334], [101.613999, 3.073334], [101.613137, 3.073507], [101.613138, 3.07366], [101.6132, 3.07366], [101.614062, 3.073487], [101.614061, 3.073334]]]}}, {"type": "Feature", "properties": {}, "geometry": {"type": "Polygon", "coordinates": [[[101.613999, 3.073334], [101.613936, 3.073334], [101.613075, 3.073508], [101.613075, 3.073661], [101.613138, 3.07366], [101.614, 3.073487], [101.613999, 3.073334]]]}}, {"type": "Feature", "properties": {}, "geometry": {"type": "Polygon", "coordinates": [[[101.613936, 3.073334], [101.613874, 3.073335], [101.613012, 3.073508], [101.613013, 3.073661], [101.613075, 3.073661], [101.613937, 3.073488], [101.613936, 3.073334]]]}}, {"type": "Feature", "properties": {}, "geometry": {"type": "Polygon", "coordinates": [[[101.613874, 3.073335], [101.613812, 3.073335], [101.61295, 3.073508], [101.612951, 3.073662], [101.613013, 3.073661], [101.613875, 3.073488], [101.613874, 3.073335]]]}}, {"type": "Feature", "properties": {}, "geometry": {"type": "Polygon", "coordinates": [[[101.613812, 3.073335], [101.613749, 3.073335], [101.612887, 3.073509], [101.612888, 3.073662], [101.612951, 3.073662], [101.613813, 3.073488], [101.613812, 3.073335]]]}}, {"type": "Feature", "properties": {}, "geometry": {"type": "Polygon", "coordinates": [[[101.613749, 3.073335], [101.613687, 3.073336], [101.612825, 3.073509], [101.612826, 3.073662], [101.612888, 3.073662], [101.61375, 3.073489], [101.613749, 3.073335]]]}}, {"type": "Feature", "properties": {}, "geometry": {"type": "Polygon", "coordinates": [[[101.613687, 3.073336], [101.613625, 3.073336], [101.612763, 3.073509], [101.612764, 3.073662], [101.612826, 3.073662], [101.613688, 3.073489], [101.613687, 3.073336]]]}}, {"type": "Feature", "properties": {}, "geometry": {"type": "Polygon", "coordinates": [[[101.613625, 3.073336], [101.613562, 3.073336], [101.6127, 3.07351], [101.612701, 3.073663], [101.612764, 3.073662], [101.613625, 3.073489], [101.613625, 3.073336]]]}}, {"type": "Feature", "properties": {}, "geometry": {"type": "Polygon", "coordinates": [[[101.614248, 3.073142], [101.614186, 3.073142], [101.613324, 3.073316], [101.613325, 3.07347], [101.613387, 3.07347], [101.614249, 3.073297], [101.614248, 3.073142]]]}}, {"type": "Feature", "properties": {}, "geometry": {"type": "Polygon", "coordinates": [[[101.614186, 3.073142], [101.614123, 3.073143], [101.613261, 3.073316], [101.613262, 3.07347], [101.613325, 3.07347], [101.614187, 3.073297], [101.614186, 3.073142]]]}}, {"type": "Feature", "properties": {}, "geometry": {"type": "Polygon", "coordinates": [[[101.614123, 3.073143], [101.614061, 3.073143], [101.613199, 3.073316], [101.6132, 3.073471], [101.613262, 3.07347], [101.614124, 3.073297], [101.614123, 3.073143]]]}}, {"type": "Feature", "properties": {}, "geometry": {"type": "Polygon", "coordinates": [[[101.614061, 3.073143], [101.613998, 3.073143], [101.613137, 3.073316], [101.613137, 3.073471], [101.6132, 3.073471], [101.614062, 3.073298], [101.614061, 3.073143]]]}}, {"type": "Feature", "properties": {}, "geometry": {"type": "Polygon", "coordinates": [[[101.613998, 3.073143], [101.613936, 3.073144], [101.613074, 3.073317], [101.613075, 3.073472], [101.613137, 3.073471], [101.613999, 3.073298], [101.613998, 3.073143]]]}}, {"type": "Feature", "properties": {}, "geometry": {"type": "Polygon", "coordinates": [[[101.613936, 3.073144], [101.613873, 3.073144], [101.613012, 3.073317], [101.613012, 3.073472], [101.613075, 3.073472], [101.613937, 3.073298], [101.613936, 3.073144]]]}}, {"type": "Feature", "properties": {}, "geometry": {"type": "Polygon", "coordinates": [[[101.613873, 3.073144], [101.613811, 3.073144], [101.612949, 3.073317], [101.61295, 3.073472], [101.613012, 3.073472], [101.613874, 3.073299], [101.613873, 3.073144]]]}}, {"type": "Feature", "properties": {}, "geometry": {"type": "Polygon", "coordinates": [[[101.613811, 3.073144], [101.613749, 3.073145], [101.612887, 3.073318], [101.612887, 3.073472], [101.61295, 3.073472], [101.613812, 3.073299], [101.613811, 3.073144]]]}}, {"type": "Feature", "properties": {}, "geometry": {"type": "Polygon", "coordinates": [[[101.613749, 3.073145], [101.613686, 3.073145], [101.612824, 3.073318], [101.612825, 3.073473], [101.612887, 3.073472], [101.613749, 3.073299], [101.613749, 3.073145]]]}}, {"type": "Feature", "properties": {}, "geometry": {"type": "Polygon", "coordinates": [[[101.613686, 3.073145], [101.613624, 3.073145], [101.612762, 3.073319], [101.612763, 3.073473], [101.612825, 3.073473], [101.613687, 3.0733], [101.613686, 3.073145]]]}}, {"type": "Feature", "properties": {}, "geometry": {"type": "Polygon", "coordinates": [[[101.613624, 3.073145], [101.613561, 3.073146], [101.612699, 3.073319], [101.6127, 3.073473], [101.612763, 3.073473], [101.613624, 3.0733], [101.613624, 3.073145]]]}}, {"type": "Feature", "properties": {}, "geometry": {"type": "Polygon", "coordinates": [[[101.613559, 3.072596], [101.613497, 3.072597], [101.612635, 3.07277], [101.612636, 3.072923], [101.612699, 3.072923], [101.613561, 3.072749], [101.613559, 3.072596]]]}}, {"type": "Feature", "properties": {}, "geometry": {"type": "Polygon", "coordinates": [[[101.613622, 3.072596], [101.613559, 3.072596], [101.612698, 3.072769], [101.612699, 3.072923], [101.612761, 3.072922], [101.613623, 3.072749], [101.613622, 3.072596]]]}}, {"type": "Feature", "properties": {}, "geometry": {"type": "Polygon", "coordinates": [[[101.613684, 3.072595], [101.613622, 3.072596], [101.61276, 3.072769], [101.612761, 3.072922], [101.612824, 3.072922], [101.613686, 3.072748], [101.613684, 3.072595]]]}}, {"type": "Feature", "properties": {}, "geometry": {"type": "Polygon", "coordinates": [[[101.613747, 3.072594], [101.613684, 3.072595], [101.612822, 3.072768], [101.612824, 3.072922], [101.612886, 3.072921], [101.613748, 3.072748], [101.613747, 3.072594]]]}}, {"type": "Feature", "properties": {}, "geometry": {"type": "Polygon", "coordinates": [[[101.613809, 3.072594], [101.613747, 3.072594], [101.612885, 3.072768], [101.612886, 3.072921], [101.612949, 3.07292], [101.613811, 3.072747], [101.613809, 3.072594]]]}}, {"type": "Feature", "properties": {}, "geometry": {"type": "Polygon", "coordinates": [[[101.613872, 3.072593], [101.613809, 3.072594], [101.612947, 3.072767], [101.612949, 3.07292], [101.613011, 3.07292], [101.613873, 3.072747], [101.613872, 3.072593]]]}}, {"type": "Feature", "properties": {}, "geometry": {"type": "Polygon", "coordinates": [[[101.613934, 3.072593], [101.613872, 3.072593], [101.61301, 3.072767], [101.613011, 3.07292], [101.613074, 3.072919], [101.613935, 3.072746], [101.613934, 3.072593]]]}}, {"type": "Feature", "properties": {}, "geometry": {"type": "Polygon", "coordinates": [[[101.613997, 3.072592], [101.613934, 3.072593], [101.613072, 3.072766], [101.613074, 3.072919], [101.613136, 3.072919], [101.613998, 3.072745], [101.613997, 3.072592]]]}}, {"type": "Feature", "properties": {}, "geometry": {"type": "Polygon", "coordinates": [[[101.614059, 3.072592], [101.613997, 3.072592], [101.613135, 3.072765], [101.613136, 3.072919], [101.613198, 3.072918], [101.61406, 3.072745], [101.614059, 3.072592]]]}}, {"type": "Feature", "properties": {}, "geometry": {"type": "Polygon", "coordinates": [[[101.614121, 3.072591], [101.614059, 3.072592], [101.613197, 3.072765], [101.613198, 3.072918], [101.613261, 3.072917], [101.614123, 3.072744], [101.614121, 3.072591]]]}}, {"type": "Feature", "properties": {}, "geometry": {"type": "Polygon", "coordinates": [[[101.614184, 3.07259], [101.614121, 3.072591], [101.61326, 3.072764], [101.613261, 3.072917], [101.613323, 3.072917], [101.614185, 3.072744], [101.614184, 3.07259]]]}}, {"type": "Feature", "properties": {}, "geometry": {"type": "Polygon", "coordinates": [[[101.614244, 3.072782], [101.614181, 3.072782], [101.61332, 3.072956], [101.613321, 3.073105], [101.613383, 3.073104], [101.614245, 3.072931], [101.614244, 3.072782]]]}}, {"type": "Feature", "properties": {}, "geometry": {"type": "Polygon", "coordinates": [[[101.614181, 3.072782], [101.614119, 3.072783], [101.613257, 3.072956], [101.613258, 3.073105], [101.613321, 3.073105], [101.614183, 3.072932], [101.614181, 3.072782]]]}}, {"type": "Feature", "properties": {}, "geometry": {"type": "Polygon", "coordinates": [[[101.614119, 3.072783], [101.614056, 3.072784], [101.613195, 3.072957], [101.613196, 3.073106], [101.613258, 3.073105], [101.61412, 3.072932], [101.614119, 3.072783]]]}}, {"type": "Feature", "properties": {}, "geometry": {"type": "Polygon", "coordinates": [[[101.614056, 3.072784], [101.613994, 3.072784], [101.613132, 3.072957], [101.613134, 3.073107], [101.613196, 3.073106], [101.614058, 3.072933], [101.614056, 3.072784]]]}}, {"type": "Feature", "properties": {}, "geometry": {"type": "Polygon", "coordinates": [[[101.613994, 3.072784], [101.613932, 3.072785], [101.61307, 3.072958], [101.613071, 3.073107], [101.613134, 3.073107], [101.613995, 3.072933], [101.613994, 3.072784]]]}}, {"type": "Feature", "properties": {}, "geometry": {"type": "Polygon", "coordinates": [[[101.613932, 3.072785], [101.613869, 3.072785], [101.613007, 3.072958], [101.613009, 3.073108], [101.613071, 3.073107], [101.613933, 3.072934], [101.613932, 3.072785]]]}}, {"type": "Feature", "properties": {}, "geometry": {"type": "Polygon", "coordinates": [[[101.613869, 3.072785], [101.613807, 3.072786], [101.612945, 3.072959], [101.612946, 3.073108], [101.613009, 3.073108], [101.61387, 3.072934], [101.613869, 3.072785]]]}}, {"type": "Feature", "properties": {}, "geometry": {"type": "Polygon", "coordinates": [[[101.613807, 3.072786], [101.613744, 3.072786], [101.612882, 3.07296], [101.612884, 3.073109], [101.612946, 3.073108], [101.613808, 3.072935], [101.613807, 3.072786]]]}}, {"type": "Feature", "properties": {}, "geometry": {"type": "Polygon", "coordinates": [[[101.613744, 3.072786], [101.613682, 3.072787], [101.61282, 3.07296], [101.612821, 3.073109], [101.612884, 3.073109], [101.613746, 3.072935], [101.613744, 3.072786]]]}}, {"type": "Feature", "properties": {}, "geometry": {"type": "Polygon", "coordinates": [[[101.613682, 3.072787], [101.613619, 3.072788], [101.612758, 3.072961], [101.612759, 3.07311], [101.612821, 3.073109], [101.613683, 3.072936], [101.613682, 3.072787]]]}}, {"type": "Feature", "properties": {}, "geometry": {"type": "Polygon", "coordinates": [[[101.613619, 3.072788], [101.613557, 3.072788], [101.612695, 3.072961], [101.612696, 3.07311], [101.612759, 3.07311], [101.613621, 3.072937], [101.613619, 3.072788]]]}}, {"type": "Feature", "properties": {}, "geometry": {"type": "Polygon", "coordinates": [[[101.612773, 3.072596], [101.612711, 3.072597], [101.611849, 3.07277], [101.611851, 3.072921], [101.611912, 3.072921], [101.612774, 3.072748], [101.612773, 3.072596]]]}}, {"type": "Feature", "properties": {}, "geometry": {"type": "Polygon", "coordinates": [[[101.612834, 3.072596], [101.612773, 3.072596], [101.611911, 3.07277], [101.611912, 3.072921], [101.611974, 3.07292], [101.612835, 3.072747], [101.612834, 3.072596]]]}}, {"type": "Feature", "properties": {}, "geometry": {"type": "Polygon", "coordinates": [[[101.612895, 3.072595], [101.612834, 3.072596], [101.611972, 3.072769], [101.611974, 3.07292], [101.612035, 3.07292], [101.612897, 3.072746], [101.612895, 3.072595]]]}}, {"type": "Feature", "properties": {}, "geometry": {"type": "Polygon", "coordinates": [[[101.612957, 3.072595], [101.612895, 3.072595], [101.612034, 3.072769], [101.612035, 3.07292], [101.612097, 3.072919], [101.612958, 3.072746], [101.612957, 3.072595]]]}}, {"type": "Feature", "properties": {}, "geometry": {"type": "Polygon", "coordinates": [[[101.613018, 3.072594], [101.612957, 3.072595], [101.612095, 3.072768], [101.612097, 3.072919], [101.612158, 3.072919], [101.61302, 3.072745], [101.613018, 3.072594]]]}}, {"type": "Feature", "properties": {}, "geometry": {"type": "Polygon", "coordinates": [[[101.61308, 3.072594], [101.613018, 3.072594], [101.612157, 3.072767], [101.612158, 3.072919], [101.612219, 3.072918], [101.613081, 3.072745], [101.61308, 3.072594]]]}}, {"type": "Feature", "properties": {}, "geometry": {"type": "Polygon", "coordinates": [[[101.613141, 3.072593], [101.61308, 3.072594], [101.612218, 3.072767], [101.612219, 3.072918], [101.612281, 3.072917], [101.613143, 3.072744], [101.613141, 3.072593]]]}}, {"type": "Feature", "properties": {}, "geometry": {"type": "Polygon", "coordinates": [[[101.613203, 3.072592], [101.613141, 3.072593], [101.612279, 3.072766], [101.612281, 3.072917], [101.612342, 3.072917], [101.613204, 3.072744], [101.613203, 3.072592]]]}}, {"type": "Feature", "properties": {}, "geometry": {"type": "Polygon", "coordinates": [[[101.613264, 3.072592], [101.613203, 3.072592], [101.612341, 3.072766], [101.612342, 3.072917], [101.612404, 3.072916], [101.613266, 3.072743], [101.613264, 3.072592]]]}}, {"type": "Feature", "properties": {}, "geometry": {"type": "Polygon", "coordinates": [[[101.613326, 3.072591], [101.613264, 3.072592], [101.612402, 3.072765], [101.612404, 3.072916], [101.612465, 3.072916], [101.613327, 3.072743], [101.613326, 3.072591]]]}}, {"type": "Feature", "properties": {}, "geometry": {"type": "Polygon", "coordinates": [[[101.613387, 3.072591], [101.613326, 3.072591], [101.612464, 3.072765], [101.612465, 3.072916], [101.612527, 3.072915], [101.613389, 3.072742], [101.613387, 3.072591]]]}}, {"type": "Feature", "properties": {}, "geometry": {"type": "Polygon", "coordinates": [[[101.613453, 3.07278], [101.613391, 3.072781], [101.612529, 3.072954], [101.61253, 3.073109], [101.612592, 3.073109], [101.613454, 3.072935], [101.613453, 3.07278]]]}}, {"type": "Feature", "properties": {}, "geometry": {"type": "Polygon", "coordinates": [[[101.613391, 3.072781], [101.613329, 3.072781], [101.612467, 3.072954], [101.612468, 3.07311], [101.61253, 3.073109], [101.613392, 3.072936], [101.613391, 3.072781]]]}}, {"type": "Feature", "properties": {}, "geometry": {"type": "Polygon", "coordinates": [[[101.613329, 3.072781], [101.613266, 3.072782], [101.612405, 3.072955], [101.612406, 3.07311], [101.612468, 3.07311], [101.61333, 3.072936], [101.613329, 3.072781]]]}}, {"type": "Feature", "properties": {}, "geometry": {"type": "Polygon", "coordinates": [[[101.613266, 3.072782], [101.613204, 3.072782], [101.612343, 3.072955], [101.612344, 3.073111], [101.612406, 3.07311], [101.613268, 3.072937], [101.613266, 3.072782]]]}}, {"type": "Feature", "properties": {}, "geometry": {"type": "Polygon", "coordinates": [[[101.613204, 3.072782], [101.613142, 3.072783], [101.61228, 3.072956], [101.612282, 3.073111], [101.612344, 3.073111], [101.613206, 3.072938], [101.613204, 3.072782]]]}}, {"type": "Feature", "properties": {}, "geometry": {"type": "Polygon", "coordinates": [[[101.613142, 3.072783], [101.61308, 3.072783], [101.612218, 3.072957], [101.61222, 3.073112], [101.612282, 3.073111], [101.613144, 3.072938], [101.613142, 3.072783]]]}}, {"type": "Feature", "properties": {}, "geometry": {"type": "Polygon", "coordinates": [[[101.61308, 3.072783], [101.613018, 3.072784], [101.612156, 3.072957], [101.612158, 3.073113], [101.61222, 3.073112], [101.613082, 3.072939], [101.61308, 3.072783]]]}}, {"type": "Feature", "properties": {}, "geometry": {"type": "Polygon", "coordinates": [[[101.613018, 3.072784], [101.612956, 3.072784], [101.612094, 3.072958], [101.612096, 3.073113], [101.612158, 3.073113], [101.61302, 3.072939], [101.613018, 3.072784]]]}}, {"type": "Feature", "properties": {}, "geometry": {"type": "Polygon", "coordinates": [[[101.612956, 3.072784], [101.612894, 3.072785], [101.612032, 3.072958], [101.612034, 3.073114], [101.612096, 3.073113], [101.612958, 3.07294], [101.612956, 3.072784]]]}}, {"type": "Feature", "properties": {}, "geometry": {"type": "Polygon", "coordinates": [[[101.612894, 3.072785], [101.612832, 3.072786], [101.61197, 3.072959], [101.611972, 3.073114], [101.612034, 3.073114], [101.612896, 3.07294], [101.612894, 3.072785]]]}}, {"type": "Feature", "properties": {}, "geometry": {"type": "Polygon", "coordinates": [[[101.612832, 3.072786], [101.61277, 3.072786], [101.611908, 3.072959], [101.61191, 3.073115], [101.611972, 3.073114], [101.612834, 3.072941], [101.612832, 3.072786]]]}}, {"type": "Feature", "properties": {}, "geometry": {"type": "Polygon", "coordinates": [[[101.612661, 3.072785], [101.6126, 3.072785], [101.611738, 3.072959], [101.61174, 3.073111], [101.611801, 3.073111], [101.612663, 3.072937], [101.612661, 3.072785]]]}}, {"type": "Feature", "properties": {}, "geometry": {"type": "Polygon", "coordinates": [[[101.6126, 3.072785], [101.612539, 3.072786], [101.611677, 3.072959], [101.611679, 3.073112], [101.61174, 3.073111], [101.612602, 3.072938], [101.6126, 3.072785]]]}}, {"type": "Feature", "properties": {}, "geometry": {"type": "Polygon", "coordinates": [[[101.612539, 3.072786], [101.612478, 3.072786], [101.611616, 3.07296], [101.611618, 3.073112], [101.611679, 3.073112], [101.612541, 3.072939], [101.612539, 3.072786]]]}}, {"type": "Feature", "properties": {}, "geometry": {"type": "Polygon", "coordinates": [[[101.612478, 3.072786], [101.612417, 3.072787], [101.611555, 3.07296], [101.611556, 3.073113], [101.611618, 3.073112], [101.612479, 3.072939], [101.612478, 3.072786]]]}}, {"type": "Feature", "properties": {}, "geometry": {"type": "Polygon", "coordinates": [[[101.612417, 3.072787], [101.612356, 3.072788], [101.611494, 3.072961], [101.611495, 3.073113], [101.611556, 3.073113], [101.612418, 3.07294], [101.612417, 3.072787]]]}}, {"type": "Feature", "properties": {}, "geometry": {"type": "Polygon", "coordinates": [[[101.612356, 3.072788], [101.612295, 3.072788], [101.611433, 3.072961], [101.611434, 3.073114], [101.611495, 3.073113], [101.612357, 3.07294], [101.612356, 3.072788]]]}}, {"type": "Feature", "properties": {}, "geometry": {"type": "Polygon", "coordinates": [[[101.612295, 3.072788], [101.612233, 3.072789], [101.611372, 3.072962], [101.611373, 3.073114], [101.611434, 3.073114], [101.612296, 3.072941], [101.612295, 3.072788]]]}}, {"type": "Feature", "properties": {}, "geometry": {"type": "Polygon", "coordinates": [[[101.612233, 3.072789], [101.612172, 3.072789], [101.611311, 3.072963], [101.611312, 3.073115], [101.611373, 3.073114], [101.612235, 3.072941], [101.612233, 3.072789]]]}}, {"type": "Feature", "properties": {}, "geometry": {"type": "Polygon", "coordinates": [[[101.612172, 3.072789], [101.612111, 3.07279], [101.611249, 3.072963], [101.611251, 3.073116], [101.611312, 3.073115], [101.612174, 3.072942], [101.612172, 3.072789]]]}}, {"type": "Feature", "properties": {}, "geometry": {"type": "Polygon", "coordinates": [[[101.612111, 3.07279], [101.61205, 3.07279], [101.611188, 3.072964], [101.61119, 3.073116], [101.611251, 3.073116], [101.612113, 3.072942], [101.612111, 3.07279]]]}}, {"type": "Feature", "properties": {}, "geometry": {"type": "Polygon", "coordinates": [[[101.61205, 3.07279], [101.611989, 3.072791], [101.611127, 3.072964], [101.611129, 3.073117], [101.61119, 3.073116], [101.612051, 3.072943], [101.61205, 3.07279]]]}}, {"type": "Feature", "properties": {}, "geometry": {"type": "Polygon", "coordinates": [[[101.612663, 3.072594], [101.612601, 3.072594], [101.611739, 3.072767], [101.611741, 3.07292], [101.611802, 3.072919], [101.612664, 3.072746], [101.612663, 3.072594]]]}}, {"type": "Feature", "properties": {}, "geometry": {"type": "Polygon", "coordinates": [[[101.612601, 3.072594], [101.612539, 3.072595], [101.611678, 3.072768], [101.611679, 3.072921], [101.611741, 3.07292], [101.612603, 3.072747], [101.612601, 3.072594]]]}}, {"type": "Feature", "properties": {}, "geometry": {"type": "Polygon", "coordinates": [[[101.612539, 3.072595], [101.612478, 3.072595], [101.611616, 3.072769], [101.611617, 3.072921], [101.611679, 3.072921], [101.612541, 3.072747], [101.612539, 3.072595]]]}}, {"type": "Feature", "properties": {}, "geometry": {"type": "Polygon", "coordinates": [[[101.612478, 3.072595], [101.612416, 3.072596], [101.611554, 3.072769], [101.611556, 3.072922], [101.611617, 3.072921], [101.612479, 3.072748], [101.612478, 3.072595]]]}}, {"type": "Feature", "properties": {}, "geometry": {"type": "Polygon", "coordinates": [[[101.612416, 3.072596], [101.612354, 3.072596], [101.611492, 3.07277], [101.611494, 3.072922], [101.611556, 3.072922], [101.612417, 3.072748], [101.612416, 3.072596]]]}}, {"type": "Feature", "properties": {}, "geometry": {"type": "Polygon", "coordinates": [[[101.612354, 3.072596], [101.612293, 3.072597], [101.611431, 3.07277], [101.611432, 3.072923], [101.611494, 3.072922], [101.612356, 3.072749], [101.612354, 3.072596]]]}}, {"type": "Feature", "properties": {}, "geometry": {"type": "Polygon", "coordinates": [[[101.612293, 3.072597], [101.612231, 3.072598], [101.611369, 3.072771], [101.611371, 3.072923], [101.611432, 3.072923], [101.612294, 3.07275], [101.612293, 3.072597]]]}}, {"type": "Feature", "properties": {}, "geometry": {"type": "Polygon", "coordinates": [[[101.612231, 3.072598], [101.612169, 3.072598], [101.611307, 3.072771], [101.611309, 3.072924], [101.611371, 3.072923], [101.612232, 3.07275], [101.612231, 3.072598]]]}}, {"type": "Feature", "properties": {}, "geometry": {"type": "Polygon", "coordinates": [[[101.612169, 3.072598], [101.612108, 3.072599], [101.611246, 3.072772], [101.611247, 3.072924], [101.611309, 3.072924], [101.612171, 3.072751], [101.612169, 3.072598]]]}}, {"type": "Feature", "properties": {}, "geometry": {"type": "Polygon", "coordinates": [[[101.612108, 3.072599], [101.612046, 3.072599], [101.611184, 3.072773], [101.611185, 3.072925], [101.611247, 3.072924], [101.612109, 3.072751], [101.612108, 3.072599]]]}}, {"type": "Feature", "properties": {}, "geometry": {"type": "Polygon", "coordinates": [[[101.612046, 3.072599], [101.611984, 3.0726], [101.611122, 3.072773], [101.611124, 3.072926], [101.611185, 3.072925], [101.612047, 3.072752], [101.612046, 3.072599]]]}}, {"type": "Feature", "properties": {}, "geometry": {"type": "Polygon", "coordinates": [[[101.612661, 3.072031], [101.6126, 3.072032], [101.611738, 3.072205], [101.611739, 3.072364], [101.611801, 3.072363], [101.612663, 3.07219], [101.612661, 3.072031]]]}}, {"type": "Feature", "properties": {}, "geometry": {"type": "Polygon", "coordinates": [[[101.6126, 3.072032], [101.612538, 3.072032], [101.611676, 3.072206], [101.611677, 3.072364], [101.611739, 3.072364], [101.612601, 3.072191], [101.6126, 3.072032]]]}}, {"type": "Feature", "properties": {}, "geometry": {"type": "Polygon", "coordinates": [[[101.612538, 3.072032], [101.612476, 3.072033], [101.611614, 3.072206], [101.611615, 3.072365], [101.611677, 3.072364], [101.612539, 3.072191], [101.612538, 3.072032]]]}}, {"type": "Feature", "properties": {}, "geometry": {"type": "Polygon", "coordinates": [[[101.612476, 3.072033], [101.612414, 3.072034], [101.611552, 3.072207], [101.611553, 3.072366], [101.611615, 3.072365], [101.612477, 3.072192], [101.612476, 3.072033]]]}}, {"type": "Feature", "properties": {}, "geometry": {"type": "Polygon", "coordinates": [[[101.612414, 3.072034], [101.612352, 3.072034], [101.61149, 3.072207], [101.611491, 3.072366], [101.611553, 3.072366], [101.612415, 3.072192], [101.612414, 3.072034]]]}}, {"type": "Feature", "properties": {}, "geometry": {"type": "Polygon", "coordinates": [[[101.612352, 3.072034], [101.61229, 3.072035], [101.611428, 3.072208], [101.61143, 3.072367], [101.611491, 3.072366], [101.612353, 3.072193], [101.612352, 3.072034]]]}}, {"type": "Feature", "properties": {}, "geometry": {"type": "Polygon", "coordinates": [[[101.61229, 3.072035], [101.612228, 3.072035], [101.611366, 3.072208], [101.611368, 3.072367], [101.61143, 3.072367], [101.612291, 3.072193], [101.61229, 3.072035]]]}}, {"type": "Feature", "properties": {}, "geometry": {"type": "Polygon", "coordinates": [[[101.612228, 3.072035], [101.612166, 3.072036], [101.611304, 3.072209], [101.611306, 3.072368], [101.611368, 3.072367], [101.61223, 3.072194], [101.612228, 3.072035]]]}}, {"type": "Feature", "properties": {}, "geometry": {"type": "Polygon", "coordinates": [[[101.612166, 3.072036], [101.612104, 3.072036], [101.611242, 3.07221], [101.611244, 3.072368], [101.611306, 3.072368], [101.612168, 3.072195], [101.612166, 3.072036]]]}}, {"type": "Feature", "properties": {}, "geometry": {"type": "Polygon", "coordinates": [[[101.612104, 3.072036], [101.612042, 3.072037], [101.611181, 3.07221], [101.611182, 3.072369], [101.611244, 3.072368], [101.612106, 3.072195], [101.612104, 3.072036]]]}}, {"type": "Feature", "properties": {}, "geometry": {"type": "Polygon", "coordinates": [[[101.612042, 3.072037], [101.61198, 3.072037], [101.611119, 3.072211], [101.61112, 3.07237], [101.611182, 3.072369], [101.612044, 3.072196], [101.612042, 3.072037]]]}}, {"type": "Feature", "properties": {}, "geometry": {"type": "Polygon", "coordinates": [[[101.612661, 3.07222], [101.612599, 3.072221], [101.611737, 3.072394], [101.611739, 3.072554], [101.611801, 3.072553], [101.612663, 3.07238], [101.612661, 3.07222]]]}}, {"type": "Feature", "properties": {}, "geometry": {"type": "Polygon", "coordinates": [[[101.612599, 3.072221], [101.612537, 3.072221], [101.611675, 3.072395], [101.611677, 3.072554], [101.611739, 3.072554], [101.612601, 3.07238], [101.612599, 3.072221]]]}}, {"type": "Feature", "properties": {}, "geometry": {"type": "Polygon", "coordinates": [[[101.612537, 3.072221], [101.612475, 3.072222], [101.611613, 3.072395], [101.611615, 3.072555], [101.611677, 3.072554], [101.612539, 3.072381], [101.612537, 3.072221]]]}}, {"type": "Feature", "properties": {}, "geometry": {"type": "Polygon", "coordinates": [[[101.612475, 3.072222], [101.612413, 3.072223], [101.611551, 3.072396], [101.611552, 3.072555], [101.611615, 3.072555], [101.612476, 3.072382], [101.612475, 3.072222]]]}}, {"type": "Feature", "properties": {}, "geometry": {"type": "Polygon", "coordinates": [[[101.612413, 3.072223], [101.612351, 3.072223], [101.611489, 3.072396], [101.61149, 3.072556], [101.611552, 3.072555], [101.612414, 3.072382], [101.612413, 3.072223]]]}}, {"type": "Feature", "properties": {}, "geometry": {"type": "Polygon", "coordinates": [[[101.612351, 3.072223], [101.612288, 3.072224], [101.611427, 3.072397], [101.611428, 3.072557], [101.61149, 3.072556], [101.612352, 3.072383], [101.612351, 3.072223]]]}}, {"type": "Feature", "properties": {}, "geometry": {"type": "Polygon", "coordinates": [[[101.612288, 3.072224], [101.612226, 3.072224], [101.611364, 3.072397], [101.611366, 3.072557], [101.611428, 3.072557], [101.61229, 3.072383], [101.612288, 3.072224]]]}}, {"type": "Feature", "properties": {}, "geometry": {"type": "Polygon", "coordinates": [[[101.612226, 3.072224], [101.612164, 3.072225], [101.611302, 3.072398], [101.611304, 3.072558], [101.611366, 3.072557], [101.612228, 3.072384], [101.612226, 3.072224]]]}}, {"type": "Feature", "properties": {}, "geometry": {"type": "Polygon", "coordinates": [[[101.612164, 3.072225], [101.612102, 3.072225], [101.61124, 3.072398], [101.611242, 3.072558], [101.611304, 3.072558], [101.612166, 3.072384], [101.612164, 3.072225]]]}}, {"type": "Feature", "properties": {}, "geometry": {"type": "Polygon", "coordinates": [[[101.612102, 3.072225], [101.61204, 3.072226], [101.611178, 3.072399], [101.61118, 3.072559], [101.611242, 3.072558], [101.612104, 3.072385], [101.612102, 3.072225]]]}}, {"type": "Feature", "properties": {}, "geometry": {"type": "Polygon", "coordinates": [[[101.61204, 3.072226], [101.611978, 3.072226], [101.611116, 3.0724], [101.611118, 3.072559], [101.61118, 3.072559], [101.612041, 3.072385], [101.61204, 3.072226]]]}}, {"type": "Feature", "properties": {}, "geometry": {"type": "Polygon", "coordinates": [[[101.613447, 3.072218], [101.613385, 3.072219], [101.612524, 3.072392], [101.612525, 3.072549], [101.612587, 3.072548], [101.613449, 3.072375], [101.613447, 3.072218]]]}}, {"type": "Feature", "properties": {}, "geometry": {"type": "Polygon", "coordinates": [[[101.613385, 3.072219], [101.613323, 3.072219], [101.612462, 3.072392], [101.612463, 3.072549], [101.612525, 3.072549], [101.613387, 3.072375], [101.613385, 3.072219]]]}}, {"type": "Feature", "properties": {}, "geometry": {"type": "Polygon", "coordinates": [[[101.613323, 3.072219], [101.613262, 3.07222], [101.6124, 3.072393], [101.612401, 3.07255], [101.612463, 3.072549], [101.613325, 3.072376], [101.613323, 3.072219]]]}}, {"type": "Feature", "properties": {}, "geometry": {"type": "Polygon", "coordinates": [[[101.613262, 3.07222], [101.6132, 3.07222], [101.612338, 3.072394], [101.612339, 3.07255], [101.612401, 3.07255], [101.613263, 3.072377], [101.613262, 3.07222]]]}}, {"type": "Feature", "properties": {}, "geometry": {"type": "Polygon", "coordinates": [[[101.6132, 3.07222], [101.613138, 3.072221], [101.612276, 3.072394], [101.612277, 3.072551], [101.612339, 3.07255], [101.613201, 3.072377], [101.6132, 3.07222]]]}}, {"type": "Feature", "properties": {}, "geometry": {"type": "Polygon", "coordinates": [[[101.613138, 3.072221], [101.613076, 3.072221], [101.612214, 3.072395], [101.612215, 3.072551], [101.612277, 3.072551], [101.613139, 3.072378], [101.613138, 3.072221]]]}}, {"type": "Feature", "properties": {}, "geometry": {"type": "Polygon", "coordinates": [[[101.613076, 3.072221], [101.613014, 3.072222], [101.612152, 3.072395], [101.612153, 3.072552], [101.612215, 3.072551], [101.613077, 3.072378], [101.613076, 3.072221]]]}}, {"type": "Feature", "properties": {}, "geometry": {"type": "Polygon", "coordinates": [[[101.613014, 3.072222], [101.612952, 3.072223], [101.61209, 3.072396], [101.612091, 3.072553], [101.612153, 3.072552], [101.613015, 3.072379], [101.613014, 3.072222]]]}}, {"type": "Feature", "properties": {}, "geometry": {"type": "Polygon", "coordinates": [[[101.612952, 3.072223], [101.61289, 3.072223], [101.612028, 3.072396], [101.612029, 3.072553], [101.612091, 3.072553], [101.612953, 3.072379], [101.612952, 3.072223]]]}}, {"type": "Feature", "properties": {}, "geometry": {"type": "Polygon", "coordinates": [[[101.61289, 3.072223], [101.612828, 3.072224], [101.611966, 3.072397], [101.611967, 3.072554], [101.612029, 3.072553], [101.612891, 3.07238], [101.61289, 3.072223]]]}}, {"type": "Feature", "properties": {}, "geometry": {"type": "Polygon", "coordinates": [[[101.612828, 3.072224], [101.612766, 3.072224], [101.611904, 3.072398], [101.611905, 3.072554], [101.611967, 3.072554], [101.612829, 3.072381], [101.612828, 3.072224]]]}}, {"type": "Feature", "properties": {}, "geometry": {"type": "Polygon", "coordinates": [[[101.613446, 3.072027], [101.613384, 3.072028], [101.612522, 3.072201], [101.612524, 3.072355], [101.612585, 3.072354], [101.613447, 3.072181], [101.613446, 3.072027]]]}}, {"type": "Feature", "properties": {}, "geometry": {"type": "Polygon", "coordinates": [[[101.613384, 3.072028], [101.613323, 3.072028], [101.612461, 3.072202], [101.612462, 3.072355], [101.612524, 3.072355], [101.613386, 3.072181], [101.613384, 3.072028]]]}}, {"type": "Feature", "properties": {}, "geometry": {"type": "Polygon", "coordinates": [[[101.613323, 3.072028], [101.613261, 3.072029], [101.612399, 3.072202], [101.612401, 3.072356], [101.612462, 3.072355], [101.613324, 3.072182], [101.613323, 3.072028]]]}}, {"type": "Feature", "properties": {}, "geometry": {"type": "Polygon", "coordinates": [[[101.613261, 3.072029], [101.6132, 3.072029], [101.612338, 3.072203], [101.612339, 3.072356], [101.612401, 3.072356], [101.613263, 3.072183], [101.613261, 3.072029]]]}}, {"type": "Feature", "properties": {}, "geometry": {"type": "Polygon", "coordinates": [[[101.6132, 3.072029], [101.613138, 3.07203], [101.612276, 3.072203], [101.612278, 3.072357], [101.612339, 3.072356], [101.613201, 3.072183], [101.6132, 3.072029]]]}}, {"type": "Feature", "properties": {}, "geometry": {"type": "Polygon", "coordinates": [[[101.613138, 3.07203], [101.613076, 3.072031], [101.612215, 3.072204], [101.612216, 3.072357], [101.612278, 3.072357], [101.613139, 3.072184], [101.613138, 3.07203]]]}}, {"type": "Feature", "properties": {}, "geometry": {"type": "Polygon", "coordinates": [[[101.613076, 3.072031], [101.613015, 3.072031], [101.612153, 3.072204], [101.612154, 3.072358], [101.612216, 3.072357], [101.613078, 3.072184], [101.613076, 3.072031]]]}}, {"type": "Feature", "properties": {}, "geometry": {"type": "Polygon", "coordinates": [[[101.613015, 3.072031], [101.612953, 3.072032], [101.612092, 3.072205], [101.612093, 3.072359], [101.612154, 3.072358], [101.613016, 3.072185], [101.613015, 3.072031]]]}}, {"type": "Feature", "properties": {}, "geometry": {"type": "Polygon", "coordinates": [[[101.612953, 3.072032], [101.612892, 3.072032], [101.61203, 3.072205], [101.612031, 3.072359], [101.612093, 3.072359], [101.612955, 3.072185], [101.612953, 3.072032]]]}}, {"type": "Feature", "properties": {}, "geometry": {"type": "Polygon", "coordinates": [[[101.612892, 3.072032], [101.61283, 3.072033], [101.611968, 3.072206], [101.61197, 3.07236], [101.612031, 3.072359], [101.612893, 3.072186], [101.612892, 3.072032]]]}}, {"type": "Feature", "properties": {}, "geometry": {"type": "Polygon", "coordinates": [[[101.61283, 3.072033], [101.612769, 3.072033], [101.611907, 3.072207], [101.611908, 3.07236], [101.61197, 3.07236], [101.612832, 3.072187], [101.61283, 3.072033]]]}}, {"type": "Feature", "properties": {}, "geometry": {"type": "Polygon", "coordinates": [[[101.614245, 3.072029], [101.614183, 3.072029], [101.613321, 3.072202], [101.613322, 3.072356], [101.613385, 3.072355], [101.614246, 3.072182], [101.614245, 3.072029]]]}}, {"type": "Feature", "properties": {}, "geometry": {"type": "Polygon", "coordinates": [[[101.614183, 3.072029], [101.61412, 3.07203], [101.613258, 3.072203], [101.61326, 3.072356], [101.613322, 3.072356], [101.614184, 3.072182], [101.614183, 3.072029]]]}}, {"type": "Feature", "properties": {}, "geometry": {"type": "Polygon", "coordinates": [[[101.61412, 3.07203], [101.614058, 3.07203], [101.613196, 3.072204], [101.613197, 3.072357], [101.61326, 3.072356], [101.614122, 3.072183], [101.61412, 3.07203]]]}}, {"type": "Feature", "properties": {}, "geometry": {"type": "Polygon", "coordinates": [[[101.614058, 3.07203], [101.613995, 3.072031], [101.613133, 3.072204], [101.613135, 3.072357], [101.613197, 3.072357], [101.614059, 3.072184], [101.614058, 3.07203]]]}}, {"type": "Feature", "properties": {}, "geometry": {"type": "Polygon", "coordinates": [[[101.613995, 3.072031], [101.613933, 3.072031], [101.613071, 3.072205], [101.613072, 3.072358], [101.613135, 3.072357], [101.613997, 3.072184], [101.613995, 3.072031]]]}}, {"type": "Feature", "properties": {}, "geometry": {"type": "Polygon", "coordinates": [[[101.613933, 3.072031], [101.61387, 3.072032], [101.613008, 3.072205], [101.61301, 3.072358], [101.613072, 3.072358], [101.613934, 3.072185], [101.613933, 3.072031]]]}}, {"type": "Feature", "properties": {}, "geometry": {"type": "Polygon", "coordinates": [[[101.61387, 3.072032], [101.613808, 3.072033], [101.612946, 3.072206], [101.612947, 3.072359], [101.61301, 3.072358], [101.613872, 3.072185], [101.61387, 3.072032]]]}}, {"type": "Feature", "properties": {}, "geometry": {"type": "Polygon", "coordinates": [[[101.613808, 3.072033], [101.613745, 3.072033], [101.612883, 3.072206], [101.612885, 3.07236], [101.612947, 3.072359], [101.613809, 3.072186], [101.613808, 3.072033]]]}}, {"type": "Feature", "properties": {}, "geometry": {"type": "Polygon", "coordinates": [[[101.613745, 3.072033], [101.613683, 3.072034], [101.612821, 3.072207], [101.612822, 3.07236], [101.612885, 3.07236], [101.613747, 3.072186], [101.613745, 3.072033]]]}}, {"type": "Feature", "properties": {}, "geometry": {"type": "Polygon", "coordinates": [[[101.614245, 3.072221], [101.614183, 3.072222], [101.613321, 3.072395], [101.613322, 3.072552], [101.613385, 3.072552], [101.614247, 3.072379], [101.614245, 3.072221]]]}}, {"type": "Feature", "properties": {}, "geometry": {"type": "Polygon", "coordinates": [[[101.614183, 3.072222], [101.614121, 3.072223], [101.613259, 3.072396], [101.61326, 3.072553], [101.613322, 3.072552], [101.614184, 3.072379], [101.614183, 3.072222]]]}}, {"type": "Feature", "properties": {}, "geometry": {"type": "Polygon", "coordinates": [[[101.614121, 3.072223], [101.614058, 3.072223], [101.613197, 3.072396], [101.613198, 3.072554], [101.61326, 3.072553], [101.614122, 3.07238], [101.614121, 3.072223]]]}}, {"type": "Feature", "properties": {}, "geometry": {"type": "Polygon", "coordinates": [[[101.614058, 3.072223], [101.613996, 3.072224], [101.613134, 3.072397], [101.613136, 3.072554], [101.613198, 3.072554], [101.61406, 3.07238], [101.614058, 3.072223]]]}}, {"type": "Feature", "properties": {}, "geometry": {"type": "Polygon", "coordinates": [[[101.613996, 3.072224], [101.613934, 3.072224], [101.613072, 3.072398], [101.613073, 3.072555], [101.613136, 3.072554], [101.613998, 3.072381], [101.613996, 3.072224]]]}}, {"type": "Feature", "properties": {}, "geometry": {"type": "Polygon", "coordinates": [[[101.613934, 3.072224], [101.613872, 3.072225], [101.61301, 3.072398], [101.613011, 3.072555], [101.613073, 3.072555], [101.613935, 3.072381], [101.613934, 3.072224]]]}}, {"type": "Feature", "properties": {}, "geometry": {"type": "Polygon", "coordinates": [[[101.613872, 3.072225], [101.613809, 3.072225], [101.612948, 3.072399], [101.612949, 3.072556], [101.613011, 3.072555], [101.613873, 3.072382], [101.613872, 3.072225]]]}}, {"type": "Feature", "properties": {}, "geometry": {"type": "Polygon", "coordinates": [[[101.613809, 3.072225], [101.613747, 3.072226], [101.612885, 3.072399], [101.612887, 3.072556], [101.612949, 3.072556], [101.613811, 3.072382], [101.613809, 3.072225]]]}}, {"type": "Feature", "properties": {}, "geometry": {"type": "Polygon", "coordinates": [[[101.613747, 3.072226], [101.613685, 3.072227], [101.612823, 3.0724], [101.612824, 3.072557], [101.612887, 3.072556], [101.613748, 3.072383], [101.613747, 3.072226]]]}}, {"type": "Feature", "properties": {}, "geometry": {"type": "Polygon", "coordinates": [[[101.613685, 3.072227], [101.613623, 3.072227], [101.612761, 3.0724], [101.612762, 3.072557], [101.612824, 3.072557], [101.613686, 3.072384], [101.613685, 3.072227]]]}}, {"type": "Feature", "properties": {}, "geometry": {"type": "Polygon", "coordinates": [[[101.613623, 3.072227], [101.61356, 3.072228], [101.612698, 3.072401], [101.6127, 3.072558], [101.612762, 3.072557], [101.613624, 3.072384], [101.613623, 3.072227]]]}}, {"type": "Feature", "properties": {}, "geometry": {"type": "Polygon", "coordinates": [[[101.614241, 3.071477], [101.614179, 3.071478], [101.613317, 3.071651], [101.613318, 3.071801], [101.613381, 3.0718], [101.614243, 3.071627], [101.614241, 3.071477]]]}}, {"type": "Feature", "properties": {}, "geometry": {"type": "Polygon", "coordinates": [[[101.614179, 3.071478], [101.614116, 3.071478], [101.613254, 3.071652], [101.613256, 3.071801], [101.613318, 3.071801], [101.61418, 3.071628], [101.614179, 3.071478]]]}}, {"type": "Feature", "properties": {}, "geometry": {"type": "Polygon", "coordinates": [[[101.614116, 3.071478], [101.614054, 3.071479], [101.613192, 3.071652], [101.613193, 3.071802], [101.613256, 3.071801], [101.614118, 3.071628], [101.614116, 3.071478]]]}}, {"type": "Feature", "properties": {}, "geometry": {"type": "Polygon", "coordinates": [[[101.614054, 3.071479], [101.613991, 3.071479], [101.61313, 3.071653], [101.613131, 3.071802], [101.613193, 3.071802], [101.614055, 3.071629], [101.614054, 3.071479]]]}}, {"type": "Feature", "properties": {}, "geometry": {"type": "Polygon", "coordinates": [[[101.613991, 3.071479], [101.613929, 3.07148], [101.613067, 3.071653], [101.613068, 3.071803], [101.613131, 3.071802], [101.613993, 3.071629], [101.613991, 3.071479]]]}}, {"type": "Feature", "properties": {}, "geometry": {"type": "Polygon", "coordinates": [[[101.613929, 3.07148], [101.613866, 3.071481], [101.613005, 3.071654], [101.613006, 3.071804], [101.613068, 3.071803], [101.61393, 3.07163], [101.613929, 3.07148]]]}}, {"type": "Feature", "properties": {}, "geometry": {"type": "Polygon", "coordinates": [[[101.613866, 3.071481], [101.613804, 3.071481], [101.612942, 3.071654], [101.612944, 3.071804], [101.613006, 3.071804], [101.613868, 3.07163], [101.613866, 3.071481]]]}}, {"type": "Feature", "properties": {}, "geometry": {"type": "Polygon", "coordinates": [[[101.613804, 3.071481], [101.613742, 3.071482], [101.61288, 3.071655], [101.612881, 3.071805], [101.612944, 3.071804], [101.613805, 3.071631], [101.613804, 3.071481]]]}}, {"type": "Feature", "properties": {}, "geometry": {"type": "Polygon", "coordinates": [[[101.613742, 3.071482], [101.613679, 3.071482], [101.612817, 3.071656], [101.612819, 3.071805], [101.612881, 3.071805], [101.613743, 3.071632], [101.613742, 3.071482]]]}}, {"type": "Feature", "properties": {}, "geometry": {"type": "Polygon", "coordinates": [[[101.613679, 3.071482], [101.613617, 3.071483], [101.612755, 3.071656], [101.612756, 3.071806], [101.612819, 3.071805], [101.61368, 3.071632], [101.613679, 3.071482]]]}}, {"type": "Feature", "properties": {}, "geometry": {"type": "Polygon", "coordinates": [[[101.613617, 3.071483], [101.613554, 3.071483], [101.612692, 3.071657], [101.612694, 3.071807], [101.612756, 3.071806], [101.613618, 3.071633], [101.613617, 3.071483]]]}}, {"type": "Feature", "properties": {}, "geometry": {"type": "Polygon", "coordinates": [[[101.614245, 3.07167], [101.614182, 3.07167], [101.613321, 3.071844], [101.613322, 3.07199], [101.613385, 3.07199], [101.614247, 3.071816], [101.614245, 3.07167]]]}}, {"type": "Feature", "properties": {}, "geometry": {"type": "Polygon", "coordinates": [[[101.614182, 3.07167], [101.61412, 3.071671], [101.613258, 3.071844], [101.613259, 3.071991], [101.613322, 3.07199], [101.614184, 3.071817], [101.614182, 3.07167]]]}}, {"type": "Feature", "properties": {}, "geometry": {"type": "Polygon", "coordinates": [[[101.61412, 3.071671], [101.614057, 3.071671], [101.613195, 3.071845], [101.613197, 3.071991], [101.613259, 3.071991], [101.614121, 3.071818], [101.61412, 3.071671]]]}}, {"type": "Feature", "properties": {}, "geometry": {"type": "Polygon", "coordinates": [[[101.614057, 3.071671], [101.613994, 3.071672], [101.613132, 3.071845], [101.613134, 3.071992], [101.613197, 3.071991], [101.614058, 3.071818], [101.614057, 3.071671]]]}}, {"type": "Feature", "properties": {}, "geometry": {"type": "Polygon", "coordinates": [[[101.613994, 3.071672], [101.613931, 3.071673], [101.613069, 3.071846], [101.613071, 3.071992], [101.613134, 3.071992], [101.613996, 3.071819], [101.613994, 3.071672]]]}}, {"type": "Feature", "properties": {}, "geometry": {"type": "Polygon", "coordinates": [[[101.613931, 3.071673], [101.613869, 3.071673], [101.613007, 3.071846], [101.613008, 3.071993], [101.613071, 3.071992], [101.613933, 3.071819], [101.613931, 3.071673]]]}}, {"type": "Feature", "properties": {}, "geometry": {"type": "Polygon", "coordinates": [[[101.613869, 3.071673], [101.613806, 3.071674], [101.612944, 3.071847], [101.612945, 3.071994], [101.613008, 3.071993], [101.61387, 3.07182], [101.613869, 3.071673]]]}}, {"type": "Feature", "properties": {}, "geometry": {"type": "Polygon", "coordinates": [[[101.613806, 3.071674], [101.613743, 3.071674], [101.612881, 3.071848], [101.612882, 3.071994], [101.612945, 3.071994], [101.613807, 3.07182], [101.613806, 3.071674]]]}}, {"type": "Feature", "properties": {}, "geometry": {"type": "Polygon", "coordinates": [[[101.613743, 3.071674], [101.61368, 3.071675], [101.612818, 3.071848], [101.61282, 3.071995], [101.612882, 3.071994], [101.613744, 3.071821], [101.613743, 3.071674]]]}}, {"type": "Feature", "properties": {}, "geometry": {"type": "Polygon", "coordinates": [[[101.61368, 3.071675], [101.613618, 3.071675], [101.612756, 3.071849], [101.612757, 3.071995], [101.61282, 3.071995], [101.613682, 3.071822], [101.61368, 3.071675]]]}}, {"type": "Feature", "properties": {}, "geometry": {"type": "Polygon", "coordinates": [[[101.613618, 3.071675], [101.613555, 3.071676], [101.612693, 3.071849], [101.612694, 3.071996], [101.612757, 3.071995], [101.613619, 3.071822], [101.613618, 3.071675]]]}}, {"type": "Feature", "properties": {}, "geometry": {"type": "Polygon", "coordinates": [[[101.613441, 3.071668], [101.613379, 3.071668], [101.612517, 3.071842], [101.612519, 3.071997], [101.61258, 3.071996], [101.613442, 3.071823], [101.613441, 3.071668]]]}}, {"type": "Feature", "properties": {}, "geometry": {"type": "Polygon", "coordinates": [[[101.613379, 3.071668], [101.613318, 3.071669], [101.612456, 3.071842], [101.612457, 3.071997], [101.612519, 3.071997], [101.613381, 3.071824], [101.613379, 3.071668]]]}}, {"type": "Feature", "properties": {}, "geometry": {"type": "Polygon", "coordinates": [[[101.613318, 3.071669], [101.613257, 3.071669], [101.612395, 3.071843], [101.612396, 3.071998], [101.612457, 3.071997], [101.613319, 3.071824], [101.613318, 3.071669]]]}}, {"type": "Feature", "properties": {}, "geometry": {"type": "Polygon", "coordinates": [[[101.613257, 3.071669], [101.613195, 3.07167], [101.612333, 3.071843], [101.612335, 3.071998], [101.612396, 3.071998], [101.613258, 3.071825], [101.613257, 3.071669]]]}}, {"type": "Feature", "properties": {}, "geometry": {"type": "Polygon", "coordinates": [[[101.613195, 3.07167], [101.613134, 3.071671], [101.612272, 3.071844], [101.612273, 3.071999], [101.612335, 3.071998], [101.613197, 3.071825], [101.613195, 3.07167]]]}}, {"type": "Feature", "properties": {}, "geometry": {"type": "Polygon", "coordinates": [[[101.613134, 3.071671], [101.613072, 3.071671], [101.612211, 3.071844], [101.612212, 3.072], [101.612273, 3.071999], [101.613135, 3.071826], [101.613134, 3.071671]]]}}, {"type": "Feature", "properties": {}, "geometry": {"type": "Polygon", "coordinates": [[[101.613072, 3.071671], [101.613011, 3.071672], [101.612149, 3.071845], [101.612151, 3.072], [101.612212, 3.072], [101.613074, 3.071826], [101.613072, 3.071671]]]}}, {"type": "Feature", "properties": {}, "geometry": {"type": "Polygon", "coordinates": [[[101.613011, 3.071672], [101.61295, 3.071672], [101.612088, 3.071845], [101.612089, 3.072001], [101.612151, 3.072], [101.613012, 3.071827], [101.613011, 3.071672]]]}}, {"type": "Feature", "properties": {}, "geometry": {"type": "Polygon", "coordinates": [[[101.61295, 3.071672], [101.612888, 3.071673], [101.612026, 3.071846], [101.612028, 3.072001], [101.612089, 3.072001], [101.612951, 3.071827], [101.61295, 3.071672]]]}}, {"type": "Feature", "properties": {}, "geometry": {"type": "Polygon", "coordinates": [[[101.612888, 3.071673], [101.612827, 3.071673], [101.611965, 3.071846], [101.611967, 3.072002], [101.612028, 3.072001], [101.61289, 3.071828], [101.612888, 3.071673]]]}}, {"type": "Feature", "properties": {}, "geometry": {"type": "Polygon", "coordinates": [[[101.612827, 3.071673], [101.612766, 3.071674], [101.611904, 3.071847], [101.611905, 3.072002], [101.611967, 3.072002], [101.612828, 3.071829], [101.612827, 3.071673]]]}}, {"type": "Feature", "properties": {}, "geometry": {"type": "Polygon", "coordinates": [[[101.613437, 3.071472], [101.613376, 3.071472], [101.612514, 3.071645], [101.612515, 3.071804], [101.612576, 3.071803], [101.613438, 3.07163], [101.613437, 3.071472]]]}}, {"type": "Feature", "properties": {}, "geometry": {"type": "Polygon", "coordinates": [[[101.613376, 3.071472], [101.613314, 3.071473], [101.612453, 3.071646], [101.612454, 3.071804], [101.612515, 3.071804], [101.613377, 3.07163], [101.613376, 3.071472]]]}}, {"type": "Feature", "properties": {}, "geometry": {"type": "Polygon", "coordinates": [[[101.613314, 3.071473], [101.613253, 3.071473], [101.612391, 3.071646], [101.612393, 3.071805], [101.612454, 3.071804], [101.613316, 3.071631], [101.613314, 3.071473]]]}}, {"type": "Feature", "properties": {}, "geometry": {"type": "Polygon", "coordinates": [[[101.613253, 3.071473], [101.613192, 3.071474], [101.61233, 3.071647], [101.612332, 3.071805], [101.612393, 3.071805], [101.613255, 3.071631], [101.613253, 3.071473]]]}}, {"type": "Feature", "properties": {}, "geometry": {"type": "Polygon", "coordinates": [[[101.613192, 3.071474], [101.613131, 3.071474], [101.612269, 3.071648], [101.61227, 3.071806], [101.612332, 3.071805], [101.613194, 3.071632], [101.613192, 3.071474]]]}}, {"type": "Feature", "properties": {}, "geometry": {"type": "Polygon", "coordinates": [[[101.613131, 3.071474], [101.61307, 3.071475], [101.612208, 3.071648], [101.612209, 3.071806], [101.61227, 3.071806], [101.613132, 3.071633], [101.613131, 3.071474]]]}}, {"type": "Feature", "properties": {}, "geometry": {"type": "Polygon", "coordinates": [[[101.61307, 3.071475], [101.613009, 3.071475], [101.612147, 3.071649], [101.612148, 3.071807], [101.612209, 3.071806], [101.613071, 3.071633], [101.61307, 3.071475]]]}}, {"type": "Feature", "properties": {}, "geometry": {"type": "Polygon", "coordinates": [[[101.613009, 3.071475], [101.612948, 3.071476], [101.612086, 3.071649], [101.612087, 3.071807], [101.612148, 3.071807], [101.61301, 3.071634], [101.613009, 3.071475]]]}}, {"type": "Feature", "properties": {}, "geometry": {"type": "Polygon", "coordinates": [[[101.612948, 3.071476], [101.612886, 3.071477], [101.612025, 3.07165], [101.612026, 3.071808], [101.612087, 3.071807], [101.612949, 3.071634], [101.612948, 3.071476]]]}}, {"type": "Feature", "properties": {}, "geometry": {"type": "Polygon", "coordinates": [[[101.612886, 3.071477], [101.612825, 3.071477], [101.611963, 3.07165], [101.611965, 3.071808], [101.612026, 3.071808], [101.612888, 3.071635], [101.612886, 3.071477]]]}}, {"type": "Feature", "properties": {}, "geometry": {"type": "Polygon", "coordinates": [[[101.612825, 3.071477], [101.612764, 3.071478], [101.611902, 3.071651], [101.611904, 3.071809], [101.611965, 3.071808], [101.612827, 3.071635], [101.612825, 3.071477]]]}}, {"type": "Feature", "properties": {}, "geometry": {"type": "Polygon", "coordinates": [[[101.61266, 3.071668], [101.612598, 3.071669], [101.611736, 3.071842], [101.611737, 3.071996], [101.6118, 3.071995], [101.612661, 3.071822], [101.61266, 3.071668]]]}}, {"type": "Feature", "properties": {}, "geometry": {"type": "Polygon", "coordinates": [[[101.612598, 3.071669], [101.612535, 3.071669], [101.611673, 3.071842], [101.611675, 3.071997], [101.611737, 3.071996], [101.612599, 3.071823], [101.612598, 3.071669]]]}}, {"type": "Feature", "properties": {}, "geometry": {"type": "Polygon", "coordinates": [[[101.612535, 3.071669], [101.612473, 3.07167], [101.611611, 3.071843], [101.611613, 3.071997], [101.611675, 3.071997], [101.612537, 3.071823], [101.612535, 3.071669]]]}}, {"type": "Feature", "properties": {}, "geometry": {"type": "Polygon", "coordinates": [[[101.612473, 3.07167], [101.612411, 3.07167], [101.611549, 3.071843], [101.61155, 3.071998], [101.611613, 3.071997], [101.612474, 3.071824], [101.612473, 3.07167]]]}}, {"type": "Feature", "properties": {}, "geometry": {"type": "Polygon", "coordinates": [[[101.612411, 3.07167], [101.612348, 3.071671], [101.611486, 3.071844], [101.611488, 3.071998], [101.61155, 3.071998], [101.612412, 3.071824], [101.612411, 3.07167]]]}}, {"type": "Feature", "properties": {}, "geometry": {"type": "Polygon", "coordinates": [[[101.612348, 3.071671], [101.612286, 3.071671], [101.611424, 3.071845], [101.611425, 3.071999], [101.611488, 3.071998], [101.61235, 3.071825], [101.612348, 3.071671]]]}}, {"type": "Feature", "properties": {}, "geometry": {"type": "Polygon", "coordinates": [[[101.612286, 3.071671], [101.612224, 3.071672], [101.611362, 3.071845], [101.611363, 3.071999], [101.611425, 3.071999], [101.612287, 3.071826], [101.612286, 3.071671]]]}}, {"type": "Feature", "properties": {}, "geometry": {"type": "Polygon", "coordinates": [[[101.612224, 3.071672], [101.612161, 3.071673], [101.611299, 3.071846], [101.611301, 3.072], [101.611363, 3.071999], [101.612225, 3.071826], [101.612224, 3.071672]]]}}, {"type": "Feature", "properties": {}, "geometry": {"type": "Polygon", "coordinates": [[[101.612161, 3.071673], [101.612099, 3.071673], [101.611237, 3.071846], [101.611238, 3.072001], [101.611301, 3.072], [101.612163, 3.071827], [101.612161, 3.071673]]]}}, {"type": "Feature", "properties": {}, "geometry": {"type": "Polygon", "coordinates": [[[101.612099, 3.071673], [101.612036, 3.071674], [101.611175, 3.071847], [101.611176, 3.072001], [101.611238, 3.072001], [101.6121, 3.071827], [101.612099, 3.071673]]]}}, {"type": "Feature", "properties": {}, "geometry": {"type": "Polygon", "coordinates": [[[101.612036, 3.071674], [101.611974, 3.071674], [101.611112, 3.071848], [101.611114, 3.072002], [101.611176, 3.072001], [101.612038, 3.071828], [101.612036, 3.071674]]]}}, {"type": "Feature", "properties": {}, "geometry": {"type": "Polygon", "coordinates": [[[101.612659, 3.071476], [101.612596, 3.071477], [101.611735, 3.07165], [101.611736, 3.071806], [101.611798, 3.071806], [101.61266, 3.071632], [101.612659, 3.071476]]]}}, {"type": "Feature", "properties": {}, "geometry": {"type": "Polygon", "coordinates": [[[101.612596, 3.071477], [101.612534, 3.071477], [101.611672, 3.07165], [101.611674, 3.071807], [101.611736, 3.071806], [101.612598, 3.071633], [101.612596, 3.071477]]]}}, {"type": "Feature", "properties": {}, "geometry": {"type": "Polygon", "coordinates": [[[101.612534, 3.071477], [101.612472, 3.071478], [101.61161, 3.071651], [101.611611, 3.071807], [101.611674, 3.071807], [101.612535, 3.071634], [101.612534, 3.071477]]]}}, {"type": "Feature", "properties": {}, "geometry": {"type": "Polygon", "coordinates": [[[101.612472, 3.071478], [101.612409, 3.071478], [101.611548, 3.071652], [101.611549, 3.071808], [101.611611, 3.071807], [101.612473, 3.071634], [101.612472, 3.071478]]]}}, {"type": "Feature", "properties": {}, "geometry": {"type": "Polygon", "coordinates": [[[101.612409, 3.071478], [101.612347, 3.071479], [101.611485, 3.071652], [101.611487, 3.071808], [101.611549, 3.071808], [101.612411, 3.071635], [101.612409, 3.071478]]]}}, {"type": "Feature", "properties": {}, "geometry": {"type": "Polygon", "coordinates": [[[101.612347, 3.071479], [101.612285, 3.071479], [101.611423, 3.071653], [101.611424, 3.071809], [101.611487, 3.071808], [101.612348, 3.071635], [101.612347, 3.071479]]]}}, {"type": "Feature", "properties": {}, "geometry": {"type": "Polygon", "coordinates": [[[101.612285, 3.071479], [101.612222, 3.07148], [101.611361, 3.071653], [101.611362, 3.07181], [101.611424, 3.071809], [101.612286, 3.071636], [101.612285, 3.071479]]]}}, {"type": "Feature", "properties": {}, "geometry": {"type": "Polygon", "coordinates": [[[101.612222, 3.07148], [101.61216, 3.07148], [101.611298, 3.071654], [101.6113, 3.07181], [101.611362, 3.07181], [101.612224, 3.071636], [101.612222, 3.07148]]]}}, {"type": "Feature", "properties": {}, "geometry": {"type": "Polygon", "coordinates": [[[101.61216, 3.07148], [101.612098, 3.071481], [101.611236, 3.071654], [101.611237, 3.071811], [101.6113, 3.07181], [101.612161, 3.071637], [101.61216, 3.07148]]]}}, {"type": "Feature", "properties": {}, "geometry": {"type": "Polygon", "coordinates": [[[101.612098, 3.071481], [101.612035, 3.071482], [101.611173, 3.071655], [101.611175, 3.071811], [101.611237, 3.071811], [101.612099, 3.071638], [101.612098, 3.071481]]]}}, {"type": "Feature", "properties": {}, "geometry": {"type": "Polygon", "coordinates": [[[101.612035, 3.071482], [101.611973, 3.071482], [101.611111, 3.071655], [101.611112, 3.071812], [101.611175, 3.071811], [101.612037, 3.071638], [101.612035, 3.071482]]]}}, {"type": "Feature", "properties": {}, "geometry": {"type": "Polygon", "coordinates": [[[101.612657, 3.071118], [101.612596, 3.071118], [101.611734, 3.071292], [101.611735, 3.071442], [101.611797, 3.071442], [101.612659, 3.071268], [101.612657, 3.071118]]]}}, {"type": "Feature", "properties": {}, "geometry": {"type": "Polygon", "coordinates": [[[101.612596, 3.071118], [101.612534, 3.071119], [101.611672, 3.071292], [101.611674, 3.071443], [101.611735, 3.071442], [101.612597, 3.071269], [101.612596, 3.071118]]]}}, {"type": "Feature", "properties": {}, "geometry": {"type": "Polygon", "coordinates": [[[101.612534, 3.071119], [101.612473, 3.07112], [101.611611, 3.071293], [101.611612, 3.071443], [101.611674, 3.071443], [101.612536, 3.07127], [101.612534, 3.071119]]]}}, {"type": "Feature", "properties": {}, "geometry": {"type": "Polygon", "coordinates": [[[101.612473, 3.07112], [101.612411, 3.07112], [101.611549, 3.071293], [101.611551, 3.071444], [101.611612, 3.071443], [101.612474, 3.07127], [101.612473, 3.07112]]]}}, {"type": "Feature", "properties": {}, "geometry": {"type": "Polygon", "coordinates": [[[101.612411, 3.07112], [101.612349, 3.071121], [101.611488, 3.071294], [101.611489, 3.071445], [101.611551, 3.071444], [101.612412, 3.071271], [101.612411, 3.07112]]]}}, {"type": "Feature", "properties": {}, "geometry": {"type": "Polygon", "coordinates": [[[101.612349, 3.071121], [101.612288, 3.071121], [101.611426, 3.071295], [101.611427, 3.071445], [101.611489, 3.071445], [101.612351, 3.071271], [101.612349, 3.071121]]]}}, {"type": "Feature", "properties": {}, "geometry": {"type": "Polygon", "coordinates": [[[101.612288, 3.071121], [101.612226, 3.071122], [101.611364, 3.071295], [101.611366, 3.071446], [101.611427, 3.071445], [101.612289, 3.071272], [101.612288, 3.071121]]]}}, {"type": "Feature", "properties": {}, "geometry": {"type": "Polygon", "coordinates": [[[101.612226, 3.071122], [101.612165, 3.071122], [101.611303, 3.071296], [101.611304, 3.071446], [101.611366, 3.071446], [101.612228, 3.071272], [101.612226, 3.071122]]]}}, {"type": "Feature", "properties": {}, "geometry": {"type": "Polygon", "coordinates": [[[101.612165, 3.071122], [101.612103, 3.071123], [101.611241, 3.071296], [101.611243, 3.071447], [101.611304, 3.071446], [101.612166, 3.071273], [101.612165, 3.071122]]]}}, {"type": "Feature", "properties": {}, "geometry": {"type": "Polygon", "coordinates": [[[101.612103, 3.071123], [101.612042, 3.071124], [101.61118, 3.071297], [101.611181, 3.071447], [101.611243, 3.071447], [101.612105, 3.071273], [101.612103, 3.071123]]]}}, {"type": "Feature", "properties": {}, "geometry": {"type": "Polygon", "coordinates": [[[101.612042, 3.071124], [101.61198, 3.071124], [101.611118, 3.071297], [101.61112, 3.071448], [101.611181, 3.071447], [101.612043, 3.071274], [101.612042, 3.071124]]]}}, {"type": "Feature", "properties": {}, "geometry": {"type": "Polygon", "coordinates": [[[101.612655, 3.070927], [101.612593, 3.070928], [101.611731, 3.071101], [101.611733, 3.071256], [101.611794, 3.071256], [101.612656, 3.071082], [101.612655, 3.070927]]]}}, {"type": "Feature", "properties": {}, "geometry": {"type": "Polygon", "coordinates": [[[101.612593, 3.070928], [101.612532, 3.070928], [101.61167, 3.071102], [101.611671, 3.071257], [101.611733, 3.071256], [101.612595, 3.071083], [101.612593, 3.070928]]]}}, {"type": "Feature", "properties": {}, "geometry": {"type": "Polygon", "coordinates": [[[101.612532, 3.070928], [101.61247, 3.070929], [101.611609, 3.071102], [101.61161, 3.071257], [101.611671, 3.071257], [101.612533, 3.071083], [101.612532, 3.070928]]]}}, {"type": "Feature", "properties": {}, "geometry": {"type": "Polygon", "coordinates": [[[101.61247, 3.070929], [101.612409, 3.070929], [101.611547, 3.071103], [101.611548, 3.071258], [101.61161, 3.071257], [101.612472, 3.071084], [101.61247, 3.070929]]]}}, {"type": "Feature", "properties": {}, "geometry": {"type": "Polygon", "coordinates": [[[101.612409, 3.070929], [101.612347, 3.07093], [101.611486, 3.071103], [101.611487, 3.071258], [101.611548, 3.071258], [101.61241, 3.071085], [101.612409, 3.070929]]]}}, {"type": "Feature", "properties": {}, "geometry": {"type": "Polygon", "coordinates": [[[101.612347, 3.07093], [101.612286, 3.07093], [101.611424, 3.071104], [101.611425, 3.071259], [101.611487, 3.071258], [101.612349, 3.071085], [101.612347, 3.07093]]]}}, {"type": "Feature", "properties": {}, "geometry": {"type": "Polygon", "coordinates": [[[101.612286, 3.07093], [101.612224, 3.070931], [101.611362, 3.071104], [101.611364, 3.07126], [101.611425, 3.071259], [101.612287, 3.071086], [101.612286, 3.07093]]]}}, {"type": "Feature", "properties": {}, "geometry": {"type": "Polygon", "coordinates": [[[101.612224, 3.070931], [101.612163, 3.070932], [101.611301, 3.071105], [101.611302, 3.07126], [101.611364, 3.07126], [101.612226, 3.071086], [101.612224, 3.070931]]]}}, {"type": "Feature", "properties": {}, "geometry": {"type": "Polygon", "coordinates": [[[101.612163, 3.070932], [101.612101, 3.070932], [101.61124, 3.071105], [101.611241, 3.071261], [101.611302, 3.07126], [101.612164, 3.071087], [101.612163, 3.070932]]]}}, {"type": "Feature", "properties": {}, "geometry": {"type": "Polygon", "coordinates": [[[101.612101, 3.070932], [101.61204, 3.070933], [101.611178, 3.071106], [101.61118, 3.071261], [101.611241, 3.071261], [101.612103, 3.071087], [101.612101, 3.070932]]]}}, {"type": "Feature", "properties": {}, "geometry": {"type": "Polygon", "coordinates": [[[101.61204, 3.070933], [101.611978, 3.070933], [101.611117, 3.071106], [101.611118, 3.071262], [101.61118, 3.071261], [101.612041, 3.071088], [101.61204, 3.070933]]]}}, {"type": "Feature", "properties": {}, "geometry": {"type": "Polygon", "coordinates": [[[101.613453, 3.071109], [101.61339, 3.07111], [101.612528, 3.071283], [101.61253, 3.071437], [101.612592, 3.071437], [101.613454, 3.071263], [101.613453, 3.071109]]]}}, {"type": "Feature", "properties": {}, "geometry": {"type": "Polygon", "coordinates": [[[101.61339, 3.07111], [101.613328, 3.07111], [101.612466, 3.071283], [101.612467, 3.071438], [101.61253, 3.071437], [101.613392, 3.071264], [101.61339, 3.07111]]]}}, {"type": "Feature", "properties": {}, "geometry": {"type": "Polygon", "coordinates": [[[101.613328, 3.07111], [101.613265, 3.071111], [101.612403, 3.071284], [101.612405, 3.071438], [101.612467, 3.071438], [101.613329, 3.071265], [101.613328, 3.07111]]]}}, {"type": "Feature", "properties": {}, "geometry": {"type": "Polygon", "coordinates": [[[101.613265, 3.071111], [101.613203, 3.071111], [101.612341, 3.071284], [101.612342, 3.071439], [101.612405, 3.071438], [101.613267, 3.071265], [101.613265, 3.071111]]]}}, {"type": "Feature", "properties": {}, "geometry": {"type": "Polygon", "coordinates": [[[101.613203, 3.071111], [101.61314, 3.071112], [101.612278, 3.071285], [101.61228, 3.071439], [101.612342, 3.071439], [101.613204, 3.071266], [101.613203, 3.071111]]]}}, {"type": "Feature", "properties": {}, "geometry": {"type": "Polygon", "coordinates": [[[101.61314, 3.071112], [101.613078, 3.071112], [101.612216, 3.071286], [101.612217, 3.07144], [101.61228, 3.071439], [101.613142, 3.071266], [101.61314, 3.071112]]]}}, {"type": "Feature", "properties": {}, "geometry": {"type": "Polygon", "coordinates": [[[101.613078, 3.071112], [101.613015, 3.071113], [101.612153, 3.071286], [101.612155, 3.071441], [101.612217, 3.07144], [101.613079, 3.071267], [101.613078, 3.071112]]]}}, {"type": "Feature", "properties": {}, "geometry": {"type": "Polygon", "coordinates": [[[101.613015, 3.071113], [101.612953, 3.071113], [101.612091, 3.071287], [101.612092, 3.071441], [101.612155, 3.071441], [101.613017, 3.071267], [101.613015, 3.071113]]]}}, {"type": "Feature", "properties": {}, "geometry": {"type": "Polygon", "coordinates": [[[101.612953, 3.071113], [101.61289, 3.071114], [101.612028, 3.071287], [101.61203, 3.071442], [101.612092, 3.071441], [101.612954, 3.071268], [101.612953, 3.071113]]]}}, {"type": "Feature", "properties": {}, "geometry": {"type": "Polygon", "coordinates": [[[101.61289, 3.071114], [101.612828, 3.071115], [101.611966, 3.071288], [101.611968, 3.071442], [101.61203, 3.071442], [101.612892, 3.071269], [101.61289, 3.071114]]]}}, {"type": "Feature", "properties": {}, "geometry": {"type": "Polygon", "coordinates": [[[101.612828, 3.071115], [101.612765, 3.071115], [101.611903, 3.071288], [101.611905, 3.071443], [101.611968, 3.071442], [101.612829, 3.071269], [101.612828, 3.071115]]]}}, {"type": "Feature", "properties": {}, "geometry": {"type": "Polygon", "coordinates": [[[101.613451, 3.070921], [101.613389, 3.070922], [101.612527, 3.071095], [101.612528, 3.071247], [101.612591, 3.071246], [101.613453, 3.071073], [101.613451, 3.070921]]]}}, {"type": "Feature", "properties": {}, "geometry": {"type": "Polygon", "coordinates": [[[101.613389, 3.070922], [101.613326, 3.070922], [101.612465, 3.071096], [101.612466, 3.071247], [101.612528, 3.071247], [101.61339, 3.071073], [101.613389, 3.070922]]]}}, {"type": "Feature", "properties": {}, "geometry": {"type": "Polygon", "coordinates": [[[101.613326, 3.070922], [101.613264, 3.070923], [101.612402, 3.071096], [101.612403, 3.071248], [101.612466, 3.071247], [101.613328, 3.071074], [101.613326, 3.070922]]]}}, {"type": "Feature", "properties": {}, "geometry": {"type": "Polygon", "coordinates": [[[101.613264, 3.070923], [101.613201, 3.070924], [101.61234, 3.071097], [101.612341, 3.071248], [101.612403, 3.071248], [101.613265, 3.071074], [101.613264, 3.070923]]]}}, {"type": "Feature", "properties": {}, "geometry": {"type": "Polygon", "coordinates": [[[101.613201, 3.070924], [101.613139, 3.070924], [101.612277, 3.071097], [101.612278, 3.071249], [101.612341, 3.071248], [101.613203, 3.071075], [101.613201, 3.070924]]]}}, {"type": "Feature", "properties": {}, "geometry": {"type": "Polygon", "coordinates": [[[101.613139, 3.070924], [101.613076, 3.070925], [101.612215, 3.071098], [101.612216, 3.071249], [101.612278, 3.071249], [101.61314, 3.071076], [101.613139, 3.070924]]]}}, {"type": "Feature", "properties": {}, "geometry": {"type": "Polygon", "coordinates": [[[101.613076, 3.070925], [101.613014, 3.070925], [101.612152, 3.071099], [101.612154, 3.07125], [101.612216, 3.071249], [101.613078, 3.071076], [101.613076, 3.070925]]]}}, {"type": "Feature", "properties": {}, "geometry": {"type": "Polygon", "coordinates": [[[101.613014, 3.070925], [101.612952, 3.070926], [101.61209, 3.071099], [101.612091, 3.071251], [101.612154, 3.07125], [101.613015, 3.071077], [101.613014, 3.070925]]]}}, {"type": "Feature", "properties": {}, "geometry": {"type": "Polygon", "coordinates": [[[101.612952, 3.070926], [101.612889, 3.070926], [101.612027, 3.0711], [101.612028, 3.071251], [101.612091, 3.071251], [101.612953, 3.071077], [101.612952, 3.070926]]]}}, {"type": "Feature", "properties": {}, "geometry": {"type": "Polygon", "coordinates": [[[101.612889, 3.070926], [101.612827, 3.070927], [101.611965, 3.0711], [101.611966, 3.071252], [101.612028, 3.071251], [101.61289, 3.071078], [101.612889, 3.070926]]]}}, {"type": "Feature", "properties": {}, "geometry": {"type": "Polygon", "coordinates": [[[101.612827, 3.070927], [101.612764, 3.070928], [101.611902, 3.071101], [101.611904, 3.071252], [101.611966, 3.071252], [101.612828, 3.071078], [101.612827, 3.070927]]]}}, {"type": "Feature", "properties": {}, "geometry": {"type": "Polygon", "coordinates": [[[101.612657, 3.070565], [101.612595, 3.070566], [101.611733, 3.070739], [101.611735, 3.070899], [101.611797, 3.070898], [101.612659, 3.070725], [101.612657, 3.070565]]]}}, {"type": "Feature", "properties": {}, "geometry": {"type": "Polygon", "coordinates": [[[101.612595, 3.070566], [101.612533, 3.070566], [101.611671, 3.07074], [101.611673, 3.070899], [101.611735, 3.070899], [101.612597, 3.070726], [101.612595, 3.070566]]]}}, {"type": "Feature", "properties": {}, "geometry": {"type": "Polygon", "coordinates": [[[101.612533, 3.070566], [101.612471, 3.070567], [101.611609, 3.07074], [101.611611, 3.0709], [101.611673, 3.070899], [101.612535, 3.070726], [101.612533, 3.070566]]]}}, {"type": "Feature", "properties": {}, "geometry": {"type": "Polygon", "coordinates": [[[101.612471, 3.070567], [101.612409, 3.070567], [101.611547, 3.070741], [101.611548, 3.070901], [101.611611, 3.0709], [101.612473, 3.070727], [101.612471, 3.070567]]]}}, {"type": "Feature", "properties": {}, "geometry": {"type": "Polygon", "coordinates": [[[101.612409, 3.070567], [101.612347, 3.070568], [101.611485, 3.070741], [101.611486, 3.070901], [101.611548, 3.070901], [101.61241, 3.070727], [101.612409, 3.070567]]]}}, {"type": "Feature", "properties": {}, "geometry": {"type": "Polygon", "coordinates": [[[101.612347, 3.070568], [101.612285, 3.070569], [101.611423, 3.070742], [101.611424, 3.070902], [101.611486, 3.070901], [101.612348, 3.070728], [101.612347, 3.070568]]]}}, {"type": "Feature", "properties": {}, "geometry": {"type": "Polygon", "coordinates": [[[101.612285, 3.070569], [101.612223, 3.070569], [101.611361, 3.070742], [101.611362, 3.070902], [101.611424, 3.070902], [101.612286, 3.070728], [101.612285, 3.070569]]]}}, {"type": "Feature", "properties": {}, "geometry": {"type": "Polygon", "coordinates": [[[101.612223, 3.070569], [101.61216, 3.07057], [101.611299, 3.070743], [101.6113, 3.070903], [101.611362, 3.070902], [101.612224, 3.070729], [101.612223, 3.070569]]]}}, {"type": "Feature", "properties": {}, "geometry": {"type": "Polygon", "coordinates": [[[101.61216, 3.07057], [101.612098, 3.07057], [101.611236, 3.070743], [101.611238, 3.070903], [101.6113, 3.070903], [101.612162, 3.07073], [101.61216, 3.07057]]]}}, {"type": "Feature", "properties": {}, "geometry": {"type": "Polygon", "coordinates": [[[101.612098, 3.07057], [101.612036, 3.070571], [101.611174, 3.070744], [101.611176, 3.070904], [101.611238, 3.070903], [101.6121, 3.07073], [101.612098, 3.07057]]]}}, {"type": "Feature", "properties": {}, "geometry": {"type": "Polygon", "coordinates": [[[101.612036, 3.070571], [101.611974, 3.070571], [101.611112, 3.070745], [101.611114, 3.070905], [101.611176, 3.070904], [101.612038, 3.070731], [101.612036, 3.070571]]]}}, {"type": "Feature", "properties": {}, "geometry": {"type": "Polygon", "coordinates": [[[101.613567, 3.070558], [101.613505, 3.070559], [101.612643, 3.070732], [101.612644, 3.070886], [101.612706, 3.070885], [101.613568, 3.070712], [101.613567, 3.070558]]]}}, {"type": "Feature", "properties": {}, "geometry": {"type": "Polygon", "coordinates": [[[101.613505, 3.070559], [101.613443, 3.07056], [101.612581, 3.070733], [101.612582, 3.070886], [101.612644, 3.070886], [101.613506, 3.070712], [101.613505, 3.070559]]]}}, {"type": "Feature", "properties": {}, "geometry": {"type": "Polygon", "coordinates": [[[101.613443, 3.07056], [101.613381, 3.07056], [101.612519, 3.070733], [101.61252, 3.070887], [101.612582, 3.070886], [101.613444, 3.070713], [101.613443, 3.07056]]]}}, {"type": "Feature", "properties": {}, "geometry": {"type": "Polygon", "coordinates": [[[101.613381, 3.07056], [101.613319, 3.070561], [101.612457, 3.070734], [101.612458, 3.070887], [101.61252, 3.070887], [101.613382, 3.070714], [101.613381, 3.07056]]]}}, {"type": "Feature", "properties": {}, "geometry": {"type": "Polygon", "coordinates": [[[101.613319, 3.070561], [101.613257, 3.070561], [101.612395, 3.070734], [101.612396, 3.070888], [101.612458, 3.070887], [101.61332, 3.070714], [101.613319, 3.070561]]]}}, {"type": "Feature", "properties": {}, "geometry": {"type": "Polygon", "coordinates": [[[101.613257, 3.070561], [101.613195, 3.070562], [101.612333, 3.070735], [101.612334, 3.070889], [101.612396, 3.070888], [101.613258, 3.070715], [101.613257, 3.070561]]]}}, {"type": "Feature", "properties": {}, "geometry": {"type": "Polygon", "coordinates": [[[101.613195, 3.070562], [101.613133, 3.070562], [101.612271, 3.070736], [101.612272, 3.070889], [101.612334, 3.070889], [101.613196, 3.070715], [101.613195, 3.070562]]]}}, {"type": "Feature", "properties": {}, "geometry": {"type": "Polygon", "coordinates": [[[101.613133, 3.070562], [101.613071, 3.070563], [101.612209, 3.070736], [101.61221, 3.07089], [101.612272, 3.070889], [101.613134, 3.070716], [101.613133, 3.070562]]]}}, {"type": "Feature", "properties": {}, "geometry": {"type": "Polygon", "coordinates": [[[101.613071, 3.070563], [101.613009, 3.070564], [101.612147, 3.070737], [101.612148, 3.07089], [101.61221, 3.07089], [101.613072, 3.070716], [101.613071, 3.070563]]]}}, {"type": "Feature", "properties": {}, "geometry": {"type": "Polygon", "coordinates": [[[101.613009, 3.070564], [101.612947, 3.070564], [101.612085, 3.070737], [101.612086, 3.070891], [101.612148, 3.07089], [101.61301, 3.070717], [101.613009, 3.070564]]]}}, {"type": "Feature", "properties": {}, "geometry": {"type": "Polygon", "coordinates": [[[101.612947, 3.070564], [101.612885, 3.070565], [101.612023, 3.070738], [101.612024, 3.070891], [101.612086, 3.070891], [101.612948, 3.070717], [101.612947, 3.070564]]]}}, {"type": "Feature", "properties": {}, "geometry": {"type": "Polygon", "coordinates": [[[101.612885, 3.070565], [101.612823, 3.070565], [101.611961, 3.070739], [101.611962, 3.070892], [101.612024, 3.070891], [101.612886, 3.070718], [101.612885, 3.070565]]]}}, {"type": "Feature", "properties": {}, "geometry": {"type": "Polygon", "coordinates": [[[101.612823, 3.070565], [101.612761, 3.070566], [101.611899, 3.070739], [101.6119, 3.070892], [101.611962, 3.070892], [101.612824, 3.070719], [101.612823, 3.070565]]]}}, {"type": "Feature", "properties": {}, "geometry": {"type": "Polygon", "coordinates": [[[101.614785, 3.065359], [101.614688, 3.065359], [101.613826, 3.065532], [101.613827, 3.065697], [101.613924, 3.065697], [101.614786, 3.065524], [101.614785, 3.065359]]]}}, {"type": "Feature", "properties": {}, "geometry": {"type": "Polygon", "coordinates": [[[101.614846, 3.065358], [101.614785, 3.065359], [101.613923, 3.065532], [101.613924, 3.065697], [101.613985, 3.065697], [101.614847, 3.065523], [101.614846, 3.065358]]]}}, {"type": "Feature", "properties": {}, "geometry": {"type": "Polygon", "coordinates": [[[101.614907, 3.065358], [101.614846, 3.065358], [101.613984, 3.065532], [101.613985, 3.065697], [101.614046, 3.065696], [101.614908, 3.065523], [101.614907, 3.065358]]]}}, {"type": "Feature", "properties": {}, "geometry": {"type": "Polygon", "coordinates": [[[101.614968, 3.065358], [101.614907, 3.065358], [101.614045, 3.065531], [101.614046, 3.065696], [101.614107, 3.065696], [101.614969, 3.065523], [101.614968, 3.065358]]]}}, {"type": "Feature", "properties": {}, "geometry": {"type": "Polygon", "coordinates": [[[101.615029, 3.065357], [101.614968, 3.065358], [101.614106, 3.065531], [101.614107, 3.065696], [101.614168, 3.065696], [101.61503, 3.065522], [101.615029, 3.065357]]]}}, {"type": "Feature", "properties": {}, "geometry": {"type": "Polygon", "coordinates": [[[101.61509, 3.065357], [101.615029, 3.065357], [101.614167, 3.065531], [101.614168, 3.065696], [101.614229, 3.065695], [101.61509, 3.065522], [101.61509, 3.065357]]]}}, {"type": "Feature", "properties": {}, "geometry": {"type": "Polygon", "coordinates": [[[101.61515, 3.065357], [101.61509, 3.065357], [101.614228, 3.06553], [101.614229, 3.065695], [101.614289, 3.065695], [101.615151, 3.065522], [101.61515, 3.065357]]]}}, {"type": "Feature", "properties": {}, "geometry": {"type": "Polygon", "coordinates": [[[101.615211, 3.065356], [101.61515, 3.065357], [101.614289, 3.06553], [101.614289, 3.065695], [101.61435, 3.065695], [101.615212, 3.065521], [101.615211, 3.065356]]]}}, {"type": "Feature", "properties": {}, "geometry": {"type": "Polygon", "coordinates": [[[101.615272, 3.065356], [101.615211, 3.065356], [101.61435, 3.06553], [101.61435, 3.065695], [101.614411, 3.065694], [101.615273, 3.065521], [101.615272, 3.065356]]]}}, {"type": "Feature", "properties": {}, "geometry": {"type": "Polygon", "coordinates": [[[101.615333, 3.065356], [101.615272, 3.065356], [101.61441, 3.065529], [101.614411, 3.065694], [101.614472, 3.065694], [101.615334, 3.065521], [101.615333, 3.065356]]]}}, {"type": "Feature", "properties": {}, "geometry": {"type": "Polygon", "coordinates": [[[101.615394, 3.065355], [101.615333, 3.065356], [101.614471, 3.065529], [101.614472, 3.065694], [101.614533, 3.065694], [101.615395, 3.065521], [101.615394, 3.065355]]]}}, {"type": "Feature", "properties": {}, "geometry": {"type": "Polygon", "coordinates": [[[101.615455, 3.065355], [101.615394, 3.065355], [101.614532, 3.065529], [101.614533, 3.065694], [101.614594, 3.065694], [101.615456, 3.06552], [101.615455, 3.065355]]]}}, {"type": "Feature", "properties": {}, "geometry": {"type": "Polygon", "coordinates": [[[101.615516, 3.065355], [101.615455, 3.065355], [101.614593, 3.065528], [101.614594, 3.065694], [101.614655, 3.065693], [101.615517, 3.06552], [101.615516, 3.065355]]]}}, {"type": "Feature", "properties": {}, "geometry": {"type": "Polygon", "coordinates": [[[101.615577, 3.065355], [101.615516, 3.065355], [101.614654, 3.065528], [101.614655, 3.065693], [101.614716, 3.065693], [101.615578, 3.06552], [101.615577, 3.065355]]]}}, {"type": "Feature", "properties": {}, "geometry": {"type": "Polygon", "coordinates": [[[101.615638, 3.065354], [101.615577, 3.065355], [101.614715, 3.065528], [101.614716, 3.065693], [101.614777, 3.065692], [101.615638, 3.065519], [101.615638, 3.065354]]]}}, {"type": "Feature", "properties": {}, "geometry": {"type": "Polygon", "coordinates": [[[101.615803, 3.065347], [101.615742, 3.065348], [101.61488, 3.065522], [101.614883, 3.065687], [101.614944, 3.065686], [101.615806, 3.065513], [101.615803, 3.065347]]]}}, {"type": "Feature", "properties": {}, "geometry": {"type": "Polygon", "coordinates": [[[101.615864, 3.065346], [101.615803, 3.065347], [101.614941, 3.06552], [101.614944, 3.065686], [101.615006, 3.065685], [101.615868, 3.065512], [101.615864, 3.065346]]]}}, {"type": "Feature", "properties": {}, "geometry": {"type": "Polygon", "coordinates": [[[101.615248, 3.065746], [101.614386, 3.065919], [101.614386, 3.066065], [101.614448, 3.066065], [101.61531, 3.065892], [101.61531, 3.065746], [101.615248, 3.065746]]]}}, {"type": "Feature", "properties": {}, "geometry": {"type": "Polygon", "coordinates": [[[101.615187, 3.065746], [101.614325, 3.065919], [101.614325, 3.066065], [101.614386, 3.066065], [101.615248, 3.065892], [101.615248, 3.065746], [101.615187, 3.065746]]]}}, {"type": "Feature", "properties": {}, "geometry": {"type": "Polygon", "coordinates": [[[101.615126, 3.065746], [101.614264, 3.065919], [101.614264, 3.066065], [101.614325, 3.066065], [101.615187, 3.065892], [101.615187, 3.065746], [101.615126, 3.065746]]]}}, {"type": "Feature", "properties": {}, "geometry": {"type": "Polygon", "coordinates": [[[101.615064, 3.065746], [101.614202, 3.065919], [101.614202, 3.066065], [101.614264, 3.066065], [101.615126, 3.065892], [101.615126, 3.065746], [101.615064, 3.065746]]]}}, {"type": "Feature", "properties": {}, "geometry": {"type": "Polygon", "coordinates": [[[101.615003, 3.065746], [101.614141, 3.065919], [101.614141, 3.066065], [101.614202, 3.066065], [101.615064, 3.065892], [101.615064, 3.065746], [101.615003, 3.065746]]]}}, {"type": "Feature", "properties": {}, "geometry": {"type": "Polygon", "coordinates": [[[101.614942, 3.065746], [101.61408, 3.065919], [101.61408, 3.066065], [101.614141, 3.066065], [101.615003, 3.065892], [101.615003, 3.065746], [101.614942, 3.065746]]]}}, {"type": "Feature", "properties": {}, "geometry": {"type": "Polygon", "coordinates": [[[101.61488, 3.065746], [101.614018, 3.065919], [101.614018, 3.066065], [101.61408, 3.066065], [101.614942, 3.065892], [101.614942, 3.065746], [101.61488, 3.065746]]]}}, {"type": "Feature", "properties": {}, "geometry": {"type": "Polygon", "coordinates": [[[101.615877, 3.063182], [101.615679, 3.063183], [101.613914, 3.063538], [101.613875, 3.063594], [101.613877, 3.063679], [101.614113, 3.063676], [101.615878, 3.063321], [101.615877, 3.063182]]]}}, {"type": "Feature", "properties": {}, "geometry": {"type": "Polygon", "coordinates": [[[101.615878, 3.063321], [101.615641, 3.063325], [101.613877, 3.063679], [101.613877, 3.063744], [101.614114, 3.06374], [101.615879, 3.063385], [101.615878, 3.063321]]]}}, {"type": "Feature", "properties": {}, "geometry": {"type": "Polygon", "coordinates": [[[101.615879, 3.063385], [101.615642, 3.063389], [101.613877, 3.063744], [101.613878, 3.063798], [101.614115, 3.063795], [101.615879, 3.06344], [101.615879, 3.063385]]]}}, {"type": "Feature", "properties": {}, "geometry": {"type": "Polygon", "coordinates": [[[101.615879, 3.06344], [101.615642, 3.063444], [101.613878, 3.063798], [101.613879, 3.063861], [101.614116, 3.063858], [101.61588, 3.063503], [101.615879, 3.06344]]]}}, {"type": "Feature", "properties": {}, "geometry": {"type": "Polygon", "coordinates": [[[101.615809, 3.063428], [101.614947, 3.063601], [101.614946, 3.063761], [101.615008, 3.063762], [101.615869, 3.063588], [101.615871, 3.063428], [101.615809, 3.063428]]]}}, {"type": "Feature", "properties": {}, "geometry": {"type": "Polygon", "coordinates": [[[101.615748, 3.063427], [101.614886, 3.063601], [101.614885, 3.063761], [101.614946, 3.063761], [101.615808, 3.063588], [101.615809, 3.063428], [101.615748, 3.063427]]]}}, {"type": "Feature", "properties": {}, "geometry": {"type": "Polygon", "coordinates": [[[101.615687, 3.063427], [101.614825, 3.0636], [101.614824, 3.06376], [101.614885, 3.063761], [101.615747, 3.063587], [101.615748, 3.063427], [101.615687, 3.063427]]]}}, {"type": "Feature", "properties": {}, "geometry": {"type": "Polygon", "coordinates": [[[101.615626, 3.063426], [101.614764, 3.0636], [101.614762, 3.06376], [101.614824, 3.06376], [101.615686, 3.063587], [101.615687, 3.063427], [101.615626, 3.063426]]]}}, {"type": "Feature", "properties": {}, "geometry": {"type": "Polygon", "coordinates": [[[101.615564, 3.063426], [101.614702, 3.063599], [101.614701, 3.063759], [101.614762, 3.06376], [101.615624, 3.063586], [101.615626, 3.063426], [101.615564, 3.063426]]]}}, {"type": "Feature", "properties": {}, "geometry": {"type": "Polygon", "coordinates": [[[101.615503, 3.063425], [101.614641, 3.063598], [101.61464, 3.063759], [101.614701, 3.063759], [101.615563, 3.063586], [101.615564, 3.063426], [101.615503, 3.063425]]]}}, {"type": "Feature", "properties": {}, "geometry": {"type": "Polygon", "coordinates": [[[101.615442, 3.063425], [101.61458, 3.063598], [101.614579, 3.063758], [101.61464, 3.063759], [101.615502, 3.063585], [101.615503, 3.063425], [101.615442, 3.063425]]]}}, {"type": "Feature", "properties": {}, "geometry": {"type": "Polygon", "coordinates": [[[101.61538, 3.063424], [101.614519, 3.063598], [101.614517, 3.063758], [101.614579, 3.063758], [101.61544, 3.063585], [101.615442, 3.063425], [101.61538, 3.063424]]]}}, {"type": "Feature", "properties": {}, "geometry": {"type": "Polygon", "coordinates": [[[101.615319, 3.063424], [101.614457, 3.063597], [101.614456, 3.063757], [101.614517, 3.063758], [101.615379, 3.063584], [101.61538, 3.063424], [101.615319, 3.063424]]]}}, {"type": "Feature", "properties": {}, "geometry": {"type": "Polygon", "coordinates": [[[101.615258, 3.063423], [101.614396, 3.063597], [101.614395, 3.063757], [101.614456, 3.063757], [101.615318, 3.063584], [101.615319, 3.063424], [101.615258, 3.063423]]]}}, {"type": "Feature", "properties": {}, "geometry": {"type": "Polygon", "coordinates": [[[101.615197, 3.063423], [101.614335, 3.063596], [101.614334, 3.063756], [101.614395, 3.063757], [101.615257, 3.063583], [101.615258, 3.063423], [101.615197, 3.063423]]]}}, {"type": "Feature", "properties": {}, "geometry": {"type": "Polygon", "coordinates": [[[101.615135, 3.063422], [101.614274, 3.063596], [101.614272, 3.063756], [101.614334, 3.063756], [101.615195, 3.063583], [101.615197, 3.063423], [101.615135, 3.063422]]]}}, {"type": "Feature", "properties": {}, "geometry": {"type": "Polygon", "coordinates": [[[101.615074, 3.063422], [101.614212, 3.063595], [101.614211, 3.063755], [101.614272, 3.063756], [101.615134, 3.063583], [101.615135, 3.063422], [101.615074, 3.063422]]]}}, {"type": "Feature", "properties": {}, "geometry": {"type": "Polygon", "coordinates": [[[101.615073, 3.063623], [101.615012, 3.063623], [101.61415, 3.063797], [101.61415, 3.063955], [101.614212, 3.063954], [101.615074, 3.063781], [101.615073, 3.063623]]]}}, {"type": "Feature", "properties": {}, "geometry": {"type": "Polygon", "coordinates": [[[101.615134, 3.063623], [101.615073, 3.063623], [101.614211, 3.063797], [101.614212, 3.063954], [101.614273, 3.063954], [101.615135, 3.063781], [101.615134, 3.063623]]]}}, {"type": "Feature", "properties": {}, "geometry": {"type": "Polygon", "coordinates": [[[101.615195, 3.063623], [101.615134, 3.063623], [101.614272, 3.063796], [101.614273, 3.063954], [101.614334, 3.063954], [101.615196, 3.063781], [101.615195, 3.063623]]]}}, {"type": "Feature", "properties": {}, "geometry": {"type": "Polygon", "coordinates": [[[101.615257, 3.063623], [101.615195, 3.063623], [101.614334, 3.063796], [101.614334, 3.063954], [101.614395, 3.063954], [101.615257, 3.063781], [101.615257, 3.063623]]]}}, {"type": "Feature", "properties": {}, "geometry": {"type": "Polygon", "coordinates": [[[101.615318, 3.063623], [101.615257, 3.063623], [101.614395, 3.063796], [101.614395, 3.063954], [101.614456, 3.063954], [101.615318, 3.063781], [101.615318, 3.063623]]]}}, {"type": "Feature", "properties": {}, "geometry": {"type": "Polygon", "coordinates": [[[101.615379, 3.063622], [101.615318, 3.063623], [101.614456, 3.063796], [101.614456, 3.063954], [101.614518, 3.063954], [101.615379, 3.06378], [101.615379, 3.063622]]]}}, {"type": "Feature", "properties": {}, "geometry": {"type": "Polygon", "coordinates": [[[101.61544, 3.063622], [101.615379, 3.063622], [101.614517, 3.063796], [101.614518, 3.063954], [101.614579, 3.063954], [101.615441, 3.06378], [101.61544, 3.063622]]]}}, {"type": "Feature", "properties": {}, "geometry": {"type": "Polygon", "coordinates": [[[101.615501, 3.063622], [101.61544, 3.063622], [101.614578, 3.063796], [101.614579, 3.063954], [101.61464, 3.063953], [101.615502, 3.06378], [101.615501, 3.063622]]]}}, {"type": "Feature", "properties": {}, "geometry": {"type": "Polygon", "coordinates": [[[101.615562, 3.063622], [101.615501, 3.063622], [101.614639, 3.063795], [101.61464, 3.063953], [101.614701, 3.063953], [101.615563, 3.06378], [101.615562, 3.063622]]]}}, {"type": "Feature", "properties": {}, "geometry": {"type": "Polygon", "coordinates": [[[101.615624, 3.063622], [101.615562, 3.063622], [101.614701, 3.063795], [101.614701, 3.063953], [101.614762, 3.063953], [101.615624, 3.06378], [101.615624, 3.063622]]]}}, {"type": "Feature", "properties": {}, "geometry": {"type": "Polygon", "coordinates": [[[101.615685, 3.063622], [101.615624, 3.063622], [101.614762, 3.063795], [101.614762, 3.063953], [101.614823, 3.063953], [101.615685, 3.06378], [101.615685, 3.063622]]]}}, {"type": "Feature", "properties": {}, "geometry": {"type": "Polygon", "coordinates": [[[101.615746, 3.063621], [101.615685, 3.063622], [101.614823, 3.063795], [101.614823, 3.063953], [101.614885, 3.063953], [101.615746, 3.063779], [101.615746, 3.063621]]]}}, {"type": "Feature", "properties": {}, "geometry": {"type": "Polygon", "coordinates": [[[101.615807, 3.063621], [101.615746, 3.063621], [101.614884, 3.063795], [101.614885, 3.063953], [101.614946, 3.063953], [101.615808, 3.063779], [101.615807, 3.063621]]]}}, {"type": "Feature", "properties": {}, "geometry": {"type": "Polygon", "coordinates": [[[101.615868, 3.063621], [101.615807, 3.063621], [101.614945, 3.063795], [101.614946, 3.063953], [101.615007, 3.063952], [101.615869, 3.063779], [101.615868, 3.063621]]]}}, {"type": "Feature", "properties": {}, "geometry": {"type": "Polygon", "coordinates": [[[101.615776, 3.064199], [101.615716, 3.064199], [101.614854, 3.064373], [101.614856, 3.064519], [101.614916, 3.064519], [101.615778, 3.064346], [101.615776, 3.064199]]]}}, {"type": "Feature", "properties": {}, "geometry": {"type": "Polygon", "coordinates": [[[101.615836, 3.064198], [101.615776, 3.064199], [101.614914, 3.064372], [101.614916, 3.064519], [101.614976, 3.064518], [101.615838, 3.064345], [101.615836, 3.064198]]]}}, {"type": "Feature", "properties": {}, "geometry": {"type": "Polygon", "coordinates": [[[101.615897, 3.064197], [101.615836, 3.064198], [101.614975, 3.064371], [101.614976, 3.064518], [101.615037, 3.064517], [101.615898, 3.064344], [101.615897, 3.064197]]]}}, {"type": "Feature", "properties": {}, "geometry": {"type": "Polygon", "coordinates": [[[101.615835, 3.064001], [101.614974, 3.064175], [101.614974, 3.064316], [101.615036, 3.064316], [101.615898, 3.064143], [101.615898, 3.064001], [101.615835, 3.064001]]]}}, {"type": "Feature", "properties": {}, "geometry": {"type": "Polygon", "coordinates": [[[101.615773, 3.064001], [101.614911, 3.064175], [101.614911, 3.064316], [101.614974, 3.064316], [101.615835, 3.064143], [101.615835, 3.064001], [101.615773, 3.064001]]]}}, {"type": "Feature", "properties": {}, "geometry": {"type": "Polygon", "coordinates": [[[101.614817, 3.064189], [101.613955, 3.064362], [101.613954, 3.064518], [101.614024, 3.064518], [101.614886, 3.064345], [101.614888, 3.064189], [101.614817, 3.064189]]]}}, {"type": "Feature", "properties": {}, "geometry": {"type": "Polygon", "coordinates": [[[101.614888, 3.064189], [101.614026, 3.064363], [101.614024, 3.064518], [101.614084, 3.064519], [101.614946, 3.064346], [101.614947, 3.06419], [101.614888, 3.064189]]]}}, {"type": "Feature", "properties": {}, "geometry": {"type": "Polygon", "coordinates": [[[101.614947, 3.06419], [101.614086, 3.064363], [101.614084, 3.064519], [101.614144, 3.064519], [101.615006, 3.064346], [101.615007, 3.06419], [101.614947, 3.06419]]]}}, {"type": "Feature", "properties": {}, "geometry": {"type": "Polygon", "coordinates": [[[101.615007, 3.06419], [101.614145, 3.064364], [101.614144, 3.064519], [101.614204, 3.06452], [101.615066, 3.064347], [101.615067, 3.064191], [101.615007, 3.06419]]]}}, {"type": "Feature", "properties": {}, "geometry": {"type": "Polygon", "coordinates": [[[101.615067, 3.064191], [101.614205, 3.064364], [101.614204, 3.06452], [101.614264, 3.06452], [101.615126, 3.064347], [101.615127, 3.064192], [101.615067, 3.064191]]]}}, {"type": "Feature", "properties": {}, "geometry": {"type": "Polygon", "coordinates": [[[101.615127, 3.064192], [101.614265, 3.064365], [101.614264, 3.06452], [101.614324, 3.064521], [101.615185, 3.064348], [101.615187, 3.064192], [101.615127, 3.064192]]]}}, {"type": "Feature", "properties": {}, "geometry": {"type": "Polygon", "coordinates": [[[101.615187, 3.064192], [101.614325, 3.064365], [101.614324, 3.064521], [101.614383, 3.064521], [101.615245, 3.064348], [101.615247, 3.064193], [101.615187, 3.064192]]]}}, {"type": "Feature", "properties": {}, "geometry": {"type": "Polygon", "coordinates": [[[101.615247, 3.064193], [101.614385, 3.064366], [101.614383, 3.064521], [101.614443, 3.064522], [101.615305, 3.064349], [101.615306, 3.064193], [101.615247, 3.064193]]]}}, {"type": "Feature", "properties": {}, "geometry": {"type": "Polygon", "coordinates": [[[101.615306, 3.064193], [101.614445, 3.064366], [101.614443, 3.064522], [101.614503, 3.064522], [101.615365, 3.064349], [101.615366, 3.064194], [101.615306, 3.064193]]]}}, {"type": "Feature", "properties": {}, "geometry": {"type": "Polygon", "coordinates": [[[101.615428, 3.06399], [101.615367, 3.06399], [101.614505, 3.064163], [101.614507, 3.064314], [101.614568, 3.064314], [101.61543, 3.06414], [101.615428, 3.06399]]]}}, {"type": "Feature", "properties": {}, "geometry": {"type": "Polygon", "coordinates": [[[101.615367, 3.06399], [101.615306, 3.063991], [101.614444, 3.064164], [101.614446, 3.064315], [101.614507, 3.064314], [101.615369, 3.064141], [101.615367, 3.06399]]]}}, {"type": "Feature", "properties": {}, "geometry": {"type": "Polygon", "coordinates": [[[101.615306, 3.063991], [101.615245, 3.063991], [101.614383, 3.064165], [101.614385, 3.064315], [101.614446, 3.064315], [101.615307, 3.064141], [101.615306, 3.063991]]]}}, {"type": "Feature", "properties": {}, "geometry": {"type": "Polygon", "coordinates": [[[101.615245, 3.063991], [101.615184, 3.063992], [101.614322, 3.064165], [101.614323, 3.064316], [101.614385, 3.064315], [101.615246, 3.064142], [101.615245, 3.063991]]]}}, {"type": "Feature", "properties": {}, "geometry": {"type": "Polygon", "coordinates": [[[101.615184, 3.063992], [101.615123, 3.063992], [101.614261, 3.064166], [101.614262, 3.064316], [101.614323, 3.064316], [101.615185, 3.064143], [101.615184, 3.063992]]]}}, {"type": "Feature", "properties": {}, "geometry": {"type": "Polygon", "coordinates": [[[101.615123, 3.063992], [101.615062, 3.063993], [101.6142, 3.064166], [101.614201, 3.064317], [101.614262, 3.064316], [101.615124, 3.064143], [101.615123, 3.063992]]]}}, {"type": "Feature", "properties": {}, "geometry": {"type": "Polygon", "coordinates": [[[101.615062, 3.063993], [101.615001, 3.063993], [101.614139, 3.064167], [101.61414, 3.064318], [101.614201, 3.064317], [101.615063, 3.064144], [101.615062, 3.063993]]]}}, {"type": "Feature", "properties": {}, "geometry": {"type": "Polygon", "coordinates": [[[101.615001, 3.063993], [101.61494, 3.063994], [101.614078, 3.064167], [101.614079, 3.064318], [101.61414, 3.064318], [101.615002, 3.064144], [101.615001, 3.063993]]]}}, {"type": "Feature", "properties": {}, "geometry": {"type": "Polygon", "coordinates": [[[101.61494, 3.063994], [101.614879, 3.063995], [101.614017, 3.064168], [101.614018, 3.064319], [101.614079, 3.064318], [101.614941, 3.064145], [101.61494, 3.063994]]]}}, {"type": "Feature", "properties": {}, "geometry": {"type": "Polygon", "coordinates": [[[101.615172, 3.065017], [101.615016, 3.06502], [101.614154, 3.065193], [101.614156, 3.065256], [101.614311, 3.065253], [101.615173, 3.06508], [101.615172, 3.065017]]]}}, {"type": "Feature", "properties": {}, "geometry": {"type": "Polygon", "coordinates": [[[101.61517, 3.064954], [101.615015, 3.064958], [101.614153, 3.065131], [101.614154, 3.065193], [101.61431, 3.06519], [101.615172, 3.065017], [101.61517, 3.064954]]]}}, {"type": "Feature", "properties": {}, "geometry": {"type": "Polygon", "coordinates": [[[101.615169, 3.064892], [101.615013, 3.064895], [101.614152, 3.065068], [101.614153, 3.065131], [101.614309, 3.065128], [101.61517, 3.064954], [101.615169, 3.064892]]]}}, {"type": "Feature", "properties": {}, "geometry": {"type": "Polygon", "coordinates": [[[101.615168, 3.064829], [101.615012, 3.064833], [101.61415, 3.065006], [101.614152, 3.065068], [101.614307, 3.065065], [101.615169, 3.064892], [101.615168, 3.064829]]]}}, {"type": "Feature", "properties": {}, "geometry": {"type": "Polygon", "coordinates": [[[101.615166, 3.064767], [101.615011, 3.06477], [101.614149, 3.064943], [101.61415, 3.065006], [101.614306, 3.065002], [101.615168, 3.064829], [101.615166, 3.064767]]]}}, {"type": "Feature", "properties": {}, "geometry": {"type": "Polygon", "coordinates": [[[101.615165, 3.064704], [101.615009, 3.064707], [101.614148, 3.064881], [101.614149, 3.064943], [101.614304, 3.06494], [101.615166, 3.064767], [101.615165, 3.064704]]]}}, {"type": "Feature", "properties": {}, "geometry": {"type": "Polygon", "coordinates": [[[101.615164, 3.064641], [101.615008, 3.064645], [101.614146, 3.064818], [101.614148, 3.064881], [101.614303, 3.064877], [101.615165, 3.064704], [101.615164, 3.064641]]]}}, {"type": "Feature", "properties": {}, "geometry": {"type": "Polygon", "coordinates": [[[101.614977, 3.065011], [101.614815, 3.065013], [101.613953, 3.065186], [101.613954, 3.065248], [101.614116, 3.065246], [101.614978, 3.065073], [101.614977, 3.065011]]]}}, {"type": "Feature", "properties": {}, "geometry": {"type": "Polygon", "coordinates": [[[101.614976, 3.064949], [101.614815, 3.064951], [101.613953, 3.065125], [101.613953, 3.065186], [101.614115, 3.065184], [101.614977, 3.065011], [101.614976, 3.064949]]]}}, {"type": "Feature", "properties": {}, "geometry": {"type": "Polygon", "coordinates": [[[101.614976, 3.064888], [101.614814, 3.064889], [101.613952, 3.065063], [101.613953, 3.065125], [101.614114, 3.065123], [101.614976, 3.064949], [101.614976, 3.064888]]]}}, {"type": "Feature", "properties": {}, "geometry": {"type": "Polygon", "coordinates": [[[101.614975, 3.064826], [101.614813, 3.064828], [101.613952, 3.065001], [101.613952, 3.065063], [101.614114, 3.065061], [101.614976, 3.064888], [101.614975, 3.064826]]]}}, {"type": "Feature", "properties": {}, "geometry": {"type": "Polygon", "coordinates": [[[101.614974, 3.064764], [101.614813, 3.064766], [101.613951, 3.064939], [101.613952, 3.065001], [101.614113, 3.064999], [101.614975, 3.064826], [101.614974, 3.064764]]]}}, {"type": "Feature", "properties": {}, "geometry": {"type": "Polygon", "coordinates": [[[101.614974, 3.064702], [101.614812, 3.064704], [101.61395, 3.064877], [101.613951, 3.064939], [101.614113, 3.064937], [101.614974, 3.064764], [101.614974, 3.064702]]]}}, {"type": "Feature", "properties": {}, "geometry": {"type": "Polygon", "coordinates": [[[101.614973, 3.064641], [101.614811, 3.064642], [101.61395, 3.064815], [101.61395, 3.064877], [101.614112, 3.064876], [101.614974, 3.064702], [101.614973, 3.064641]]]}}, {"type": "Feature", "properties": {}, "geometry": {"type": "Polygon", "coordinates": [[[101.606163, 3.068357], [101.60487, 3.068617], [101.604722, 3.068662], [101.604721, 3.068804], [101.604757, 3.068901], [101.604848, 3.06905], [101.605122, 3.069049], [101.606415, 3.068789], [101.606358, 3.068613], [101.606163, 3.068357]]]}}, {"type": "Feature", "properties": {}, "geometry": {"type": "Polygon", "coordinates": [[[101.610399, 3.075519], [101.609106, 3.075779], [101.609106, 3.075824], [101.609831, 3.075825], [101.611124, 3.075565], [101.611124, 3.07552], [101.610399, 3.075519]]]}}, {"type": "Feature", "properties": {}, "geometry": {"type": "Polygon", "coordinates": [[[101.610672, 3.069992], [101.608908, 3.070347], [101.608181, 3.070653], [101.608076, 3.070824], [101.608375, 3.071219], [101.609073, 3.07109], [101.610837, 3.070735], [101.611148, 3.070252], [101.611081, 3.07021], [101.610672, 3.069992]]]}}, {"type": "Feature", "properties": {}, "geometry": {"type": "Polygon", "coordinates": [[[101.610293, 3.070816], [101.608529, 3.07117], [101.608375, 3.071219], [101.608296, 3.071585], [101.608298, 3.07163], [101.608312, 3.071671], [101.608349, 3.071712], [101.608398, 3.07174], [101.608513, 3.071772], [101.608543, 3.071772], [101.610308, 3.071418], [101.610343, 3.071396], [101.610379, 3.071366], [101.610408, 3.071326], [101.610428, 3.071288], [101.610436, 3.071258], [101.61042, 3.070925], [101.610293, 3.070816]]]}}, {"type": "Feature", "properties": {}, "geometry": {"type": "Polygon", "coordinates": [[[101.610471, 3.0705], [101.608706, 3.070855], [101.608586, 3.070966], [101.608533, 3.071045], [101.608529, 3.07117], [101.608545, 3.071215], [101.608982, 3.071471], [101.609006, 3.071469], [101.61077, 3.071114], [101.610786, 3.071101], [101.610871, 3.070974], [101.610889, 3.070945], [101.610897, 3.070918], [101.610897, 3.070888], [101.610837, 3.070735], [101.610471, 3.0705]]]}}, {"type": "Feature", "properties": {}, "geometry": {"type": "Polygon", "coordinates": [[[101.610986, 3.0699], [101.609222, 3.070255], [101.609156, 3.070276], [101.609106, 3.070326], [101.609042, 3.070433], [101.609297, 3.070596], [101.609407, 3.070656], [101.611171, 3.070301], [101.611312, 3.070086], [101.611022, 3.0699], [101.610986, 3.0699]]]}}, {"type": "Feature", "properties": {}, "geometry": {"type": "Polygon", "coordinates": [[[101.609912, 3.07126], [101.608296, 3.071585], [101.607972, 3.071792], [101.607971, 3.071971], [101.608323, 3.071976], [101.609939, 3.071651], [101.610133, 3.071546], [101.610151, 3.071448], [101.609912, 3.07126]]]}}, {"type": "Feature", "properties": {}, "geometry": {"type": "Polygon", "coordinates": [[[101.611112, 3.069705], [101.609496, 3.07003], [101.60931, 3.070137], [101.609234, 3.070255], [101.609569, 3.070454], [101.611185, 3.070129], [101.611357, 3.070035], [101.611356, 3.069808], [101.611112, 3.069705]]]}}, {"type": "Feature", "properties": {}, "geometry": {"type": "Polygon", "coordinates": [[[101.608999, 3.070603], [101.607706, 3.070863], [101.60762, 3.070917], [101.607939, 3.071534], [101.608048, 3.071686], [101.609341, 3.071426], [101.609401, 3.071372], [101.609316, 3.070835], [101.6092, 3.070712], [101.609147, 3.070677], [101.608999, 3.070603]]]}}, {"type": "Feature", "properties": {}, "geometry": {"type": "Polygon", "coordinates": [[[101.608999, 3.070603], [101.607706, 3.070863], [101.60762, 3.070917], [101.607939, 3.071534], [101.608048, 3.071686], [101.609341, 3.071426], [101.609401, 3.071372], [101.609316, 3.070835], [101.6092, 3.070712], [101.609147, 3.070677], [101.608999, 3.070603]]]}}]}