{"type": "FeatureCollection", "features": [{"type": "Feature", "properties": {}, "geometry": {"type": "Polygon", "coordinates": [[[101.606618, 3.071528], [101.605808, 3.07153], [101.605522, 3.071536], [101.605503, 3.071536], [101.604997, 3.071928], [101.605007, 3.073146], [101.605022, 3.073168], [101.605043, 3.073187], [101.605328, 3.073258], [101.605803, 3.073353], [101.607846, 3.073417], [101.608816, 3.073415], [101.608876, 3.073175], [101.608875, 3.072959], [101.608874, 3.072553], [101.607972, 3.071792], [101.607687, 3.07172], [101.607312, 3.071639], [101.606618, 3.071528]]]}}, {"type": "Feature", "properties": {}, "geometry": {"type": "Polygon", "coordinates": [[[101.612495, 3.065859], [101.612488, 3.06619], [101.612583, 3.066214], [101.612752, 3.066217], [101.612758, 3.065886], [101.612664, 3.065862], [101.612495, 3.065859]]]}}, {"type": "Feature", "properties": {}, "geometry": {"type": "Polygon", "coordinates": [[[101.606734, 3.064229], [101.606619, 3.064275], [101.606647, 3.064343], [101.606742, 3.064367], [101.606857, 3.064321], [101.606829, 3.064252], [101.606734, 3.064229]]]}}, {"type": "Feature", "properties": {}, "geometry": {"type": "Polygon", "coordinates": [[[101.61236, 3.065168], [101.612269, 3.065235], [101.612309, 3.065294], [101.612404, 3.065318], [101.612492, 3.065248], [101.612455, 3.065192], [101.61236, 3.065168]]]}}, {"type": "Feature", "properties": {}, "geometry": {"type": "Polygon", "coordinates": [[[101.610414, 3.065791], [101.609939, 3.065792], [101.609932, 3.066353], [101.610027, 3.066377], [101.610475, 3.066401], [101.610509, 3.065814], [101.610414, 3.065791]]]}}, {"type": "Feature", "properties": {}, "geometry": {"type": "Polygon", "coordinates": [[[101.599333, 3.06812], [101.599046, 3.068128], [101.599048, 3.068307], [101.599143, 3.068331], [101.59943, 3.068318], [101.599428, 3.068144], [101.599333, 3.06812]]]}}, {"type": "Feature", "properties": {}, "geometry": {"type": "Polygon", "coordinates": [[[101.60045, 3.067743], [101.600405, 3.067782], [101.600406, 3.067967], [101.600438, 3.067975], [101.600518, 3.067972], [101.600515, 3.067753], [101.600484, 3.067745], [101.60045, 3.067743]]]}}, {"type": "Feature", "properties": {}, "geometry": {"type": "Polygon", "coordinates": [[[101.602493, 3.068801], [101.602493, 3.068817], [101.60253, 3.068856], [101.602649, 3.068886], [101.602823, 3.068889], [101.602825, 3.068831], [101.602706, 3.068801], [101.602493, 3.068801]]]}}, {"type": "Feature", "properties": {}, "geometry": {"type": "Polygon", "coordinates": [[[101.602318, 3.067293], [101.602147, 3.067295], [101.60215, 3.067508], [101.602269, 3.067538], [101.602391, 3.067535], [101.602438, 3.067497], [101.602437, 3.067323], [101.602318, 3.067293]]]}}, {"type": "Feature", "properties": {}, "geometry": {"type": "Polygon", "coordinates": [[[101.602495, 3.067829], [101.602495, 3.067897], [101.602613, 3.067927], [101.602831, 3.067928], [101.602831, 3.067859], [101.602713, 3.067829], [101.602495, 3.067829]]]}}, {"type": "Feature", "properties": {}, "geometry": {"type": "Polygon", "coordinates": [[[101.605924, 3.065887], [101.605913, 3.066274], [101.606008, 3.066298], [101.606341, 3.066307], [101.606352, 3.06592], [101.606257, 3.065896], [101.605924, 3.065887]]]}}, {"type": "Feature", "properties": {}, "geometry": {"type": "Polygon", "coordinates": [[[101.604108, 3.06903], [101.603552, 3.06903], [101.603446, 3.069032], [101.603421, 3.069092], [101.603422, 3.069198], [101.603447, 3.069232], [101.603724, 3.069301], [101.603866, 3.069304], [101.604276, 3.069301], [101.604374, 3.069299], [101.604534, 3.06929], [101.604561, 3.06926], [101.604558, 3.069151], [101.60453, 3.069106], [101.604254, 3.069037], [101.604108, 3.06903]]]}}, {"type": "Feature", "properties": {}, "geometry": {"type": "Polygon", "coordinates": [[[101.601215, 3.064063], [101.601003, 3.064064], [101.600966, 3.064772], [101.600967, 3.064884], [101.601008, 3.064939], [101.601103, 3.064963], [101.601315, 3.064961], [101.60131, 3.064086], [101.601215, 3.064063]]]}}, {"type": "Feature", "properties": {}, "geometry": {"type": "Polygon", "coordinates": [[[101.599314, 3.067649], [101.599027, 3.067659], [101.599035, 3.067852], [101.59913, 3.067876], [101.599414, 3.067865], [101.599409, 3.067672], [101.599314, 3.067649]]]}}, {"type": "Feature", "properties": {}, "geometry": {"type": "Polygon", "coordinates": [[[101.602874, 3.065606], [101.602876, 3.065675], [101.602931, 3.065689], [101.603154, 3.065688], [101.603155, 3.065666], [101.603111, 3.06562], [101.603056, 3.065606], [101.602874, 3.065606]]]}}, {"type": "Feature", "properties": {}, "geometry": {"type": "Polygon", "coordinates": [[[101.600111, 3.064895], [101.599297, 3.0649], [101.599283, 3.064957], [101.599283, 3.065012], [101.599378, 3.065036], [101.600207, 3.065031], [101.600206, 3.064919], [101.600111, 3.064895]]]}}, {"type": "Feature", "properties": {}, "geometry": {"type": "Polygon", "coordinates": [[[101.604786, 3.065674], [101.604766, 3.066022], [101.605596, 3.06623], [101.605985, 3.066252], [101.606003, 3.065898], [101.605173, 3.06569], [101.604936, 3.065678], [101.604786, 3.065674]]]}}, {"type": "Feature", "properties": {}, "geometry": {"type": "Polygon", "coordinates": [[[101.599045, 3.064444], [101.599044, 3.064592], [101.599139, 3.064616], [101.599207, 3.064616], [101.599257, 3.064617], [101.599258, 3.064468], [101.599163, 3.064444], [101.599045, 3.064444]]]}}, {"type": "Feature", "properties": {}, "geometry": {"type": "Polygon", "coordinates": [[[101.603344, 3.069179], [101.603259, 3.06918], [101.603201, 3.069218], [101.603201, 3.069314], [101.603205, 3.069455], [101.60324, 3.069481], [101.603517, 3.069551], [101.60362, 3.06955], [101.603657, 3.06952], [101.603656, 3.069375], [101.603656, 3.069286], [101.603621, 3.069249], [101.603344, 3.069179]]]}}, {"type": "Feature", "properties": {}, "geometry": {"type": "Polygon", "coordinates": [[[101.603656, 3.067737], [101.603293, 3.067881], [101.603293, 3.068117], [101.603319, 3.068922], [101.603457, 3.068957], [101.604459, 3.068958], [101.60446, 3.068462], [101.604394, 3.067909], [101.604046, 3.067772], [101.603907, 3.067737], [101.603656, 3.067737]]]}}, {"type": "Feature", "properties": {}, "geometry": {"type": "Polygon", "coordinates": [[[101.605525, 3.066832], [101.605388, 3.066876], [101.60498, 3.067017], [101.605035, 3.067186], [101.605312, 3.067255], [101.605508, 3.067258], [101.605801, 3.067162], [101.605859, 3.067076], [101.605802, 3.066901], [101.605525, 3.066832]]]}}, {"type": "Feature", "properties": {}, "geometry": {"type": "Polygon", "coordinates": [[[101.600473, 3.067247], [101.600293, 3.067252], [101.600293, 3.067536], [101.600388, 3.06756], [101.600571, 3.067567], [101.600567, 3.067271], [101.600473, 3.067247]]]}}, {"type": "Feature", "properties": {}, "geometry": {"type": "Polygon", "coordinates": [[[101.60049, 3.068071], [101.600425, 3.068071], [101.600427, 3.068291], [101.600459, 3.068299], [101.600523, 3.068298], [101.600521, 3.068078], [101.60049, 3.068071]]]}}, {"type": "Feature", "properties": {}, "geometry": {"type": "Polygon", "coordinates": [[[101.600132, 3.067997], [101.599566, 3.068018], [101.599571, 3.068267], [101.599666, 3.068291], [101.600227, 3.068264], [101.600227, 3.06802], [101.600132, 3.067997]]]}}, {"type": "Feature", "properties": {}, "geometry": {"type": "Polygon", "coordinates": [[[101.605853, 3.066328], [101.605775, 3.066354], [101.605658, 3.066471], [101.605605, 3.066532], [101.605579, 3.066563], [101.605591, 3.066685], [101.60566, 3.066709], [101.605976, 3.066788], [101.60627, 3.066491], [101.606259, 3.066432], [101.606169, 3.066407], [101.605853, 3.066328]]]}}, {"type": "Feature", "properties": {}, "geometry": {"type": "Polygon", "coordinates": [[[101.602273, 3.067692], [101.602241, 3.067693], [101.602245, 3.06791], [101.602364, 3.06794], [101.602432, 3.067938], [101.602429, 3.067766], [101.602391, 3.067721], [101.602273, 3.067692]]]}}, {"type": "Feature", "properties": {}, "geometry": {"type": "Polygon", "coordinates": [[[101.602274, 3.068436], [101.602101, 3.068439], [101.601969, 3.068463], [101.601832, 3.068492], [101.601835, 3.068755], [101.60193, 3.068779], [101.602289, 3.068779], [101.60237, 3.068629], [101.602369, 3.06846], [101.602274, 3.068436]]]}}, {"type": "Feature", "properties": {}, "geometry": {"type": "Polygon", "coordinates": [[[101.604434, 3.068361], [101.604426, 3.068782], [101.604521, 3.068806], [101.604555, 3.068806], [101.604709, 3.068789], [101.604713, 3.068602], [101.604679, 3.068387], [101.604584, 3.068364], [101.604434, 3.068361]]]}}, {"type": "Feature", "properties": {}, "geometry": {"type": "Polygon", "coordinates": [[[101.604799, 3.067107], [101.60454, 3.067519], [101.604492, 3.067599], [101.604644, 3.067688], [101.604921, 3.067758], [101.605032, 3.06774], [101.605111, 3.067697], [101.605287, 3.0674], [101.605244, 3.067275], [101.605076, 3.067176], [101.604799, 3.067107]]]}}, {"type": "Feature", "properties": {}, "geometry": {"type": "Polygon", "coordinates": [[[101.60281, 3.068691], [101.602803, 3.068853], [101.602921, 3.068882], [101.603107, 3.068878], [101.603145, 3.068832], [101.603146, 3.068723], [101.603028, 3.068693], [101.60281, 3.068691]]]}}, {"type": "Feature", "properties": {}, "geometry": {"type": "Polygon", "coordinates": [[[101.605064, 3.066312], [101.605032, 3.066355], [101.605107, 3.066459], [101.605202, 3.066483], [101.605267, 3.066489], [101.605275, 3.06643], [101.605232, 3.066392], [101.605159, 3.066336], [101.605064, 3.066312]]]}}, {"type": "Feature", "properties": {}, "geometry": {"type": "Polygon", "coordinates": [[[101.601983, 3.066552], [101.60176, 3.066553], [101.601761, 3.066621], [101.601879, 3.066651], [101.602102, 3.06665], [101.602102, 3.066581], [101.601983, 3.066552]]]}}, {"type": "Feature", "properties": {}, "geometry": {"type": "Polygon", "coordinates": [[[101.602594, 3.065611], [101.602555, 3.065655], [101.602556, 3.065676], [101.602611, 3.065689], [101.602831, 3.06569], [101.602833, 3.065628], [101.602777, 3.065614], [101.602594, 3.065611]]]}}, {"type": "Feature", "properties": {}, "geometry": {"type": "Polygon", "coordinates": [[[101.59933, 3.067879], [101.59904, 3.06789], [101.599043, 3.068061], [101.599138, 3.068085], [101.599425, 3.068074], [101.599425, 3.067903], [101.59933, 3.067879]]]}}, {"type": "Feature", "properties": {}, "geometry": {"type": "Polygon", "coordinates": [[[101.604658, 3.065686], [101.604651, 3.066051], [101.604928, 3.066121], [101.60526, 3.066124], [101.605274, 3.065758], [101.604997, 3.065689], [101.604658, 3.065686]]]}}, {"type": "Feature", "properties": {}, "geometry": {"type": "Polygon", "coordinates": [[[101.604547, 3.065766], [101.60454, 3.066003], [101.604635, 3.066027], [101.604854, 3.06603], [101.604862, 3.065792], [101.604767, 3.065768], [101.604547, 3.065766]]]}}, {"type": "Feature", "properties": {}, "geometry": {"type": "Polygon", "coordinates": [[[101.604263, 3.069328], [101.603563, 3.069333], [101.603465, 3.069335], [101.603434, 3.06937], [101.603435, 3.069479], [101.603466, 3.069518], [101.603743, 3.069587], [101.603866, 3.069587], [101.604004, 3.069587], [101.604434, 3.069583], [101.604545, 3.069582], [101.604576, 3.069546], [101.604575, 3.069434], [101.604539, 3.069398], [101.604263, 3.069328]]]}}, {"type": "Feature", "properties": {}, "geometry": {"type": "Polygon", "coordinates": [[[101.602846, 3.067835], [101.602846, 3.067903], [101.602941, 3.067927], [101.603156, 3.067927], [101.603156, 3.067859], [101.603061, 3.067836], [101.602846, 3.067835]]]}}, {"type": "Feature", "properties": {}, "geometry": {"type": "Polygon", "coordinates": [[[101.602324, 3.068023], [101.602157, 3.068026], [101.60216, 3.068244], [101.602279, 3.068273], [101.602396, 3.068273], [101.602445, 3.068227], [101.602442, 3.068053], [101.602324, 3.068023]]]}}, {"type": "Feature", "properties": {}, "geometry": {"type": "Polygon", "coordinates": [[[101.602316, 3.066979], [101.602322, 3.067196], [101.602353, 3.067204], [101.602425, 3.067201], [101.602424, 3.067025], [101.602369, 3.066988], [101.602338, 3.06698], [101.602316, 3.066979]]]}}, {"type": "Feature", "properties": {}, "geometry": {"type": "Polygon", "coordinates": [[[101.600853, 3.067268], [101.600558, 3.067274], [101.600561, 3.067528], [101.600656, 3.067552], [101.600954, 3.067546], [101.600948, 3.067292], [101.600853, 3.067268]]]}}, {"type": "Feature", "properties": {}, "geometry": {"type": "Polygon", "coordinates": [[[101.604488, 3.069078], [101.604374, 3.06908], [101.604333, 3.069105], [101.604334, 3.069204], [101.604337, 3.06935], [101.604371, 3.069384], [101.604647, 3.069453], [101.604763, 3.069452], [101.604803, 3.069424], [101.604801, 3.069318], [101.604798, 3.069185], [101.604765, 3.069148], [101.604488, 3.069078]]]}}, {"type": "Feature", "properties": {}, "geometry": {"type": "Polygon", "coordinates": [[[101.600129, 3.067603], [101.599542, 3.067608], [101.599537, 3.067852], [101.599631, 3.067876], [101.599814, 3.067911], [101.600197, 3.067903], [101.600222, 3.067857], [101.600224, 3.067627], [101.600129, 3.067603]]]}}, {"type": "Feature", "properties": {}, "geometry": {"type": "Polygon", "coordinates": [[[101.59951, 3.071122], [101.599204, 3.071136], [101.599215, 3.07138], [101.599309, 3.071403], [101.599607, 3.071393], [101.599604, 3.071146], [101.59951, 3.071122]]]}}, {"type": "Feature", "properties": {}, "geometry": {"type": "Polygon", "coordinates": [[[101.601985, 3.069816], [101.60177, 3.069816], [101.60177, 3.069885], [101.601889, 3.069914], [101.602103, 3.069914], [101.602103, 3.069846], [101.601985, 3.069816]]]}}, {"type": "Feature", "properties": {}, "geometry": {"type": "Polygon", "coordinates": [[[101.599845, 3.069736], [101.599763, 3.069737], [101.599768, 3.06995], [101.599886, 3.069979], [101.599968, 3.069978], [101.599964, 3.069765], [101.599845, 3.069736]]]}}, {"type": "Feature", "properties": {}, "geometry": {"type": "Polygon", "coordinates": [[[101.602321, 3.070002], [101.60209, 3.070005], [101.60208, 3.071379], [101.602198, 3.071409], [101.602362, 3.071411], [101.602431, 3.07135], [101.60244, 3.070032], [101.602321, 3.070002]]]}}, {"type": "Feature", "properties": {}, "geometry": {"type": "Polygon", "coordinates": [[[101.599823, 3.068902], [101.599807, 3.068945], [101.599815, 3.06915], [101.599856, 3.069218], [101.59995, 3.069242], [101.600023, 3.069239], [101.600168, 3.069177], [101.600165, 3.068961], [101.60007, 3.068937], [101.599941, 3.068905], [101.599823, 3.068902]]]}}, {"type": "Feature", "properties": {}, "geometry": {"type": "Polygon", "coordinates": [[[101.599477, 3.069695], [101.599168, 3.0697], [101.599175, 3.069941], [101.59927, 3.069965], [101.599573, 3.069959], [101.599572, 3.069719], [101.599477, 3.069695]]]}}, {"type": "Feature", "properties": {}, "geometry": {"type": "Polygon", "coordinates": [[[101.60157, 3.070436], [101.600682, 3.07046], [101.60069, 3.070669], [101.600809, 3.070699], [101.60164, 3.07068], [101.601692, 3.070632], [101.601688, 3.070466], [101.60157, 3.070436]]]}}, {"type": "Feature", "properties": {}, "geometry": {"type": "Polygon", "coordinates": [[[101.601551, 3.068532], [101.601242, 3.068543], [101.601181, 3.068656], [101.601183, 3.06872], [101.60125, 3.068755], [101.601345, 3.068779], [101.601654, 3.068776], [101.601646, 3.068556], [101.601551, 3.068532]]]}}, {"type": "Feature", "properties": {}, "geometry": {"type": "Polygon", "coordinates": [[[101.600787, 3.068916], [101.600518, 3.068923], [101.600524, 3.069141], [101.600619, 3.069165], [101.600888, 3.069158], [101.600882, 3.068939], [101.600787, 3.068916]]]}}, {"type": "Feature", "properties": {}, "geometry": {"type": "Polygon", "coordinates": [[[101.599485, 3.070402], [101.599195, 3.070407], [101.599156, 3.070528], [101.599161, 3.070721], [101.599256, 3.070744], [101.599511, 3.070733], [101.599583, 3.070683], [101.59958, 3.070426], [101.599485, 3.070402]]]}}, {"type": "Feature", "properties": {}, "geometry": {"type": "Polygon", "coordinates": [[[101.600564, 3.07169], [101.600314, 3.071696], [101.600311, 3.07192], [101.600406, 3.071944], [101.600656, 3.071936], [101.600658, 3.071714], [101.600564, 3.07169]]]}}, {"type": "Feature", "properties": {}, "geometry": {"type": "Polygon", "coordinates": [[[101.601602, 3.06886], [101.601374, 3.068866], [101.601241, 3.068909], [101.601247, 3.069126], [101.601371, 3.069208], [101.601466, 3.069231], [101.601579, 3.069228], [101.601705, 3.069163], [101.601697, 3.068884], [101.601602, 3.06886]]]}}, {"type": "Feature", "properties": {}, "geometry": {"type": "Polygon", "coordinates": [[[101.601991, 3.070008], [101.60176, 3.07001], [101.60175, 3.071322], [101.601812, 3.071387], [101.60193, 3.071416], [101.602091, 3.071411], [101.60211, 3.070037], [101.601991, 3.070008]]]}}, {"type": "Feature", "properties": {}, "geometry": {"type": "Polygon", "coordinates": [[[101.601629, 3.071663], [101.601365, 3.071674], [101.60132, 3.071757], [101.601325, 3.071931], [101.60142, 3.071955], [101.601761, 3.071941], [101.601764, 3.071864], [101.601764, 3.071805], [101.601723, 3.071687], [101.601629, 3.071663]]]}}, {"type": "Feature", "properties": {}, "geometry": {"type": "Polygon", "coordinates": [[[101.599496, 3.070766], [101.599166, 3.070782], [101.599175, 3.071074], [101.59927, 3.071098], [101.599382, 3.071095], [101.599597, 3.071031], [101.599591, 3.07079], [101.599496, 3.070766]]]}}, {"type": "Feature", "properties": {}, "geometry": {"type": "Polygon", "coordinates": [[[101.605615, 3.070568], [101.605561, 3.070592], [101.605507, 3.070672], [101.605523, 3.070694], [101.605542, 3.07072], [101.605637, 3.070744], [101.605723, 3.070747], [101.605774, 3.070712], [101.60571, 3.070591], [101.605615, 3.070568]]]}}, {"type": "Feature", "properties": {}, "geometry": {"type": "Polygon", "coordinates": [[[101.599815, 3.069423], [101.599777, 3.06946], [101.599781, 3.06965], [101.599812, 3.069658], [101.599883, 3.069653], [101.59988, 3.069435], [101.599848, 3.069427], [101.599815, 3.069423]]]}}, {"type": "Feature", "properties": {}, "geometry": {"type": "Polygon", "coordinates": [[[101.601409, 3.072086], [101.601089, 3.072094], [101.601044, 3.072161], [101.601042, 3.072356], [101.60116, 3.072386], [101.601857, 3.072367], [101.601854, 3.072119], [101.601736, 3.072089], [101.601409, 3.072086]]]}}, {"type": "Feature", "properties": {}, "geometry": {"type": "Polygon", "coordinates": [[[101.602666, 3.069933], [101.60266, 3.070751], [101.602755, 3.070775], [101.602994, 3.070777], [101.603, 3.069958], [101.602905, 3.069934], [101.602666, 3.069933]]]}}, {"type": "Feature", "properties": {}, "geometry": {"type": "Polygon", "coordinates": [[[101.601537, 3.069378], [101.601525, 3.069379], [101.601528, 3.069593], [101.601647, 3.069622], [101.601698, 3.069621], [101.601702, 3.069451], [101.601656, 3.069408], [101.601537, 3.069378]]]}}, {"type": "Feature", "properties": {}, "geometry": {"type": "Polygon", "coordinates": [[[101.600618, 3.071186], [101.599802, 3.071207], [101.599805, 3.07143], [101.599924, 3.071459], [101.600739, 3.071438], [101.600736, 3.071216], [101.600618, 3.071186]]]}}, {"type": "Feature", "properties": {}, "geometry": {"type": "Polygon", "coordinates": [[[101.602312, 3.069819], [101.602095, 3.069821], [101.602096, 3.069889], [101.602214, 3.069919], [101.602432, 3.069917], [101.602431, 3.069848], [101.602312, 3.069819]]]}}, {"type": "Feature", "properties": {}, "geometry": {"type": "Polygon", "coordinates": [[[101.601018, 3.068876], [101.600828, 3.06888], [101.600833, 3.069114], [101.600904, 3.069211], [101.600999, 3.069235], [101.601114, 3.069233], [101.60124, 3.069152], [101.601236, 3.068937], [101.601113, 3.0689], [101.601018, 3.068876]]]}}, {"type": "Feature", "properties": {}, "geometry": {"type": "Polygon", "coordinates": [[[101.601977, 3.071655], [101.601733, 3.071661], [101.601669, 3.071765], [101.601669, 3.07184], [101.601733, 3.071923], [101.601828, 3.071947], [101.602121, 3.071941], [101.602115, 3.071776], [101.602072, 3.071679], [101.601977, 3.071655]]]}}, {"type": "Feature", "properties": {}, "geometry": {"type": "Polygon", "coordinates": [[[101.599528, 3.071481], [101.599225, 3.071487], [101.599166, 3.071546], [101.599169, 3.071736], [101.599264, 3.07176], [101.599633, 3.071751], [101.599691, 3.07169], [101.599685, 3.07162], [101.599623, 3.071505], [101.599528, 3.071481]]]}}, {"type": "Feature", "properties": {}, "geometry": {"type": "Polygon", "coordinates": [[[101.604399, 3.070429], [101.604196, 3.070434], [101.604193, 3.070598], [101.604209, 3.070707], [101.60422, 3.070729], [101.604416, 3.070941], [101.604692, 3.07101], [101.60488, 3.071004], [101.60488, 3.070822], [101.604676, 3.070498], [101.604399, 3.070429]]]}}, {"type": "Feature", "properties": {}, "geometry": {"type": "Polygon", "coordinates": [[[101.604116, 3.070982], [101.603911, 3.070988], [101.603915, 3.071134], [101.60401, 3.071158], [101.604215, 3.071152], [101.604211, 3.071006], [101.604116, 3.070982]]]}}, {"type": "Feature", "properties": {}, "geometry": {"type": "Polygon", "coordinates": [[[101.600604, 3.070862], [101.599773, 3.070881], [101.599781, 3.0711], [101.5999, 3.07113], [101.600726, 3.071103], [101.600723, 3.070892], [101.600604, 3.070862]]]}}, {"type": "Feature", "properties": {}, "geometry": {"type": "Polygon", "coordinates": [[[101.600583, 3.070131], [101.599768, 3.070144], [101.599703, 3.070198], [101.599704, 3.070374], [101.599822, 3.070404], [101.600706, 3.070372], [101.600701, 3.070161], [101.600583, 3.070131]]]}}, {"type": "Feature", "properties": {}, "geometry": {"type": "Polygon", "coordinates": [[[101.600583, 3.070457], [101.599708, 3.070468], [101.599712, 3.070642], [101.599781, 3.070701], [101.5999, 3.070731], [101.600709, 3.070704], [101.600702, 3.070487], [101.600583, 3.070457]]]}}, {"type": "Feature", "properties": {}, "geometry": {"type": "Polygon", "coordinates": [[[101.601143, 3.068554], [101.600899, 3.068557], [101.600832, 3.068664], [101.600836, 3.068795], [101.600931, 3.068818], [101.601281, 3.068819], [101.601278, 3.068655], [101.601238, 3.068578], [101.601143, 3.068554]]]}}, {"type": "Feature", "properties": {}, "geometry": {"type": "Polygon", "coordinates": [[[101.601522, 3.070833], [101.600705, 3.070858], [101.600709, 3.071071], [101.600827, 3.071101], [101.601713, 3.071085], [101.60171, 3.070916], [101.60164, 3.070862], [101.601522, 3.070833]]]}}, {"type": "Feature", "properties": {}, "geometry": {"type": "Polygon", "coordinates": [[[101.600784, 3.068559], [101.600525, 3.068567], [101.600467, 3.068648], [101.600468, 3.068671], [101.60047, 3.068805], [101.600565, 3.068829], [101.600878, 3.068827], [101.600878, 3.068583], [101.600784, 3.068559]]]}}, {"type": "Feature", "properties": {}, "geometry": {"type": "Polygon", "coordinates": [[[101.603562, 3.071992], [101.602363, 3.072007], [101.602365, 3.072238], [101.603323, 3.072681], [101.6036, 3.07275], [101.603847, 3.072747], [101.603839, 3.072061], [101.603562, 3.071992]]]}}, {"type": "Feature", "properties": {}, "geometry": {"type": "Polygon", "coordinates": [[[101.600774, 3.069716], [101.600693, 3.069718], [101.600696, 3.069929], [101.600815, 3.069959], [101.600896, 3.069958], [101.600893, 3.069746], [101.600774, 3.069716]]]}}, {"type": "Feature", "properties": {}, "geometry": {"type": "Polygon", "coordinates": [[[101.600763, 3.072073], [101.600674, 3.072075], [101.600218, 3.072113], [101.600225, 3.072345], [101.600343, 3.072374], [101.601047, 3.072384], [101.601047, 3.072191], [101.600881, 3.072102], [101.600763, 3.072073]]]}}, {"type": "Feature", "properties": {}, "geometry": {"type": "Polygon", "coordinates": [[[101.600424, 3.068923], [101.600172, 3.068934], [101.600177, 3.069146], [101.600274, 3.069205], [101.600369, 3.069228], [101.600431, 3.069231], [101.600524, 3.069172], [101.600519, 3.068947], [101.600424, 3.068923]]]}}, {"type": "Feature", "properties": {}, "geometry": {"type": "Polygon", "coordinates": [[[101.604383, 3.069759], [101.604207, 3.06999], [101.604183, 3.070027], [101.604175, 3.070279], [101.604451, 3.070348], [101.604666, 3.070337], [101.604894, 3.070016], [101.604883, 3.069828], [101.604606, 3.069759], [101.604383, 3.069759]]]}}, {"type": "Feature", "properties": {}, "geometry": {"type": "Polygon", "coordinates": [[[101.603616, 3.070424], [101.602832, 3.07045], [101.602836, 3.070561], [101.602846, 3.070727], [101.603122, 3.070797], [101.603903, 3.07077], [101.603899, 3.070657], [101.603893, 3.070493], [101.603616, 3.070424]]]}}, {"type": "Feature", "properties": {}, "geometry": {"type": "Polygon", "coordinates": [[[101.600067, 3.068565], [101.599791, 3.068578], [101.599797, 3.068795], [101.599856, 3.068822], [101.59995, 3.068846], [101.600267, 3.068837], [101.600267, 3.068695], [101.600162, 3.068588], [101.600067, 3.068565]]]}}, {"type": "Feature", "properties": {}, "geometry": {"type": "Polygon", "coordinates": [[[101.601625, 3.071166], [101.60074, 3.071195], [101.600744, 3.071422], [101.600839, 3.071446], [101.601646, 3.071425], [101.601721, 3.071382], [101.60172, 3.07119], [101.601625, 3.071166]]]}}, {"type": "Feature", "properties": {}, "geometry": {"type": "Polygon", "coordinates": [[[101.599459, 3.068964], [101.599141, 3.068974], [101.599141, 3.069218], [101.599174, 3.06928], [101.599269, 3.069304], [101.599409, 3.069298], [101.599553, 3.069242], [101.599553, 3.068987], [101.599459, 3.068964]]]}}, {"type": "Feature", "properties": {}, "geometry": {"type": "Polygon", "coordinates": [[[101.599477, 3.070048], [101.599179, 3.070051], [101.599182, 3.0703], [101.599277, 3.070324], [101.599575, 3.070321], [101.599572, 3.070072], [101.599477, 3.070048]]]}}, {"type": "Feature", "properties": {}, "geometry": {"type": "Polygon", "coordinates": [[[101.604826, 3.071205], [101.604542, 3.071213], [101.604542, 3.071355], [101.604637, 3.071379], [101.604921, 3.071374], [101.604921, 3.071229], [101.604826, 3.071205]]]}}, {"type": "Feature", "properties": {}, "geometry": {"type": "Polygon", "coordinates": [[[101.602291, 3.071653], [101.602092, 3.071658], [101.602097, 3.071846], [101.602192, 3.07187], [101.602385, 3.071867], [101.602385, 3.071677], [101.602291, 3.071653]]]}}, {"type": "Feature", "properties": {}, "geometry": {"type": "Polygon", "coordinates": [[[101.600153, 3.071693], [101.599884, 3.0717], [101.59989, 3.071918], [101.599985, 3.071942], [101.600256, 3.071939], [101.600248, 3.071717], [101.600153, 3.071693]]]}}, {"type": "Feature", "properties": {}, "geometry": {"type": "Polygon", "coordinates": [[[101.605045, 3.070953], [101.604947, 3.070978], [101.604868, 3.071165], [101.604869, 3.071251], [101.604964, 3.071274], [101.605229, 3.07121], [101.605199, 3.07102], [101.60514, 3.070976], [101.605045, 3.070953]]]}}, {"type": "Feature", "properties": {}, "geometry": {"type": "Polygon", "coordinates": [[[101.601966, 3.072242], [101.601902, 3.072244], [101.601902, 3.072352], [101.601997, 3.072375], [101.602067, 3.072373], [101.602061, 3.072266], [101.601966, 3.072242]]]}}, {"type": "Feature", "properties": {}, "geometry": {"type": "Polygon", "coordinates": [[[101.602703, 3.072402], [101.602462, 3.07241], [101.602432, 3.072592], [101.602481, 3.072656], [101.6026, 3.072686], [101.602667, 3.072702], [101.602774, 3.072686], [101.602822, 3.072432], [101.602703, 3.072402]]]}}, {"type": "Feature", "properties": {}, "geometry": {"type": "Polygon", "coordinates": [[[101.600918, 3.071669], [101.600663, 3.071677], [101.60066, 3.071902], [101.600776, 3.071936], [101.600871, 3.07196], [101.60101, 3.071958], [101.601013, 3.071693], [101.600918, 3.071669]]]}}, {"type": "Feature", "properties": {}, "geometry": {"type": "Polygon", "coordinates": [[[101.599475, 3.071832], [101.599083, 3.071846], [101.598952, 3.072033], [101.598955, 3.072424], [101.59905, 3.072448], [101.599575, 3.072437], [101.59957, 3.071856], [101.599475, 3.071832]]]}}, {"type": "Feature", "properties": {}, "geometry": {"type": "Polygon", "coordinates": [[[101.600422, 3.068562], [101.600172, 3.068565], [101.600172, 3.068814], [101.600267, 3.068837], [101.600565, 3.068829], [101.600562, 3.068695], [101.600516, 3.068586], [101.600422, 3.068562]]]}}, {"type": "Feature", "properties": {}, "geometry": {"type": "Polygon", "coordinates": [[[101.599469, 3.069333], [101.599116, 3.069341], [101.599116, 3.069459], [101.599147, 3.069588], [101.599183, 3.069636], [101.599278, 3.069659], [101.59942, 3.069659], [101.599561, 3.069601], [101.599564, 3.069357], [101.599469, 3.069333]]]}}, {"type": "Feature", "properties": {}, "geometry": {"type": "Polygon", "coordinates": [[[101.601269, 3.071661], [101.601012, 3.071671], [101.60102, 3.071907], [101.601114, 3.071931], [101.601256, 3.071963], [101.60142, 3.071955], [101.601415, 3.071781], [101.601364, 3.071684], [101.601269, 3.071661]]]}}, {"type": "Feature", "properties": {}, "geometry": {"type": "Polygon", "coordinates": [[[101.602282, 3.072148], [101.602118, 3.072153], [101.602121, 3.072475], [101.602153, 3.072483], [101.602319, 3.072477], [101.602313, 3.072156], [101.602282, 3.072148]]]}}, {"type": "Feature", "properties": {}, "geometry": {"type": "Polygon", "coordinates": [[[101.601593, 3.070112], [101.600677, 3.070139], [101.600682, 3.070348], [101.600801, 3.070378], [101.601678, 3.070359], [101.601715, 3.070257], [101.601712, 3.070142], [101.601593, 3.070112]]]}}, {"type": "Feature", "properties": {}, "geometry": {"type": "Polygon", "coordinates": [[[101.605556, 3.067956], [101.605443, 3.068013], [101.605282, 3.06816], [101.605199, 3.068355], [101.605172, 3.068559], [101.605199, 3.068666], [101.605294, 3.06869], [101.60568, 3.068623], [101.60579, 3.068529], [101.605798, 3.068398], [101.605734, 3.068178], [101.605685, 3.068047], [101.60565, 3.06798], [101.605556, 3.067956]]]}}, {"type": "Feature", "properties": {}, "geometry": {"type": "Polygon", "coordinates": [[[101.602833, 3.072386], [101.602793, 3.072651], [101.602912, 3.072681], [101.603494, 3.072785], [101.603545, 3.072509], [101.603426, 3.07248], [101.602833, 3.072386]]]}}, {"type": "Feature", "properties": {}, "geometry": {"type": "Polygon", "coordinates": [[[101.609099, 3.072435], [101.609095, 3.072503], [101.609143, 3.072546], [101.609261, 3.072576], [101.609417, 3.072573], [101.609418, 3.072468], [101.6093, 3.072438], [101.609099, 3.072435]]]}}, {"type": "Feature", "properties": {}, "geometry": {"type": "Polygon", "coordinates": [[[101.607876, 3.071947], [101.607874, 3.072089], [101.607869, 3.072461], [101.607964, 3.072484], [101.608757, 3.072495], [101.608763, 3.072074], [101.608764, 3.071981], [101.608669, 3.071958], [101.608228, 3.071952], [101.607876, 3.071947]]]}}, {"type": "Feature", "properties": {}, "geometry": {"type": "Polygon", "coordinates": [[[101.609165, 3.073562], [101.609106, 3.073616], [101.609105, 3.073684], [101.60916, 3.073722], [101.609254, 3.073746], [101.609326, 3.073746], [101.609435, 3.073709], [101.609435, 3.073643], [101.609321, 3.073586], [101.609227, 3.073562], [101.609165, 3.073562]]]}}, {"type": "Feature", "properties": {}, "geometry": {"type": "Polygon", "coordinates": [[[101.609307, 3.073177], [101.609098, 3.073178], [101.609098, 3.073295], [101.609138, 3.07333], [101.609256, 3.07336], [101.609431, 3.073361], [101.609425, 3.073206], [101.609307, 3.073177]]]}}, {"type": "Feature", "properties": {}, "geometry": {"type": "Polygon", "coordinates": [[[101.610098, 3.072978], [101.609366, 3.072986], [101.609366, 3.07319], [101.609484, 3.073219], [101.610219, 3.073352], [101.610217, 3.073008], [101.610098, 3.072978]]]}}, {"type": "Feature", "properties": {}, "geometry": {"type": "Polygon", "coordinates": [[[101.610366, 3.073344], [101.610149, 3.073345], [101.610149, 3.073477], [101.610267, 3.073506], [101.610428, 3.073541], [101.610487, 3.073482], [101.610484, 3.073373], [101.610366, 3.073344]]]}}, {"type": "Feature", "properties": {}, "geometry": {"type": "Polygon", "coordinates": [[[101.610093, 3.072069], [101.610033, 3.072069], [101.610034, 3.072273], [101.610153, 3.072303], [101.610213, 3.072303], [101.610212, 3.072099], [101.610093, 3.072069]]]}}, {"type": "Feature", "properties": {}, "geometry": {"type": "Polygon", "coordinates": [[[101.610367, 3.072435], [101.610143, 3.072436], [101.610141, 3.072529], [101.610259, 3.072558], [101.610433, 3.072558], [101.610485, 3.072491], [101.610485, 3.072465], [101.610367, 3.072435]]]}}, {"type": "Feature", "properties": {}, "geometry": {"type": "Polygon", "coordinates": [[[101.610084, 3.072702], [101.610023, 3.072703], [101.610024, 3.072917], [101.610143, 3.072947], [101.610203, 3.072947], [101.610202, 3.072732], [101.610084, 3.072702]]]}}, {"type": "Feature", "properties": {}, "geometry": {"type": "Polygon", "coordinates": [[[101.608009, 3.073518], [101.608005, 3.073669], [101.6081, 3.073693], [101.608517, 3.073706], [101.608522, 3.073555], [101.608427, 3.073531], [101.608009, 3.073518]]]}}, {"type": "Feature", "properties": {}, "geometry": {"type": "Polygon", "coordinates": [[[101.610097, 3.072315], [101.610037, 3.072316], [101.610039, 3.072529], [101.610157, 3.072558], [101.610217, 3.072558], [101.610215, 3.072345], [101.610097, 3.072315]]]}}, {"type": "Feature", "properties": {}, "geometry": {"type": "Polygon", "coordinates": [[[101.610516, 3.070825], [101.610243, 3.07083], [101.610245, 3.071041], [101.610245, 3.071086], [101.610277, 3.071094], [101.610547, 3.071092], [101.610548, 3.070833], [101.610516, 3.070825]]]}}, {"type": "Feature", "properties": {}, "geometry": {"type": "Polygon", "coordinates": [[[101.609516, 3.068395], [101.60947, 3.068398], [101.609046, 3.068515], [101.608963, 3.068572], [101.608977, 3.06904], [101.609355, 3.069316], [101.609829, 3.069435], [101.610268, 3.069437], [101.61029, 3.069437], [101.610412, 3.06939], [101.610414, 3.069205], [101.610315, 3.06857], [101.60984, 3.068451], [101.609516, 3.068395]]]}}, {"type": "Feature", "properties": {}, "geometry": {"type": "Polygon", "coordinates": [[[101.610128, 3.067451], [101.609984, 3.067456], [101.609742, 3.067531], [101.609528, 3.067761], [101.609243, 3.068297], [101.609243, 3.068509], [101.609338, 3.068532], [101.610006, 3.068518], [101.610218, 3.068195], [101.610336, 3.067948], [101.610339, 3.067769], [101.610223, 3.067474], [101.610128, 3.067451]]]}}, {"type": "Feature", "properties": {}, "geometry": {"type": "Polygon", "coordinates": [[[101.605199, 3.071339], [101.605089, 3.071358], [101.604998, 3.07139], [101.604923, 3.071435], [101.604995, 3.071545], [101.60509, 3.071569], [101.605738, 3.071659], [101.605806, 3.071607], [101.605717, 3.071503], [101.605682, 3.071462], [101.605624, 3.071416], [101.605529, 3.071393], [101.605384, 3.071358], [101.605323, 3.071346], [101.605285, 3.071339], [101.605199, 3.071339]]]}}, {"type": "Feature", "properties": {}, "geometry": {"type": "Polygon", "coordinates": [[[101.607026, 3.069745], [101.606916, 3.070546], [101.606991, 3.070635], [101.607085, 3.070658], [101.607123, 3.070658], [101.607263, 3.070648], [101.607303, 3.070385], [101.607201, 3.069777], [101.607106, 3.069753], [101.607026, 3.069745]]]}}, {"type": "Feature", "properties": {}, "geometry": {"type": "Polygon", "coordinates": [[[101.606446, 3.070897], [101.606441, 3.071087], [101.606536, 3.071111], [101.60664, 3.071111], [101.606648, 3.070921], [101.606553, 3.070897], [101.606446, 3.070897]]]}}, {"type": "Feature", "properties": {}, "geometry": {"type": "Polygon", "coordinates": [[[101.606071, 3.070227], [101.605821, 3.070292], [101.605902, 3.070621], [101.605947, 3.07079], [101.606042, 3.070814], [101.606629, 3.070857], [101.606686, 3.070824], [101.606707, 3.07071], [101.606166, 3.070251], [101.606071, 3.070227]]]}}, {"type": "Feature", "properties": {}, "geometry": {"type": "Polygon", "coordinates": [[[101.606368, 3.07053], [101.606342, 3.070619], [101.606728, 3.070742], [101.606823, 3.070765], [101.607442, 3.07083], [101.607571, 3.070811], [101.607582, 3.070715], [101.607487, 3.070691], [101.606368, 3.07053]]]}}, {"type": "Feature", "properties": {}, "geometry": {"type": "Polygon", "coordinates": [[[101.601275, 3.065548], [101.600443, 3.065555], [101.600447, 3.066592], [101.600557, 3.06662], [101.601537, 3.066617], [101.601532, 3.065577], [101.601421, 3.065549], [101.601275, 3.065548]]]}}, {"type": "Feature", "properties": {}, "geometry": {"type": "Polygon", "coordinates": [[[101.601377, 3.065065], [101.601292, 3.065424], [101.601291, 3.065552], [101.601386, 3.065576], [101.601532, 3.065577], [101.601685, 3.065578], [101.601687, 3.065259], [101.60161, 3.06509], [101.601515, 3.065066], [101.601377, 3.065065]]]}}, {"type": "Feature", "properties": {}, "geometry": {"type": "Polygon", "coordinates": [[[101.607973, 3.066086], [101.60688, 3.066097], [101.606883, 3.066435], [101.606978, 3.066459], [101.608071, 3.066448], [101.608068, 3.06611], [101.607973, 3.066086]]]}}, {"type": "Feature", "properties": {}, "geometry": {"type": "Polygon", "coordinates": [[[101.607229, 3.064312], [101.60694, 3.064599], [101.606935, 3.064841], [101.606929, 3.065132], [101.607261, 3.065215], [101.608122, 3.065212], [101.610337, 3.065184], [101.610402, 3.065156], [101.610439, 3.065094], [101.610445, 3.065013], [101.610437, 3.064848], [101.61041, 3.064401], [101.610078, 3.064318], [101.607229, 3.064312]]]}}, {"type": "Feature", "properties": {}, "geometry": {"type": "Polygon", "coordinates": [[[101.608359, 3.065345], [101.608354, 3.065678], [101.608449, 3.065701], [101.608769, 3.065707], [101.608775, 3.065374], [101.60868, 3.065351], [101.608359, 3.065345]]]}}, {"type": "Feature", "properties": {}, "geometry": {"type": "Polygon", "coordinates": [[[101.610803, 3.070433], [101.610719, 3.070436], [101.61041, 3.070658], [101.610409, 3.070752], [101.610504, 3.070775], [101.610676, 3.070816], [101.61081, 3.070811], [101.610897, 3.070754], [101.610898, 3.070456], [101.610803, 3.070433]]]}}, {"type": "Feature", "properties": {}, "geometry": {"type": "Polygon", "coordinates": [[[101.610173, 3.075884], [101.609937, 3.076002], [101.609936, 3.0763], [101.610019, 3.076321], [101.610252, 3.076322], [101.610337, 3.076274], [101.610338, 3.075905], [101.610255, 3.075884], [101.610173, 3.075884]]]}}, {"type": "Feature", "properties": {}, "geometry": {"type": "Polygon", "coordinates": [[[101.608769, 3.069541], [101.608762, 3.069979], [101.6099, 3.070264], [101.610401, 3.070271], [101.610407, 3.069833], [101.609269, 3.069548], [101.609136, 3.069546], [101.608769, 3.069541]]]}}, {"type": "Feature", "properties": {}, "geometry": {"type": "Polygon", "coordinates": [[[101.604819, 3.072479], [101.604711, 3.072481], [101.603635, 3.072504], [101.603636, 3.072546], [101.603665, 3.072846], [101.603829, 3.072994], [101.604304, 3.073113], [101.604551, 3.073167], [101.604981, 3.073149], [101.605, 3.073143], [101.6053, 3.07296], [101.605293, 3.072598], [101.604819, 3.072479]]]}}, {"type": "Feature", "properties": {}, "geometry": {"type": "Polygon", "coordinates": [[[101.608682, 3.065757], [101.608679, 3.066374], [101.608774, 3.066398], [101.609979, 3.066405], [101.609976, 3.065999], [101.609881, 3.065975], [101.608979, 3.065758], [101.608682, 3.065757]]]}}, {"type": "Feature", "properties": {}, "geometry": {"type": "Polygon", "coordinates": [[[101.599869, 3.062589], [101.599867, 3.062654], [101.600234, 3.062988], [101.600609, 3.063224], [101.600704, 3.063248], [101.600744, 3.063248], [101.600745, 3.063188], [101.600395, 3.062822], [101.600219, 3.062674], [101.600171, 3.062649], [101.600147, 3.062639], [101.600064, 3.062613], [101.599969, 3.06259], [101.599869, 3.062589]]]}}, {"type": "Feature", "properties": {}, "geometry": {"type": "Polygon", "coordinates": [[[101.601212, 3.063412], [101.600999, 3.063412], [101.601003, 3.064064], [101.601098, 3.064087], [101.60131, 3.064086], [101.601307, 3.063436], [101.601212, 3.063412]]]}}, {"type": "Feature", "properties": {}, "geometry": {"type": "Polygon", "coordinates": [[[101.600711, 3.063191], [101.600448, 3.063193], [101.600448, 3.063309], [101.600466, 3.063467], [101.600688, 3.063523], [101.600934, 3.063521], [101.600932, 3.063246], [101.600711, 3.063191]]]}}, {"type": "Feature", "properties": {}, "geometry": {"type": "Polygon", "coordinates": [[[101.600839, 3.063498], [101.600638, 3.063499], [101.600532, 3.063878], [101.600532, 3.063937], [101.600639, 3.064156], [101.600734, 3.06418], [101.600835, 3.064179], [101.600938, 3.064179], [101.600934, 3.063521], [101.600839, 3.063498]]]}}, {"type": "Feature", "properties": {}, "geometry": {"type": "Polygon", "coordinates": [[[101.600461, 3.06386], [101.600358, 3.063861], [101.600361, 3.064419], [101.600362, 3.064553], [101.600528, 3.064595], [101.600837, 3.064593], [101.600891, 3.064569], [101.600889, 3.064222], [101.600732, 3.06396], [101.600627, 3.063902], [101.600461, 3.06386]]]}}, {"type": "Feature", "properties": {}, "geometry": {"type": "Polygon", "coordinates": [[[101.600643, 3.064545], [101.600334, 3.064546], [101.600111, 3.064548], [101.600112, 3.064756], [101.600438, 3.064916], [101.600632, 3.064965], [101.600839, 3.064964], [101.600873, 3.064908], [101.600879, 3.064872], [101.600879, 3.064797], [101.600837, 3.064593], [101.600643, 3.064545]]]}}, {"type": "Feature", "properties": {}, "geometry": {"type": "Polygon", "coordinates": [[[101.600163, 3.06297], [101.600128, 3.063059], [101.600111, 3.063101], [101.600089, 3.063199], [101.600083, 3.063231], [101.600076, 3.063321], [101.600073, 3.063371], [101.600239, 3.063412], [101.600477, 3.063422], [101.600536, 3.063125], [101.600329, 3.063012], [101.600163, 3.06297]]]}}, {"type": "Feature", "properties": {}, "geometry": {"type": "Polygon", "coordinates": [[[101.6001, 3.063377], [101.599691, 3.064163], [101.599725, 3.064225], [101.599821, 3.064291], [101.599959, 3.064325], [101.600027, 3.064275], [101.600108, 3.064214], [101.600227, 3.064085], [101.600323, 3.063938], [101.600369, 3.063832], [101.600395, 3.06377], [101.600418, 3.063675], [101.600434, 3.0636], [101.600442, 3.063503], [101.600444, 3.06342], [101.600306, 3.063386], [101.6001, 3.063377]]]}}, {"type": "Feature", "properties": {}, "geometry": {"type": "Polygon", "coordinates": [[[101.600269, 3.064052], [101.600252, 3.064056], [101.600105, 3.064091], [101.600074, 3.064123], [101.600113, 3.064269], [101.600128, 3.064297], [101.600138, 3.064308], [101.600186, 3.064342], [101.600274, 3.064389], [101.600366, 3.064423], [101.600461, 3.064446], [101.600527, 3.064461], [101.600525, 3.064114], [101.600514, 3.064109], [101.600487, 3.064096], [101.600439, 3.064082], [101.600344, 3.064058], [101.600307, 3.064053], [101.600269, 3.064052]]]}}, {"type": "Feature", "properties": {}, "geometry": {"type": "Polygon", "coordinates": [[[101.599142, 3.066528], [101.599061, 3.06653], [101.59906, 3.066706], [101.599155, 3.06673], [101.599233, 3.066732], [101.599262, 3.06665], [101.599261, 3.066606], [101.599236, 3.066552], [101.599142, 3.066528]]]}}, {"type": "Feature", "properties": {}, "geometry": {"type": "Polygon", "coordinates": [[[101.600012, 3.066564], [101.600012, 3.066632], [101.600107, 3.066656], [101.600207, 3.066656], [101.600209, 3.066593], [101.600115, 3.066569], [101.600012, 3.066564]]]}}, {"type": "Feature", "properties": {}, "geometry": {"type": "Polygon", "coordinates": [[[101.600175, 3.06659], [101.600112, 3.066632], [101.600112, 3.066772], [101.600207, 3.066796], [101.600314, 3.066793], [101.600322, 3.066616], [101.600227, 3.066592], [101.600175, 3.06659]]]}}, {"type": "Feature", "properties": {}, "geometry": {"type": "Polygon", "coordinates": [[[101.600031, 3.065797], [101.600031, 3.06607], [101.600125, 3.066094], [101.600331, 3.066094], [101.600335, 3.065821], [101.600241, 3.065797], [101.600031, 3.065797]]]}}, {"type": "Feature", "properties": {}, "geometry": {"type": "Polygon", "coordinates": [[[101.602268, 3.065602], [101.602097, 3.065605], [101.602094, 3.065666], [101.602212, 3.065695], [101.602433, 3.065697], [101.602432, 3.065673], [101.602387, 3.065632], [101.602268, 3.065602]]]}}, {"type": "Feature", "properties": {}, "geometry": {"type": "Polygon", "coordinates": [[[101.599422, 3.062393], [101.599117, 3.062781], [101.599118, 3.063007], [101.599156, 3.063674], [101.599251, 3.063698], [101.599596, 3.063698], [101.599714, 3.063551], [101.599825, 3.063287], [101.599963, 3.062686], [101.599964, 3.062613], [101.599966, 3.062419], [101.599871, 3.062395], [101.599422, 3.062393]]]}}, {"type": "Feature", "properties": {}, "geometry": {"type": "Polygon", "coordinates": [[[101.6064, 3.074348], [101.606367, 3.074532], [101.606398, 3.07454], [101.606493, 3.074557], [101.606717, 3.074562], [101.606737, 3.074453], [101.606637, 3.074394], [101.606606, 3.074386], [101.6064, 3.074348]]]}}, {"type": "Feature", "properties": {}, "geometry": {"type": "Polygon", "coordinates": [[[101.607874, 3.065751], [101.607873, 3.066382], [101.608094, 3.066437], [101.608598, 3.066438], [101.608598, 3.065807], [101.608377, 3.065752], [101.607874, 3.065751]]]}}, {"type": "Feature", "properties": {}, "geometry": {"type": "Polygon", "coordinates": [[[101.607738, 3.065748], [101.606836, 3.065749], [101.606836, 3.065993], [101.606837, 3.066046], [101.606932, 3.06607], [101.607834, 3.066068], [101.607833, 3.065771], [101.607738, 3.065748]]]}}, {"type": "Feature", "properties": {}, "geometry": {"type": "Polygon", "coordinates": [[[101.603602, 3.066792], [101.603294, 3.066792], [101.603106, 3.066832], [101.603108, 3.067601], [101.60344, 3.067684], [101.604043, 3.067688], [101.604279, 3.067688], [101.604278, 3.067027], [101.604277, 3.066914], [101.603945, 3.066831], [101.603602, 3.066792]]]}}, {"type": "Feature", "properties": {}, "geometry": {"type": "Polygon", "coordinates": [[[101.604596, 3.067923], [101.604534, 3.06793], [101.604497, 3.067962], [101.604474, 3.068002], [101.604439, 3.068103], [101.604436, 3.068141], [101.604469, 3.068265], [101.604602, 3.068448], [101.604697, 3.068472], [101.60492, 3.068473], [101.604922, 3.068185], [101.604874, 3.067972], [101.604779, 3.067948], [101.604676, 3.067924], [101.604596, 3.067923]]]}}, {"type": "Feature", "properties": {}, "geometry": {"type": "Polygon", "coordinates": [[[101.603137, 3.069917], [101.602834, 3.069918], [101.602835, 3.070326], [101.603111, 3.070395], [101.603415, 3.070394], [101.603414, 3.069986], [101.603137, 3.069917]]]}}, {"type": "Feature", "properties": {}, "geometry": {"type": "Polygon", "coordinates": [[[101.603565, 3.069919], [101.603261, 3.06992], [101.603262, 3.070328], [101.603539, 3.070397], [101.603842, 3.070397], [101.603841, 3.069988], [101.603565, 3.069919]]]}}, {"type": "Feature", "properties": {}, "geometry": {"type": "Polygon", "coordinates": [[[101.603995, 3.069927], [101.603691, 3.069928], [101.603692, 3.070336], [101.603969, 3.070405], [101.604272, 3.070404], [101.604271, 3.069996], [101.603995, 3.069927]]]}}, {"type": "Feature", "properties": {}, "geometry": {"type": "Polygon", "coordinates": [[[101.60315, 3.071634], [101.602721, 3.071643], [101.602724, 3.071743], [101.602787, 3.071759], [101.603216, 3.071749], [101.603213, 3.071649], [101.60315, 3.071634]]]}}, {"type": "Feature", "properties": {}, "geometry": {"type": "Polygon", "coordinates": [[[101.603309, 3.071632], [101.603231, 3.071633], [101.603233, 3.071739], [101.603296, 3.071755], [101.603374, 3.071754], [101.603372, 3.071647], [101.603309, 3.071632]]]}}, {"type": "Feature", "properties": {}, "geometry": {"type": "Polygon", "coordinates": [[[101.603165, 3.071164], [101.602709, 3.071173], [101.602711, 3.071277], [101.602775, 3.071293], [101.60323, 3.071284], [101.603228, 3.07118], [101.603165, 3.071164]]]}}, {"type": "Feature", "properties": {}, "geometry": {"type": "Polygon", "coordinates": [[[101.603713, 3.07114], [101.603217, 3.07116], [101.603221, 3.071263], [101.603284, 3.071279], [101.603781, 3.071259], [101.603777, 3.071156], [101.603713, 3.07114]]]}}, {"type": "Feature", "properties": {}, "geometry": {"type": "Polygon", "coordinates": [[[101.6138, 3.063778], [101.613563, 3.063782], [101.613564, 3.063864], [101.613612, 3.063915], [101.613929, 3.063994], [101.614116, 3.063993], [101.614116, 3.063858], [101.6138, 3.063778]]]}}, {"type": "Feature", "properties": {}, "geometry": {"type": "Polygon", "coordinates": [[[101.600307, 3.072509], [101.599179, 3.072524], [101.599182, 3.072785], [101.599656, 3.072904], [101.600788, 3.072845], [101.600782, 3.072628], [101.600307, 3.072509]]]}}, {"type": "Feature", "properties": {}, "geometry": {"type": "Polygon", "coordinates": [[[101.611126, 3.075914], [101.610289, 3.07592], [101.610291, 3.076134], [101.610765, 3.076253], [101.611602, 3.076247], [101.6116, 3.076033], [101.611126, 3.075914]]]}}, {"type": "Feature", "properties": {}, "geometry": {"type": "Polygon", "coordinates": [[[101.604363, 3.075838], [101.603854, 3.07585], [101.603858, 3.076032], [101.603921, 3.076048], [101.60443, 3.076035], [101.604426, 3.075854], [101.604363, 3.075838]]]}}, {"type": "Feature", "properties": {}, "geometry": {"type": "Polygon", "coordinates": [[[101.604305, 3.075389], [101.603542, 3.075408], [101.603546, 3.075579], [101.603609, 3.075595], [101.604372, 3.075576], [101.604368, 3.075405], [101.604305, 3.075389]]]}}, {"type": "Feature", "properties": {}, "geometry": {"type": "Polygon", "coordinates": [[[101.604098, 3.075528], [101.603331, 3.075547], [101.603335, 3.075716], [101.603612, 3.075785], [101.604379, 3.075766], [101.604375, 3.075598], [101.604098, 3.075528]]]}}, {"type": "Feature", "properties": {}, "geometry": {"type": "Polygon", "coordinates": [[[101.604285, 3.074915], [101.603611, 3.074931], [101.603616, 3.075097], [101.603679, 3.075113], [101.604352, 3.075096], [101.604348, 3.074931], [101.604285, 3.074915]]]}}, {"type": "Feature", "properties": {}, "geometry": {"type": "Polygon", "coordinates": [[[101.604288, 3.075103], [101.603616, 3.07512], [101.60362, 3.075298], [101.603683, 3.075314], [101.604356, 3.075298], [101.604352, 3.075119], [101.604288, 3.075103]]]}}, {"type": "Feature", "properties": {}, "geometry": {"type": "Polygon", "coordinates": [[[101.604301, 3.074639], [101.603582, 3.074656], [101.603586, 3.074829], [101.60365, 3.074845], [101.604368, 3.074828], [101.604364, 3.074655], [101.604301, 3.074639]]]}}, {"type": "Feature", "properties": {}, "geometry": {"type": "Polygon", "coordinates": [[[101.604289, 3.074449], [101.603577, 3.074466], [101.603581, 3.074634], [101.603644, 3.07465], [101.604356, 3.074632], [101.604352, 3.074465], [101.604289, 3.074449]]]}}, {"type": "Feature", "properties": {}, "geometry": {"type": "Polygon", "coordinates": [[[101.604322, 3.07417], [101.603591, 3.074188], [101.603595, 3.074356], [101.603659, 3.074371], [101.604389, 3.074354], [101.604385, 3.074186], [101.604322, 3.07417]]]}}, {"type": "Feature", "properties": {}, "geometry": {"type": "Polygon", "coordinates": [[[101.60432, 3.073975], [101.603586, 3.073993], [101.60359, 3.074168], [101.603653, 3.074184], [101.604387, 3.074166], [101.604383, 3.073991], [101.60432, 3.073975]]]}}, {"type": "Feature", "properties": {}, "geometry": {"type": "Polygon", "coordinates": [[[101.6028, 3.075138], [101.602159, 3.075153], [101.602164, 3.075338], [101.602227, 3.075353], [101.602867, 3.075338], [101.602863, 3.075153], [101.6028, 3.075138]]]}}, {"type": "Feature", "properties": {}, "geometry": {"type": "Polygon", "coordinates": [[[101.6028, 3.07494], [101.602156, 3.074956], [101.60216, 3.075133], [101.602224, 3.075149], [101.602868, 3.075133], [101.602863, 3.074956], [101.6028, 3.07494]]]}}, {"type": "Feature", "properties": {}, "geometry": {"type": "Polygon", "coordinates": [[[101.603516, 3.075117], [101.60284, 3.075133], [101.602845, 3.07532], [101.602908, 3.075336], [101.603583, 3.075319], [101.603579, 3.075133], [101.603516, 3.075117]]]}}, {"type": "Feature", "properties": {}, "geometry": {"type": "Polygon", "coordinates": [[[101.603507, 3.07492], [101.602836, 3.074937], [101.60284, 3.075114], [101.602904, 3.07513], [101.603574, 3.075114], [101.60357, 3.074936], [101.603507, 3.07492]]]}}, {"type": "Feature", "properties": {}, "geometry": {"type": "Polygon", "coordinates": [[[101.603494, 3.074466], [101.602861, 3.074482], [101.602865, 3.074646], [101.602928, 3.074662], [101.603561, 3.074646], [101.603557, 3.074482], [101.603494, 3.074466]]]}}, {"type": "Feature", "properties": {}, "geometry": {"type": "Polygon", "coordinates": [[[101.603494, 3.074653], [101.602865, 3.074669], [101.602869, 3.074849], [101.602932, 3.074864], [101.603562, 3.074849], [101.603558, 3.074669], [101.603494, 3.074653]]]}}, {"type": "Feature", "properties": {}, "geometry": {"type": "Polygon", "coordinates": [[[101.602714, 3.074489], [101.602147, 3.074502], [101.602151, 3.07466], [101.602214, 3.074675], [101.602782, 3.074662], [101.602778, 3.074505], [101.602714, 3.074489]]]}}, {"type": "Feature", "properties": {}, "geometry": {"type": "Polygon", "coordinates": [[[101.602713, 3.074671], [101.602146, 3.074685], [101.60215, 3.074853], [101.602213, 3.074869], [101.60278, 3.074855], [101.602776, 3.074687], [101.602713, 3.074671]]]}}, {"type": "Feature", "properties": {}, "geometry": {"type": "Polygon", "coordinates": [[[101.603461, 3.073996], [101.602798, 3.074012], [101.602801, 3.074158], [101.602865, 3.074174], [101.603528, 3.074158], [101.603525, 3.074012], [101.603461, 3.073996]]]}}, {"type": "Feature", "properties": {}, "geometry": {"type": "Polygon", "coordinates": [[[101.603463, 3.074177], [101.6028, 3.074193], [101.602805, 3.074382], [101.602868, 3.074398], [101.603531, 3.074382], [101.603527, 3.074193], [101.603463, 3.074177]]]}}, {"type": "Feature", "properties": {}, "geometry": {"type": "Polygon", "coordinates": [[[101.602756, 3.074009], [101.60214, 3.074024], [101.602144, 3.074181], [101.602207, 3.074197], [101.602823, 3.074182], [101.602819, 3.074025], [101.602756, 3.074009]]]}}, {"type": "Feature", "properties": {}, "geometry": {"type": "Polygon", "coordinates": [[[101.602759, 3.074192], [101.602144, 3.074207], [101.602148, 3.074394], [101.602212, 3.07441], [101.602826, 3.074395], [101.602822, 3.074208], [101.602759, 3.074192]]]}}, {"type": "Feature", "properties": {}, "geometry": {"type": "Polygon", "coordinates": [[[101.603801, 3.075864], [101.603312, 3.075876], [101.603316, 3.076049], [101.60338, 3.076065], [101.603868, 3.076053], [101.603864, 3.07588], [101.603801, 3.075864]]]}}, {"type": "Feature", "properties": {}, "geometry": {"type": "Polygon", "coordinates": [[[101.602646, 3.075895], [101.602235, 3.075905], [101.60224, 3.076084], [101.602303, 3.0761], [101.602713, 3.07609], [101.602709, 3.075911], [101.602646, 3.075895]]]}}, {"type": "Feature", "properties": {}, "geometry": {"type": "Polygon", "coordinates": [[[101.6035, 3.07538], [101.602557, 3.075403], [101.602561, 3.075601], [101.602625, 3.075616], [101.603568, 3.075593], [101.603563, 3.075395], [101.6035, 3.07538]]]}}, {"type": "Feature", "properties": {}, "geometry": {"type": "Polygon", "coordinates": [[[101.603504, 3.075603], [101.602563, 3.075626], [101.602567, 3.075811], [101.602631, 3.075827], [101.603572, 3.075804], [101.603567, 3.075619], [101.603504, 3.075603]]]}}, {"type": "Feature", "properties": {}, "geometry": {"type": "Polygon", "coordinates": [[[101.602513, 3.075623], [101.601677, 3.075644], [101.601682, 3.075836], [101.601745, 3.075852], [101.602581, 3.075832], [101.602576, 3.075639], [101.602513, 3.075623]]]}}, {"type": "Feature", "properties": {}, "geometry": {"type": "Polygon", "coordinates": [[[101.602513, 3.075409], [101.601674, 3.07543], [101.601679, 3.075622], [101.601742, 3.075638], [101.602581, 3.075617], [101.602576, 3.075425], [101.602513, 3.075409]]]}}, {"type": "Feature", "properties": {}, "geometry": {"type": "Polygon", "coordinates": [[[101.603193, 3.075873], [101.603005, 3.075876], [101.602893, 3.076008], [101.603013, 3.076225], [101.603107, 3.076249], [101.603292, 3.076165], [101.603288, 3.075897], [101.603193, 3.075873]]]}}, {"type": "Feature", "properties": {}, "geometry": {"type": "Polygon", "coordinates": [[[101.602907, 3.075889], [101.602707, 3.075897], [101.60271, 3.075984], [101.602805, 3.076008], [101.603005, 3.076], [101.603002, 3.075913], [101.602907, 3.075889]]]}}, {"type": "Feature", "properties": {}, "geometry": {"type": "Polygon", "coordinates": [[[101.60212, 3.075149], [101.601498, 3.075164], [101.601502, 3.075339], [101.601565, 3.075355], [101.602188, 3.07534], [101.602183, 3.075165], [101.60212, 3.075149]]]}}, {"type": "Feature", "properties": {}, "geometry": {"type": "Polygon", "coordinates": [[[101.602117, 3.074961], [101.601493, 3.074977], [101.601497, 3.075147], [101.60156, 3.075163], [101.602185, 3.075148], [101.602181, 3.074977], [101.602117, 3.074961]]]}}, {"type": "Feature", "properties": {}, "geometry": {"type": "Polygon", "coordinates": [[[101.602111, 3.074679], [101.601488, 3.074694], [101.601493, 3.074871], [101.601556, 3.074887], [101.602178, 3.074871], [101.602174, 3.074695], [101.602111, 3.074679]]]}}, {"type": "Feature", "properties": {}, "geometry": {"type": "Polygon", "coordinates": [[[101.602111, 3.074499], [101.601478, 3.074515], [101.601482, 3.074677], [101.601545, 3.074693], [101.602178, 3.074678], [101.602174, 3.074515], [101.602111, 3.074499]]]}}, {"type": "Feature", "properties": {}, "geometry": {"type": "Polygon", "coordinates": [[[101.602101, 3.074032], [101.601468, 3.074047], [101.601473, 3.074215], [101.601536, 3.074231], [101.602169, 3.074216], [101.602165, 3.074048], [101.602101, 3.074032]]]}}, {"type": "Feature", "properties": {}, "geometry": {"type": "Polygon", "coordinates": [[[101.602107, 3.074215], [101.601469, 3.07423], [101.601474, 3.074409], [101.601537, 3.074425], [101.602174, 3.074409], [101.60217, 3.07423], [101.602107, 3.074215]]]}}, {"type": "Feature", "properties": {}, "geometry": {"type": "Polygon", "coordinates": [[[101.60181, 3.073559], [101.601427, 3.073568], [101.601431, 3.073723], [101.601526, 3.073747], [101.601908, 3.073738], [101.601905, 3.073582], [101.60181, 3.073559]]]}}, {"type": "Feature", "properties": {}, "geometry": {"type": "Polygon", "coordinates": [[[101.602004, 3.07374], [101.601462, 3.073754], [101.601467, 3.073948], [101.60153, 3.073964], [101.602071, 3.073951], [101.602067, 3.073756], [101.602004, 3.07374]]]}}, {"type": "Feature", "properties": {}, "geometry": {"type": "Polygon", "coordinates": [[[101.60137, 3.073564], [101.600797, 3.073578], [101.600801, 3.073753], [101.600896, 3.073776], [101.601469, 3.073762], [101.601465, 3.073588], [101.60137, 3.073564]]]}}, {"type": "Feature", "properties": {}, "geometry": {"type": "Polygon", "coordinates": [[[101.601408, 3.073761], [101.600815, 3.073775], [101.600819, 3.073946], [101.600883, 3.073962], [101.601475, 3.073948], [101.601471, 3.073777], [101.601408, 3.073761]]]}}, {"type": "Feature", "properties": {}, "geometry": {"type": "Polygon", "coordinates": [[[101.601424, 3.074048], [101.600842, 3.074063], [101.600846, 3.074224], [101.600909, 3.07424], [101.601491, 3.074226], [101.601487, 3.074064], [101.601424, 3.074048]]]}}, {"type": "Feature", "properties": {}, "geometry": {"type": "Polygon", "coordinates": [[[101.601415, 3.074233], [101.600855, 3.074247], [101.60086, 3.074417], [101.600923, 3.074433], [101.601482, 3.074419], [101.601478, 3.074249], [101.601415, 3.074233]]]}}, {"type": "Feature", "properties": {}, "geometry": {"type": "Polygon", "coordinates": [[[101.601423, 3.074518], [101.600861, 3.074532], [101.600865, 3.074682], [101.600928, 3.074698], [101.60149, 3.074684], [101.601486, 3.074534], [101.601423, 3.074518]]]}}, {"type": "Feature", "properties": {}, "geometry": {"type": "Polygon", "coordinates": [[[101.601427, 3.074698], [101.600867, 3.074712], [101.600872, 3.074883], [101.600935, 3.074899], [101.601494, 3.074885], [101.60149, 3.074714], [101.601427, 3.074698]]]}}, {"type": "Feature", "properties": {}, "geometry": {"type": "Polygon", "coordinates": [[[101.601439, 3.074977], [101.600893, 3.07499], [101.600897, 3.075148], [101.60096, 3.075164], [101.601506, 3.07515], [101.601502, 3.074993], [101.601439, 3.074977]]]}}, {"type": "Feature", "properties": {}, "geometry": {"type": "Polygon", "coordinates": [[[101.60145, 3.075169], [101.600877, 3.075183], [101.600881, 3.075349], [101.600944, 3.075365], [101.601517, 3.075351], [101.601513, 3.075185], [101.60145, 3.075169]]]}}, {"type": "Feature", "properties": {}, "geometry": {"type": "Polygon", "coordinates": [[[101.601392, 3.075459], [101.600876, 3.075471], [101.60088, 3.075625], [101.600943, 3.07564], [101.601459, 3.075628], [101.601455, 3.075474], [101.601392, 3.075459]]]}}, {"type": "Feature", "properties": {}, "geometry": {"type": "Polygon", "coordinates": [[[101.601388, 3.075658], [101.600906, 3.07567], [101.60091, 3.075824], [101.600973, 3.07584], [101.601455, 3.075828], [101.601451, 3.075674], [101.601388, 3.075658]]]}}, {"type": "Feature", "properties": {}, "geometry": {"type": "Polygon", "coordinates": [[[101.601408, 3.075926], [101.600913, 3.075938], [101.600918, 3.07615], [101.600982, 3.076166], [101.601477, 3.076154], [101.601471, 3.075942], [101.601408, 3.075926]]]}}, {"type": "Feature", "properties": {}, "geometry": {"type": "Polygon", "coordinates": [[[101.600691, 3.073593], [101.600496, 3.073597], [101.600515, 3.074453], [101.600579, 3.074469], [101.600774, 3.074465], [101.600754, 3.073609], [101.600691, 3.073593]]]}}, {"type": "Feature", "properties": {}, "geometry": {"type": "Polygon", "coordinates": [[[101.600469, 3.073605], [101.600254, 3.07361], [101.600273, 3.074457], [101.600337, 3.074473], [101.600552, 3.074468], [101.600532, 3.073621], [101.600469, 3.073605]]]}}, {"type": "Feature", "properties": {}, "geometry": {"type": "Polygon", "coordinates": [[[101.600721, 3.074503], [101.600518, 3.074508], [101.600537, 3.075351], [101.6006, 3.075367], [101.600803, 3.075362], [101.600784, 3.074519], [101.600721, 3.074503]]]}}, {"type": "Feature", "properties": {}, "geometry": {"type": "Polygon", "coordinates": [[[101.600488, 3.074494], [101.600278, 3.074499], [101.600298, 3.07536], [101.600361, 3.075375], [101.600571, 3.075371], [101.600551, 3.07451], [101.600488, 3.074494]]]}}, {"type": "Feature", "properties": {}, "geometry": {"type": "Polygon", "coordinates": [[[101.600729, 3.075422], [101.600531, 3.075426], [101.600545, 3.076047], [101.600608, 3.076063], [101.600806, 3.076058], [101.600792, 3.075438], [101.600729, 3.075422]]]}}, {"type": "Feature", "properties": {}, "geometry": {"type": "Polygon", "coordinates": [[[101.600499, 3.07543], [101.6003, 3.075435], [101.600314, 3.076026], [101.600377, 3.076042], [101.600576, 3.076038], [101.600562, 3.075446], [101.600499, 3.07543]]]}}, {"type": "Feature", "properties": {}, "geometry": {"type": "Polygon", "coordinates": [[[101.599564, 3.073535], [101.598911, 3.073553], [101.598917, 3.073757], [101.599391, 3.073876], [101.600044, 3.073857], [101.600038, 3.073653], [101.599564, 3.073535]]]}}, {"type": "Feature", "properties": {}, "geometry": {"type": "Polygon", "coordinates": [[[101.599566, 3.073804], [101.598921, 3.073822], [101.598926, 3.074021], [101.599401, 3.074139], [101.600046, 3.074121], [101.600041, 3.073922], [101.599566, 3.073804]]]}}, {"type": "Feature", "properties": {}, "geometry": {"type": "Polygon", "coordinates": [[[101.599451, 3.074995], [101.599437, 3.075214], [101.5995, 3.075229], [101.600224, 3.075278], [101.600239, 3.075059], [101.600176, 3.075043], [101.599451, 3.074995]]]}}, {"type": "Feature", "properties": {}, "geometry": {"type": "Polygon", "coordinates": [[[101.599346, 3.075233], [101.599332, 3.075448], [101.599395, 3.075464], [101.600187, 3.075517], [101.600201, 3.075302], [101.600138, 3.075286], [101.599346, 3.075233]]]}}, {"type": "Feature", "properties": {}, "geometry": {"type": "Polygon", "coordinates": [[[101.599234, 3.075544], [101.599219, 3.075756], [101.599283, 3.075772], [101.600231, 3.075835], [101.600245, 3.075623], [101.600182, 3.075607], [101.599234, 3.075544]]]}}, {"type": "Feature", "properties": {}, "geometry": {"type": "Polygon", "coordinates": [[[101.599209, 3.075774], [101.599194, 3.075998], [101.599257, 3.076014], [101.600216, 3.076078], [101.600231, 3.075855], [101.600168, 3.075839], [101.599209, 3.075774]]]}}, {"type": "Feature", "properties": {}, "geometry": {"type": "Polygon", "coordinates": [[[101.599248, 3.074382], [101.599027, 3.075154], [101.599218, 3.075208], [101.599281, 3.075224], [101.599501, 3.074452], [101.599311, 3.074398], [101.599248, 3.074382]]]}}, {"type": "Feature", "properties": {}, "geometry": {"type": "Polygon", "coordinates": [[[101.598986, 3.074434], [101.5988, 3.075088], [101.599003, 3.075146], [101.599067, 3.075162], [101.599253, 3.074508], [101.599049, 3.07445], [101.598986, 3.074434]]]}}, {"type": "Feature", "properties": {}, "geometry": {"type": "Polygon", "coordinates": [[[101.599005, 3.075207], [101.598815, 3.075872], [101.599009, 3.075927], [101.599072, 3.075943], [101.599262, 3.075278], [101.599068, 3.075223], [101.599005, 3.075207]]]}}, {"type": "Feature", "properties": {}, "geometry": {"type": "Polygon", "coordinates": [[[101.598778, 3.075139], [101.598561, 3.075901], [101.598765, 3.075959], [101.598828, 3.075975], [101.599046, 3.075213], [101.598841, 3.075154], [101.598778, 3.075139]]]}}, {"type": "Feature", "properties": {}, "geometry": {"type": "Polygon", "coordinates": [[[101.606045, 3.075658], [101.605278, 3.075677], [101.605282, 3.075842], [101.605377, 3.075865], [101.606144, 3.075847], [101.60614, 3.075682], [101.606045, 3.075658]]]}}, {"type": "Feature", "properties": {}, "geometry": {"type": "Polygon", "coordinates": [[[101.605169, 3.075678], [101.604508, 3.075694], [101.604512, 3.075856], [101.604607, 3.07588], [101.605268, 3.075864], [101.605264, 3.075702], [101.605169, 3.075678]]]}}, {"type": "Feature", "properties": {}, "geometry": {"type": "Polygon", "coordinates": [[[101.605977, 3.07586], [101.605314, 3.075876], [101.605319, 3.076051], [101.605382, 3.076066], [101.606045, 3.07605], [101.60604, 3.075876], [101.605977, 3.07586]]]}}, {"type": "Feature", "properties": {}, "geometry": {"type": "Polygon", "coordinates": [[[101.605201, 3.075883], [101.604545, 3.075899], [101.604549, 3.076056], [101.604612, 3.076072], [101.605268, 3.076056], [101.605264, 3.075899], [101.605201, 3.075883]]]}}, {"type": "Feature", "properties": {}, "geometry": {"type": "Polygon", "coordinates": [[[101.607973, 3.075665], [101.607779, 3.075668], [101.607786, 3.076017], [101.60788, 3.076041], [101.608074, 3.076037], [101.608068, 3.075689], [101.607973, 3.075665]]]}}, {"type": "Feature", "properties": {}, "geometry": {"type": "Polygon", "coordinates": [[[101.607759, 3.075654], [101.607602, 3.075657], [101.607608, 3.07602], [101.607703, 3.076044], [101.60786, 3.076041], [101.607854, 3.075678], [101.607759, 3.075654]]]}}, {"type": "Feature", "properties": {}, "geometry": {"type": "Polygon", "coordinates": [[[101.607307, 3.075666], [101.607132, 3.075669], [101.607139, 3.076012], [101.607234, 3.076036], [101.607408, 3.076033], [101.607402, 3.07569], [101.607307, 3.075666]]]}}, {"type": "Feature", "properties": {}, "geometry": {"type": "Polygon", "coordinates": [[[101.607496, 3.075658], [101.607322, 3.075661], [101.607328, 3.076012], [101.607423, 3.076036], [101.607597, 3.076033], [101.607591, 3.075682], [101.607496, 3.075658]]]}}, {"type": "Feature", "properties": {}, "geometry": {"type": "Polygon", "coordinates": [[[101.606836, 3.075649], [101.60667, 3.075652], [101.606676, 3.076022], [101.606771, 3.076045], [101.606938, 3.076042], [101.606931, 3.075672], [101.606836, 3.075649]]]}}, {"type": "Feature", "properties": {}, "geometry": {"type": "Polygon", "coordinates": [[[101.607032, 3.075645], [101.606854, 3.075648], [101.60686, 3.076019], [101.606955, 3.076042], [101.607133, 3.076039], [101.607127, 3.075669], [101.607032, 3.075645]]]}}, {"type": "Feature", "properties": {}, "geometry": {"type": "Polygon", "coordinates": [[[101.606546, 3.075659], [101.606263, 3.075664], [101.606266, 3.075825], [101.606361, 3.075849], [101.606644, 3.075844], [101.606641, 3.075682], [101.606546, 3.075659]]]}}, {"type": "Feature", "properties": {}, "geometry": {"type": "Polygon", "coordinates": [[[101.606553, 3.075848], [101.606178, 3.075855], [101.606182, 3.076032], [101.606277, 3.076056], [101.606651, 3.076049], [101.606648, 3.075872], [101.606553, 3.075848]]]}}, {"type": "Feature", "properties": {}, "geometry": {"type": "Polygon", "coordinates": [[[101.608425, 3.075984], [101.608297, 3.075986], [101.6083, 3.076182], [101.608395, 3.076205], [101.608523, 3.076203], [101.608519, 3.076008], [101.608425, 3.075984]]]}}, {"type": "Feature", "properties": {}, "geometry": {"type": "Polygon", "coordinates": [[[101.60877, 3.075835], [101.608609, 3.075838], [101.608612, 3.075962], [101.608707, 3.075986], [101.608867, 3.075983], [101.608865, 3.075859], [101.60877, 3.075835]]]}}, {"type": "Feature", "properties": {}, "geometry": {"type": "Polygon", "coordinates": [[[101.608806, 3.075976], [101.608628, 3.075979], [101.608632, 3.076166], [101.608727, 3.07619], [101.608904, 3.076186], [101.608901, 3.075999], [101.608806, 3.075976]]]}}, {"type": "Feature", "properties": {}, "geometry": {"type": "Polygon", "coordinates": [[[101.608833, 3.075916], [101.608832, 3.076077], [101.609108, 3.076147], [101.609841, 3.076152], [101.609842, 3.07599], [101.609565, 3.075921], [101.608833, 3.075916]]]}}, {"type": "Feature", "properties": {}, "geometry": {"type": "Polygon", "coordinates": [[[101.609382, 3.074264], [101.609228, 3.074341], [101.60928, 3.074447], [101.609375, 3.07447], [101.60953, 3.074394], [101.609477, 3.074288], [101.609382, 3.074264]]]}}, {"type": "Feature", "properties": {}, "geometry": {"type": "Polygon", "coordinates": [[[101.609664, 3.074338], [101.609648, 3.074435], [101.609743, 3.074459], [101.609925, 3.07449], [101.609942, 3.074392], [101.609847, 3.074369], [101.609664, 3.074338]]]}}, {"type": "Feature", "properties": {}, "geometry": {"type": "Polygon", "coordinates": [[[101.609801, 3.075252], [101.609067, 3.075261], [101.609069, 3.075445], [101.609346, 3.075514], [101.61008, 3.075505], [101.610078, 3.075321], [101.609801, 3.075252]]]}}, {"type": "Feature", "properties": {}, "geometry": {"type": "Polygon", "coordinates": [[[101.607521, 3.07536], [101.606874, 3.075366], [101.606875, 3.0755], [101.607014, 3.075534], [101.607661, 3.075528], [101.60766, 3.075394], [101.607521, 3.07536]]]}}, {"type": "Feature", "properties": {}, "geometry": {"type": "Polygon", "coordinates": [[[101.608487, 3.074808], [101.607879, 3.074815], [101.607881, 3.074944], [101.608019, 3.074978], [101.608627, 3.074972], [101.608626, 3.074843], [101.608487, 3.074808]]]}}, {"type": "Feature", "properties": {}, "geometry": {"type": "Polygon", "coordinates": [[[101.607883, 3.075199], [101.607883, 3.075317], [101.608021, 3.075352], [101.608642, 3.075352], [101.608642, 3.075234], [101.608503, 3.0752], [101.607883, 3.075199]]]}}, {"type": "Feature", "properties": {}, "geometry": {"type": "Polygon", "coordinates": [[[101.608498, 3.075348], [101.60788, 3.075352], [101.60788, 3.075469], [101.608019, 3.075504], [101.608638, 3.075499], [101.608637, 3.075382], [101.608498, 3.075348]]]}}, {"type": "Feature", "properties": {}, "geometry": {"type": "Polygon", "coordinates": [[[101.607291, 3.074426], [101.607185, 3.074468], [101.607236, 3.074595], [101.607331, 3.074619], [101.607436, 3.074577], [101.607386, 3.07445], [101.607291, 3.074426]]]}}, {"type": "Feature", "properties": {}, "geometry": {"type": "Polygon", "coordinates": [[[101.607382, 3.074843], [101.607213, 3.074909], [101.607307, 3.075145], [101.607402, 3.075169], [101.60757, 3.075103], [101.607477, 3.074867], [101.607382, 3.074843]]]}}, {"type": "Feature", "properties": {}, "geometry": {"type": "Polygon", "coordinates": [[[101.607303, 3.0746], [101.607072, 3.074613], [101.606752, 3.07474], [101.60675, 3.074918], [101.606777, 3.074987], [101.606899, 3.075113], [101.606994, 3.075137], [101.607315, 3.075011], [101.607485, 3.074846], [101.607534, 3.074734], [101.607508, 3.074666], [101.607398, 3.074624], [101.607303, 3.0746]]]}}, {"type": "Feature", "properties": {}, "geometry": {"type": "Polygon", "coordinates": [[[101.606532, 3.074695], [101.605861, 3.074712], [101.605865, 3.074891], [101.60596, 3.074915], [101.606631, 3.074898], [101.606627, 3.074719], [101.606532, 3.074695]]]}}, {"type": "Feature", "properties": {}, "geometry": {"type": "Polygon", "coordinates": [[[101.606531, 3.074893], [101.605864, 3.07491], [101.605868, 3.075097], [101.605963, 3.075121], [101.60663, 3.075105], [101.606626, 3.074917], [101.606531, 3.074893]]]}}, {"type": "Feature", "properties": {}, "geometry": {"type": "Polygon", "coordinates": [[[101.606553, 3.075163], [101.605275, 3.075194], [101.605279, 3.07538], [101.605374, 3.075404], [101.606652, 3.075372], [101.606648, 3.075187], [101.606553, 3.075163]]]}}, {"type": "Feature", "properties": {}, "geometry": {"type": "Polygon", "coordinates": [[[101.606283, 3.075379], [101.605278, 3.075404], [101.605282, 3.075584], [101.605377, 3.075607], [101.606382, 3.075583], [101.606378, 3.075403], [101.606283, 3.075379]]]}}, {"type": "Feature", "properties": {}, "geometry": {"type": "Polygon", "coordinates": [[[101.605818, 3.074716], [101.605261, 3.074729], [101.605266, 3.074903], [101.605361, 3.074927], [101.605917, 3.074913], [101.605913, 3.074739], [101.605818, 3.074716]]]}}, {"type": "Feature", "properties": {}, "geometry": {"type": "Polygon", "coordinates": [[[101.605826, 3.074909], [101.605266, 3.074923], [101.60527, 3.075111], [101.605365, 3.075135], [101.605925, 3.075121], [101.60592, 3.074933], [101.605826, 3.074909]]]}}, {"type": "Feature", "properties": {}, "geometry": {"type": "Polygon", "coordinates": [[[101.605223, 3.075403], [101.604505, 3.075419], [101.604509, 3.075603], [101.604604, 3.075626], [101.605322, 3.07561], [101.605318, 3.075426], [101.605223, 3.075403]]]}}, {"type": "Feature", "properties": {}, "geometry": {"type": "Polygon", "coordinates": [[[101.60522, 3.0752], [101.604501, 3.075217], [101.604506, 3.075397], [101.604601, 3.07542], [101.605319, 3.075404], [101.605315, 3.075224], [101.60522, 3.0752]]]}}, {"type": "Feature", "properties": {}, "geometry": {"type": "Polygon", "coordinates": [[[101.605212, 3.07492], [101.604499, 3.074937], [101.604504, 3.075121], [101.604599, 3.075145], [101.605311, 3.075129], [101.605307, 3.074944], [101.605212, 3.07492]]]}}, {"type": "Feature", "properties": {}, "geometry": {"type": "Polygon", "coordinates": [[[101.605211, 3.074733], [101.604497, 3.074749], [101.604501, 3.074919], [101.604596, 3.074943], [101.60531, 3.074927], [101.605306, 3.074757], [101.605211, 3.074733]]]}}, {"type": "Feature", "properties": {}, "geometry": {"type": "Polygon", "coordinates": [[[101.605976, 3.074405], [101.605686, 3.074412], [101.605691, 3.07462], [101.605786, 3.074644], [101.606076, 3.074637], [101.606071, 3.074429], [101.605976, 3.074405]]]}}, {"type": "Feature", "properties": {}, "geometry": {"type": "Polygon", "coordinates": [[[101.605657, 3.074408], [101.605251, 3.074417], [101.605256, 3.074632], [101.605351, 3.074656], [101.605757, 3.074646], [101.605752, 3.074431], [101.605657, 3.074408]]]}}, {"type": "Feature", "properties": {}, "geometry": {"type": "Polygon", "coordinates": [[[101.605964, 3.074201], [101.605247, 3.074219], [101.605251, 3.074398], [101.605346, 3.074422], [101.606064, 3.074404], [101.606059, 3.074225], [101.605964, 3.074201]]]}}, {"type": "Feature", "properties": {}, "geometry": {"type": "Polygon", "coordinates": [[[101.605195, 3.074204], [101.604483, 3.074223], [101.604487, 3.074411], [101.604582, 3.074435], [101.605294, 3.074416], [101.605289, 3.074228], [101.605195, 3.074204]]]}}, {"type": "Feature", "properties": {}, "geometry": {"type": "Polygon", "coordinates": [[[101.605197, 3.074414], [101.604491, 3.074433], [101.604497, 3.074657], [101.604591, 3.07468], [101.605298, 3.074662], [101.605292, 3.074438], [101.605197, 3.074414]]]}}, {"type": "Feature", "properties": {}, "geometry": {"type": "Polygon", "coordinates": [[[101.61323, 3.075503], [101.613196, 3.07551], [101.612983, 3.075715], [101.612985, 3.075953], [101.61308, 3.075977], [101.613327, 3.075975], [101.613325, 3.075527], [101.61323, 3.075503]]]}}, {"type": "Feature", "properties": {}, "geometry": {"type": "Polygon", "coordinates": [[[101.612737, 3.075101], [101.612577, 3.075263], [101.612933, 3.075612], [101.613028, 3.075635], [101.613187, 3.075473], [101.612832, 3.075124], [101.612737, 3.075101]]]}}, {"type": "Feature", "properties": {}, "geometry": {"type": "Polygon", "coordinates": [[[101.612543, 3.075312], [101.612315, 3.075313], [101.612319, 3.075888], [101.612414, 3.075911], [101.612892, 3.075908], [101.61289, 3.075586], [101.612734, 3.075406], [101.612638, 3.075336], [101.612543, 3.075312]]]}}, {"type": "Feature", "properties": {}, "geometry": {"type": "Polygon", "coordinates": [[[101.61203, 3.074886], [101.611958, 3.074888], [101.611954, 3.075157], [101.612049, 3.075181], [101.612603, 3.075194], [101.612735, 3.075064], [101.612694, 3.075008], [101.612599, 3.074985], [101.61203, 3.074886]]]}}, {"type": "Feature", "properties": {}, "geometry": {"type": "Polygon", "coordinates": [[[101.61065, 3.074643], [101.610653, 3.075028], [101.610748, 3.075052], [101.611602, 3.075046], [101.6116, 3.074816], [101.611505, 3.074792], [101.61065, 3.074643]]]}}, {"type": "Feature", "properties": {}, "geometry": {"type": "Polygon", "coordinates": [[[101.611765, 3.074833], [101.611552, 3.074835], [101.611555, 3.075278], [101.61165, 3.075302], [101.611863, 3.0753], [101.611859, 3.074857], [101.611765, 3.074833]]]}}, {"type": "Feature", "properties": {}, "geometry": {"type": "Polygon", "coordinates": [[[101.61151, 3.075046], [101.610649, 3.075053], [101.61065, 3.075282], [101.610745, 3.075306], [101.611606, 3.075299], [101.611605, 3.07507], [101.61151, 3.075046]]]}}, {"type": "Feature", "properties": {}, "geometry": {"type": "Polygon", "coordinates": [[[101.610586, 3.074627], [101.610381, 3.074628], [101.610385, 3.075286], [101.61048, 3.07531], [101.610686, 3.075308], [101.610681, 3.074651], [101.610586, 3.074627]]]}}, {"type": "Feature", "properties": {}, "geometry": {"type": "Polygon", "coordinates": [[[101.611749, 3.075743], [101.611543, 3.075744], [101.611546, 3.076229], [101.611641, 3.076252], [101.611847, 3.076251], [101.611843, 3.075766], [101.611749, 3.075743]]]}}, {"type": "Feature", "properties": {}, "geometry": {"type": "Polygon", "coordinates": [[[101.610603, 3.075757], [101.610381, 3.075759], [101.610385, 3.076227], [101.610479, 3.076251], [101.610702, 3.07625], [101.610698, 3.075781], [101.610603, 3.075757]]]}}, {"type": "Feature", "properties": {}, "geometry": {"type": "Polygon", "coordinates": [[[101.6115, 3.075751], [101.610659, 3.075757], [101.610661, 3.075969], [101.610756, 3.075993], [101.611597, 3.075987], [101.611595, 3.075774], [101.6115, 3.075751]]]}}, {"type": "Feature", "properties": {}, "geometry": {"type": "Polygon", "coordinates": [[[101.611836, 3.070723], [101.611774, 3.070724], [101.611775, 3.070877], [101.611839, 3.070893], [101.6119, 3.070892], [101.611899, 3.070739], [101.611836, 3.070723]]]}}, {"type": "Feature", "properties": {}, "geometry": {"type": "Polygon", "coordinates": [[[101.611049, 3.070729], [101.610987, 3.070729], [101.610988, 3.070889], [101.611052, 3.070905], [101.611114, 3.070905], [101.611112, 3.070745], [101.611049, 3.070729]]]}}, {"type": "Feature", "properties": {}, "geometry": {"type": "Polygon", "coordinates": [[[101.611839, 3.071085], [101.611777, 3.071086], [101.611778, 3.071237], [101.611841, 3.071253], [101.611904, 3.071252], [101.611902, 3.071101], [101.611839, 3.071085]]]}}, {"type": "Feature", "properties": {}, "geometry": {"type": "Polygon", "coordinates": [[[101.61184, 3.071273], [101.611778, 3.071273], [101.611779, 3.071428], [101.611842, 3.071443], [101.611905, 3.071443], [101.611903, 3.071288], [101.61184, 3.071273]]]}}, {"type": "Feature", "properties": {}, "geometry": {"type": "Polygon", "coordinates": [[[101.611053, 3.071091], [101.610992, 3.071091], [101.610993, 3.071246], [101.611057, 3.071262], [101.611118, 3.071262], [101.611117, 3.071106], [101.611053, 3.071091]]]}}, {"type": "Feature", "properties": {}, "geometry": {"type": "Polygon", "coordinates": [[[101.611055, 3.071281], [101.610993, 3.071282], [101.610995, 3.071433], [101.611058, 3.071448], [101.61112, 3.071448], [101.611118, 3.071297], [101.611055, 3.071281]]]}}, {"type": "Feature", "properties": {}, "geometry": {"type": "Polygon", "coordinates": [[[101.612629, 3.071641], [101.612567, 3.071641], [101.612568, 3.071791], [101.612631, 3.071807], [101.612694, 3.071807], [101.612692, 3.071657], [101.612629, 3.071641]]]}}, {"type": "Feature", "properties": {}, "geometry": {"type": "Polygon", "coordinates": [[[101.61263, 3.071833], [101.612567, 3.071834], [101.612568, 3.071981], [101.612631, 3.071997], [101.612694, 3.071996], [101.612693, 3.071849], [101.61263, 3.071833]]]}}, {"type": "Feature", "properties": {}, "geometry": {"type": "Polygon", "coordinates": [[[101.611839, 3.071635], [101.611778, 3.071636], [101.611779, 3.071794], [101.611843, 3.07181], [101.611904, 3.071809], [101.611902, 3.071651], [101.611839, 3.071635]]]}}, {"type": "Feature", "properties": {}, "geometry": {"type": "Polygon", "coordinates": [[[101.61184, 3.071831], [101.611779, 3.071832], [101.611781, 3.071987], [101.611844, 3.072003], [101.611905, 3.072002], [101.611904, 3.071847], [101.61184, 3.071831]]]}}, {"type": "Feature", "properties": {}, "geometry": {"type": "Polygon", "coordinates": [[[101.611048, 3.07164], [101.610985, 3.07164], [101.610987, 3.071797], [101.61105, 3.071812], [101.611112, 3.071812], [101.611111, 3.071655], [101.611048, 3.07164]]]}}, {"type": "Feature", "properties": {}, "geometry": {"type": "Polygon", "coordinates": [[[101.611049, 3.071832], [101.610987, 3.071832], [101.610988, 3.071986], [101.611051, 3.072002], [101.611114, 3.072002], [101.611112, 3.071848], [101.611049, 3.071832]]]}}, {"type": "Feature", "properties": {}, "geometry": {"type": "Polygon", "coordinates": [[[101.612758, 3.072191], [101.612695, 3.072192], [101.612697, 3.072345], [101.61276, 3.072361], [101.612822, 3.07236], [101.612821, 3.072207], [101.612758, 3.072191]]]}}, {"type": "Feature", "properties": {}, "geometry": {"type": "Polygon", "coordinates": [[[101.612635, 3.072385], [101.612573, 3.072386], [101.612574, 3.072543], [101.612638, 3.072558], [101.6127, 3.072558], [101.612698, 3.072401], [101.612635, 3.072385]]]}}, {"type": "Feature", "properties": {}, "geometry": {"type": "Polygon", "coordinates": [[[101.611844, 3.072191], [101.611782, 3.072191], [101.611783, 3.072345], [101.611847, 3.072361], [101.611908, 3.07236], [101.611907, 3.072207], [101.611844, 3.072191]]]}}, {"type": "Feature", "properties": {}, "geometry": {"type": "Polygon", "coordinates": [[[101.611055, 3.072195], [101.610993, 3.072195], [101.610995, 3.072354], [101.611058, 3.07237], [101.61112, 3.07237], [101.611119, 3.072211], [101.611055, 3.072195]]]}}, {"type": "Feature", "properties": {}, "geometry": {"type": "Polygon", "coordinates": [[[101.611841, 3.072382], [101.611779, 3.072382], [101.61178, 3.072539], [101.611844, 3.072555], [101.611905, 3.072554], [101.611904, 3.072398], [101.611841, 3.072382]]]}}, {"type": "Feature", "properties": {}, "geometry": {"type": "Polygon", "coordinates": [[[101.611053, 3.072384], [101.610991, 3.072384], [101.610992, 3.072544], [101.611055, 3.07256], [101.611118, 3.072559], [101.611116, 3.0724], [101.611053, 3.072384]]]}}, {"type": "Feature", "properties": {}, "geometry": {"type": "Polygon", "coordinates": [[[101.613321, 3.072747], [101.613259, 3.072748], [101.61326, 3.072901], [101.613323, 3.072917], [101.613386, 3.072916], [101.613384, 3.072763], [101.613321, 3.072747]]]}}, {"type": "Feature", "properties": {}, "geometry": {"type": "Polygon", "coordinates": [[[101.612632, 3.072945], [101.612569, 3.072946], [101.612571, 3.073095], [101.612634, 3.073111], [101.612696, 3.07311], [101.612695, 3.072961], [101.612632, 3.072945]]]}}, {"type": "Feature", "properties": {}, "geometry": {"type": "Polygon", "coordinates": [[[101.612524, 3.072748], [101.612462, 3.072748], [101.612463, 3.072899], [101.612527, 3.072915], [101.612588, 3.072915], [101.612587, 3.072764], [101.612524, 3.072748]]]}}, {"type": "Feature", "properties": {}, "geometry": {"type": "Polygon", "coordinates": [[[101.611059, 3.072757], [101.610997, 3.072758], [101.610999, 3.07291], [101.611062, 3.072926], [101.611124, 3.072926], [101.611122, 3.072773], [101.611059, 3.072757]]]}}, {"type": "Feature", "properties": {}, "geometry": {"type": "Polygon", "coordinates": [[[101.611845, 3.072944], [101.611783, 3.072944], [101.611784, 3.0731], [101.611848, 3.073115], [101.61191, 3.073115], [101.611908, 3.072959], [101.611845, 3.072944]]]}}, {"type": "Feature", "properties": {}, "geometry": {"type": "Polygon", "coordinates": [[[101.611064, 3.072948], [101.611003, 3.072949], [101.611004, 3.073101], [101.611067, 3.073117], [101.611129, 3.073117], [101.611127, 3.072964], [101.611064, 3.072948]]]}}, {"type": "Feature", "properties": {}, "geometry": {"type": "Polygon", "coordinates": [[[101.612636, 3.073303], [101.612574, 3.073303], [101.612574, 3.073458], [101.612638, 3.073474], [101.6127, 3.073473], [101.612699, 3.073319], [101.612636, 3.073303]]]}}, {"type": "Feature", "properties": {}, "geometry": {"type": "Polygon", "coordinates": [[[101.612637, 3.073494], [101.612575, 3.073494], [101.612576, 3.073647], [101.612639, 3.073663], [101.612701, 3.073663], [101.6127, 3.07351], [101.612637, 3.073494]]]}}, {"type": "Feature", "properties": {}, "geometry": {"type": "Polygon", "coordinates": [[[101.612531, 3.073307], [101.612469, 3.073307], [101.612469, 3.07346], [101.612533, 3.073476], [101.612595, 3.073476], [101.612594, 3.073323], [101.612531, 3.073307]]]}}, {"type": "Feature", "properties": {}, "geometry": {"type": "Polygon", "coordinates": [[[101.611739, 3.073301], [101.611678, 3.073302], [101.611678, 3.07346], [101.611742, 3.073476], [101.611803, 3.073476], [101.611802, 3.073317], [101.611739, 3.073301]]]}}, {"type": "Feature", "properties": {}, "geometry": {"type": "Polygon", "coordinates": [[[101.611061, 3.073493], [101.610999, 3.073493], [101.611, 3.073651], [101.611063, 3.073666], [101.611125, 3.073666], [101.611124, 3.073508], [101.611061, 3.073493]]]}}, {"type": "Feature", "properties": {}, "geometry": {"type": "Polygon", "coordinates": [[[101.611846, 3.073494], [101.611784, 3.073494], [101.611784, 3.073644], [101.611848, 3.07366], [101.61191, 3.07366], [101.611909, 3.07351], [101.611846, 3.073494]]]}}, {"type": "Feature", "properties": {}, "geometry": {"type": "Polygon", "coordinates": [[[101.612628, 3.067002], [101.612567, 3.067002], [101.612568, 3.067145], [101.612631, 3.067161], [101.612692, 3.067161], [101.612691, 3.067018], [101.612628, 3.067002]]]}}, {"type": "Feature", "properties": {}, "geometry": {"type": "Polygon", "coordinates": [[[101.612626, 3.067189], [101.612564, 3.067189], [101.612565, 3.067327], [101.612628, 3.067343], [101.61269, 3.067343], [101.612689, 3.067204], [101.612626, 3.067189]]]}}, {"type": "Feature", "properties": {}, "geometry": {"type": "Polygon", "coordinates": [[[101.611836, 3.067005], [101.611775, 3.067005], [101.611777, 3.067148], [101.61184, 3.067164], [101.611901, 3.067163], [101.6119, 3.067021], [101.611836, 3.067005]]]}}, {"type": "Feature", "properties": {}, "geometry": {"type": "Polygon", "coordinates": [[[101.611044, 3.067014], [101.610983, 3.067015], [101.610984, 3.06715], [101.611047, 3.067166], [101.611109, 3.067165], [101.611108, 3.06703], [101.611044, 3.067014]]]}}, {"type": "Feature", "properties": {}, "geometry": {"type": "Polygon", "coordinates": [[[101.611834, 3.067183], [101.611773, 3.067183], [101.611774, 3.067335], [101.611837, 3.067351], [101.611898, 3.067351], [101.611897, 3.067199], [101.611834, 3.067183]]]}}, {"type": "Feature", "properties": {}, "geometry": {"type": "Polygon", "coordinates": [[[101.611053, 3.067191], [101.610992, 3.067192], [101.610993, 3.067333], [101.611057, 3.067349], [101.611117, 3.067349], [101.611116, 3.067207], [101.611053, 3.067191]]]}}, {"type": "Feature", "properties": {}, "geometry": {"type": "Polygon", "coordinates": [[[101.61172, 3.067553], [101.611659, 3.067553], [101.611661, 3.067693], [101.611724, 3.067708], [101.611785, 3.067708], [101.611783, 3.067569], [101.61172, 3.067553]]]}}, {"type": "Feature", "properties": {}, "geometry": {"type": "Polygon", "coordinates": [[[101.611051, 3.067726], [101.610981, 3.067726], [101.610982, 3.067888], [101.611046, 3.067903], [101.611115, 3.067903], [101.611114, 3.067742], [101.611051, 3.067726]]]}}, {"type": "Feature", "properties": {}, "geometry": {"type": "Polygon", "coordinates": [[[101.612513, 3.067552], [101.612451, 3.067553], [101.612453, 3.067694], [101.612516, 3.06771], [101.612578, 3.067709], [101.612576, 3.067568], [101.612513, 3.067552]]]}}, {"type": "Feature", "properties": {}, "geometry": {"type": "Polygon", "coordinates": [[[101.611835, 3.06772], [101.611774, 3.06772], [101.611775, 3.067882], [101.611839, 3.067898], [101.6119, 3.067897], [101.611898, 3.067736], [101.611835, 3.06772]]]}}, {"type": "Feature", "properties": {}, "geometry": {"type": "Polygon", "coordinates": [[[101.613301, 3.06755], [101.613239, 3.067551], [101.613241, 3.067691], [101.613304, 3.067707], [101.613366, 3.067706], [101.613365, 3.067566], [101.613301, 3.06755]]]}}, {"type": "Feature", "properties": {}, "geometry": {"type": "Polygon", "coordinates": [[[101.612623, 3.067721], [101.612561, 3.067722], [101.612563, 3.067883], [101.612626, 3.067898], [101.612688, 3.067898], [101.612687, 3.067737], [101.612623, 3.067721]]]}}, {"type": "Feature", "properties": {}, "geometry": {"type": "Polygon", "coordinates": [[[101.613303, 3.068106], [101.613241, 3.068106], [101.613242, 3.068247], [101.613305, 3.068262], [101.613367, 3.068262], [101.613366, 3.068122], [101.613303, 3.068106]]]}}, {"type": "Feature", "properties": {}, "geometry": {"type": "Polygon", "coordinates": [[[101.612621, 3.068276], [101.612558, 3.068277], [101.61256, 3.068432], [101.612623, 3.068448], [101.612685, 3.068447], [101.612684, 3.068292], [101.612621, 3.068276]]]}}, {"type": "Feature", "properties": {}, "geometry": {"type": "Polygon", "coordinates": [[[101.612509, 3.068109], [101.612448, 3.068109], [101.612449, 3.068246], [101.612512, 3.068262], [101.612573, 3.068261], [101.612572, 3.068125], [101.612509, 3.068109]]]}}, {"type": "Feature", "properties": {}, "geometry": {"type": "Polygon", "coordinates": [[[101.611836, 3.068276], [101.611775, 3.068277], [101.611776, 3.068433], [101.61184, 3.068449], [101.611901, 3.068449], [101.6119, 3.068292], [101.611836, 3.068276]]]}}, {"type": "Feature", "properties": {}, "geometry": {"type": "Polygon", "coordinates": [[[101.611726, 3.068108], [101.611664, 3.068109], [101.611665, 3.068249], [101.611728, 3.068265], [101.61179, 3.068265], [101.611789, 3.068124], [101.611726, 3.068108]]]}}, {"type": "Feature", "properties": {}, "geometry": {"type": "Polygon", "coordinates": [[[101.611047, 3.068278], [101.610985, 3.068279], [101.610987, 3.068433], [101.61105, 3.068449], [101.611111, 3.068449], [101.61111, 3.068294], [101.611047, 3.068278]]]}}, {"type": "Feature", "properties": {}, "geometry": {"type": "Polygon", "coordinates": [[[101.613304, 3.06866], [101.613243, 3.06866], [101.613245, 3.068792], [101.613308, 3.068808], [101.613369, 3.068807], [101.613367, 3.068675], [101.613304, 3.06866]]]}}, {"type": "Feature", "properties": {}, "geometry": {"type": "Polygon", "coordinates": [[[101.612637, 3.068825], [101.612576, 3.068825], [101.612577, 3.068983], [101.61264, 3.068998], [101.612701, 3.068998], [101.6127, 3.068841], [101.612637, 3.068825]]]}}, {"type": "Feature", "properties": {}, "geometry": {"type": "Polygon", "coordinates": [[[101.612513, 3.06866], [101.612451, 3.068661], [101.612453, 3.068792], [101.612516, 3.068808], [101.612578, 3.068807], [101.612576, 3.068676], [101.612513, 3.06866]]]}}, {"type": "Feature", "properties": {}, "geometry": {"type": "Polygon", "coordinates": [[[101.611845, 3.068832], [101.611784, 3.068832], [101.611785, 3.068985], [101.611848, 3.069], [101.611909, 3.069], [101.611908, 3.068848], [101.611845, 3.068832]]]}}, {"type": "Feature", "properties": {}, "geometry": {"type": "Polygon", "coordinates": [[[101.611049, 3.06867], [101.610988, 3.06867], [101.61099, 3.068813], [101.611053, 3.068828], [101.611114, 3.068828], [101.611112, 3.068685], [101.611049, 3.06867]]]}}, {"type": "Feature", "properties": {}, "geometry": {"type": "Polygon", "coordinates": [[[101.611054, 3.068831], [101.610994, 3.068832], [101.610995, 3.068987], [101.611058, 3.069003], [101.611118, 3.069002], [101.611117, 3.068847], [101.611054, 3.068831]]]}}, {"type": "Feature", "properties": {}, "geometry": {"type": "Polygon", "coordinates": [[[101.611058, 3.069246], [101.610962, 3.069247], [101.610964, 3.069384], [101.611027, 3.069399], [101.611123, 3.069399], [101.611121, 3.069262], [101.611058, 3.069246]]]}}, {"type": "Feature", "properties": {}, "geometry": {"type": "Polygon", "coordinates": [[[101.611732, 3.069404], [101.611671, 3.069404], [101.611672, 3.069566], [101.611735, 3.069582], [101.611797, 3.069581], [101.611795, 3.06942], [101.611732, 3.069404]]]}}, {"type": "Feature", "properties": {}, "geometry": {"type": "Polygon", "coordinates": [[[101.612686, 3.069234], [101.612626, 3.069234], [101.612627, 3.069383], [101.61269, 3.069399], [101.612751, 3.069399], [101.61275, 3.069249], [101.612686, 3.069234]]]}}, {"type": "Feature", "properties": {}, "geometry": {"type": "Polygon", "coordinates": [[[101.612685, 3.069405], [101.612624, 3.069406], [101.612626, 3.069557], [101.612689, 3.069573], [101.61275, 3.069572], [101.612748, 3.069421], [101.612685, 3.069405]]]}}, {"type": "Feature", "properties": {}, "geometry": {"type": "Polygon", "coordinates": [[[101.612683, 3.069782], [101.612622, 3.069782], [101.612623, 3.06992], [101.612686, 3.069936], [101.612747, 3.069936], [101.612746, 3.069798], [101.612683, 3.069782]]]}}, {"type": "Feature", "properties": {}, "geometry": {"type": "Polygon", "coordinates": [[[101.612681, 3.069955], [101.61262, 3.069955], [101.612622, 3.070112], [101.612685, 3.070128], [101.612746, 3.070127], [101.612745, 3.06997], [101.612681, 3.069955]]]}}, {"type": "Feature", "properties": {}, "geometry": {"type": "Polygon", "coordinates": [[[101.613417, 3.07033], [101.613356, 3.070331], [101.613357, 3.070471], [101.613421, 3.070487], [101.613481, 3.070486], [101.61348, 3.070346], [101.613417, 3.07033]]]}}, {"type": "Feature", "properties": {}, "geometry": {"type": "Polygon", "coordinates": [[[101.61106, 3.069777], [101.610999, 3.069777], [101.611, 3.06994], [101.611063, 3.069956], [101.611124, 3.069955], [101.611123, 3.069793], [101.61106, 3.069777]]]}}, {"type": "Feature", "properties": {}, "geometry": {"type": "Polygon", "coordinates": [[[101.611058, 3.06996], [101.610997, 3.06996], [101.610999, 3.070114], [101.611062, 3.07013], [101.611123, 3.070129], [101.611121, 3.069976], [101.611058, 3.06996]]]}}, {"type": "Feature", "properties": {}, "geometry": {"type": "Polygon", "coordinates": [[[101.612623, 3.070333], [101.612515, 3.070334], [101.612517, 3.070473], [101.61258, 3.070489], [101.612688, 3.070488], [101.612686, 3.070348], [101.612623, 3.070333]]]}}, {"type": "Feature", "properties": {}, "geometry": {"type": "Polygon", "coordinates": [[[101.611728, 3.070338], [101.611668, 3.070338], [101.611669, 3.070487], [101.611732, 3.070503], [101.611793, 3.070503], [101.611791, 3.070354], [101.611728, 3.070338]]]}}, {"type": "Feature", "properties": {}, "geometry": {"type": "Polygon", "coordinates": [[[101.61158, 3.063394], [101.61133, 3.063398], [101.611333, 3.063536], [101.611396, 3.063552], [101.611646, 3.063548], [101.611644, 3.06341], [101.61158, 3.063394]]]}}, {"type": "Feature", "properties": {}, "geometry": {"type": "Polygon", "coordinates": [[[101.611577, 3.063541], [101.611395, 3.063546], [101.611399, 3.0637], [101.611463, 3.063715], [101.611644, 3.063711], [101.61164, 3.063557], [101.611577, 3.063541]]]}}, {"type": "Feature", "properties": {}, "geometry": {"type": "Polygon", "coordinates": [[[101.611618, 3.063564], [101.611617, 3.063688], [101.61168, 3.063704], [101.611781, 3.063705], [101.611782, 3.063581], [101.611719, 3.063565], [101.611618, 3.063564]]]}}, {"type": "Feature", "properties": {}, "geometry": {"type": "Polygon", "coordinates": [[[101.611855, 3.06355], [101.611741, 3.063551], [101.611742, 3.063698], [101.611805, 3.063714], [101.611919, 3.063713], [101.611918, 3.063566], [101.611855, 3.06355]]]}}, {"type": "Feature", "properties": {}, "geometry": {"type": "Polygon", "coordinates": [[[101.611989, 3.063552], [101.61188, 3.063552], [101.611881, 3.063698], [101.611944, 3.063714], [101.612053, 3.063713], [101.612052, 3.063567], [101.611989, 3.063552]]]}}, {"type": "Feature", "properties": {}, "geometry": {"type": "Polygon", "coordinates": [[[101.612395, 3.063405], [101.61229, 3.063406], [101.612291, 3.063554], [101.612354, 3.06357], [101.612459, 3.063569], [101.612458, 3.063421], [101.612395, 3.063405]]]}}, {"type": "Feature", "properties": {}, "geometry": {"type": "Polygon", "coordinates": [[[101.612267, 3.063406], [101.612155, 3.063407], [101.612156, 3.063554], [101.612219, 3.06357], [101.612331, 3.063569], [101.61233, 3.063422], [101.612267, 3.063406]]]}}, {"type": "Feature", "properties": {}, "geometry": {"type": "Polygon", "coordinates": [[[101.612128, 3.063416], [101.612018, 3.063417], [101.612019, 3.063559], [101.612083, 3.063575], [101.612192, 3.063574], [101.612191, 3.063432], [101.612128, 3.063416]]]}}, {"type": "Feature", "properties": {}, "geometry": {"type": "Polygon", "coordinates": [[[101.611645, 3.063925], [101.611646, 3.064019], [101.611769, 3.064126], [101.611832, 3.064142], [101.611884, 3.064143], [101.611884, 3.063944], [101.611821, 3.063928], [101.611645, 3.063925]]]}}, {"type": "Feature", "properties": {}, "geometry": {"type": "Polygon", "coordinates": [[[101.612281, 3.063914], [101.612281, 3.064052], [101.612345, 3.064068], [101.612473, 3.064068], [101.612473, 3.063929], [101.61241, 3.063914], [101.612281, 3.063914]]]}}, {"type": "Feature", "properties": {}, "geometry": {"type": "Polygon", "coordinates": [[[101.612132, 3.063899], [101.612132, 3.064049], [101.612195, 3.064065], [101.612306, 3.064065], [101.612306, 3.063915], [101.612243, 3.063899], [101.612132, 3.063899]]]}}, {"type": "Feature", "properties": {}, "geometry": {"type": "Polygon", "coordinates": [[[101.611994, 3.063899], [101.611994, 3.064048], [101.612058, 3.064064], [101.612169, 3.064064], [101.612169, 3.063915], [101.612106, 3.063899], [101.611994, 3.063899]]]}}, {"type": "Feature", "properties": {}, "geometry": {"type": "Polygon", "coordinates": [[[101.611853, 3.063905], [101.611853, 3.064051], [101.611916, 3.064067], [101.612029, 3.064067], [101.612029, 3.06392], [101.611966, 3.063905], [101.611853, 3.063905]]]}}, {"type": "Feature", "properties": {}, "geometry": {"type": "Polygon", "coordinates": [[[101.613288, 3.063405], [101.613181, 3.063406], [101.613182, 3.063552], [101.613245, 3.063568], [101.613352, 3.063568], [101.613352, 3.063421], [101.613288, 3.063405]]]}}, {"type": "Feature", "properties": {}, "geometry": {"type": "Polygon", "coordinates": [[[101.613149, 3.0634], [101.61304, 3.0634], [101.61304, 3.063552], [101.613103, 3.063568], [101.613212, 3.063568], [101.613212, 3.063416], [101.613149, 3.0634]]]}}, {"type": "Feature", "properties": {}, "geometry": {"type": "Polygon", "coordinates": [[[101.613013, 3.0634], [101.612907, 3.063401], [101.612907, 3.063552], [101.61297, 3.063567], [101.613077, 3.063567], [101.613076, 3.063416], [101.613013, 3.0634]]]}}, {"type": "Feature", "properties": {}, "geometry": {"type": "Polygon", "coordinates": [[[101.612877, 3.063404], [101.612768, 3.063405], [101.612768, 3.063552], [101.612831, 3.063567], [101.612941, 3.063567], [101.61294, 3.06342], [101.612877, 3.063404]]]}}, {"type": "Feature", "properties": {}, "geometry": {"type": "Polygon", "coordinates": [[[101.612743, 3.063549], [101.612634, 3.06355], [101.612635, 3.063702], [101.612698, 3.063718], [101.612807, 3.063717], [101.612806, 3.063565], [101.612743, 3.063549]]]}}, {"type": "Feature", "properties": {}, "geometry": {"type": "Polygon", "coordinates": [[[101.613253, 3.064885], [101.613067, 3.064891], [101.613069, 3.065072], [101.613132, 3.065088], [101.613176, 3.065092], [101.613316, 3.064956], [101.613317, 3.064901], [101.613253, 3.064885]]]}}, {"type": "Feature", "properties": {}, "geometry": {"type": "Polygon", "coordinates": [[[101.613034, 3.064902], [101.612925, 3.064902], [101.612927, 3.065044], [101.61299, 3.06506], [101.613099, 3.065059], [101.613097, 3.064918], [101.613034, 3.064902]]]}}, {"type": "Feature", "properties": {}, "geometry": {"type": "Polygon", "coordinates": [[[101.612762, 3.065047], [101.612642, 3.065047], [101.612644, 3.065192], [101.612707, 3.065208], [101.612827, 3.065207], [101.612826, 3.065063], [101.612762, 3.065047]]]}}, {"type": "Feature", "properties": {}, "geometry": {"type": "Polygon", "coordinates": [[[101.612899, 3.065046], [101.612785, 3.065047], [101.612786, 3.065191], [101.612849, 3.065206], [101.612963, 3.065206], [101.612962, 3.065062], [101.612899, 3.065046]]]}}, {"type": "Feature", "properties": {}, "geometry": {"type": "Polygon", "coordinates": [[[101.611008, 3.064389], [101.610954, 3.064389], [101.610954, 3.064511], [101.611017, 3.064526], [101.611072, 3.064526], [101.611071, 3.064404], [101.611008, 3.064389]]]}}, {"type": "Feature", "properties": {}, "geometry": {"type": "Polygon", "coordinates": [[[101.610889, 3.064053], [101.610835, 3.064054], [101.610837, 3.064179], [101.6109, 3.064195], [101.610954, 3.064194], [101.610952, 3.064069], [101.610889, 3.064053]]]}}, {"type": "Feature", "properties": {}, "geometry": {"type": "Polygon", "coordinates": [[[101.611562, 3.064546], [101.611508, 3.064546], [101.611509, 3.064672], [101.611572, 3.064688], [101.611626, 3.064687], [101.611625, 3.064561], [101.611562, 3.064546]]]}}, {"type": "Feature", "properties": {}, "geometry": {"type": "Polygon", "coordinates": [[[101.611028, 3.064885], [101.610974, 3.064885], [101.610974, 3.065006], [101.611037, 3.065022], [101.611092, 3.065022], [101.611092, 3.064901], [101.611028, 3.064885]]]}}, {"type": "Feature", "properties": {}, "geometry": {"type": "Polygon", "coordinates": [[[101.611108, 3.065038], [101.61096, 3.065039], [101.61096, 3.065103], [101.610984, 3.06517], [101.611047, 3.065186], [101.611172, 3.065184], [101.611171, 3.065054], [101.611108, 3.065038]]]}}, {"type": "Feature", "properties": {}, "geometry": {"type": "Polygon", "coordinates": [[[101.611048, 3.065876], [101.611047, 3.066015], [101.611111, 3.06603], [101.611172, 3.066031], [101.611173, 3.065892], [101.611109, 3.065876], [101.611048, 3.065876]]]}}, {"type": "Feature", "properties": {}, "geometry": {"type": "Polygon", "coordinates": [[[101.612318, 3.065869], [101.612257, 3.06587], [101.612259, 3.066007], [101.612322, 3.066023], [101.612383, 3.066023], [101.612382, 3.065885], [101.612318, 3.065869]]]}}, {"type": "Feature", "properties": {}, "geometry": {"type": "Polygon", "coordinates": [[[101.611831, 3.066041], [101.611769, 3.066041], [101.611771, 3.066201], [101.611834, 3.066217], [101.611896, 3.066217], [101.611894, 3.066057], [101.611831, 3.066041]]]}}, {"type": "Feature", "properties": {}, "geometry": {"type": "Polygon", "coordinates": [[[101.611044, 3.066045], [101.610983, 3.066046], [101.610984, 3.066207], [101.611047, 3.066223], [101.611109, 3.066223], [101.611108, 3.066061], [101.611044, 3.066045]]]}}, {"type": "Feature", "properties": {}, "geometry": {"type": "Polygon", "coordinates": [[[101.611828, 3.066428], [101.611766, 3.066429], [101.611767, 3.066572], [101.611831, 3.066588], [101.611892, 3.066587], [101.611891, 3.066444], [101.611828, 3.066428]]]}}, {"type": "Feature", "properties": {}, "geometry": {"type": "Polygon", "coordinates": [[[101.611829, 3.066587], [101.611768, 3.066588], [101.61177, 3.066745], [101.611833, 3.066761], [101.611894, 3.06676], [101.611893, 3.066603], [101.611829, 3.066587]]]}}, {"type": "Feature", "properties": {}, "geometry": {"type": "Polygon", "coordinates": [[[101.611046, 3.066427], [101.610985, 3.066428], [101.610987, 3.06658], [101.61105, 3.066596], [101.611111, 3.066595], [101.611109, 3.066443], [101.611046, 3.066427]]]}}, {"type": "Feature", "properties": {}, "geometry": {"type": "Polygon", "coordinates": [[[101.611046, 3.066596], [101.610985, 3.066597], [101.610987, 3.066756], [101.61105, 3.066772], [101.61111, 3.066772], [101.611109, 3.066612], [101.611046, 3.066596]]]}}, {"type": "Feature", "properties": {}, "geometry": {"type": "Polygon", "coordinates": [[[101.612449, 3.065704], [101.612449, 3.065967], [101.612923, 3.066085], [101.613392, 3.066085], [101.613392, 3.065823], [101.612918, 3.065704], [101.612449, 3.065704]]]}}, {"type": "Feature", "properties": {}, "geometry": {"type": "Polygon", "coordinates": [[[101.612638, 3.066081], [101.612638, 3.066143], [101.612954, 3.066222], [101.613162, 3.066222], [101.613162, 3.066161], [101.612846, 3.066081], [101.612638, 3.066081]]]}}, {"type": "Feature", "properties": {}, "geometry": {"type": "Polygon", "coordinates": [[[101.612893, 3.06608], [101.612893, 3.066141], [101.613209, 3.06622], [101.613415, 3.06622], [101.613415, 3.066159], [101.613099, 3.06608], [101.612893, 3.06608]]]}}, {"type": "Feature", "properties": {}, "geometry": {"type": "Polygon", "coordinates": [[[101.612176, 3.066408], [101.612176, 3.06675], [101.61227, 3.066774], [101.612488, 3.066774], [101.612488, 3.066432], [101.612393, 3.066408], [101.612176, 3.066408]]]}}, {"type": "Feature", "properties": {}, "geometry": {"type": "Polygon", "coordinates": [[[101.613174, 3.062902], [101.613082, 3.062906], [101.61309, 3.063068], [101.613153, 3.063084], [101.613244, 3.06308], [101.613237, 3.062918], [101.613174, 3.062902]]]}}, {"type": "Feature", "properties": {}, "geometry": {"type": "Polygon", "coordinates": [[[101.612953, 3.062931], [101.612864, 3.062932], [101.612867, 3.063093], [101.61293, 3.063109], [101.613019, 3.063108], [101.613016, 3.062946], [101.612953, 3.062931]]]}}, {"type": "Feature", "properties": {}, "geometry": {"type": "Polygon", "coordinates": [[[101.612815, 3.062933], [101.612728, 3.062935], [101.612733, 3.0631], [101.612796, 3.063116], [101.612883, 3.063114], [101.612878, 3.062949], [101.612815, 3.062933]]]}}, {"type": "Feature", "properties": {}, "geometry": {"type": "Polygon", "coordinates": [[[101.611124, 3.06307], [101.61119, 3.063217], [101.611253, 3.063233], [101.611335, 3.063234], [101.611337, 3.063087], [101.611274, 3.063071], [101.611124, 3.06307]]]}}, {"type": "Feature", "properties": {}, "geometry": {"type": "Polygon", "coordinates": [[[101.611429, 3.063041], [101.611425, 3.063208], [101.611489, 3.063223], [101.611579, 3.063225], [101.611582, 3.063059], [101.611519, 3.063043], [101.611429, 3.063041]]]}}, {"type": "Feature", "properties": {}, "geometry": {"type": "Polygon", "coordinates": [[[101.611647, 3.06302], [101.611644, 3.063192], [101.611707, 3.063208], [101.611791, 3.063209], [101.611794, 3.063038], [101.611731, 3.063022], [101.611647, 3.06302]]]}}, {"type": "Feature", "properties": {}, "geometry": {"type": "Polygon", "coordinates": [[[101.611961, 3.063002], [101.611864, 3.063002], [101.611865, 3.063171], [101.611928, 3.063187], [101.612025, 3.063187], [101.612024, 3.063018], [101.611961, 3.063002]]]}}, {"type": "Feature", "properties": {}, "geometry": {"type": "Polygon", "coordinates": [[[101.612181, 3.062972], [101.612087, 3.062973], [101.612087, 3.062987], [101.612087, 3.063156], [101.61215, 3.063172], [101.612245, 3.063171], [101.612245, 3.062988], [101.612181, 3.062972]]]}}, {"type": "Feature", "properties": {}, "geometry": {"type": "Polygon", "coordinates": [[[101.612298, 3.062979], [101.612203, 3.06298], [101.612206, 3.063138], [101.612269, 3.063153], [101.612364, 3.063152], [101.612361, 3.062994], [101.612298, 3.062979]]]}}, {"type": "Feature", "properties": {}, "geometry": {"type": "Polygon", "coordinates": [[[101.611717, 3.062771], [101.611608, 3.062776], [101.611617, 3.062986], [101.61168, 3.063002], [101.611789, 3.062997], [101.61178, 3.062787], [101.611717, 3.062771]]]}}, {"type": "Feature", "properties": {}, "geometry": {"type": "Polygon", "coordinates": [[[101.611577, 3.062789], [101.611448, 3.062792], [101.611453, 3.062987], [101.611517, 3.063003], [101.611646, 3.062999], [101.61164, 3.062805], [101.611577, 3.062789]]]}}, {"type": "Feature", "properties": {}, "geometry": {"type": "Polygon", "coordinates": [[[101.611418, 3.062804], [101.611299, 3.062808], [101.611306, 3.063013], [101.611369, 3.063029], [101.611488, 3.063024], [101.611481, 3.06282], [101.611418, 3.062804]]]}}, {"type": "Feature", "properties": {}, "geometry": {"type": "Polygon", "coordinates": [[[101.611258, 3.062817], [101.61114, 3.062823], [101.611151, 3.063031], [101.611215, 3.063047], [101.611333, 3.063041], [101.611322, 3.062833], [101.611258, 3.062817]]]}}, {"type": "Feature", "properties": {}, "geometry": {"type": "Polygon", "coordinates": [[[101.611085, 3.062846], [101.610973, 3.062852], [101.610984, 3.063054], [101.611047, 3.06307], [101.611159, 3.063064], [101.611148, 3.062862], [101.611085, 3.062846]]]}}, {"type": "Feature", "properties": {}, "geometry": {"type": "Polygon", "coordinates": [[[101.61092, 3.062901], [101.61081, 3.062909], [101.610825, 3.063116], [101.610889, 3.063132], [101.610998, 3.063124], [101.610983, 3.062917], [101.61092, 3.062901]]]}}, {"type": "Feature", "properties": {}, "geometry": {"type": "Polygon", "coordinates": [[[101.610748, 3.062958], [101.610609, 3.062965], [101.610619, 3.063165], [101.610683, 3.063181], [101.610822, 3.063173], [101.610812, 3.062974], [101.610748, 3.062958]]]}}, {"type": "Feature", "properties": {}, "geometry": {"type": "Polygon", "coordinates": [[[101.610744, 3.063227], [101.61067, 3.063289], [101.61077, 3.063409], [101.610833, 3.063425], [101.610952, 3.063325], [101.610893, 3.063254], [101.61083, 3.063238], [101.610744, 3.063227]]]}}, {"type": "Feature", "properties": {}, "geometry": {"type": "Polygon", "coordinates": [[[101.610969, 3.063405], [101.610847, 3.063505], [101.610905, 3.063576], [101.610968, 3.063591], [101.611091, 3.063492], [101.611032, 3.063421], [101.610969, 3.063405]]]}}, {"type": "Feature", "properties": {}, "geometry": {"type": "Polygon", "coordinates": [[[101.611102, 3.063577], [101.610982, 3.063674], [101.611041, 3.063746], [101.611104, 3.063761], [101.611223, 3.063664], [101.611165, 3.063593], [101.611102, 3.063577]]]}}, {"type": "Feature", "properties": {}, "geometry": {"type": "Polygon", "coordinates": [[[101.611239, 3.063745], [101.611113, 3.063848], [101.611172, 3.063921], [101.611236, 3.063936], [101.611361, 3.063834], [101.611302, 3.063761], [101.611239, 3.063745]]]}}, {"type": "Feature", "properties": {}, "geometry": {"type": "Polygon", "coordinates": [[[101.611374, 3.063915], [101.611252, 3.064014], [101.611312, 3.064088], [101.611375, 3.064104], [101.611497, 3.064004], [101.611437, 3.063931], [101.611374, 3.063915]]]}}, {"type": "Feature", "properties": {}, "geometry": {"type": "Polygon", "coordinates": [[[101.61151, 3.06409], [101.61139, 3.064188], [101.611451, 3.064262], [101.611514, 3.064278], [101.611634, 3.06418], [101.611573, 3.064106], [101.61151, 3.06409]]]}}, {"type": "Feature", "properties": {}, "geometry": {"type": "Polygon", "coordinates": [[[101.611648, 3.064261], [101.611525, 3.064362], [101.611584, 3.064434], [101.611648, 3.06445], [101.61177, 3.06435], [101.611711, 3.064277], [101.611648, 3.064261]]]}}, {"type": "Feature", "properties": {}, "geometry": {"type": "Polygon", "coordinates": [[[101.611773, 3.064451], [101.611671, 3.064534], [101.611733, 3.06461], [101.611797, 3.064626], [101.611898, 3.064543], [101.611836, 3.064467], [101.611773, 3.064451]]]}}, {"type": "Feature", "properties": {}, "geometry": {"type": "Polygon", "coordinates": [[[101.611916, 3.064609], [101.611799, 3.064705], [101.611859, 3.064779], [101.611923, 3.064795], [101.61204, 3.0647], [101.611979, 3.064625], [101.611916, 3.064609]]]}}, {"type": "Feature", "properties": {}, "geometry": {"type": "Polygon", "coordinates": [[[101.61204, 3.064779], [101.611913, 3.064884], [101.611972, 3.064955], [101.612035, 3.064971], [101.612162, 3.064865], [101.612103, 3.064795], [101.61204, 3.064779]]]}}, {"type": "Feature", "properties": {}, "geometry": {"type": "Polygon", "coordinates": [[[101.612182, 3.064951], [101.612051, 3.06506], [101.612109, 3.06513], [101.612172, 3.065145], [101.612303, 3.065036], [101.612245, 3.064967], [101.612182, 3.064951]]]}}, {"type": "Feature", "properties": {}, "geometry": {"type": "Polygon", "coordinates": [[[101.605539, 3.062762], [101.605456, 3.062896], [101.605662, 3.063022], [101.605725, 3.063038], [101.605807, 3.062904], [101.605602, 3.062778], [101.605539, 3.062762]]]}}, {"type": "Feature", "properties": {}, "geometry": {"type": "Polygon", "coordinates": [[[101.605447, 3.062925], [101.605362, 3.063064], [101.605574, 3.063193], [101.605637, 3.063209], [101.605722, 3.06307], [101.605511, 3.062941], [101.605447, 3.062925]]]}}, {"type": "Feature", "properties": {}, "geometry": {"type": "Polygon", "coordinates": [[[101.60535, 3.063111], [101.605264, 3.063251], [101.605469, 3.063377], [101.605532, 3.063392], [101.605618, 3.063253], [101.605413, 3.063127], [101.60535, 3.063111]]]}}, {"type": "Feature", "properties": {}, "geometry": {"type": "Polygon", "coordinates": [[[101.605256, 3.063269], [101.605167, 3.063414], [101.605367, 3.063536], [101.60543, 3.063552], [101.605519, 3.063408], [101.605319, 3.063285], [101.605256, 3.063269]]]}}, {"type": "Feature", "properties": {}, "geometry": {"type": "Polygon", "coordinates": [[[101.605862, 3.062969], [101.605771, 3.063118], [101.605996, 3.063256], [101.606059, 3.063272], [101.60615, 3.063123], [101.605925, 3.062985], [101.605862, 3.062969]]]}}, {"type": "Feature", "properties": {}, "geometry": {"type": "Polygon", "coordinates": [[[101.605754, 3.063136], [101.605658, 3.063292], [101.605891, 3.063435], [101.605954, 3.063451], [101.60605, 3.063295], [101.605817, 3.063152], [101.605754, 3.063136]]]}}, {"type": "Feature", "properties": {}, "geometry": {"type": "Polygon", "coordinates": [[[101.605623, 3.063341], [101.605533, 3.063486], [101.605762, 3.063626], [101.605825, 3.063642], [101.605914, 3.063497], [101.605686, 3.063357], [101.605623, 3.063341]]]}}, {"type": "Feature", "properties": {}, "geometry": {"type": "Polygon", "coordinates": [[[101.605518, 3.063505], [101.605435, 3.063639], [101.605665, 3.06378], [101.605729, 3.063796], [101.605811, 3.063662], [101.605581, 3.063521], [101.605518, 3.063505]]]}}, {"type": "Feature", "properties": {}, "geometry": {"type": "Polygon", "coordinates": [[[101.606183, 3.063024], [101.606094, 3.063169], [101.606284, 3.063285], [101.606347, 3.063301], [101.606436, 3.063157], [101.606246, 3.06304], [101.606183, 3.063024]]]}}, {"type": "Feature", "properties": {}, "geometry": {"type": "Polygon", "coordinates": [[[101.606081, 3.063194], [101.605987, 3.063347], [101.606185, 3.063468], [101.606248, 3.063484], [101.606342, 3.063331], [101.606144, 3.06321], [101.606081, 3.063194]]]}}, {"type": "Feature", "properties": {}, "geometry": {"type": "Polygon", "coordinates": [[[101.605955, 3.063397], [101.605869, 3.063537], [101.606078, 3.063665], [101.606141, 3.063681], [101.606227, 3.063541], [101.606018, 3.063413], [101.605955, 3.063397]]]}}, {"type": "Feature", "properties": {}, "geometry": {"type": "Polygon", "coordinates": [[[101.605853, 3.063563], [101.605759, 3.063717], [101.605971, 3.063847], [101.606034, 3.063863], [101.606129, 3.063708], [101.605917, 3.063578], [101.605853, 3.063563]]]}}, {"type": "Feature", "properties": {}, "geometry": {"type": "Polygon", "coordinates": [[[101.605736, 3.063745], [101.605645, 3.063893], [101.605854, 3.064022], [101.605917, 3.064037], [101.606008, 3.063889], [101.605799, 3.063761], [101.605736, 3.063745]]]}}, {"type": "Feature", "properties": {}, "geometry": {"type": "Polygon", "coordinates": [[[101.606506, 3.063213], [101.606418, 3.063355], [101.606613, 3.063474], [101.606676, 3.06349], [101.606763, 3.063348], [101.606569, 3.063229], [101.606506, 3.063213]]]}}, {"type": "Feature", "properties": {}, "geometry": {"type": "Polygon", "coordinates": [[[101.606412, 3.063388], [101.606322, 3.063536], [101.606524, 3.063659], [101.606587, 3.063675], [101.606678, 3.063528], [101.606476, 3.063404], [101.606412, 3.063388]]]}}, {"type": "Feature", "properties": {}, "geometry": {"type": "Polygon", "coordinates": [[[101.60631, 3.06356], [101.606209, 3.063725], [101.606414, 3.06385], [101.606477, 3.063866], [101.606578, 3.063702], [101.606373, 3.063576], [101.60631, 3.06356]]]}}, {"type": "Feature", "properties": {}, "geometry": {"type": "Polygon", "coordinates": [[[101.606179, 3.063756], [101.606093, 3.063896], [101.606302, 3.064024], [101.606365, 3.06404], [101.606451, 3.0639], [101.606242, 3.063772], [101.606179, 3.063756]]]}}, {"type": "Feature", "properties": {}, "geometry": {"type": "Polygon", "coordinates": [[[101.606081, 3.063918], [101.605989, 3.064068], [101.606201, 3.064197], [101.606264, 3.064213], [101.606356, 3.064063], [101.606144, 3.063934], [101.606081, 3.063918]]]}}, {"type": "Feature", "properties": {}, "geometry": {"type": "Polygon", "coordinates": [[[101.606797, 3.063287], [101.606711, 3.063427], [101.606888, 3.063536], [101.606952, 3.063552], [101.607038, 3.063411], [101.606861, 3.063302], [101.606797, 3.063287]]]}}, {"type": "Feature", "properties": {}, "geometry": {"type": "Polygon", "coordinates": [[[101.606707, 3.063455], [101.606618, 3.0636], [101.606785, 3.063702], [101.606848, 3.063718], [101.606938, 3.063573], [101.606771, 3.063471], [101.606707, 3.063455]]]}}, {"type": "Feature", "properties": {}, "geometry": {"type": "Polygon", "coordinates": [[[101.606603, 3.063629], [101.606515, 3.063772], [101.606699, 3.063884], [101.606762, 3.0639], [101.60685, 3.063757], [101.606666, 3.063645], [101.606603, 3.063629]]]}}, {"type": "Feature", "properties": {}, "geometry": {"type": "Polygon", "coordinates": [[[101.606504, 3.063795], [101.606414, 3.063942], [101.606605, 3.064058], [101.606668, 3.064074], [101.606758, 3.063928], [101.606567, 3.063811], [101.606504, 3.063795]]]}}, {"type": "Feature", "properties": {}, "geometry": {"type": "Polygon", "coordinates": [[[101.606393, 3.063967], [101.606307, 3.064109], [101.606506, 3.06423], [101.606569, 3.064245], [101.606655, 3.064104], [101.606457, 3.063983], [101.606393, 3.063967]]]}}, {"type": "Feature", "properties": {}, "geometry": {"type": "Polygon", "coordinates": [[[101.606287, 3.064141], [101.606212, 3.064272], [101.606411, 3.064387], [101.606475, 3.064403], [101.60655, 3.064272], [101.60635, 3.064157], [101.606287, 3.064141]]]}}, {"type": "Feature", "properties": {}, "geometry": {"type": "Polygon", "coordinates": [[[101.606864, 3.063984], [101.606784, 3.064111], [101.60698, 3.064234], [101.607043, 3.064249], [101.607123, 3.064122], [101.606927, 3.064], [101.606864, 3.063984]]]}}, {"type": "Feature", "properties": {}, "geometry": {"type": "Polygon", "coordinates": [[[101.607178, 3.063422], [101.607113, 3.063566], [101.607319, 3.063658], [101.607382, 3.063674], [101.607446, 3.06353], [101.607241, 3.063438], [101.607178, 3.063422]]]}}, {"type": "Feature", "properties": {}, "geometry": {"type": "Polygon", "coordinates": [[[101.606906, 3.062984], [101.606871, 3.063143], [101.606934, 3.063159], [101.607124, 3.063201], [101.60716, 3.063042], [101.607097, 3.063026], [101.606906, 3.062984]]]}}, {"type": "Feature", "properties": {}, "geometry": {"type": "Polygon", "coordinates": [[[101.607264, 3.063198], [101.607217, 3.063333], [101.607428, 3.063406], [101.607492, 3.063422], [101.607538, 3.063286], [101.607327, 3.063213], [101.607264, 3.063198]]]}}, {"type": "Feature", "properties": {}, "geometry": {"type": "Polygon", "coordinates": [[[101.614762, 3.075716], [101.614761, 3.075906], [101.614824, 3.075922], [101.614907, 3.075922], [101.614908, 3.075732], [101.614845, 3.075717], [101.614762, 3.075716]]]}}, {"type": "Feature", "properties": {}, "geometry": {"type": "Polygon", "coordinates": [[[101.614762, 3.075938], [101.614761, 3.076128], [101.614824, 3.076144], [101.614907, 3.076144], [101.614908, 3.075954], [101.614845, 3.075938], [101.614762, 3.075938]]]}}, {"type": "Feature", "properties": {}, "geometry": {"type": "Polygon", "coordinates": [[[101.614674, 3.075307], [101.614674, 3.075511], [101.614812, 3.075546], [101.615548, 3.075546], [101.615548, 3.075341], [101.61541, 3.075307], [101.614674, 3.075307]]]}}, {"type": "Feature", "properties": {}, "geometry": {"type": "Polygon", "coordinates": [[[101.61466, 3.074773], [101.61466, 3.074978], [101.614798, 3.075013], [101.615534, 3.075013], [101.615534, 3.074808], [101.615396, 3.074773], [101.61466, 3.074773]]]}}, {"type": "Feature", "properties": {}, "geometry": {"type": "Polygon", "coordinates": [[[101.614147, 3.075234], [101.613857, 3.075235], [101.613858, 3.075378], [101.613953, 3.075402], [101.614243, 3.075401], [101.614242, 3.075258], [101.614147, 3.075234]]]}}, {"type": "Feature", "properties": {}, "geometry": {"type": "Polygon", "coordinates": [[[101.613859, 3.075823], [101.613859, 3.076478], [101.613997, 3.076512], [101.614184, 3.076512], [101.614184, 3.075858], [101.614045, 3.075823], [101.613859, 3.075823]]]}}, {"type": "Feature", "properties": {}, "geometry": {"type": "Polygon", "coordinates": [[[101.613789, 3.075447], [101.613788, 3.075633], [101.613926, 3.075668], [101.614582, 3.075673], [101.614583, 3.075487], [101.614445, 3.075453], [101.613789, 3.075447]]]}}, {"type": "Feature", "properties": {}, "geometry": {"type": "Polygon", "coordinates": [[[101.614874, 3.071676], [101.614808, 3.071676], [101.614808, 3.071822], [101.614872, 3.071838], [101.614937, 3.071838], [101.614937, 3.071692], [101.614874, 3.071676]]]}}, {"type": "Feature", "properties": {}, "geometry": {"type": "Polygon", "coordinates": [[[101.614815, 3.072172], [101.614815, 3.072327], [101.614878, 3.072343], [101.614934, 3.072343], [101.614934, 3.072187], [101.614871, 3.072172], [101.614815, 3.072172]]]}}, {"type": "Feature", "properties": {}, "geometry": {"type": "Polygon", "coordinates": [[[101.614874, 3.07267], [101.614819, 3.07267], [101.614819, 3.072828], [101.614882, 3.072843], [101.614938, 3.072843], [101.614938, 3.072686], [101.614874, 3.07267]]]}}, {"type": "Feature", "properties": {}, "geometry": {"type": "Polygon", "coordinates": [[[101.61483, 3.074031], [101.614768, 3.074031], [101.614768, 3.074249], [101.614886, 3.074279], [101.614949, 3.074279], [101.614948, 3.074061], [101.61483, 3.074031]]]}}, {"type": "Feature", "properties": {}, "geometry": {"type": "Polygon", "coordinates": [[[101.614831, 3.073769], [101.614769, 3.073769], [101.614769, 3.073992], [101.614888, 3.074022], [101.614949, 3.074021], [101.614949, 3.073798], [101.614831, 3.073769]]]}}, {"type": "Feature", "properties": {}, "geometry": {"type": "Polygon", "coordinates": [[[101.614874, 3.073171], [101.614819, 3.073171], [101.614819, 3.073331], [101.614882, 3.073347], [101.614937, 3.073347], [101.614937, 3.073187], [101.614874, 3.073171]]]}}, {"type": "Feature", "properties": {}, "geometry": {"type": "Polygon", "coordinates": [[[101.613853, 3.070911], [101.613797, 3.070911], [101.613797, 3.071047], [101.613861, 3.071063], [101.613916, 3.071063], [101.613916, 3.070927], [101.613853, 3.070911]]]}}, {"type": "Feature", "properties": {}, "geometry": {"type": "Polygon", "coordinates": [[[101.614572, 3.071075], [101.614517, 3.071075], [101.614517, 3.071222], [101.614581, 3.071238], [101.614636, 3.071238], [101.614635, 3.071091], [101.614572, 3.071075]]]}}, {"type": "Feature", "properties": {}, "geometry": {"type": "Polygon", "coordinates": [[[101.613854, 3.07141], [101.613798, 3.07141], [101.613799, 3.071546], [101.613862, 3.071562], [101.613917, 3.071562], [101.613917, 3.071425], [101.613854, 3.07141]]]}}, {"type": "Feature", "properties": {}, "geometry": {"type": "Polygon", "coordinates": [[[101.614567, 3.072065], [101.614512, 3.072065], [101.614512, 3.072209], [101.614576, 3.072225], [101.61463, 3.072225], [101.61463, 3.072081], [101.614567, 3.072065]]]}}, {"type": "Feature", "properties": {}, "geometry": {"type": "Polygon", "coordinates": [[[101.613798, 3.071895], [101.613799, 3.072047], [101.613862, 3.072062], [101.613917, 3.072062], [101.613917, 3.07191], [101.613853, 3.071895], [101.613798, 3.071895]]]}}, {"type": "Feature", "properties": {}, "geometry": {"type": "Polygon", "coordinates": [[[101.614574, 3.072567], [101.614518, 3.072567], [101.614519, 3.072709], [101.614582, 3.072725], [101.614637, 3.072725], [101.614637, 3.072583], [101.614574, 3.072567]]]}}, {"type": "Feature", "properties": {}, "geometry": {"type": "Polygon", "coordinates": [[[101.613801, 3.072401], [101.613801, 3.072549], [101.613865, 3.072565], [101.61392, 3.072565], [101.613919, 3.072417], [101.613856, 3.072401], [101.613801, 3.072401]]]}}, {"type": "Feature", "properties": {}, "geometry": {"type": "Polygon", "coordinates": [[[101.613862, 3.072896], [101.613806, 3.072896], [101.613807, 3.073042], [101.61387, 3.073058], [101.613925, 3.073058], [101.613925, 3.072912], [101.613862, 3.072896]]]}}, {"type": "Feature", "properties": {}, "geometry": {"type": "Polygon", "coordinates": [[[101.614582, 3.073065], [101.614526, 3.073065], [101.614527, 3.073208], [101.61459, 3.073224], [101.614645, 3.073224], [101.614645, 3.073081], [101.614582, 3.073065]]]}}, {"type": "Feature", "properties": {}, "geometry": {"type": "Polygon", "coordinates": [[[101.614533, 3.074065], [101.614534, 3.074206], [101.614597, 3.074222], [101.614653, 3.074222], [101.614653, 3.07408], [101.61459, 3.074065], [101.614533, 3.074065]]]}}, {"type": "Feature", "properties": {}, "geometry": {"type": "Polygon", "coordinates": [[[101.614148, 3.073899], [101.614035, 3.0739], [101.614036, 3.07404], [101.614099, 3.074056], [101.614212, 3.074055], [101.614211, 3.073915], [101.614148, 3.073899]]]}}, {"type": "Feature", "properties": {}, "geometry": {"type": "Polygon", "coordinates": [[[101.614569, 3.073564], [101.614515, 3.073565], [101.614516, 3.073708], [101.614579, 3.073723], [101.614633, 3.073723], [101.614633, 3.07358], [101.614569, 3.073564]]]}}, {"type": "Feature", "properties": {}, "geometry": {"type": "Polygon", "coordinates": [[[101.613862, 3.0734], [101.613806, 3.0734], [101.613807, 3.073539], [101.61387, 3.073555], [101.613925, 3.073555], [101.613925, 3.073416], [101.613862, 3.0734]]]}}, {"type": "Feature", "properties": {}, "geometry": {"type": "Polygon", "coordinates": [[[101.612099, 3.064849], [101.611972, 3.064955], [101.61203, 3.065025], [101.612093, 3.065041], [101.61222, 3.064936], [101.612162, 3.064865], [101.612099, 3.064849]]]}}, {"type": "Feature", "properties": {}, "geometry": {"type": "Polygon", "coordinates": [[[101.611853, 3.064051], [101.611853, 3.064198], [101.611916, 3.064214], [101.612029, 3.064214], [101.612029, 3.064067], [101.611966, 3.064051], [101.611853, 3.064051]]]}}, {"type": "Feature", "properties": {}, "geometry": {"type": "Polygon", "coordinates": [[[101.611994, 3.064048], [101.611994, 3.064197], [101.612058, 3.064213], [101.612169, 3.064213], [101.612169, 3.064064], [101.612106, 3.064048], [101.611994, 3.064048]]]}}, {"type": "Feature", "properties": {}, "geometry": {"type": "Polygon", "coordinates": [[[101.612132, 3.064049], [101.612132, 3.064198], [101.612195, 3.064214], [101.612306, 3.064214], [101.612306, 3.064065], [101.612243, 3.064049], [101.612132, 3.064049]]]}}, {"type": "Feature", "properties": {}, "geometry": {"type": "Polygon", "coordinates": [[[101.612281, 3.064052], [101.612281, 3.06419], [101.612345, 3.064206], [101.612473, 3.064206], [101.612473, 3.064068], [101.61241, 3.064052], [101.612281, 3.064052]]]}}, {"type": "Feature", "properties": {}, "geometry": {"type": "Polygon", "coordinates": [[[101.612129, 3.063558], [101.612019, 3.063559], [101.61202, 3.063701], [101.612083, 3.063717], [101.612193, 3.063716], [101.612192, 3.063574], [101.612129, 3.063558]]]}}, {"type": "Feature", "properties": {}, "geometry": {"type": "Polygon", "coordinates": [[[101.612396, 3.063553], [101.612291, 3.063554], [101.612292, 3.063702], [101.612355, 3.063718], [101.61246, 3.063717], [101.612459, 3.063569], [101.612396, 3.063553]]]}}, {"type": "Feature", "properties": {}, "geometry": {"type": "Polygon", "coordinates": [[[101.612268, 3.063553], [101.612156, 3.063554], [101.612157, 3.063701], [101.61222, 3.063717], [101.612332, 3.063716], [101.612331, 3.063569], [101.612268, 3.063553]]]}}, {"type": "Feature", "properties": {}, "geometry": {"type": "Polygon", "coordinates": [[[101.612087, 3.062987], [101.611992, 3.062987], [101.611992, 3.063156], [101.612055, 3.063172], [101.61215, 3.063172], [101.61215, 3.063003], [101.612087, 3.062987]]]}}, {"type": "Feature", "properties": {}, "geometry": {"type": "Polygon", "coordinates": [[[101.61224, 3.06502], [101.612109, 3.06513], [101.612167, 3.065199], [101.61223, 3.065215], [101.612361, 3.065106], [101.612303, 3.065036], [101.61224, 3.06502]]]}}, {"type": "Feature", "properties": {}, "geometry": {"type": "Polygon", "coordinates": [[[101.613036, 3.065044], [101.612927, 3.065044], [101.612928, 3.065186], [101.612991, 3.065202], [101.613101, 3.065201], [101.613099, 3.065059], [101.613036, 3.065044]]]}}, {"type": "Feature", "properties": {}, "geometry": {"type": "Polygon", "coordinates": [[[101.612898, 3.064902], [101.612784, 3.064903], [101.612785, 3.065047], [101.612848, 3.065062], [101.612962, 3.065062], [101.612961, 3.064918], [101.612898, 3.064902]]]}}, {"type": "Feature", "properties": {}, "geometry": {"type": "Polygon", "coordinates": [[[101.612761, 3.064903], [101.612641, 3.064903], [101.612642, 3.065047], [101.612706, 3.065063], [101.612826, 3.065063], [101.612825, 3.064919], [101.612761, 3.064903]]]}}, {"type": "Feature", "properties": {}, "geometry": {"type": "Polygon", "coordinates": [[[101.613304, 3.064392], [101.613197, 3.064393], [101.613197, 3.064539], [101.61326, 3.064555], [101.613368, 3.064555], [101.613367, 3.064408], [101.613304, 3.064392]]]}}, {"type": "Feature", "properties": {}, "geometry": {"type": "Polygon", "coordinates": [[[101.613165, 3.064539], [101.613056, 3.064539], [101.613056, 3.064688], [101.613119, 3.064703], [101.613228, 3.064703], [101.613228, 3.064555], [101.613165, 3.064539]]]}}, {"type": "Feature", "properties": {}, "geometry": {"type": "Polygon", "coordinates": [[[101.612893, 3.064538], [101.612784, 3.064539], [101.612784, 3.064688], [101.612848, 3.064704], [101.612957, 3.064704], [101.612956, 3.064554], [101.612893, 3.064538]]]}}, {"type": "Feature", "properties": {}, "geometry": {"type": "Polygon", "coordinates": [[[101.612759, 3.064536], [101.61265, 3.064537], [101.61265, 3.064689], [101.612714, 3.064705], [101.612822, 3.064704], [101.612822, 3.064552], [101.612759, 3.064536]]]}}, {"type": "Feature", "properties": {}, "geometry": {"type": "Polygon", "coordinates": [[[101.612893, 3.064391], [101.612783, 3.064392], [101.612784, 3.064539], [101.612847, 3.064554], [101.612956, 3.064554], [101.612956, 3.064407], [101.612893, 3.064391]]]}}, {"type": "Feature", "properties": {}, "geometry": {"type": "Polygon", "coordinates": [[[101.613029, 3.064387], [101.612922, 3.064388], [101.612923, 3.064539], [101.612986, 3.064554], [101.613092, 3.064554], [101.613092, 3.064403], [101.613029, 3.064387]]]}}, {"type": "Feature", "properties": {}, "geometry": {"type": "Polygon", "coordinates": [[[101.613164, 3.064387], [101.613055, 3.064387], [101.613056, 3.064539], [101.613119, 3.064555], [101.613228, 3.064555], [101.613227, 3.064403], [101.613164, 3.064387]]]}}, {"type": "Feature", "properties": {}, "geometry": {"type": "Polygon", "coordinates": [[[101.613304, 3.064539], [101.613197, 3.064539], [101.613198, 3.064687], [101.613261, 3.064703], [101.613368, 3.064703], [101.613368, 3.064555], [101.613304, 3.064539]]]}}, {"type": "Feature", "properties": {}, "geometry": {"type": "Polygon", "coordinates": [[[101.612758, 3.064385], [101.612649, 3.064385], [101.61265, 3.064537], [101.612713, 3.064553], [101.612822, 3.064552], [101.612821, 3.0644], [101.612758, 3.064385]]]}}, {"type": "Feature", "properties": {}, "geometry": {"type": "Polygon", "coordinates": [[[101.613029, 3.064538], [101.612923, 3.064539], [101.612923, 3.064688], [101.612987, 3.064704], [101.613093, 3.064703], [101.613092, 3.064554], [101.613029, 3.064538]]]}}, {"type": "Feature", "properties": {}, "geometry": {"type": "Polygon", "coordinates": [[[101.613289, 3.063908], [101.613182, 3.063909], [101.613182, 3.064055], [101.613246, 3.064071], [101.613353, 3.064071], [101.613352, 3.063924], [101.613289, 3.063908]]]}}, {"type": "Feature", "properties": {}, "geometry": {"type": "Polygon", "coordinates": [[[101.61315, 3.064055], [101.613041, 3.064055], [101.613041, 3.064204], [101.613105, 3.064219], [101.613214, 3.064219], [101.613213, 3.064071], [101.61315, 3.064055]]]}}, {"type": "Feature", "properties": {}, "geometry": {"type": "Polygon", "coordinates": [[[101.612878, 3.064054], [101.612769, 3.064055], [101.612769, 3.064204], [101.612833, 3.06422], [101.612942, 3.06422], [101.612942, 3.06407], [101.612878, 3.064054]]]}}, {"type": "Feature", "properties": {}, "geometry": {"type": "Polygon", "coordinates": [[[101.612744, 3.064052], [101.612635, 3.064053], [101.612636, 3.064205], [101.612699, 3.064221], [101.612808, 3.06422], [101.612807, 3.064068], [101.612744, 3.064052]]]}}, {"type": "Feature", "properties": {}, "geometry": {"type": "Polygon", "coordinates": [[[101.612878, 3.063907], [101.612769, 3.063908], [101.612769, 3.064055], [101.612832, 3.06407], [101.612942, 3.06407], [101.612941, 3.063923], [101.612878, 3.063907]]]}}, {"type": "Feature", "properties": {}, "geometry": {"type": "Polygon", "coordinates": [[[101.613014, 3.063903], [101.612907, 3.063904], [101.612908, 3.064055], [101.612971, 3.06407], [101.613078, 3.06407], [101.613077, 3.063919], [101.613014, 3.063903]]]}}, {"type": "Feature", "properties": {}, "geometry": {"type": "Polygon", "coordinates": [[[101.613149, 3.063903], [101.61304, 3.063903], [101.613041, 3.064055], [101.613104, 3.064071], [101.613213, 3.064071], [101.613213, 3.063919], [101.613149, 3.063903]]]}}, {"type": "Feature", "properties": {}, "geometry": {"type": "Polygon", "coordinates": [[[101.61329, 3.064055], [101.613182, 3.064055], [101.613183, 3.064203], [101.613246, 3.064219], [101.613353, 3.064219], [101.613353, 3.064071], [101.61329, 3.064055]]]}}, {"type": "Feature", "properties": {}, "geometry": {"type": "Polygon", "coordinates": [[[101.612743, 3.0639], [101.612635, 3.063901], [101.612635, 3.064053], [101.612698, 3.064068], [101.612807, 3.064068], [101.612807, 3.063916], [101.612743, 3.0639]]]}}, {"type": "Feature", "properties": {}, "geometry": {"type": "Polygon", "coordinates": [[[101.613014, 3.064054], [101.612908, 3.064055], [101.612908, 3.064204], [101.612972, 3.06422], [101.613078, 3.06422], [101.613078, 3.06407], [101.613014, 3.064054]]]}}, {"type": "Feature", "properties": {}, "geometry": {"type": "Polygon", "coordinates": [[[101.613289, 3.063552], [101.613182, 3.063552], [101.613182, 3.0637], [101.613245, 3.063716], [101.613353, 3.063716], [101.613352, 3.063568], [101.613289, 3.063552]]]}}, {"type": "Feature", "properties": {}, "geometry": {"type": "Polygon", "coordinates": [[[101.613149, 3.063552], [101.61304, 3.063552], [101.613041, 3.063701], [101.613104, 3.063716], [101.613213, 3.063716], [101.613212, 3.063568], [101.613149, 3.063552]]]}}, {"type": "Feature", "properties": {}, "geometry": {"type": "Polygon", "coordinates": [[[101.613014, 3.063551], [101.612907, 3.063552], [101.612908, 3.063701], [101.612971, 3.063717], [101.613077, 3.063717], [101.613077, 3.063567], [101.613014, 3.063551]]]}}, {"type": "Feature", "properties": {}, "geometry": {"type": "Polygon", "coordinates": [[[101.612878, 3.063551], [101.612768, 3.063552], [101.612769, 3.063701], [101.612832, 3.063717], [101.612941, 3.063717], [101.612941, 3.063567], [101.612878, 3.063551]]]}}, {"type": "Feature", "properties": {}, "geometry": {"type": "Polygon", "coordinates": [[[101.612743, 3.063398], [101.612634, 3.063398], [101.612634, 3.06355], [101.612698, 3.063566], [101.612806, 3.063565], [101.612806, 3.063413], [101.612743, 3.063398]]]}}, {"type": "Feature", "properties": {}, "geometry": {"type": "Polygon", "coordinates": [[[101.605027, 3.069025], [101.604753, 3.069026], [101.604754, 3.069554], [101.604849, 3.069577], [101.605123, 3.069577], [101.605123, 3.069323], [101.605122, 3.069049], [101.605027, 3.069025]]]}}, {"type": "Feature", "properties": {}, "geometry": {"type": "Polygon", "coordinates": [[[101.600481, 3.063111], [101.600452, 3.063181], [101.600434, 3.063254], [101.600432, 3.063281], [101.600614, 3.063351], [101.60067, 3.063365], [101.600704, 3.063248], [101.600704, 3.063217], [101.600536, 3.063125], [101.600481, 3.063111]]]}}, {"type": "Feature", "properties": {}, "geometry": {"type": "Polygon", "coordinates": [[[101.609639, 3.066609], [101.60858, 3.066628], [101.608486, 3.06665], [101.608489, 3.066794], [101.608511, 3.066842], [101.608788, 3.066911], [101.60903, 3.066907], [101.609777, 3.06688], [101.609811, 3.066864], [101.609918, 3.066804], [101.609915, 3.066678], [101.609639, 3.066609]]]}}, {"type": "Feature", "properties": {}, "geometry": {"type": "Polygon", "coordinates": [[[101.609756, 3.067066], [101.609599, 3.067081], [101.609559, 3.067088], [101.609428, 3.067135], [101.608747, 3.067462], [101.608658, 3.067505], [101.60875, 3.067693], [101.609026, 3.067762], [101.609151, 3.067735], [101.609331, 3.067649], [101.610099, 3.06727], [101.610033, 3.067135], [101.609756, 3.067066]]]}}, {"type": "Feature", "properties": {}, "geometry": {"type": "Polygon", "coordinates": [[[101.605068, 3.070684], [101.605032, 3.07071], [101.605271, 3.071042], [101.605539, 3.071276], [101.605634, 3.0713], [101.605712, 3.071305], [101.605803, 3.07122], [101.605867, 3.071044], [101.605765, 3.070901], [101.605163, 3.070708], [101.605068, 3.070684]]]}}, {"type": "Feature", "properties": {}, "geometry": {"type": "Polygon", "coordinates": [[[101.604444, 3.071829], [101.604176, 3.071835], [101.604177, 3.071886], [101.604272, 3.071909], [101.60454, 3.071903], [101.604539, 3.071852], [101.604444, 3.071829]]]}}, {"type": "Feature", "properties": {}, "geometry": {"type": "Polygon", "coordinates": [[[101.60404, 3.071591], [101.603996, 3.071592], [101.604, 3.071718], [101.604095, 3.071742], [101.604139, 3.07174], [101.604135, 3.071615], [101.60404, 3.071591]]]}}, {"type": "Feature", "properties": {}, "geometry": {"type": "Polygon", "coordinates": [[[101.604759, 3.071923], [101.604372, 3.071937], [101.604375, 3.07202], [101.60447, 3.072044], [101.604857, 3.072029], [101.604854, 3.071947], [101.604759, 3.071923]]]}}, {"type": "Feature", "properties": {}, "geometry": {"type": "Polygon", "coordinates": [[[101.604914, 3.072075], [101.604827, 3.072077], [101.604831, 3.072264], [101.604926, 3.072288], [101.605013, 3.072286], [101.605009, 3.072099], [101.604914, 3.072075]]]}}, {"type": "Feature", "properties": {}, "geometry": {"type": "Polygon", "coordinates": [[[101.604938, 3.072265], [101.604831, 3.072269], [101.604837, 3.072434], [101.604932, 3.072458], [101.605039, 3.072453], [101.605032, 3.072289], [101.604938, 3.072265]]]}}, {"type": "Feature", "properties": {}, "geometry": {"type": "Polygon", "coordinates": [[[101.60485, 3.07176], [101.604782, 3.071846], [101.604774, 3.072057], [101.604869, 3.072081], [101.604928, 3.072083], [101.605, 3.071944], [101.605007, 3.071787], [101.604912, 3.071763], [101.60485, 3.07176]]]}}, {"type": "Feature", "properties": {}, "geometry": {"type": "Polygon", "coordinates": [[[101.605775, 3.073346], [101.605783, 3.073538], [101.605811, 3.073545], [101.606193, 3.073546], [101.606191, 3.07336], [101.606163, 3.073353], [101.605775, 3.073346]]]}}, {"type": "Feature", "properties": {}, "geometry": {"type": "Polygon", "coordinates": [[[101.608342, 3.069195], [101.608168, 3.069754], [101.608263, 3.069778], [101.608344, 3.069797], [101.60852, 3.06924], [101.608436, 3.069218], [101.608342, 3.069195]]]}}, {"type": "Feature", "properties": {}, "geometry": {"type": "Polygon", "coordinates": [[[101.608538, 3.069871], [101.608456, 3.069989], [101.608573, 3.070069], [101.608668, 3.070093], [101.608749, 3.069975], [101.608633, 3.069895], [101.608538, 3.069871]]]}}, {"type": "Feature", "properties": {}, "geometry": {"type": "Polygon", "coordinates": [[[101.610024, 3.066579], [101.609823, 3.066613], [101.609797, 3.066664], [101.60976, 3.066746], [101.609774, 3.066827], [101.609822, 3.067004], [101.609971, 3.06707], [101.610004, 3.067085], [101.610281, 3.067155], [101.610347, 3.067143], [101.610402, 3.067118], [101.610496, 3.066973], [101.610456, 3.066735], [101.6103, 3.066648], [101.610024, 3.066579]]]}}, {"type": "Feature", "properties": {}, "geometry": {"type": "Polygon", "coordinates": [[[101.608041, 3.071606], [101.608013, 3.071608], [101.607988, 3.071619], [101.607967, 3.071638], [101.607953, 3.071662], [101.607947, 3.071689], [101.60795, 3.071716], [101.607962, 3.071742], [101.60798, 3.071762], [101.608007, 3.071777], [101.608102, 3.0718], [101.608209, 3.071682], [101.608187, 3.07165], [101.608163, 3.071636], [101.608068, 3.071612], [101.608041, 3.071606]]]}}, {"type": "Feature", "properties": {}, "geometry": {"type": "Polygon", "coordinates": [[[101.614409, 3.06497], [101.614409, 3.065225], [101.614504, 3.065249], [101.614646, 3.065249], [101.614646, 3.064994], [101.614551, 3.06497], [101.614409, 3.06497]]]}}, {"type": "Feature", "properties": {}, "geometry": {"type": "Polygon", "coordinates": [[[101.614877, 3.064722], [101.614447, 3.064724], [101.61445, 3.06523], [101.614727, 3.065299], [101.615473, 3.065295], [101.615472, 3.065062], [101.615154, 3.064791], [101.614877, 3.064722]]]}}, {"type": "Feature", "properties": {}, "geometry": {"type": "Polygon", "coordinates": [[[101.614088, 3.063579], [101.614087, 3.063739], [101.61415, 3.063755], [101.614211, 3.063755], [101.614212, 3.063595], [101.614149, 3.063579], [101.614088, 3.063579]]]}}, {"type": "Feature", "properties": {}, "geometry": {"type": "Polygon", "coordinates": [[[101.614786, 3.064159], [101.614786, 3.064301], [101.614849, 3.064316], [101.614911, 3.064316], [101.614911, 3.064175], [101.614848, 3.064159], [101.614786, 3.064159]]]}}, {"type": "Feature", "properties": {}, "geometry": {"type": "Polygon", "coordinates": [[[101.614441, 3.064351], [101.61444, 3.064507], [101.614503, 3.064522], [101.614563, 3.064523], [101.614564, 3.064367], [101.614501, 3.064352], [101.614441, 3.064351]]]}}, {"type": "Feature", "properties": {}, "geometry": {"type": "Polygon", "coordinates": [[[101.613953, 3.064152], [101.613892, 3.064153], [101.613894, 3.064303], [101.613957, 3.064319], [101.614018, 3.064319], [101.614017, 3.064168], [101.613953, 3.064152]]]}}, {"type": "Feature", "properties": {}, "geometry": {"type": "Polygon", "coordinates": [[[101.614237, 3.064736], [101.614082, 3.06474], [101.614083, 3.064802], [101.614146, 3.064818], [101.614302, 3.064815], [101.6143, 3.064752], [101.614237, 3.064736]]]}}, {"type": "Feature", "properties": {}, "geometry": {"type": "Polygon", "coordinates": [[[101.614047, 3.064736], [101.613886, 3.064738], [101.613886, 3.0648], [101.61395, 3.064815], [101.614111, 3.064814], [101.614111, 3.064752], [101.614047, 3.064736]]]}}, {"type": "Feature", "properties": {}, "geometry": {"type": "Polygon", "coordinates": [[[101.614773, 3.065511], [101.614712, 3.065512], [101.614713, 3.065677], [101.614777, 3.065692], [101.614837, 3.065692], [101.614837, 3.065527], [101.614773, 3.065511]]]}}, {"type": "Feature", "properties": {}, "geometry": {"type": "Polygon", "coordinates": [[[101.614953, 3.065894], [101.614953, 3.06605], [101.615016, 3.066065], [101.615078, 3.066065], [101.615078, 3.06591], [101.615015, 3.065894], [101.614953, 3.065894]]]}}, {"type": "Feature", "properties": {}, "geometry": {"type": "Polygon", "coordinates": [[[101.613894, 3.065904], [101.613894, 3.06605], [101.613957, 3.066065], [101.614018, 3.066065], [101.614018, 3.065919], [101.613955, 3.065904], [101.613894, 3.065904]]]}}, {"type": "Feature", "properties": {}, "geometry": {"type": "Polygon", "coordinates": [[[101.61432, 3.066082], [101.61432, 3.066237], [101.614383, 3.066253], [101.614444, 3.066253], [101.614444, 3.066098], [101.614381, 3.066082], [101.61432, 3.066082]]]}}, {"type": "Feature", "properties": {}, "geometry": {"type": "Polygon", "coordinates": [[[101.614386, 3.066633], [101.614324, 3.066634], [101.614326, 3.06677], [101.614389, 3.066786], [101.614451, 3.066785], [101.61445, 3.066649], [101.614386, 3.066633]]]}}, {"type": "Feature", "properties": {}, "geometry": {"type": "Polygon", "coordinates": [[[101.613892, 3.066453], [101.613892, 3.066601], [101.613956, 3.066617], [101.614017, 3.066617], [101.614017, 3.066469], [101.613954, 3.066453], [101.613892, 3.066453]]]}}, {"type": "Feature", "properties": {}, "geometry": {"type": "Polygon", "coordinates": [[[101.615014, 3.066448], [101.614952, 3.066448], [101.614954, 3.066608], [101.615017, 3.066624], [101.615079, 3.066623], [101.615078, 3.066464], [101.615014, 3.066448]]]}}, {"type": "Feature", "properties": {}, "geometry": {"type": "Polygon", "coordinates": [[[101.614871, 3.067005], [101.614809, 3.067006], [101.61481, 3.06716], [101.614873, 3.067176], [101.614935, 3.067176], [101.614934, 3.067021], [101.614871, 3.067005]]]}}, {"type": "Feature", "properties": {}, "geometry": {"type": "Polygon", "coordinates": [[[101.614696, 3.067179], [101.614695, 3.067346], [101.614758, 3.067362], [101.61482, 3.067362], [101.614821, 3.067195], [101.614758, 3.067179], [101.614696, 3.067179]]]}}, {"type": "Feature", "properties": {}, "geometry": {"type": "Polygon", "coordinates": [[[101.613891, 3.067001], [101.613891, 3.067151], [101.613954, 3.067166], [101.614016, 3.067167], [101.614017, 3.067017], [101.613953, 3.067001], [101.613891, 3.067001]]]}}, {"type": "Feature", "properties": {}, "geometry": {"type": "Polygon", "coordinates": [[[101.613845, 3.067818], [101.613758, 3.067818], [101.613758, 3.067969], [101.613822, 3.067985], [101.613908, 3.067985], [101.613908, 3.067833], [101.613845, 3.067818]]]}}, {"type": "Feature", "properties": {}, "geometry": {"type": "Polygon", "coordinates": [[[101.6145, 3.068001], [101.614499, 3.068156], [101.614563, 3.068172], [101.614674, 3.068173], [101.614675, 3.068018], [101.614612, 3.068002], [101.6145, 3.068001]]]}}, {"type": "Feature", "properties": {}, "geometry": {"type": "Polygon", "coordinates": [[[101.614801, 3.06782], [101.6148, 3.06797], [101.614863, 3.067986], [101.614918, 3.067986], [101.614919, 3.067836], [101.614855, 3.06782], [101.614801, 3.06782]]]}}, {"type": "Feature", "properties": {}, "geometry": {"type": "Polygon", "coordinates": [[[101.614766, 3.068313], [101.614765, 3.068468], [101.614829, 3.068484], [101.61492, 3.068485], [101.614921, 3.068329], [101.614857, 3.068314], [101.614766, 3.068313]]]}}, {"type": "Feature", "properties": {}, "geometry": {"type": "Polygon", "coordinates": [[[101.613735, 3.06832], [101.613734, 3.068471], [101.613797, 3.068487], [101.613904, 3.068487], [101.613905, 3.068336], [101.613842, 3.06832], [101.613735, 3.06832]]]}}, {"type": "Feature", "properties": {}, "geometry": {"type": "Polygon", "coordinates": [[[101.614501, 3.068498], [101.614499, 3.068658], [101.614562, 3.068674], [101.614617, 3.068675], [101.61462, 3.068515], [101.614556, 3.068499], [101.614501, 3.068498]]]}}, {"type": "Feature", "properties": {}, "geometry": {"type": "Polygon", "coordinates": [[[101.61497, 3.068811], [101.614864, 3.068811], [101.614865, 3.068969], [101.614928, 3.068985], [101.615034, 3.068984], [101.615033, 3.068827], [101.61497, 3.068811]]]}}, {"type": "Feature", "properties": {}, "geometry": {"type": "Polygon", "coordinates": [[[101.613788, 3.068811], [101.613786, 3.068966], [101.61385, 3.068982], [101.613905, 3.068983], [101.613906, 3.068827], [101.613843, 3.068811], [101.613788, 3.068811]]]}}, {"type": "Feature", "properties": {}, "geometry": {"type": "Polygon", "coordinates": [[[101.614504, 3.068996], [101.614503, 3.069126], [101.614566, 3.069141], [101.614621, 3.069142], [101.614621, 3.069012], [101.614558, 3.068996], [101.614504, 3.068996]]]}}, {"type": "Feature", "properties": {}, "geometry": {"type": "Polygon", "coordinates": [[[101.614864, 3.069325], [101.614809, 3.069325], [101.61481, 3.069467], [101.614873, 3.069483], [101.614928, 3.069483], [101.614927, 3.069341], [101.614864, 3.069325]]]}}, {"type": "Feature", "properties": {}, "geometry": {"type": "Polygon", "coordinates": [[[101.613798, 3.069335], [101.613797, 3.069463], [101.61386, 3.069478], [101.613916, 3.069479], [101.613916, 3.069351], [101.613853, 3.069335], [101.613798, 3.069335]]]}}, {"type": "Feature", "properties": {}, "geometry": {"type": "Polygon", "coordinates": [[[101.613794, 3.069482], [101.613793, 3.069615], [101.613856, 3.06963], [101.613911, 3.069631], [101.613913, 3.069499], [101.613849, 3.069483], [101.613794, 3.069482]]]}}, {"type": "Feature", "properties": {}, "geometry": {"type": "Polygon", "coordinates": [[[101.614819, 3.069823], [101.614819, 3.06996], [101.614882, 3.069976], [101.614936, 3.069976], [101.614936, 3.069839], [101.614873, 3.069823], [101.614819, 3.069823]]]}}, {"type": "Feature", "properties": {}, "geometry": {"type": "Polygon", "coordinates": [[[101.614866, 3.07032], [101.614811, 3.070321], [101.614813, 3.070455], [101.614876, 3.070471], [101.614931, 3.07047], [101.614929, 3.070336], [101.614866, 3.07032]]]}}, {"type": "Feature", "properties": {}, "geometry": {"type": "Polygon", "coordinates": [[[101.613844, 3.073912], [101.613749, 3.073997], [101.613907, 3.074172], [101.614002, 3.074196], [101.614096, 3.074111], [101.613939, 3.073936], [101.613844, 3.073912]]]}}, {"type": "Feature", "properties": {}, "geometry": {"type": "Polygon", "coordinates": [[[101.600177, 3.067039], [101.599571, 3.067055], [101.599563, 3.06713], [101.599574, 3.067524], [101.599669, 3.067547], [101.600334, 3.06755], [101.60035, 3.067204], [101.600272, 3.067063], [101.600177, 3.067039]]]}}, {"type": "Feature", "properties": {}, "geometry": {"type": "Polygon", "coordinates": [[[101.601827, 3.066618], [101.601752, 3.066621], [101.601752, 3.066648], [101.601754, 3.066747], [101.601848, 3.066771], [101.601927, 3.066771], [101.601922, 3.066642], [101.601827, 3.066618]]]}}, {"type": "Feature", "properties": {}, "geometry": {"type": "Polygon", "coordinates": [[[101.601702, 3.066906], [101.601693, 3.066926], [101.601691, 3.066953], [101.601785, 3.066977], [101.602097, 3.066979], [101.602099, 3.066934], [101.602005, 3.06691], [101.601702, 3.066906]]]}}, {"type": "Feature", "properties": {}, "geometry": {"type": "Polygon", "coordinates": [[[101.604496, 3.065703], [101.604486, 3.06609], [101.60458, 3.066114], [101.604913, 3.066123], [101.604924, 3.065736], [101.604829, 3.065712], [101.604496, 3.065703]]]}}, {"type": "Feature", "properties": {}, "geometry": {"type": "Polygon", "coordinates": [[[101.609997, 3.063566], [101.609411, 3.06357], [101.609415, 3.064081], [101.609691, 3.06415], [101.610277, 3.064146], [101.610274, 3.063635], [101.609997, 3.063566]]]}}, {"type": "Feature", "properties": {}, "geometry": {"type": "Polygon", "coordinates": [[[101.609992, 3.062996], [101.609406, 3.063], [101.60941, 3.063511], [101.609686, 3.06358], [101.610273, 3.063576], [101.610269, 3.063065], [101.609992, 3.062996]]]}}, {"type": "Feature", "properties": {}, "geometry": {"type": "Polygon", "coordinates": [[[101.607311, 3.063018], [101.607268, 3.063155], [101.607493, 3.063227], [101.607548, 3.063241], [101.607592, 3.063103], [101.607367, 3.063032], [101.607311, 3.063018]]]}}, {"type": "Feature", "properties": {}, "geometry": {"type": "Polygon", "coordinates": [[[101.608904, 3.074345], [101.60817, 3.074354], [101.608173, 3.074537], [101.608449, 3.074606], [101.609183, 3.074597], [101.609181, 3.074414], [101.608904, 3.074345]]]}}, {"type": "Feature", "properties": {}, "geometry": {"type": "Polygon", "coordinates": [[[101.609796, 3.074531], [101.609062, 3.07454], [101.609064, 3.074723], [101.609341, 3.074793], [101.610075, 3.074784], [101.610073, 3.0746], [101.609796, 3.074531]]]}}, {"type": "Feature", "properties": {}, "geometry": {"type": "Polygon", "coordinates": [[[101.609799, 3.074886], [101.609065, 3.074895], [101.609067, 3.075078], [101.609344, 3.075147], [101.610078, 3.075138], [101.610076, 3.074955], [101.609799, 3.074886]]]}}, {"type": "Feature", "properties": {}, "geometry": {"type": "Polygon", "coordinates": [[[101.609932, 3.075856], [101.609931, 3.075946], [101.610026, 3.07597], [101.610086, 3.075971], [101.610087, 3.075881], [101.609992, 3.075857], [101.609932, 3.075856]]]}}, {"type": "Feature", "properties": {}, "geometry": {"type": "Polygon", "coordinates": [[[101.608681, 3.074824], [101.608547, 3.074825], [101.608552, 3.075472], [101.60869, 3.075506], [101.608824, 3.075505], [101.60882, 3.074859], [101.608681, 3.074824]]]}}, {"type": "Feature", "properties": {}, "geometry": {"type": "Polygon", "coordinates": [[[101.6076, 3.074778], [101.607466, 3.074778], [101.60747, 3.075425], [101.607747, 3.075494], [101.607881, 3.075493], [101.607877, 3.074847], [101.6076, 3.074778]]]}}, {"type": "Feature", "properties": {}, "geometry": {"type": "Polygon", "coordinates": [[[101.61225, 3.075314], [101.612061, 3.075315], [101.612065, 3.075889], [101.61216, 3.075913], [101.612348, 3.075912], [101.612345, 3.075338], [101.61225, 3.075314]]]}}, {"type": "Feature", "properties": {}, "geometry": {"type": "Polygon", "coordinates": [[[101.614969, 3.075938], [101.614968, 3.076128], [101.615032, 3.076144], [101.615073, 3.076144], [101.615073, 3.075954], [101.61501, 3.075939], [101.614969, 3.075938]]]}}, {"type": "Feature", "properties": {}, "geometry": {"type": "Polygon", "coordinates": [[[101.614927, 3.075938], [101.614927, 3.076128], [101.61499, 3.076144], [101.615032, 3.076144], [101.615032, 3.075954], [101.614969, 3.075938], [101.614927, 3.075938]]]}}, {"type": "Feature", "properties": {}, "geometry": {"type": "Polygon", "coordinates": [[[101.614886, 3.075938], [101.614885, 3.076128], [101.614949, 3.076144], [101.61499, 3.076144], [101.614991, 3.075954], [101.614927, 3.075938], [101.614886, 3.075938]]]}}, {"type": "Feature", "properties": {}, "geometry": {"type": "Polygon", "coordinates": [[[101.614845, 3.075938], [101.614844, 3.076128], [101.614907, 3.076144], [101.614949, 3.076144], [101.614949, 3.075954], [101.614886, 3.075938], [101.614845, 3.075938]]]}}, {"type": "Feature", "properties": {}, "geometry": {"type": "Polygon", "coordinates": [[[101.614969, 3.075718], [101.614968, 3.075908], [101.615031, 3.075923], [101.615072, 3.075924], [101.615074, 3.075734], [101.615011, 3.075718], [101.614969, 3.075718]]]}}, {"type": "Feature", "properties": {}, "geometry": {"type": "Polygon", "coordinates": [[[101.614928, 3.075717], [101.614926, 3.075907], [101.61499, 3.075923], [101.615031, 3.075923], [101.615033, 3.075734], [101.614969, 3.075718], [101.614928, 3.075717]]]}}, {"type": "Feature", "properties": {}, "geometry": {"type": "Polygon", "coordinates": [[[101.614887, 3.075717], [101.614885, 3.075907], [101.614948, 3.075923], [101.61499, 3.075923], [101.614991, 3.075733], [101.614928, 3.075717], [101.614887, 3.075717]]]}}, {"type": "Feature", "properties": {}, "geometry": {"type": "Polygon", "coordinates": [[[101.614845, 3.075717], [101.614844, 3.075907], [101.614907, 3.075922], [101.614948, 3.075923], [101.61495, 3.075733], [101.614887, 3.075717], [101.614845, 3.075717]]]}}, {"type": "Feature", "properties": {}, "geometry": {"type": "Polygon", "coordinates": [[[101.607596, 3.06651], [101.606766, 3.066517], [101.606769, 3.066703], [101.608042, 3.067075], [101.608137, 3.067099], [101.608194, 3.0669], [101.607691, 3.066534], [101.607596, 3.06651]]]}}, {"type": "Feature", "properties": {}, "geometry": {"type": "Polygon", "coordinates": [[[101.613795, 3.071568], [101.613794, 3.071706], [101.613857, 3.071722], [101.613913, 3.071722], [101.613914, 3.071584], [101.613851, 3.071569], [101.613795, 3.071568]]]}}, {"type": "Feature", "properties": {}, "geometry": {"type": "Polygon", "coordinates": [[[101.607483, 3.073189], [101.607428, 3.073241], [101.607432, 3.073592], [101.607464, 3.0736], [101.607688, 3.073598], [101.607686, 3.073249], [101.607637, 3.073197], [101.607606, 3.073189], [101.607483, 3.073189]]]}}, {"type": "Feature", "properties": {}, "geometry": {"type": "Polygon", "coordinates": [[[101.609348, 3.073482], [101.609339, 3.073533], [101.609433, 3.073557], [101.609576, 3.073582], [101.609585, 3.073531], [101.60949, 3.073508], [101.609348, 3.073482]]]}}, {"type": "Feature", "properties": {}, "geometry": {"type": "Polygon", "coordinates": [[[101.611172, 3.065037], [101.611108, 3.065038], [101.611109, 3.065169], [101.611172, 3.065184], [101.611237, 3.065184], [101.611235, 3.065053], [101.611172, 3.065037]]]}}, {"type": "Feature", "properties": {}, "geometry": {"type": "Polygon", "coordinates": [[[101.611237, 3.065037], [101.611172, 3.065037], [101.611173, 3.065168], [101.611237, 3.065184], [101.611301, 3.065183], [101.6113, 3.065053], [101.611237, 3.065037]]]}}, {"type": "Feature", "properties": {}, "geometry": {"type": "Polygon", "coordinates": [[[101.611301, 3.065036], [101.611237, 3.065037], [101.611238, 3.065168], [101.611301, 3.065183], [101.611366, 3.065183], [101.611364, 3.065052], [101.611301, 3.065036]]]}}, {"type": "Feature", "properties": {}, "geometry": {"type": "Polygon", "coordinates": [[[101.611366, 3.065036], [101.611301, 3.065036], [101.611302, 3.065167], [101.611366, 3.065183], [101.61143, 3.065182], [101.611429, 3.065051], [101.611366, 3.065036]]]}}, {"type": "Feature", "properties": {}, "geometry": {"type": "Polygon", "coordinates": [[[101.61143, 3.065035], [101.611366, 3.065036], [101.611367, 3.065166], [101.61143, 3.065182], [101.611494, 3.065182], [101.611493, 3.065051], [101.61143, 3.065035]]]}}, {"type": "Feature", "properties": {}, "geometry": {"type": "Polygon", "coordinates": [[[101.611494, 3.065034], [101.61143, 3.065035], [101.611431, 3.065166], [101.611494, 3.065182], [101.611559, 3.065181], [101.611558, 3.06505], [101.611494, 3.065034]]]}}, {"type": "Feature", "properties": {}, "geometry": {"type": "Polygon", "coordinates": [[[101.611559, 3.065034], [101.611494, 3.065034], [101.611496, 3.065165], [101.611559, 3.065181], [101.611623, 3.06518], [101.611622, 3.06505], [101.611559, 3.065034]]]}}, {"type": "Feature", "properties": {}, "geometry": {"type": "Polygon", "coordinates": [[[101.611623, 3.065033], [101.611559, 3.065034], [101.61156, 3.065165], [101.611623, 3.06518], [101.611688, 3.06518], [101.611687, 3.065049], [101.611623, 3.065033]]]}}, {"type": "Feature", "properties": {}, "geometry": {"type": "Polygon", "coordinates": [[[101.611688, 3.065033], [101.611623, 3.065033], [101.611625, 3.065164], [101.611688, 3.06518], [101.611752, 3.065179], [101.611751, 3.065049], [101.611688, 3.065033]]]}}, {"type": "Feature", "properties": {}, "geometry": {"type": "Polygon", "coordinates": [[[101.611752, 3.065032], [101.611688, 3.065033], [101.611689, 3.065164], [101.611752, 3.065179], [101.611817, 3.065179], [101.611816, 3.065048], [101.611752, 3.065032]]]}}, {"type": "Feature", "properties": {}, "geometry": {"type": "Polygon", "coordinates": [[[101.611817, 3.065032], [101.611752, 3.065032], [101.611753, 3.065163], [101.611817, 3.065179], [101.611881, 3.065178], [101.61188, 3.065047], [101.611817, 3.065032]]]}}, {"type": "Feature", "properties": {}, "geometry": {"type": "Polygon", "coordinates": [[[101.611881, 3.065031], [101.611817, 3.065032], [101.611818, 3.065162], [101.611881, 3.065178], [101.611946, 3.065178], [101.611945, 3.065047], [101.611881, 3.065031]]]}}, {"type": "Feature", "properties": {}, "geometry": {"type": "Polygon", "coordinates": [[[101.611977, 3.06503], [101.611881, 3.065031], [101.611882, 3.065162], [101.611946, 3.065178], [101.612041, 3.065177], [101.61204, 3.065046], [101.611977, 3.06503]]]}}, {"type": "Feature", "properties": {}, "geometry": {"type": "Polygon", "coordinates": [[[101.611817, 3.064881], [101.611741, 3.064881], [101.611742, 3.065003], [101.611805, 3.065018], [101.611937, 3.065018], [101.611937, 3.064968], [101.611881, 3.064897], [101.611817, 3.064881]]]}}, {"type": "Feature", "properties": {}, "geometry": {"type": "Polygon", "coordinates": [[[101.611741, 3.064881], [101.611686, 3.064882], [101.611687, 3.065003], [101.61175, 3.065019], [101.611805, 3.065018], [101.611804, 3.064897], [101.611741, 3.064881]]]}}, {"type": "Feature", "properties": {}, "geometry": {"type": "Polygon", "coordinates": [[[101.611686, 3.064882], [101.611631, 3.064882], [101.611632, 3.065003], [101.611695, 3.065019], [101.61175, 3.065019], [101.61175, 3.064898], [101.611686, 3.064882]]]}}, {"type": "Feature", "properties": {}, "geometry": {"type": "Polygon", "coordinates": [[[101.611631, 3.064882], [101.611577, 3.064882], [101.611577, 3.065003], [101.61164, 3.065019], [101.611695, 3.065019], [101.611695, 3.064898], [101.611631, 3.064882]]]}}, {"type": "Feature", "properties": {}, "geometry": {"type": "Polygon", "coordinates": [[[101.611577, 3.064882], [101.611522, 3.064882], [101.611522, 3.065004], [101.611586, 3.06502], [101.61164, 3.065019], [101.61164, 3.064898], [101.611577, 3.064882]]]}}, {"type": "Feature", "properties": {}, "geometry": {"type": "Polygon", "coordinates": [[[101.611522, 3.064882], [101.611467, 3.064883], [101.611468, 3.065004], [101.611531, 3.06502], [101.611586, 3.06502], [101.611585, 3.064898], [101.611522, 3.064882]]]}}, {"type": "Feature", "properties": {}, "geometry": {"type": "Polygon", "coordinates": [[[101.611467, 3.064883], [101.611412, 3.064883], [101.611413, 3.065004], [101.611476, 3.06502], [101.611531, 3.06502], [101.61153, 3.064899], [101.611467, 3.064883]]]}}, {"type": "Feature", "properties": {}, "geometry": {"type": "Polygon", "coordinates": [[[101.611412, 3.064883], [101.611357, 3.064883], [101.611358, 3.065004], [101.611421, 3.06502], [101.611476, 3.06502], [101.611475, 3.064899], [101.611412, 3.064883]]]}}, {"type": "Feature", "properties": {}, "geometry": {"type": "Polygon", "coordinates": [[[101.611357, 3.064883], [101.611303, 3.064884], [101.611303, 3.065005], [101.611366, 3.065021], [101.611421, 3.06502], [101.611421, 3.064899], [101.611357, 3.064883]]]}}, {"type": "Feature", "properties": {}, "geometry": {"type": "Polygon", "coordinates": [[[101.611303, 3.064884], [101.611248, 3.064884], [101.611248, 3.065005], [101.611312, 3.065021], [101.611366, 3.065021], [101.611366, 3.064899], [101.611303, 3.064884]]]}}, {"type": "Feature", "properties": {}, "geometry": {"type": "Polygon", "coordinates": [[[101.611248, 3.064884], [101.611193, 3.064884], [101.611194, 3.065005], [101.611257, 3.065021], [101.611312, 3.065021], [101.611311, 3.0649], [101.611248, 3.064884]]]}}, {"type": "Feature", "properties": {}, "geometry": {"type": "Polygon", "coordinates": [[[101.611193, 3.064884], [101.611138, 3.064884], [101.611139, 3.065005], [101.611202, 3.065021], [101.611257, 3.065021], [101.611256, 3.0649], [101.611193, 3.064884]]]}}, {"type": "Feature", "properties": {}, "geometry": {"type": "Polygon", "coordinates": [[[101.611138, 3.064884], [101.611083, 3.064885], [101.611084, 3.065006], [101.611147, 3.065022], [101.611202, 3.065021], [101.611201, 3.0649], [101.611138, 3.064884]]]}}, {"type": "Feature", "properties": {}, "geometry": {"type": "Polygon", "coordinates": [[[101.611083, 3.064885], [101.611028, 3.064885], [101.611029, 3.065006], [101.611092, 3.065022], [101.611147, 3.065022], [101.611147, 3.0649], [101.611083, 3.064885]]]}}, {"type": "Feature", "properties": {}, "geometry": {"type": "Polygon", "coordinates": [[[101.61102, 3.064551], [101.610965, 3.064551], [101.610966, 3.064677], [101.61103, 3.064693], [101.611084, 3.064692], [101.611083, 3.064567], [101.61102, 3.064551]]]}}, {"type": "Feature", "properties": {}, "geometry": {"type": "Polygon", "coordinates": [[[101.611074, 3.06455], [101.61102, 3.064551], [101.611021, 3.064676], [101.611084, 3.064692], [101.611138, 3.064692], [101.611137, 3.064566], [101.611074, 3.06455]]]}}, {"type": "Feature", "properties": {}, "geometry": {"type": "Polygon", "coordinates": [[[101.611128, 3.06455], [101.611074, 3.06455], [101.611075, 3.064676], [101.611138, 3.064692], [101.611192, 3.064691], [101.611191, 3.064566], [101.611128, 3.06455]]]}}, {"type": "Feature", "properties": {}, "geometry": {"type": "Polygon", "coordinates": [[[101.611182, 3.064549], [101.611128, 3.06455], [101.611129, 3.064675], [101.611192, 3.064691], [101.611247, 3.064691], [101.611245, 3.064565], [101.611182, 3.064549]]]}}, {"type": "Feature", "properties": {}, "geometry": {"type": "Polygon", "coordinates": [[[101.611237, 3.064549], [101.611182, 3.064549], [101.611183, 3.064675], [101.611247, 3.064691], [101.611301, 3.06469], [101.6113, 3.064564], [101.611237, 3.064549]]]}}, {"type": "Feature", "properties": {}, "geometry": {"type": "Polygon", "coordinates": [[[101.611291, 3.064548], [101.611237, 3.064549], [101.611238, 3.064674], [101.611301, 3.06469], [101.611355, 3.06469], [101.611354, 3.064564], [101.611291, 3.064548]]]}}, {"type": "Feature", "properties": {}, "geometry": {"type": "Polygon", "coordinates": [[[101.611345, 3.064548], [101.611291, 3.064548], [101.611292, 3.064674], [101.611355, 3.06469], [101.611409, 3.064689], [101.611408, 3.064564], [101.611345, 3.064548]]]}}, {"type": "Feature", "properties": {}, "geometry": {"type": "Polygon", "coordinates": [[[101.611399, 3.064547], [101.611345, 3.064548], [101.611346, 3.064673], [101.611409, 3.064689], [101.611464, 3.064689], [101.611463, 3.064563], [101.611399, 3.064547]]]}}, {"type": "Feature", "properties": {}, "geometry": {"type": "Polygon", "coordinates": [[[101.611454, 3.064547], [101.611399, 3.064547], [101.6114, 3.064673], [101.611464, 3.064689], [101.611518, 3.064688], [101.611517, 3.064563], [101.611454, 3.064547]]]}}, {"type": "Feature", "properties": {}, "geometry": {"type": "Polygon", "coordinates": [[[101.611508, 3.064546], [101.611454, 3.064547], [101.611455, 3.064672], [101.611518, 3.064688], [101.611572, 3.064688], [101.611571, 3.064562], [101.611508, 3.064546]]]}}, {"type": "Feature", "properties": {}, "geometry": {"type": "Polygon", "coordinates": [[[101.611389, 3.064387], [101.611334, 3.064387], [101.611335, 3.064509], [101.611398, 3.064525], [101.611452, 3.064525], [101.611452, 3.064403], [101.611389, 3.064387]]]}}, {"type": "Feature", "properties": {}, "geometry": {"type": "Polygon", "coordinates": [[[101.611334, 3.064387], [101.61128, 3.064388], [101.61128, 3.064509], [101.611344, 3.064525], [101.611398, 3.064525], [101.611397, 3.064403], [101.611334, 3.064387]]]}}, {"type": "Feature", "properties": {}, "geometry": {"type": "Polygon", "coordinates": [[[101.61128, 3.064388], [101.611225, 3.064388], [101.611226, 3.06451], [101.611289, 3.064525], [101.611344, 3.064525], [101.611343, 3.064404], [101.61128, 3.064388]]]}}, {"type": "Feature", "properties": {}, "geometry": {"type": "Polygon", "coordinates": [[[101.611225, 3.064388], [101.611171, 3.064388], [101.611171, 3.06451], [101.611235, 3.064526], [101.611289, 3.064525], [101.611289, 3.064404], [101.611225, 3.064388]]]}}, {"type": "Feature", "properties": {}, "geometry": {"type": "Polygon", "coordinates": [[[101.611171, 3.064388], [101.611117, 3.064388], [101.611117, 3.06451], [101.61118, 3.064526], [101.611235, 3.064526], [101.611234, 3.064404], [101.611171, 3.064388]]]}}, {"type": "Feature", "properties": {}, "geometry": {"type": "Polygon", "coordinates": [[[101.611117, 3.064388], [101.611062, 3.064388], [101.611063, 3.06451], [101.611126, 3.064526], [101.61118, 3.064526], [101.61118, 3.064404], [101.611117, 3.064388]]]}}, {"type": "Feature", "properties": {}, "geometry": {"type": "Polygon", "coordinates": [[[101.611062, 3.064388], [101.611008, 3.064389], [101.611008, 3.06451], [101.611072, 3.064526], [101.611126, 3.064526], [101.611126, 3.064404], [101.611062, 3.064388]]]}}, {"type": "Feature", "properties": {}, "geometry": {"type": "Polygon", "coordinates": [[[101.611161, 3.064049], [101.611106, 3.06405], [101.611108, 3.064175], [101.611171, 3.064191], [101.611226, 3.06419], [101.611224, 3.064065], [101.611161, 3.064049]]]}}, {"type": "Feature", "properties": {}, "geometry": {"type": "Polygon", "coordinates": [[[101.611106, 3.06405], [101.611052, 3.064051], [101.611054, 3.064176], [101.611117, 3.064192], [101.611171, 3.064191], [101.61117, 3.064066], [101.611106, 3.06405]]]}}, {"type": "Feature", "properties": {}, "geometry": {"type": "Polygon", "coordinates": [[[101.611052, 3.064051], [101.610998, 3.064052], [101.610999, 3.064176], [101.611063, 3.064192], [101.611117, 3.064192], [101.611115, 3.064067], [101.611052, 3.064051]]]}}, {"type": "Feature", "properties": {}, "geometry": {"type": "Polygon", "coordinates": [[[101.610998, 3.064052], [101.610943, 3.064053], [101.610945, 3.064177], [101.611008, 3.064193], [101.611063, 3.064192], [101.611061, 3.064068], [101.610998, 3.064052]]]}}, {"type": "Feature", "properties": {}, "geometry": {"type": "Polygon", "coordinates": [[[101.610943, 3.064053], [101.610889, 3.064053], [101.610891, 3.064178], [101.610954, 3.064194], [101.611008, 3.064193], [101.611007, 3.064068], [101.610943, 3.064053]]]}}, {"type": "Feature", "properties": {}, "geometry": {"type": "Polygon", "coordinates": [[[101.610889, 3.063309], [101.61077, 3.063409], [101.61083, 3.06348], [101.610893, 3.063496], [101.611012, 3.063396], [101.610952, 3.063325], [101.610889, 3.063309]]]}}, {"type": "Feature", "properties": {}, "geometry": {"type": "Polygon", "coordinates": [[[101.611027, 3.063476], [101.610905, 3.063576], [101.610963, 3.063647], [101.611027, 3.063663], [101.611149, 3.063563], [101.611091, 3.063492], [101.611027, 3.063476]]]}}, {"type": "Feature", "properties": {}, "geometry": {"type": "Polygon", "coordinates": [[[101.61116, 3.063648], [101.611041, 3.063746], [101.611099, 3.063817], [101.611162, 3.063833], [101.611282, 3.063735], [101.611223, 3.063664], [101.61116, 3.063648]]]}}, {"type": "Feature", "properties": {}, "geometry": {"type": "Polygon", "coordinates": [[[101.611298, 3.063818], [101.611172, 3.063921], [101.611232, 3.063993], [101.611295, 3.064009], [101.611421, 3.063906], [101.611361, 3.063834], [101.611298, 3.063818]]]}}, {"type": "Feature", "properties": {}, "geometry": {"type": "Polygon", "coordinates": [[[101.611434, 3.063989], [101.611312, 3.064088], [101.611372, 3.064161], [101.611436, 3.064177], [101.611557, 3.064078], [101.611497, 3.064004], [101.611434, 3.063989]]]}}, {"type": "Feature", "properties": {}, "geometry": {"type": "Polygon", "coordinates": [[[101.611571, 3.064164], [101.611451, 3.064262], [101.611512, 3.064337], [101.611575, 3.064353], [101.611695, 3.064255], [101.611634, 3.06418], [101.611571, 3.064164]]]}}, {"type": "Feature", "properties": {}, "geometry": {"type": "Polygon", "coordinates": [[[101.611707, 3.064334], [101.611584, 3.064434], [101.611644, 3.064507], [101.611707, 3.064522], [101.61183, 3.064422], [101.61177, 3.06435], [101.611707, 3.064334]]]}}, {"type": "Feature", "properties": {}, "geometry": {"type": "Polygon", "coordinates": [[[101.611835, 3.064527], [101.611733, 3.06461], [101.611796, 3.064686], [101.611859, 3.064701], [101.61196, 3.064619], [101.611898, 3.064543], [101.611835, 3.064527]]]}}, {"type": "Feature", "properties": {}, "geometry": {"type": "Polygon", "coordinates": [[[101.611977, 3.064684], [101.611859, 3.064779], [101.61192, 3.064853], [101.611983, 3.064869], [101.6121, 3.064774], [101.61204, 3.0647], [101.611977, 3.064684]]]}}, {"type": "Feature", "properties": {}, "geometry": {"type": "Polygon", "coordinates": [[[101.611619, 3.063418], [101.611618, 3.063564], [101.611681, 3.06358], [101.611782, 3.063581], [101.611784, 3.063435], [101.61172, 3.063419], [101.611619, 3.063418]]]}}, {"type": "Feature", "properties": {}, "geometry": {"type": "Polygon", "coordinates": [[[101.611854, 3.063403], [101.61174, 3.063404], [101.611741, 3.063551], [101.611804, 3.063567], [101.611918, 3.063566], [101.611917, 3.063419], [101.611854, 3.063403]]]}}, {"type": "Feature", "properties": {}, "geometry": {"type": "Polygon", "coordinates": [[[101.611988, 3.063406], [101.611879, 3.063406], [101.61188, 3.063552], [101.611943, 3.063568], [101.612052, 3.063567], [101.612051, 3.063422], [101.611988, 3.063406]]]}}, {"type": "Feature", "properties": {}, "geometry": {"type": "Polygon", "coordinates": [[[101.611124, 3.06307], [101.61103, 3.063155], [101.61111, 3.063277], [101.611173, 3.063293], [101.611253, 3.063233], [101.611187, 3.063086], [101.611124, 3.06307]]]}}, {"type": "Feature", "properties": {}, "geometry": {"type": "Polygon", "coordinates": [[[101.611332, 3.063039], [101.611328, 3.063205], [101.611391, 3.063221], [101.611489, 3.063223], [101.611492, 3.063057], [101.611429, 3.063041], [101.611332, 3.063039]]]}}, {"type": "Feature", "properties": {}, "geometry": {"type": "Polygon", "coordinates": [[[101.611554, 3.063019], [101.611551, 3.06319], [101.611614, 3.063206], [101.611707, 3.063208], [101.611711, 3.063036], [101.611647, 3.06302], [101.611554, 3.063019]]]}}, {"type": "Feature", "properties": {}, "geometry": {"type": "Polygon", "coordinates": [[[101.611864, 3.063002], [101.611767, 3.063003], [101.611768, 3.063172], [101.611831, 3.063188], [101.611928, 3.063187], [101.611927, 3.063018], [101.611864, 3.063002]]]}}, {"type": "Feature", "properties": {}, "geometry": {"type": "Polygon", "coordinates": [[[101.613262, 3.062898], [101.613174, 3.062902], [101.613181, 3.063064], [101.613244, 3.06308], [101.613333, 3.063076], [101.613325, 3.062914], [101.613262, 3.062898]]]}}, {"type": "Feature", "properties": {}, "geometry": {"type": "Polygon", "coordinates": [[[101.613042, 3.062929], [101.612953, 3.062931], [101.612956, 3.063092], [101.613019, 3.063108], [101.613108, 3.063106], [101.613105, 3.062945], [101.613042, 3.062929]]]}}, {"type": "Feature", "properties": {}, "geometry": {"type": "Polygon", "coordinates": [[[101.612728, 3.062935], [101.61264, 3.062938], [101.612645, 3.063103], [101.612708, 3.063119], [101.612796, 3.063116], [101.612791, 3.062951], [101.612728, 3.062935]]]}}, {"type": "Feature", "properties": {}, "geometry": {"type": "Polygon", "coordinates": [[[101.612392, 3.062977], [101.612298, 3.062979], [101.612301, 3.063136], [101.612364, 3.063152], [101.612458, 3.06315], [101.612455, 3.062993], [101.612392, 3.062977]]]}}, {"type": "Feature", "properties": {}, "geometry": {"type": "Polygon", "coordinates": [[[101.608312, 3.063986], [101.607896, 3.064006], [101.607907, 3.064222], [101.60797, 3.064238], [101.608385, 3.064218], [101.608375, 3.064001], [101.608312, 3.063986]]]}}, {"type": "Feature", "properties": {}, "geometry": {"type": "Polygon", "coordinates": [[[101.60879, 3.06398], [101.608363, 3.063992], [101.608368, 3.064196], [101.608432, 3.064212], [101.608859, 3.064201], [101.608853, 3.063996], [101.60879, 3.06398]]]}}, {"type": "Feature", "properties": {}, "geometry": {"type": "Polygon", "coordinates": [[[101.608808, 3.063563], [101.608377, 3.06358], [101.608386, 3.063787], [101.608449, 3.063803], [101.608879, 3.063785], [101.608871, 3.063579], [101.608808, 3.063563]]]}}, {"type": "Feature", "properties": {}, "geometry": {"type": "Polygon", "coordinates": [[[101.608334, 3.063581], [101.608034, 3.063593], [101.608042, 3.063798], [101.608105, 3.063814], [101.608406, 3.063803], [101.608398, 3.063597], [101.608334, 3.063581]]]}}, {"type": "Feature", "properties": {}, "geometry": {"type": "Polygon", "coordinates": [[[101.606647, 3.062836], [101.606622, 3.062991], [101.606685, 3.063007], [101.606915, 3.063045], [101.606941, 3.06289], [101.606878, 3.062874], [101.606647, 3.062836]]]}}, {"type": "Feature", "properties": {}, "geometry": {"type": "Polygon", "coordinates": [[[101.606948, 3.062795], [101.606913, 3.062953], [101.606976, 3.062969], [101.607172, 3.063012], [101.607207, 3.062854], [101.607143, 3.062838], [101.606948, 3.062795]]]}}, {"type": "Feature", "properties": {}, "geometry": {"type": "Polygon", "coordinates": [[[101.607338, 3.062806], [101.607309, 3.062949], [101.607372, 3.062965], [101.607597, 3.06301], [101.607626, 3.062867], [101.607563, 3.062851], [101.607338, 3.062806]]]}}, {"type": "Feature", "properties": {}, "geometry": {"type": "Polygon", "coordinates": [[[101.607085, 3.063589], [101.607021, 3.06373], [101.607238, 3.063828], [101.607302, 3.063843], [101.607365, 3.063702], [101.607148, 3.063604], [101.607085, 3.063589]]]}}, {"type": "Feature", "properties": {}, "geometry": {"type": "Polygon", "coordinates": [[[101.606965, 3.063831], [101.606892, 3.063957], [101.607088, 3.064071], [101.607151, 3.064087], [101.607225, 3.06396], [101.607028, 3.063847], [101.606965, 3.063831]]]}}, {"type": "Feature", "properties": {}, "geometry": {"type": "Polygon", "coordinates": [[[101.602516, 3.065666], [101.602516, 3.065804], [101.602611, 3.065828], [101.602831, 3.065828], [101.602831, 3.06569], [101.602737, 3.065666], [101.602516, 3.065666]]]}}, {"type": "Feature", "properties": {}, "geometry": {"type": "Polygon", "coordinates": [[[101.601979, 3.065936], [101.601756, 3.065938], [101.601756, 3.066006], [101.601875, 3.066036], [101.602098, 3.066034], [101.602097, 3.065966], [101.601979, 3.065936]]]}}, {"type": "Feature", "properties": {}, "geometry": {"type": "Polygon", "coordinates": [[[101.60058, 3.069721], [101.600499, 3.069722], [101.600503, 3.069935], [101.600622, 3.069965], [101.600703, 3.069963], [101.600699, 3.06975], [101.60058, 3.069721]]]}}, {"type": "Feature", "properties": {}, "geometry": {"type": "Polygon", "coordinates": [[[101.600932, 3.069388], [101.60085, 3.069389], [101.600854, 3.069603], [101.600972, 3.069632], [101.601053, 3.069631], [101.60105, 3.069417], [101.600932, 3.069388]]]}}, {"type": "Feature", "properties": {}, "geometry": {"type": "Polygon", "coordinates": [[[101.601425, 3.069705], [101.601343, 3.069707], [101.601347, 3.069918], [101.601465, 3.069948], [101.601547, 3.069946], [101.601543, 3.069735], [101.601425, 3.069705]]]}}, {"type": "Feature", "properties": {}, "geometry": {"type": "Polygon", "coordinates": [[[101.603062, 3.06628], [101.602839, 3.066281], [101.60284, 3.06635], [101.602935, 3.066374], [101.603157, 3.066372], [101.603156, 3.066304], [101.603062, 3.06628]]]}}, {"type": "Feature", "properties": {}, "geometry": {"type": "Polygon", "coordinates": [[[101.602496, 3.067486], [101.602496, 3.067554], [101.602615, 3.067584], [101.602832, 3.067585], [101.602832, 3.067516], [101.602714, 3.067486], [101.602496, 3.067486]]]}}, {"type": "Feature", "properties": {}, "geometry": {"type": "Polygon", "coordinates": [[[101.602135, 3.066959], [101.602067, 3.066961], [101.602072, 3.067178], [101.60219, 3.067208], [101.602259, 3.067206], [101.602254, 3.066989], [101.602135, 3.066959]]]}}, {"type": "Feature", "properties": {}, "geometry": {"type": "Polygon", "coordinates": [[[101.603063, 3.066623], [101.602841, 3.066624], [101.602841, 3.066692], [101.602936, 3.066716], [101.603158, 3.066715], [101.603158, 3.066646], [101.603063, 3.066623]]]}}, {"type": "Feature", "properties": {}, "geometry": {"type": "Polygon", "coordinates": [[[101.602493, 3.068417], [101.602493, 3.068485], [101.602612, 3.068514], [101.602825, 3.068514], [101.602825, 3.068446], [101.602707, 3.068417], [101.602493, 3.068417]]]}}, {"type": "Feature", "properties": {}, "geometry": {"type": "Polygon", "coordinates": [[[101.602816, 3.068076], [101.602815, 3.068144], [101.602934, 3.068174], [101.603152, 3.068176], [101.603152, 3.068108], [101.603034, 3.068078], [101.602816, 3.068076]]]}}, {"type": "Feature", "properties": {}, "geometry": {"type": "Polygon", "coordinates": [[[101.600855, 3.069715], [101.600774, 3.069716], [101.600778, 3.069928], [101.600896, 3.069958], [101.600977, 3.069956], [101.600974, 3.069745], [101.600855, 3.069715]]]}}, {"type": "Feature", "properties": {}, "geometry": {"type": "Polygon", "coordinates": [[[101.601149, 3.067715], [101.60108, 3.067716], [101.601083, 3.067935], [101.601201, 3.067965], [101.601269, 3.067964], [101.601267, 3.067745], [101.601149, 3.067715]]]}}, {"type": "Feature", "properties": {}, "geometry": {"type": "Polygon", "coordinates": [[[101.601112, 3.066983], [101.601044, 3.066985], [101.601049, 3.067202], [101.601167, 3.067232], [101.601236, 3.06723], [101.60123, 3.067013], [101.601112, 3.066983]]]}}, {"type": "Feature", "properties": {}, "geometry": {"type": "Polygon", "coordinates": [[[101.602813, 3.068418], [101.602812, 3.068486], [101.60293, 3.068516], [101.603148, 3.068518], [101.603149, 3.068449], [101.60303, 3.06842], [101.602813, 3.068418]]]}}, {"type": "Feature", "properties": {}, "geometry": {"type": "Polygon", "coordinates": [[[101.602516, 3.066554], [101.602516, 3.066622], [101.602611, 3.066646], [101.602831, 3.066646], [101.602831, 3.066578], [101.602736, 3.066554], [101.602516, 3.066554]]]}}, {"type": "Feature", "properties": {}, "geometry": {"type": "Polygon", "coordinates": [[[101.602145, 3.067695], [101.602076, 3.067696], [101.60208, 3.067913], [101.602199, 3.067943], [101.602267, 3.067941], [101.602263, 3.067724], [101.602145, 3.067695]]]}}, {"type": "Feature", "properties": {}, "geometry": {"type": "Polygon", "coordinates": [[[101.602078, 3.067296], [101.60201, 3.067297], [101.602014, 3.067511], [101.602132, 3.06754], [101.602201, 3.067539], [101.602197, 3.067326], [101.602078, 3.067296]]]}}, {"type": "Feature", "properties": {}, "geometry": {"type": "Polygon", "coordinates": [[[101.599922, 3.069403], [101.599841, 3.069404], [101.599844, 3.069623], [101.599962, 3.069653], [101.600044, 3.069651], [101.600041, 3.069433], [101.599922, 3.069403]]]}}, {"type": "Feature", "properties": {}, "geometry": {"type": "Polygon", "coordinates": [[[101.601666, 3.067703], [101.601598, 3.067705], [101.601602, 3.067921], [101.60172, 3.067951], [101.601789, 3.06795], [101.601785, 3.067733], [101.601666, 3.067703]]]}}, {"type": "Feature", "properties": {}, "geometry": {"type": "Polygon", "coordinates": [[[101.602846, 3.067632], [101.602846, 3.0677], [101.602941, 3.067724], [101.603156, 3.067724], [101.603156, 3.067656], [101.603061, 3.067632], [101.602846, 3.067632]]]}}, {"type": "Feature", "properties": {}, "geometry": {"type": "Polygon", "coordinates": [[[101.601094, 3.069385], [101.601013, 3.069386], [101.601016, 3.0696], [101.601135, 3.06963], [101.601216, 3.069629], [101.601213, 3.069415], [101.601094, 3.069385]]]}}, {"type": "Feature", "properties": {}, "geometry": {"type": "Polygon", "coordinates": [[[101.601982, 3.066415], [101.601759, 3.066416], [101.60176, 3.066485], [101.601878, 3.066514], [101.602101, 3.066513], [101.602101, 3.066444], [101.601982, 3.066415]]]}}, {"type": "Feature", "properties": {}, "geometry": {"type": "Polygon", "coordinates": [[[101.602147, 3.067295], [101.602078, 3.067296], [101.602082, 3.06751], [101.602201, 3.067539], [101.602269, 3.067538], [101.602265, 3.067324], [101.602147, 3.067295]]]}}, {"type": "Feature", "properties": {}, "geometry": {"type": "Polygon", "coordinates": [[[101.602093, 3.065802], [101.602092, 3.065871], [101.602211, 3.0659], [101.602432, 3.065902], [101.602433, 3.065834], [101.602314, 3.065804], [101.602093, 3.065802]]]}}, {"type": "Feature", "properties": {}, "geometry": {"type": "Polygon", "coordinates": [[[101.603062, 3.066349], [101.60284, 3.06635], [101.60284, 3.066418], [101.602935, 3.066442], [101.603157, 3.066441], [101.603157, 3.066372], [101.603062, 3.066349]]]}}, {"type": "Feature", "properties": {}, "geometry": {"type": "Polygon", "coordinates": [[[101.602497, 3.06728], [101.602497, 3.067348], [101.602615, 3.067378], [101.602833, 3.067379], [101.602833, 3.06731], [101.602714, 3.06728], [101.602497, 3.06728]]]}}, {"type": "Feature", "properties": {}, "geometry": {"type": "Polygon", "coordinates": [[[101.602815, 3.068144], [101.602815, 3.068213], [101.602933, 3.068242], [101.603151, 3.068244], [101.603152, 3.068176], [101.603033, 3.068146], [101.602815, 3.068144]]]}}, {"type": "Feature", "properties": {}, "geometry": {"type": "Polygon", "coordinates": [[[101.601044, 3.066985], [101.600975, 3.066986], [101.600981, 3.067204], [101.601099, 3.067234], [101.601167, 3.067232], [101.601162, 3.067014], [101.601044, 3.066985]]]}}, {"type": "Feature", "properties": {}, "geometry": {"type": "Polygon", "coordinates": [[[101.602516, 3.06635], [101.602516, 3.066418], [101.602611, 3.066441], [101.602831, 3.066442], [101.602831, 3.066373], [101.602736, 3.06635], [101.602516, 3.06635]]]}}, {"type": "Feature", "properties": {}, "geometry": {"type": "Polygon", "coordinates": [[[101.601984, 3.069268], [101.60177, 3.069269], [101.60177, 3.069337], [101.601888, 3.069367], [101.602103, 3.069367], [101.602103, 3.069298], [101.601984, 3.069268]]]}}, {"type": "Feature", "properties": {}, "geometry": {"type": "Polygon", "coordinates": [[[101.600493, 3.069396], [101.600412, 3.069397], [101.600414, 3.069616], [101.600533, 3.069645], [101.600615, 3.069644], [101.600612, 3.069425], [101.600493, 3.069396]]]}}, {"type": "Feature", "properties": {}, "geometry": {"type": "Polygon", "coordinates": [[[101.6016, 3.067304], [101.601532, 3.067306], [101.601535, 3.067519], [101.601654, 3.067549], [101.601722, 3.067548], [101.601718, 3.067334], [101.6016, 3.067304]]]}}, {"type": "Feature", "properties": {}, "geometry": {"type": "Polygon", "coordinates": [[[101.602847, 3.067361], [101.602847, 3.067429], [101.602942, 3.067452], [101.603156, 3.067453], [101.603156, 3.067385], [101.603061, 3.067361], [101.602847, 3.067361]]]}}, {"type": "Feature", "properties": {}, "geometry": {"type": "Polygon", "coordinates": [[[101.60198, 3.066141], [101.601757, 3.066143], [101.601758, 3.066211], [101.601876, 3.066241], [101.602099, 3.066239], [101.602099, 3.066171], [101.60198, 3.066141]]]}}, {"type": "Feature", "properties": {}, "geometry": {"type": "Polygon", "coordinates": [[[101.601338, 3.069382], [101.601257, 3.069383], [101.60126, 3.069597], [101.601379, 3.069626], [101.60146, 3.069625], [101.601457, 3.069411], [101.601338, 3.069382]]]}}, {"type": "Feature", "properties": {}, "geometry": {"type": "Polygon", "coordinates": [[[101.601404, 3.068037], [101.601336, 3.068038], [101.601339, 3.068255], [101.601458, 3.068285], [101.601526, 3.068284], [101.601523, 3.068067], [101.601404, 3.068037]]]}}, {"type": "Feature", "properties": {}, "geometry": {"type": "Polygon", "coordinates": [[[101.601983, 3.066483], [101.60176, 3.066485], [101.60176, 3.066553], [101.601879, 3.066583], [101.602102, 3.066581], [101.602101, 3.066513], [101.601983, 3.066483]]]}}, {"type": "Feature", "properties": {}, "geometry": {"type": "Polygon", "coordinates": [[[101.599927, 3.069734], [101.599845, 3.069736], [101.599849, 3.069948], [101.599968, 3.069978], [101.60005, 3.069976], [101.600045, 3.069764], [101.599927, 3.069734]]]}}, {"type": "Feature", "properties": {}, "geometry": {"type": "Polygon", "coordinates": [[[101.602092, 3.065939], [101.602091, 3.066007], [101.60221, 3.066037], [101.602431, 3.066038], [101.602432, 3.06597], [101.602313, 3.065941], [101.602092, 3.065939]]]}}, {"type": "Feature", "properties": {}, "geometry": {"type": "Polygon", "coordinates": [[[101.60231, 3.069614], [101.602093, 3.069616], [101.602094, 3.069684], [101.602212, 3.069714], [101.602429, 3.069712], [101.602429, 3.069643], [101.60231, 3.069614]]]}}, {"type": "Feature", "properties": {}, "geometry": {"type": "Polygon", "coordinates": [[[101.602497, 3.067142], [101.602497, 3.067211], [101.602616, 3.067241], [101.602833, 3.067241], [101.602833, 3.067173], [101.602715, 3.067143], [101.602497, 3.067142]]]}}, {"type": "Feature", "properties": {}, "geometry": {"type": "Polygon", "coordinates": [[[101.602093, 3.065734], [101.602093, 3.065802], [101.602211, 3.065832], [101.602433, 3.065834], [101.602433, 3.065765], [101.602314, 3.065736], [101.602093, 3.065734]]]}}, {"type": "Feature", "properties": {}, "geometry": {"type": "Polygon", "coordinates": [[[101.603061, 3.066143], [101.602839, 3.066144], [101.602839, 3.066213], [101.602934, 3.066237], [101.603156, 3.066236], [101.603156, 3.066167], [101.603061, 3.066143]]]}}, {"type": "Feature", "properties": {}, "geometry": {"type": "Polygon", "coordinates": [[[101.600533, 3.067722], [101.600465, 3.067723], [101.600467, 3.067942], [101.600586, 3.067971], [101.600654, 3.067971], [101.600652, 3.067751], [101.600533, 3.067722]]]}}, {"type": "Feature", "properties": {}, "geometry": {"type": "Polygon", "coordinates": [[[101.602497, 3.067348], [101.602496, 3.067417], [101.602615, 3.067447], [101.602833, 3.067447], [101.602833, 3.067379], [101.602714, 3.067349], [101.602497, 3.067348]]]}}, {"type": "Feature", "properties": {}, "geometry": {"type": "Polygon", "coordinates": [[[101.601726, 3.066969], [101.601658, 3.06697], [101.601663, 3.067188], [101.601781, 3.067218], [101.601849, 3.067216], [101.601844, 3.066998], [101.601726, 3.066969]]]}}, {"type": "Feature", "properties": {}, "geometry": {"type": "Polygon", "coordinates": [[[101.602516, 3.066213], [101.602516, 3.066281], [101.602611, 3.066305], [101.602831, 3.066305], [101.602831, 3.066237], [101.602736, 3.066213], [101.602516, 3.066213]]]}}, {"type": "Feature", "properties": {}, "geometry": {"type": "Polygon", "coordinates": [[[101.601012, 3.067717], [101.600944, 3.067718], [101.600946, 3.067937], [101.601064, 3.067966], [101.601133, 3.067966], [101.60113, 3.067746], [101.601012, 3.067717]]]}}, {"type": "Feature", "properties": {}, "geometry": {"type": "Polygon", "coordinates": [[[101.600167, 3.0694], [101.600085, 3.069401], [101.600088, 3.06962], [101.600207, 3.069649], [101.600288, 3.069648], [101.600286, 3.06943], [101.600167, 3.0694]]]}}, {"type": "Feature", "properties": {}, "geometry": {"type": "Polygon", "coordinates": [[[101.601248, 3.06698], [101.60118, 3.066982], [101.601185, 3.067199], [101.601304, 3.067229], [101.601372, 3.067227], [101.601367, 3.06701], [101.601248, 3.06698]]]}}, {"type": "Feature", "properties": {}, "geometry": {"type": "Polygon", "coordinates": [[[101.601327, 3.067309], [101.601258, 3.06731], [101.601262, 3.067524], [101.601381, 3.067554], [101.601449, 3.067553], [101.601445, 3.067339], [101.601327, 3.067309]]]}}, {"type": "Feature", "properties": {}, "geometry": {"type": "Polygon", "coordinates": [[[101.602516, 3.066418], [101.602516, 3.066486], [101.602611, 3.06651], [101.602831, 3.06651], [101.602831, 3.066442], [101.602736, 3.066418], [101.602516, 3.066418]]]}}, {"type": "Feature", "properties": {}, "geometry": {"type": "Polygon", "coordinates": [[[101.600608, 3.068047], [101.60054, 3.068048], [101.600541, 3.068267], [101.60066, 3.068297], [101.600728, 3.068297], [101.600727, 3.068077], [101.600608, 3.068047]]]}}, {"type": "Feature", "properties": {}, "geometry": {"type": "Polygon", "coordinates": [[[101.602847, 3.067157], [101.602847, 3.067225], [101.602942, 3.067249], [101.603156, 3.067249], [101.603156, 3.067181], [101.603062, 3.067158], [101.602847, 3.067157]]]}}, {"type": "Feature", "properties": {}, "geometry": {"type": "Polygon", "coordinates": [[[101.601981, 3.06621], [101.601758, 3.066211], [101.601758, 3.066279], [101.601877, 3.066309], [101.6021, 3.066308], [101.602099, 3.066239], [101.601981, 3.06621]]]}}, {"type": "Feature", "properties": {}, "geometry": {"type": "Polygon", "coordinates": [[[101.600254, 3.069727], [101.600172, 3.069729], [101.600176, 3.069941], [101.600295, 3.069971], [101.600376, 3.06997], [101.600372, 3.069757], [101.600254, 3.069727]]]}}, {"type": "Feature", "properties": {}, "geometry": {"type": "Polygon", "coordinates": [[[101.601086, 3.068044], [101.601018, 3.068044], [101.60102, 3.068264], [101.601138, 3.068293], [101.601207, 3.068293], [101.601205, 3.068073], [101.601086, 3.068044]]]}}, {"type": "Feature", "properties": {}, "geometry": {"type": "Polygon", "coordinates": [[[101.602089, 3.066417], [101.602088, 3.066486], [101.602207, 3.066515], [101.602428, 3.066517], [101.602428, 3.066448], [101.60231, 3.066419], [101.602089, 3.066417]]]}}, {"type": "Feature", "properties": {}, "geometry": {"type": "Polygon", "coordinates": [[[101.602493, 3.068008], [101.602493, 3.068076], [101.602612, 3.068106], [101.602825, 3.068106], [101.602825, 3.068038], [101.602707, 3.068008], [101.602493, 3.068008]]]}}, {"type": "Feature", "properties": {}, "geometry": {"type": "Polygon", "coordinates": [[[101.602308, 3.069409], [101.60209, 3.069411], [101.602091, 3.06948], [101.60221, 3.069509], [101.602427, 3.069507], [101.602426, 3.069439], [101.602308, 3.069409]]]}}, {"type": "Feature", "properties": {}, "geometry": {"type": "Polygon", "coordinates": [[[101.60202, 3.068028], [101.601952, 3.068029], [101.601955, 3.068246], [101.602073, 3.068276], [101.602142, 3.068275], [101.602139, 3.068058], [101.60202, 3.068028]]]}}, {"type": "Feature", "properties": {}, "geometry": {"type": "Polygon", "coordinates": [[[101.601217, 3.067715], [101.601149, 3.067715], [101.601151, 3.067934], [101.601269, 3.067964], [101.601338, 3.067963], [101.601335, 3.067744], [101.601217, 3.067715]]]}}, {"type": "Feature", "properties": {}, "geometry": {"type": "Polygon", "coordinates": [[[101.602493, 3.068144], [101.602493, 3.068212], [101.602612, 3.068242], [101.602825, 3.068242], [101.602825, 3.068174], [101.602707, 3.068144], [101.602493, 3.068144]]]}}, {"type": "Feature", "properties": {}, "geometry": {"type": "Polygon", "coordinates": [[[101.601815, 3.068031], [101.601746, 3.068032], [101.60175, 3.068249], [101.601868, 3.068279], [101.601936, 3.068278], [101.601933, 3.068061], [101.601815, 3.068031]]]}}, {"type": "Feature", "properties": {}, "geometry": {"type": "Polygon", "coordinates": [[[101.60193, 3.066964], [101.601862, 3.066966], [101.601867, 3.067183], [101.601986, 3.067213], [101.602054, 3.067211], [101.602049, 3.066994], [101.60193, 3.066964]]]}}, {"type": "Feature", "properties": {}, "geometry": {"type": "Polygon", "coordinates": [[[101.601525, 3.069704], [101.601425, 3.069705], [101.601428, 3.069917], [101.601547, 3.069946], [101.601647, 3.069945], [101.601644, 3.069733], [101.601525, 3.069704]]]}}, {"type": "Feature", "properties": {}, "geometry": {"type": "Polygon", "coordinates": [[[101.601984, 3.069474], [101.60177, 3.069474], [101.60177, 3.069543], [101.601889, 3.069572], [101.602103, 3.069572], [101.602103, 3.069503], [101.601984, 3.069474]]]}}, {"type": "Feature", "properties": {}, "geometry": {"type": "Polygon", "coordinates": [[[101.602847, 3.067022], [101.602847, 3.06709], [101.602942, 3.067113], [101.603157, 3.067114], [101.603157, 3.067046], [101.603062, 3.067022], [101.602847, 3.067022]]]}}, {"type": "Feature", "properties": {}, "geometry": {"type": "Polygon", "coordinates": [[[101.600249, 3.069399], [101.600167, 3.0694], [101.60017, 3.069619], [101.600288, 3.069648], [101.60037, 3.069647], [101.600367, 3.069429], [101.600249, 3.069399]]]}}, {"type": "Feature", "properties": {}, "geometry": {"type": "Polygon", "coordinates": [[[101.601121, 3.067313], [101.601053, 3.067314], [101.601057, 3.067528], [101.601175, 3.067557], [101.601244, 3.067556], [101.60124, 3.067343], [101.601121, 3.067313]]]}}, {"type": "Feature", "properties": {}, "geometry": {"type": "Polygon", "coordinates": [[[101.601984, 3.069679], [101.60177, 3.069679], [101.60177, 3.069748], [101.601889, 3.069777], [101.602103, 3.069777], [101.602103, 3.069709], [101.601984, 3.069679]]]}}, {"type": "Feature", "properties": {}, "geometry": {"type": "Polygon", "coordinates": [[[101.602847, 3.067225], [101.602847, 3.067293], [101.602942, 3.067317], [101.603156, 3.067317], [101.603156, 3.067249], [101.603062, 3.067225], [101.602847, 3.067225]]]}}, {"type": "Feature", "properties": {}, "geometry": {"type": "Polygon", "coordinates": [[[101.602088, 3.066554], [101.602087, 3.066622], [101.602206, 3.066652], [101.602427, 3.066653], [101.602428, 3.066585], [101.602309, 3.066555], [101.602088, 3.066554]]]}}, {"type": "Feature", "properties": {}, "geometry": {"type": "Polygon", "coordinates": [[[101.602516, 3.066758], [101.602516, 3.066827], [101.60261, 3.06685], [101.602831, 3.06685], [101.602831, 3.066782], [101.602736, 3.066759], [101.602516, 3.066758]]]}}, {"type": "Feature", "properties": {}, "geometry": {"type": "Polygon", "coordinates": [[[101.601979, 3.066004], [101.601756, 3.066006], [101.601757, 3.066074], [101.601876, 3.066104], [101.602098, 3.066102], [101.602098, 3.066034], [101.601979, 3.066004]]]}}, {"type": "Feature", "properties": {}, "geometry": {"type": "Polygon", "coordinates": [[[101.602306, 3.069272], [101.602089, 3.069275], [101.60209, 3.069343], [101.602208, 3.069373], [101.602426, 3.06937], [101.602425, 3.069302], [101.602306, 3.069272]]]}}, {"type": "Feature", "properties": {}, "geometry": {"type": "Polygon", "coordinates": [[[101.60085, 3.069389], [101.600769, 3.06939], [101.600772, 3.069604], [101.600891, 3.069634], [101.600972, 3.069632], [101.600969, 3.069418], [101.60085, 3.069389]]]}}, {"type": "Feature", "properties": {}, "geometry": {"type": "Polygon", "coordinates": [[[101.602087, 3.066622], [101.602087, 3.06672], [101.602205, 3.066749], [101.602426, 3.066751], [101.602427, 3.066653], [101.602308, 3.066624], [101.602087, 3.066622]]]}}, {"type": "Feature", "properties": {}, "geometry": {"type": "Polygon", "coordinates": [[[101.601343, 3.069707], [101.601262, 3.069708], [101.601266, 3.06992], [101.601384, 3.069949], [101.601465, 3.069948], [101.601462, 3.069736], [101.601343, 3.069707]]]}}, {"type": "Feature", "properties": {}, "geometry": {"type": "Polygon", "coordinates": [[[101.602309, 3.069477], [101.602091, 3.06948], [101.602092, 3.069548], [101.60221, 3.069577], [101.602428, 3.069575], [101.602427, 3.069507], [101.602309, 3.069477]]]}}, {"type": "Feature", "properties": {}, "geometry": {"type": "Polygon", "coordinates": [[[101.602496, 3.067554], [101.602496, 3.067623], [101.602614, 3.067652], [101.602832, 3.067653], [101.602832, 3.067585], [101.602714, 3.067555], [101.602496, 3.067554]]]}}, {"type": "Feature", "properties": {}, "geometry": {"type": "Polygon", "coordinates": [[[101.601952, 3.068029], [101.601883, 3.06803], [101.601886, 3.068247], [101.602005, 3.068277], [101.602073, 3.068276], [101.60207, 3.068059], [101.601952, 3.068029]]]}}, {"type": "Feature", "properties": {}, "geometry": {"type": "Polygon", "coordinates": [[[101.602067, 3.066961], [101.601999, 3.066962], [101.602004, 3.06718], [101.602122, 3.06721], [101.60219, 3.067208], [101.602185, 3.06699], [101.602067, 3.066961]]]}}, {"type": "Feature", "properties": {}, "geometry": {"type": "Polygon", "coordinates": [[[101.603064, 3.066691], [101.602841, 3.066692], [101.602842, 3.066761], [101.602937, 3.066784], [101.603159, 3.066783], [101.603158, 3.066715], [101.603064, 3.066691]]]}}, {"type": "Feature", "properties": {}, "geometry": {"type": "Polygon", "coordinates": [[[101.602493, 3.068621], [101.602493, 3.068689], [101.602611, 3.068718], [101.602825, 3.068718], [101.602825, 3.06865], [101.602707, 3.068621], [101.602493, 3.068621]]]}}, {"type": "Feature", "properties": {}, "geometry": {"type": "Polygon", "coordinates": [[[101.601099, 3.069711], [101.601018, 3.069712], [101.601022, 3.069924], [101.60114, 3.069953], [101.601221, 3.069952], [101.601218, 3.069741], [101.601099, 3.069711]]]}}, {"type": "Feature", "properties": {}, "geometry": {"type": "Polygon", "coordinates": [[[101.602495, 3.06776], [101.602495, 3.067829], [101.602614, 3.067858], [101.602831, 3.067859], [101.602831, 3.06779], [101.602713, 3.067761], [101.602495, 3.06776]]]}}, {"type": "Feature", "properties": {}, "geometry": {"type": "Polygon", "coordinates": [[[101.601223, 3.068043], [101.601155, 3.068043], [101.601156, 3.068263], [101.601275, 3.068292], [101.601343, 3.068292], [101.601342, 3.068072], [101.601223, 3.068043]]]}}, {"type": "Feature", "properties": {}, "geometry": {"type": "Polygon", "coordinates": [[[101.601862, 3.066966], [101.601794, 3.066967], [101.601799, 3.067185], [101.601918, 3.067214], [101.601986, 3.067213], [101.601981, 3.066995], [101.601862, 3.066966]]]}}, {"type": "Feature", "properties": {}, "geometry": {"type": "Polygon", "coordinates": [[[101.602812, 3.068486], [101.602811, 3.068554], [101.60293, 3.068584], [101.603148, 3.068586], [101.603148, 3.068518], [101.60303, 3.068488], [101.602812, 3.068486]]]}}, {"type": "Feature", "properties": {}, "geometry": {"type": "Polygon", "coordinates": [[[101.602516, 3.066622], [101.602516, 3.06669], [101.60261, 3.066714], [101.602831, 3.066714], [101.602831, 3.066646], [101.602736, 3.066622], [101.602516, 3.066622]]]}}, {"type": "Feature", "properties": {}, "geometry": {"type": "Polygon", "coordinates": [[[101.602076, 3.067696], [101.602008, 3.067697], [101.602012, 3.067914], [101.602131, 3.067944], [101.602199, 3.067943], [101.602195, 3.067726], [101.602076, 3.067696]]]}}, {"type": "Feature", "properties": {}, "geometry": {"type": "Polygon", "coordinates": [[[101.601984, 3.069542], [101.60177, 3.069543], [101.60177, 3.069611], [101.601889, 3.069641], [101.602103, 3.06964], [101.602103, 3.069572], [101.601984, 3.069542]]]}}, {"type": "Feature", "properties": {}, "geometry": {"type": "Polygon", "coordinates": [[[101.600769, 3.06939], [101.600688, 3.069391], [101.600691, 3.069605], [101.600809, 3.069635], [101.600891, 3.069634], [101.600888, 3.06942], [101.600769, 3.06939]]]}}, {"type": "Feature", "properties": {}, "geometry": {"type": "Polygon", "coordinates": [[[101.601873, 3.0673], [101.601805, 3.067301], [101.601809, 3.067514], [101.601927, 3.067544], [101.601996, 3.067543], [101.601992, 3.067329], [101.601873, 3.0673]]]}}, {"type": "Feature", "properties": {}, "geometry": {"type": "Polygon", "coordinates": [[[101.600004, 3.069402], [101.599922, 3.069403], [101.599925, 3.069622], [101.600044, 3.069651], [101.600125, 3.06965], [101.600122, 3.069432], [101.600004, 3.069402]]]}}, {"type": "Feature", "properties": {}, "geometry": {"type": "Polygon", "coordinates": [[[101.60119, 3.067312], [101.601121, 3.067313], [101.601125, 3.067527], [101.601244, 3.067556], [101.601312, 3.067555], [101.601308, 3.067341], [101.60119, 3.067312]]]}}, {"type": "Feature", "properties": {}, "geometry": {"type": "Polygon", "coordinates": [[[101.601871, 3.0677], [101.601803, 3.067701], [101.601807, 3.067918], [101.601925, 3.067947], [101.601994, 3.067946], [101.60199, 3.067729], [101.601871, 3.0677]]]}}, {"type": "Feature", "properties": {}, "geometry": {"type": "Polygon", "coordinates": [[[101.602846, 3.0677], [101.602846, 3.067768], [101.602941, 3.067791], [101.603156, 3.067792], [101.603156, 3.067724], [101.603061, 3.0677], [101.602846, 3.0677]]]}}, {"type": "Feature", "properties": {}, "geometry": {"type": "Polygon", "coordinates": [[[101.601013, 3.069386], [101.600932, 3.069388], [101.600935, 3.069601], [101.601053, 3.069631], [101.601135, 3.06963], [101.601131, 3.069416], [101.601013, 3.069386]]]}}, {"type": "Feature", "properties": {}, "geometry": {"type": "Polygon", "coordinates": [[[101.600471, 3.068048], [101.600403, 3.068049], [101.600405, 3.068268], [101.600523, 3.068298], [101.600592, 3.068298], [101.60059, 3.068078], [101.600471, 3.068048]]]}}, {"type": "Feature", "properties": {}, "geometry": {"type": "Polygon", "coordinates": [[[101.601262, 3.069708], [101.601181, 3.06971], [101.601184, 3.069921], [101.601303, 3.069951], [101.601384, 3.069949], [101.601381, 3.069738], [101.601262, 3.069708]]]}}, {"type": "Feature", "properties": {}, "geometry": {"type": "Polygon", "coordinates": [[[101.603062, 3.066417], [101.60284, 3.066418], [101.60284, 3.066487], [101.602935, 3.066511], [101.603157, 3.066509], [101.603157, 3.066441], [101.603062, 3.066417]]]}}, {"type": "Feature", "properties": {}, "geometry": {"type": "Polygon", "coordinates": [[[101.602496, 3.067623], [101.602496, 3.067691], [101.602614, 3.067721], [101.602832, 3.067722], [101.602832, 3.067653], [101.602713, 3.067623], [101.602496, 3.067623]]]}}, {"type": "Feature", "properties": {}, "geometry": {"type": "Polygon", "coordinates": [[[101.602157, 3.068026], [101.602089, 3.068027], [101.602092, 3.068245], [101.60221, 3.068274], [101.602279, 3.068273], [101.602276, 3.068056], [101.602157, 3.068026]]]}}, {"type": "Feature", "properties": {}, "geometry": {"type": "Polygon", "coordinates": [[[101.602815, 3.068213], [101.602814, 3.068281], [101.602933, 3.06831], [101.60315, 3.068313], [101.603151, 3.068244], [101.603032, 3.068215], [101.602815, 3.068213]]]}}, {"type": "Feature", "properties": {}, "geometry": {"type": "Polygon", "coordinates": [[[101.602516, 3.06669], [101.602516, 3.066758], [101.60261, 3.066782], [101.602831, 3.066782], [101.602831, 3.066714], [101.602736, 3.06669], [101.602516, 3.06669]]]}}, {"type": "Feature", "properties": {}, "geometry": {"type": "Polygon", "coordinates": [[[101.602008, 3.067697], [101.60194, 3.067698], [101.601944, 3.067915], [101.602062, 3.067945], [101.602131, 3.067944], [101.602127, 3.067727], [101.602008, 3.067697]]]}}, {"type": "Feature", "properties": {}, "geometry": {"type": "Polygon", "coordinates": [[[101.601984, 3.069337], [101.60177, 3.069337], [101.60177, 3.069406], [101.601888, 3.069435], [101.602103, 3.069435], [101.602103, 3.069367], [101.601984, 3.069337]]]}}, {"type": "Feature", "properties": {}, "geometry": {"type": "Polygon", "coordinates": [[[101.601668, 3.067303], [101.6016, 3.067304], [101.601604, 3.067518], [101.601722, 3.067548], [101.601791, 3.067547], [101.601787, 3.067333], [101.601668, 3.067303]]]}}, {"type": "Feature", "properties": {}, "geometry": {"type": "Polygon", "coordinates": [[[101.602847, 3.067429], [101.602847, 3.067496], [101.602941, 3.06752], [101.603156, 3.06752], [101.603156, 3.067453], [101.603061, 3.067429], [101.602847, 3.067429]]]}}, {"type": "Feature", "properties": {}, "geometry": {"type": "Polygon", "coordinates": [[[101.602846, 3.067768], [101.602846, 3.067835], [101.602941, 3.067859], [101.603156, 3.067859], [101.603156, 3.067792], [101.603061, 3.067768], [101.602846, 3.067768]]]}}, {"type": "Feature", "properties": {}, "geometry": {"type": "Polygon", "coordinates": [[[101.600575, 3.069395], [101.600493, 3.069396], [101.600496, 3.069615], [101.600615, 3.069644], [101.600696, 3.069643], [101.600693, 3.069424], [101.600575, 3.069395]]]}}, {"type": "Feature", "properties": {}, "geometry": {"type": "Polygon", "coordinates": [[[101.600172, 3.069729], [101.60009, 3.069731], [101.600095, 3.069943], [101.600213, 3.069973], [101.600295, 3.069971], [101.60029, 3.069758], [101.600172, 3.069729]]]}}, {"type": "Feature", "properties": {}, "geometry": {"type": "Polygon", "coordinates": [[[101.60209, 3.066144], [101.60209, 3.066212], [101.602209, 3.066242], [101.60243, 3.066243], [101.60243, 3.066175], [101.602312, 3.066145], [101.60209, 3.066144]]]}}, {"type": "Feature", "properties": {}, "geometry": {"type": "Polygon", "coordinates": [[[101.602311, 3.069682], [101.602094, 3.069684], [101.602094, 3.069753], [101.602213, 3.069782], [101.60243, 3.06978], [101.602429, 3.069712], [101.602311, 3.069682]]]}}, {"type": "Feature", "properties": {}, "geometry": {"type": "Polygon", "coordinates": [[[101.602498, 3.066937], [101.602498, 3.067005], [101.602616, 3.067035], [101.602834, 3.067035], [101.602834, 3.066967], [101.602715, 3.066937], [101.602498, 3.066937]]]}}, {"type": "Feature", "properties": {}, "geometry": {"type": "Polygon", "coordinates": [[[101.60306, 3.065938], [101.602838, 3.065939], [101.602838, 3.066007], [101.602933, 3.066031], [101.603155, 3.06603], [101.603155, 3.065962], [101.60306, 3.065938]]]}}, {"type": "Feature", "properties": {}, "geometry": {"type": "Polygon", "coordinates": [[[101.600602, 3.067721], [101.600533, 3.067722], [101.600536, 3.067941], [101.600654, 3.067971], [101.600723, 3.06797], [101.60072, 3.067751], [101.600602, 3.067721]]]}}, {"type": "Feature", "properties": {}, "geometry": {"type": "Polygon", "coordinates": [[[101.602229, 3.066957], [101.602135, 3.066959], [101.60214, 3.067177], [101.602259, 3.067206], [101.602353, 3.067204], [101.602348, 3.066987], [101.602229, 3.066957]]]}}, {"type": "Feature", "properties": {}, "geometry": {"type": "Polygon", "coordinates": [[[101.602496, 3.067417], [101.602496, 3.067486], [101.602615, 3.067515], [101.602832, 3.067516], [101.602833, 3.067447], [101.602714, 3.067418], [101.602496, 3.067417]]]}}, {"type": "Feature", "properties": {}, "geometry": {"type": "Polygon", "coordinates": [[[101.601541, 3.068035], [101.601473, 3.068036], [101.601476, 3.068253], [101.601594, 3.068283], [101.601663, 3.068282], [101.60166, 3.068065], [101.601541, 3.068035]]]}}, {"type": "Feature", "properties": {}, "geometry": {"type": "Polygon", "coordinates": [[[101.601658, 3.06697], [101.601589, 3.066972], [101.601594, 3.06719], [101.601713, 3.067219], [101.601781, 3.067218], [101.601776, 3.067], [101.601658, 3.06697]]]}}, {"type": "Feature", "properties": {}, "geometry": {"type": "Polygon", "coordinates": [[[101.602516, 3.066009], [101.602516, 3.066077], [101.602611, 3.066101], [101.602831, 3.066101], [101.602831, 3.066033], [101.602736, 3.066009], [101.602516, 3.066009]]]}}, {"type": "Feature", "properties": {}, "geometry": {"type": "Polygon", "coordinates": [[[101.600807, 3.067719], [101.600738, 3.06772], [101.600741, 3.067939], [101.600859, 3.067968], [101.600928, 3.067968], [101.600925, 3.067749], [101.600807, 3.067719]]]}}, {"type": "Feature", "properties": {}, "geometry": {"type": "Polygon", "coordinates": [[[101.601453, 3.066975], [101.601385, 3.066977], [101.60139, 3.067194], [101.601508, 3.067224], [101.601577, 3.067222], [101.601572, 3.067005], [101.601453, 3.066975]]]}}, {"type": "Feature", "properties": {}, "geometry": {"type": "Polygon", "coordinates": [[[101.601395, 3.067308], [101.601327, 3.067309], [101.60133, 3.067523], [101.601449, 3.067553], [101.601517, 3.067551], [101.601513, 3.067338], [101.601395, 3.067308]]]}}, {"type": "Feature", "properties": {}, "geometry": {"type": "Polygon", "coordinates": [[[101.602516, 3.066486], [101.602516, 3.066554], [101.602611, 3.066578], [101.602831, 3.066578], [101.602831, 3.06651], [101.602736, 3.066486], [101.602516, 3.066486]]]}}, {"type": "Feature", "properties": {}, "geometry": {"type": "Polygon", "coordinates": [[[101.600676, 3.068047], [101.600608, 3.068047], [101.60061, 3.068267], [101.600728, 3.068297], [101.600797, 3.068296], [101.600795, 3.068076], [101.600676, 3.068047]]]}}, {"type": "Feature", "properties": {}, "geometry": {"type": "Polygon", "coordinates": [[[101.601737, 3.067302], [101.601668, 3.067303], [101.601672, 3.067517], [101.601791, 3.067547], [101.601859, 3.067545], [101.601855, 3.067332], [101.601737, 3.067302]]]}}, {"type": "Feature", "properties": {}, "geometry": {"type": "Polygon", "coordinates": [[[101.602847, 3.067496], [101.602846, 3.067564], [101.602941, 3.067588], [101.603156, 3.067588], [101.603156, 3.06752], [101.603061, 3.067497], [101.602847, 3.067496]]]}}, {"type": "Feature", "properties": {}, "geometry": {"type": "Polygon", "coordinates": [[[101.601981, 3.066278], [101.601758, 3.066279], [101.601759, 3.066348], [101.601877, 3.066378], [101.6021, 3.066376], [101.6021, 3.066308], [101.601981, 3.066278]]]}}, {"type": "Feature", "properties": {}, "geometry": {"type": "Polygon", "coordinates": [[[101.600499, 3.069722], [101.600417, 3.069724], [101.600421, 3.069937], [101.60054, 3.069966], [101.600622, 3.069965], [101.600617, 3.069752], [101.600499, 3.069722]]]}}, {"type": "Feature", "properties": {}, "geometry": {"type": "Polygon", "coordinates": [[[101.600881, 3.068045], [101.600813, 3.068046], [101.600815, 3.068265], [101.600933, 3.068295], [101.601002, 3.068294], [101.601, 3.068075], [101.600881, 3.068045]]]}}, {"type": "Feature", "properties": {}, "geometry": {"type": "Polygon", "coordinates": [[[101.603059, 3.065664], [101.602837, 3.065666], [101.602837, 3.065802], [101.602932, 3.065826], [101.603154, 3.065825], [101.603154, 3.065688], [101.603059, 3.065664]]]}}, {"type": "Feature", "properties": {}, "geometry": {"type": "Polygon", "coordinates": [[[101.602089, 3.066349], [101.602089, 3.066417], [101.602207, 3.066447], [101.602428, 3.066448], [101.602429, 3.06638], [101.60231, 3.06635], [101.602089, 3.066349]]]}}, {"type": "Feature", "properties": {}, "geometry": {"type": "Polygon", "coordinates": [[[101.603059, 3.065801], [101.602837, 3.065802], [101.602838, 3.065871], [101.602932, 3.065894], [101.603155, 3.065893], [101.603154, 3.065825], [101.603059, 3.065801]]]}}, {"type": "Feature", "properties": {}, "geometry": {"type": "Polygon", "coordinates": [[[101.602312, 3.06975], [101.602094, 3.069753], [101.602095, 3.069821], [101.602214, 3.069851], [101.602431, 3.069848], [101.60243, 3.06978], [101.602312, 3.06975]]]}}, {"type": "Feature", "properties": {}, "geometry": {"type": "Polygon", "coordinates": [[[101.602493, 3.068348], [101.602493, 3.068417], [101.602612, 3.068446], [101.602825, 3.068446], [101.602825, 3.068378], [101.602707, 3.068349], [101.602493, 3.068348]]]}}, {"type": "Feature", "properties": {}, "geometry": {"type": "Polygon", "coordinates": [[[101.60067, 3.06772], [101.600602, 3.067721], [101.600604, 3.06794], [101.600723, 3.06797], [101.600791, 3.067969], [101.600789, 3.06775], [101.60067, 3.06772]]]}}, {"type": "Feature", "properties": {}, "geometry": {"type": "Polygon", "coordinates": [[[101.601746, 3.068032], [101.601678, 3.068033], [101.601681, 3.06825], [101.6018, 3.06828], [101.601868, 3.068279], [101.601865, 3.068062], [101.601746, 3.068032]]]}}, {"type": "Feature", "properties": {}, "geometry": {"type": "Polygon", "coordinates": [[[101.601589, 3.066972], [101.601521, 3.066974], [101.601526, 3.067191], [101.601645, 3.067221], [101.601713, 3.067219], [101.601708, 3.067002], [101.601589, 3.066972]]]}}, {"type": "Feature", "properties": {}, "geometry": {"type": "Polygon", "coordinates": [[[101.602516, 3.065804], [101.602516, 3.065873], [101.602611, 3.065896], [101.602831, 3.065896], [101.602831, 3.065828], [101.602736, 3.065805], [101.602516, 3.065804]]]}}, {"type": "Feature", "properties": {}, "geometry": {"type": "Polygon", "coordinates": [[[101.60033, 3.069398], [101.600249, 3.069399], [101.600251, 3.069618], [101.60037, 3.069647], [101.600452, 3.069646], [101.600449, 3.069428], [101.60033, 3.069398]]]}}, {"type": "Feature", "properties": {}, "geometry": {"type": "Polygon", "coordinates": [[[101.601463, 3.067307], [101.601395, 3.067308], [101.601399, 3.067522], [101.601517, 3.067551], [101.601585, 3.06755], [101.601582, 3.067337], [101.601463, 3.067307]]]}}, {"type": "Feature", "properties": {}, "geometry": {"type": "Polygon", "coordinates": [[[101.599841, 3.069404], [101.599761, 3.069405], [101.599764, 3.069624], [101.599883, 3.069653], [101.599962, 3.069653], [101.599959, 3.069434], [101.599841, 3.069404]]]}}, {"type": "Feature", "properties": {}, "geometry": {"type": "Polygon", "coordinates": [[[101.601598, 3.067705], [101.60153, 3.067706], [101.601534, 3.067923], [101.601652, 3.067952], [101.60172, 3.067951], [101.601716, 3.067734], [101.601598, 3.067705]]]}}, {"type": "Feature", "properties": {}, "geometry": {"type": "Polygon", "coordinates": [[[101.601985, 3.069748], [101.60177, 3.069748], [101.60177, 3.069816], [101.601889, 3.069846], [101.602103, 3.069846], [101.602103, 3.069777], [101.601985, 3.069748]]]}}, {"type": "Feature", "properties": {}, "geometry": {"type": "Polygon", "coordinates": [[[101.600745, 3.068046], [101.600676, 3.068047], [101.600678, 3.068266], [101.600797, 3.068296], [101.600865, 3.068296], [101.600863, 3.068076], [101.600745, 3.068046]]]}}, {"type": "Feature", "properties": {}, "geometry": {"type": "Polygon", "coordinates": [[[101.602847, 3.067293], [101.602847, 3.067361], [101.602942, 3.067385], [101.603156, 3.067385], [101.603156, 3.067317], [101.603062, 3.067293], [101.602847, 3.067293]]]}}, {"type": "Feature", "properties": {}, "geometry": {"type": "Polygon", "coordinates": [[[101.602088, 3.066486], [101.602088, 3.066554], [101.602206, 3.066584], [101.602428, 3.066585], [101.602428, 3.066517], [101.602309, 3.066487], [101.602088, 3.066486]]]}}, {"type": "Feature", "properties": {}, "geometry": {"type": "Polygon", "coordinates": [[[101.602493, 3.068689], [101.602493, 3.068801], [101.602611, 3.068831], [101.602825, 3.068831], [101.602825, 3.068718], [101.602707, 3.068689], [101.602493, 3.068689]]]}}, {"type": "Feature", "properties": {}, "geometry": {"type": "Polygon", "coordinates": [[[101.601978, 3.065799], [101.601755, 3.065801], [101.601756, 3.065869], [101.601874, 3.065899], [101.602097, 3.065897], [101.602096, 3.065829], [101.601978, 3.065799]]]}}, {"type": "Feature", "properties": {}, "geometry": {"type": "Polygon", "coordinates": [[[101.60209, 3.066281], [101.602089, 3.066349], [101.602208, 3.066379], [101.602429, 3.06638], [101.602429, 3.066312], [101.602311, 3.066282], [101.60209, 3.066281]]]}}, {"type": "Feature", "properties": {}, "geometry": {"type": "Polygon", "coordinates": [[[101.602309, 3.069545], [101.602092, 3.069548], [101.602093, 3.069616], [101.602211, 3.069646], [101.602429, 3.069643], [101.602428, 3.069575], [101.602309, 3.069545]]]}}, {"type": "Feature", "properties": {}, "geometry": {"type": "Polygon", "coordinates": [[[101.601883, 3.06803], [101.601815, 3.068031], [101.601818, 3.068248], [101.601936, 3.068278], [101.602005, 3.068277], [101.602002, 3.06806], [101.601883, 3.06803]]]}}, {"type": "Feature", "properties": {}, "geometry": {"type": "Polygon", "coordinates": [[[101.603063, 3.066486], [101.60284, 3.066487], [101.602841, 3.066555], [101.602936, 3.066579], [101.603158, 3.066578], [101.603157, 3.066509], [101.603063, 3.066486]]]}}, {"type": "Feature", "properties": {}, "geometry": {"type": "Polygon", "coordinates": [[[101.602493, 3.068553], [101.602493, 3.068621], [101.602612, 3.06865], [101.602825, 3.06865], [101.602825, 3.068582], [101.602707, 3.068553], [101.602493, 3.068553]]]}}, {"type": "Feature", "properties": {}, "geometry": {"type": "Polygon", "coordinates": [[[101.601018, 3.069712], [101.600937, 3.069714], [101.60094, 3.069925], [101.601059, 3.069955], [101.60114, 3.069953], [101.601136, 3.069742], [101.601018, 3.069712]]]}}, {"type": "Feature", "properties": {}, "geometry": {"type": "Polygon", "coordinates": [[[101.600465, 3.067723], [101.600397, 3.067723], [101.600399, 3.067942], [101.600518, 3.067972], [101.600586, 3.067971], [101.600584, 3.067752], [101.600465, 3.067723]]]}}, {"type": "Feature", "properties": {}, "geometry": {"type": "Polygon", "coordinates": [[[101.601678, 3.068033], [101.60161, 3.068034], [101.601613, 3.068251], [101.601731, 3.068281], [101.6018, 3.06828], [101.601797, 3.068063], [101.601678, 3.068033]]]}}, {"type": "Feature", "properties": {}, "geometry": {"type": "Polygon", "coordinates": [[[101.601794, 3.066967], [101.601726, 3.066969], [101.601731, 3.067186], [101.601849, 3.067216], [101.601918, 3.067214], [101.601912, 3.066997], [101.601794, 3.066967]]]}}, {"type": "Feature", "properties": {}, "geometry": {"type": "Polygon", "coordinates": [[[101.602814, 3.068281], [101.602813, 3.068349], [101.602932, 3.068379], [101.60315, 3.068381], [101.60315, 3.068313], [101.603032, 3.068283], [101.602814, 3.068281]]]}}, {"type": "Feature", "properties": {}, "geometry": {"type": "Polygon", "coordinates": [[[101.602516, 3.065873], [101.602516, 3.065941], [101.602611, 3.065965], [101.602831, 3.065965], [101.602831, 3.065896], [101.602736, 3.065873], [101.602516, 3.065873]]]}}, {"type": "Feature", "properties": {}, "geometry": {"type": "Polygon", "coordinates": [[[101.601984, 3.069611], [101.60177, 3.069611], [101.60177, 3.069679], [101.601889, 3.069709], [101.602103, 3.069709], [101.602103, 3.06964], [101.601984, 3.069611]]]}}, {"type": "Feature", "properties": {}, "geometry": {"type": "Polygon", "coordinates": [[[101.601942, 3.067298], [101.601873, 3.0673], [101.601877, 3.067513], [101.601996, 3.067543], [101.602064, 3.067542], [101.60206, 3.067328], [101.601942, 3.067298]]]}}, {"type": "Feature", "properties": {}, "geometry": {"type": "Polygon", "coordinates": [[[101.601258, 3.06731], [101.60119, 3.067312], [101.601194, 3.067525], [101.601312, 3.067555], [101.601381, 3.067554], [101.601377, 3.06734], [101.601258, 3.06731]]]}}, {"type": "Feature", "properties": {}, "geometry": {"type": "Polygon", "coordinates": [[[101.601977, 3.065662], [101.601754, 3.065664], [101.601755, 3.065732], [101.601873, 3.065762], [101.602096, 3.065761], [101.602095, 3.065692], [101.601977, 3.065662]]]}}, {"type": "Feature", "properties": {}, "geometry": {"type": "Polygon", "coordinates": [[[101.601803, 3.067701], [101.601735, 3.067702], [101.601739, 3.067919], [101.601857, 3.067949], [101.601925, 3.067947], [101.601922, 3.067731], [101.601803, 3.067701]]]}}, {"type": "Feature", "properties": {}, "geometry": {"type": "Polygon", "coordinates": [[[101.601257, 3.069383], [101.601176, 3.069384], [101.601179, 3.069598], [101.601297, 3.069627], [101.601379, 3.069626], [101.601376, 3.069412], [101.601257, 3.069383]]]}}, {"type": "Feature", "properties": {}, "geometry": {"type": "Polygon", "coordinates": [[[101.60054, 3.068048], [101.600471, 3.068048], [101.600473, 3.068268], [101.600592, 3.068298], [101.60066, 3.068297], [101.600658, 3.068077], [101.60054, 3.068048]]]}}, {"type": "Feature", "properties": {}, "geometry": {"type": "Polygon", "coordinates": [[[101.601393, 3.067708], [101.601325, 3.06771], [101.601328, 3.067926], [101.601447, 3.067956], [101.601515, 3.067955], [101.601511, 3.067738], [101.601393, 3.067708]]]}}, {"type": "Feature", "properties": {}, "geometry": {"type": "Polygon", "coordinates": [[[101.601181, 3.06971], [101.601099, 3.069711], [101.601103, 3.069922], [101.601221, 3.069952], [101.601303, 3.069951], [101.601299, 3.069739], [101.601181, 3.06971]]]}}, {"type": "Feature", "properties": {}, "geometry": {"type": "Polygon", "coordinates": [[[101.603061, 3.066212], [101.602839, 3.066213], [101.602839, 3.066281], [101.602934, 3.066305], [101.603156, 3.066304], [101.603156, 3.066236], [101.603061, 3.066212]]]}}, {"type": "Feature", "properties": {}, "geometry": {"type": "Polygon", "coordinates": [[[101.602496, 3.067691], [101.602495, 3.06776], [101.602614, 3.06779], [101.602831, 3.06779], [101.602832, 3.067722], [101.602713, 3.067692], [101.602496, 3.067691]]]}}, {"type": "Feature", "properties": {}, "geometry": {"type": "Polygon", "coordinates": [[[101.602493, 3.068485], [101.602493, 3.068553], [101.602612, 3.068582], [101.602825, 3.068582], [101.602825, 3.068514], [101.602707, 3.068485], [101.602493, 3.068485]]]}}, {"type": "Feature", "properties": {}, "geometry": {"type": "Polygon", "coordinates": [[[101.601525, 3.069379], [101.60142, 3.06938], [101.601423, 3.069594], [101.601541, 3.069624], [101.601647, 3.069622], [101.601644, 3.069408], [101.601525, 3.069379]]]}}, {"type": "Feature", "properties": {}, "geometry": {"type": "Polygon", "coordinates": [[[101.602817, 3.068007], [101.602816, 3.068076], [101.602935, 3.068106], [101.603152, 3.068108], [101.603153, 3.068039], [101.603035, 3.06801], [101.602817, 3.068007]]]}}, {"type": "Feature", "properties": {}, "geometry": {"type": "Polygon", "coordinates": [[[101.600937, 3.069714], [101.600855, 3.069715], [101.600859, 3.069927], [101.600977, 3.069956], [101.601059, 3.069955], [101.601055, 3.069743], [101.600937, 3.069714]]]}}, {"type": "Feature", "properties": {}, "geometry": {"type": "Polygon", "coordinates": [[[101.60108, 3.067716], [101.601012, 3.067717], [101.601014, 3.067936], [101.601133, 3.067966], [101.601201, 3.067965], [101.601199, 3.067746], [101.60108, 3.067716]]]}}, {"type": "Feature", "properties": {}, "geometry": {"type": "Polygon", "coordinates": [[[101.60118, 3.066982], [101.601112, 3.066983], [101.601117, 3.067201], [101.601236, 3.06723], [101.601304, 3.067229], [101.601299, 3.067011], [101.60118, 3.066982]]]}}, {"type": "Feature", "properties": {}, "geometry": {"type": "Polygon", "coordinates": [[[101.60194, 3.067698], [101.601871, 3.0677], [101.601875, 3.067916], [101.601994, 3.067946], [101.602062, 3.067945], [101.602058, 3.067728], [101.60194, 3.067698]]]}}, {"type": "Feature", "properties": {}, "geometry": {"type": "Polygon", "coordinates": [[[101.60201, 3.067297], [101.601942, 3.067298], [101.601945, 3.067512], [101.602064, 3.067542], [101.602132, 3.06754], [101.602128, 3.067327], [101.60201, 3.067297]]]}}, {"type": "Feature", "properties": {}, "geometry": {"type": "Polygon", "coordinates": [[[101.601735, 3.067702], [101.601666, 3.067703], [101.60167, 3.06792], [101.601789, 3.06795], [101.601857, 3.067949], [101.601853, 3.067732], [101.601735, 3.067702]]]}}, {"type": "Feature", "properties": {}, "geometry": {"type": "Polygon", "coordinates": [[[101.601155, 3.068043], [101.601086, 3.068044], [101.601088, 3.068263], [101.601207, 3.068293], [101.601275, 3.068292], [101.601273, 3.068073], [101.601155, 3.068043]]]}}, {"type": "Feature", "properties": {}, "geometry": {"type": "Polygon", "coordinates": [[[101.601982, 3.066346], [101.601759, 3.066348], [101.601759, 3.066416], [101.601878, 3.066446], [101.602101, 3.066444], [101.6021, 3.066376], [101.601982, 3.066346]]]}}, {"type": "Feature", "properties": {}, "geometry": {"type": "Polygon", "coordinates": [[[101.60009, 3.069731], [101.600009, 3.069732], [101.600013, 3.069945], [101.600131, 3.069974], [101.600213, 3.069973], [101.600209, 3.06976], [101.60009, 3.069731]]]}}, {"type": "Feature", "properties": {}, "geometry": {"type": "Polygon", "coordinates": [[[101.602091, 3.066076], [101.60209, 3.066144], [101.602209, 3.066174], [101.60243, 3.066175], [101.602431, 3.066107], [101.602312, 3.066077], [101.602091, 3.066076]]]}}, {"type": "Feature", "properties": {}, "geometry": {"type": "Polygon", "coordinates": [[[101.602498, 3.067005], [101.602497, 3.067074], [101.602616, 3.067103], [101.602834, 3.067104], [101.602834, 3.067035], [101.602715, 3.067006], [101.602498, 3.067005]]]}}, {"type": "Feature", "properties": {}, "geometry": {"type": "Polygon", "coordinates": [[[101.601983, 3.06662], [101.601761, 3.066621], [101.601761, 3.066725], [101.60188, 3.066755], [101.602103, 3.066753], [101.602102, 3.06665], [101.601983, 3.06662]]]}}, {"type": "Feature", "properties": {}, "geometry": {"type": "Polygon", "coordinates": [[[101.602092, 3.065871], [101.602092, 3.065939], [101.60221, 3.065969], [101.602432, 3.06597], [101.602432, 3.065902], [101.602313, 3.065872], [101.602092, 3.065871]]]}}, {"type": "Feature", "properties": {}, "geometry": {"type": "Polygon", "coordinates": [[[101.602241, 3.067693], [101.602145, 3.067695], [101.602149, 3.067912], [101.602267, 3.067941], [101.602364, 3.06794], [101.60236, 3.067723], [101.602241, 3.067693]]]}}, {"type": "Feature", "properties": {}, "geometry": {"type": "Polygon", "coordinates": [[[101.60306, 3.066006], [101.602838, 3.066007], [101.602839, 3.066076], [101.602933, 3.0661], [101.603155, 3.066099], [101.603155, 3.06603], [101.60306, 3.066006]]]}}, {"type": "Feature", "properties": {}, "geometry": {"type": "Polygon", "coordinates": [[[101.602497, 3.067211], [101.602497, 3.06728], [101.602615, 3.067309], [101.602833, 3.06731], [101.602833, 3.067241], [101.602715, 3.067212], [101.602497, 3.067211]]]}}, {"type": "Feature", "properties": {}, "geometry": {"type": "Polygon", "coordinates": [[[101.601473, 3.068036], [101.601404, 3.068037], [101.601407, 3.068254], [101.601526, 3.068284], [101.601594, 3.068283], [101.601591, 3.068066], [101.601473, 3.068036]]]}}, {"type": "Feature", "properties": {}, "geometry": {"type": "Polygon", "coordinates": [[[101.602516, 3.066077], [101.602516, 3.066145], [101.602611, 3.066169], [101.602831, 3.066169], [101.602831, 3.066101], [101.602736, 3.066077], [101.602516, 3.066077]]]}}, {"type": "Feature", "properties": {}, "geometry": {"type": "Polygon", "coordinates": [[[101.600875, 3.067718], [101.600807, 3.067719], [101.600809, 3.067938], [101.600928, 3.067968], [101.600996, 3.067967], [101.600994, 3.067748], [101.600875, 3.067718]]]}}, {"type": "Feature", "properties": {}, "geometry": {"type": "Polygon", "coordinates": [[[101.601385, 3.066977], [101.601317, 3.066978], [101.601322, 3.067196], [101.60144, 3.067226], [101.601508, 3.067224], [101.601503, 3.067006], [101.601385, 3.066977]]]}}, {"type": "Feature", "properties": {}, "geometry": {"type": "Polygon", "coordinates": [[[101.602516, 3.066281], [101.602516, 3.06635], [101.602611, 3.066373], [101.602831, 3.066373], [101.602831, 3.066305], [101.602736, 3.066282], [101.602516, 3.066281]]]}}, {"type": "Feature", "properties": {}, "geometry": {"type": "Polygon", "coordinates": [[[101.600412, 3.069397], [101.60033, 3.069398], [101.600333, 3.069617], [101.600452, 3.069646], [101.600533, 3.069645], [101.60053, 3.069427], [101.600412, 3.069397]]]}}, {"type": "Feature", "properties": {}, "geometry": {"type": "Polygon", "coordinates": [[[101.601805, 3.067301], [101.601737, 3.067302], [101.60174, 3.067516], [101.601859, 3.067545], [101.601927, 3.067544], [101.601923, 3.067331], [101.601805, 3.067301]]]}}, {"type": "Feature", "properties": {}, "geometry": {"type": "Polygon", "coordinates": [[[101.602846, 3.067564], [101.602846, 3.067632], [101.602941, 3.067656], [101.603156, 3.067656], [101.603156, 3.067588], [101.603061, 3.067564], [101.602846, 3.067564]]]}}, {"type": "Feature", "properties": {}, "geometry": {"type": "Polygon", "coordinates": [[[101.60198, 3.066073], [101.601757, 3.066074], [101.601757, 3.066143], [101.601876, 3.066172], [101.602099, 3.066171], [101.602098, 3.066102], [101.60198, 3.066073]]]}}, {"type": "Feature", "properties": {}, "geometry": {"type": "Polygon", "coordinates": [[[101.600417, 3.069724], [101.600335, 3.069726], [101.60034, 3.069938], [101.600458, 3.069968], [101.60054, 3.069966], [101.600536, 3.069754], [101.600417, 3.069724]]]}}, {"type": "Feature", "properties": {}, "geometry": {"type": "Polygon", "coordinates": [[[101.60142, 3.06938], [101.601338, 3.069382], [101.601341, 3.069595], [101.60146, 3.069625], [101.601541, 3.069624], [101.601538, 3.06941], [101.60142, 3.06938]]]}}, {"type": "Feature", "properties": {}, "geometry": {"type": "Polygon", "coordinates": [[[101.60095, 3.068045], [101.600881, 3.068045], [101.600883, 3.068265], [101.601002, 3.068294], [101.60107, 3.068294], [101.601068, 3.068074], [101.60095, 3.068045]]]}}, {"type": "Feature", "properties": {}, "geometry": {"type": "Polygon", "coordinates": [[[101.602094, 3.065666], [101.602093, 3.065734], [101.602212, 3.065764], [101.602433, 3.065765], [101.602433, 3.065697], [101.602315, 3.065667], [101.602094, 3.065666]]]}}, {"type": "Feature", "properties": {}, "geometry": {"type": "Polygon", "coordinates": [[[101.603064, 3.06676], [101.602842, 3.066761], [101.602842, 3.066829], [101.602937, 3.066853], [101.603159, 3.066852], [101.603159, 3.066783], [101.603064, 3.06676]]]}}, {"type": "Feature", "properties": {}, "geometry": {"type": "Polygon", "coordinates": [[[101.600009, 3.069732], [101.599927, 3.069734], [101.599931, 3.069946], [101.60005, 3.069976], [101.600131, 3.069974], [101.600127, 3.069762], [101.600009, 3.069732]]]}}, {"type": "Feature", "properties": {}, "geometry": {"type": "Polygon", "coordinates": [[[101.602091, 3.066007], [101.602091, 3.066076], [101.602209, 3.066105], [101.602431, 3.066107], [101.602431, 3.066038], [101.602313, 3.066009], [101.602091, 3.066007]]]}}, {"type": "Feature", "properties": {}, "geometry": {"type": "Polygon", "coordinates": [[[101.60306, 3.06587], [101.602838, 3.065871], [101.602838, 3.065939], [101.602933, 3.065963], [101.603155, 3.065962], [101.603155, 3.065893], [101.60306, 3.06587]]]}}, {"type": "Feature", "properties": {}, "geometry": {"type": "Polygon", "coordinates": [[[101.602497, 3.067074], [101.602497, 3.067142], [101.602616, 3.067172], [101.602833, 3.067173], [101.602834, 3.067104], [101.602715, 3.067075], [101.602497, 3.067074]]]}}, {"type": "Feature", "properties": {}, "geometry": {"type": "Polygon", "coordinates": [[[101.602493, 3.06828], [101.602493, 3.068348], [101.602612, 3.068378], [101.602825, 3.068378], [101.602825, 3.06831], [101.602707, 3.068281], [101.602493, 3.06828]]]}}, {"type": "Feature", "properties": {}, "geometry": {"type": "Polygon", "coordinates": [[[101.603061, 3.066075], [101.602839, 3.066076], [101.602839, 3.066144], [101.602934, 3.066168], [101.603156, 3.066167], [101.603155, 3.066099], [101.603061, 3.066075]]]}}, {"type": "Feature", "properties": {}, "geometry": {"type": "Polygon", "coordinates": [[[101.600738, 3.06772], [101.60067, 3.06772], [101.600672, 3.06794], [101.600791, 3.067969], [101.600859, 3.067968], [101.600857, 3.067749], [101.600738, 3.06772]]]}}, {"type": "Feature", "properties": {}, "geometry": {"type": "Polygon", "coordinates": [[[101.601521, 3.066974], [101.601453, 3.066975], [101.601458, 3.067193], [101.601577, 3.067222], [101.601645, 3.067221], [101.60164, 3.067003], [101.601521, 3.066974]]]}}, {"type": "Feature", "properties": {}, "geometry": {"type": "Polygon", "coordinates": [[[101.602811, 3.068554], [101.602811, 3.068623], [101.602929, 3.068652], [101.603147, 3.068655], [101.603148, 3.068586], [101.603029, 3.068557], [101.602811, 3.068554]]]}}, {"type": "Feature", "properties": {}, "geometry": {"type": "Polygon", "coordinates": [[[101.602516, 3.066145], [101.602516, 3.066213], [101.602611, 3.066237], [101.602831, 3.066237], [101.602831, 3.066169], [101.602736, 3.066145], [101.602516, 3.066145]]]}}, {"type": "Feature", "properties": {}, "geometry": {"type": "Polygon", "coordinates": [[[101.602493, 3.068076], [101.602493, 3.068144], [101.602612, 3.068174], [101.602825, 3.068174], [101.602825, 3.068106], [101.602707, 3.068076], [101.602493, 3.068076]]]}}, {"type": "Feature", "properties": {}, "geometry": {"type": "Polygon", "coordinates": [[[101.600944, 3.067718], [101.600875, 3.067718], [101.600877, 3.067937], [101.600996, 3.067967], [101.601064, 3.067966], [101.601062, 3.067747], [101.600944, 3.067718]]]}}, {"type": "Feature", "properties": {}, "geometry": {"type": "Polygon", "coordinates": [[[101.600085, 3.069401], [101.600004, 3.069402], [101.600007, 3.069621], [101.600125, 3.06965], [101.600207, 3.069649], [101.600204, 3.069431], [101.600085, 3.069401]]]}}, {"type": "Feature", "properties": {}, "geometry": {"type": "Polygon", "coordinates": [[[101.601317, 3.066978], [101.601248, 3.06698], [101.601253, 3.067198], [101.601372, 3.067227], [101.60144, 3.067226], [101.601435, 3.067008], [101.601317, 3.066978]]]}}, {"type": "Feature", "properties": {}, "geometry": {"type": "Polygon", "coordinates": [[[101.601532, 3.067306], [101.601463, 3.067307], [101.601467, 3.06752], [101.601585, 3.06755], [101.601654, 3.067549], [101.60165, 3.067335], [101.601532, 3.067306]]]}}, {"type": "Feature", "properties": {}, "geometry": {"type": "Polygon", "coordinates": [[[101.60153, 3.067706], [101.601461, 3.067707], [101.601465, 3.067924], [101.601584, 3.067953], [101.601652, 3.067952], [101.601648, 3.067735], [101.60153, 3.067706]]]}}, {"type": "Feature", "properties": {}, "geometry": {"type": "Polygon", "coordinates": [[[101.600813, 3.068046], [101.600745, 3.068046], [101.600746, 3.068266], [101.600865, 3.068296], [101.600933, 3.068295], [101.600932, 3.068075], [101.600813, 3.068046]]]}}, {"type": "Feature", "properties": {}, "geometry": {"type": "Polygon", "coordinates": [[[101.602087, 3.06672], [101.602084, 3.066779], [101.602203, 3.066808], [101.602385, 3.06681], [101.602427, 3.06677], [101.602426, 3.066751], [101.602308, 3.066721], [101.602087, 3.06672]]]}}, {"type": "Feature", "properties": {}, "geometry": {"type": "Polygon", "coordinates": [[[101.602847, 3.06709], [101.602847, 3.067157], [101.602942, 3.067181], [101.603156, 3.067181], [101.603157, 3.067114], [101.603062, 3.06709], [101.602847, 3.06709]]]}}, {"type": "Feature", "properties": {}, "geometry": {"type": "Polygon", "coordinates": [[[101.601978, 3.065868], [101.601756, 3.065869], [101.601756, 3.065938], [101.601875, 3.065967], [101.602097, 3.065966], [101.602097, 3.065897], [101.601978, 3.065868]]]}}, {"type": "Feature", "properties": {}, "geometry": {"type": "Polygon", "coordinates": [[[101.600335, 3.069726], [101.600254, 3.069727], [101.600258, 3.06994], [101.600376, 3.06997], [101.600458, 3.069968], [101.600454, 3.069755], [101.600335, 3.069726]]]}}, {"type": "Feature", "properties": {}, "geometry": {"type": "Polygon", "coordinates": [[[101.601018, 3.068044], [101.60095, 3.068045], [101.600951, 3.068264], [101.60107, 3.068294], [101.601138, 3.068293], [101.601137, 3.068074], [101.601018, 3.068044]]]}}, {"type": "Feature", "properties": {}, "geometry": {"type": "Polygon", "coordinates": [[[101.60209, 3.066212], [101.60209, 3.066281], [101.602208, 3.06631], [101.602429, 3.066312], [101.60243, 3.066243], [101.602311, 3.066214], [101.60209, 3.066212]]]}}, {"type": "Feature", "properties": {}, "geometry": {"type": "Polygon", "coordinates": [[[101.602307, 3.069341], [101.60209, 3.069343], [101.60209, 3.069411], [101.602209, 3.069441], [101.602426, 3.069439], [101.602426, 3.06937], [101.602307, 3.069341]]]}}, {"type": "Feature", "properties": {}, "geometry": {"type": "Polygon", "coordinates": [[[101.602089, 3.068027], [101.60202, 3.068028], [101.602023, 3.068245], [101.602142, 3.068275], [101.60221, 3.068274], [101.602207, 3.068057], [101.602089, 3.068027]]]}}, {"type": "Feature", "properties": {}, "geometry": {"type": "Polygon", "coordinates": [[[101.603063, 3.066554], [101.602841, 3.066555], [101.602841, 3.066624], [101.602936, 3.066648], [101.603158, 3.066646], [101.603158, 3.066578], [101.603063, 3.066554]]]}}, {"type": "Feature", "properties": {}, "geometry": {"type": "Polygon", "coordinates": [[[101.602493, 3.068212], [101.602493, 3.06828], [101.602612, 3.06831], [101.602825, 3.06831], [101.602825, 3.068242], [101.602707, 3.068213], [101.602493, 3.068212]]]}}, {"type": "Feature", "properties": {}, "geometry": {"type": "Polygon", "coordinates": [[[101.60161, 3.068034], [101.601541, 3.068035], [101.601544, 3.068252], [101.601663, 3.068282], [101.601731, 3.068281], [101.601728, 3.068064], [101.60161, 3.068034]]]}}, {"type": "Feature", "properties": {}, "geometry": {"type": "Polygon", "coordinates": [[[101.601999, 3.066962], [101.60193, 3.066964], [101.601935, 3.067181], [101.602054, 3.067211], [101.602122, 3.06721], [101.602117, 3.066992], [101.601999, 3.066962]]]}}, {"type": "Feature", "properties": {}, "geometry": {"type": "Polygon", "coordinates": [[[101.602813, 3.068349], [101.602813, 3.068418], [101.602931, 3.068447], [101.603149, 3.068449], [101.60315, 3.068381], [101.603031, 3.068351], [101.602813, 3.068349]]]}}, {"type": "Feature", "properties": {}, "geometry": {"type": "Polygon", "coordinates": [[[101.602516, 3.065941], [101.602516, 3.066009], [101.602611, 3.066033], [101.602831, 3.066033], [101.602831, 3.065965], [101.602736, 3.065941], [101.602516, 3.065941]]]}}, {"type": "Feature", "properties": {}, "geometry": {"type": "Polygon", "coordinates": [[[101.601984, 3.069405], [101.60177, 3.069406], [101.60177, 3.069474], [101.601888, 3.069504], [101.602103, 3.069503], [101.602103, 3.069435], [101.601984, 3.069405]]]}}, {"type": "Feature", "properties": {}, "geometry": {"type": "Polygon", "coordinates": [[[101.602847, 3.066954], [101.602847, 3.067022], [101.602942, 3.067045], [101.603157, 3.067046], [101.603157, 3.066978], [101.603062, 3.066954], [101.602847, 3.066954]]]}}, {"type": "Feature", "properties": {}, "geometry": {"type": "Polygon", "coordinates": [[[101.601053, 3.067314], [101.600985, 3.067315], [101.600989, 3.067529], [101.601107, 3.067559], [101.601175, 3.067557], [101.601172, 3.067344], [101.601053, 3.067314]]]}}, {"type": "Feature", "properties": {}, "geometry": {"type": "Polygon", "coordinates": [[[101.602811, 3.068623], [101.60281, 3.068691], [101.602929, 3.068721], [101.603146, 3.068723], [101.603147, 3.068655], [101.603028, 3.068625], [101.602811, 3.068623]]]}}, {"type": "Feature", "properties": {}, "geometry": {"type": "Polygon", "coordinates": [[[101.601977, 3.065731], [101.601755, 3.065732], [101.601755, 3.065801], [101.601874, 3.06583], [101.602096, 3.065829], [101.602096, 3.065761], [101.601977, 3.065731]]]}}, {"type": "Feature", "properties": {}, "geometry": {"type": "Polygon", "coordinates": [[[101.601461, 3.067707], [101.601393, 3.067708], [101.601397, 3.067925], [101.601515, 3.067955], [101.601584, 3.067953], [101.60158, 3.067737], [101.601461, 3.067707]]]}}, {"type": "Feature", "properties": {}, "geometry": {"type": "Polygon", "coordinates": [[[101.601176, 3.069384], [101.601094, 3.069385], [101.601097, 3.069599], [101.601216, 3.069629], [101.601297, 3.069627], [101.601294, 3.069414], [101.601176, 3.069384]]]}}, {"type": "Feature", "properties": {}, "geometry": {"type": "Polygon", "coordinates": [[[101.611063, 3.070344], [101.611003, 3.070345], [101.611004, 3.070493], [101.611068, 3.070509], [101.611128, 3.070509], [101.611127, 3.07036], [101.611063, 3.070344]]]}}, {"type": "Feature", "properties": {}, "geometry": {"type": "Polygon", "coordinates": [[[101.611124, 3.070343], [101.611063, 3.070344], [101.611065, 3.070493], [101.611128, 3.070509], [101.611188, 3.070508], [101.611187, 3.070359], [101.611124, 3.070343]]]}}, {"type": "Feature", "properties": {}, "geometry": {"type": "Polygon", "coordinates": [[[101.611184, 3.070343], [101.611124, 3.070343], [101.611125, 3.070492], [101.611188, 3.070508], [101.611249, 3.070508], [101.611248, 3.070359], [101.611184, 3.070343]]]}}, {"type": "Feature", "properties": {}, "geometry": {"type": "Polygon", "coordinates": [[[101.611245, 3.070342], [101.611184, 3.070343], [101.611186, 3.070492], [101.611249, 3.070508], [101.611309, 3.070507], [101.611308, 3.070358], [101.611245, 3.070342]]]}}, {"type": "Feature", "properties": {}, "geometry": {"type": "Polygon", "coordinates": [[[101.611305, 3.070342], [101.611245, 3.070342], [101.611246, 3.070491], [101.611309, 3.070507], [101.61137, 3.070507], [101.611368, 3.070358], [101.611305, 3.070342]]]}}, {"type": "Feature", "properties": {}, "geometry": {"type": "Polygon", "coordinates": [[[101.611366, 3.070341], [101.611305, 3.070342], [101.611307, 3.070491], [101.61137, 3.070507], [101.61143, 3.070506], [101.611429, 3.070357], [101.611366, 3.070341]]]}}, {"type": "Feature", "properties": {}, "geometry": {"type": "Polygon", "coordinates": [[[101.611426, 3.070341], [101.611366, 3.070341], [101.611367, 3.07049], [101.61143, 3.070506], [101.611491, 3.070505], [101.611489, 3.070356], [101.611426, 3.070341]]]}}, {"type": "Feature", "properties": {}, "geometry": {"type": "Polygon", "coordinates": [[[101.611486, 3.07034], [101.611426, 3.070341], [101.611427, 3.07049], [101.611491, 3.070505], [101.611551, 3.070505], [101.61155, 3.070356], [101.611486, 3.07034]]]}}, {"type": "Feature", "properties": {}, "geometry": {"type": "Polygon", "coordinates": [[[101.611547, 3.07034], [101.611486, 3.07034], [101.611488, 3.070489], [101.611551, 3.070505], [101.611612, 3.070504], [101.61161, 3.070355], [101.611547, 3.07034]]]}}, {"type": "Feature", "properties": {}, "geometry": {"type": "Polygon", "coordinates": [[[101.611607, 3.070339], [101.611547, 3.07034], [101.611548, 3.070489], [101.611612, 3.070504], [101.611672, 3.070504], [101.611671, 3.070355], [101.611607, 3.070339]]]}}, {"type": "Feature", "properties": {}, "geometry": {"type": "Polygon", "coordinates": [[[101.611668, 3.070338], [101.611607, 3.070339], [101.611609, 3.070488], [101.611672, 3.070504], [101.611732, 3.070503], [101.611731, 3.070354], [101.611668, 3.070338]]]}}, {"type": "Feature", "properties": {}, "geometry": {"type": "Polygon", "coordinates": [[[101.611848, 3.07034], [101.611787, 3.07034], [101.611789, 3.070479], [101.611852, 3.070495], [101.611913, 3.070495], [101.611911, 3.070355], [101.611848, 3.07034]]]}}, {"type": "Feature", "properties": {}, "geometry": {"type": "Polygon", "coordinates": [[[101.611909, 3.070339], [101.611848, 3.07034], [101.611849, 3.070479], [101.611913, 3.070495], [101.611973, 3.070494], [101.611972, 3.070355], [101.611909, 3.070339]]]}}, {"type": "Feature", "properties": {}, "geometry": {"type": "Polygon", "coordinates": [[[101.611969, 3.070339], [101.611909, 3.070339], [101.61191, 3.070478], [101.611973, 3.070494], [101.612034, 3.070494], [101.612033, 3.070354], [101.611969, 3.070339]]]}}, {"type": "Feature", "properties": {}, "geometry": {"type": "Polygon", "coordinates": [[[101.61203, 3.070338], [101.611969, 3.070339], [101.611971, 3.070478], [101.612034, 3.070494], [101.612095, 3.070493], [101.612093, 3.070354], [101.61203, 3.070338]]]}}, {"type": "Feature", "properties": {}, "geometry": {"type": "Polygon", "coordinates": [[[101.612091, 3.070337], [101.61203, 3.070338], [101.612031, 3.070477], [101.612095, 3.070493], [101.612155, 3.070492], [101.612154, 3.070353], [101.612091, 3.070337]]]}}, {"type": "Feature", "properties": {}, "geometry": {"type": "Polygon", "coordinates": [[[101.612151, 3.070337], [101.612091, 3.070337], [101.612092, 3.070477], [101.612155, 3.070492], [101.612216, 3.070492], [101.612215, 3.070353], [101.612151, 3.070337]]]}}, {"type": "Feature", "properties": {}, "geometry": {"type": "Polygon", "coordinates": [[[101.612212, 3.070336], [101.612151, 3.070337], [101.612153, 3.070476], [101.612216, 3.070492], [101.612276, 3.070491], [101.612275, 3.070352], [101.612212, 3.070336]]]}}, {"type": "Feature", "properties": {}, "geometry": {"type": "Polygon", "coordinates": [[[101.612273, 3.070336], [101.612212, 3.070336], [101.612213, 3.070476], [101.612276, 3.070491], [101.612337, 3.070491], [101.612336, 3.070352], [101.612273, 3.070336]]]}}, {"type": "Feature", "properties": {}, "geometry": {"type": "Polygon", "coordinates": [[[101.612333, 3.070335], [101.612273, 3.070336], [101.612274, 3.070475], [101.612337, 3.070491], [101.612398, 3.07049], [101.612397, 3.070351], [101.612333, 3.070335]]]}}, {"type": "Feature", "properties": {}, "geometry": {"type": "Polygon", "coordinates": [[[101.612394, 3.070335], [101.612333, 3.070335], [101.612335, 3.070474], [101.612398, 3.07049], [101.612459, 3.07049], [101.612457, 3.07035], [101.612394, 3.070335]]]}}, {"type": "Feature", "properties": {}, "geometry": {"type": "Polygon", "coordinates": [[[101.612455, 3.070334], [101.612394, 3.070335], [101.612395, 3.070474], [101.612459, 3.07049], [101.612519, 3.070489], [101.612518, 3.07035], [101.612455, 3.070334]]]}}, {"type": "Feature", "properties": {}, "geometry": {"type": "Polygon", "coordinates": [[[101.612515, 3.070334], [101.612455, 3.070334], [101.612456, 3.070473], [101.612519, 3.070489], [101.61258, 3.070489], [101.612578, 3.070349], [101.612515, 3.070334]]]}}, {"type": "Feature", "properties": {}, "geometry": {"type": "Polygon", "coordinates": [[[101.612747, 3.070336], [101.612686, 3.070337], [101.612687, 3.070477], [101.612751, 3.070493], [101.612812, 3.070492], [101.61281, 3.070352], [101.612747, 3.070336]]]}}, {"type": "Feature", "properties": {}, "geometry": {"type": "Polygon", "coordinates": [[[101.612808, 3.070336], [101.612747, 3.070336], [101.612748, 3.070477], [101.612812, 3.070492], [101.612872, 3.070492], [101.612871, 3.070352], [101.612808, 3.070336]]]}}, {"type": "Feature", "properties": {}, "geometry": {"type": "Polygon", "coordinates": [[[101.612869, 3.070335], [101.612808, 3.070336], [101.612809, 3.070476], [101.612872, 3.070492], [101.612933, 3.070491], [101.612932, 3.070351], [101.612869, 3.070335]]]}}, {"type": "Feature", "properties": {}, "geometry": {"type": "Polygon", "coordinates": [[[101.61293, 3.070335], [101.612869, 3.070335], [101.61287, 3.070475], [101.612933, 3.070491], [101.612994, 3.070491], [101.612993, 3.07035], [101.61293, 3.070335]]]}}, {"type": "Feature", "properties": {}, "geometry": {"type": "Polygon", "coordinates": [[[101.612991, 3.070334], [101.61293, 3.070335], [101.612931, 3.070475], [101.612994, 3.070491], [101.613055, 3.07049], [101.613054, 3.07035], [101.612991, 3.070334]]]}}, {"type": "Feature", "properties": {}, "geometry": {"type": "Polygon", "coordinates": [[[101.613051, 3.070333], [101.612991, 3.070334], [101.612992, 3.070474], [101.613055, 3.07049], [101.613116, 3.07049], [101.613115, 3.070349], [101.613051, 3.070333]]]}}, {"type": "Feature", "properties": {}, "geometry": {"type": "Polygon", "coordinates": [[[101.613112, 3.070333], [101.613051, 3.070333], [101.613053, 3.070474], [101.613116, 3.07049], [101.613177, 3.070489], [101.613176, 3.070349], [101.613112, 3.070333]]]}}, {"type": "Feature", "properties": {}, "geometry": {"type": "Polygon", "coordinates": [[[101.613173, 3.070332], [101.613112, 3.070333], [101.613114, 3.070473], [101.613177, 3.070489], [101.613238, 3.070489], [101.613236, 3.070348], [101.613173, 3.070332]]]}}, {"type": "Feature", "properties": {}, "geometry": {"type": "Polygon", "coordinates": [[[101.613234, 3.070332], [101.613173, 3.070332], [101.613175, 3.070473], [101.613238, 3.070489], [101.613299, 3.070488], [101.613297, 3.070348], [101.613234, 3.070332]]]}}, {"type": "Feature", "properties": {}, "geometry": {"type": "Polygon", "coordinates": [[[101.613295, 3.070331], [101.613234, 3.070332], [101.613235, 3.070472], [101.613299, 3.070488], [101.61336, 3.070487], [101.613358, 3.070347], [101.613295, 3.070331]]]}}, {"type": "Feature", "properties": {}, "geometry": {"type": "Polygon", "coordinates": [[[101.613356, 3.070331], [101.613295, 3.070331], [101.613296, 3.070472], [101.61336, 3.070487], [101.613421, 3.070487], [101.613419, 3.070346], [101.613356, 3.070331]]]}}, {"type": "Feature", "properties": {}, "geometry": {"type": "Polygon", "coordinates": [[[101.613417, 3.069948], [101.613355, 3.069948], [101.613357, 3.070105], [101.61342, 3.070121], [101.613481, 3.07012], [101.61348, 3.069964], [101.613417, 3.069948]]]}}, {"type": "Feature", "properties": {}, "geometry": {"type": "Polygon", "coordinates": [[[101.613355, 3.069948], [101.613294, 3.069949], [101.613296, 3.070106], [101.613359, 3.070121], [101.61342, 3.070121], [101.613419, 3.069964], [101.613355, 3.069948]]]}}, {"type": "Feature", "properties": {}, "geometry": {"type": "Polygon", "coordinates": [[[101.613294, 3.069949], [101.613233, 3.06995], [101.613234, 3.070106], [101.613298, 3.070122], [101.613359, 3.070121], [101.613357, 3.069965], [101.613294, 3.069949]]]}}, {"type": "Feature", "properties": {}, "geometry": {"type": "Polygon", "coordinates": [[[101.613233, 3.06995], [101.613172, 3.06995], [101.613173, 3.070107], [101.613236, 3.070123], [101.613298, 3.070122], [101.613296, 3.069965], [101.613233, 3.06995]]]}}, {"type": "Feature", "properties": {}, "geometry": {"type": "Polygon", "coordinates": [[[101.613172, 3.06995], [101.61311, 3.069951], [101.613112, 3.070107], [101.613175, 3.070123], [101.613236, 3.070123], [101.613235, 3.069966], [101.613172, 3.06995]]]}}, {"type": "Feature", "properties": {}, "geometry": {"type": "Polygon", "coordinates": [[[101.61311, 3.069951], [101.613049, 3.069951], [101.613051, 3.070108], [101.613114, 3.070124], [101.613175, 3.070123], [101.613174, 3.069967], [101.61311, 3.069951]]]}}, {"type": "Feature", "properties": {}, "geometry": {"type": "Polygon", "coordinates": [[[101.613049, 3.069951], [101.612988, 3.069952], [101.612989, 3.070108], [101.613052, 3.070124], [101.613114, 3.070124], [101.613112, 3.069967], [101.613049, 3.069951]]]}}, {"type": "Feature", "properties": {}, "geometry": {"type": "Polygon", "coordinates": [[[101.612988, 3.069952], [101.612927, 3.069952], [101.612928, 3.070109], [101.612991, 3.070125], [101.613052, 3.070124], [101.613051, 3.069968], [101.612988, 3.069952]]]}}, {"type": "Feature", "properties": {}, "geometry": {"type": "Polygon", "coordinates": [[[101.612927, 3.069952], [101.612865, 3.069953], [101.612867, 3.07011], [101.61293, 3.070125], [101.612991, 3.070125], [101.61299, 3.069968], [101.612927, 3.069952]]]}}, {"type": "Feature", "properties": {}, "geometry": {"type": "Polygon", "coordinates": [[[101.612865, 3.069953], [101.612804, 3.069953], [101.612805, 3.07011], [101.612869, 3.070126], [101.61293, 3.070125], [101.612928, 3.069969], [101.612865, 3.069953]]]}}, {"type": "Feature", "properties": {}, "geometry": {"type": "Polygon", "coordinates": [[[101.612804, 3.069953], [101.612743, 3.069954], [101.612744, 3.070111], [101.612807, 3.070127], [101.612869, 3.070126], [101.612867, 3.069969], [101.612804, 3.069953]]]}}, {"type": "Feature", "properties": {}, "geometry": {"type": "Polygon", "coordinates": [[[101.612743, 3.069954], [101.612681, 3.069955], [101.612683, 3.070111], [101.612746, 3.070127], [101.612807, 3.070127], [101.612806, 3.06997], [101.612743, 3.069954]]]}}, {"type": "Feature", "properties": {}, "geometry": {"type": "Polygon", "coordinates": [[[101.613417, 3.069775], [101.613356, 3.069776], [101.613357, 3.069914], [101.61342, 3.06993], [101.613481, 3.069929], [101.61348, 3.069791], [101.613417, 3.069775]]]}}, {"type": "Feature", "properties": {}, "geometry": {"type": "Polygon", "coordinates": [[[101.613356, 3.069776], [101.613294, 3.069776], [101.613296, 3.069914], [101.613359, 3.06993], [101.61342, 3.06993], [101.613419, 3.069792], [101.613356, 3.069776]]]}}, {"type": "Feature", "properties": {}, "geometry": {"type": "Polygon", "coordinates": [[[101.613294, 3.069776], [101.613233, 3.069777], [101.613235, 3.069915], [101.613298, 3.069931], [101.613359, 3.06993], [101.613358, 3.069792], [101.613294, 3.069776]]]}}, {"type": "Feature", "properties": {}, "geometry": {"type": "Polygon", "coordinates": [[[101.613233, 3.069777], [101.613172, 3.069777], [101.613173, 3.069915], [101.613237, 3.069931], [101.613298, 3.069931], [101.613297, 3.069793], [101.613233, 3.069777]]]}}, {"type": "Feature", "properties": {}, "geometry": {"type": "Polygon", "coordinates": [[[101.613172, 3.069777], [101.613111, 3.069778], [101.613112, 3.069916], [101.613175, 3.069932], [101.613237, 3.069931], [101.613235, 3.069793], [101.613172, 3.069777]]]}}, {"type": "Feature", "properties": {}, "geometry": {"type": "Polygon", "coordinates": [[[101.613111, 3.069778], [101.61305, 3.069779], [101.613051, 3.069917], [101.613114, 3.069932], [101.613175, 3.069932], [101.613174, 3.069794], [101.613111, 3.069778]]]}}, {"type": "Feature", "properties": {}, "geometry": {"type": "Polygon", "coordinates": [[[101.61305, 3.069779], [101.612989, 3.069779], [101.61299, 3.069917], [101.613053, 3.069933], [101.613114, 3.069932], [101.613113, 3.069794], [101.61305, 3.069779]]]}}, {"type": "Feature", "properties": {}, "geometry": {"type": "Polygon", "coordinates": [[[101.612989, 3.069779], [101.612927, 3.06978], [101.612929, 3.069918], [101.612992, 3.069933], [101.613053, 3.069933], [101.613052, 3.069795], [101.612989, 3.069779]]]}}, {"type": "Feature", "properties": {}, "geometry": {"type": "Polygon", "coordinates": [[[101.612927, 3.06978], [101.612866, 3.06978], [101.612868, 3.069918], [101.612931, 3.069934], [101.612992, 3.069933], [101.612991, 3.069796], [101.612927, 3.06978]]]}}, {"type": "Feature", "properties": {}, "geometry": {"type": "Polygon", "coordinates": [[[101.612866, 3.06978], [101.612805, 3.069781], [101.612806, 3.069919], [101.61287, 3.069935], [101.612931, 3.069934], [101.61293, 3.069796], [101.612866, 3.06978]]]}}, {"type": "Feature", "properties": {}, "geometry": {"type": "Polygon", "coordinates": [[[101.612805, 3.069781], [101.612744, 3.069781], [101.612745, 3.069919], [101.612808, 3.069935], [101.61287, 3.069935], [101.612868, 3.069797], [101.612805, 3.069781]]]}}, {"type": "Feature", "properties": {}, "geometry": {"type": "Polygon", "coordinates": [[[101.612744, 3.069781], [101.612683, 3.069782], [101.612684, 3.06992], [101.612747, 3.069936], [101.612808, 3.069935], [101.612807, 3.069797], [101.612744, 3.069781]]]}}, {"type": "Feature", "properties": {}, "geometry": {"type": "Polygon", "coordinates": [[[101.613417, 3.069399], [101.613356, 3.069399], [101.613357, 3.06955], [101.61342, 3.069566], [101.613481, 3.069565], [101.61348, 3.069414], [101.613417, 3.069399]]]}}, {"type": "Feature", "properties": {}, "geometry": {"type": "Polygon", "coordinates": [[[101.613356, 3.069399], [101.613295, 3.0694], [101.613296, 3.069551], [101.613359, 3.069567], [101.61342, 3.069566], [101.613419, 3.069415], [101.613356, 3.069399]]]}}, {"type": "Feature", "properties": {}, "geometry": {"type": "Polygon", "coordinates": [[[101.613295, 3.0694], [101.613234, 3.0694], [101.613235, 3.069551], [101.613298, 3.069567], [101.613359, 3.069567], [101.613358, 3.069416], [101.613295, 3.0694]]]}}, {"type": "Feature", "properties": {}, "geometry": {"type": "Polygon", "coordinates": [[[101.613234, 3.0694], [101.613173, 3.069401], [101.613174, 3.069552], [101.613237, 3.069568], [101.613298, 3.069567], [101.613297, 3.069416], [101.613234, 3.0694]]]}}, {"type": "Feature", "properties": {}, "geometry": {"type": "Polygon", "coordinates": [[[101.613173, 3.069401], [101.613112, 3.069401], [101.613113, 3.069552], [101.613176, 3.069568], [101.613237, 3.069568], [101.613236, 3.069417], [101.613173, 3.069401]]]}}, {"type": "Feature", "properties": {}, "geometry": {"type": "Polygon", "coordinates": [[[101.613112, 3.069401], [101.613051, 3.069402], [101.613052, 3.069553], [101.613116, 3.069569], [101.613176, 3.069568], [101.613175, 3.069417], [101.613112, 3.069401]]]}}, {"type": "Feature", "properties": {}, "geometry": {"type": "Polygon", "coordinates": [[[101.613051, 3.069402], [101.61299, 3.069402], [101.612991, 3.069554], [101.613055, 3.069569], [101.613116, 3.069569], [101.613114, 3.069418], [101.613051, 3.069402]]]}}, {"type": "Feature", "properties": {}, "geometry": {"type": "Polygon", "coordinates": [[[101.61299, 3.069402], [101.612929, 3.069403], [101.61293, 3.069554], [101.612994, 3.06957], [101.613055, 3.069569], [101.613053, 3.069418], [101.61299, 3.069402]]]}}, {"type": "Feature", "properties": {}, "geometry": {"type": "Polygon", "coordinates": [[[101.612929, 3.069403], [101.612868, 3.069404], [101.612869, 3.069555], [101.612933, 3.069571], [101.612994, 3.06957], [101.612992, 3.069419], [101.612929, 3.069403]]]}}, {"type": "Feature", "properties": {}, "geometry": {"type": "Polygon", "coordinates": [[[101.612868, 3.069404], [101.612807, 3.069404], [101.612808, 3.069555], [101.612872, 3.069571], [101.612933, 3.069571], [101.612931, 3.069419], [101.612868, 3.069404]]]}}, {"type": "Feature", "properties": {}, "geometry": {"type": "Polygon", "coordinates": [[[101.612807, 3.069404], [101.612746, 3.069405], [101.612747, 3.069556], [101.612811, 3.069572], [101.612872, 3.069571], [101.61287, 3.06942], [101.612807, 3.069404]]]}}, {"type": "Feature", "properties": {}, "geometry": {"type": "Polygon", "coordinates": [[[101.612746, 3.069405], [101.612685, 3.069405], [101.612686, 3.069556], [101.61275, 3.069572], [101.612811, 3.069572], [101.612809, 3.069421], [101.612746, 3.069405]]]}}, {"type": "Feature", "properties": {}, "geometry": {"type": "Polygon", "coordinates": [[[101.613414, 3.069227], [101.613353, 3.069227], [101.613355, 3.069377], [101.613418, 3.069393], [101.613479, 3.069392], [101.613477, 3.069243], [101.613414, 3.069227]]]}}, {"type": "Feature", "properties": {}, "geometry": {"type": "Polygon", "coordinates": [[[101.613353, 3.069227], [101.613293, 3.069228], [101.613294, 3.069377], [101.613357, 3.069393], [101.613418, 3.069393], [101.613416, 3.069243], [101.613353, 3.069227]]]}}, {"type": "Feature", "properties": {}, "geometry": {"type": "Polygon", "coordinates": [[[101.613293, 3.069228], [101.613232, 3.069229], [101.613233, 3.069378], [101.613297, 3.069394], [101.613357, 3.069393], [101.613356, 3.069244], [101.613293, 3.069228]]]}}, {"type": "Feature", "properties": {}, "geometry": {"type": "Polygon", "coordinates": [[[101.613232, 3.069229], [101.613171, 3.069229], [101.613173, 3.069378], [101.613236, 3.069394], [101.613297, 3.069394], [101.613295, 3.069244], [101.613232, 3.069229]]]}}, {"type": "Feature", "properties": {}, "geometry": {"type": "Polygon", "coordinates": [[[101.613171, 3.069229], [101.613111, 3.06923], [101.613112, 3.069379], [101.613175, 3.069395], [101.613236, 3.069394], [101.613235, 3.069245], [101.613171, 3.069229]]]}}, {"type": "Feature", "properties": {}, "geometry": {"type": "Polygon", "coordinates": [[[101.613111, 3.06923], [101.61305, 3.06923], [101.613051, 3.06938], [101.613115, 3.069395], [101.613175, 3.069395], [101.613174, 3.069246], [101.613111, 3.06923]]]}}, {"type": "Feature", "properties": {}, "geometry": {"type": "Polygon", "coordinates": [[[101.61305, 3.06923], [101.612989, 3.069231], [101.612991, 3.06938], [101.613054, 3.069396], [101.613115, 3.069395], [101.613113, 3.069246], [101.61305, 3.06923]]]}}, {"type": "Feature", "properties": {}, "geometry": {"type": "Polygon", "coordinates": [[[101.612989, 3.069231], [101.612929, 3.069231], [101.61293, 3.069381], [101.612993, 3.069396], [101.613054, 3.069396], [101.613053, 3.069247], [101.612989, 3.069231]]]}}, {"type": "Feature", "properties": {}, "geometry": {"type": "Polygon", "coordinates": [[[101.612929, 3.069231], [101.612868, 3.069232], [101.61287, 3.069381], [101.612933, 3.069397], [101.612993, 3.069396], [101.612992, 3.069247], [101.612929, 3.069231]]]}}, {"type": "Feature", "properties": {}, "geometry": {"type": "Polygon", "coordinates": [[[101.612868, 3.069232], [101.612808, 3.069232], [101.612809, 3.069382], [101.612872, 3.069398], [101.612933, 3.069397], [101.612932, 3.069248], [101.612868, 3.069232]]]}}, {"type": "Feature", "properties": {}, "geometry": {"type": "Polygon", "coordinates": [[[101.612808, 3.069232], [101.612747, 3.069233], [101.612748, 3.069382], [101.612812, 3.069398], [101.612872, 3.069398], [101.612871, 3.069248], [101.612808, 3.069232]]]}}, {"type": "Feature", "properties": {}, "geometry": {"type": "Polygon", "coordinates": [[[101.612747, 3.069233], [101.612686, 3.069234], [101.612688, 3.069383], [101.612751, 3.069399], [101.612812, 3.069398], [101.61281, 3.069249], [101.612747, 3.069233]]]}}, {"type": "Feature", "properties": {}, "geometry": {"type": "Polygon", "coordinates": [[[101.611726, 3.069954], [101.611665, 3.069954], [101.611666, 3.070108], [101.611729, 3.070124], [101.61179, 3.070123], [101.611789, 3.06997], [101.611726, 3.069954]]]}}, {"type": "Feature", "properties": {}, "geometry": {"type": "Polygon", "coordinates": [[[101.611665, 3.069954], [101.611604, 3.069955], [101.611606, 3.070109], [101.611669, 3.070124], [101.611729, 3.070124], [101.611728, 3.06997], [101.611665, 3.069954]]]}}, {"type": "Feature", "properties": {}, "geometry": {"type": "Polygon", "coordinates": [[[101.611604, 3.069955], [101.611544, 3.069955], [101.611545, 3.070109], [101.611608, 3.070125], [101.611669, 3.070124], [101.611667, 3.069971], [101.611604, 3.069955]]]}}, {"type": "Feature", "properties": {}, "geometry": {"type": "Polygon", "coordinates": [[[101.611544, 3.069955], [101.611483, 3.069956], [101.611484, 3.07011], [101.611548, 3.070126], [101.611608, 3.070125], [101.611607, 3.069971], [101.611544, 3.069955]]]}}, {"type": "Feature", "properties": {}, "geometry": {"type": "Polygon", "coordinates": [[[101.611483, 3.069956], [101.611422, 3.069957], [101.611424, 3.07011], [101.611487, 3.070126], [101.611548, 3.070126], [101.611546, 3.069972], [101.611483, 3.069956]]]}}, {"type": "Feature", "properties": {}, "geometry": {"type": "Polygon", "coordinates": [[[101.611422, 3.069957], [101.611362, 3.069957], [101.611363, 3.070111], [101.611426, 3.070127], [101.611487, 3.070126], [101.611485, 3.069972], [101.611422, 3.069957]]]}}, {"type": "Feature", "properties": {}, "geometry": {"type": "Polygon", "coordinates": [[[101.611362, 3.069957], [101.611301, 3.069958], [101.611302, 3.070111], [101.611366, 3.070127], [101.611426, 3.070127], [101.611425, 3.069973], [101.611362, 3.069957]]]}}, {"type": "Feature", "properties": {}, "geometry": {"type": "Polygon", "coordinates": [[[101.611301, 3.069958], [101.61124, 3.069958], [101.611242, 3.070112], [101.611305, 3.070128], [101.611366, 3.070127], [101.611364, 3.069974], [101.611301, 3.069958]]]}}, {"type": "Feature", "properties": {}, "geometry": {"type": "Polygon", "coordinates": [[[101.61124, 3.069958], [101.611179, 3.069959], [101.611181, 3.070112], [101.611244, 3.070128], [101.611305, 3.070128], [101.611303, 3.069974], [101.61124, 3.069958]]]}}, {"type": "Feature", "properties": {}, "geometry": {"type": "Polygon", "coordinates": [[[101.611179, 3.069959], [101.611119, 3.069959], [101.61112, 3.070113], [101.611184, 3.070129], [101.611244, 3.070128], [101.611243, 3.069975], [101.611179, 3.069959]]]}}, {"type": "Feature", "properties": {}, "geometry": {"type": "Polygon", "coordinates": [[[101.611119, 3.069959], [101.611058, 3.06996], [101.61106, 3.070114], [101.611123, 3.070129], [101.611184, 3.070129], [101.611182, 3.069975], [101.611119, 3.069959]]]}}, {"type": "Feature", "properties": {}, "geometry": {"type": "Polygon", "coordinates": [[[101.61173, 3.069771], [101.611669, 3.069771], [101.611671, 3.069934], [101.611734, 3.06995], [101.611795, 3.069949], [101.611794, 3.069787], [101.61173, 3.069771]]]}}, {"type": "Feature", "properties": {}, "geometry": {"type": "Polygon", "coordinates": [[[101.611669, 3.069771], [101.611608, 3.069772], [101.61161, 3.069934], [101.611673, 3.06995], [101.611734, 3.06995], [101.611733, 3.069787], [101.611669, 3.069771]]]}}, {"type": "Feature", "properties": {}, "geometry": {"type": "Polygon", "coordinates": [[[101.611608, 3.069772], [101.611547, 3.069772], [101.611549, 3.069935], [101.611612, 3.069951], [101.611673, 3.06995], [101.611672, 3.069788], [101.611608, 3.069772]]]}}, {"type": "Feature", "properties": {}, "geometry": {"type": "Polygon", "coordinates": [[[101.611547, 3.069772], [101.611486, 3.069773], [101.611488, 3.069935], [101.611551, 3.069951], [101.611612, 3.069951], [101.611611, 3.069788], [101.611547, 3.069772]]]}}, {"type": "Feature", "properties": {}, "geometry": {"type": "Polygon", "coordinates": [[[101.611486, 3.069773], [101.611426, 3.069774], [101.611427, 3.069936], [101.61149, 3.069952], [101.611551, 3.069951], [101.61155, 3.069789], [101.611486, 3.069773]]]}}, {"type": "Feature", "properties": {}, "geometry": {"type": "Polygon", "coordinates": [[[101.611426, 3.069774], [101.611365, 3.069774], [101.611366, 3.069937], [101.611429, 3.069952], [101.61149, 3.069952], [101.611489, 3.069789], [101.611426, 3.069774]]]}}, {"type": "Feature", "properties": {}, "geometry": {"type": "Polygon", "coordinates": [[[101.611365, 3.069774], [101.611304, 3.069775], [101.611305, 3.069937], [101.611368, 3.069953], [101.611429, 3.069952], [101.611428, 3.06979], [101.611365, 3.069774]]]}}, {"type": "Feature", "properties": {}, "geometry": {"type": "Polygon", "coordinates": [[[101.611304, 3.069775], [101.611243, 3.069775], [101.611244, 3.069938], [101.611307, 3.069954], [101.611368, 3.069953], [101.611367, 3.06979], [101.611304, 3.069775]]]}}, {"type": "Feature", "properties": {}, "geometry": {"type": "Polygon", "coordinates": [[[101.611243, 3.069775], [101.611182, 3.069776], [101.611183, 3.069938], [101.611246, 3.069954], [101.611307, 3.069954], [101.611306, 3.069791], [101.611243, 3.069775]]]}}, {"type": "Feature", "properties": {}, "geometry": {"type": "Polygon", "coordinates": [[[101.611182, 3.069776], [101.611121, 3.069776], [101.611122, 3.069939], [101.611185, 3.069955], [101.611246, 3.069954], [101.611245, 3.069792], [101.611182, 3.069776]]]}}, {"type": "Feature", "properties": {}, "geometry": {"type": "Polygon", "coordinates": [[[101.611121, 3.069776], [101.61106, 3.069777], [101.611061, 3.069939], [101.611124, 3.069955], [101.611185, 3.069955], [101.611184, 3.069792], [101.611121, 3.069776]]]}}, {"type": "Feature", "properties": {}, "geometry": {"type": "Polygon", "coordinates": [[[101.611726, 3.06924], [101.611665, 3.06924], [101.611666, 3.069377], [101.611729, 3.069393], [101.61179, 3.069393], [101.611789, 3.069255], [101.611726, 3.06924]]]}}, {"type": "Feature", "properties": {}, "geometry": {"type": "Polygon", "coordinates": [[[101.611665, 3.06924], [101.611604, 3.069241], [101.611605, 3.069378], [101.611669, 3.069394], [101.611729, 3.069393], [101.611728, 3.069256], [101.611665, 3.06924]]]}}, {"type": "Feature", "properties": {}, "geometry": {"type": "Polygon", "coordinates": [[[101.611604, 3.069241], [101.611543, 3.069241], [101.611545, 3.069378], [101.611608, 3.069394], [101.611669, 3.069394], [101.611667, 3.069256], [101.611604, 3.069241]]]}}, {"type": "Feature", "properties": {}, "geometry": {"type": "Polygon", "coordinates": [[[101.611543, 3.069241], [101.611483, 3.069242], [101.611484, 3.069379], [101.611547, 3.069395], [101.611608, 3.069394], [101.611607, 3.069257], [101.611543, 3.069241]]]}}, {"type": "Feature", "properties": {}, "geometry": {"type": "Polygon", "coordinates": [[[101.611483, 3.069242], [101.611422, 3.069242], [101.611423, 3.069379], [101.611487, 3.069395], [101.611547, 3.069395], [101.611546, 3.069258], [101.611483, 3.069242]]]}}, {"type": "Feature", "properties": {}, "geometry": {"type": "Polygon", "coordinates": [[[101.611422, 3.069242], [101.611361, 3.069243], [101.611363, 3.06938], [101.611426, 3.069396], [101.611487, 3.069395], [101.611485, 3.069258], [101.611422, 3.069242]]]}}, {"type": "Feature", "properties": {}, "geometry": {"type": "Polygon", "coordinates": [[[101.611361, 3.069243], [101.611301, 3.069243], [101.611302, 3.069381], [101.611365, 3.069396], [101.611426, 3.069396], [101.611425, 3.069259], [101.611361, 3.069243]]]}}, {"type": "Feature", "properties": {}, "geometry": {"type": "Polygon", "coordinates": [[[101.611301, 3.069243], [101.61124, 3.069244], [101.611241, 3.069381], [101.611305, 3.069397], [101.611365, 3.069396], [101.611364, 3.069259], [101.611301, 3.069243]]]}}, {"type": "Feature", "properties": {}, "geometry": {"type": "Polygon", "coordinates": [[[101.61124, 3.069244], [101.611179, 3.069245], [101.611181, 3.069382], [101.611244, 3.069398], [101.611305, 3.069397], [101.611303, 3.06926], [101.61124, 3.069244]]]}}, {"type": "Feature", "properties": {}, "geometry": {"type": "Polygon", "coordinates": [[[101.611179, 3.069245], [101.611119, 3.069245], [101.61112, 3.069382], [101.611183, 3.069398], [101.611244, 3.069398], [101.611243, 3.06926], [101.611179, 3.069245]]]}}, {"type": "Feature", "properties": {}, "geometry": {"type": "Polygon", "coordinates": [[[101.611119, 3.069245], [101.611058, 3.069246], [101.611059, 3.069383], [101.611123, 3.069399], [101.611183, 3.069398], [101.611182, 3.069261], [101.611119, 3.069245]]]}}, {"type": "Feature", "properties": {}, "geometry": {"type": "Polygon", "coordinates": [[[101.611057, 3.06941], [101.610965, 3.069411], [101.610966, 3.069573], [101.61103, 3.069589], [101.611122, 3.069588], [101.611121, 3.069426], [101.611057, 3.06941]]]}}, {"type": "Feature", "properties": {}, "geometry": {"type": "Polygon", "coordinates": [[[101.611119, 3.06941], [101.611057, 3.06941], [101.611059, 3.069572], [101.611122, 3.069588], [101.611184, 3.069587], [101.611182, 3.069425], [101.611119, 3.06941]]]}}, {"type": "Feature", "properties": {}, "geometry": {"type": "Polygon", "coordinates": [[[101.61118, 3.069409], [101.611119, 3.06941], [101.61112, 3.069571], [101.611184, 3.069587], [101.611245, 3.069587], [101.611243, 3.069425], [101.61118, 3.069409]]]}}, {"type": "Feature", "properties": {}, "geometry": {"type": "Polygon", "coordinates": [[[101.611241, 3.069408], [101.61118, 3.069409], [101.611182, 3.069571], [101.611245, 3.069587], [101.611306, 3.069586], [101.611305, 3.069424], [101.611241, 3.069408]]]}}, {"type": "Feature", "properties": {}, "geometry": {"type": "Polygon", "coordinates": [[[101.611303, 3.069408], [101.611241, 3.069408], [101.611243, 3.06957], [101.611306, 3.069586], [101.611368, 3.069585], [101.611366, 3.069424], [101.611303, 3.069408]]]}}, {"type": "Feature", "properties": {}, "geometry": {"type": "Polygon", "coordinates": [[[101.611364, 3.069407], [101.611303, 3.069408], [101.611304, 3.06957], [101.611368, 3.069585], [101.611429, 3.069585], [101.611427, 3.069423], [101.611364, 3.069407]]]}}, {"type": "Feature", "properties": {}, "geometry": {"type": "Polygon", "coordinates": [[[101.611425, 3.069407], [101.611364, 3.069407], [101.611366, 3.069569], [101.611429, 3.069585], [101.61149, 3.069584], [101.611489, 3.069422], [101.611425, 3.069407]]]}}, {"type": "Feature", "properties": {}, "geometry": {"type": "Polygon", "coordinates": [[[101.611487, 3.069406], [101.611425, 3.069407], [101.611427, 3.069568], [101.61149, 3.069584], [101.611552, 3.069584], [101.61155, 3.069422], [101.611487, 3.069406]]]}}, {"type": "Feature", "properties": {}, "geometry": {"type": "Polygon", "coordinates": [[[101.611548, 3.069406], [101.611487, 3.069406], [101.611488, 3.069568], [101.611552, 3.069584], [101.611613, 3.069583], [101.611611, 3.069421], [101.611548, 3.069406]]]}}, {"type": "Feature", "properties": {}, "geometry": {"type": "Polygon", "coordinates": [[[101.61161, 3.069405], [101.611548, 3.069406], [101.61155, 3.069567], [101.611613, 3.069583], [101.611674, 3.069583], [101.611673, 3.069421], [101.61161, 3.069405]]]}}, {"type": "Feature", "properties": {}, "geometry": {"type": "Polygon", "coordinates": [[[101.611671, 3.069404], [101.61161, 3.069405], [101.611611, 3.069567], [101.611674, 3.069583], [101.611735, 3.069582], [101.611734, 3.06942], [101.611671, 3.069404]]]}}, {"type": "Feature", "properties": {}, "geometry": {"type": "Polygon", "coordinates": [[[101.611723, 3.068662], [101.611662, 3.068662], [101.611663, 3.068805], [101.611727, 3.068821], [101.611788, 3.06882], [101.611786, 3.068677], [101.611723, 3.068662]]]}}, {"type": "Feature", "properties": {}, "geometry": {"type": "Polygon", "coordinates": [[[101.611662, 3.068662], [101.6116, 3.068663], [101.611602, 3.068805], [101.611665, 3.068821], [101.611727, 3.068821], [101.611725, 3.068678], [101.611662, 3.068662]]]}}, {"type": "Feature", "properties": {}, "geometry": {"type": "Polygon", "coordinates": [[[101.6116, 3.068663], [101.611539, 3.068664], [101.611541, 3.068806], [101.611604, 3.068822], [101.611665, 3.068821], [101.611664, 3.068679], [101.6116, 3.068663]]]}}, {"type": "Feature", "properties": {}, "geometry": {"type": "Polygon", "coordinates": [[[101.611539, 3.068664], [101.611478, 3.068664], [101.61148, 3.068807], [101.611543, 3.068823], [101.611604, 3.068822], [101.611602, 3.06868], [101.611539, 3.068664]]]}}, {"type": "Feature", "properties": {}, "geometry": {"type": "Polygon", "coordinates": [[[101.611478, 3.068664], [101.611417, 3.068665], [101.611418, 3.068808], [101.611481, 3.068823], [101.611543, 3.068823], [101.611541, 3.06868], [101.611478, 3.068664]]]}}, {"type": "Feature", "properties": {}, "geometry": {"type": "Polygon", "coordinates": [[[101.611417, 3.068665], [101.611355, 3.068666], [101.611357, 3.068808], [101.61142, 3.068824], [101.611481, 3.068823], [101.61148, 3.068681], [101.611417, 3.068665]]]}}, {"type": "Feature", "properties": {}, "geometry": {"type": "Polygon", "coordinates": [[[101.611355, 3.068666], [101.611294, 3.068667], [101.611296, 3.068809], [101.611359, 3.068825], [101.61142, 3.068824], [101.611419, 3.068682], [101.611355, 3.068666]]]}}, {"type": "Feature", "properties": {}, "geometry": {"type": "Polygon", "coordinates": [[[101.611294, 3.068667], [101.611233, 3.068667], [101.611235, 3.06881], [101.611298, 3.068826], [101.611359, 3.068825], [101.611357, 3.068682], [101.611294, 3.068667]]]}}, {"type": "Feature", "properties": {}, "geometry": {"type": "Polygon", "coordinates": [[[101.611233, 3.068667], [101.611172, 3.068668], [101.611173, 3.06881], [101.611237, 3.068826], [101.611298, 3.068826], [101.611296, 3.068683], [101.611233, 3.068667]]]}}, {"type": "Feature", "properties": {}, "geometry": {"type": "Polygon", "coordinates": [[[101.611172, 3.068668], [101.61111, 3.068669], [101.611112, 3.068811], [101.611175, 3.068827], [101.611237, 3.068826], [101.611235, 3.068684], [101.611172, 3.068668]]]}}, {"type": "Feature", "properties": {}, "geometry": {"type": "Polygon", "coordinates": [[[101.61111, 3.068669], [101.611049, 3.06867], [101.611051, 3.068812], [101.611114, 3.068828], [101.611175, 3.068827], [101.611174, 3.068685], [101.61111, 3.068669]]]}}, {"type": "Feature", "properties": {}, "geometry": {"type": "Polygon", "coordinates": [[[101.611718, 3.068827], [101.611658, 3.068827], [101.611659, 3.068983], [101.611722, 3.068998], [101.611782, 3.068998], [101.611781, 3.068843], [101.611718, 3.068827]]]}}, {"type": "Feature", "properties": {}, "geometry": {"type": "Polygon", "coordinates": [[[101.611658, 3.068827], [101.611597, 3.068828], [101.611598, 3.068983], [101.611661, 3.068999], [101.611722, 3.068998], [101.611721, 3.068843], [101.611658, 3.068827]]]}}, {"type": "Feature", "properties": {}, "geometry": {"type": "Polygon", "coordinates": [[[101.611597, 3.068828], [101.611537, 3.068828], [101.611538, 3.068983], [101.611601, 3.068999], [101.611661, 3.068999], [101.61166, 3.068843], [101.611597, 3.068828]]]}}, {"type": "Feature", "properties": {}, "geometry": {"type": "Polygon", "coordinates": [[[101.611537, 3.068828], [101.611476, 3.068828], [101.611477, 3.068984], [101.611541, 3.069], [101.611601, 3.068999], [101.6116, 3.068844], [101.611537, 3.068828]]]}}, {"type": "Feature", "properties": {}, "geometry": {"type": "Polygon", "coordinates": [[[101.611476, 3.068828], [101.611416, 3.068829], [101.611417, 3.068984], [101.61148, 3.069], [101.611541, 3.069], [101.61154, 3.068844], [101.611476, 3.068828]]]}}, {"type": "Feature", "properties": {}, "geometry": {"type": "Polygon", "coordinates": [[[101.611416, 3.068829], [101.611356, 3.068829], [101.611357, 3.068985], [101.61142, 3.069], [101.61148, 3.069], [101.611479, 3.068845], [101.611416, 3.068829]]]}}, {"type": "Feature", "properties": {}, "geometry": {"type": "Polygon", "coordinates": [[[101.611356, 3.068829], [101.611295, 3.06883], [101.611296, 3.068985], [101.61136, 3.069001], [101.61142, 3.069], [101.611419, 3.068845], [101.611356, 3.068829]]]}}, {"type": "Feature", "properties": {}, "geometry": {"type": "Polygon", "coordinates": [[[101.611295, 3.06883], [101.611235, 3.06883], [101.611236, 3.068985], [101.611299, 3.069001], [101.61136, 3.069001], [101.611359, 3.068845], [101.611295, 3.06883]]]}}, {"type": "Feature", "properties": {}, "geometry": {"type": "Polygon", "coordinates": [[[101.611235, 3.06883], [101.611175, 3.06883], [101.611176, 3.068986], [101.611239, 3.069002], [101.611299, 3.069001], [101.611298, 3.068846], [101.611235, 3.06883]]]}}, {"type": "Feature", "properties": {}, "geometry": {"type": "Polygon", "coordinates": [[[101.611175, 3.06883], [101.611114, 3.068831], [101.611115, 3.068986], [101.611179, 3.069002], [101.611239, 3.069002], [101.611238, 3.068846], [101.611175, 3.06883]]]}}, {"type": "Feature", "properties": {}, "geometry": {"type": "Polygon", "coordinates": [[[101.611114, 3.068831], [101.611054, 3.068831], [101.611055, 3.068986], [101.611118, 3.069002], [101.611179, 3.069002], [101.611178, 3.068847], [101.611114, 3.068831]]]}}, {"type": "Feature", "properties": {}, "geometry": {"type": "Polygon", "coordinates": [[[101.612394, 3.068828], [101.612333, 3.068828], [101.612334, 3.068981], [101.612397, 3.068996], [101.612458, 3.068996], [101.612457, 3.068844], [101.612394, 3.068828]]]}}, {"type": "Feature", "properties": {}, "geometry": {"type": "Polygon", "coordinates": [[[101.612333, 3.068828], [101.612272, 3.068829], [101.612273, 3.068981], [101.612336, 3.068997], [101.612397, 3.068996], [101.612396, 3.068844], [101.612333, 3.068828]]]}}, {"type": "Feature", "properties": {}, "geometry": {"type": "Polygon", "coordinates": [[[101.612272, 3.068829], [101.612211, 3.068829], [101.612212, 3.068982], [101.612275, 3.068997], [101.612336, 3.068997], [101.612335, 3.068845], [101.612272, 3.068829]]]}}, {"type": "Feature", "properties": {}, "geometry": {"type": "Polygon", "coordinates": [[[101.612211, 3.068829], [101.61215, 3.06883], [101.612151, 3.068982], [101.612214, 3.068998], [101.612275, 3.068997], [101.612274, 3.068845], [101.612211, 3.068829]]]}}, {"type": "Feature", "properties": {}, "geometry": {"type": "Polygon", "coordinates": [[[101.61215, 3.06883], [101.612089, 3.06883], [101.61209, 3.068982], [101.612153, 3.068998], [101.612214, 3.068998], [101.612213, 3.068846], [101.61215, 3.06883]]]}}, {"type": "Feature", "properties": {}, "geometry": {"type": "Polygon", "coordinates": [[[101.612089, 3.06883], [101.612028, 3.06883], [101.612029, 3.068983], [101.612092, 3.068999], [101.612153, 3.068998], [101.612152, 3.068846], [101.612089, 3.06883]]]}}, {"type": "Feature", "properties": {}, "geometry": {"type": "Polygon", "coordinates": [[[101.612028, 3.06883], [101.611967, 3.068831], [101.611968, 3.068983], [101.612031, 3.068999], [101.612092, 3.068999], [101.612091, 3.068846], [101.612028, 3.06883]]]}}, {"type": "Feature", "properties": {}, "geometry": {"type": "Polygon", "coordinates": [[[101.611967, 3.068831], [101.611906, 3.068831], [101.611907, 3.068984], [101.61197, 3.069], [101.612031, 3.068999], [101.61203, 3.068847], [101.611967, 3.068831]]]}}, {"type": "Feature", "properties": {}, "geometry": {"type": "Polygon", "coordinates": [[[101.611906, 3.068831], [101.611845, 3.068832], [101.611846, 3.068984], [101.611909, 3.069], [101.61197, 3.069], [101.611969, 3.068847], [101.611906, 3.068831]]]}}, {"type": "Feature", "properties": {}, "geometry": {"type": "Polygon", "coordinates": [[[101.611837, 3.068668], [101.611775, 3.068668], [101.611777, 3.0688], [101.61184, 3.068815], [101.611901, 3.068815], [101.6119, 3.068684], [101.611837, 3.068668]]]}}, {"type": "Feature", "properties": {}, "geometry": {"type": "Polygon", "coordinates": [[[101.611898, 3.068667], [101.611837, 3.068668], [101.611838, 3.068799], [101.611901, 3.068815], [101.611963, 3.068814], [101.611961, 3.068683], [101.611898, 3.068667]]]}}, {"type": "Feature", "properties": {}, "geometry": {"type": "Polygon", "coordinates": [[[101.61196, 3.068666], [101.611898, 3.068667], [101.6119, 3.068798], [101.611963, 3.068814], [101.612024, 3.068813], [101.612023, 3.068682], [101.61196, 3.068666]]]}}, {"type": "Feature", "properties": {}, "geometry": {"type": "Polygon", "coordinates": [[[101.612021, 3.068666], [101.61196, 3.068666], [101.611961, 3.068797], [101.612024, 3.068813], [101.612086, 3.068813], [101.612084, 3.068681], [101.612021, 3.068666]]]}}, {"type": "Feature", "properties": {}, "geometry": {"type": "Polygon", "coordinates": [[[101.612082, 3.068665], [101.612021, 3.068666], [101.612023, 3.068797], [101.612086, 3.068813], [101.612147, 3.068812], [101.612146, 3.068681], [101.612082, 3.068665]]]}}, {"type": "Feature", "properties": {}, "geometry": {"type": "Polygon", "coordinates": [[[101.612144, 3.068664], [101.612082, 3.068665], [101.612084, 3.068796], [101.612147, 3.068812], [101.612209, 3.068811], [101.612207, 3.06868], [101.612144, 3.068664]]]}}, {"type": "Feature", "properties": {}, "geometry": {"type": "Polygon", "coordinates": [[[101.612205, 3.068663], [101.612144, 3.068664], [101.612145, 3.068795], [101.612209, 3.068811], [101.61227, 3.068811], [101.612269, 3.068679], [101.612205, 3.068663]]]}}, {"type": "Feature", "properties": {}, "geometry": {"type": "Polygon", "coordinates": [[[101.612267, 3.068663], [101.612205, 3.068663], [101.612207, 3.068795], [101.61227, 3.068811], [101.612332, 3.06881], [101.61233, 3.068679], [101.612267, 3.068663]]]}}, {"type": "Feature", "properties": {}, "geometry": {"type": "Polygon", "coordinates": [[[101.612328, 3.068662], [101.612267, 3.068663], [101.612268, 3.068794], [101.612332, 3.06881], [101.612393, 3.068809], [101.612392, 3.068678], [101.612328, 3.068662]]]}}, {"type": "Feature", "properties": {}, "geometry": {"type": "Polygon", "coordinates": [[[101.61239, 3.068661], [101.612328, 3.068662], [101.61233, 3.068793], [101.612393, 3.068809], [101.612455, 3.068808], [101.612453, 3.068677], [101.61239, 3.068661]]]}}, {"type": "Feature", "properties": {}, "geometry": {"type": "Polygon", "coordinates": [[[101.612451, 3.068661], [101.61239, 3.068661], [101.612391, 3.068793], [101.612455, 3.068808], [101.612516, 3.068808], [101.612515, 3.068677], [101.612451, 3.068661]]]}}, {"type": "Feature", "properties": {}, "geometry": {"type": "Polygon", "coordinates": [[[101.613302, 3.068821], [101.613241, 3.068821], [101.613242, 3.068978], [101.613305, 3.068994], [101.613366, 3.068994], [101.613365, 3.068836], [101.613302, 3.068821]]]}}, {"type": "Feature", "properties": {}, "geometry": {"type": "Polygon", "coordinates": [[[101.613241, 3.068821], [101.613181, 3.068821], [101.613182, 3.068979], [101.613245, 3.068995], [101.613305, 3.068994], [101.613304, 3.068837], [101.613241, 3.068821]]]}}, {"type": "Feature", "properties": {}, "geometry": {"type": "Polygon", "coordinates": [[[101.613181, 3.068821], [101.61312, 3.068822], [101.613121, 3.068979], [101.613185, 3.068995], [101.613245, 3.068995], [101.613244, 3.068837], [101.613181, 3.068821]]]}}, {"type": "Feature", "properties": {}, "geometry": {"type": "Polygon", "coordinates": [[[101.61312, 3.068822], [101.61306, 3.068822], [101.613061, 3.068979], [101.613124, 3.068995], [101.613185, 3.068995], [101.613184, 3.068838], [101.61312, 3.068822]]]}}, {"type": "Feature", "properties": {}, "geometry": {"type": "Polygon", "coordinates": [[[101.61306, 3.068822], [101.612999, 3.068822], [101.613, 3.06898], [101.613064, 3.068996], [101.613124, 3.068995], [101.613123, 3.068838], [101.61306, 3.068822]]]}}, {"type": "Feature", "properties": {}, "geometry": {"type": "Polygon", "coordinates": [[[101.612999, 3.068822], [101.612939, 3.068823], [101.61294, 3.06898], [101.613003, 3.068996], [101.613064, 3.068996], [101.613063, 3.068838], [101.612999, 3.068822]]]}}, {"type": "Feature", "properties": {}, "geometry": {"type": "Polygon", "coordinates": [[[101.612939, 3.068823], [101.612878, 3.068823], [101.612879, 3.068981], [101.612943, 3.068996], [101.613003, 3.068996], [101.613002, 3.068839], [101.612939, 3.068823]]]}}, {"type": "Feature", "properties": {}, "geometry": {"type": "Polygon", "coordinates": [[[101.612878, 3.068823], [101.612818, 3.068824], [101.612819, 3.068981], [101.612882, 3.068997], [101.612943, 3.068996], [101.612942, 3.068839], [101.612878, 3.068823]]]}}, {"type": "Feature", "properties": {}, "geometry": {"type": "Polygon", "coordinates": [[[101.612818, 3.068824], [101.612757, 3.068824], [101.612759, 3.068981], [101.612822, 3.068997], [101.612882, 3.068997], [101.612881, 3.06884], [101.612818, 3.068824]]]}}, {"type": "Feature", "properties": {}, "geometry": {"type": "Polygon", "coordinates": [[[101.612757, 3.068824], [101.612697, 3.068824], [101.612698, 3.068982], [101.612761, 3.068998], [101.612822, 3.068997], [101.612821, 3.06884], [101.612757, 3.068824]]]}}, {"type": "Feature", "properties": {}, "geometry": {"type": "Polygon", "coordinates": [[[101.612697, 3.068824], [101.612637, 3.068825], [101.612638, 3.068982], [101.612701, 3.068998], [101.612761, 3.068998], [101.61276, 3.06884], [101.612697, 3.068824]]]}}, {"type": "Feature", "properties": {}, "geometry": {"type": "Polygon", "coordinates": [[[101.612634, 3.068667], [101.612573, 3.068668], [101.612575, 3.0688], [101.612638, 3.068816], [101.612699, 3.068815], [101.612697, 3.068683], [101.612634, 3.068667]]]}}, {"type": "Feature", "properties": {}, "geometry": {"type": "Polygon", "coordinates": [[[101.612695, 3.068667], [101.612634, 3.068667], [101.612636, 3.068799], [101.612699, 3.068815], [101.61276, 3.068814], [101.612758, 3.068682], [101.612695, 3.068667]]]}}, {"type": "Feature", "properties": {}, "geometry": {"type": "Polygon", "coordinates": [[[101.612756, 3.068666], [101.612695, 3.068667], [101.612697, 3.068799], [101.61276, 3.068814], [101.612821, 3.068814], [101.612819, 3.068682], [101.612756, 3.068666]]]}}, {"type": "Feature", "properties": {}, "geometry": {"type": "Polygon", "coordinates": [[[101.612817, 3.068665], [101.612756, 3.068666], [101.612758, 3.068798], [101.612821, 3.068814], [101.612882, 3.068813], [101.61288, 3.068681], [101.612817, 3.068665]]]}}, {"type": "Feature", "properties": {}, "geometry": {"type": "Polygon", "coordinates": [[[101.612878, 3.068665], [101.612817, 3.068665], [101.612818, 3.068797], [101.612882, 3.068813], [101.612943, 3.068812], [101.612941, 3.06868], [101.612878, 3.068665]]]}}, {"type": "Feature", "properties": {}, "geometry": {"type": "Polygon", "coordinates": [[[101.612939, 3.068664], [101.612878, 3.068665], [101.612879, 3.068796], [101.612943, 3.068812], [101.613003, 3.068812], [101.613002, 3.06868], [101.612939, 3.068664]]]}}, {"type": "Feature", "properties": {}, "geometry": {"type": "Polygon", "coordinates": [[[101.613, 3.068663], [101.612939, 3.068664], [101.61294, 3.068796], [101.613003, 3.068812], [101.613064, 3.068811], [101.613063, 3.068679], [101.613, 3.068663]]]}}, {"type": "Feature", "properties": {}, "geometry": {"type": "Polygon", "coordinates": [[[101.61306, 3.068662], [101.613, 3.068663], [101.613001, 3.068795], [101.613064, 3.068811], [101.613125, 3.06881], [101.613124, 3.068678], [101.61306, 3.068662]]]}}, {"type": "Feature", "properties": {}, "geometry": {"type": "Polygon", "coordinates": [[[101.613121, 3.068662], [101.61306, 3.068662], [101.613062, 3.068794], [101.613125, 3.06881], [101.613186, 3.068809], [101.613185, 3.068678], [101.613121, 3.068662]]]}}, {"type": "Feature", "properties": {}, "geometry": {"type": "Polygon", "coordinates": [[[101.613182, 3.068661], [101.613121, 3.068662], [101.613123, 3.068794], [101.613186, 3.068809], [101.613247, 3.068809], [101.613246, 3.068677], [101.613182, 3.068661]]]}}, {"type": "Feature", "properties": {}, "geometry": {"type": "Polygon", "coordinates": [[[101.613243, 3.06866], [101.613182, 3.068661], [101.613184, 3.068793], [101.613247, 3.068809], [101.613308, 3.068808], [101.613306, 3.068676], [101.613243, 3.06866]]]}}, {"type": "Feature", "properties": {}, "geometry": {"type": "Polygon", "coordinates": [[[101.611045, 3.068113], [101.610983, 3.068113], [101.610984, 3.068254], [101.611047, 3.06827], [101.611109, 3.068269], [101.611108, 3.068129], [101.611045, 3.068113]]]}}, {"type": "Feature", "properties": {}, "geometry": {"type": "Polygon", "coordinates": [[[101.611107, 3.068112], [101.611045, 3.068113], [101.611046, 3.068253], [101.611109, 3.068269], [101.611171, 3.068269], [101.61117, 3.068128], [101.611107, 3.068112]]]}}, {"type": "Feature", "properties": {}, "geometry": {"type": "Polygon", "coordinates": [[[101.611169, 3.068112], [101.611107, 3.068112], [101.611108, 3.068253], [101.611171, 3.068269], [101.611233, 3.068268], [101.611232, 3.068128], [101.611169, 3.068112]]]}}, {"type": "Feature", "properties": {}, "geometry": {"type": "Polygon", "coordinates": [[[101.611231, 3.068112], [101.611169, 3.068112], [101.61117, 3.068252], [101.611233, 3.068268], [101.611295, 3.068268], [101.611294, 3.068127], [101.611231, 3.068112]]]}}, {"type": "Feature", "properties": {}, "geometry": {"type": "Polygon", "coordinates": [[[101.611293, 3.068111], [101.611231, 3.068112], [101.611232, 3.068252], [101.611295, 3.068268], [101.611357, 3.068268], [101.611356, 3.068127], [101.611293, 3.068111]]]}}, {"type": "Feature", "properties": {}, "geometry": {"type": "Polygon", "coordinates": [[[101.611354, 3.068111], [101.611293, 3.068111], [101.611294, 3.068252], [101.611357, 3.068268], [101.611419, 3.068267], [101.611418, 3.068126], [101.611354, 3.068111]]]}}, {"type": "Feature", "properties": {}, "geometry": {"type": "Polygon", "coordinates": [[[101.611416, 3.06811], [101.611354, 3.068111], [101.611355, 3.068251], [101.611419, 3.068267], [101.611481, 3.068267], [101.61148, 3.068126], [101.611416, 3.06811]]]}}, {"type": "Feature", "properties": {}, "geometry": {"type": "Polygon", "coordinates": [[[101.611478, 3.06811], [101.611416, 3.06811], [101.611417, 3.068251], [101.611481, 3.068267], [101.611542, 3.068266], [101.611542, 3.068126], [101.611478, 3.06811]]]}}, {"type": "Feature", "properties": {}, "geometry": {"type": "Polygon", "coordinates": [[[101.61154, 3.068109], [101.611478, 3.06811], [101.611479, 3.06825], [101.611542, 3.068266], [101.611604, 3.068266], [101.611603, 3.068125], [101.61154, 3.068109]]]}}, {"type": "Feature", "properties": {}, "geometry": {"type": "Polygon", "coordinates": [[[101.611602, 3.068109], [101.61154, 3.068109], [101.611541, 3.06825], [101.611604, 3.068266], [101.611666, 3.068265], [101.611665, 3.068125], [101.611602, 3.068109]]]}}, {"type": "Feature", "properties": {}, "geometry": {"type": "Polygon", "coordinates": [[[101.611664, 3.068109], [101.611602, 3.068109], [101.611603, 3.06825], [101.611666, 3.068265], [101.611728, 3.068265], [101.611727, 3.068124], [101.611664, 3.068109]]]}}, {"type": "Feature", "properties": {}, "geometry": {"type": "Polygon", "coordinates": [[[101.611724, 3.068272], [101.611663, 3.068273], [101.611664, 3.068427], [101.611727, 3.068443], [101.611789, 3.068443], [101.611788, 3.068288], [101.611724, 3.068272]]]}}, {"type": "Feature", "properties": {}, "geometry": {"type": "Polygon", "coordinates": [[[101.611663, 3.068273], [101.611601, 3.068273], [101.611602, 3.068428], [101.611666, 3.068444], [101.611727, 3.068443], [101.611726, 3.068288], [101.611663, 3.068273]]]}}, {"type": "Feature", "properties": {}, "geometry": {"type": "Polygon", "coordinates": [[[101.611601, 3.068273], [101.611539, 3.068274], [101.611541, 3.068428], [101.611604, 3.068444], [101.611666, 3.068444], [101.611664, 3.068289], [101.611601, 3.068273]]]}}, {"type": "Feature", "properties": {}, "geometry": {"type": "Polygon", "coordinates": [[[101.611539, 3.068274], [101.611478, 3.068274], [101.611479, 3.068429], [101.611543, 3.068445], [101.611604, 3.068444], [101.611603, 3.06829], [101.611539, 3.068274]]]}}, {"type": "Feature", "properties": {}, "geometry": {"type": "Polygon", "coordinates": [[[101.611478, 3.068274], [101.611416, 3.068275], [101.611418, 3.068429], [101.611481, 3.068445], [101.611543, 3.068445], [101.611541, 3.06829], [101.611478, 3.068274]]]}}, {"type": "Feature", "properties": {}, "geometry": {"type": "Polygon", "coordinates": [[[101.611416, 3.068275], [101.611355, 3.068275], [101.611356, 3.06843], [101.611419, 3.068446], [101.611481, 3.068445], [101.61148, 3.068291], [101.611416, 3.068275]]]}}, {"type": "Feature", "properties": {}, "geometry": {"type": "Polygon", "coordinates": [[[101.611355, 3.068275], [101.611293, 3.068276], [101.611295, 3.068431], [101.611358, 3.068446], [101.611419, 3.068446], [101.611418, 3.068291], [101.611355, 3.068275]]]}}, {"type": "Feature", "properties": {}, "geometry": {"type": "Polygon", "coordinates": [[[101.611293, 3.068276], [101.611232, 3.068276], [101.611233, 3.068431], [101.611296, 3.068447], [101.611358, 3.068446], [101.611356, 3.068292], [101.611293, 3.068276]]]}}, {"type": "Feature", "properties": {}, "geometry": {"type": "Polygon", "coordinates": [[[101.611232, 3.068276], [101.61117, 3.068277], [101.611171, 3.068432], [101.611235, 3.068447], [101.611296, 3.068447], [101.611295, 3.068292], [101.611232, 3.068276]]]}}, {"type": "Feature", "properties": {}, "geometry": {"type": "Polygon", "coordinates": [[[101.61117, 3.068277], [101.611108, 3.068277], [101.61111, 3.068432], [101.611173, 3.068448], [101.611235, 3.068447], [101.611233, 3.068293], [101.61117, 3.068277]]]}}, {"type": "Feature", "properties": {}, "geometry": {"type": "Polygon", "coordinates": [[[101.611108, 3.068277], [101.611047, 3.068278], [101.611048, 3.068433], [101.611111, 3.068449], [101.611173, 3.068448], [101.611172, 3.068293], [101.611108, 3.068277]]]}}, {"type": "Feature", "properties": {}, "geometry": {"type": "Polygon", "coordinates": [[[101.612509, 3.06827], [101.612448, 3.068271], [101.612449, 3.068427], [101.612512, 3.068443], [101.612573, 3.068443], [101.612572, 3.068286], [101.612509, 3.06827]]]}}, {"type": "Feature", "properties": {}, "geometry": {"type": "Polygon", "coordinates": [[[101.612448, 3.068271], [101.612386, 3.068271], [101.612388, 3.068428], [101.612451, 3.068444], [101.612512, 3.068443], [101.612511, 3.068287], [101.612448, 3.068271]]]}}, {"type": "Feature", "properties": {}, "geometry": {"type": "Polygon", "coordinates": [[[101.612386, 3.068271], [101.612325, 3.068272], [101.612327, 3.068429], [101.61239, 3.068444], [101.612451, 3.068444], [101.61245, 3.068287], [101.612386, 3.068271]]]}}, {"type": "Feature", "properties": {}, "geometry": {"type": "Polygon", "coordinates": [[[101.612325, 3.068272], [101.612264, 3.068272], [101.612266, 3.068429], [101.612329, 3.068445], [101.61239, 3.068444], [101.612389, 3.068288], [101.612325, 3.068272]]]}}, {"type": "Feature", "properties": {}, "geometry": {"type": "Polygon", "coordinates": [[[101.612264, 3.068272], [101.612203, 3.068273], [101.612204, 3.06843], [101.612268, 3.068445], [101.612329, 3.068445], [101.612327, 3.068288], [101.612264, 3.068272]]]}}, {"type": "Feature", "properties": {}, "geometry": {"type": "Polygon", "coordinates": [[[101.612203, 3.068273], [101.612142, 3.068273], [101.612143, 3.06843], [101.612207, 3.068446], [101.612268, 3.068445], [101.612266, 3.068289], [101.612203, 3.068273]]]}}, {"type": "Feature", "properties": {}, "geometry": {"type": "Polygon", "coordinates": [[[101.612142, 3.068273], [101.612081, 3.068274], [101.612082, 3.068431], [101.612145, 3.068446], [101.612207, 3.068446], [101.612205, 3.068289], [101.612142, 3.068273]]]}}, {"type": "Feature", "properties": {}, "geometry": {"type": "Polygon", "coordinates": [[[101.612081, 3.068274], [101.61202, 3.068274], [101.612021, 3.068431], [101.612084, 3.068447], [101.612145, 3.068446], [101.612144, 3.06829], [101.612081, 3.068274]]]}}, {"type": "Feature", "properties": {}, "geometry": {"type": "Polygon", "coordinates": [[[101.61202, 3.068274], [101.611959, 3.068275], [101.61196, 3.068432], [101.612023, 3.068448], [101.612084, 3.068447], [101.612083, 3.06829], [101.61202, 3.068274]]]}}, {"type": "Feature", "properties": {}, "geometry": {"type": "Polygon", "coordinates": [[[101.611959, 3.068275], [101.611897, 3.068276], [101.611899, 3.068432], [101.611962, 3.068448], [101.612023, 3.068448], [101.612022, 3.068291], [101.611959, 3.068275]]]}}, {"type": "Feature", "properties": {}, "geometry": {"type": "Polygon", "coordinates": [[[101.611897, 3.068276], [101.611836, 3.068276], [101.611838, 3.068433], [101.611901, 3.068449], [101.611962, 3.068448], [101.611961, 3.068291], [101.611897, 3.068276]]]}}, {"type": "Feature", "properties": {}, "geometry": {"type": "Polygon", "coordinates": [[[101.611835, 3.068114], [101.611774, 3.068114], [101.611775, 3.068251], [101.611838, 3.068267], [101.6119, 3.068266], [101.611899, 3.068129], [101.611835, 3.068114]]]}}, {"type": "Feature", "properties": {}, "geometry": {"type": "Polygon", "coordinates": [[[101.611897, 3.068113], [101.611835, 3.068114], [101.611836, 3.06825], [101.6119, 3.068266], [101.611961, 3.068266], [101.61196, 3.068129], [101.611897, 3.068113]]]}}, {"type": "Feature", "properties": {}, "geometry": {"type": "Polygon", "coordinates": [[[101.611958, 3.068113], [101.611897, 3.068113], [101.611898, 3.06825], [101.611961, 3.068266], [101.612022, 3.068265], [101.612021, 3.068129], [101.611958, 3.068113]]]}}, {"type": "Feature", "properties": {}, "geometry": {"type": "Polygon", "coordinates": [[[101.612019, 3.068112], [101.611958, 3.068113], [101.611959, 3.068249], [101.612022, 3.068265], [101.612083, 3.068265], [101.612082, 3.068128], [101.612019, 3.068112]]]}}, {"type": "Feature", "properties": {}, "geometry": {"type": "Polygon", "coordinates": [[[101.61208, 3.068112], [101.612019, 3.068112], [101.61202, 3.068249], [101.612083, 3.068265], [101.612145, 3.068264], [101.612144, 3.068128], [101.61208, 3.068112]]]}}, {"type": "Feature", "properties": {}, "geometry": {"type": "Polygon", "coordinates": [[[101.612142, 3.068112], [101.61208, 3.068112], [101.612081, 3.068249], [101.612145, 3.068264], [101.612206, 3.068264], [101.612205, 3.068127], [101.612142, 3.068112]]]}}, {"type": "Feature", "properties": {}, "geometry": {"type": "Polygon", "coordinates": [[[101.612203, 3.068111], [101.612142, 3.068112], [101.612143, 3.068248], [101.612206, 3.068264], [101.612267, 3.068264], [101.612266, 3.068127], [101.612203, 3.068111]]]}}, {"type": "Feature", "properties": {}, "geometry": {"type": "Polygon", "coordinates": [[[101.612264, 3.068111], [101.612203, 3.068111], [101.612204, 3.068248], [101.612267, 3.068264], [101.612328, 3.068263], [101.612327, 3.068126], [101.612264, 3.068111]]]}}, {"type": "Feature", "properties": {}, "geometry": {"type": "Polygon", "coordinates": [[[101.612325, 3.06811], [101.612264, 3.068111], [101.612265, 3.068247], [101.612328, 3.068263], [101.61239, 3.068263], [101.612388, 3.068126], [101.612325, 3.06811]]]}}, {"type": "Feature", "properties": {}, "geometry": {"type": "Polygon", "coordinates": [[[101.612387, 3.06811], [101.612325, 3.06811], [101.612326, 3.068247], [101.61239, 3.068263], [101.612451, 3.068262], [101.61245, 3.068126], [101.612387, 3.06811]]]}}, {"type": "Feature", "properties": {}, "geometry": {"type": "Polygon", "coordinates": [[[101.612448, 3.068109], [101.612387, 3.06811], [101.612388, 3.068246], [101.612451, 3.068262], [101.612512, 3.068262], [101.612511, 3.068125], [101.612448, 3.068109]]]}}, {"type": "Feature", "properties": {}, "geometry": {"type": "Polygon", "coordinates": [[[101.613304, 3.068271], [101.613242, 3.068271], [101.613243, 3.068426], [101.613306, 3.068442], [101.613369, 3.068442], [101.613367, 3.068286], [101.613304, 3.068271]]]}}, {"type": "Feature", "properties": {}, "geometry": {"type": "Polygon", "coordinates": [[[101.613242, 3.068271], [101.61318, 3.068272], [101.613181, 3.068427], [101.613244, 3.068443], [101.613306, 3.068442], [101.613305, 3.068287], [101.613242, 3.068271]]]}}, {"type": "Feature", "properties": {}, "geometry": {"type": "Polygon", "coordinates": [[[101.61318, 3.068272], [101.613118, 3.068272], [101.613119, 3.068427], [101.613182, 3.068443], [101.613244, 3.068443], [101.613243, 3.068287], [101.61318, 3.068272]]]}}, {"type": "Feature", "properties": {}, "geometry": {"type": "Polygon", "coordinates": [[[101.613118, 3.068272], [101.613056, 3.068273], [101.613057, 3.068428], [101.61312, 3.068444], [101.613182, 3.068443], [101.613181, 3.068288], [101.613118, 3.068272]]]}}, {"type": "Feature", "properties": {}, "geometry": {"type": "Polygon", "coordinates": [[[101.613056, 3.068273], [101.612993, 3.068273], [101.612995, 3.068428], [101.613058, 3.068444], [101.61312, 3.068444], [101.613119, 3.068288], [101.613056, 3.068273]]]}}, {"type": "Feature", "properties": {}, "geometry": {"type": "Polygon", "coordinates": [[[101.612993, 3.068273], [101.612931, 3.068274], [101.612933, 3.068429], [101.612996, 3.068445], [101.613058, 3.068444], [101.613057, 3.068289], [101.612993, 3.068273]]]}}, {"type": "Feature", "properties": {}, "geometry": {"type": "Polygon", "coordinates": [[[101.612931, 3.068274], [101.612869, 3.068274], [101.61287, 3.068429], [101.612934, 3.068445], [101.612996, 3.068445], [101.612994, 3.06829], [101.612931, 3.068274]]]}}, {"type": "Feature", "properties": {}, "geometry": {"type": "Polygon", "coordinates": [[[101.612869, 3.068274], [101.612807, 3.068275], [101.612808, 3.06843], [101.612872, 3.068446], [101.612934, 3.068445], [101.612932, 3.06829], [101.612869, 3.068274]]]}}, {"type": "Feature", "properties": {}, "geometry": {"type": "Polygon", "coordinates": [[[101.612807, 3.068275], [101.612745, 3.068275], [101.612746, 3.06843], [101.612809, 3.068446], [101.612872, 3.068446], [101.61287, 3.068291], [101.612807, 3.068275]]]}}, {"type": "Feature", "properties": {}, "geometry": {"type": "Polygon", "coordinates": [[[101.612745, 3.068275], [101.612683, 3.068276], [101.612684, 3.068431], [101.612747, 3.068447], [101.612809, 3.068446], [101.612808, 3.068291], [101.612745, 3.068275]]]}}, {"type": "Feature", "properties": {}, "geometry": {"type": "Polygon", "coordinates": [[[101.612683, 3.068276], [101.612621, 3.068276], [101.612622, 3.068432], [101.612685, 3.068447], [101.612747, 3.068447], [101.612746, 3.068292], [101.612683, 3.068276]]]}}, {"type": "Feature", "properties": {}, "geometry": {"type": "Polygon", "coordinates": [[[101.612618, 3.06811], [101.612556, 3.06811], [101.612557, 3.068251], [101.61262, 3.068267], [101.612683, 3.068267], [101.612681, 3.068126], [101.612618, 3.06811]]]}}, {"type": "Feature", "properties": {}, "geometry": {"type": "Polygon", "coordinates": [[[101.612681, 3.06811], [101.612618, 3.06811], [101.612619, 3.068251], [101.612683, 3.068267], [101.612745, 3.068266], [101.612744, 3.068125], [101.612681, 3.06811]]]}}, {"type": "Feature", "properties": {}, "geometry": {"type": "Polygon", "coordinates": [[[101.612743, 3.068109], [101.612681, 3.06811], [101.612681, 3.06825], [101.612745, 3.068266], [101.612807, 3.068266], [101.612806, 3.068125], [101.612743, 3.068109]]]}}, {"type": "Feature", "properties": {}, "geometry": {"type": "Polygon", "coordinates": [[[101.612805, 3.068109], [101.612743, 3.068109], [101.612744, 3.06825], [101.612807, 3.068266], [101.612869, 3.068265], [101.612868, 3.068125], [101.612805, 3.068109]]]}}, {"type": "Feature", "properties": {}, "geometry": {"type": "Polygon", "coordinates": [[[101.612867, 3.068108], [101.612805, 3.068109], [101.612806, 3.068249], [101.612869, 3.068265], [101.612932, 3.068265], [101.612931, 3.068124], [101.612867, 3.068108]]]}}, {"type": "Feature", "properties": {}, "geometry": {"type": "Polygon", "coordinates": [[[101.61293, 3.068108], [101.612867, 3.068108], [101.612868, 3.068249], [101.612932, 3.068265], [101.612994, 3.068265], [101.612993, 3.068124], [101.61293, 3.068108]]]}}, {"type": "Feature", "properties": {}, "geometry": {"type": "Polygon", "coordinates": [[[101.612992, 3.068108], [101.61293, 3.068108], [101.61293, 3.068249], [101.612994, 3.068265], [101.613056, 3.068264], [101.613055, 3.068124], [101.612992, 3.068108]]]}}, {"type": "Feature", "properties": {}, "geometry": {"type": "Polygon", "coordinates": [[[101.613054, 3.068107], [101.612992, 3.068108], [101.612993, 3.068248], [101.613056, 3.068264], [101.613118, 3.068264], [101.613117, 3.068123], [101.613054, 3.068107]]]}}, {"type": "Feature", "properties": {}, "geometry": {"type": "Polygon", "coordinates": [[[101.613116, 3.068107], [101.613054, 3.068107], [101.613055, 3.068248], [101.613118, 3.068264], [101.61318, 3.068263], [101.61318, 3.068123], [101.613116, 3.068107]]]}}, {"type": "Feature", "properties": {}, "geometry": {"type": "Polygon", "coordinates": [[[101.613179, 3.068106], [101.613116, 3.068107], [101.613117, 3.068247], [101.61318, 3.068263], [101.613243, 3.068263], [101.613242, 3.068122], [101.613179, 3.068106]]]}}, {"type": "Feature", "properties": {}, "geometry": {"type": "Polygon", "coordinates": [[[101.613241, 3.068106], [101.613179, 3.068106], [101.613179, 3.068247], [101.613243, 3.068263], [101.613305, 3.068262], [101.613304, 3.068122], [101.613241, 3.068106]]]}}, {"type": "Feature", "properties": {}, "geometry": {"type": "Polygon", "coordinates": [[[101.61262, 3.067556], [101.612559, 3.067557], [101.61256, 3.067697], [101.612623, 3.067713], [101.612685, 3.067712], [101.612684, 3.067572], [101.61262, 3.067556]]]}}, {"type": "Feature", "properties": {}, "geometry": {"type": "Polygon", "coordinates": [[[101.612682, 3.067556], [101.61262, 3.067556], [101.612622, 3.067696], [101.612685, 3.067712], [101.612747, 3.067712], [101.612746, 3.067572], [101.612682, 3.067556]]]}}, {"type": "Feature", "properties": {}, "geometry": {"type": "Polygon", "coordinates": [[[101.612744, 3.067555], [101.612682, 3.067556], [101.612684, 3.067696], [101.612747, 3.067712], [101.612809, 3.067711], [101.612808, 3.067571], [101.612744, 3.067555]]]}}, {"type": "Feature", "properties": {}, "geometry": {"type": "Polygon", "coordinates": [[[101.612806, 3.067555], [101.612744, 3.067555], [101.612746, 3.067695], [101.612809, 3.067711], [101.612871, 3.067711], [101.612869, 3.06757], [101.612806, 3.067555]]]}}, {"type": "Feature", "properties": {}, "geometry": {"type": "Polygon", "coordinates": [[[101.612868, 3.067554], [101.612806, 3.067555], [101.612807, 3.067695], [101.612871, 3.067711], [101.612932, 3.06771], [101.612931, 3.06757], [101.612868, 3.067554]]]}}, {"type": "Feature", "properties": {}, "geometry": {"type": "Polygon", "coordinates": [[[101.61293, 3.067553], [101.612868, 3.067554], [101.612869, 3.067694], [101.612932, 3.06771], [101.612994, 3.067709], [101.612993, 3.067569], [101.61293, 3.067553]]]}}, {"type": "Feature", "properties": {}, "geometry": {"type": "Polygon", "coordinates": [[[101.612992, 3.067553], [101.61293, 3.067553], [101.612931, 3.067694], [101.612994, 3.067709], [101.613056, 3.067709], [101.613055, 3.067569], [101.612992, 3.067553]]]}}, {"type": "Feature", "properties": {}, "geometry": {"type": "Polygon", "coordinates": [[[101.613054, 3.067552], [101.612992, 3.067553], [101.612993, 3.067693], [101.613056, 3.067709], [101.613118, 3.067708], [101.613117, 3.067568], [101.613054, 3.067552]]]}}, {"type": "Feature", "properties": {}, "geometry": {"type": "Polygon", "coordinates": [[[101.613116, 3.067552], [101.613054, 3.067552], [101.613055, 3.067693], [101.613118, 3.067708], [101.61318, 3.067708], [101.613179, 3.067568], [101.613116, 3.067552]]]}}, {"type": "Feature", "properties": {}, "geometry": {"type": "Polygon", "coordinates": [[[101.613177, 3.067551], [101.613116, 3.067552], [101.613117, 3.067692], [101.61318, 3.067708], [101.613242, 3.067707], [101.613241, 3.067567], [101.613177, 3.067551]]]}}, {"type": "Feature", "properties": {}, "geometry": {"type": "Polygon", "coordinates": [[[101.613239, 3.067551], [101.613177, 3.067551], [101.613179, 3.067691], [101.613242, 3.067707], [101.613304, 3.067707], [101.613303, 3.067566], [101.613239, 3.067551]]]}}, {"type": "Feature", "properties": {}, "geometry": {"type": "Polygon", "coordinates": [[[101.613305, 3.067716], [101.613243, 3.067717], [101.613245, 3.067877], [101.613308, 3.067893], [101.61337, 3.067893], [101.613369, 3.067732], [101.613305, 3.067716]]]}}, {"type": "Feature", "properties": {}, "geometry": {"type": "Polygon", "coordinates": [[[101.613243, 3.067717], [101.613181, 3.067717], [101.613183, 3.067878], [101.613246, 3.067894], [101.613308, 3.067893], [101.613307, 3.067732], [101.613243, 3.067717]]]}}, {"type": "Feature", "properties": {}, "geometry": {"type": "Polygon", "coordinates": [[[101.613181, 3.067717], [101.613119, 3.067717], [101.613121, 3.067878], [101.613184, 3.067894], [101.613246, 3.067894], [101.613245, 3.067733], [101.613181, 3.067717]]]}}, {"type": "Feature", "properties": {}, "geometry": {"type": "Polygon", "coordinates": [[[101.613119, 3.067717], [101.613057, 3.067718], [101.613059, 3.067879], [101.613122, 3.067895], [101.613184, 3.067894], [101.613183, 3.067733], [101.613119, 3.067717]]]}}, {"type": "Feature", "properties": {}, "geometry": {"type": "Polygon", "coordinates": [[[101.613057, 3.067718], [101.612995, 3.067718], [101.612997, 3.067879], [101.61306, 3.067895], [101.613122, 3.067895], [101.613121, 3.067734], [101.613057, 3.067718]]]}}, {"type": "Feature", "properties": {}, "geometry": {"type": "Polygon", "coordinates": [[[101.612995, 3.067718], [101.612933, 3.067719], [101.612935, 3.06788], [101.612998, 3.067896], [101.61306, 3.067895], [101.613059, 3.067734], [101.612995, 3.067718]]]}}, {"type": "Feature", "properties": {}, "geometry": {"type": "Polygon", "coordinates": [[[101.612933, 3.067719], [101.612871, 3.067719], [101.612873, 3.06788], [101.612936, 3.067896], [101.612998, 3.067896], [101.612997, 3.067735], [101.612933, 3.067719]]]}}, {"type": "Feature", "properties": {}, "geometry": {"type": "Polygon", "coordinates": [[[101.612871, 3.067719], [101.612809, 3.06772], [101.612811, 3.067881], [101.612874, 3.067896], [101.612936, 3.067896], [101.612935, 3.067735], [101.612871, 3.067719]]]}}, {"type": "Feature", "properties": {}, "geometry": {"type": "Polygon", "coordinates": [[[101.612809, 3.06772], [101.612747, 3.06772], [101.612749, 3.067881], [101.612812, 3.067897], [101.612874, 3.067896], [101.612873, 3.067736], [101.612809, 3.06772]]]}}, {"type": "Feature", "properties": {}, "geometry": {"type": "Polygon", "coordinates": [[[101.612747, 3.06772], [101.612685, 3.067721], [101.612687, 3.067882], [101.61275, 3.067897], [101.612812, 3.067897], [101.612811, 3.067736], [101.612747, 3.06772]]]}}, {"type": "Feature", "properties": {}, "geometry": {"type": "Polygon", "coordinates": [[[101.612685, 3.067721], [101.612623, 3.067721], [101.612625, 3.067882], [101.612688, 3.067898], [101.61275, 3.067897], [101.612749, 3.067737], [101.612685, 3.067721]]]}}, {"type": "Feature", "properties": {}, "geometry": {"type": "Polygon", "coordinates": [[[101.611833, 3.067559], [101.611771, 3.067559], [101.611772, 3.0677], [101.611836, 3.067716], [101.611898, 3.067716], [101.611896, 3.067575], [101.611833, 3.067559]]]}}, {"type": "Feature", "properties": {}, "geometry": {"type": "Polygon", "coordinates": [[[101.611895, 3.067558], [101.611833, 3.067559], [101.611834, 3.0677], [101.611898, 3.067716], [101.611959, 3.067715], [101.611958, 3.067574], [101.611895, 3.067558]]]}}, {"type": "Feature", "properties": {}, "geometry": {"type": "Polygon", "coordinates": [[[101.611957, 3.067558], [101.611895, 3.067558], [101.611896, 3.067699], [101.611959, 3.067715], [101.612021, 3.067715], [101.61202, 3.067573], [101.611957, 3.067558]]]}}, {"type": "Feature", "properties": {}, "geometry": {"type": "Polygon", "coordinates": [[[101.612018, 3.067557], [101.611957, 3.067558], [101.611958, 3.067699], [101.612021, 3.067715], [101.612083, 3.067714], [101.612082, 3.067573], [101.612018, 3.067557]]]}}, {"type": "Feature", "properties": {}, "geometry": {"type": "Polygon", "coordinates": [[[101.61208, 3.067556], [101.612018, 3.067557], [101.61202, 3.067698], [101.612083, 3.067714], [101.612145, 3.067713], [101.612144, 3.067572], [101.61208, 3.067556]]]}}, {"type": "Feature", "properties": {}, "geometry": {"type": "Polygon", "coordinates": [[[101.612142, 3.067556], [101.61208, 3.067556], [101.612082, 3.067698], [101.612145, 3.067713], [101.612207, 3.067713], [101.612205, 3.067572], [101.612142, 3.067556]]]}}, {"type": "Feature", "properties": {}, "geometry": {"type": "Polygon", "coordinates": [[[101.612204, 3.067555], [101.612142, 3.067556], [101.612143, 3.067697], [101.612207, 3.067713], [101.612268, 3.067712], [101.612267, 3.067571], [101.612204, 3.067555]]]}}, {"type": "Feature", "properties": {}, "geometry": {"type": "Polygon", "coordinates": [[[101.612266, 3.067555], [101.612204, 3.067555], [101.612205, 3.067696], [101.612268, 3.067712], [101.61233, 3.067712], [101.612329, 3.067571], [101.612266, 3.067555]]]}}, {"type": "Feature", "properties": {}, "geometry": {"type": "Polygon", "coordinates": [[[101.612328, 3.067554], [101.612266, 3.067555], [101.612267, 3.067696], [101.61233, 3.067712], [101.612392, 3.067711], [101.612391, 3.06757], [101.612328, 3.067554]]]}}, {"type": "Feature", "properties": {}, "geometry": {"type": "Polygon", "coordinates": [[[101.612389, 3.067554], [101.612328, 3.067554], [101.612329, 3.067695], [101.612392, 3.067711], [101.612454, 3.067711], [101.612453, 3.067569], [101.612389, 3.067554]]]}}, {"type": "Feature", "properties": {}, "geometry": {"type": "Polygon", "coordinates": [[[101.612451, 3.067553], [101.612389, 3.067554], [101.612391, 3.067695], [101.612454, 3.067711], [101.612516, 3.06771], [101.612515, 3.067569], [101.612451, 3.067553]]]}}, {"type": "Feature", "properties": {}, "geometry": {"type": "Polygon", "coordinates": [[[101.612506, 3.067714], [101.612445, 3.067715], [101.612446, 3.067877], [101.61251, 3.067893], [101.612571, 3.067892], [101.612569, 3.06773], [101.612506, 3.067714]]]}}, {"type": "Feature", "properties": {}, "geometry": {"type": "Polygon", "coordinates": [[[101.612445, 3.067715], [101.612384, 3.067715], [101.612385, 3.067877], [101.612449, 3.067893], [101.61251, 3.067893], [101.612508, 3.067731], [101.612445, 3.067715]]]}}, {"type": "Feature", "properties": {}, "geometry": {"type": "Polygon", "coordinates": [[[101.612384, 3.067715], [101.612323, 3.067716], [101.612324, 3.067878], [101.612388, 3.067893], [101.612449, 3.067893], [101.612447, 3.067731], [101.612384, 3.067715]]]}}, {"type": "Feature", "properties": {}, "geometry": {"type": "Polygon", "coordinates": [[[101.612323, 3.067716], [101.612262, 3.067716], [101.612263, 3.067878], [101.612327, 3.067894], [101.612388, 3.067893], [101.612386, 3.067732], [101.612323, 3.067716]]]}}, {"type": "Feature", "properties": {}, "geometry": {"type": "Polygon", "coordinates": [[[101.612262, 3.067716], [101.612201, 3.067717], [101.612202, 3.067879], [101.612266, 3.067894], [101.612327, 3.067894], [101.612325, 3.067732], [101.612262, 3.067716]]]}}, {"type": "Feature", "properties": {}, "geometry": {"type": "Polygon", "coordinates": [[[101.612201, 3.067717], [101.61214, 3.067717], [101.612141, 3.067879], [101.612205, 3.067895], [101.612266, 3.067894], [101.612264, 3.067733], [101.612201, 3.067717]]]}}, {"type": "Feature", "properties": {}, "geometry": {"type": "Polygon", "coordinates": [[[101.61214, 3.067717], [101.612079, 3.067718], [101.61208, 3.067879], [101.612144, 3.067895], [101.612205, 3.067895], [101.612203, 3.067733], [101.61214, 3.067717]]]}}, {"type": "Feature", "properties": {}, "geometry": {"type": "Polygon", "coordinates": [[[101.612079, 3.067718], [101.612018, 3.067718], [101.612019, 3.06788], [101.612082, 3.067896], [101.612144, 3.067895], [101.612142, 3.067734], [101.612079, 3.067718]]]}}, {"type": "Feature", "properties": {}, "geometry": {"type": "Polygon", "coordinates": [[[101.612018, 3.067718], [101.611957, 3.067719], [101.611958, 3.06788], [101.612021, 3.067896], [101.612082, 3.067896], [101.612081, 3.067734], [101.612018, 3.067718]]]}}, {"type": "Feature", "properties": {}, "geometry": {"type": "Polygon", "coordinates": [[[101.611957, 3.067719], [101.611896, 3.067719], [101.611897, 3.067881], [101.61196, 3.067897], [101.612021, 3.067896], [101.61202, 3.067735], [101.611957, 3.067719]]]}}, {"type": "Feature", "properties": {}, "geometry": {"type": "Polygon", "coordinates": [[[101.611896, 3.067719], [101.611835, 3.06772], [101.611836, 3.067881], [101.6119, 3.067897], [101.61196, 3.067897], [101.611959, 3.067735], [101.611896, 3.067719]]]}}, {"type": "Feature", "properties": {}, "geometry": {"type": "Polygon", "coordinates": [[[101.611724, 3.067721], [101.611663, 3.067721], [101.611664, 3.067882], [101.611728, 3.067898], [101.611789, 3.067898], [101.611788, 3.067737], [101.611724, 3.067721]]]}}, {"type": "Feature", "properties": {}, "geometry": {"type": "Polygon", "coordinates": [[[101.611663, 3.067721], [101.611602, 3.067722], [101.611603, 3.067883], [101.611666, 3.067899], [101.611728, 3.067898], [101.611726, 3.067737], [101.611663, 3.067721]]]}}, {"type": "Feature", "properties": {}, "geometry": {"type": "Polygon", "coordinates": [[[101.611602, 3.067722], [101.611541, 3.067722], [101.611542, 3.067883], [101.611605, 3.067899], [101.611666, 3.067899], [101.611665, 3.067737], [101.611602, 3.067722]]]}}, {"type": "Feature", "properties": {}, "geometry": {"type": "Polygon", "coordinates": [[[101.611541, 3.067722], [101.611479, 3.067723], [101.611481, 3.067884], [101.611544, 3.0679], [101.611605, 3.067899], [101.611604, 3.067738], [101.611541, 3.067722]]]}}, {"type": "Feature", "properties": {}, "geometry": {"type": "Polygon", "coordinates": [[[101.611479, 3.067723], [101.611418, 3.067723], [101.611419, 3.067884], [101.611483, 3.0679], [101.611544, 3.0679], [101.611543, 3.067738], [101.611479, 3.067723]]]}}, {"type": "Feature", "properties": {}, "geometry": {"type": "Polygon", "coordinates": [[[101.611418, 3.067723], [101.611357, 3.067723], [101.611358, 3.067885], [101.611421, 3.067901], [101.611483, 3.0679], [101.611481, 3.067739], [101.611418, 3.067723]]]}}, {"type": "Feature", "properties": {}, "geometry": {"type": "Polygon", "coordinates": [[[101.611357, 3.067723], [101.611296, 3.067724], [101.611297, 3.067885], [101.61136, 3.067901], [101.611421, 3.067901], [101.61142, 3.067739], [101.611357, 3.067723]]]}}, {"type": "Feature", "properties": {}, "geometry": {"type": "Polygon", "coordinates": [[[101.611296, 3.067724], [101.611234, 3.067724], [101.611236, 3.067886], [101.611299, 3.067902], [101.61136, 3.067901], [101.611359, 3.06774], [101.611296, 3.067724]]]}}, {"type": "Feature", "properties": {}, "geometry": {"type": "Polygon", "coordinates": [[[101.611234, 3.067724], [101.611173, 3.067725], [101.611174, 3.067886], [101.611238, 3.067902], [101.611299, 3.067902], [101.611298, 3.06774], [101.611234, 3.067724]]]}}, {"type": "Feature", "properties": {}, "geometry": {"type": "Polygon", "coordinates": [[[101.611173, 3.067725], [101.611112, 3.067725], [101.611113, 3.067887], [101.611176, 3.067903], [101.611238, 3.067902], [101.611237, 3.067741], [101.611173, 3.067725]]]}}, {"type": "Feature", "properties": {}, "geometry": {"type": "Polygon", "coordinates": [[[101.611112, 3.067725], [101.611051, 3.067726], [101.611052, 3.067887], [101.611115, 3.067903], [101.611176, 3.067903], [101.611175, 3.067741], [101.611112, 3.067725]]]}}, {"type": "Feature", "properties": {}, "geometry": {"type": "Polygon", "coordinates": [[[101.611053, 3.067559], [101.610979, 3.06756], [101.61098, 3.067699], [101.611043, 3.067715], [101.611117, 3.067714], [101.611116, 3.067575], [101.611053, 3.067559]]]}}, {"type": "Feature", "properties": {}, "geometry": {"type": "Polygon", "coordinates": [[[101.611113, 3.067558], [101.611053, 3.067559], [101.611054, 3.067698], [101.611117, 3.067714], [101.611178, 3.067713], [101.611177, 3.067574], [101.611113, 3.067558]]]}}, {"type": "Feature", "properties": {}, "geometry": {"type": "Polygon", "coordinates": [[[101.611174, 3.067558], [101.611113, 3.067558], [101.611115, 3.067698], [101.611178, 3.067713], [101.611239, 3.067713], [101.611237, 3.067574], [101.611174, 3.067558]]]}}, {"type": "Feature", "properties": {}, "geometry": {"type": "Polygon", "coordinates": [[[101.611235, 3.067557], [101.611174, 3.067558], [101.611175, 3.067697], [101.611239, 3.067713], [101.611299, 3.067712], [101.611298, 3.067573], [101.611235, 3.067557]]]}}, {"type": "Feature", "properties": {}, "geometry": {"type": "Polygon", "coordinates": [[[101.611295, 3.067557], [101.611235, 3.067557], [101.611236, 3.067696], [101.611299, 3.067712], [101.61136, 3.067712], [101.611359, 3.067573], [101.611295, 3.067557]]]}}, {"type": "Feature", "properties": {}, "geometry": {"type": "Polygon", "coordinates": [[[101.611356, 3.067556], [101.611295, 3.067557], [101.611297, 3.067696], [101.61136, 3.067712], [101.611421, 3.067711], [101.611419, 3.067572], [101.611356, 3.067556]]]}}, {"type": "Feature", "properties": {}, "geometry": {"type": "Polygon", "coordinates": [[[101.611417, 3.067556], [101.611356, 3.067556], [101.611357, 3.067695], [101.611421, 3.067711], [101.611481, 3.067711], [101.61148, 3.067572], [101.611417, 3.067556]]]}}, {"type": "Feature", "properties": {}, "geometry": {"type": "Polygon", "coordinates": [[[101.611477, 3.067555], [101.611417, 3.067556], [101.611418, 3.067695], [101.611481, 3.067711], [101.611542, 3.06771], [101.611541, 3.067571], [101.611477, 3.067555]]]}}, {"type": "Feature", "properties": {}, "geometry": {"type": "Polygon", "coordinates": [[[101.611538, 3.067554], [101.611477, 3.067555], [101.611479, 3.067694], [101.611542, 3.06771], [101.611603, 3.067709], [101.611601, 3.06757], [101.611538, 3.067554]]]}}, {"type": "Feature", "properties": {}, "geometry": {"type": "Polygon", "coordinates": [[[101.611599, 3.067554], [101.611538, 3.067554], [101.611539, 3.067694], [101.611603, 3.067709], [101.611663, 3.067709], [101.611662, 3.06757], [101.611599, 3.067554]]]}}, {"type": "Feature", "properties": {}, "geometry": {"type": "Polygon", "coordinates": [[[101.611659, 3.067553], [101.611599, 3.067554], [101.6116, 3.067693], [101.611663, 3.067709], [101.611724, 3.067708], [101.611723, 3.067569], [101.611659, 3.067553]]]}}, {"type": "Feature", "properties": {}, "geometry": {"type": "Polygon", "coordinates": [[[101.611719, 3.067188], [101.611659, 3.067188], [101.61166, 3.067329], [101.611723, 3.067345], [101.611783, 3.067345], [101.611783, 3.067203], [101.611719, 3.067188]]]}}, {"type": "Feature", "properties": {}, "geometry": {"type": "Polygon", "coordinates": [[[101.611659, 3.067188], [101.611598, 3.067188], [101.611599, 3.06733], [101.611662, 3.067345], [101.611723, 3.067345], [101.611722, 3.067204], [101.611659, 3.067188]]]}}, {"type": "Feature", "properties": {}, "geometry": {"type": "Polygon", "coordinates": [[[101.611598, 3.067188], [101.611538, 3.067189], [101.611538, 3.06733], [101.611602, 3.067346], [101.611662, 3.067345], [101.611661, 3.067204], [101.611598, 3.067188]]]}}, {"type": "Feature", "properties": {}, "geometry": {"type": "Polygon", "coordinates": [[[101.611538, 3.067189], [101.611477, 3.067189], [101.611478, 3.06733], [101.611541, 3.067346], [101.611602, 3.067346], [101.611601, 3.067204], [101.611538, 3.067189]]]}}, {"type": "Feature", "properties": {}, "geometry": {"type": "Polygon", "coordinates": [[[101.611477, 3.067189], [101.611416, 3.067189], [101.611417, 3.067331], [101.61148, 3.067346], [101.611541, 3.067346], [101.61154, 3.067205], [101.611477, 3.067189]]]}}, {"type": "Feature", "properties": {}, "geometry": {"type": "Polygon", "coordinates": [[[101.611416, 3.067189], [101.611356, 3.06719], [101.611357, 3.067331], [101.61142, 3.067347], [101.61148, 3.067346], [101.61148, 3.067205], [101.611416, 3.067189]]]}}, {"type": "Feature", "properties": {}, "geometry": {"type": "Polygon", "coordinates": [[[101.611356, 3.06719], [101.611295, 3.06719], [101.611296, 3.067331], [101.611359, 3.067347], [101.61142, 3.067347], [101.611419, 3.067206], [101.611356, 3.06719]]]}}, {"type": "Feature", "properties": {}, "geometry": {"type": "Polygon", "coordinates": [[[101.611295, 3.06719], [101.611235, 3.06719], [101.611236, 3.067332], [101.611299, 3.067347], [101.611359, 3.067347], [101.611359, 3.067206], [101.611295, 3.06719]]]}}, {"type": "Feature", "properties": {}, "geometry": {"type": "Polygon", "coordinates": [[[101.611235, 3.06719], [101.611174, 3.067191], [101.611175, 3.067332], [101.611238, 3.067348], [101.611299, 3.067347], [101.611298, 3.067206], [101.611235, 3.06719]]]}}, {"type": "Feature", "properties": {}, "geometry": {"type": "Polygon", "coordinates": [[[101.611174, 3.067191], [101.611114, 3.067191], [101.611114, 3.067332], [101.611178, 3.067348], [101.611238, 3.067348], [101.611237, 3.067207], [101.611174, 3.067191]]]}}, {"type": "Feature", "properties": {}, "geometry": {"type": "Polygon", "coordinates": [[[101.611114, 3.067191], [101.611053, 3.067191], [101.611054, 3.067333], [101.611117, 3.067349], [101.611178, 3.067348], [101.611177, 3.067207], [101.611114, 3.067191]]]}}, {"type": "Feature", "properties": {}, "geometry": {"type": "Polygon", "coordinates": [[[101.611719, 3.067008], [101.611658, 3.067009], [101.611659, 3.067144], [101.611722, 3.06716], [101.611783, 3.067159], [101.611782, 3.067024], [101.611719, 3.067008]]]}}, {"type": "Feature", "properties": {}, "geometry": {"type": "Polygon", "coordinates": [[[101.611658, 3.067009], [101.611596, 3.067009], [101.611597, 3.067144], [101.611661, 3.06716], [101.611722, 3.06716], [101.611721, 3.067024], [101.611658, 3.067009]]]}}, {"type": "Feature", "properties": {}, "geometry": {"type": "Polygon", "coordinates": [[[101.611596, 3.067009], [101.611535, 3.06701], [101.611536, 3.067145], [101.611599, 3.067161], [101.611661, 3.06716], [101.61166, 3.067025], [101.611596, 3.067009]]]}}, {"type": "Feature", "properties": {}, "geometry": {"type": "Polygon", "coordinates": [[[101.611535, 3.06701], [101.611474, 3.06701], [101.611475, 3.067146], [101.611538, 3.067161], [101.611599, 3.067161], [101.611598, 3.067026], [101.611535, 3.06701]]]}}, {"type": "Feature", "properties": {}, "geometry": {"type": "Polygon", "coordinates": [[[101.611474, 3.06701], [101.611412, 3.067011], [101.611413, 3.067146], [101.611477, 3.067162], [101.611538, 3.067161], [101.611537, 3.067026], [101.611474, 3.06701]]]}}, {"type": "Feature", "properties": {}, "geometry": {"type": "Polygon", "coordinates": [[[101.611412, 3.067011], [101.611351, 3.067011], [101.611352, 3.067147], [101.611415, 3.067162], [101.611477, 3.067162], [101.611475, 3.067027], [101.611412, 3.067011]]]}}, {"type": "Feature", "properties": {}, "geometry": {"type": "Polygon", "coordinates": [[[101.611351, 3.067011], [101.61129, 3.067012], [101.611291, 3.067147], [101.611354, 3.067163], [101.611415, 3.067162], [101.611414, 3.067027], [101.611351, 3.067011]]]}}, {"type": "Feature", "properties": {}, "geometry": {"type": "Polygon", "coordinates": [[[101.61129, 3.067012], [101.611228, 3.067013], [101.61123, 3.067148], [101.611293, 3.067164], [101.611354, 3.067163], [101.611353, 3.067028], [101.61129, 3.067012]]]}}, {"type": "Feature", "properties": {}, "geometry": {"type": "Polygon", "coordinates": [[[101.611228, 3.067013], [101.611167, 3.067013], [101.611168, 3.067148], [101.611232, 3.067164], [101.611293, 3.067164], [101.611291, 3.067028], [101.611228, 3.067013]]]}}, {"type": "Feature", "properties": {}, "geometry": {"type": "Polygon", "coordinates": [[[101.611167, 3.067013], [101.611106, 3.067014], [101.611107, 3.067149], [101.61117, 3.067165], [101.611232, 3.067164], [101.61123, 3.067029], [101.611167, 3.067013]]]}}, {"type": "Feature", "properties": {}, "geometry": {"type": "Polygon", "coordinates": [[[101.611106, 3.067014], [101.611044, 3.067014], [101.611046, 3.067149], [101.611109, 3.067165], [101.61117, 3.067165], [101.611169, 3.067029], [101.611106, 3.067014]]]}}, {"type": "Feature", "properties": {}, "geometry": {"type": "Polygon", "coordinates": [[[101.612508, 3.067179], [101.612447, 3.067179], [101.612447, 3.067331], [101.612511, 3.067347], [101.612572, 3.067347], [101.612571, 3.067195], [101.612508, 3.067179]]]}}, {"type": "Feature", "properties": {}, "geometry": {"type": "Polygon", "coordinates": [[[101.612447, 3.067179], [101.612385, 3.06718], [101.612386, 3.067332], [101.612449, 3.067348], [101.612511, 3.067347], [101.61251, 3.067195], [101.612447, 3.067179]]]}}, {"type": "Feature", "properties": {}, "geometry": {"type": "Polygon", "coordinates": [[[101.612385, 3.06718], [101.612324, 3.06718], [101.612325, 3.067332], [101.612388, 3.067348], [101.612449, 3.067348], [101.612449, 3.067196], [101.612385, 3.06718]]]}}, {"type": "Feature", "properties": {}, "geometry": {"type": "Polygon", "coordinates": [[[101.612324, 3.06718], [101.612263, 3.067181], [101.612264, 3.067333], [101.612327, 3.067348], [101.612388, 3.067348], [101.612387, 3.067196], [101.612324, 3.06718]]]}}, {"type": "Feature", "properties": {}, "geometry": {"type": "Polygon", "coordinates": [[[101.612263, 3.067181], [101.612202, 3.067181], [101.612202, 3.067333], [101.612266, 3.067349], [101.612327, 3.067348], [101.612326, 3.067196], [101.612263, 3.067181]]]}}, {"type": "Feature", "properties": {}, "geometry": {"type": "Polygon", "coordinates": [[[101.612202, 3.067181], [101.61214, 3.067181], [101.612141, 3.067333], [101.612204, 3.067349], [101.612266, 3.067349], [101.612265, 3.067197], [101.612202, 3.067181]]]}}, {"type": "Feature", "properties": {}, "geometry": {"type": "Polygon", "coordinates": [[[101.61214, 3.067181], [101.612079, 3.067182], [101.61208, 3.067334], [101.612143, 3.067349], [101.612204, 3.067349], [101.612204, 3.067197], [101.61214, 3.067181]]]}}, {"type": "Feature", "properties": {}, "geometry": {"type": "Polygon", "coordinates": [[[101.612079, 3.067182], [101.612018, 3.067182], [101.612019, 3.067334], [101.612082, 3.06735], [101.612143, 3.067349], [101.612142, 3.067197], [101.612079, 3.067182]]]}}, {"type": "Feature", "properties": {}, "geometry": {"type": "Polygon", "coordinates": [[[101.612018, 3.067182], [101.611957, 3.067182], [101.611957, 3.067334], [101.612021, 3.06735], [101.612082, 3.06735], [101.612081, 3.067198], [101.612018, 3.067182]]]}}, {"type": "Feature", "properties": {}, "geometry": {"type": "Polygon", "coordinates": [[[101.611957, 3.067182], [101.611895, 3.067183], [101.611896, 3.067335], [101.611959, 3.06735], [101.612021, 3.06735], [101.61202, 3.067198], [101.611957, 3.067182]]]}}, {"type": "Feature", "properties": {}, "geometry": {"type": "Polygon", "coordinates": [[[101.611895, 3.067183], [101.611834, 3.067183], [101.611835, 3.067335], [101.611898, 3.067351], [101.611959, 3.06735], [101.611959, 3.067198], [101.611895, 3.067183]]]}}, {"type": "Feature", "properties": {}, "geometry": {"type": "Polygon", "coordinates": [[[101.612508, 3.066999], [101.612447, 3.066999], [101.612448, 3.067142], [101.612511, 3.067157], [101.612572, 3.067157], [101.612571, 3.067014], [101.612508, 3.066999]]]}}, {"type": "Feature", "properties": {}, "geometry": {"type": "Polygon", "coordinates": [[[101.612447, 3.066999], [101.612386, 3.067], [101.612387, 3.067142], [101.61245, 3.067158], [101.612511, 3.067157], [101.61251, 3.067015], [101.612447, 3.066999]]]}}, {"type": "Feature", "properties": {}, "geometry": {"type": "Polygon", "coordinates": [[[101.612386, 3.067], [101.612324, 3.067], [101.612326, 3.067143], [101.612389, 3.067159], [101.61245, 3.067158], [101.612449, 3.067016], [101.612386, 3.067]]]}}, {"type": "Feature", "properties": {}, "geometry": {"type": "Polygon", "coordinates": [[[101.612324, 3.067], [101.612263, 3.067001], [101.612265, 3.067143], [101.612328, 3.067159], [101.612389, 3.067159], [101.612388, 3.067016], [101.612324, 3.067]]]}}, {"type": "Feature", "properties": {}, "geometry": {"type": "Polygon", "coordinates": [[[101.612263, 3.067001], [101.612202, 3.067001], [101.612204, 3.067144], [101.612267, 3.06716], [101.612328, 3.067159], [101.612327, 3.067017], [101.612263, 3.067001]]]}}, {"type": "Feature", "properties": {}, "geometry": {"type": "Polygon", "coordinates": [[[101.612202, 3.067001], [101.612141, 3.067002], [101.612143, 3.067144], [101.612206, 3.06716], [101.612267, 3.06716], [101.612266, 3.067017], [101.612202, 3.067001]]]}}, {"type": "Feature", "properties": {}, "geometry": {"type": "Polygon", "coordinates": [[[101.612141, 3.067002], [101.61208, 3.067003], [101.612082, 3.067145], [101.612145, 3.067161], [101.612206, 3.06716], [101.612205, 3.067018], [101.612141, 3.067002]]]}}, {"type": "Feature", "properties": {}, "geometry": {"type": "Polygon", "coordinates": [[[101.61208, 3.067003], [101.612019, 3.067003], [101.612021, 3.067145], [101.612084, 3.067161], [101.612145, 3.067161], [101.612144, 3.067018], [101.61208, 3.067003]]]}}, {"type": "Feature", "properties": {}, "geometry": {"type": "Polygon", "coordinates": [[[101.612019, 3.067003], [101.611958, 3.067004], [101.61196, 3.067146], [101.612023, 3.067162], [101.612084, 3.067161], [101.612083, 3.067019], [101.612019, 3.067003]]]}}, {"type": "Feature", "properties": {}, "geometry": {"type": "Polygon", "coordinates": [[[101.611958, 3.067004], [101.611897, 3.067004], [101.611899, 3.067147], [101.611962, 3.067162], [101.612023, 3.067162], [101.612022, 3.067019], [101.611958, 3.067004]]]}}, {"type": "Feature", "properties": {}, "geometry": {"type": "Polygon", "coordinates": [[[101.611897, 3.067004], [101.611836, 3.067005], [101.611838, 3.067147], [101.611901, 3.067163], [101.611962, 3.067162], [101.611961, 3.06702], [101.611897, 3.067004]]]}}, {"type": "Feature", "properties": {}, "geometry": {"type": "Polygon", "coordinates": [[[101.613306, 3.067185], [101.613244, 3.067185], [101.613245, 3.067323], [101.613308, 3.067339], [101.61337, 3.067339], [101.613369, 3.067201], [101.613306, 3.067185]]]}}, {"type": "Feature", "properties": {}, "geometry": {"type": "Polygon", "coordinates": [[[101.613244, 3.067185], [101.613182, 3.067185], [101.613183, 3.067324], [101.613246, 3.06734], [101.613308, 3.067339], [101.613307, 3.067201], [101.613244, 3.067185]]]}}, {"type": "Feature", "properties": {}, "geometry": {"type": "Polygon", "coordinates": [[[101.613182, 3.067185], [101.61312, 3.067186], [101.613121, 3.067324], [101.613184, 3.06734], [101.613246, 3.06734], [101.613245, 3.067201], [101.613182, 3.067185]]]}}, {"type": "Feature", "properties": {}, "geometry": {"type": "Polygon", "coordinates": [[[101.61312, 3.067186], [101.613059, 3.067186], [101.613059, 3.067324], [101.613123, 3.06734], [101.613184, 3.06734], [101.613184, 3.067201], [101.61312, 3.067186]]]}}, {"type": "Feature", "properties": {}, "geometry": {"type": "Polygon", "coordinates": [[[101.613059, 3.067186], [101.612997, 3.067186], [101.612998, 3.067325], [101.613061, 3.067341], [101.613123, 3.06734], [101.613122, 3.067202], [101.613059, 3.067186]]]}}, {"type": "Feature", "properties": {}, "geometry": {"type": "Polygon", "coordinates": [[[101.612997, 3.067186], [101.612935, 3.067187], [101.612936, 3.067325], [101.612999, 3.067341], [101.613061, 3.067341], [101.61306, 3.067202], [101.612997, 3.067186]]]}}, {"type": "Feature", "properties": {}, "geometry": {"type": "Polygon", "coordinates": [[[101.612935, 3.067187], [101.612873, 3.067187], [101.612874, 3.067326], [101.612937, 3.067341], [101.612999, 3.067341], [101.612998, 3.067203], [101.612935, 3.067187]]]}}, {"type": "Feature", "properties": {}, "geometry": {"type": "Polygon", "coordinates": [[[101.612873, 3.067187], [101.612811, 3.067187], [101.612812, 3.067326], [101.612875, 3.067342], [101.612937, 3.067341], [101.612936, 3.067203], [101.612873, 3.067187]]]}}, {"type": "Feature", "properties": {}, "geometry": {"type": "Polygon", "coordinates": [[[101.612811, 3.067187], [101.61275, 3.067188], [101.61275, 3.067326], [101.612814, 3.067342], [101.612875, 3.067342], [101.612875, 3.067203], [101.612811, 3.067187]]]}}, {"type": "Feature", "properties": {}, "geometry": {"type": "Polygon", "coordinates": [[[101.61275, 3.067188], [101.612688, 3.067188], [101.612689, 3.067327], [101.612752, 3.067342], [101.612814, 3.067342], [101.612813, 3.067204], [101.61275, 3.067188]]]}}, {"type": "Feature", "properties": {}, "geometry": {"type": "Polygon", "coordinates": [[[101.612688, 3.067188], [101.612626, 3.067189], [101.612627, 3.067327], [101.61269, 3.067343], [101.612752, 3.067342], [101.612751, 3.067204], [101.612688, 3.067188]]]}}, {"type": "Feature", "properties": {}, "geometry": {"type": "Polygon", "coordinates": [[[101.613301, 3.066996], [101.61324, 3.066996], [101.613242, 3.067139], [101.613305, 3.067155], [101.613366, 3.067155], [101.613365, 3.067012], [101.613301, 3.066996]]]}}, {"type": "Feature", "properties": {}, "geometry": {"type": "Polygon", "coordinates": [[[101.61324, 3.066996], [101.613179, 3.066997], [101.61318, 3.06714], [101.613244, 3.067156], [101.613305, 3.067155], [101.613304, 3.067012], [101.61324, 3.066996]]]}}, {"type": "Feature", "properties": {}, "geometry": {"type": "Polygon", "coordinates": [[[101.613179, 3.066997], [101.613118, 3.066997], [101.613119, 3.06714], [101.613182, 3.067156], [101.613244, 3.067156], [101.613242, 3.067013], [101.613179, 3.066997]]]}}, {"type": "Feature", "properties": {}, "geometry": {"type": "Polygon", "coordinates": [[[101.613118, 3.066997], [101.613056, 3.066998], [101.613058, 3.067141], [101.613121, 3.067157], [101.613182, 3.067156], [101.613181, 3.067013], [101.613118, 3.066997]]]}}, {"type": "Feature", "properties": {}, "geometry": {"type": "Polygon", "coordinates": [[[101.613056, 3.066998], [101.612995, 3.066998], [101.612997, 3.067142], [101.61306, 3.067157], [101.613121, 3.067157], [101.61312, 3.067014], [101.613056, 3.066998]]]}}, {"type": "Feature", "properties": {}, "geometry": {"type": "Polygon", "coordinates": [[[101.612995, 3.066998], [101.612934, 3.066999], [101.612935, 3.067142], [101.612999, 3.067158], [101.61306, 3.067157], [101.613058, 3.067014], [101.612995, 3.066998]]]}}, {"type": "Feature", "properties": {}, "geometry": {"type": "Polygon", "coordinates": [[[101.612934, 3.066999], [101.612873, 3.067], [101.612874, 3.067143], [101.612937, 3.067159], [101.612999, 3.067158], [101.612997, 3.067015], [101.612934, 3.066999]]]}}, {"type": "Feature", "properties": {}, "geometry": {"type": "Polygon", "coordinates": [[[101.612873, 3.067], [101.612812, 3.067], [101.612813, 3.067143], [101.612876, 3.067159], [101.612937, 3.067159], [101.612936, 3.067015], [101.612873, 3.067]]]}}, {"type": "Feature", "properties": {}, "geometry": {"type": "Polygon", "coordinates": [[[101.612812, 3.067], [101.61275, 3.067001], [101.612752, 3.067144], [101.612815, 3.06716], [101.612876, 3.067159], [101.612875, 3.067016], [101.612812, 3.067]]]}}, {"type": "Feature", "properties": {}, "geometry": {"type": "Polygon", "coordinates": [[[101.61275, 3.067001], [101.612689, 3.067001], [101.61269, 3.067144], [101.612754, 3.06716], [101.612815, 3.06716], [101.612814, 3.067016], [101.61275, 3.067001]]]}}, {"type": "Feature", "properties": {}, "geometry": {"type": "Polygon", "coordinates": [[[101.612689, 3.067001], [101.612628, 3.067002], [101.612629, 3.067145], [101.612692, 3.067161], [101.612754, 3.06716], [101.612752, 3.067017], [101.612689, 3.067001]]]}}, {"type": "Feature", "properties": {}, "geometry": {"type": "Polygon", "coordinates": [[[101.612638, 3.066635], [101.612638, 3.066696], [101.612954, 3.066775], [101.613162, 3.066775], [101.613162, 3.066714], [101.612846, 3.066635], [101.612638, 3.066635]]]}}, {"type": "Feature", "properties": {}, "geometry": {"type": "Polygon", "coordinates": [[[101.612638, 3.066573], [101.612638, 3.066635], [101.612954, 3.066714], [101.613162, 3.066714], [101.613162, 3.066652], [101.612846, 3.066573], [101.612638, 3.066573]]]}}, {"type": "Feature", "properties": {}, "geometry": {"type": "Polygon", "coordinates": [[[101.612638, 3.066512], [101.612638, 3.066573], [101.612954, 3.066652], [101.613162, 3.066652], [101.613162, 3.066591], [101.612846, 3.066512], [101.612638, 3.066512]]]}}, {"type": "Feature", "properties": {}, "geometry": {"type": "Polygon", "coordinates": [[[101.612638, 3.06645], [101.612638, 3.066512], [101.612954, 3.066591], [101.613162, 3.066591], [101.613162, 3.066529], [101.612846, 3.06645], [101.612638, 3.06645]]]}}, {"type": "Feature", "properties": {}, "geometry": {"type": "Polygon", "coordinates": [[[101.612638, 3.066389], [101.612638, 3.06645], [101.612954, 3.066529], [101.613162, 3.066529], [101.613162, 3.066468], [101.612846, 3.066389], [101.612638, 3.066389]]]}}, {"type": "Feature", "properties": {}, "geometry": {"type": "Polygon", "coordinates": [[[101.612638, 3.066327], [101.612638, 3.066389], [101.612954, 3.066468], [101.613162, 3.066468], [101.613162, 3.066406], [101.612846, 3.066327], [101.612638, 3.066327]]]}}, {"type": "Feature", "properties": {}, "geometry": {"type": "Polygon", "coordinates": [[[101.612638, 3.066266], [101.612638, 3.066327], [101.612954, 3.066406], [101.613162, 3.066406], [101.613162, 3.066345], [101.612846, 3.066266], [101.612638, 3.066266]]]}}, {"type": "Feature", "properties": {}, "geometry": {"type": "Polygon", "coordinates": [[[101.612638, 3.066204], [101.612638, 3.066266], [101.612954, 3.066345], [101.613162, 3.066345], [101.613162, 3.066283], [101.612846, 3.066204], [101.612638, 3.066204]]]}}, {"type": "Feature", "properties": {}, "geometry": {"type": "Polygon", "coordinates": [[[101.612638, 3.066143], [101.612638, 3.066204], [101.612954, 3.066283], [101.613162, 3.066283], [101.613162, 3.066222], [101.612846, 3.066143], [101.612638, 3.066143]]]}}, {"type": "Feature", "properties": {}, "geometry": {"type": "Polygon", "coordinates": [[[101.612893, 3.066631], [101.612893, 3.066692], [101.613209, 3.066771], [101.613415, 3.066771], [101.613415, 3.06671], [101.613099, 3.066631], [101.612893, 3.066631]]]}}, {"type": "Feature", "properties": {}, "geometry": {"type": "Polygon", "coordinates": [[[101.612893, 3.06657], [101.612893, 3.066631], [101.613209, 3.06671], [101.613415, 3.06671], [101.613415, 3.066649], [101.613099, 3.06657], [101.612893, 3.06657]]]}}, {"type": "Feature", "properties": {}, "geometry": {"type": "Polygon", "coordinates": [[[101.612893, 3.066508], [101.612893, 3.06657], [101.613209, 3.066649], [101.613415, 3.066649], [101.613415, 3.066588], [101.613099, 3.066508], [101.612893, 3.066508]]]}}, {"type": "Feature", "properties": {}, "geometry": {"type": "Polygon", "coordinates": [[[101.612893, 3.066447], [101.612893, 3.066508], [101.613209, 3.066588], [101.613415, 3.066588], [101.613415, 3.066526], [101.613099, 3.066447], [101.612893, 3.066447]]]}}, {"type": "Feature", "properties": {}, "geometry": {"type": "Polygon", "coordinates": [[[101.612893, 3.066386], [101.612893, 3.066447], [101.613209, 3.066526], [101.613415, 3.066526], [101.613415, 3.066465], [101.613099, 3.066386], [101.612893, 3.066386]]]}}, {"type": "Feature", "properties": {}, "geometry": {"type": "Polygon", "coordinates": [[[101.612893, 3.066325], [101.612893, 3.066386], [101.613209, 3.066465], [101.613415, 3.066465], [101.613415, 3.066404], [101.613099, 3.066325], [101.612893, 3.066325]]]}}, {"type": "Feature", "properties": {}, "geometry": {"type": "Polygon", "coordinates": [[[101.612893, 3.066264], [101.612893, 3.066325], [101.613209, 3.066404], [101.613415, 3.066404], [101.613415, 3.066343], [101.613099, 3.066264], [101.612893, 3.066264]]]}}, {"type": "Feature", "properties": {}, "geometry": {"type": "Polygon", "coordinates": [[[101.612893, 3.066202], [101.612893, 3.066264], [101.613209, 3.066343], [101.613415, 3.066343], [101.613415, 3.066282], [101.613099, 3.066202], [101.612893, 3.066202]]]}}, {"type": "Feature", "properties": {}, "geometry": {"type": "Polygon", "coordinates": [[[101.612893, 3.066141], [101.612893, 3.066202], [101.613209, 3.066282], [101.613415, 3.066282], [101.613415, 3.06622], [101.613099, 3.066141], [101.612893, 3.066141]]]}}, {"type": "Feature", "properties": {}, "geometry": {"type": "Polygon", "coordinates": [[[101.611714, 3.06659], [101.611653, 3.06659], [101.611654, 3.06675], [101.611718, 3.066766], [101.611778, 3.066766], [101.611777, 3.066606], [101.611714, 3.06659]]]}}, {"type": "Feature", "properties": {}, "geometry": {"type": "Polygon", "coordinates": [[[101.611653, 3.06659], [101.611592, 3.066591], [101.611594, 3.066751], [101.611657, 3.066767], [101.611718, 3.066766], [101.611716, 3.066606], [101.611653, 3.06659]]]}}, {"type": "Feature", "properties": {}, "geometry": {"type": "Polygon", "coordinates": [[[101.611592, 3.066591], [101.611531, 3.066592], [101.611533, 3.066751], [101.611596, 3.066767], [101.611657, 3.066767], [101.611655, 3.066607], [101.611592, 3.066591]]]}}, {"type": "Feature", "properties": {}, "geometry": {"type": "Polygon", "coordinates": [[[101.611531, 3.066592], [101.611471, 3.066592], [101.611472, 3.066752], [101.611536, 3.066768], [101.611596, 3.066767], [101.611595, 3.066607], [101.611531, 3.066592]]]}}, {"type": "Feature", "properties": {}, "geometry": {"type": "Polygon", "coordinates": [[[101.611471, 3.066592], [101.61141, 3.066593], [101.611412, 3.066753], [101.611475, 3.066768], [101.611536, 3.066768], [101.611534, 3.066608], [101.611471, 3.066592]]]}}, {"type": "Feature", "properties": {}, "geometry": {"type": "Polygon", "coordinates": [[[101.61141, 3.066593], [101.611349, 3.066593], [101.611351, 3.066753], [101.611414, 3.066769], [101.611475, 3.066768], [101.611473, 3.066609], [101.61141, 3.066593]]]}}, {"type": "Feature", "properties": {}, "geometry": {"type": "Polygon", "coordinates": [[[101.611349, 3.066593], [101.611289, 3.066594], [101.61129, 3.066754], [101.611353, 3.066769], [101.611414, 3.066769], [101.611413, 3.066609], [101.611349, 3.066593]]]}}, {"type": "Feature", "properties": {}, "geometry": {"type": "Polygon", "coordinates": [[[101.611289, 3.066594], [101.611228, 3.066594], [101.611229, 3.066754], [101.611293, 3.06677], [101.611353, 3.066769], [101.611352, 3.06661], [101.611289, 3.066594]]]}}, {"type": "Feature", "properties": {}, "geometry": {"type": "Polygon", "coordinates": [[[101.611228, 3.066594], [101.611167, 3.066595], [101.611169, 3.066755], [101.611232, 3.066771], [101.611293, 3.06677], [101.611291, 3.06661], [101.611228, 3.066594]]]}}, {"type": "Feature", "properties": {}, "geometry": {"type": "Polygon", "coordinates": [[[101.611167, 3.066595], [101.611107, 3.066595], [101.611108, 3.066755], [101.611171, 3.066771], [101.611232, 3.066771], [101.611231, 3.066611], [101.611167, 3.066595]]]}}, {"type": "Feature", "properties": {}, "geometry": {"type": "Polygon", "coordinates": [[[101.611107, 3.066595], [101.611046, 3.066596], [101.611047, 3.066756], [101.61111, 3.066772], [101.611171, 3.066771], [101.61117, 3.066611], [101.611107, 3.066595]]]}}, {"type": "Feature", "properties": {}, "geometry": {"type": "Polygon", "coordinates": [[[101.611715, 3.066421], [101.611654, 3.066422], [101.611655, 3.066574], [101.611718, 3.06659], [101.611779, 3.066589], [101.611778, 3.066437], [101.611715, 3.066421]]]}}, {"type": "Feature", "properties": {}, "geometry": {"type": "Polygon", "coordinates": [[[101.611654, 3.066422], [101.611593, 3.066422], [101.611594, 3.066574], [101.611658, 3.06659], [101.611718, 3.06659], [101.611717, 3.066438], [101.611654, 3.066422]]]}}, {"type": "Feature", "properties": {}, "geometry": {"type": "Polygon", "coordinates": [[[101.611593, 3.066422], [101.611532, 3.066423], [101.611534, 3.066575], [101.611597, 3.066591], [101.611658, 3.06659], [101.611656, 3.066438], [101.611593, 3.066422]]]}}, {"type": "Feature", "properties": {}, "geometry": {"type": "Polygon", "coordinates": [[[101.611532, 3.066423], [101.611472, 3.066423], [101.611473, 3.066575], [101.611536, 3.066591], [101.611597, 3.066591], [101.611596, 3.066439], [101.611532, 3.066423]]]}}, {"type": "Feature", "properties": {}, "geometry": {"type": "Polygon", "coordinates": [[[101.611472, 3.066423], [101.611411, 3.066424], [101.611412, 3.066576], [101.611475, 3.066592], [101.611536, 3.066591], [101.611535, 3.066439], [101.611472, 3.066423]]]}}, {"type": "Feature", "properties": {}, "geometry": {"type": "Polygon", "coordinates": [[[101.611411, 3.066424], [101.61135, 3.066424], [101.611351, 3.066576], [101.611415, 3.066592], [101.611475, 3.066592], [101.611474, 3.06644], [101.611411, 3.066424]]]}}, {"type": "Feature", "properties": {}, "geometry": {"type": "Polygon", "coordinates": [[[101.61135, 3.066424], [101.611289, 3.066425], [101.611291, 3.066577], [101.611354, 3.066593], [101.611415, 3.066592], [101.611413, 3.06644], [101.61135, 3.066424]]]}}, {"type": "Feature", "properties": {}, "geometry": {"type": "Polygon", "coordinates": [[[101.611289, 3.066425], [101.611228, 3.066426], [101.61123, 3.066577], [101.611293, 3.066593], [101.611354, 3.066593], [101.611352, 3.066441], [101.611289, 3.066425]]]}}, {"type": "Feature", "properties": {}, "geometry": {"type": "Polygon", "coordinates": [[[101.611228, 3.066426], [101.611168, 3.066426], [101.611169, 3.066578], [101.611232, 3.066594], [101.611293, 3.066593], [101.611292, 3.066441], [101.611228, 3.066426]]]}}, {"type": "Feature", "properties": {}, "geometry": {"type": "Polygon", "coordinates": [[[101.611168, 3.066426], [101.611107, 3.066427], [101.611108, 3.066579], [101.611171, 3.066594], [101.611232, 3.066594], [101.611231, 3.066442], [101.611168, 3.066426]]]}}, {"type": "Feature", "properties": {}, "geometry": {"type": "Polygon", "coordinates": [[[101.611107, 3.066427], [101.611046, 3.066427], [101.611047, 3.066579], [101.611111, 3.066595], [101.611171, 3.066594], [101.61117, 3.066442], [101.611107, 3.066427]]]}}, {"type": "Feature", "properties": {}, "geometry": {"type": "Polygon", "coordinates": [[[101.612135, 3.066584], [101.612073, 3.066585], [101.612075, 3.066742], [101.612138, 3.066758], [101.612199, 3.066758], [101.612198, 3.0666], [101.612135, 3.066584]]]}}, {"type": "Feature", "properties": {}, "geometry": {"type": "Polygon", "coordinates": [[[101.612073, 3.066585], [101.612012, 3.066585], [101.612014, 3.066743], [101.612077, 3.066759], [101.612138, 3.066758], [101.612137, 3.066601], [101.612073, 3.066585]]]}}, {"type": "Feature", "properties": {}, "geometry": {"type": "Polygon", "coordinates": [[[101.612012, 3.066585], [101.611951, 3.066586], [101.611953, 3.066743], [101.612016, 3.066759], [101.612077, 3.066759], [101.612076, 3.066601], [101.612012, 3.066585]]]}}, {"type": "Feature", "properties": {}, "geometry": {"type": "Polygon", "coordinates": [[[101.611951, 3.066586], [101.61189, 3.066587], [101.611892, 3.066744], [101.611955, 3.06676], [101.612016, 3.066759], [101.612015, 3.066602], [101.611951, 3.066586]]]}}, {"type": "Feature", "properties": {}, "geometry": {"type": "Polygon", "coordinates": [[[101.61189, 3.066587], [101.611829, 3.066587], [101.611831, 3.066745], [101.611894, 3.06676], [101.611955, 3.06676], [101.611954, 3.066602], [101.61189, 3.066587]]]}}, {"type": "Feature", "properties": {}, "geometry": {"type": "Polygon", "coordinates": [[[101.612135, 3.066425], [101.612073, 3.066426], [101.612075, 3.066569], [101.612138, 3.066585], [101.612199, 3.066584], [101.612198, 3.066441], [101.612135, 3.066425]]]}}, {"type": "Feature", "properties": {}, "geometry": {"type": "Polygon", "coordinates": [[[101.612073, 3.066426], [101.612012, 3.066426], [101.612013, 3.06657], [101.612076, 3.066586], [101.612138, 3.066585], [101.612136, 3.066442], [101.612073, 3.066426]]]}}, {"type": "Feature", "properties": {}, "geometry": {"type": "Polygon", "coordinates": [[[101.612012, 3.066426], [101.61195, 3.066427], [101.611952, 3.06657], [101.612015, 3.066586], [101.612076, 3.066586], [101.612075, 3.066442], [101.612012, 3.066426]]]}}, {"type": "Feature", "properties": {}, "geometry": {"type": "Polygon", "coordinates": [[[101.61195, 3.066427], [101.611889, 3.066428], [101.61189, 3.066571], [101.611953, 3.066587], [101.612015, 3.066586], [101.612014, 3.066443], [101.61195, 3.066427]]]}}, {"type": "Feature", "properties": {}, "geometry": {"type": "Polygon", "coordinates": [[[101.611889, 3.066428], [101.611828, 3.066428], [101.611829, 3.066572], [101.611892, 3.066587], [101.611953, 3.066587], [101.611952, 3.066443], [101.611889, 3.066428]]]}}, {"type": "Feature", "properties": {}, "geometry": {"type": "Polygon", "coordinates": [[[101.611658, 3.06588], [101.611657, 3.066019], [101.611721, 3.066035], [101.611782, 3.066035], [101.611783, 3.065896], [101.611719, 3.06588], [101.611658, 3.06588]]]}}, {"type": "Feature", "properties": {}, "geometry": {"type": "Polygon", "coordinates": [[[101.611597, 3.06588], [101.611596, 3.066018], [101.61166, 3.066034], [101.611721, 3.066035], [101.611722, 3.065896], [101.611658, 3.06588], [101.611597, 3.06588]]]}}, {"type": "Feature", "properties": {}, "geometry": {"type": "Polygon", "coordinates": [[[101.611536, 3.065879], [101.611535, 3.066018], [101.611598, 3.066034], [101.61166, 3.066034], [101.61166, 3.065895], [101.611597, 3.06588], [101.611536, 3.065879]]]}}, {"type": "Feature", "properties": {}, "geometry": {"type": "Polygon", "coordinates": [[[101.611475, 3.065879], [101.611474, 3.066018], [101.611538, 3.066033], [101.611598, 3.066034], [101.611599, 3.065895], [101.611536, 3.065879], [101.611475, 3.065879]]]}}, {"type": "Feature", "properties": {}, "geometry": {"type": "Polygon", "coordinates": [[[101.611414, 3.065878], [101.611413, 3.066017], [101.611477, 3.066033], [101.611538, 3.066033], [101.611538, 3.065895], [101.611475, 3.065879], [101.611414, 3.065878]]]}}, {"type": "Feature", "properties": {}, "geometry": {"type": "Polygon", "coordinates": [[[101.611353, 3.065878], [101.611352, 3.066017], [101.611416, 3.066032], [101.611477, 3.066033], [101.611478, 3.065894], [101.611414, 3.065878], [101.611353, 3.065878]]]}}, {"type": "Feature", "properties": {}, "geometry": {"type": "Polygon", "coordinates": [[[101.611292, 3.065877], [101.611291, 3.066016], [101.611355, 3.066032], [101.611416, 3.066032], [101.611417, 3.065894], [101.611353, 3.065878], [101.611292, 3.065877]]]}}, {"type": "Feature", "properties": {}, "geometry": {"type": "Polygon", "coordinates": [[[101.611231, 3.065877], [101.61123, 3.066016], [101.611294, 3.066032], [101.611355, 3.066032], [101.611356, 3.065893], [101.611292, 3.065877], [101.611231, 3.065877]]]}}, {"type": "Feature", "properties": {}, "geometry": {"type": "Polygon", "coordinates": [[[101.61117, 3.065877], [101.611169, 3.066015], [101.611233, 3.066031], [101.611294, 3.066032], [101.611295, 3.065893], [101.611231, 3.065877], [101.61117, 3.065877]]]}}, {"type": "Feature", "properties": {}, "geometry": {"type": "Polygon", "coordinates": [[[101.611109, 3.065876], [101.611108, 3.066015], [101.611172, 3.066031], [101.611233, 3.066031], [101.611234, 3.065892], [101.61117, 3.065877], [101.611109, 3.065876]]]}}, {"type": "Feature", "properties": {}, "geometry": {"type": "Polygon", "coordinates": [[[101.61098, 3.065875], [101.610979, 3.066014], [101.611042, 3.06603], [101.611111, 3.06603], [101.611112, 3.065892], [101.611048, 3.065876], [101.61098, 3.065875]]]}}, {"type": "Feature", "properties": {}, "geometry": {"type": "Polygon", "coordinates": [[[101.612324, 3.066036], [101.612262, 3.066037], [101.612264, 3.066197], [101.612327, 3.066213], [101.612388, 3.066212], [101.612387, 3.066052], [101.612324, 3.066036]]]}}, {"type": "Feature", "properties": {}, "geometry": {"type": "Polygon", "coordinates": [[[101.612262, 3.066037], [101.612201, 3.066038], [101.612202, 3.066197], [101.612265, 3.066213], [101.612327, 3.066213], [101.612325, 3.066053], [101.612262, 3.066037]]]}}, {"type": "Feature", "properties": {}, "geometry": {"type": "Polygon", "coordinates": [[[101.612201, 3.066038], [101.612139, 3.066038], [101.61214, 3.066198], [101.612204, 3.066214], [101.612265, 3.066213], [101.612264, 3.066053], [101.612201, 3.066038]]]}}, {"type": "Feature", "properties": {}, "geometry": {"type": "Polygon", "coordinates": [[[101.612139, 3.066038], [101.612077, 3.066039], [101.612079, 3.066198], [101.612142, 3.066214], [101.612204, 3.066214], [101.612202, 3.066054], [101.612139, 3.066038]]]}}, {"type": "Feature", "properties": {}, "geometry": {"type": "Polygon", "coordinates": [[[101.612077, 3.066039], [101.612016, 3.066039], [101.612017, 3.066199], [101.612081, 3.066215], [101.612142, 3.066214], [101.612141, 3.066054], [101.612077, 3.066039]]]}}, {"type": "Feature", "properties": {}, "geometry": {"type": "Polygon", "coordinates": [[[101.612016, 3.066039], [101.611954, 3.06604], [101.611956, 3.0662], [101.612019, 3.066215], [101.612081, 3.066215], [101.612079, 3.066055], [101.612016, 3.066039]]]}}, {"type": "Feature", "properties": {}, "geometry": {"type": "Polygon", "coordinates": [[[101.611954, 3.06604], [101.611893, 3.06604], [101.611894, 3.0662], [101.611957, 3.066216], [101.612019, 3.066215], [101.612017, 3.066056], [101.611954, 3.06604]]]}}, {"type": "Feature", "properties": {}, "geometry": {"type": "Polygon", "coordinates": [[[101.611893, 3.06604], [101.611831, 3.066041], [101.611832, 3.066201], [101.611896, 3.066217], [101.611957, 3.066216], [101.611956, 3.066056], [101.611893, 3.06604]]]}}, {"type": "Feature", "properties": {}, "geometry": {"type": "Polygon", "coordinates": [[[101.61183, 3.065874], [101.611769, 3.065874], [101.61177, 3.066012], [101.611833, 3.066028], [101.611894, 3.066027], [101.611893, 3.06589], [101.61183, 3.065874]]]}}, {"type": "Feature", "properties": {}, "geometry": {"type": "Polygon", "coordinates": [[[101.611891, 3.065873], [101.61183, 3.065874], [101.611831, 3.066011], [101.611894, 3.066027], [101.611955, 3.066027], [101.611954, 3.065889], [101.611891, 3.065873]]]}}, {"type": "Feature", "properties": {}, "geometry": {"type": "Polygon", "coordinates": [[[101.611952, 3.065873], [101.611891, 3.065873], [101.611892, 3.066011], [101.611955, 3.066027], [101.612016, 3.066026], [101.612015, 3.065889], [101.611952, 3.065873]]]}}, {"type": "Feature", "properties": {}, "geometry": {"type": "Polygon", "coordinates": [[[101.612013, 3.065872], [101.611952, 3.065873], [101.611953, 3.06601], [101.612016, 3.066026], [101.612077, 3.066025], [101.612076, 3.065888], [101.612013, 3.065872]]]}}, {"type": "Feature", "properties": {}, "geometry": {"type": "Polygon", "coordinates": [[[101.612074, 3.065872], [101.612013, 3.065872], [101.612014, 3.06601], [101.612077, 3.066025], [101.612139, 3.066025], [101.612137, 3.065888], [101.612074, 3.065872]]]}}, {"type": "Feature", "properties": {}, "geometry": {"type": "Polygon", "coordinates": [[[101.612135, 3.065871], [101.612074, 3.065872], [101.612075, 3.066009], [101.612139, 3.066025], [101.6122, 3.066024], [101.612198, 3.065887], [101.612135, 3.065871]]]}}, {"type": "Feature", "properties": {}, "geometry": {"type": "Polygon", "coordinates": [[[101.612196, 3.065871], [101.612135, 3.065871], [101.612136, 3.066008], [101.6122, 3.066024], [101.612261, 3.066024], [101.612259, 3.065886], [101.612196, 3.065871]]]}}, {"type": "Feature", "properties": {}, "geometry": {"type": "Polygon", "coordinates": [[[101.612257, 3.06587], [101.612196, 3.065871], [101.612198, 3.066008], [101.612261, 3.066024], [101.612322, 3.066023], [101.612321, 3.065886], [101.612257, 3.06587]]]}}, {"type": "Feature", "properties": {}, "geometry": {"type": "Polygon", "coordinates": [[[101.611721, 3.066039], [101.61166, 3.066039], [101.611661, 3.066201], [101.611724, 3.066217], [101.611786, 3.066217], [101.611785, 3.066055], [101.611721, 3.066039]]]}}, {"type": "Feature", "properties": {}, "geometry": {"type": "Polygon", "coordinates": [[[101.61166, 3.066039], [101.611598, 3.06604], [101.6116, 3.066202], [101.611663, 3.066218], [101.611724, 3.066217], [101.611723, 3.066055], [101.61166, 3.066039]]]}}, {"type": "Feature", "properties": {}, "geometry": {"type": "Polygon", "coordinates": [[[101.611598, 3.06604], [101.611537, 3.066041], [101.611538, 3.066202], [101.611601, 3.066218], [101.611663, 3.066218], [101.611661, 3.066056], [101.611598, 3.06604]]]}}, {"type": "Feature", "properties": {}, "geometry": {"type": "Polygon", "coordinates": [[[101.611537, 3.066041], [101.611475, 3.066041], [101.611477, 3.066203], [101.61154, 3.066219], [101.611601, 3.066218], [101.6116, 3.066056], [101.611537, 3.066041]]]}}, {"type": "Feature", "properties": {}, "geometry": {"type": "Polygon", "coordinates": [[[101.611475, 3.066041], [101.611414, 3.066042], [101.611415, 3.066204], [101.611478, 3.066219], [101.61154, 3.066219], [101.611538, 3.066057], [101.611475, 3.066041]]]}}, {"type": "Feature", "properties": {}, "geometry": {"type": "Polygon", "coordinates": [[[101.611414, 3.066042], [101.611352, 3.066042], [101.611353, 3.066204], [101.611417, 3.06622], [101.611478, 3.066219], [101.611477, 3.066057], [101.611414, 3.066042]]]}}, {"type": "Feature", "properties": {}, "geometry": {"type": "Polygon", "coordinates": [[[101.611352, 3.066042], [101.61129, 3.066043], [101.611292, 3.066205], [101.611355, 3.066221], [101.611417, 3.06622], [101.611415, 3.066058], [101.611352, 3.066042]]]}}, {"type": "Feature", "properties": {}, "geometry": {"type": "Polygon", "coordinates": [[[101.61129, 3.066043], [101.611229, 3.066043], [101.61123, 3.066205], [101.611294, 3.066221], [101.611355, 3.066221], [101.611354, 3.066059], [101.61129, 3.066043]]]}}, {"type": "Feature", "properties": {}, "geometry": {"type": "Polygon", "coordinates": [[[101.611229, 3.066043], [101.611167, 3.066044], [101.611169, 3.066206], [101.611232, 3.066222], [101.611294, 3.066221], [101.611292, 3.066059], [101.611229, 3.066043]]]}}, {"type": "Feature", "properties": {}, "geometry": {"type": "Polygon", "coordinates": [[[101.611167, 3.066044], [101.611106, 3.066044], [101.611107, 3.066206], [101.611171, 3.066222], [101.611232, 3.066222], [101.611231, 3.06606], [101.611167, 3.066044]]]}}, {"type": "Feature", "properties": {}, "geometry": {"type": "Polygon", "coordinates": [[[101.611106, 3.066044], [101.611044, 3.066045], [101.611046, 3.066207], [101.611109, 3.066223], [101.611171, 3.066222], [101.611169, 3.06606], [101.611106, 3.066044]]]}}, {"type": "Feature", "properties": {}, "geometry": {"type": "Polygon", "coordinates": [[[101.615017, 3.074031], [101.614954, 3.074031], [101.614955, 3.074249], [101.615073, 3.074278], [101.615135, 3.074278], [101.615135, 3.074061], [101.615017, 3.074031]]]}}, {"type": "Feature", "properties": {}, "geometry": {"type": "Polygon", "coordinates": [[[101.614954, 3.074031], [101.614892, 3.074031], [101.614892, 3.074249], [101.615011, 3.074278], [101.615073, 3.074278], [101.615073, 3.074061], [101.614954, 3.074031]]]}}, {"type": "Feature", "properties": {}, "geometry": {"type": "Polygon", "coordinates": [[[101.614892, 3.074031], [101.61483, 3.074031], [101.61483, 3.074249], [101.614949, 3.074279], [101.615011, 3.074278], [101.615011, 3.074061], [101.614892, 3.074031]]]}}, {"type": "Feature", "properties": {}, "geometry": {"type": "Polygon", "coordinates": [[[101.615016, 3.073768], [101.614954, 3.073769], [101.614954, 3.073992], [101.615073, 3.074021], [101.615135, 3.074021], [101.615134, 3.073798], [101.615016, 3.073768]]]}}, {"type": "Feature", "properties": {}, "geometry": {"type": "Polygon", "coordinates": [[[101.614954, 3.073769], [101.614892, 3.073769], [101.614893, 3.073992], [101.615011, 3.074021], [101.615073, 3.074021], [101.615073, 3.073798], [101.614954, 3.073769]]]}}, {"type": "Feature", "properties": {}, "geometry": {"type": "Polygon", "coordinates": [[[101.614892, 3.073769], [101.614831, 3.073769], [101.614831, 3.073992], [101.614949, 3.074021], [101.615011, 3.074021], [101.615011, 3.073798], [101.614892, 3.073769]]]}}, {"type": "Feature", "properties": {}, "geometry": {"type": "Polygon", "coordinates": [[[101.614877, 3.073347], [101.614822, 3.073347], [101.614822, 3.073491], [101.614885, 3.073506], [101.61494, 3.073506], [101.61494, 3.073363], [101.614877, 3.073347]]]}}, {"type": "Feature", "properties": {}, "geometry": {"type": "Polygon", "coordinates": [[[101.614877, 3.073347], [101.614877, 3.07349], [101.61494, 3.073506], [101.614996, 3.073506], [101.614996, 3.073363], [101.614932, 3.073347], [101.614877, 3.073347]]]}}, {"type": "Feature", "properties": {}, "geometry": {"type": "Polygon", "coordinates": [[[101.614988, 3.073347], [101.614932, 3.073347], [101.614933, 3.07349], [101.614996, 3.073506], [101.615051, 3.073506], [101.615051, 3.073363], [101.614988, 3.073347]]]}}, {"type": "Feature", "properties": {}, "geometry": {"type": "Polygon", "coordinates": [[[101.615043, 3.073347], [101.614988, 3.073347], [101.614988, 3.07349], [101.615051, 3.073506], [101.615107, 3.073506], [101.615106, 3.073363], [101.615043, 3.073347]]]}}, {"type": "Feature", "properties": {}, "geometry": {"type": "Polygon", "coordinates": [[[101.615039, 3.073171], [101.614984, 3.073171], [101.614984, 3.073331], [101.615048, 3.073347], [101.615103, 3.073347], [101.615103, 3.073186], [101.615039, 3.073171]]]}}, {"type": "Feature", "properties": {}, "geometry": {"type": "Polygon", "coordinates": [[[101.614984, 3.073171], [101.614929, 3.073171], [101.614929, 3.073331], [101.614993, 3.073347], [101.615048, 3.073347], [101.615047, 3.073186], [101.614984, 3.073171]]]}}, {"type": "Feature", "properties": {}, "geometry": {"type": "Polygon", "coordinates": [[[101.614929, 3.073171], [101.614874, 3.073171], [101.614874, 3.073331], [101.614937, 3.073347], [101.614993, 3.073347], [101.614992, 3.073187], [101.614929, 3.073171]]]}}, {"type": "Feature", "properties": {}, "geometry": {"type": "Polygon", "coordinates": [[[101.614878, 3.072844], [101.614823, 3.072844], [101.614823, 3.072986], [101.614886, 3.073001], [101.614941, 3.073001], [101.614941, 3.07286], [101.614878, 3.072844]]]}}, {"type": "Feature", "properties": {}, "geometry": {"type": "Polygon", "coordinates": [[[101.614932, 3.072844], [101.614878, 3.072844], [101.614878, 3.072986], [101.614941, 3.073001], [101.614996, 3.073001], [101.614995, 3.07286], [101.614932, 3.072844]]]}}, {"type": "Feature", "properties": {}, "geometry": {"type": "Polygon", "coordinates": [[[101.614987, 3.072844], [101.614932, 3.072844], [101.614932, 3.072985], [101.614996, 3.073001], [101.61505, 3.073001], [101.61505, 3.072859], [101.614987, 3.072844]]]}}, {"type": "Feature", "properties": {}, "geometry": {"type": "Polygon", "coordinates": [[[101.615041, 3.072844], [101.614987, 3.072844], [101.614987, 3.072985], [101.61505, 3.073001], [101.615105, 3.073001], [101.615105, 3.072859], [101.615041, 3.072844]]]}}, {"type": "Feature", "properties": {}, "geometry": {"type": "Polygon", "coordinates": [[[101.61504, 3.07267], [101.614985, 3.07267], [101.614985, 3.072827], [101.615049, 3.072843], [101.615104, 3.072843], [101.615104, 3.072686], [101.61504, 3.07267]]]}}, {"type": "Feature", "properties": {}, "geometry": {"type": "Polygon", "coordinates": [[[101.614985, 3.07267], [101.61493, 3.07267], [101.61493, 3.072827], [101.614993, 3.072843], [101.615049, 3.072843], [101.615048, 3.072686], [101.614985, 3.07267]]]}}, {"type": "Feature", "properties": {}, "geometry": {"type": "Polygon", "coordinates": [[[101.61493, 3.07267], [101.614874, 3.07267], [101.614875, 3.072827], [101.614938, 3.072843], [101.614993, 3.072843], [101.614993, 3.072686], [101.61493, 3.07267]]]}}, {"type": "Feature", "properties": {}, "geometry": {"type": "Polygon", "coordinates": [[[101.614872, 3.072348], [101.614816, 3.072348], [101.614816, 3.072489], [101.61488, 3.072505], [101.614935, 3.072505], [101.614935, 3.072364], [101.614872, 3.072348]]]}}, {"type": "Feature", "properties": {}, "geometry": {"type": "Polygon", "coordinates": [[[101.614927, 3.072348], [101.614872, 3.072348], [101.614872, 3.072489], [101.614935, 3.072505], [101.61499, 3.072504], [101.61499, 3.072364], [101.614927, 3.072348]]]}}, {"type": "Feature", "properties": {}, "geometry": {"type": "Polygon", "coordinates": [[[101.614982, 3.072348], [101.614927, 3.072348], [101.614927, 3.072489], [101.61499, 3.072504], [101.615046, 3.072504], [101.615046, 3.072364], [101.614982, 3.072348]]]}}, {"type": "Feature", "properties": {}, "geometry": {"type": "Polygon", "coordinates": [[[101.615038, 3.072348], [101.614982, 3.072348], [101.614983, 3.072489], [101.615046, 3.072504], [101.615101, 3.072504], [101.615101, 3.072364], [101.615038, 3.072348]]]}}, {"type": "Feature", "properties": {}, "geometry": {"type": "Polygon", "coordinates": [[[101.615038, 3.072171], [101.614982, 3.072171], [101.614982, 3.072327], [101.615045, 3.072343], [101.615101, 3.072342], [101.615101, 3.072187], [101.615038, 3.072171]]]}}, {"type": "Feature", "properties": {}, "geometry": {"type": "Polygon", "coordinates": [[[101.614982, 3.072171], [101.614926, 3.072171], [101.614926, 3.072327], [101.61499, 3.072343], [101.615045, 3.072343], [101.615045, 3.072187], [101.614982, 3.072171]]]}}, {"type": "Feature", "properties": {}, "geometry": {"type": "Polygon", "coordinates": [[[101.614926, 3.072171], [101.614871, 3.072172], [101.614871, 3.072327], [101.614934, 3.072343], [101.61499, 3.072343], [101.614989, 3.072187], [101.614926, 3.072171]]]}}, {"type": "Feature", "properties": {}, "geometry": {"type": "Polygon", "coordinates": [[[101.614874, 3.071847], [101.6148, 3.071847], [101.6148, 3.071992], [101.614864, 3.072008], [101.614938, 3.072008], [101.614937, 3.071863], [101.614874, 3.071847]]]}}, {"type": "Feature", "properties": {}, "geometry": {"type": "Polygon", "coordinates": [[[101.614874, 3.071847], [101.614874, 3.071992], [101.614938, 3.072008], [101.614993, 3.072008], [101.614993, 3.071863], [101.61493, 3.071847], [101.614874, 3.071847]]]}}, {"type": "Feature", "properties": {}, "geometry": {"type": "Polygon", "coordinates": [[[101.614985, 3.071847], [101.61493, 3.071847], [101.61493, 3.071992], [101.614993, 3.072008], [101.615048, 3.072008], [101.615048, 3.071863], [101.614985, 3.071847]]]}}, {"type": "Feature", "properties": {}, "geometry": {"type": "Polygon", "coordinates": [[[101.61504, 3.071847], [101.614985, 3.071847], [101.614985, 3.071992], [101.615048, 3.072008], [101.615104, 3.072008], [101.615103, 3.071863], [101.61504, 3.071847]]]}}, {"type": "Feature", "properties": {}, "geometry": {"type": "Polygon", "coordinates": [[[101.615039, 3.071676], [101.614984, 3.071676], [101.614984, 3.071822], [101.615048, 3.071837], [101.615103, 3.071837], [101.615103, 3.071691], [101.615039, 3.071676]]]}}, {"type": "Feature", "properties": {}, "geometry": {"type": "Polygon", "coordinates": [[[101.614984, 3.071676], [101.614929, 3.071676], [101.614929, 3.071822], [101.614993, 3.071838], [101.615048, 3.071837], [101.615047, 3.071692], [101.614984, 3.071676]]]}}, {"type": "Feature", "properties": {}, "geometry": {"type": "Polygon", "coordinates": [[[101.614929, 3.071676], [101.614874, 3.071676], [101.614874, 3.071822], [101.614937, 3.071838], [101.614993, 3.071838], [101.614992, 3.071692], [101.614929, 3.071676]]]}}, {"type": "Feature", "properties": {}, "geometry": {"type": "Polygon", "coordinates": [[[101.614586, 3.073896], [101.614532, 3.073896], [101.614533, 3.074036], [101.614596, 3.074052], [101.614651, 3.074052], [101.61465, 3.073912], [101.614586, 3.073896]]]}}, {"type": "Feature", "properties": {}, "geometry": {"type": "Polygon", "coordinates": [[[101.614532, 3.073896], [101.614477, 3.073897], [101.614478, 3.074037], [101.614541, 3.074052], [101.614596, 3.074052], [101.614595, 3.073912], [101.614532, 3.073896]]]}}, {"type": "Feature", "properties": {}, "geometry": {"type": "Polygon", "coordinates": [[[101.614477, 3.073897], [101.614422, 3.073897], [101.614423, 3.074037], [101.614486, 3.074053], [101.614541, 3.074052], [101.61454, 3.073913], [101.614477, 3.073897]]]}}, {"type": "Feature", "properties": {}, "geometry": {"type": "Polygon", "coordinates": [[[101.614422, 3.073897], [101.614367, 3.073898], [101.614368, 3.074037], [101.614431, 3.074053], [101.614486, 3.074053], [101.614485, 3.073913], [101.614422, 3.073897]]]}}, {"type": "Feature", "properties": {}, "geometry": {"type": "Polygon", "coordinates": [[[101.614367, 3.073898], [101.614312, 3.073898], [101.614313, 3.074038], [101.614377, 3.074054], [101.614431, 3.074053], [101.61443, 3.073914], [101.614367, 3.073898]]]}}, {"type": "Feature", "properties": {}, "geometry": {"type": "Polygon", "coordinates": [[[101.614312, 3.073898], [101.614257, 3.073899], [101.614258, 3.074038], [101.614322, 3.074054], [101.614377, 3.074054], [101.614375, 3.073914], [101.614312, 3.073898]]]}}, {"type": "Feature", "properties": {}, "geometry": {"type": "Polygon", "coordinates": [[[101.614257, 3.073899], [101.614203, 3.073899], [101.614204, 3.074039], [101.614267, 3.074055], [101.614322, 3.074054], [101.614321, 3.073914], [101.614257, 3.073899]]]}}, {"type": "Feature", "properties": {}, "geometry": {"type": "Polygon", "coordinates": [[[101.614203, 3.073899], [101.614148, 3.073899], [101.614149, 3.074039], [101.614212, 3.074055], [101.614267, 3.074055], [101.614266, 3.073915], [101.614203, 3.073899]]]}}, {"type": "Feature", "properties": {}, "geometry": {"type": "Polygon", "coordinates": [[[101.614252, 3.074065], [101.614252, 3.074207], [101.614315, 3.074223], [101.614372, 3.074223], [101.614371, 3.074081], [101.614308, 3.074065], [101.614252, 3.074065]]]}}, {"type": "Feature", "properties": {}, "geometry": {"type": "Polygon", "coordinates": [[[101.614364, 3.074065], [101.614308, 3.074065], [101.614308, 3.074207], [101.614372, 3.074223], [101.614428, 3.074222], [101.614428, 3.074081], [101.614364, 3.074065]]]}}, {"type": "Feature", "properties": {}, "geometry": {"type": "Polygon", "coordinates": [[[101.614421, 3.074065], [101.614364, 3.074065], [101.614365, 3.074207], [101.614428, 3.074222], [101.614484, 3.074222], [101.614484, 3.074081], [101.614421, 3.074065]]]}}, {"type": "Feature", "properties": {}, "geometry": {"type": "Polygon", "coordinates": [[[101.614477, 3.074065], [101.614421, 3.074065], [101.614421, 3.074207], [101.614484, 3.074222], [101.614541, 3.074222], [101.61454, 3.074081], [101.614477, 3.074065]]]}}, {"type": "Feature", "properties": {}, "geometry": {"type": "Polygon", "coordinates": [[[101.614533, 3.074065], [101.614477, 3.074065], [101.614477, 3.074207], [101.614541, 3.074222], [101.614597, 3.074222], [101.614597, 3.07408], [101.614533, 3.074065]]]}}, {"type": "Feature", "properties": {}, "geometry": {"type": "Polygon", "coordinates": [[[101.613867, 3.073565], [101.613813, 3.073566], [101.613813, 3.073709], [101.613877, 3.073724], [101.613931, 3.073724], [101.61393, 3.073581], [101.613867, 3.073565]]]}}, {"type": "Feature", "properties": {}, "geometry": {"type": "Polygon", "coordinates": [[[101.613921, 3.073565], [101.613867, 3.073565], [101.613867, 3.073709], [101.613931, 3.073724], [101.613985, 3.073724], [101.613984, 3.073581], [101.613921, 3.073565]]]}}, {"type": "Feature", "properties": {}, "geometry": {"type": "Polygon", "coordinates": [[[101.613975, 3.073565], [101.613921, 3.073565], [101.613921, 3.073708], [101.613985, 3.073724], [101.614039, 3.073724], [101.614038, 3.073581], [101.613975, 3.073565]]]}}, {"type": "Feature", "properties": {}, "geometry": {"type": "Polygon", "coordinates": [[[101.613975, 3.073565], [101.613975, 3.073708], [101.614039, 3.073724], [101.614093, 3.073724], [101.614092, 3.073581], [101.614029, 3.073565], [101.613975, 3.073565]]]}}, {"type": "Feature", "properties": {}, "geometry": {"type": "Polygon", "coordinates": [[[101.614083, 3.073565], [101.614029, 3.073565], [101.614029, 3.073708], [101.614093, 3.073724], [101.614147, 3.073724], [101.614146, 3.073581], [101.614083, 3.073565]]]}}, {"type": "Feature", "properties": {}, "geometry": {"type": "Polygon", "coordinates": [[[101.614137, 3.073565], [101.614083, 3.073565], [101.614083, 3.073708], [101.614147, 3.073724], [101.614201, 3.073724], [101.6142, 3.073581], [101.614137, 3.073565]]]}}, {"type": "Feature", "properties": {}, "geometry": {"type": "Polygon", "coordinates": [[[101.614191, 3.073565], [101.614137, 3.073565], [101.614137, 3.073708], [101.614201, 3.073724], [101.614255, 3.073724], [101.614255, 3.073581], [101.614191, 3.073565]]]}}, {"type": "Feature", "properties": {}, "geometry": {"type": "Polygon", "coordinates": [[[101.614191, 3.073565], [101.614192, 3.073708], [101.614255, 3.073724], [101.614309, 3.073724], [101.614309, 3.073581], [101.614245, 3.073565], [101.614191, 3.073565]]]}}, {"type": "Feature", "properties": {}, "geometry": {"type": "Polygon", "coordinates": [[[101.614299, 3.073565], [101.614245, 3.073565], [101.614246, 3.073708], [101.614309, 3.073724], [101.614363, 3.073724], [101.614363, 3.073581], [101.614299, 3.073565]]]}}, {"type": "Feature", "properties": {}, "geometry": {"type": "Polygon", "coordinates": [[[101.614353, 3.073565], [101.614299, 3.073565], [101.6143, 3.073708], [101.614363, 3.073724], [101.614417, 3.073724], [101.614417, 3.073581], [101.614353, 3.073565]]]}}, {"type": "Feature", "properties": {}, "geometry": {"type": "Polygon", "coordinates": [[[101.614407, 3.073565], [101.614353, 3.073565], [101.614354, 3.073708], [101.614417, 3.073724], [101.614471, 3.073724], [101.614471, 3.07358], [101.614407, 3.073565]]]}}, {"type": "Feature", "properties": {}, "geometry": {"type": "Polygon", "coordinates": [[[101.614407, 3.073565], [101.614408, 3.073708], [101.614471, 3.073724], [101.614525, 3.073724], [101.614525, 3.07358], [101.614461, 3.073565], [101.614407, 3.073565]]]}}, {"type": "Feature", "properties": {}, "geometry": {"type": "Polygon", "coordinates": [[[101.614515, 3.073565], [101.614461, 3.073565], [101.614462, 3.073708], [101.614525, 3.073724], [101.614579, 3.073723], [101.614579, 3.07358], [101.614515, 3.073565]]]}}, {"type": "Feature", "properties": {}, "geometry": {"type": "Polygon", "coordinates": [[[101.61458, 3.073399], [101.614525, 3.073399], [101.614525, 3.073538], [101.614588, 3.073554], [101.614644, 3.073553], [101.614643, 3.073415], [101.61458, 3.073399]]]}}, {"type": "Feature", "properties": {}, "geometry": {"type": "Polygon", "coordinates": [[[101.61447, 3.073399], [101.61447, 3.073538], [101.614533, 3.073554], [101.614588, 3.073554], [101.614588, 3.073415], [101.614525, 3.073399], [101.61447, 3.073399]]]}}, {"type": "Feature", "properties": {}, "geometry": {"type": "Polygon", "coordinates": [[[101.61447, 3.073399], [101.614414, 3.073399], [101.614415, 3.073538], [101.614478, 3.073554], [101.614533, 3.073554], [101.614533, 3.073415], [101.61447, 3.073399]]]}}, {"type": "Feature", "properties": {}, "geometry": {"type": "Polygon", "coordinates": [[[101.614414, 3.073399], [101.614359, 3.073399], [101.614359, 3.073538], [101.614423, 3.073554], [101.614478, 3.073554], [101.614478, 3.073415], [101.614414, 3.073399]]]}}, {"type": "Feature", "properties": {}, "geometry": {"type": "Polygon", "coordinates": [[[101.614359, 3.073399], [101.614304, 3.073399], [101.614304, 3.073538], [101.614367, 3.073554], [101.614423, 3.073554], [101.614422, 3.073415], [101.614359, 3.073399]]]}}, {"type": "Feature", "properties": {}, "geometry": {"type": "Polygon", "coordinates": [[[101.614304, 3.073399], [101.614249, 3.073399], [101.614249, 3.073538], [101.614312, 3.073554], [101.614367, 3.073554], [101.614367, 3.073415], [101.614304, 3.073399]]]}}, {"type": "Feature", "properties": {}, "geometry": {"type": "Polygon", "coordinates": [[[101.614249, 3.073399], [101.614193, 3.073399], [101.614194, 3.073538], [101.614257, 3.073554], [101.614312, 3.073554], [101.614312, 3.073415], [101.614249, 3.073399]]]}}, {"type": "Feature", "properties": {}, "geometry": {"type": "Polygon", "coordinates": [[[101.614193, 3.073399], [101.614138, 3.073399], [101.614138, 3.073538], [101.614201, 3.073554], [101.614257, 3.073554], [101.614257, 3.073415], [101.614193, 3.073399]]]}}, {"type": "Feature", "properties": {}, "geometry": {"type": "Polygon", "coordinates": [[[101.614083, 3.073399], [101.614083, 3.073538], [101.614146, 3.073554], [101.614201, 3.073554], [101.614201, 3.073415], [101.614138, 3.073399], [101.614083, 3.073399]]]}}, {"type": "Feature", "properties": {}, "geometry": {"type": "Polygon", "coordinates": [[[101.614083, 3.073399], [101.614027, 3.0734], [101.614028, 3.073538], [101.614091, 3.073554], [101.614146, 3.073554], [101.614146, 3.073415], [101.614083, 3.073399]]]}}, {"type": "Feature", "properties": {}, "geometry": {"type": "Polygon", "coordinates": [[[101.614027, 3.0734], [101.613972, 3.0734], [101.613972, 3.073539], [101.614036, 3.073554], [101.614091, 3.073554], [101.614091, 3.073415], [101.614027, 3.0734]]]}}, {"type": "Feature", "properties": {}, "geometry": {"type": "Polygon", "coordinates": [[[101.613972, 3.0734], [101.613917, 3.0734], [101.613917, 3.073539], [101.61398, 3.073555], [101.614036, 3.073554], [101.614035, 3.073415], [101.613972, 3.0734]]]}}, {"type": "Feature", "properties": {}, "geometry": {"type": "Polygon", "coordinates": [[[101.613917, 3.0734], [101.613862, 3.0734], [101.613862, 3.073539], [101.613925, 3.073555], [101.61398, 3.073555], [101.61398, 3.073416], [101.613917, 3.0734]]]}}, {"type": "Feature", "properties": {}, "geometry": {"type": "Polygon", "coordinates": [[[101.61381, 3.073066], [101.613811, 3.073209], [101.613874, 3.073225], [101.613929, 3.073225], [101.613929, 3.073082], [101.613865, 3.073066], [101.61381, 3.073066]]]}}, {"type": "Feature", "properties": {}, "geometry": {"type": "Polygon", "coordinates": [[[101.613921, 3.073066], [101.613865, 3.073066], [101.613866, 3.073209], [101.613929, 3.073225], [101.613984, 3.073225], [101.613984, 3.073082], [101.613921, 3.073066]]]}}, {"type": "Feature", "properties": {}, "geometry": {"type": "Polygon", "coordinates": [[[101.613976, 3.073066], [101.613921, 3.073066], [101.613921, 3.073209], [101.613984, 3.073225], [101.614039, 3.073225], [101.614039, 3.073082], [101.613976, 3.073066]]]}}, {"type": "Feature", "properties": {}, "geometry": {"type": "Polygon", "coordinates": [[[101.614031, 3.073066], [101.613976, 3.073066], [101.613976, 3.073209], [101.614039, 3.073225], [101.614094, 3.073225], [101.614094, 3.073082], [101.614031, 3.073066]]]}}, {"type": "Feature", "properties": {}, "geometry": {"type": "Polygon", "coordinates": [[[101.614086, 3.073066], [101.614031, 3.073066], [101.614031, 3.073209], [101.614094, 3.073225], [101.614149, 3.073225], [101.614149, 3.073082], [101.614086, 3.073066]]]}}, {"type": "Feature", "properties": {}, "geometry": {"type": "Polygon", "coordinates": [[[101.614086, 3.073066], [101.614086, 3.073209], [101.614149, 3.073225], [101.614204, 3.073225], [101.614204, 3.073082], [101.614141, 3.073066], [101.614086, 3.073066]]]}}, {"type": "Feature", "properties": {}, "geometry": {"type": "Polygon", "coordinates": [[[101.614196, 3.073066], [101.614141, 3.073066], [101.614141, 3.073209], [101.614204, 3.073225], [101.61426, 3.073224], [101.614259, 3.073082], [101.614196, 3.073066]]]}}, {"type": "Feature", "properties": {}, "geometry": {"type": "Polygon", "coordinates": [[[101.614251, 3.073066], [101.614196, 3.073066], [101.614196, 3.073209], [101.61426, 3.073224], [101.614315, 3.073224], [101.614314, 3.073081], [101.614251, 3.073066]]]}}, {"type": "Feature", "properties": {}, "geometry": {"type": "Polygon", "coordinates": [[[101.614306, 3.073066], [101.614251, 3.073066], [101.614251, 3.073209], [101.614315, 3.073224], [101.61437, 3.073224], [101.614369, 3.073081], [101.614306, 3.073066]]]}}, {"type": "Feature", "properties": {}, "geometry": {"type": "Polygon", "coordinates": [[[101.614361, 3.073065], [101.614306, 3.073066], [101.614306, 3.073208], [101.61437, 3.073224], [101.614425, 3.073224], [101.614424, 3.073081], [101.614361, 3.073065]]]}}, {"type": "Feature", "properties": {}, "geometry": {"type": "Polygon", "coordinates": [[[101.614361, 3.073065], [101.614361, 3.073208], [101.614425, 3.073224], [101.61448, 3.073224], [101.61448, 3.073081], [101.614416, 3.073065], [101.614361, 3.073065]]]}}, {"type": "Feature", "properties": {}, "geometry": {"type": "Polygon", "coordinates": [[[101.614471, 3.073065], [101.614416, 3.073065], [101.614417, 3.073208], [101.61448, 3.073224], [101.614535, 3.073224], [101.614535, 3.073081], [101.614471, 3.073065]]]}}, {"type": "Feature", "properties": {}, "geometry": {"type": "Polygon", "coordinates": [[[101.614526, 3.073065], [101.614471, 3.073065], [101.614472, 3.073208], [101.614535, 3.073224], [101.61459, 3.073224], [101.61459, 3.073081], [101.614526, 3.073065]]]}}, {"type": "Feature", "properties": {}, "geometry": {"type": "Polygon", "coordinates": [[[101.614579, 3.072895], [101.614524, 3.072895], [101.614524, 3.073041], [101.614587, 3.073057], [101.614642, 3.073057], [101.614642, 3.072911], [101.614579, 3.072895]]]}}, {"type": "Feature", "properties": {}, "geometry": {"type": "Polygon", "coordinates": [[[101.614524, 3.072895], [101.614469, 3.072895], [101.614469, 3.073041], [101.614532, 3.073057], [101.614587, 3.073057], [101.614587, 3.072911], [101.614524, 3.072895]]]}}, {"type": "Feature", "properties": {}, "geometry": {"type": "Polygon", "coordinates": [[[101.614413, 3.072895], [101.614414, 3.073041], [101.614477, 3.073057], [101.614532, 3.073057], [101.614532, 3.072911], [101.614469, 3.072895], [101.614413, 3.072895]]]}}, {"type": "Feature", "properties": {}, "geometry": {"type": "Polygon", "coordinates": [[[101.614413, 3.072895], [101.614358, 3.072895], [101.614358, 3.073041], [101.614422, 3.073057], [101.614477, 3.073057], [101.614477, 3.072911], [101.614413, 3.072895]]]}}, {"type": "Feature", "properties": {}, "geometry": {"type": "Polygon", "coordinates": [[[101.614358, 3.072895], [101.614303, 3.072895], [101.614303, 3.073041], [101.614367, 3.073057], [101.614422, 3.073057], [101.614421, 3.072911], [101.614358, 3.072895]]]}}, {"type": "Feature", "properties": {}, "geometry": {"type": "Polygon", "coordinates": [[[101.614303, 3.072895], [101.614248, 3.072895], [101.614248, 3.073041], [101.614311, 3.073057], [101.614367, 3.073057], [101.614366, 3.072911], [101.614303, 3.072895]]]}}, {"type": "Feature", "properties": {}, "geometry": {"type": "Polygon", "coordinates": [[[101.614248, 3.072895], [101.614193, 3.072896], [101.614193, 3.073041], [101.614256, 3.073057], [101.614311, 3.073057], [101.614311, 3.072911], [101.614248, 3.072895]]]}}, {"type": "Feature", "properties": {}, "geometry": {"type": "Polygon", "coordinates": [[[101.614193, 3.072896], [101.614137, 3.072896], [101.614138, 3.073041], [101.614201, 3.073057], [101.614256, 3.073057], [101.614256, 3.072911], [101.614193, 3.072896]]]}}, {"type": "Feature", "properties": {}, "geometry": {"type": "Polygon", "coordinates": [[[101.614137, 3.072896], [101.614082, 3.072896], [101.614083, 3.073042], [101.614146, 3.073057], [101.614201, 3.073057], [101.614201, 3.072912], [101.614137, 3.072896]]]}}, {"type": "Feature", "properties": {}, "geometry": {"type": "Polygon", "coordinates": [[[101.614082, 3.072896], [101.614027, 3.072896], [101.614027, 3.073042], [101.614091, 3.073057], [101.614146, 3.073057], [101.614146, 3.072912], [101.614082, 3.072896]]]}}, {"type": "Feature", "properties": {}, "geometry": {"type": "Polygon", "coordinates": [[[101.613972, 3.072896], [101.613972, 3.073042], [101.614035, 3.073057], [101.614091, 3.073057], [101.61409, 3.072912], [101.614027, 3.072896], [101.613972, 3.072896]]]}}, {"type": "Feature", "properties": {}, "geometry": {"type": "Polygon", "coordinates": [[[101.613972, 3.072896], [101.613917, 3.072896], [101.613917, 3.073042], [101.61398, 3.073058], [101.614035, 3.073057], [101.614035, 3.072912], [101.613972, 3.072896]]]}}, {"type": "Feature", "properties": {}, "geometry": {"type": "Polygon", "coordinates": [[[101.613917, 3.072896], [101.613862, 3.072896], [101.613862, 3.073042], [101.613925, 3.073058], [101.61398, 3.073058], [101.61398, 3.072912], [101.613917, 3.072896]]]}}, {"type": "Feature", "properties": {}, "geometry": {"type": "Polygon", "coordinates": [[[101.613857, 3.072568], [101.613802, 3.072568], [101.613803, 3.07271], [101.613866, 3.072726], [101.613921, 3.072726], [101.613921, 3.072584], [101.613857, 3.072568]]]}}, {"type": "Feature", "properties": {}, "geometry": {"type": "Polygon", "coordinates": [[[101.613857, 3.072568], [101.613858, 3.07271], [101.613921, 3.072726], [101.613976, 3.072726], [101.613976, 3.072584], [101.613913, 3.072568], [101.613857, 3.072568]]]}}, {"type": "Feature", "properties": {}, "geometry": {"type": "Polygon", "coordinates": [[[101.613968, 3.072568], [101.613913, 3.072568], [101.613913, 3.07271], [101.613976, 3.072726], [101.614031, 3.072726], [101.614031, 3.072584], [101.613968, 3.072568]]]}}, {"type": "Feature", "properties": {}, "geometry": {"type": "Polygon", "coordinates": [[[101.614023, 3.072568], [101.613968, 3.072568], [101.613968, 3.07271], [101.614031, 3.072726], [101.614086, 3.072726], [101.614086, 3.072584], [101.614023, 3.072568]]]}}, {"type": "Feature", "properties": {}, "geometry": {"type": "Polygon", "coordinates": [[[101.614078, 3.072568], [101.614023, 3.072568], [101.614023, 3.07271], [101.614086, 3.072726], [101.614141, 3.072725], [101.614141, 3.072584], [101.614078, 3.072568]]]}}, {"type": "Feature", "properties": {}, "geometry": {"type": "Polygon", "coordinates": [[[101.614133, 3.072568], [101.614078, 3.072568], [101.614078, 3.07271], [101.614141, 3.072725], [101.614196, 3.072725], [101.614196, 3.072584], [101.614133, 3.072568]]]}}, {"type": "Feature", "properties": {}, "geometry": {"type": "Polygon", "coordinates": [[[101.614133, 3.072568], [101.614133, 3.072709], [101.614196, 3.072725], [101.614251, 3.072725], [101.614251, 3.072584], [101.614188, 3.072568], [101.614133, 3.072568]]]}}, {"type": "Feature", "properties": {}, "geometry": {"type": "Polygon", "coordinates": [[[101.614243, 3.072568], [101.614188, 3.072568], [101.614188, 3.072709], [101.614251, 3.072725], [101.614306, 3.072725], [101.614306, 3.072584], [101.614243, 3.072568]]]}}, {"type": "Feature", "properties": {}, "geometry": {"type": "Polygon", "coordinates": [[[101.614298, 3.072568], [101.614243, 3.072568], [101.614243, 3.072709], [101.614306, 3.072725], [101.614362, 3.072725], [101.614361, 3.072583], [101.614298, 3.072568]]]}}, {"type": "Feature", "properties": {}, "geometry": {"type": "Polygon", "coordinates": [[[101.614353, 3.072568], [101.614298, 3.072568], [101.614298, 3.072709], [101.614362, 3.072725], [101.614417, 3.072725], [101.614416, 3.072583], [101.614353, 3.072568]]]}}, {"type": "Feature", "properties": {}, "geometry": {"type": "Polygon", "coordinates": [[[101.614408, 3.072567], [101.614353, 3.072568], [101.614353, 3.072709], [101.614417, 3.072725], [101.614472, 3.072725], [101.614471, 3.072583], [101.614408, 3.072567]]]}}, {"type": "Feature", "properties": {}, "geometry": {"type": "Polygon", "coordinates": [[[101.614408, 3.072567], [101.614408, 3.072709], [101.614472, 3.072725], [101.614527, 3.072725], [101.614527, 3.072583], [101.614463, 3.072567], [101.614408, 3.072567]]]}}, {"type": "Feature", "properties": {}, "geometry": {"type": "Polygon", "coordinates": [[[101.614518, 3.072567], [101.614463, 3.072567], [101.614464, 3.072709], [101.614527, 3.072725], [101.614582, 3.072725], [101.614582, 3.072583], [101.614518, 3.072567]]]}}, {"type": "Feature", "properties": {}, "geometry": {"type": "Polygon", "coordinates": [[[101.614572, 3.0724], [101.614517, 3.0724], [101.614517, 3.072548], [101.614581, 3.072564], [101.614636, 3.072564], [101.614635, 3.072415], [101.614572, 3.0724]]]}}, {"type": "Feature", "properties": {}, "geometry": {"type": "Polygon", "coordinates": [[[101.614517, 3.0724], [101.614462, 3.0724], [101.614462, 3.072548], [101.614525, 3.072564], [101.614581, 3.072564], [101.61458, 3.072415], [101.614517, 3.0724]]]}}, {"type": "Feature", "properties": {}, "geometry": {"type": "Polygon", "coordinates": [[[101.614462, 3.0724], [101.614407, 3.0724], [101.614407, 3.072548], [101.61447, 3.072564], [101.614525, 3.072564], [101.614525, 3.072416], [101.614462, 3.0724]]]}}, {"type": "Feature", "properties": {}, "geometry": {"type": "Polygon", "coordinates": [[[101.614407, 3.0724], [101.614352, 3.0724], [101.614352, 3.072548], [101.614415, 3.072564], [101.61447, 3.072564], [101.61447, 3.072416], [101.614407, 3.0724]]]}}, {"type": "Feature", "properties": {}, "geometry": {"type": "Polygon", "coordinates": [[[101.614352, 3.0724], [101.614297, 3.0724], [101.614297, 3.072548], [101.61436, 3.072564], [101.614415, 3.072564], [101.614415, 3.072416], [101.614352, 3.0724]]]}}, {"type": "Feature", "properties": {}, "geometry": {"type": "Polygon", "coordinates": [[[101.614297, 3.0724], [101.614242, 3.0724], [101.614242, 3.072548], [101.614305, 3.072564], [101.61436, 3.072564], [101.61436, 3.072416], [101.614297, 3.0724]]]}}, {"type": "Feature", "properties": {}, "geometry": {"type": "Polygon", "coordinates": [[[101.614187, 3.0724], [101.614187, 3.072548], [101.61425, 3.072564], [101.614305, 3.072564], [101.614305, 3.072416], [101.614242, 3.0724], [101.614187, 3.0724]]]}}, {"type": "Feature", "properties": {}, "geometry": {"type": "Polygon", "coordinates": [[[101.614187, 3.0724], [101.614132, 3.0724], [101.614132, 3.072548], [101.614195, 3.072564], [101.61425, 3.072564], [101.61425, 3.072416], [101.614187, 3.0724]]]}}, {"type": "Feature", "properties": {}, "geometry": {"type": "Polygon", "coordinates": [[[101.614132, 3.0724], [101.614076, 3.0724], [101.614077, 3.072548], [101.61414, 3.072564], [101.614195, 3.072564], [101.614195, 3.072416], [101.614132, 3.0724]]]}}, {"type": "Feature", "properties": {}, "geometry": {"type": "Polygon", "coordinates": [[[101.614076, 3.0724], [101.614021, 3.0724], [101.614022, 3.072549], [101.614085, 3.072564], [101.61414, 3.072564], [101.61414, 3.072416], [101.614076, 3.0724]]]}}, {"type": "Feature", "properties": {}, "geometry": {"type": "Polygon", "coordinates": [[[101.614021, 3.0724], [101.613966, 3.072401], [101.613967, 3.072549], [101.61403, 3.072564], [101.614085, 3.072564], [101.614085, 3.072416], [101.614021, 3.0724]]]}}, {"type": "Feature", "properties": {}, "geometry": {"type": "Polygon", "coordinates": [[[101.613966, 3.072401], [101.613911, 3.072401], [101.613911, 3.072549], [101.613975, 3.072564], [101.61403, 3.072564], [101.61403, 3.072416], [101.613966, 3.072401]]]}}, {"type": "Feature", "properties": {}, "geometry": {"type": "Polygon", "coordinates": [[[101.613911, 3.072401], [101.613856, 3.072401], [101.613856, 3.072549], [101.61392, 3.072565], [101.613975, 3.072564], [101.613974, 3.072417], [101.613911, 3.072401]]]}}, {"type": "Feature", "properties": {}, "geometry": {"type": "Polygon", "coordinates": [[[101.613857, 3.072066], [101.613802, 3.072066], [101.613803, 3.07221], [101.613866, 3.072226], [101.61392, 3.072226], [101.61392, 3.072082], [101.613857, 3.072066]]]}}, {"type": "Feature", "properties": {}, "geometry": {"type": "Polygon", "coordinates": [[[101.613912, 3.072066], [101.613857, 3.072066], [101.613857, 3.07221], [101.61392, 3.072226], [101.613975, 3.072226], [101.613975, 3.072082], [101.613912, 3.072066]]]}}, {"type": "Feature", "properties": {}, "geometry": {"type": "Polygon", "coordinates": [[[101.613966, 3.072066], [101.613912, 3.072066], [101.613912, 3.07221], [101.613975, 3.072226], [101.61403, 3.072226], [101.614029, 3.072082], [101.613966, 3.072066]]]}}, {"type": "Feature", "properties": {}, "geometry": {"type": "Polygon", "coordinates": [[[101.614021, 3.072066], [101.613966, 3.072066], [101.613966, 3.07221], [101.61403, 3.072226], [101.614084, 3.072226], [101.614084, 3.072082], [101.614021, 3.072066]]]}}, {"type": "Feature", "properties": {}, "geometry": {"type": "Polygon", "coordinates": [[[101.614075, 3.072066], [101.614021, 3.072066], [101.614021, 3.07221], [101.614084, 3.072226], [101.614139, 3.072226], [101.614139, 3.072081], [101.614075, 3.072066]]]}}, {"type": "Feature", "properties": {}, "geometry": {"type": "Polygon", "coordinates": [[[101.614075, 3.072066], [101.614076, 3.07221], [101.614139, 3.072226], [101.614193, 3.072226], [101.614193, 3.072081], [101.61413, 3.072066], [101.614075, 3.072066]]]}}, {"type": "Feature", "properties": {}, "geometry": {"type": "Polygon", "coordinates": [[[101.614185, 3.072066], [101.61413, 3.072066], [101.61413, 3.07221], [101.614193, 3.072226], [101.614248, 3.072226], [101.614248, 3.072081], [101.614185, 3.072066]]]}}, {"type": "Feature", "properties": {}, "geometry": {"type": "Polygon", "coordinates": [[[101.614239, 3.072065], [101.614185, 3.072066], [101.614185, 3.07221], [101.614248, 3.072226], [101.614303, 3.072225], [101.614302, 3.072081], [101.614239, 3.072065]]]}}, {"type": "Feature", "properties": {}, "geometry": {"type": "Polygon", "coordinates": [[[101.614294, 3.072065], [101.614239, 3.072065], [101.614239, 3.07221], [101.614303, 3.072225], [101.614357, 3.072225], [101.614357, 3.072081], [101.614294, 3.072065]]]}}, {"type": "Feature", "properties": {}, "geometry": {"type": "Polygon", "coordinates": [[[101.614348, 3.072065], [101.614294, 3.072065], [101.614294, 3.07221], [101.614357, 3.072225], [101.614412, 3.072225], [101.614412, 3.072081], [101.614348, 3.072065]]]}}, {"type": "Feature", "properties": {}, "geometry": {"type": "Polygon", "coordinates": [[[101.614348, 3.072065], [101.614349, 3.072209], [101.614412, 3.072225], [101.614467, 3.072225], [101.614466, 3.072081], [101.614403, 3.072065], [101.614348, 3.072065]]]}}, {"type": "Feature", "properties": {}, "geometry": {"type": "Polygon", "coordinates": [[[101.614458, 3.072065], [101.614403, 3.072065], [101.614403, 3.072209], [101.614467, 3.072225], [101.614521, 3.072225], [101.614521, 3.072081], [101.614458, 3.072065]]]}}, {"type": "Feature", "properties": {}, "geometry": {"type": "Polygon", "coordinates": [[[101.614512, 3.072065], [101.614458, 3.072065], [101.614458, 3.072209], [101.614521, 3.072225], [101.614576, 3.072225], [101.614576, 3.072081], [101.614512, 3.072065]]]}}, {"type": "Feature", "properties": {}, "geometry": {"type": "Polygon", "coordinates": [[[101.614571, 3.071894], [101.614516, 3.071894], [101.614516, 3.072046], [101.614579, 3.072061], [101.614634, 3.072061], [101.614634, 3.071909], [101.614571, 3.071894]]]}}, {"type": "Feature", "properties": {}, "geometry": {"type": "Polygon", "coordinates": [[[101.61446, 3.071894], [101.614461, 3.072046], [101.614524, 3.072062], [101.614579, 3.072061], [101.614579, 3.071909], [101.614516, 3.071894], [101.61446, 3.071894]]]}}, {"type": "Feature", "properties": {}, "geometry": {"type": "Polygon", "coordinates": [[[101.61446, 3.071894], [101.614405, 3.071894], [101.614406, 3.072046], [101.614469, 3.072062], [101.614524, 3.072062], [101.614524, 3.071909], [101.61446, 3.071894]]]}}, {"type": "Feature", "properties": {}, "geometry": {"type": "Polygon", "coordinates": [[[101.614405, 3.071894], [101.61435, 3.071894], [101.61435, 3.072046], [101.614414, 3.072062], [101.614469, 3.072062], [101.614469, 3.07191], [101.614405, 3.071894]]]}}, {"type": "Feature", "properties": {}, "geometry": {"type": "Polygon", "coordinates": [[[101.61435, 3.071894], [101.614295, 3.071894], [101.614295, 3.072046], [101.614358, 3.072062], [101.614414, 3.072062], [101.614413, 3.07191], [101.61435, 3.071894]]]}}, {"type": "Feature", "properties": {}, "geometry": {"type": "Polygon", "coordinates": [[[101.61424, 3.071894], [101.61424, 3.072046], [101.614303, 3.072062], [101.614358, 3.072062], [101.614358, 3.07191], [101.614295, 3.071894], [101.61424, 3.071894]]]}}, {"type": "Feature", "properties": {}, "geometry": {"type": "Polygon", "coordinates": [[[101.61424, 3.071894], [101.614185, 3.071894], [101.614185, 3.072046], [101.614248, 3.072062], [101.614303, 3.072062], [101.614303, 3.07191], [101.61424, 3.071894]]]}}, {"type": "Feature", "properties": {}, "geometry": {"type": "Polygon", "coordinates": [[[101.614185, 3.071894], [101.614129, 3.071894], [101.61413, 3.072046], [101.614193, 3.072062], [101.614248, 3.072062], [101.614248, 3.07191], [101.614185, 3.071894]]]}}, {"type": "Feature", "properties": {}, "geometry": {"type": "Polygon", "coordinates": [[[101.614129, 3.071894], [101.614074, 3.071894], [101.614074, 3.072046], [101.614138, 3.072062], [101.614193, 3.072062], [101.614193, 3.07191], [101.614129, 3.071894]]]}}, {"type": "Feature", "properties": {}, "geometry": {"type": "Polygon", "coordinates": [[[101.614019, 3.071894], [101.614019, 3.072046], [101.614082, 3.072062], [101.614138, 3.072062], [101.614137, 3.07191], [101.614074, 3.071894], [101.614019, 3.071894]]]}}, {"type": "Feature", "properties": {}, "geometry": {"type": "Polygon", "coordinates": [[[101.614019, 3.071894], [101.613964, 3.071894], [101.613964, 3.072046], [101.614027, 3.072062], [101.614082, 3.072062], [101.614082, 3.07191], [101.614019, 3.071894]]]}}, {"type": "Feature", "properties": {}, "geometry": {"type": "Polygon", "coordinates": [[[101.613964, 3.071894], [101.613909, 3.071894], [101.613909, 3.072047], [101.613972, 3.072062], [101.614027, 3.072062], [101.614027, 3.07191], [101.613964, 3.071894]]]}}, {"type": "Feature", "properties": {}, "geometry": {"type": "Polygon", "coordinates": [[[101.613909, 3.071894], [101.613853, 3.071895], [101.613854, 3.072047], [101.613917, 3.072062], [101.613972, 3.072062], [101.613972, 3.07191], [101.613909, 3.071894]]]}}, {"type": "Feature", "properties": {}, "geometry": {"type": "Polygon", "coordinates": [[[101.614521, 3.071572], [101.61452, 3.07171], [101.614583, 3.071726], [101.614639, 3.071726], [101.61464, 3.071588], [101.614577, 3.071573], [101.614521, 3.071572]]]}}, {"type": "Feature", "properties": {}, "geometry": {"type": "Polygon", "coordinates": [[[101.614465, 3.071572], [101.614464, 3.071709], [101.614528, 3.071725], [101.614583, 3.071726], [101.614584, 3.071588], [101.614521, 3.071572], [101.614465, 3.071572]]]}}, {"type": "Feature", "properties": {}, "geometry": {"type": "Polygon", "coordinates": [[[101.614409, 3.071572], [101.614409, 3.071709], [101.614472, 3.071725], [101.614528, 3.071725], [101.614528, 3.071588], [101.614465, 3.071572], [101.614409, 3.071572]]]}}, {"type": "Feature", "properties": {}, "geometry": {"type": "Polygon", "coordinates": [[[101.614353, 3.071571], [101.614353, 3.071709], [101.614416, 3.071725], [101.614472, 3.071725], [101.614473, 3.071588], [101.614409, 3.071572], [101.614353, 3.071571]]]}}, {"type": "Feature", "properties": {}, "geometry": {"type": "Polygon", "coordinates": [[[101.614298, 3.071571], [101.614297, 3.071709], [101.61436, 3.071724], [101.614416, 3.071725], [101.614417, 3.071587], [101.614353, 3.071571], [101.614298, 3.071571]]]}}, {"type": "Feature", "properties": {}, "geometry": {"type": "Polygon", "coordinates": [[[101.614242, 3.071571], [101.614241, 3.071708], [101.614304, 3.071724], [101.61436, 3.071724], [101.614361, 3.071587], [101.614298, 3.071571], [101.614242, 3.071571]]]}}, {"type": "Feature", "properties": {}, "geometry": {"type": "Polygon", "coordinates": [[[101.614186, 3.07157], [101.614185, 3.071708], [101.614248, 3.071724], [101.614304, 3.071724], [101.614305, 3.071587], [101.614242, 3.071571], [101.614186, 3.07157]]]}}, {"type": "Feature", "properties": {}, "geometry": {"type": "Polygon", "coordinates": [[[101.61413, 3.07157], [101.614129, 3.071708], [101.614193, 3.071723], [101.614248, 3.071724], [101.614249, 3.071586], [101.614186, 3.07157], [101.61413, 3.07157]]]}}, {"type": "Feature", "properties": {}, "geometry": {"type": "Polygon", "coordinates": [[[101.614074, 3.07157], [101.614073, 3.071707], [101.614137, 3.071723], [101.614193, 3.071723], [101.614193, 3.071586], [101.61413, 3.07157], [101.614074, 3.07157]]]}}, {"type": "Feature", "properties": {}, "geometry": {"type": "Polygon", "coordinates": [[[101.614018, 3.07157], [101.614018, 3.071707], [101.614081, 3.071723], [101.614137, 3.071723], [101.614137, 3.071586], [101.614074, 3.07157], [101.614018, 3.07157]]]}}, {"type": "Feature", "properties": {}, "geometry": {"type": "Polygon", "coordinates": [[[101.613963, 3.071569], [101.613962, 3.071707], [101.614025, 3.071722], [101.614081, 3.071723], [101.614082, 3.071585], [101.614018, 3.07157], [101.613963, 3.071569]]]}}, {"type": "Feature", "properties": {}, "geometry": {"type": "Polygon", "coordinates": [[[101.613907, 3.071569], [101.613906, 3.071706], [101.613969, 3.071722], [101.614025, 3.071722], [101.614026, 3.071585], [101.613963, 3.071569], [101.613907, 3.071569]]]}}, {"type": "Feature", "properties": {}, "geometry": {"type": "Polygon", "coordinates": [[[101.613851, 3.071569], [101.61385, 3.071706], [101.613913, 3.071722], [101.613969, 3.071722], [101.61397, 3.071585], [101.613907, 3.071569], [101.613851, 3.071569]]]}}, {"type": "Feature", "properties": {}, "geometry": {"type": "Polygon", "coordinates": [[[101.614516, 3.071409], [101.614516, 3.071545], [101.614579, 3.071561], [101.614634, 3.071561], [101.614634, 3.071424], [101.614571, 3.071409], [101.614516, 3.071409]]]}}, {"type": "Feature", "properties": {}, "geometry": {"type": "Polygon", "coordinates": [[[101.614516, 3.071409], [101.61446, 3.071409], [101.614461, 3.071545], [101.614524, 3.071561], [101.614579, 3.071561], [101.614579, 3.071424], [101.614516, 3.071409]]]}}, {"type": "Feature", "properties": {}, "geometry": {"type": "Polygon", "coordinates": [[[101.61446, 3.071409], [101.614405, 3.071409], [101.614406, 3.071545], [101.614469, 3.071561], [101.614524, 3.071561], [101.614524, 3.071425], [101.61446, 3.071409]]]}}, {"type": "Feature", "properties": {}, "geometry": {"type": "Polygon", "coordinates": [[[101.614405, 3.071409], [101.61435, 3.071409], [101.61435, 3.071545], [101.614414, 3.071561], [101.614469, 3.071561], [101.614469, 3.071425], [101.614405, 3.071409]]]}}, {"type": "Feature", "properties": {}, "geometry": {"type": "Polygon", "coordinates": [[[101.61435, 3.071409], [101.614295, 3.071409], [101.614295, 3.071545], [101.614358, 3.071561], [101.614414, 3.071561], [101.614413, 3.071425], [101.61435, 3.071409]]]}}, {"type": "Feature", "properties": {}, "geometry": {"type": "Polygon", "coordinates": [[[101.614295, 3.071409], [101.61424, 3.071409], [101.61424, 3.071545], [101.614303, 3.071561], [101.614358, 3.071561], [101.614358, 3.071425], [101.614295, 3.071409]]]}}, {"type": "Feature", "properties": {}, "geometry": {"type": "Polygon", "coordinates": [[[101.614185, 3.071409], [101.614185, 3.071545], [101.614248, 3.071561], [101.614303, 3.071561], [101.614303, 3.071425], [101.61424, 3.071409], [101.614185, 3.071409]]]}}, {"type": "Feature", "properties": {}, "geometry": {"type": "Polygon", "coordinates": [[[101.614185, 3.071409], [101.614129, 3.071409], [101.61413, 3.071545], [101.614193, 3.071561], [101.614248, 3.071561], [101.614248, 3.071425], [101.614185, 3.071409]]]}}, {"type": "Feature", "properties": {}, "geometry": {"type": "Polygon", "coordinates": [[[101.614129, 3.071409], [101.614074, 3.071409], [101.614074, 3.071546], [101.614138, 3.071561], [101.614193, 3.071561], [101.614193, 3.071425], [101.614129, 3.071409]]]}}, {"type": "Feature", "properties": {}, "geometry": {"type": "Polygon", "coordinates": [[[101.614074, 3.071409], [101.614019, 3.071409], [101.614019, 3.071546], [101.614083, 3.071562], [101.614138, 3.071561], [101.614137, 3.071425], [101.614074, 3.071409]]]}}, {"type": "Feature", "properties": {}, "geometry": {"type": "Polygon", "coordinates": [[[101.614019, 3.071409], [101.613964, 3.071409], [101.613964, 3.071546], [101.614027, 3.071562], [101.614083, 3.071562], [101.614082, 3.071425], [101.614019, 3.071409]]]}}, {"type": "Feature", "properties": {}, "geometry": {"type": "Polygon", "coordinates": [[[101.613964, 3.071409], [101.613909, 3.07141], [101.613909, 3.071546], [101.613972, 3.071562], [101.614027, 3.071562], [101.614027, 3.071425], [101.613964, 3.071409]]]}}, {"type": "Feature", "properties": {}, "geometry": {"type": "Polygon", "coordinates": [[[101.613854, 3.07141], [101.613854, 3.071546], [101.613917, 3.071562], [101.613972, 3.071562], [101.613972, 3.071425], [101.613909, 3.07141], [101.613854, 3.07141]]]}}, {"type": "Feature", "properties": {}, "geometry": {"type": "Polygon", "coordinates": [[[101.613855, 3.071076], [101.6138, 3.071076], [101.6138, 3.071223], [101.613863, 3.071239], [101.613918, 3.071239], [101.613918, 3.071092], [101.613855, 3.071076]]]}}, {"type": "Feature", "properties": {}, "geometry": {"type": "Polygon", "coordinates": [[[101.61391, 3.071076], [101.613855, 3.071076], [101.613855, 3.071223], [101.613918, 3.071239], [101.613974, 3.071239], [101.613973, 3.071092], [101.61391, 3.071076]]]}}, {"type": "Feature", "properties": {}, "geometry": {"type": "Polygon", "coordinates": [[[101.613965, 3.071076], [101.61391, 3.071076], [101.61391, 3.071223], [101.613974, 3.071239], [101.614029, 3.071239], [101.614029, 3.071092], [101.613965, 3.071076]]]}}, {"type": "Feature", "properties": {}, "geometry": {"type": "Polygon", "coordinates": [[[101.61402, 3.071076], [101.613965, 3.071076], [101.613965, 3.071223], [101.614029, 3.071239], [101.614084, 3.071239], [101.614084, 3.071092], [101.61402, 3.071076]]]}}, {"type": "Feature", "properties": {}, "geometry": {"type": "Polygon", "coordinates": [[[101.61402, 3.071076], [101.614021, 3.071223], [101.614084, 3.071239], [101.614139, 3.071239], [101.614139, 3.071092], [101.614076, 3.071076], [101.61402, 3.071076]]]}}, {"type": "Feature", "properties": {}, "geometry": {"type": "Polygon", "coordinates": [[[101.614131, 3.071076], [101.614076, 3.071076], [101.614076, 3.071223], [101.614139, 3.071239], [101.614194, 3.071239], [101.614194, 3.071092], [101.614131, 3.071076]]]}}, {"type": "Feature", "properties": {}, "geometry": {"type": "Polygon", "coordinates": [[[101.614186, 3.071076], [101.614131, 3.071076], [101.614131, 3.071223], [101.614194, 3.071239], [101.614249, 3.071238], [101.614249, 3.071091], [101.614186, 3.071076]]]}}, {"type": "Feature", "properties": {}, "geometry": {"type": "Polygon", "coordinates": [[[101.614241, 3.071075], [101.614186, 3.071076], [101.614186, 3.071223], [101.614249, 3.071238], [101.614305, 3.071238], [101.614304, 3.071091], [101.614241, 3.071075]]]}}, {"type": "Feature", "properties": {}, "geometry": {"type": "Polygon", "coordinates": [[[101.614296, 3.071075], [101.614241, 3.071075], [101.614241, 3.071223], [101.614305, 3.071238], [101.61436, 3.071238], [101.61436, 3.071091], [101.614296, 3.071075]]]}}, {"type": "Feature", "properties": {}, "geometry": {"type": "Polygon", "coordinates": [[[101.614351, 3.071075], [101.614296, 3.071075], [101.614297, 3.071222], [101.61436, 3.071238], [101.614415, 3.071238], [101.614415, 3.071091], [101.614351, 3.071075]]]}}, {"type": "Feature", "properties": {}, "geometry": {"type": "Polygon", "coordinates": [[[101.614351, 3.071075], [101.614352, 3.071222], [101.614415, 3.071238], [101.61447, 3.071238], [101.61447, 3.071091], [101.614407, 3.071075], [101.614351, 3.071075]]]}}, {"type": "Feature", "properties": {}, "geometry": {"type": "Polygon", "coordinates": [[[101.614462, 3.071075], [101.614407, 3.071075], [101.614407, 3.071222], [101.61447, 3.071238], [101.614525, 3.071238], [101.614525, 3.071091], [101.614462, 3.071075]]]}}, {"type": "Feature", "properties": {}, "geometry": {"type": "Polygon", "coordinates": [[[101.614517, 3.071075], [101.614462, 3.071075], [101.614462, 3.071222], [101.614525, 3.071238], [101.614581, 3.071238], [101.61458, 3.071091], [101.614517, 3.071075]]]}}, {"type": "Feature", "properties": {}, "geometry": {"type": "Polygon", "coordinates": [[[101.614576, 3.07091], [101.614521, 3.07091], [101.614521, 3.071046], [101.614584, 3.071062], [101.61464, 3.071062], [101.614639, 3.070926], [101.614576, 3.07091]]]}}, {"type": "Feature", "properties": {}, "geometry": {"type": "Polygon", "coordinates": [[[101.614465, 3.07091], [101.614465, 3.071046], [101.614528, 3.071062], [101.614584, 3.071062], [101.614584, 3.070926], [101.614521, 3.07091], [101.614465, 3.07091]]]}}, {"type": "Feature", "properties": {}, "geometry": {"type": "Polygon", "coordinates": [[[101.614465, 3.07091], [101.614409, 3.07091], [101.614409, 3.071046], [101.614473, 3.071062], [101.614528, 3.071062], [101.614528, 3.070926], [101.614465, 3.07091]]]}}, {"type": "Feature", "properties": {}, "geometry": {"type": "Polygon", "coordinates": [[[101.614409, 3.07091], [101.614354, 3.07091], [101.614354, 3.071046], [101.614417, 3.071062], [101.614473, 3.071062], [101.614473, 3.070926], [101.614409, 3.07091]]]}}, {"type": "Feature", "properties": {}, "geometry": {"type": "Polygon", "coordinates": [[[101.614354, 3.07091], [101.614298, 3.07091], [101.614298, 3.071046], [101.614361, 3.071062], [101.614417, 3.071062], [101.614417, 3.070926], [101.614354, 3.07091]]]}}, {"type": "Feature", "properties": {}, "geometry": {"type": "Polygon", "coordinates": [[[101.614298, 3.07091], [101.614242, 3.070911], [101.614242, 3.071046], [101.614306, 3.071062], [101.614361, 3.071062], [101.614361, 3.070926], [101.614298, 3.07091]]]}}, {"type": "Feature", "properties": {}, "geometry": {"type": "Polygon", "coordinates": [[[101.614242, 3.070911], [101.614187, 3.070911], [101.614187, 3.071047], [101.61425, 3.071062], [101.614306, 3.071062], [101.614306, 3.070926], [101.614242, 3.070911]]]}}, {"type": "Feature", "properties": {}, "geometry": {"type": "Polygon", "coordinates": [[[101.614131, 3.070911], [101.614131, 3.071047], [101.614194, 3.071063], [101.61425, 3.071062], [101.61425, 3.070927], [101.614187, 3.070911], [101.614131, 3.070911]]]}}, {"type": "Feature", "properties": {}, "geometry": {"type": "Polygon", "coordinates": [[[101.614131, 3.070911], [101.614075, 3.070911], [101.614076, 3.071047], [101.614139, 3.071063], [101.614194, 3.071063], [101.614194, 3.070927], [101.614131, 3.070911]]]}}, {"type": "Feature", "properties": {}, "geometry": {"type": "Polygon", "coordinates": [[[101.614075, 3.070911], [101.61402, 3.070911], [101.61402, 3.071047], [101.614083, 3.071063], [101.614139, 3.071063], [101.614139, 3.070927], [101.614075, 3.070911]]]}}, {"type": "Feature", "properties": {}, "geometry": {"type": "Polygon", "coordinates": [[[101.61402, 3.070911], [101.613964, 3.070911], [101.613964, 3.071047], [101.614028, 3.071063], [101.614083, 3.071063], [101.614083, 3.070927], [101.61402, 3.070911]]]}}, {"type": "Feature", "properties": {}, "geometry": {"type": "Polygon", "coordinates": [[[101.613964, 3.070911], [101.613908, 3.070911], [101.613909, 3.071047], [101.613972, 3.071063], [101.614028, 3.071063], [101.614027, 3.070927], [101.613964, 3.070911]]]}}, {"type": "Feature", "properties": {}, "geometry": {"type": "Polygon", "coordinates": [[[101.613853, 3.070911], [101.613853, 3.071047], [101.613916, 3.071063], [101.613972, 3.071063], [101.613972, 3.070927], [101.613908, 3.070911], [101.613853, 3.070911]]]}}, {"type": "Feature", "properties": {}, "geometry": {"type": "Polygon", "coordinates": [[[101.615031, 3.070317], [101.614976, 3.070318], [101.614978, 3.070453], [101.615041, 3.070469], [101.615096, 3.070468], [101.615094, 3.070333], [101.615031, 3.070317]]]}}, {"type": "Feature", "properties": {}, "geometry": {"type": "Polygon", "coordinates": [[[101.614976, 3.070318], [101.614921, 3.070319], [101.614923, 3.070454], [101.614986, 3.07047], [101.615041, 3.070469], [101.615039, 3.070334], [101.614976, 3.070318]]]}}, {"type": "Feature", "properties": {}, "geometry": {"type": "Polygon", "coordinates": [[[101.614921, 3.070319], [101.614866, 3.07032], [101.614868, 3.070454], [101.614931, 3.07047], [101.614986, 3.07047], [101.614984, 3.070335], [101.614921, 3.070319]]]}}, {"type": "Feature", "properties": {}, "geometry": {"type": "Polygon", "coordinates": [[[101.614812, 3.069979], [101.61481, 3.070115], [101.614874, 3.070131], [101.614929, 3.070132], [101.61493, 3.069995], [101.614867, 3.069979], [101.614812, 3.069979]]]}}, {"type": "Feature", "properties": {}, "geometry": {"type": "Polygon", "coordinates": [[[101.614867, 3.069979], [101.614865, 3.070116], [101.614929, 3.070132], [101.614983, 3.070132], [101.614985, 3.069996], [101.614922, 3.06998], [101.614867, 3.069979]]]}}, {"type": "Feature", "properties": {}, "geometry": {"type": "Polygon", "coordinates": [[[101.614922, 3.06998], [101.61492, 3.070116], [101.614983, 3.070132], [101.615038, 3.070133], [101.61504, 3.069996], [101.614977, 3.069981], [101.614922, 3.06998]]]}}, {"type": "Feature", "properties": {}, "geometry": {"type": "Polygon", "coordinates": [[[101.614977, 3.069981], [101.614975, 3.070117], [101.615038, 3.070133], [101.615093, 3.070134], [101.615095, 3.069997], [101.615031, 3.069981], [101.614977, 3.069981]]]}}, {"type": "Feature", "properties": {}, "geometry": {"type": "Polygon", "coordinates": [[[101.614981, 3.069823], [101.614981, 3.06996], [101.615044, 3.069976], [101.615099, 3.069976], [101.615099, 3.069839], [101.615035, 3.069823], [101.614981, 3.069823]]]}}, {"type": "Feature", "properties": {}, "geometry": {"type": "Polygon", "coordinates": [[[101.614927, 3.069823], [101.614927, 3.06996], [101.614991, 3.069976], [101.615044, 3.069976], [101.615044, 3.069839], [101.614981, 3.069823], [101.614927, 3.069823]]]}}, {"type": "Feature", "properties": {}, "geometry": {"type": "Polygon", "coordinates": [[[101.614873, 3.069823], [101.614873, 3.06996], [101.614936, 3.069976], [101.614991, 3.069976], [101.614991, 3.069839], [101.614927, 3.069823], [101.614873, 3.069823]]]}}, {"type": "Feature", "properties": {}, "geometry": {"type": "Polygon", "coordinates": [[[101.61481, 3.069487], [101.61481, 3.069623], [101.614873, 3.069639], [101.614928, 3.069639], [101.614928, 3.069503], [101.614865, 3.069487], [101.61481, 3.069487]]]}}, {"type": "Feature", "properties": {}, "geometry": {"type": "Polygon", "coordinates": [[[101.614865, 3.069487], [101.614864, 3.069623], [101.614928, 3.069639], [101.614983, 3.069639], [101.614983, 3.069503], [101.61492, 3.069487], [101.614865, 3.069487]]]}}, {"type": "Feature", "properties": {}, "geometry": {"type": "Polygon", "coordinates": [[[101.61492, 3.069487], [101.614919, 3.069623], [101.614983, 3.069639], [101.615037, 3.069639], [101.615038, 3.069503], [101.614975, 3.069487], [101.61492, 3.069487]]]}}, {"type": "Feature", "properties": {}, "geometry": {"type": "Polygon", "coordinates": [[[101.614975, 3.069487], [101.614974, 3.069623], [101.615037, 3.069639], [101.615092, 3.06964], [101.615093, 3.069503], [101.61503, 3.069487], [101.614975, 3.069487]]]}}, {"type": "Feature", "properties": {}, "geometry": {"type": "Polygon", "coordinates": [[[101.615028, 3.069324], [101.614973, 3.069324], [101.614974, 3.069467], [101.615037, 3.069483], [101.615092, 3.069482], [101.615091, 3.06934], [101.615028, 3.069324]]]}}, {"type": "Feature", "properties": {}, "geometry": {"type": "Polygon", "coordinates": [[[101.614973, 3.069324], [101.614919, 3.069325], [101.614919, 3.069467], [101.614982, 3.069483], [101.615037, 3.069483], [101.615037, 3.06934], [101.614973, 3.069324]]]}}, {"type": "Feature", "properties": {}, "geometry": {"type": "Polygon", "coordinates": [[[101.614919, 3.069325], [101.614864, 3.069325], [101.614865, 3.069467], [101.614928, 3.069483], [101.614982, 3.069483], [101.614982, 3.06934], [101.614919, 3.069325]]]}}, {"type": "Feature", "properties": {}, "geometry": {"type": "Polygon", "coordinates": [[[101.614809, 3.068989], [101.614808, 3.069114], [101.614871, 3.06913], [101.614926, 3.06913], [101.614927, 3.069005], [101.614864, 3.068989], [101.614809, 3.068989]]]}}, {"type": "Feature", "properties": {}, "geometry": {"type": "Polygon", "coordinates": [[[101.614864, 3.068989], [101.614863, 3.069114], [101.614926, 3.06913], [101.614981, 3.06913], [101.614982, 3.069005], [101.614919, 3.06899], [101.614864, 3.068989]]]}}, {"type": "Feature", "properties": {}, "geometry": {"type": "Polygon", "coordinates": [[[101.614919, 3.06899], [101.614918, 3.069115], [101.614981, 3.06913], [101.615036, 3.069131], [101.615037, 3.069006], [101.614974, 3.06899], [101.614919, 3.06899]]]}}, {"type": "Feature", "properties": {}, "geometry": {"type": "Polygon", "coordinates": [[[101.614974, 3.06899], [101.614973, 3.069115], [101.615036, 3.069131], [101.615091, 3.069131], [101.615092, 3.069006], [101.615029, 3.06899], [101.614974, 3.06899]]]}}, {"type": "Feature", "properties": {}, "geometry": {"type": "Polygon", "coordinates": [[[101.615025, 3.068811], [101.61497, 3.068811], [101.614971, 3.068968], [101.615034, 3.068984], [101.615089, 3.068984], [101.615088, 3.068827], [101.615025, 3.068811]]]}}, {"type": "Feature", "properties": {}, "geometry": {"type": "Polygon", "coordinates": [[[101.614852, 3.068496], [101.614773, 3.068497], [101.614774, 3.068647], [101.614837, 3.068663], [101.614916, 3.068662], [101.614915, 3.068512], [101.614852, 3.068496]]]}}, {"type": "Feature", "properties": {}, "geometry": {"type": "Polygon", "coordinates": [[[101.614907, 3.068496], [101.614852, 3.068496], [101.614853, 3.068647], [101.614916, 3.068662], [101.614971, 3.068662], [101.61497, 3.068512], [101.614907, 3.068496]]]}}, {"type": "Feature", "properties": {}, "geometry": {"type": "Polygon", "coordinates": [[[101.614961, 3.068495], [101.614907, 3.068496], [101.614908, 3.068646], [101.614971, 3.068662], [101.615026, 3.068662], [101.615025, 3.068511], [101.614961, 3.068495]]]}}, {"type": "Feature", "properties": {}, "geometry": {"type": "Polygon", "coordinates": [[[101.615016, 3.068495], [101.614961, 3.068495], [101.614962, 3.068646], [101.615026, 3.068662], [101.615081, 3.068661], [101.61508, 3.068511], [101.615016, 3.068495]]]}}, {"type": "Feature", "properties": {}, "geometry": {"type": "Polygon", "coordinates": [[[101.614967, 3.068314], [101.614966, 3.068469], [101.615029, 3.068485], [101.615084, 3.068486], [101.615085, 3.068331], [101.615022, 3.068315], [101.614967, 3.068314]]]}}, {"type": "Feature", "properties": {}, "geometry": {"type": "Polygon", "coordinates": [[[101.614912, 3.068314], [101.614911, 3.068469], [101.614975, 3.068485], [101.615029, 3.068485], [101.61503, 3.06833], [101.614967, 3.068314], [101.614912, 3.068314]]]}}, {"type": "Feature", "properties": {}, "geometry": {"type": "Polygon", "coordinates": [[[101.614857, 3.068314], [101.614856, 3.068469], [101.61492, 3.068485], [101.614975, 3.068485], [101.614975, 3.06833], [101.614912, 3.068314], [101.614857, 3.068314]]]}}, {"type": "Feature", "properties": {}, "geometry": {"type": "Polygon", "coordinates": [[[101.614801, 3.067991], [101.6148, 3.068142], [101.614863, 3.068158], [101.614918, 3.068159], [101.614919, 3.068008], [101.614856, 3.067992], [101.614801, 3.067991]]]}}, {"type": "Feature", "properties": {}, "geometry": {"type": "Polygon", "coordinates": [[[101.614856, 3.067992], [101.614854, 3.068143], [101.614918, 3.068159], [101.614972, 3.068159], [101.614974, 3.068008], [101.614911, 3.067992], [101.614856, 3.067992]]]}}, {"type": "Feature", "properties": {}, "geometry": {"type": "Polygon", "coordinates": [[[101.614911, 3.067992], [101.614909, 3.068143], [101.614972, 3.068159], [101.615027, 3.06816], [101.615029, 3.068009], [101.614965, 3.067993], [101.614911, 3.067992]]]}}, {"type": "Feature", "properties": {}, "geometry": {"type": "Polygon", "coordinates": [[[101.614965, 3.067993], [101.614964, 3.068144], [101.615027, 3.06816], [101.615082, 3.06816], [101.615083, 3.068009], [101.61502, 3.067993], [101.614965, 3.067993]]]}}, {"type": "Feature", "properties": {}, "geometry": {"type": "Polygon", "coordinates": [[[101.614964, 3.067821], [101.614964, 3.06797], [101.615027, 3.067986], [101.615082, 3.067986], [101.615082, 3.067837], [101.615019, 3.067821], [101.614964, 3.067821]]]}}, {"type": "Feature", "properties": {}, "geometry": {"type": "Polygon", "coordinates": [[[101.61491, 3.067821], [101.614909, 3.06797], [101.614973, 3.067986], [101.615027, 3.067986], [101.615028, 3.067837], [101.614964, 3.067821], [101.61491, 3.067821]]]}}, {"type": "Feature", "properties": {}, "geometry": {"type": "Polygon", "coordinates": [[[101.614855, 3.06782], [101.614855, 3.06797], [101.614918, 3.067986], [101.614973, 3.067986], [101.614973, 3.067836], [101.61491, 3.067821], [101.614855, 3.06782]]]}}, {"type": "Feature", "properties": {}, "geometry": {"type": "Polygon", "coordinates": [[[101.614514, 3.06949], [101.614513, 3.069622], [101.614576, 3.069638], [101.614631, 3.069638], [101.614632, 3.069506], [101.614569, 3.06949], [101.614514, 3.06949]]]}}, {"type": "Feature", "properties": {}, "geometry": {"type": "Polygon", "coordinates": [[[101.614459, 3.069489], [101.614457, 3.069621], [101.61452, 3.069637], [101.614576, 3.069638], [101.614577, 3.069505], [101.614514, 3.06949], [101.614459, 3.069489]]]}}, {"type": "Feature", "properties": {}, "geometry": {"type": "Polygon", "coordinates": [[[101.614403, 3.069488], [101.614402, 3.069621], [101.614465, 3.069637], [101.61452, 3.069637], [101.614522, 3.069505], [101.614459, 3.069489], [101.614403, 3.069488]]]}}, {"type": "Feature", "properties": {}, "geometry": {"type": "Polygon", "coordinates": [[[101.614348, 3.069488], [101.614346, 3.06962], [101.61441, 3.069636], [101.614465, 3.069637], [101.614466, 3.069504], [101.614403, 3.069488], [101.614348, 3.069488]]]}}, {"type": "Feature", "properties": {}, "geometry": {"type": "Polygon", "coordinates": [[[101.614292, 3.069487], [101.614291, 3.06962], [101.614354, 3.069635], [101.61441, 3.069636], [101.614411, 3.069504], [101.614348, 3.069488], [101.614292, 3.069487]]]}}, {"type": "Feature", "properties": {}, "geometry": {"type": "Polygon", "coordinates": [[[101.614237, 3.069487], [101.614236, 3.069619], [101.614299, 3.069635], [101.614354, 3.069635], [101.614356, 3.069503], [101.614292, 3.069487], [101.614237, 3.069487]]]}}, {"type": "Feature", "properties": {}, "geometry": {"type": "Polygon", "coordinates": [[[101.614182, 3.069486], [101.61418, 3.069618], [101.614244, 3.069634], [101.614299, 3.069635], [101.6143, 3.069503], [101.614237, 3.069487], [101.614182, 3.069486]]]}}, {"type": "Feature", "properties": {}, "geometry": {"type": "Polygon", "coordinates": [[[101.614126, 3.069486], [101.614125, 3.069618], [101.614188, 3.069634], [101.614244, 3.069634], [101.614245, 3.069502], [101.614182, 3.069486], [101.614126, 3.069486]]]}}, {"type": "Feature", "properties": {}, "geometry": {"type": "Polygon", "coordinates": [[[101.614071, 3.069485], [101.61407, 3.069617], [101.614133, 3.069633], [101.614188, 3.069634], [101.614189, 3.069502], [101.614126, 3.069486], [101.614071, 3.069485]]]}}, {"type": "Feature", "properties": {}, "geometry": {"type": "Polygon", "coordinates": [[[101.614015, 3.069485], [101.614014, 3.069617], [101.614077, 3.069633], [101.614133, 3.069633], [101.614134, 3.069501], [101.614071, 3.069485], [101.614015, 3.069485]]]}}, {"type": "Feature", "properties": {}, "geometry": {"type": "Polygon", "coordinates": [[[101.61396, 3.069484], [101.613959, 3.069616], [101.614022, 3.069632], [101.614077, 3.069633], [101.614079, 3.069501], [101.614015, 3.069485], [101.61396, 3.069484]]]}}, {"type": "Feature", "properties": {}, "geometry": {"type": "Polygon", "coordinates": [[[101.613905, 3.069483], [101.613903, 3.069616], [101.613967, 3.069631], [101.614022, 3.069632], [101.614023, 3.0695], [101.61396, 3.069484], [101.613905, 3.069483]]]}}, {"type": "Feature", "properties": {}, "geometry": {"type": "Polygon", "coordinates": [[[101.613849, 3.069483], [101.613848, 3.069615], [101.613911, 3.069631], [101.613967, 3.069631], [101.613968, 3.069499], [101.613905, 3.069483], [101.613849, 3.069483]]]}}, {"type": "Feature", "properties": {}, "geometry": {"type": "Polygon", "coordinates": [[[101.614518, 3.06934], [101.614517, 3.069467], [101.61458, 3.069483], [101.614635, 3.069484], [101.614636, 3.069356], [101.614573, 3.06934], [101.614518, 3.06934]]]}}, {"type": "Feature", "properties": {}, "geometry": {"type": "Polygon", "coordinates": [[[101.614462, 3.069339], [101.614461, 3.069467], [101.614525, 3.069483], [101.61458, 3.069483], [101.614581, 3.069355], [101.614518, 3.06934], [101.614462, 3.069339]]]}}, {"type": "Feature", "properties": {}, "geometry": {"type": "Polygon", "coordinates": [[[101.614407, 3.069339], [101.614406, 3.069467], [101.614469, 3.069482], [101.614525, 3.069483], [101.614526, 3.069355], [101.614462, 3.069339], [101.614407, 3.069339]]]}}, {"type": "Feature", "properties": {}, "geometry": {"type": "Polygon", "coordinates": [[[101.614352, 3.069339], [101.614351, 3.069466], [101.614414, 3.069482], [101.614469, 3.069482], [101.61447, 3.069355], [101.614407, 3.069339], [101.614352, 3.069339]]]}}, {"type": "Feature", "properties": {}, "geometry": {"type": "Polygon", "coordinates": [[[101.614296, 3.069338], [101.614295, 3.069466], [101.614358, 3.069482], [101.614414, 3.069482], [101.614415, 3.069354], [101.614352, 3.069339], [101.614296, 3.069338]]]}}, {"type": "Feature", "properties": {}, "geometry": {"type": "Polygon", "coordinates": [[[101.614241, 3.069338], [101.61424, 3.069466], [101.614303, 3.069481], [101.614358, 3.069482], [101.614359, 3.069354], [101.614296, 3.069338], [101.614241, 3.069338]]]}}, {"type": "Feature", "properties": {}, "geometry": {"type": "Polygon", "coordinates": [[[101.614185, 3.069337], [101.614185, 3.069465], [101.614248, 3.069481], [101.614303, 3.069481], [101.614304, 3.069354], [101.614241, 3.069338], [101.614185, 3.069337]]]}}, {"type": "Feature", "properties": {}, "geometry": {"type": "Polygon", "coordinates": [[[101.61413, 3.069337], [101.614129, 3.069465], [101.614192, 3.069481], [101.614248, 3.069481], [101.614249, 3.069353], [101.614185, 3.069337], [101.61413, 3.069337]]]}}, {"type": "Feature", "properties": {}, "geometry": {"type": "Polygon", "coordinates": [[[101.614075, 3.069337], [101.614074, 3.069464], [101.614137, 3.06948], [101.614192, 3.069481], [101.614193, 3.069353], [101.61413, 3.069337], [101.614075, 3.069337]]]}}, {"type": "Feature", "properties": {}, "geometry": {"type": "Polygon", "coordinates": [[[101.614019, 3.069336], [101.614018, 3.069464], [101.614082, 3.06948], [101.614137, 3.06948], [101.614138, 3.069352], [101.614075, 3.069337], [101.614019, 3.069336]]]}}, {"type": "Feature", "properties": {}, "geometry": {"type": "Polygon", "coordinates": [[[101.613964, 3.069336], [101.613963, 3.069464], [101.614026, 3.069479], [101.614082, 3.06948], [101.614083, 3.069352], [101.614019, 3.069336], [101.613964, 3.069336]]]}}, {"type": "Feature", "properties": {}, "geometry": {"type": "Polygon", "coordinates": [[[101.613909, 3.069336], [101.613908, 3.069463], [101.613971, 3.069479], [101.614026, 3.069479], [101.614027, 3.069352], [101.613964, 3.069336], [101.613909, 3.069336]]]}}, {"type": "Feature", "properties": {}, "geometry": {"type": "Polygon", "coordinates": [[[101.613853, 3.069335], [101.613852, 3.069463], [101.613916, 3.069479], [101.613971, 3.069479], [101.613972, 3.069351], [101.613909, 3.069336], [101.613853, 3.069335]]]}}, {"type": "Feature", "properties": {}, "geometry": {"type": "Polygon", "coordinates": [[[101.613794, 3.068991], [101.613793, 3.069121], [101.613856, 3.069137], [101.613911, 3.069137], [101.613912, 3.069007], [101.613848, 3.068991], [101.613794, 3.068991]]]}}, {"type": "Feature", "properties": {}, "geometry": {"type": "Polygon", "coordinates": [[[101.613848, 3.068991], [101.613848, 3.069121], [101.613911, 3.069137], [101.613965, 3.069137], [101.613966, 3.069008], [101.613903, 3.068992], [101.613848, 3.068991]]]}}, {"type": "Feature", "properties": {}, "geometry": {"type": "Polygon", "coordinates": [[[101.613903, 3.068992], [101.613902, 3.069122], [101.613965, 3.069137], [101.61402, 3.069138], [101.614021, 3.069008], [101.613958, 3.068992], [101.613903, 3.068992]]]}}, {"type": "Feature", "properties": {}, "geometry": {"type": "Polygon", "coordinates": [[[101.613958, 3.068992], [101.613957, 3.069122], [101.61402, 3.069138], [101.614075, 3.069138], [101.614075, 3.069008], [101.614012, 3.068992], [101.613958, 3.068992]]]}}, {"type": "Feature", "properties": {}, "geometry": {"type": "Polygon", "coordinates": [[[101.614012, 3.068992], [101.614011, 3.069122], [101.614075, 3.069138], [101.614129, 3.069139], [101.61413, 3.069009], [101.614067, 3.068993], [101.614012, 3.068992]]]}}, {"type": "Feature", "properties": {}, "geometry": {"type": "Polygon", "coordinates": [[[101.614067, 3.068993], [101.614066, 3.069123], [101.614129, 3.069139], [101.614184, 3.069139], [101.614185, 3.069009], [101.614121, 3.068993], [101.614067, 3.068993]]]}}, {"type": "Feature", "properties": {}, "geometry": {"type": "Polygon", "coordinates": [[[101.614121, 3.068993], [101.614121, 3.069123], [101.614184, 3.069139], [101.614238, 3.069139], [101.614239, 3.069009], [101.614176, 3.068993], [101.614121, 3.068993]]]}}, {"type": "Feature", "properties": {}, "geometry": {"type": "Polygon", "coordinates": [[[101.614176, 3.068993], [101.614175, 3.069123], [101.614238, 3.069139], [101.614293, 3.06914], [101.614294, 3.06901], [101.614231, 3.068994], [101.614176, 3.068993]]]}}, {"type": "Feature", "properties": {}, "geometry": {"type": "Polygon", "coordinates": [[[101.614231, 3.068994], [101.61423, 3.069124], [101.614293, 3.06914], [101.614347, 3.06914], [101.614348, 3.06901], [101.614285, 3.068994], [101.614231, 3.068994]]]}}, {"type": "Feature", "properties": {}, "geometry": {"type": "Polygon", "coordinates": [[[101.614285, 3.068994], [101.614284, 3.069124], [101.614347, 3.06914], [101.614402, 3.06914], [101.614403, 3.06901], [101.61434, 3.068995], [101.614285, 3.068994]]]}}, {"type": "Feature", "properties": {}, "geometry": {"type": "Polygon", "coordinates": [[[101.61434, 3.068995], [101.614339, 3.069124], [101.614402, 3.06914], [101.614457, 3.069141], [101.614458, 3.069011], [101.614394, 3.068995], [101.61434, 3.068995]]]}}, {"type": "Feature", "properties": {}, "geometry": {"type": "Polygon", "coordinates": [[[101.614394, 3.068995], [101.614393, 3.069125], [101.614457, 3.069141], [101.614511, 3.069141], [101.614512, 3.069011], [101.614449, 3.068995], [101.614394, 3.068995]]]}}, {"type": "Feature", "properties": {}, "geometry": {"type": "Polygon", "coordinates": [[[101.614449, 3.068995], [101.614448, 3.069125], [101.614511, 3.069141], [101.614566, 3.069141], [101.614567, 3.069011], [101.614504, 3.068996], [101.614449, 3.068995]]]}}, {"type": "Feature", "properties": {}, "geometry": {"type": "Polygon", "coordinates": [[[101.614502, 3.068818], [101.614501, 3.068974], [101.614564, 3.06899], [101.614619, 3.06899], [101.614621, 3.068835], [101.614557, 3.068819], [101.614502, 3.068818]]]}}, {"type": "Feature", "properties": {}, "geometry": {"type": "Polygon", "coordinates": [[[101.614447, 3.068818], [101.614446, 3.068973], [101.614509, 3.068989], [101.614564, 3.06899], [101.614565, 3.068834], [101.614502, 3.068818], [101.614447, 3.068818]]]}}, {"type": "Feature", "properties": {}, "geometry": {"type": "Polygon", "coordinates": [[[101.614392, 3.068817], [101.614391, 3.068973], [101.614454, 3.068988], [101.614509, 3.068989], [101.614511, 3.068834], [101.614447, 3.068818], [101.614392, 3.068817]]]}}, {"type": "Feature", "properties": {}, "geometry": {"type": "Polygon", "coordinates": [[[101.614337, 3.068816], [101.614336, 3.068972], [101.614399, 3.068988], [101.614454, 3.068988], [101.614456, 3.068833], [101.614392, 3.068817], [101.614337, 3.068816]]]}}, {"type": "Feature", "properties": {}, "geometry": {"type": "Polygon", "coordinates": [[[101.614283, 3.068816], [101.614281, 3.068971], [101.614344, 3.068987], [101.614399, 3.068988], [101.614401, 3.068832], [101.614337, 3.068816], [101.614283, 3.068816]]]}}, {"type": "Feature", "properties": {}, "geometry": {"type": "Polygon", "coordinates": [[[101.614228, 3.068815], [101.614226, 3.068971], [101.614289, 3.068987], [101.614344, 3.068987], [101.614346, 3.068832], [101.614283, 3.068816], [101.614228, 3.068815]]]}}, {"type": "Feature", "properties": {}, "geometry": {"type": "Polygon", "coordinates": [[[101.614173, 3.068815], [101.614171, 3.06897], [101.614234, 3.068986], [101.614289, 3.068987], [101.614291, 3.068831], [101.614228, 3.068815], [101.614173, 3.068815]]]}}, {"type": "Feature", "properties": {}, "geometry": {"type": "Polygon", "coordinates": [[[101.614118, 3.068814], [101.614116, 3.06897], [101.614179, 3.068986], [101.614234, 3.068986], [101.614236, 3.068831], [101.614173, 3.068815], [101.614118, 3.068814]]]}}, {"type": "Feature", "properties": {}, "geometry": {"type": "Polygon", "coordinates": [[[101.614063, 3.068814], [101.614061, 3.068969], [101.614124, 3.068985], [101.614179, 3.068986], [101.614181, 3.06883], [101.614118, 3.068814], [101.614063, 3.068814]]]}}, {"type": "Feature", "properties": {}, "geometry": {"type": "Polygon", "coordinates": [[[101.614008, 3.068813], [101.614006, 3.068969], [101.614069, 3.068984], [101.614124, 3.068985], [101.614126, 3.06883], [101.614063, 3.068814], [101.614008, 3.068813]]]}}, {"type": "Feature", "properties": {}, "geometry": {"type": "Polygon", "coordinates": [[[101.613953, 3.068813], [101.613951, 3.068968], [101.614014, 3.068984], [101.614069, 3.068984], [101.614071, 3.068829], [101.614008, 3.068813], [101.613953, 3.068813]]]}}, {"type": "Feature", "properties": {}, "geometry": {"type": "Polygon", "coordinates": [[[101.613898, 3.068812], [101.613896, 3.068967], [101.61396, 3.068983], [101.614014, 3.068984], [101.614016, 3.068828], [101.613953, 3.068813], [101.613898, 3.068812]]]}}, {"type": "Feature", "properties": {}, "geometry": {"type": "Polygon", "coordinates": [[[101.613843, 3.068811], [101.613841, 3.068967], [101.613905, 3.068983], [101.61396, 3.068983], [101.613961, 3.068828], [101.613898, 3.068812], [101.613843, 3.068811]]]}}, {"type": "Feature", "properties": {}, "geometry": {"type": "Polygon", "coordinates": [[[101.613737, 3.068488], [101.613735, 3.068648], [101.613798, 3.068664], [101.6139, 3.068666], [101.613902, 3.068505], [101.613839, 3.068489], [101.613737, 3.068488]]]}}, {"type": "Feature", "properties": {}, "geometry": {"type": "Polygon", "coordinates": [[[101.613839, 3.068489], [101.613837, 3.06865], [101.6139, 3.068666], [101.613956, 3.068666], [101.613958, 3.068506], [101.613894, 3.06849], [101.613839, 3.068489]]]}}, {"type": "Feature", "properties": {}, "geometry": {"type": "Polygon", "coordinates": [[[101.613894, 3.06849], [101.613892, 3.06865], [101.613956, 3.068666], [101.614011, 3.068667], [101.614013, 3.068507], [101.613949, 3.068491], [101.613894, 3.06849]]]}}, {"type": "Feature", "properties": {}, "geometry": {"type": "Polygon", "coordinates": [[[101.613949, 3.068491], [101.613947, 3.068651], [101.614011, 3.068667], [101.614066, 3.068668], [101.614068, 3.068507], [101.614005, 3.068492], [101.613949, 3.068491]]]}}, {"type": "Feature", "properties": {}, "geometry": {"type": "Polygon", "coordinates": [[[101.614005, 3.068492], [101.614003, 3.068652], [101.614066, 3.068668], [101.614121, 3.068668], [101.614123, 3.068508], [101.61406, 3.068492], [101.614005, 3.068492]]]}}, {"type": "Feature", "properties": {}, "geometry": {"type": "Polygon", "coordinates": [[[101.61406, 3.068492], [101.614058, 3.068653], [101.614121, 3.068668], [101.614176, 3.068669], [101.614178, 3.068509], [101.614115, 3.068493], [101.61406, 3.068492]]]}}, {"type": "Feature", "properties": {}, "geometry": {"type": "Polygon", "coordinates": [[[101.614115, 3.068493], [101.614113, 3.068653], [101.614176, 3.068669], [101.614231, 3.06867], [101.614233, 3.06851], [101.61417, 3.068494], [101.614115, 3.068493]]]}}, {"type": "Feature", "properties": {}, "geometry": {"type": "Polygon", "coordinates": [[[101.61417, 3.068494], [101.614168, 3.068654], [101.614231, 3.06867], [101.614286, 3.068671], [101.614289, 3.06851], [101.614225, 3.068494], [101.61417, 3.068494]]]}}, {"type": "Feature", "properties": {}, "geometry": {"type": "Polygon", "coordinates": [[[101.614225, 3.068494], [101.614223, 3.068655], [101.614286, 3.068671], [101.614342, 3.068671], [101.614344, 3.068511], [101.61428, 3.068495], [101.614225, 3.068494]]]}}, {"type": "Feature", "properties": {}, "geometry": {"type": "Polygon", "coordinates": [[[101.61428, 3.068495], [101.614278, 3.068655], [101.614342, 3.068671], [101.614397, 3.068672], [101.614399, 3.068512], [101.614336, 3.068496], [101.61428, 3.068495]]]}}, {"type": "Feature", "properties": {}, "geometry": {"type": "Polygon", "coordinates": [[[101.614336, 3.068496], [101.614334, 3.068656], [101.614397, 3.068672], [101.614452, 3.068673], [101.614454, 3.068512], [101.614391, 3.068497], [101.614336, 3.068496]]]}}, {"type": "Feature", "properties": {}, "geometry": {"type": "Polygon", "coordinates": [[[101.614391, 3.068497], [101.614389, 3.068657], [101.614452, 3.068673], [101.614507, 3.068673], [101.614509, 3.068513], [101.614446, 3.068497], [101.614391, 3.068497]]]}}, {"type": "Feature", "properties": {}, "geometry": {"type": "Polygon", "coordinates": [[[101.614446, 3.068497], [101.614444, 3.068658], [101.614507, 3.068673], [101.614562, 3.068674], [101.614564, 3.068514], [101.614501, 3.068498], [101.614446, 3.068497]]]}}, {"type": "Feature", "properties": {}, "geometry": {"type": "Polygon", "coordinates": [[[101.614502, 3.068325], [101.614501, 3.068476], [101.614564, 3.068492], [101.614619, 3.068492], [101.61462, 3.068341], [101.614557, 3.068325], [101.614502, 3.068325]]]}}, {"type": "Feature", "properties": {}, "geometry": {"type": "Polygon", "coordinates": [[[101.614447, 3.068324], [101.614446, 3.068475], [101.614509, 3.068491], [101.614564, 3.068492], [101.614565, 3.068341], [101.614502, 3.068325], [101.614447, 3.068324]]]}}, {"type": "Feature", "properties": {}, "geometry": {"type": "Polygon", "coordinates": [[[101.614392, 3.068324], [101.614391, 3.068475], [101.614454, 3.068491], [101.614509, 3.068491], [101.61451, 3.06834], [101.614447, 3.068324], [101.614392, 3.068324]]]}}, {"type": "Feature", "properties": {}, "geometry": {"type": "Polygon", "coordinates": [[[101.614337, 3.068324], [101.614336, 3.068475], [101.614399, 3.06849], [101.614454, 3.068491], [101.614455, 3.06834], [101.614392, 3.068324], [101.614337, 3.068324]]]}}, {"type": "Feature", "properties": {}, "geometry": {"type": "Polygon", "coordinates": [[[101.614282, 3.068323], [101.614281, 3.068474], [101.614344, 3.06849], [101.614399, 3.06849], [101.6144, 3.068339], [101.614337, 3.068324], [101.614282, 3.068323]]]}}, {"type": "Feature", "properties": {}, "geometry": {"type": "Polygon", "coordinates": [[[101.614227, 3.068323], [101.614226, 3.068474], [101.614289, 3.06849], [101.614344, 3.06849], [101.614345, 3.068339], [101.614282, 3.068323], [101.614227, 3.068323]]]}}, {"type": "Feature", "properties": {}, "geometry": {"type": "Polygon", "coordinates": [[[101.614172, 3.068323], [101.614171, 3.068474], [101.614234, 3.06849], [101.614289, 3.06849], [101.61429, 3.068339], [101.614227, 3.068323], [101.614172, 3.068323]]]}}, {"type": "Feature", "properties": {}, "geometry": {"type": "Polygon", "coordinates": [[[101.614117, 3.068322], [101.614116, 3.068473], [101.614179, 3.068489], [101.614234, 3.06849], [101.614235, 3.068338], [101.614172, 3.068323], [101.614117, 3.068322]]]}}, {"type": "Feature", "properties": {}, "geometry": {"type": "Polygon", "coordinates": [[[101.614062, 3.068322], [101.614061, 3.068473], [101.614124, 3.068489], [101.614179, 3.068489], [101.61418, 3.068338], [101.614117, 3.068322], [101.614062, 3.068322]]]}}, {"type": "Feature", "properties": {}, "geometry": {"type": "Polygon", "coordinates": [[[101.614007, 3.068321], [101.614006, 3.068473], [101.614069, 3.068488], [101.614124, 3.068489], [101.614125, 3.068338], [101.614062, 3.068322], [101.614007, 3.068321]]]}}, {"type": "Feature", "properties": {}, "geometry": {"type": "Polygon", "coordinates": [[[101.613952, 3.068321], [101.613951, 3.068472], [101.614014, 3.068488], [101.614069, 3.068488], [101.61407, 3.068337], [101.614007, 3.068321], [101.613952, 3.068321]]]}}, {"type": "Feature", "properties": {}, "geometry": {"type": "Polygon", "coordinates": [[[101.613897, 3.068321], [101.613896, 3.068472], [101.613959, 3.068488], [101.614014, 3.068488], [101.614015, 3.068337], [101.613952, 3.068321], [101.613897, 3.068321]]]}}, {"type": "Feature", "properties": {}, "geometry": {"type": "Polygon", "coordinates": [[[101.613842, 3.06832], [101.613841, 3.068471], [101.613904, 3.068487], [101.613959, 3.068488], [101.61396, 3.068337], [101.613897, 3.068321], [101.613842, 3.06832]]]}}, {"type": "Feature", "properties": {}, "geometry": {"type": "Polygon", "coordinates": [[[101.61375, 3.067997], [101.613749, 3.068151], [101.613812, 3.068167], [101.613901, 3.068168], [101.613901, 3.068013], [101.613838, 3.067997], [101.61375, 3.067997]]]}}, {"type": "Feature", "properties": {}, "geometry": {"type": "Polygon", "coordinates": [[[101.613838, 3.067997], [101.613837, 3.068152], [101.613901, 3.068168], [101.613956, 3.068168], [101.613957, 3.068014], [101.613893, 3.067998], [101.613838, 3.067997]]]}}, {"type": "Feature", "properties": {}, "geometry": {"type": "Polygon", "coordinates": [[[101.613893, 3.067998], [101.613893, 3.068152], [101.613956, 3.068168], [101.614011, 3.068169], [101.614012, 3.068014], [101.613949, 3.067998], [101.613893, 3.067998]]]}}, {"type": "Feature", "properties": {}, "geometry": {"type": "Polygon", "coordinates": [[[101.613949, 3.067998], [101.613948, 3.068153], [101.614011, 3.068169], [101.614066, 3.068169], [101.614067, 3.068014], [101.614004, 3.067998], [101.613949, 3.067998]]]}}, {"type": "Feature", "properties": {}, "geometry": {"type": "Polygon", "coordinates": [[[101.614004, 3.067998], [101.614003, 3.068153], [101.614066, 3.068169], [101.614121, 3.068169], [101.614122, 3.068014], [101.614059, 3.067999], [101.614004, 3.067998]]]}}, {"type": "Feature", "properties": {}, "geometry": {"type": "Polygon", "coordinates": [[[101.614059, 3.067999], [101.614058, 3.068153], [101.614121, 3.068169], [101.614176, 3.06817], [101.614177, 3.068015], [101.614114, 3.067999], [101.614059, 3.067999]]]}}, {"type": "Feature", "properties": {}, "geometry": {"type": "Polygon", "coordinates": [[[101.614114, 3.067999], [101.614113, 3.068154], [101.614176, 3.06817], [101.614232, 3.06817], [101.614233, 3.068015], [101.614169, 3.067999], [101.614114, 3.067999]]]}}, {"type": "Feature", "properties": {}, "geometry": {"type": "Polygon", "coordinates": [[[101.614169, 3.067999], [101.614168, 3.068154], [101.614232, 3.06817], [101.614287, 3.06817], [101.614288, 3.068016], [101.614224, 3.068], [101.614169, 3.067999]]]}}, {"type": "Feature", "properties": {}, "geometry": {"type": "Polygon", "coordinates": [[[101.614224, 3.068], [101.614224, 3.068154], [101.614287, 3.06817], [101.614342, 3.068171], [101.614343, 3.068016], [101.61428, 3.068], [101.614224, 3.068]]]}}, {"type": "Feature", "properties": {}, "geometry": {"type": "Polygon", "coordinates": [[[101.61428, 3.068], [101.614279, 3.068155], [101.614342, 3.068171], [101.614397, 3.068171], [101.614398, 3.068016], [101.614335, 3.068], [101.61428, 3.068]]]}}, {"type": "Feature", "properties": {}, "geometry": {"type": "Polygon", "coordinates": [[[101.614335, 3.068], [101.614334, 3.068155], [101.614397, 3.068171], [101.614452, 3.068171], [101.614453, 3.068017], [101.61439, 3.068001], [101.614335, 3.068]]]}}, {"type": "Feature", "properties": {}, "geometry": {"type": "Polygon", "coordinates": [[[101.61439, 3.068001], [101.614389, 3.068155], [101.614452, 3.068171], [101.614507, 3.068172], [101.614508, 3.068017], [101.614445, 3.068001], [101.61439, 3.068001]]]}}, {"type": "Feature", "properties": {}, "geometry": {"type": "Polygon", "coordinates": [[[101.614445, 3.068001], [101.614444, 3.068156], [101.614507, 3.068172], [101.614563, 3.068172], [101.614564, 3.068017], [101.6145, 3.068001], [101.614445, 3.068001]]]}}, {"type": "Feature", "properties": {}, "geometry": {"type": "Polygon", "coordinates": [[[101.614555, 3.067815], [101.6145, 3.067815], [101.6145, 3.067967], [101.614564, 3.067983], [101.614618, 3.067983], [101.614618, 3.067831], [101.614555, 3.067815]]]}}, {"type": "Feature", "properties": {}, "geometry": {"type": "Polygon", "coordinates": [[[101.6145, 3.067815], [101.614445, 3.067816], [101.614446, 3.067967], [101.614509, 3.067983], [101.614564, 3.067983], [101.614563, 3.067831], [101.6145, 3.067815]]]}}, {"type": "Feature", "properties": {}, "geometry": {"type": "Polygon", "coordinates": [[[101.614445, 3.067816], [101.614391, 3.067816], [101.614391, 3.067967], [101.614454, 3.067983], [101.614509, 3.067983], [101.614509, 3.067831], [101.614445, 3.067816]]]}}, {"type": "Feature", "properties": {}, "geometry": {"type": "Polygon", "coordinates": [[[101.614391, 3.067816], [101.614336, 3.067816], [101.614337, 3.067967], [101.6144, 3.067983], [101.614454, 3.067983], [101.614454, 3.067832], [101.614391, 3.067816]]]}}, {"type": "Feature", "properties": {}, "geometry": {"type": "Polygon", "coordinates": [[[101.614336, 3.067816], [101.614282, 3.067816], [101.614282, 3.067968], [101.614345, 3.067983], [101.6144, 3.067983], [101.614399, 3.067832], [101.614336, 3.067816]]]}}, {"type": "Feature", "properties": {}, "geometry": {"type": "Polygon", "coordinates": [[[101.614282, 3.067816], [101.614227, 3.067816], [101.614227, 3.067968], [101.614291, 3.067984], [101.614345, 3.067983], [101.614345, 3.067832], [101.614282, 3.067816]]]}}, {"type": "Feature", "properties": {}, "geometry": {"type": "Polygon", "coordinates": [[[101.614227, 3.067816], [101.614172, 3.067816], [101.614173, 3.067968], [101.614236, 3.067984], [101.614291, 3.067984], [101.61429, 3.067832], [101.614227, 3.067816]]]}}, {"type": "Feature", "properties": {}, "geometry": {"type": "Polygon", "coordinates": [[[101.614172, 3.067816], [101.614118, 3.067817], [101.614118, 3.067968], [101.614182, 3.067984], [101.614236, 3.067984], [101.614236, 3.067832], [101.614172, 3.067816]]]}}, {"type": "Feature", "properties": {}, "geometry": {"type": "Polygon", "coordinates": [[[101.614118, 3.067817], [101.614063, 3.067817], [101.614064, 3.067968], [101.614127, 3.067984], [101.614182, 3.067984], [101.614181, 3.067833], [101.614118, 3.067817]]]}}, {"type": "Feature", "properties": {}, "geometry": {"type": "Polygon", "coordinates": [[[101.614063, 3.067817], [101.614009, 3.067817], [101.614009, 3.067969], [101.614072, 3.067985], [101.614127, 3.067984], [101.614126, 3.067833], [101.614063, 3.067817]]]}}, {"type": "Feature", "properties": {}, "geometry": {"type": "Polygon", "coordinates": [[[101.614009, 3.067817], [101.613954, 3.067817], [101.613954, 3.067969], [101.614018, 3.067985], [101.614072, 3.067985], [101.614072, 3.067833], [101.614009, 3.067817]]]}}, {"type": "Feature", "properties": {}, "geometry": {"type": "Polygon", "coordinates": [[[101.613954, 3.067817], [101.613899, 3.067817], [101.6139, 3.067969], [101.613963, 3.067985], [101.614018, 3.067985], [101.614017, 3.067833], [101.613954, 3.067817]]]}}, {"type": "Feature", "properties": {}, "geometry": {"type": "Polygon", "coordinates": [[[101.613899, 3.067817], [101.613845, 3.067818], [101.613845, 3.067969], [101.613908, 3.067985], [101.613963, 3.067985], [101.613963, 3.067833], [101.613899, 3.067817]]]}}, {"type": "Feature", "properties": {}, "geometry": {"type": "Polygon", "coordinates": [[[101.613889, 3.067177], [101.613888, 3.067344], [101.613951, 3.067359], [101.614013, 3.06736], [101.614014, 3.067193], [101.613951, 3.067177], [101.613889, 3.067177]]]}}, {"type": "Feature", "properties": {}, "geometry": {"type": "Polygon", "coordinates": [[[101.613951, 3.067177], [101.61395, 3.067344], [101.614013, 3.06736], [101.614075, 3.06736], [101.614076, 3.067193], [101.614013, 3.067177], [101.613951, 3.067177]]]}}, {"type": "Feature", "properties": {}, "geometry": {"type": "Polygon", "coordinates": [[[101.614013, 3.067177], [101.614012, 3.067344], [101.614075, 3.06736], [101.614138, 3.06736], [101.614138, 3.067193], [101.614075, 3.067177], [101.614013, 3.067177]]]}}, {"type": "Feature", "properties": {}, "geometry": {"type": "Polygon", "coordinates": [[[101.614075, 3.067177], [101.614074, 3.067344], [101.614138, 3.06736], [101.6142, 3.06736], [101.6142, 3.067193], [101.614137, 3.067177], [101.614075, 3.067177]]]}}, {"type": "Feature", "properties": {}, "geometry": {"type": "Polygon", "coordinates": [[[101.614137, 3.067177], [101.614136, 3.067344], [101.6142, 3.06736], [101.614262, 3.06736], [101.614262, 3.067194], [101.614199, 3.067178], [101.614137, 3.067177]]]}}, {"type": "Feature", "properties": {}, "geometry": {"type": "Polygon", "coordinates": [[[101.614199, 3.067178], [101.614199, 3.067345], [101.614262, 3.06736], [101.614324, 3.067361], [101.614324, 3.067194], [101.614261, 3.067178], [101.614199, 3.067178]]]}}, {"type": "Feature", "properties": {}, "geometry": {"type": "Polygon", "coordinates": [[[101.614261, 3.067178], [101.614261, 3.067345], [101.614324, 3.067361], [101.614386, 3.067361], [101.614386, 3.067194], [101.614323, 3.067178], [101.614261, 3.067178]]]}}, {"type": "Feature", "properties": {}, "geometry": {"type": "Polygon", "coordinates": [[[101.614323, 3.067178], [101.614323, 3.067345], [101.614386, 3.067361], [101.614448, 3.067361], [101.614448, 3.067194], [101.614385, 3.067178], [101.614323, 3.067178]]]}}, {"type": "Feature", "properties": {}, "geometry": {"type": "Polygon", "coordinates": [[[101.614385, 3.067178], [101.614385, 3.067345], [101.614448, 3.067361], [101.61451, 3.067361], [101.614511, 3.067194], [101.614447, 3.067178], [101.614385, 3.067178]]]}}, {"type": "Feature", "properties": {}, "geometry": {"type": "Polygon", "coordinates": [[[101.614447, 3.067178], [101.614447, 3.067345], [101.61451, 3.067361], [101.614572, 3.067361], [101.614573, 3.067194], [101.614509, 3.067179], [101.614447, 3.067178]]]}}, {"type": "Feature", "properties": {}, "geometry": {"type": "Polygon", "coordinates": [[[101.614509, 3.067179], [101.614509, 3.067346], [101.614572, 3.067361], [101.614634, 3.067362], [101.614635, 3.067195], [101.614571, 3.067179], [101.614509, 3.067179]]]}}, {"type": "Feature", "properties": {}, "geometry": {"type": "Polygon", "coordinates": [[[101.614571, 3.067179], [101.614571, 3.067346], [101.614634, 3.067362], [101.614696, 3.067362], [101.614697, 3.067195], [101.614634, 3.067179], [101.614571, 3.067179]]]}}, {"type": "Feature", "properties": {}, "geometry": {"type": "Polygon", "coordinates": [[[101.614634, 3.067179], [101.614633, 3.067346], [101.614696, 3.067362], [101.614758, 3.067362], [101.614759, 3.067195], [101.614696, 3.067179], [101.614634, 3.067179]]]}}, {"type": "Feature", "properties": {}, "geometry": {"type": "Polygon", "coordinates": [[[101.614698, 3.067003], [101.614698, 3.067153], [101.614761, 3.067169], [101.614823, 3.067169], [101.614824, 3.067019], [101.61476, 3.067004], [101.614698, 3.067003]]]}}, {"type": "Feature", "properties": {}, "geometry": {"type": "Polygon", "coordinates": [[[101.614636, 3.067003], [101.614636, 3.067153], [101.614699, 3.067169], [101.614761, 3.067169], [101.614762, 3.067019], [101.614698, 3.067003], [101.614636, 3.067003]]]}}, {"type": "Feature", "properties": {}, "geometry": {"type": "Polygon", "coordinates": [[[101.614574, 3.067003], [101.614574, 3.067153], [101.614637, 3.067169], [101.614699, 3.067169], [101.614699, 3.067019], [101.614636, 3.067003], [101.614574, 3.067003]]]}}, {"type": "Feature", "properties": {}, "geometry": {"type": "Polygon", "coordinates": [[[101.614512, 3.067003], [101.614512, 3.067153], [101.614575, 3.067169], [101.614637, 3.067169], [101.614637, 3.067019], [101.614574, 3.067003], [101.614512, 3.067003]]]}}, {"type": "Feature", "properties": {}, "geometry": {"type": "Polygon", "coordinates": [[[101.61445, 3.067003], [101.61445, 3.067152], [101.614513, 3.067168], [101.614575, 3.067169], [101.614575, 3.067019], [101.614512, 3.067003], [101.61445, 3.067003]]]}}, {"type": "Feature", "properties": {}, "geometry": {"type": "Polygon", "coordinates": [[[101.614388, 3.067002], [101.614388, 3.067152], [101.614451, 3.067168], [101.614513, 3.067168], [101.614513, 3.067019], [101.61445, 3.067003], [101.614388, 3.067002]]]}}, {"type": "Feature", "properties": {}, "geometry": {"type": "Polygon", "coordinates": [[[101.614326, 3.067002], [101.614325, 3.067152], [101.614389, 3.067168], [101.614451, 3.067168], [101.614451, 3.067018], [101.614388, 3.067002], [101.614326, 3.067002]]]}}, {"type": "Feature", "properties": {}, "geometry": {"type": "Polygon", "coordinates": [[[101.614264, 3.067002], [101.614263, 3.067152], [101.614327, 3.067168], [101.614389, 3.067168], [101.614389, 3.067018], [101.614326, 3.067002], [101.614264, 3.067002]]]}}, {"type": "Feature", "properties": {}, "geometry": {"type": "Polygon", "coordinates": [[[101.614202, 3.067002], [101.614201, 3.067152], [101.614265, 3.067168], [101.614327, 3.067168], [101.614327, 3.067018], [101.614264, 3.067002], [101.614202, 3.067002]]]}}, {"type": "Feature", "properties": {}, "geometry": {"type": "Polygon", "coordinates": [[[101.61414, 3.067002], [101.614139, 3.067151], [101.614203, 3.067167], [101.614265, 3.067168], [101.614265, 3.067018], [101.614202, 3.067002], [101.61414, 3.067002]]]}}, {"type": "Feature", "properties": {}, "geometry": {"type": "Polygon", "coordinates": [[[101.614078, 3.067001], [101.614077, 3.067151], [101.61414, 3.067167], [101.614203, 3.067167], [101.614203, 3.067017], [101.61414, 3.067002], [101.614078, 3.067001]]]}}, {"type": "Feature", "properties": {}, "geometry": {"type": "Polygon", "coordinates": [[[101.614015, 3.067001], [101.614015, 3.067151], [101.614078, 3.067167], [101.61414, 3.067167], [101.614141, 3.067017], [101.614078, 3.067001], [101.614015, 3.067001]]]}}, {"type": "Feature", "properties": {}, "geometry": {"type": "Polygon", "coordinates": [[[101.613953, 3.067001], [101.613953, 3.067151], [101.614016, 3.067167], [101.614078, 3.067167], [101.614079, 3.067017], [101.614015, 3.067001], [101.613953, 3.067001]]]}}, {"type": "Feature", "properties": {}, "geometry": {"type": "Polygon", "coordinates": [[[101.61487, 3.067182], [101.614807, 3.067183], [101.614809, 3.067338], [101.614872, 3.067354], [101.614935, 3.067353], [101.614933, 3.067198], [101.61487, 3.067182]]]}}, {"type": "Feature", "properties": {}, "geometry": {"type": "Polygon", "coordinates": [[[101.614932, 3.067181], [101.61487, 3.067182], [101.614871, 3.067337], [101.614935, 3.067353], [101.614997, 3.067353], [101.614996, 3.067197], [101.614932, 3.067181]]]}}, {"type": "Feature", "properties": {}, "geometry": {"type": "Polygon", "coordinates": [[[101.614995, 3.067181], [101.614932, 3.067181], [101.614934, 3.067337], [101.614997, 3.067353], [101.61506, 3.067352], [101.615058, 3.067197], [101.614995, 3.067181]]]}}, {"type": "Feature", "properties": {}, "geometry": {"type": "Polygon", "coordinates": [[[101.615058, 3.06718], [101.614995, 3.067181], [101.614996, 3.067336], [101.61506, 3.067352], [101.615122, 3.067351], [101.615121, 3.067196], [101.615058, 3.06718]]]}}, {"type": "Feature", "properties": {}, "geometry": {"type": "Polygon", "coordinates": [[[101.615056, 3.067004], [101.614994, 3.067004], [101.614995, 3.067159], [101.615059, 3.067175], [101.615121, 3.067175], [101.615119, 3.06702], [101.615056, 3.067004]]]}}, {"type": "Feature", "properties": {}, "geometry": {"type": "Polygon", "coordinates": [[[101.614994, 3.067004], [101.614933, 3.067005], [101.614934, 3.06716], [101.614997, 3.067175], [101.615059, 3.067175], [101.615058, 3.06702], [101.614994, 3.067004]]]}}, {"type": "Feature", "properties": {}, "geometry": {"type": "Polygon", "coordinates": [[[101.614933, 3.067005], [101.614871, 3.067005], [101.614872, 3.06716], [101.614935, 3.067176], [101.614997, 3.067175], [101.614996, 3.067021], [101.614933, 3.067005]]]}}, {"type": "Feature", "properties": {}, "geometry": {"type": "Polygon", "coordinates": [[[101.615017, 3.066627], [101.614954, 3.066628], [101.614956, 3.066775], [101.615019, 3.066791], [101.615081, 3.06679], [101.61508, 3.066643], [101.615017, 3.066627]]]}}, {"type": "Feature", "properties": {}, "geometry": {"type": "Polygon", "coordinates": [[[101.615016, 3.066076], [101.614953, 3.066076], [101.614954, 3.066224], [101.615017, 3.06624], [101.61508, 3.06624], [101.615079, 3.066092], [101.615016, 3.066076]]]}}, {"type": "Feature", "properties": {}, "geometry": {"type": "Polygon", "coordinates": [[[101.613952, 3.066638], [101.61389, 3.066639], [101.613891, 3.066775], [101.613955, 3.066791], [101.614017, 3.06679], [101.614015, 3.066654], [101.613952, 3.066638]]]}}, {"type": "Feature", "properties": {}, "geometry": {"type": "Polygon", "coordinates": [[[101.614014, 3.066637], [101.613952, 3.066638], [101.613954, 3.066774], [101.614017, 3.06679], [101.614079, 3.06679], [101.614077, 3.066653], [101.614014, 3.066637]]]}}, {"type": "Feature", "properties": {}, "geometry": {"type": "Polygon", "coordinates": [[[101.614076, 3.066637], [101.614014, 3.066637], [101.614016, 3.066774], [101.614079, 3.06679], [101.614141, 3.066789], [101.614139, 3.066652], [101.614076, 3.066637]]]}}, {"type": "Feature", "properties": {}, "geometry": {"type": "Polygon", "coordinates": [[[101.614138, 3.066636], [101.614076, 3.066637], [101.614078, 3.066773], [101.614141, 3.066789], [101.614203, 3.066788], [101.614201, 3.066652], [101.614138, 3.066636]]]}}, {"type": "Feature", "properties": {}, "geometry": {"type": "Polygon", "coordinates": [[[101.6142, 3.066635], [101.614138, 3.066636], [101.61414, 3.066772], [101.614203, 3.066788], [101.614265, 3.066788], [101.614264, 3.066651], [101.6142, 3.066635]]]}}, {"type": "Feature", "properties": {}, "geometry": {"type": "Polygon", "coordinates": [[[101.614262, 3.066635], [101.6142, 3.066635], [101.614202, 3.066772], [101.614265, 3.066788], [101.614327, 3.066787], [101.614326, 3.06665], [101.614262, 3.066635]]]}}, {"type": "Feature", "properties": {}, "geometry": {"type": "Polygon", "coordinates": [[[101.614324, 3.066634], [101.614262, 3.066635], [101.614264, 3.066771], [101.614327, 3.066787], [101.614389, 3.066786], [101.614388, 3.06665], [101.614324, 3.066634]]]}}, {"type": "Feature", "properties": {}, "geometry": {"type": "Polygon", "coordinates": [[[101.614324, 3.066453], [101.614324, 3.066601], [101.614388, 3.066617], [101.614449, 3.066617], [101.614449, 3.066469], [101.614386, 3.066453], [101.614324, 3.066453]]]}}, {"type": "Feature", "properties": {}, "geometry": {"type": "Polygon", "coordinates": [[[101.614263, 3.066453], [101.614263, 3.066601], [101.614326, 3.066617], [101.614388, 3.066617], [101.614388, 3.066469], [101.614324, 3.066453], [101.614263, 3.066453]]]}}, {"type": "Feature", "properties": {}, "geometry": {"type": "Polygon", "coordinates": [[[101.614201, 3.066453], [101.614201, 3.066601], [101.614264, 3.066617], [101.614326, 3.066617], [101.614326, 3.066469], [101.614263, 3.066453], [101.614201, 3.066453]]]}}, {"type": "Feature", "properties": {}, "geometry": {"type": "Polygon", "coordinates": [[[101.614139, 3.066453], [101.614139, 3.066601], [101.614202, 3.066617], [101.614264, 3.066617], [101.614264, 3.066469], [101.614201, 3.066453], [101.614139, 3.066453]]]}}, {"type": "Feature", "properties": {}, "geometry": {"type": "Polygon", "coordinates": [[[101.614077, 3.066453], [101.614077, 3.066601], [101.614141, 3.066617], [101.614202, 3.066617], [101.614202, 3.066469], [101.614139, 3.066453], [101.614077, 3.066453]]]}}, {"type": "Feature", "properties": {}, "geometry": {"type": "Polygon", "coordinates": [[[101.614016, 3.066453], [101.614016, 3.066601], [101.614079, 3.066617], [101.614141, 3.066617], [101.614141, 3.066469], [101.614077, 3.066453], [101.614016, 3.066453]]]}}, {"type": "Feature", "properties": {}, "geometry": {"type": "Polygon", "coordinates": [[[101.613954, 3.066453], [101.613954, 3.066601], [101.614017, 3.066617], [101.614079, 3.066617], [101.614079, 3.066469], [101.614016, 3.066453], [101.613954, 3.066453]]]}}, {"type": "Feature", "properties": {}, "geometry": {"type": "Polygon", "coordinates": [[[101.613892, 3.066082], [101.613892, 3.066237], [101.613956, 3.066253], [101.614017, 3.066253], [101.614017, 3.066098], [101.613953, 3.066082], [101.613892, 3.066082]]]}}, {"type": "Feature", "properties": {}, "geometry": {"type": "Polygon", "coordinates": [[[101.613953, 3.066082], [101.613953, 3.066237], [101.614017, 3.066253], [101.614078, 3.066253], [101.614078, 3.066098], [101.614014, 3.066082], [101.613953, 3.066082]]]}}, {"type": "Feature", "properties": {}, "geometry": {"type": "Polygon", "coordinates": [[[101.614014, 3.066082], [101.614014, 3.066237], [101.614078, 3.066253], [101.614139, 3.066253], [101.614139, 3.066098], [101.614075, 3.066082], [101.614014, 3.066082]]]}}, {"type": "Feature", "properties": {}, "geometry": {"type": "Polygon", "coordinates": [[[101.614075, 3.066082], [101.614075, 3.066237], [101.614139, 3.066253], [101.6142, 3.066253], [101.6142, 3.066098], [101.614136, 3.066082], [101.614075, 3.066082]]]}}, {"type": "Feature", "properties": {}, "geometry": {"type": "Polygon", "coordinates": [[[101.614136, 3.066082], [101.614136, 3.066237], [101.6142, 3.066253], [101.614261, 3.066253], [101.614261, 3.066098], [101.614197, 3.066082], [101.614136, 3.066082]]]}}, {"type": "Feature", "properties": {}, "geometry": {"type": "Polygon", "coordinates": [[[101.614197, 3.066082], [101.614197, 3.066237], [101.614261, 3.066253], [101.614322, 3.066253], [101.614322, 3.066098], [101.614259, 3.066082], [101.614197, 3.066082]]]}}, {"type": "Feature", "properties": {}, "geometry": {"type": "Polygon", "coordinates": [[[101.614259, 3.066082], [101.614259, 3.066237], [101.614322, 3.066253], [101.614383, 3.066253], [101.614383, 3.066098], [101.61432, 3.066082], [101.614259, 3.066082]]]}}, {"type": "Feature", "properties": {}, "geometry": {"type": "Polygon", "coordinates": [[[101.609304, 3.072806], [101.609096, 3.072807], [101.609096, 3.072869], [101.609215, 3.072899], [101.609423, 3.072897], [101.609422, 3.072836], [101.609304, 3.072806]]]}}, {"type": "Feature", "properties": {}, "geometry": {"type": "Polygon", "coordinates": [[[101.609304, 3.072868], [101.609096, 3.072869], [101.609097, 3.072931], [101.609215, 3.072961], [101.609423, 3.072959], [101.609423, 3.072897], [101.609304, 3.072868]]]}}, {"type": "Feature", "properties": {}, "geometry": {"type": "Polygon", "coordinates": [[[101.609305, 3.072929], [101.609097, 3.072931], [101.609097, 3.072993], [101.609216, 3.073023], [101.609424, 3.073021], [101.609423, 3.072959], [101.609305, 3.072929]]]}}, {"type": "Feature", "properties": {}, "geometry": {"type": "Polygon", "coordinates": [[[101.609305, 3.072991], [101.609097, 3.072993], [101.609098, 3.073055], [101.609216, 3.073084], [101.609424, 3.073083], [101.609424, 3.073021], [101.609305, 3.072991]]]}}, {"type": "Feature", "properties": {}, "geometry": {"type": "Polygon", "coordinates": [[[101.609306, 3.073053], [101.609098, 3.073055], [101.609098, 3.073117], [101.609217, 3.073146], [101.609425, 3.073145], [101.609424, 3.073083], [101.609306, 3.073053]]]}}, {"type": "Feature", "properties": {}, "geometry": {"type": "Polygon", "coordinates": [[[101.6093, 3.07272], [101.609142, 3.072722], [101.609096, 3.072771], [101.609096, 3.072807], [101.609214, 3.072837], [101.609422, 3.072836], [101.609419, 3.072749], [101.6093, 3.07272]]]}}, {"type": "Feature", "properties": {}, "geometry": {"type": "Polygon", "coordinates": [[[101.609306, 3.073115], [101.609098, 3.073117], [101.609098, 3.073178], [101.609217, 3.073208], [101.609425, 3.073206], [101.609425, 3.073145], [101.609306, 3.073115]]]}}, {"type": "Feature", "properties": {}, "geometry": {"type": "Polygon", "coordinates": [[[101.610365, 3.073283], [101.610149, 3.073284], [101.610149, 3.073345], [101.610268, 3.073374], [101.610484, 3.073373], [101.610484, 3.073312], [101.610365, 3.073283]]]}}, {"type": "Feature", "properties": {}, "geometry": {"type": "Polygon", "coordinates": [[[101.610365, 3.073222], [101.610149, 3.073223], [101.610149, 3.073284], [101.610268, 3.073314], [101.610484, 3.073312], [101.610483, 3.073252], [101.610365, 3.073222]]]}}, {"type": "Feature", "properties": {}, "geometry": {"type": "Polygon", "coordinates": [[[101.610365, 3.073161], [101.610148, 3.073162], [101.610149, 3.073223], [101.610267, 3.073253], [101.610483, 3.073252], [101.610483, 3.07319], [101.610365, 3.073161]]]}}, {"type": "Feature", "properties": {}, "geometry": {"type": "Polygon", "coordinates": [[[101.610364, 3.0731], [101.610148, 3.073101], [101.610148, 3.073162], [101.610267, 3.073192], [101.610483, 3.07319], [101.610483, 3.07313], [101.610364, 3.0731]]]}}, {"type": "Feature", "properties": {}, "geometry": {"type": "Polygon", "coordinates": [[[101.610364, 3.073039], [101.610148, 3.07304], [101.610148, 3.073101], [101.610267, 3.073131], [101.610483, 3.07313], [101.610482, 3.073069], [101.610364, 3.073039]]]}}, {"type": "Feature", "properties": {}, "geometry": {"type": "Polygon", "coordinates": [[[101.610363, 3.072978], [101.610147, 3.072979], [101.610148, 3.07304], [101.610266, 3.07307], [101.610482, 3.073069], [101.610482, 3.073008], [101.610363, 3.072978]]]}}, {"type": "Feature", "properties": {}, "geometry": {"type": "Polygon", "coordinates": [[[101.610363, 3.072917], [101.610147, 3.072918], [101.610147, 3.072979], [101.610266, 3.073009], [101.610482, 3.073008], [101.610482, 3.072947], [101.610363, 3.072917]]]}}, {"type": "Feature", "properties": {}, "geometry": {"type": "Polygon", "coordinates": [[[101.610363, 3.072856], [101.610147, 3.072857], [101.610147, 3.072918], [101.610266, 3.072948], [101.610482, 3.072947], [101.610481, 3.072886], [101.610363, 3.072856]]]}}, {"type": "Feature", "properties": {}, "geometry": {"type": "Polygon", "coordinates": [[[101.610362, 3.072795], [101.610146, 3.072797], [101.610147, 3.072857], [101.610265, 3.072887], [101.610481, 3.072886], [101.610481, 3.072825], [101.610362, 3.072795]]]}}, {"type": "Feature", "properties": {}, "geometry": {"type": "Polygon", "coordinates": [[[101.610308, 3.072707], [101.610147, 3.072708], [101.610146, 3.072797], [101.610265, 3.072826], [101.610481, 3.072825], [101.610479, 3.072797], [101.610427, 3.072736], [101.610308, 3.072707]]]}}, {"type": "Feature", "properties": {}, "geometry": {"type": "Polygon", "coordinates": [[[101.609418, 3.072706], [101.609357, 3.072706], [101.609358, 3.072921], [101.609477, 3.072951], [101.609537, 3.07295], [101.609536, 3.072736], [101.609418, 3.072706]]]}}, {"type": "Feature", "properties": {}, "geometry": {"type": "Polygon", "coordinates": [[[101.609478, 3.072706], [101.609418, 3.072706], [101.609419, 3.072921], [101.609537, 3.07295], [101.609598, 3.07295], [101.609597, 3.072735], [101.609478, 3.072706]]]}}, {"type": "Feature", "properties": {}, "geometry": {"type": "Polygon", "coordinates": [[[101.609539, 3.072705], [101.609478, 3.072706], [101.609479, 3.07292], [101.609598, 3.07295], [101.609658, 3.07295], [101.609657, 3.072735], [101.609539, 3.072705]]]}}, {"type": "Feature", "properties": {}, "geometry": {"type": "Polygon", "coordinates": [[[101.609599, 3.072705], [101.609539, 3.072705], [101.60954, 3.07292], [101.609658, 3.07295], [101.609719, 3.072949], [101.609718, 3.072735], [101.609599, 3.072705]]]}}, {"type": "Feature", "properties": {}, "geometry": {"type": "Polygon", "coordinates": [[[101.60966, 3.072705], [101.609599, 3.072705], [101.6096, 3.07292], [101.609719, 3.072949], [101.60978, 3.072949], [101.609778, 3.072734], [101.60966, 3.072705]]]}}, {"type": "Feature", "properties": {}, "geometry": {"type": "Polygon", "coordinates": [[[101.60972, 3.072704], [101.60966, 3.072705], [101.609661, 3.072919], [101.60978, 3.072949], [101.60984, 3.072949], [101.609839, 3.072734], [101.60972, 3.072704]]]}}, {"type": "Feature", "properties": {}, "geometry": {"type": "Polygon", "coordinates": [[[101.609781, 3.072704], [101.60972, 3.072704], [101.609722, 3.072919], [101.60984, 3.072949], [101.609901, 3.072948], [101.609899, 3.072734], [101.609781, 3.072704]]]}}, {"type": "Feature", "properties": {}, "geometry": {"type": "Polygon", "coordinates": [[[101.609841, 3.072704], [101.609781, 3.072704], [101.609782, 3.072919], [101.609901, 3.072948], [101.609961, 3.072948], [101.60996, 3.072733], [101.609841, 3.072704]]]}}, {"type": "Feature", "properties": {}, "geometry": {"type": "Polygon", "coordinates": [[[101.609902, 3.072703], [101.609841, 3.072704], [101.609843, 3.072918], [101.609961, 3.072948], [101.610022, 3.072948], [101.610021, 3.072733], [101.609902, 3.072703]]]}}, {"type": "Feature", "properties": {}, "geometry": {"type": "Polygon", "coordinates": [[[101.609963, 3.072703], [101.609902, 3.072703], [101.609903, 3.072918], [101.610022, 3.072948], [101.610082, 3.072947], [101.610081, 3.072733], [101.609963, 3.072703]]]}}, {"type": "Feature", "properties": {}, "geometry": {"type": "Polygon", "coordinates": [[[101.610023, 3.072703], [101.609963, 3.072703], [101.609964, 3.072918], [101.610082, 3.072947], [101.610143, 3.072947], [101.610142, 3.072732], [101.610023, 3.072703]]]}}, {"type": "Feature", "properties": {}, "geometry": {"type": "Polygon", "coordinates": [[[101.610366, 3.072204], [101.610143, 3.072204], [101.610143, 3.072262], [101.610261, 3.072292], [101.610485, 3.072291], [101.610485, 3.072233], [101.610366, 3.072204]]]}}, {"type": "Feature", "properties": {}, "geometry": {"type": "Polygon", "coordinates": [[[101.610367, 3.072262], [101.610143, 3.072262], [101.610143, 3.07232], [101.610262, 3.07235], [101.610485, 3.072349], [101.610485, 3.072291], [101.610367, 3.072262]]]}}, {"type": "Feature", "properties": {}, "geometry": {"type": "Polygon", "coordinates": [[[101.610367, 3.07232], [101.610143, 3.07232], [101.610143, 3.072378], [101.610262, 3.072408], [101.610485, 3.072407], [101.610485, 3.072349], [101.610367, 3.07232]]]}}, {"type": "Feature", "properties": {}, "geometry": {"type": "Polygon", "coordinates": [[[101.610367, 3.072378], [101.610143, 3.072378], [101.610143, 3.072436], [101.610262, 3.072466], [101.610485, 3.072465], [101.610485, 3.072407], [101.610367, 3.072378]]]}}, {"type": "Feature", "properties": {}, "geometry": {"type": "Polygon", "coordinates": [[[101.609102, 3.072208], [101.609101, 3.072265], [101.60922, 3.072294], [101.609421, 3.072298], [101.609422, 3.072241], [101.609303, 3.072211], [101.609102, 3.072208]]]}}, {"type": "Feature", "properties": {}, "geometry": {"type": "Polygon", "coordinates": [[[101.609101, 3.072265], [101.609101, 3.072322], [101.609219, 3.072351], [101.60942, 3.072354], [101.609421, 3.072298], [101.609302, 3.072268], [101.609101, 3.072265]]]}}, {"type": "Feature", "properties": {}, "geometry": {"type": "Polygon", "coordinates": [[[101.609101, 3.072322], [101.6091, 3.072378], [101.609218, 3.072408], [101.609419, 3.072411], [101.60942, 3.072354], [101.609301, 3.072325], [101.609101, 3.072322]]]}}, {"type": "Feature", "properties": {}, "geometry": {"type": "Polygon", "coordinates": [[[101.609306, 3.072072], [101.609159, 3.072077], [101.609108, 3.072126], [101.609102, 3.072208], [101.609221, 3.072238], [101.609422, 3.072241], [101.609425, 3.072102], [101.609306, 3.072072]]]}}, {"type": "Feature", "properties": {}, "geometry": {"type": "Polygon", "coordinates": [[[101.6091, 3.072378], [101.609099, 3.072435], [101.609217, 3.072465], [101.609418, 3.072468], [101.609419, 3.072411], [101.609301, 3.072381], [101.6091, 3.072378]]]}}, {"type": "Feature", "properties": {}, "geometry": {"type": "Polygon", "coordinates": [[[101.610323, 3.072055], [101.610146, 3.07206], [101.610143, 3.072204], [101.610261, 3.072234], [101.610485, 3.072233], [101.610488, 3.072135], [101.610441, 3.072084], [101.610323, 3.072055]]]}}, {"type": "Feature", "properties": {}, "geometry": {"type": "Polygon", "coordinates": [[[101.609433, 3.072073], [101.609355, 3.072074], [101.609357, 3.072277], [101.609475, 3.072307], [101.609553, 3.072307], [101.609552, 3.072103], [101.609433, 3.072073]]]}}, {"type": "Feature", "properties": {}, "geometry": {"type": "Polygon", "coordinates": [[[101.609493, 3.072073], [101.609433, 3.072073], [101.609434, 3.072277], [101.609553, 3.072307], [101.609613, 3.072306], [101.609612, 3.072102], [101.609493, 3.072073]]]}}, {"type": "Feature", "properties": {}, "geometry": {"type": "Polygon", "coordinates": [[[101.609553, 3.072072], [101.609493, 3.072073], [101.609494, 3.072277], [101.609613, 3.072306], [101.609673, 3.072306], [101.609672, 3.072102], [101.609553, 3.072072]]]}}, {"type": "Feature", "properties": {}, "geometry": {"type": "Polygon", "coordinates": [[[101.609613, 3.072072], [101.609553, 3.072072], [101.609554, 3.072276], [101.609673, 3.072306], [101.609733, 3.072306], [101.609732, 3.072102], [101.609613, 3.072072]]]}}, {"type": "Feature", "properties": {}, "geometry": {"type": "Polygon", "coordinates": [[[101.609673, 3.072072], [101.609613, 3.072072], [101.609614, 3.072276], [101.609733, 3.072306], [101.609793, 3.072305], [101.609792, 3.072101], [101.609673, 3.072072]]]}}, {"type": "Feature", "properties": {}, "geometry": {"type": "Polygon", "coordinates": [[[101.609733, 3.072071], [101.609673, 3.072072], [101.609674, 3.072275], [101.609793, 3.072305], [101.609853, 3.072305], [101.609852, 3.072101], [101.609733, 3.072071]]]}}, {"type": "Feature", "properties": {}, "geometry": {"type": "Polygon", "coordinates": [[[101.609793, 3.072071], [101.609733, 3.072071], [101.609734, 3.072275], [101.609853, 3.072305], [101.609913, 3.072304], [101.609912, 3.0721], [101.609793, 3.072071]]]}}, {"type": "Feature", "properties": {}, "geometry": {"type": "Polygon", "coordinates": [[[101.609853, 3.07207], [101.609793, 3.072071], [101.609794, 3.072275], [101.609913, 3.072304], [101.609973, 3.072304], [101.609972, 3.0721], [101.609853, 3.07207]]]}}, {"type": "Feature", "properties": {}, "geometry": {"type": "Polygon", "coordinates": [[[101.609913, 3.07207], [101.609853, 3.07207], [101.609854, 3.072274], [101.609973, 3.072304], [101.610033, 3.072304], [101.610032, 3.0721], [101.609913, 3.07207]]]}}, {"type": "Feature", "properties": {}, "geometry": {"type": "Polygon", "coordinates": [[[101.609973, 3.07207], [101.609913, 3.07207], [101.609914, 3.072274], [101.610033, 3.072304], [101.610093, 3.072303], [101.610092, 3.072099], [101.609973, 3.07207]]]}}, {"type": "Feature", "properties": {}, "geometry": {"type": "Polygon", "coordinates": [[[101.610033, 3.072069], [101.609973, 3.07207], [101.609974, 3.072274], [101.610093, 3.072303], [101.610153, 3.072303], [101.610152, 3.072099], [101.610033, 3.072069]]]}}, {"type": "Feature", "properties": {}, "geometry": {"type": "Polygon", "coordinates": [[[101.609438, 3.072321], [101.609358, 3.072322], [101.609359, 3.072535], [101.609478, 3.072565], [101.609558, 3.072564], [101.609556, 3.072351], [101.609438, 3.072321]]]}}, {"type": "Feature", "properties": {}, "geometry": {"type": "Polygon", "coordinates": [[[101.609498, 3.072321], [101.609438, 3.072321], [101.60944, 3.072534], [101.609558, 3.072564], [101.609618, 3.072563], [101.609616, 3.07235], [101.609498, 3.072321]]]}}, {"type": "Feature", "properties": {}, "geometry": {"type": "Polygon", "coordinates": [[[101.609557, 3.07232], [101.609498, 3.072321], [101.6095, 3.072534], [101.609618, 3.072563], [101.609678, 3.072563], [101.609676, 3.07235], [101.609557, 3.07232]]]}}, {"type": "Feature", "properties": {}, "geometry": {"type": "Polygon", "coordinates": [[[101.609617, 3.072319], [101.609557, 3.07232], [101.609559, 3.072533], [101.609678, 3.072563], [101.609738, 3.072562], [101.609736, 3.072349], [101.609617, 3.072319]]]}}, {"type": "Feature", "properties": {}, "geometry": {"type": "Polygon", "coordinates": [[[101.609677, 3.072319], [101.609617, 3.072319], [101.609619, 3.072533], [101.609738, 3.072562], [101.609798, 3.072562], [101.609796, 3.072349], [101.609677, 3.072319]]]}}, {"type": "Feature", "properties": {}, "geometry": {"type": "Polygon", "coordinates": [[[101.609737, 3.072318], [101.609677, 3.072319], [101.609679, 3.072532], [101.609798, 3.072562], [101.609858, 3.072561], [101.609856, 3.072348], [101.609737, 3.072318]]]}}, {"type": "Feature", "properties": {}, "geometry": {"type": "Polygon", "coordinates": [[[101.609797, 3.072318], [101.609737, 3.072318], [101.609739, 3.072532], [101.609858, 3.072561], [101.609918, 3.072561], [101.609916, 3.072347], [101.609797, 3.072318]]]}}, {"type": "Feature", "properties": {}, "geometry": {"type": "Polygon", "coordinates": [[[101.609857, 3.072317], [101.609797, 3.072318], [101.609799, 3.072531], [101.609918, 3.072561], [101.609977, 3.07256], [101.609976, 3.072347], [101.609857, 3.072317]]]}}, {"type": "Feature", "properties": {}, "geometry": {"type": "Polygon", "coordinates": [[[101.609917, 3.072317], [101.609857, 3.072317], [101.609859, 3.072531], [101.609977, 3.07256], [101.610037, 3.07256], [101.610035, 3.072346], [101.609917, 3.072317]]]}}, {"type": "Feature", "properties": {}, "geometry": {"type": "Polygon", "coordinates": [[[101.609977, 3.072316], [101.609917, 3.072317], [101.609919, 3.07253], [101.610037, 3.07256], [101.610097, 3.072559], [101.610095, 3.072346], [101.609977, 3.072316]]]}}, {"type": "Feature", "properties": {}, "geometry": {"type": "Polygon", "coordinates": [[[101.610037, 3.072316], [101.609977, 3.072316], [101.609979, 3.072529], [101.610097, 3.072559], [101.610157, 3.072558], [101.610155, 3.072345], [101.610037, 3.072316]]]}}, {"type": "Feature", "properties": {}, "geometry": {"type": "Polygon", "coordinates": [[[101.611742, 3.073489], [101.61168, 3.073489], [101.611681, 3.073647], [101.611744, 3.073663], [101.611806, 3.073663], [101.611805, 3.073505], [101.611742, 3.073489]]]}}, {"type": "Feature", "properties": {}, "geometry": {"type": "Polygon", "coordinates": [[[101.61168, 3.073489], [101.611618, 3.07349], [101.611619, 3.073647], [101.611682, 3.073663], [101.611744, 3.073663], [101.611743, 3.073505], [101.61168, 3.073489]]]}}, {"type": "Feature", "properties": {}, "geometry": {"type": "Polygon", "coordinates": [[[101.611618, 3.07349], [101.611556, 3.07349], [101.611557, 3.073648], [101.61162, 3.073663], [101.611682, 3.073663], [101.611682, 3.073506], [101.611618, 3.07349]]]}}, {"type": "Feature", "properties": {}, "geometry": {"type": "Polygon", "coordinates": [[[101.611556, 3.07349], [101.611494, 3.07349], [101.611495, 3.073648], [101.611559, 3.073664], [101.61162, 3.073663], [101.61162, 3.073506], [101.611556, 3.07349]]]}}, {"type": "Feature", "properties": {}, "geometry": {"type": "Polygon", "coordinates": [[[101.611494, 3.07349], [101.611432, 3.073491], [101.611433, 3.073648], [101.611497, 3.073664], [101.611559, 3.073664], [101.611558, 3.073506], [101.611494, 3.07349]]]}}, {"type": "Feature", "properties": {}, "geometry": {"type": "Polygon", "coordinates": [[[101.611432, 3.073491], [101.611371, 3.073491], [101.611371, 3.073649], [101.611435, 3.073665], [101.611497, 3.073664], [101.611496, 3.073507], [101.611432, 3.073491]]]}}, {"type": "Feature", "properties": {}, "geometry": {"type": "Polygon", "coordinates": [[[101.611371, 3.073491], [101.611309, 3.073491], [101.61131, 3.073649], [101.611373, 3.073665], [101.611435, 3.073665], [101.611434, 3.073507], [101.611371, 3.073491]]]}}, {"type": "Feature", "properties": {}, "geometry": {"type": "Polygon", "coordinates": [[[101.611309, 3.073491], [101.611247, 3.073492], [101.611248, 3.073649], [101.611311, 3.073665], [101.611373, 3.073665], [101.611372, 3.073507], [101.611309, 3.073491]]]}}, {"type": "Feature", "properties": {}, "geometry": {"type": "Polygon", "coordinates": [[[101.611247, 3.073492], [101.611185, 3.073492], [101.611186, 3.07365], [101.611249, 3.073666], [101.611311, 3.073665], [101.61131, 3.073507], [101.611247, 3.073492]]]}}, {"type": "Feature", "properties": {}, "geometry": {"type": "Polygon", "coordinates": [[[101.611185, 3.073492], [101.611123, 3.073492], [101.611124, 3.07365], [101.611187, 3.073666], [101.611249, 3.073666], [101.611248, 3.073508], [101.611185, 3.073492]]]}}, {"type": "Feature", "properties": {}, "geometry": {"type": "Polygon", "coordinates": [[[101.611123, 3.073492], [101.611061, 3.073493], [101.611062, 3.07365], [101.611125, 3.073666], [101.611187, 3.073666], [101.611186, 3.073508], [101.611123, 3.073492]]]}}, {"type": "Feature", "properties": {}, "geometry": {"type": "Polygon", "coordinates": [[[101.611061, 3.073305], [101.610999, 3.073305], [101.611, 3.073464], [101.611063, 3.07348], [101.611125, 3.07348], [101.611124, 3.073321], [101.611061, 3.073305]]]}}, {"type": "Feature", "properties": {}, "geometry": {"type": "Polygon", "coordinates": [[[101.611122, 3.073305], [101.611061, 3.073305], [101.611062, 3.073464], [101.611125, 3.07348], [101.611187, 3.073479], [101.611186, 3.07332], [101.611122, 3.073305]]]}}, {"type": "Feature", "properties": {}, "geometry": {"type": "Polygon", "coordinates": [[[101.611184, 3.073304], [101.611122, 3.073305], [101.611123, 3.073463], [101.611187, 3.073479], [101.611248, 3.073479], [101.611247, 3.07332], [101.611184, 3.073304]]]}}, {"type": "Feature", "properties": {}, "geometry": {"type": "Polygon", "coordinates": [[[101.611246, 3.073304], [101.611184, 3.073304], [101.611185, 3.073463], [101.611248, 3.073479], [101.61131, 3.073479], [101.611309, 3.07332], [101.611246, 3.073304]]]}}, {"type": "Feature", "properties": {}, "geometry": {"type": "Polygon", "coordinates": [[[101.611308, 3.073304], [101.611246, 3.073304], [101.611247, 3.073463], [101.61131, 3.073479], [101.611372, 3.073478], [101.611371, 3.07332], [101.611308, 3.073304]]]}}, {"type": "Feature", "properties": {}, "geometry": {"type": "Polygon", "coordinates": [[[101.611369, 3.073303], [101.611308, 3.073304], [101.611308, 3.073462], [101.611372, 3.073478], [101.611433, 3.073478], [101.611433, 3.073319], [101.611369, 3.073303]]]}}, {"type": "Feature", "properties": {}, "geometry": {"type": "Polygon", "coordinates": [[[101.611431, 3.073303], [101.611369, 3.073303], [101.61137, 3.073462], [101.611433, 3.073478], [101.611495, 3.073478], [101.611494, 3.073319], [101.611431, 3.073303]]]}}, {"type": "Feature", "properties": {}, "geometry": {"type": "Polygon", "coordinates": [[[101.611493, 3.073303], [101.611431, 3.073303], [101.611432, 3.073462], [101.611495, 3.073478], [101.611557, 3.073477], [101.611556, 3.073319], [101.611493, 3.073303]]]}}, {"type": "Feature", "properties": {}, "geometry": {"type": "Polygon", "coordinates": [[[101.611554, 3.073302], [101.611493, 3.073303], [101.611493, 3.073461], [101.611557, 3.073477], [101.611618, 3.073477], [101.611617, 3.073318], [101.611554, 3.073302]]]}}, {"type": "Feature", "properties": {}, "geometry": {"type": "Polygon", "coordinates": [[[101.611616, 3.073302], [101.611554, 3.073302], [101.611555, 3.073461], [101.611618, 3.073477], [101.61168, 3.073477], [101.611679, 3.073318], [101.611616, 3.073302]]]}}, {"type": "Feature", "properties": {}, "geometry": {"type": "Polygon", "coordinates": [[[101.611678, 3.073302], [101.611616, 3.073302], [101.611617, 3.073461], [101.61168, 3.073477], [101.611742, 3.073476], [101.611741, 3.073318], [101.611678, 3.073302]]]}}, {"type": "Feature", "properties": {}, "geometry": {"type": "Polygon", "coordinates": [[[101.611847, 3.07331], [101.611785, 3.073311], [101.611786, 3.073464], [101.611849, 3.073479], [101.611911, 3.073479], [101.61191, 3.073326], [101.611847, 3.07331]]]}}, {"type": "Feature", "properties": {}, "geometry": {"type": "Polygon", "coordinates": [[[101.611909, 3.07331], [101.611847, 3.07331], [101.611848, 3.073463], [101.611911, 3.073479], [101.611973, 3.073479], [101.611972, 3.073326], [101.611909, 3.07331]]]}}, {"type": "Feature", "properties": {}, "geometry": {"type": "Polygon", "coordinates": [[[101.611971, 3.07331], [101.611909, 3.07331], [101.61191, 3.073463], [101.611973, 3.073479], [101.612036, 3.073478], [101.612035, 3.073326], [101.611971, 3.07331]]]}}, {"type": "Feature", "properties": {}, "geometry": {"type": "Polygon", "coordinates": [[[101.612034, 3.073309], [101.611971, 3.07331], [101.611972, 3.073463], [101.612036, 3.073478], [101.612098, 3.073478], [101.612097, 3.073325], [101.612034, 3.073309]]]}}, {"type": "Feature", "properties": {}, "geometry": {"type": "Polygon", "coordinates": [[[101.612096, 3.073309], [101.612034, 3.073309], [101.612034, 3.073462], [101.612098, 3.073478], [101.61216, 3.073478], [101.612159, 3.073325], [101.612096, 3.073309]]]}}, {"type": "Feature", "properties": {}, "geometry": {"type": "Polygon", "coordinates": [[[101.612158, 3.073309], [101.612096, 3.073309], [101.612097, 3.073462], [101.61216, 3.073478], [101.612222, 3.073478], [101.612221, 3.073325], [101.612158, 3.073309]]]}}, {"type": "Feature", "properties": {}, "geometry": {"type": "Polygon", "coordinates": [[[101.61222, 3.073308], [101.612158, 3.073309], [101.612159, 3.073462], [101.612222, 3.073478], [101.612284, 3.073477], [101.612283, 3.073324], [101.61222, 3.073308]]]}}, {"type": "Feature", "properties": {}, "geometry": {"type": "Polygon", "coordinates": [[[101.612282, 3.073308], [101.61222, 3.073308], [101.612221, 3.073461], [101.612284, 3.073477], [101.612346, 3.073477], [101.612345, 3.073324], [101.612282, 3.073308]]]}}, {"type": "Feature", "properties": {}, "geometry": {"type": "Polygon", "coordinates": [[[101.612344, 3.073308], [101.612282, 3.073308], [101.612283, 3.073461], [101.612346, 3.073477], [101.612408, 3.073476], [101.612408, 3.073324], [101.612344, 3.073308]]]}}, {"type": "Feature", "properties": {}, "geometry": {"type": "Polygon", "coordinates": [[[101.612406, 3.073307], [101.612344, 3.073308], [101.612345, 3.073461], [101.612408, 3.073476], [101.612471, 3.073476], [101.61247, 3.073323], [101.612406, 3.073307]]]}}, {"type": "Feature", "properties": {}, "geometry": {"type": "Polygon", "coordinates": [[[101.612469, 3.073307], [101.612406, 3.073307], [101.612407, 3.07346], [101.612471, 3.073476], [101.612533, 3.073476], [101.612532, 3.073323], [101.612469, 3.073307]]]}}, {"type": "Feature", "properties": {}, "geometry": {"type": "Polygon", "coordinates": [[[101.612528, 3.07349], [101.612466, 3.073491], [101.612467, 3.073641], [101.61253, 3.073656], [101.612592, 3.073656], [101.612591, 3.073506], [101.612528, 3.07349]]]}}, {"type": "Feature", "properties": {}, "geometry": {"type": "Polygon", "coordinates": [[[101.612466, 3.073491], [101.612404, 3.073491], [101.612405, 3.073641], [101.612468, 3.073657], [101.61253, 3.073656], [101.612529, 3.073507], [101.612466, 3.073491]]]}}, {"type": "Feature", "properties": {}, "geometry": {"type": "Polygon", "coordinates": [[[101.612404, 3.073491], [101.612342, 3.073491], [101.612343, 3.073641], [101.612406, 3.073657], [101.612468, 3.073657], [101.612467, 3.073507], [101.612404, 3.073491]]]}}, {"type": "Feature", "properties": {}, "geometry": {"type": "Polygon", "coordinates": [[[101.612342, 3.073491], [101.61228, 3.073492], [101.612281, 3.073642], [101.612344, 3.073657], [101.612406, 3.073657], [101.612405, 3.073507], [101.612342, 3.073491]]]}}, {"type": "Feature", "properties": {}, "geometry": {"type": "Polygon", "coordinates": [[[101.61228, 3.073492], [101.612218, 3.073492], [101.612219, 3.073642], [101.612282, 3.073658], [101.612344, 3.073657], [101.612343, 3.073508], [101.61228, 3.073492]]]}}, {"type": "Feature", "properties": {}, "geometry": {"type": "Polygon", "coordinates": [[[101.612218, 3.073492], [101.612156, 3.073492], [101.612157, 3.073642], [101.61222, 3.073658], [101.612282, 3.073658], [101.612281, 3.073508], [101.612218, 3.073492]]]}}, {"type": "Feature", "properties": {}, "geometry": {"type": "Polygon", "coordinates": [[[101.612156, 3.073492], [101.612094, 3.073493], [101.612095, 3.073643], [101.612158, 3.073659], [101.61222, 3.073658], [101.612219, 3.073508], [101.612156, 3.073492]]]}}, {"type": "Feature", "properties": {}, "geometry": {"type": "Polygon", "coordinates": [[[101.612094, 3.073493], [101.612032, 3.073493], [101.612033, 3.073643], [101.612096, 3.073659], [101.612158, 3.073659], [101.612157, 3.073509], [101.612094, 3.073493]]]}}, {"type": "Feature", "properties": {}, "geometry": {"type": "Polygon", "coordinates": [[[101.612032, 3.073493], [101.61197, 3.073493], [101.61197, 3.073643], [101.612034, 3.073659], [101.612096, 3.073659], [101.612095, 3.073509], [101.612032, 3.073493]]]}}, {"type": "Feature", "properties": {}, "geometry": {"type": "Polygon", "coordinates": [[[101.61197, 3.073493], [101.611908, 3.073494], [101.611908, 3.073644], [101.611972, 3.073659], [101.612034, 3.073659], [101.612033, 3.073509], [101.61197, 3.073493]]]}}, {"type": "Feature", "properties": {}, "geometry": {"type": "Polygon", "coordinates": [[[101.611908, 3.073494], [101.611846, 3.073494], [101.611846, 3.073644], [101.61191, 3.07366], [101.611972, 3.073659], [101.611971, 3.07351], [101.611908, 3.073494]]]}}, {"type": "Feature", "properties": {}, "geometry": {"type": "Polygon", "coordinates": [[[101.613323, 3.07349], [101.613261, 3.073491], [101.613262, 3.073644], [101.613325, 3.07366], [101.613387, 3.073659], [101.613387, 3.073506], [101.613323, 3.07349]]]}}, {"type": "Feature", "properties": {}, "geometry": {"type": "Polygon", "coordinates": [[[101.613261, 3.073491], [101.613198, 3.073491], [101.613199, 3.073644], [101.613263, 3.07366], [101.613325, 3.07366], [101.613324, 3.073506], [101.613261, 3.073491]]]}}, {"type": "Feature", "properties": {}, "geometry": {"type": "Polygon", "coordinates": [[[101.613198, 3.073491], [101.613136, 3.073491], [101.613137, 3.073644], [101.6132, 3.07366], [101.613263, 3.07366], [101.613262, 3.073507], [101.613198, 3.073491]]]}}, {"type": "Feature", "properties": {}, "geometry": {"type": "Polygon", "coordinates": [[[101.613136, 3.073491], [101.613074, 3.073491], [101.613075, 3.073645], [101.613138, 3.07366], [101.6132, 3.07366], [101.613199, 3.073507], [101.613136, 3.073491]]]}}, {"type": "Feature", "properties": {}, "geometry": {"type": "Polygon", "coordinates": [[[101.613074, 3.073491], [101.613011, 3.073492], [101.613012, 3.073645], [101.613075, 3.073661], [101.613138, 3.07366], [101.613137, 3.073507], [101.613074, 3.073491]]]}}, {"type": "Feature", "properties": {}, "geometry": {"type": "Polygon", "coordinates": [[[101.613011, 3.073492], [101.612949, 3.073492], [101.61295, 3.073645], [101.613013, 3.073661], [101.613075, 3.073661], [101.613075, 3.073508], [101.613011, 3.073492]]]}}, {"type": "Feature", "properties": {}, "geometry": {"type": "Polygon", "coordinates": [[[101.612949, 3.073492], [101.612887, 3.073492], [101.612887, 3.073646], [101.612951, 3.073662], [101.613013, 3.073661], [101.613012, 3.073508], [101.612949, 3.073492]]]}}, {"type": "Feature", "properties": {}, "geometry": {"type": "Polygon", "coordinates": [[[101.612887, 3.073492], [101.612824, 3.073493], [101.612825, 3.073646], [101.612888, 3.073662], [101.612951, 3.073662], [101.61295, 3.073508], [101.612887, 3.073492]]]}}, {"type": "Feature", "properties": {}, "geometry": {"type": "Polygon", "coordinates": [[[101.612824, 3.073493], [101.612762, 3.073493], [101.612763, 3.073646], [101.612826, 3.073662], [101.612888, 3.073662], [101.612887, 3.073509], [101.612824, 3.073493]]]}}, {"type": "Feature", "properties": {}, "geometry": {"type": "Polygon", "coordinates": [[[101.612762, 3.073493], [101.6127, 3.073493], [101.6127, 3.073647], [101.612764, 3.073662], [101.612826, 3.073662], [101.612825, 3.073509], [101.612762, 3.073493]]]}}, {"type": "Feature", "properties": {}, "geometry": {"type": "Polygon", "coordinates": [[[101.6127, 3.073493], [101.612637, 3.073494], [101.612638, 3.073647], [101.612701, 3.073663], [101.612764, 3.073662], [101.612763, 3.073509], [101.6127, 3.073493]]]}}, {"type": "Feature", "properties": {}, "geometry": {"type": "Polygon", "coordinates": [[[101.613323, 3.073299], [101.613261, 3.0733], [101.613262, 3.073454], [101.613325, 3.07347], [101.613387, 3.07347], [101.613387, 3.073315], [101.613323, 3.073299]]]}}, {"type": "Feature", "properties": {}, "geometry": {"type": "Polygon", "coordinates": [[[101.613261, 3.0733], [101.613198, 3.0733], [101.613199, 3.073455], [101.613262, 3.07347], [101.613325, 3.07347], [101.613324, 3.073316], [101.613261, 3.0733]]]}}, {"type": "Feature", "properties": {}, "geometry": {"type": "Polygon", "coordinates": [[[101.613198, 3.0733], [101.613136, 3.0733], [101.613137, 3.073455], [101.6132, 3.073471], [101.613262, 3.07347], [101.613261, 3.073316], [101.613198, 3.0733]]]}}, {"type": "Feature", "properties": {}, "geometry": {"type": "Polygon", "coordinates": [[[101.613136, 3.0733], [101.613073, 3.073301], [101.613074, 3.073455], [101.613137, 3.073471], [101.6132, 3.073471], [101.613199, 3.073316], [101.613136, 3.0733]]]}}, {"type": "Feature", "properties": {}, "geometry": {"type": "Polygon", "coordinates": [[[101.613073, 3.073301], [101.613011, 3.073301], [101.613012, 3.073456], [101.613075, 3.073472], [101.613137, 3.073471], [101.613137, 3.073316], [101.613073, 3.073301]]]}}, {"type": "Feature", "properties": {}, "geometry": {"type": "Polygon", "coordinates": [[[101.613011, 3.073301], [101.612948, 3.073301], [101.612949, 3.073456], [101.613012, 3.073472], [101.613075, 3.073472], [101.613074, 3.073317], [101.613011, 3.073301]]]}}, {"type": "Feature", "properties": {}, "geometry": {"type": "Polygon", "coordinates": [[[101.612948, 3.073301], [101.612886, 3.073302], [101.612887, 3.073456], [101.61295, 3.073472], [101.613012, 3.073472], [101.613012, 3.073317], [101.612948, 3.073301]]]}}, {"type": "Feature", "properties": {}, "geometry": {"type": "Polygon", "coordinates": [[[101.612886, 3.073302], [101.612823, 3.073302], [101.612824, 3.073457], [101.612887, 3.073472], [101.61295, 3.073472], [101.612949, 3.073317], [101.612886, 3.073302]]]}}, {"type": "Feature", "properties": {}, "geometry": {"type": "Polygon", "coordinates": [[[101.612823, 3.073302], [101.612761, 3.073302], [101.612762, 3.073457], [101.612825, 3.073473], [101.612887, 3.073472], [101.612887, 3.073318], [101.612823, 3.073302]]]}}, {"type": "Feature", "properties": {}, "geometry": {"type": "Polygon", "coordinates": [[[101.612761, 3.073302], [101.612698, 3.073303], [101.612699, 3.073457], [101.612763, 3.073473], [101.612825, 3.073473], [101.612824, 3.073318], [101.612761, 3.073302]]]}}, {"type": "Feature", "properties": {}, "geometry": {"type": "Polygon", "coordinates": [[[101.612698, 3.073303], [101.612636, 3.073303], [101.612637, 3.073458], [101.6127, 3.073473], [101.612763, 3.073473], [101.612762, 3.073319], [101.612698, 3.073303]]]}}, {"type": "Feature", "properties": {}, "geometry": {"type": "Polygon", "coordinates": [[[101.612634, 3.072754], [101.612572, 3.072754], [101.612573, 3.072907], [101.612636, 3.072923], [101.612699, 3.072923], [101.612698, 3.072769], [101.612634, 3.072754]]]}}, {"type": "Feature", "properties": {}, "geometry": {"type": "Polygon", "coordinates": [[[101.612697, 3.072753], [101.612634, 3.072754], [101.612636, 3.072907], [101.612699, 3.072923], [101.612761, 3.072922], [101.61276, 3.072769], [101.612697, 3.072753]]]}}, {"type": "Feature", "properties": {}, "geometry": {"type": "Polygon", "coordinates": [[[101.612759, 3.072752], [101.612697, 3.072753], [101.612698, 3.072906], [101.612761, 3.072922], [101.612824, 3.072922], [101.612822, 3.072768], [101.612759, 3.072752]]]}}, {"type": "Feature", "properties": {}, "geometry": {"type": "Polygon", "coordinates": [[[101.612822, 3.072752], [101.612759, 3.072752], [101.612761, 3.072906], [101.612824, 3.072922], [101.612886, 3.072921], [101.612885, 3.072768], [101.612822, 3.072752]]]}}, {"type": "Feature", "properties": {}, "geometry": {"type": "Polygon", "coordinates": [[[101.612884, 3.072751], [101.612822, 3.072752], [101.612823, 3.072905], [101.612886, 3.072921], [101.612949, 3.07292], [101.612947, 3.072767], [101.612884, 3.072751]]]}}, {"type": "Feature", "properties": {}, "geometry": {"type": "Polygon", "coordinates": [[[101.612947, 3.072751], [101.612884, 3.072751], [101.612885, 3.072904], [101.612949, 3.07292], [101.613011, 3.07292], [101.61301, 3.072767], [101.612947, 3.072751]]]}}, {"type": "Feature", "properties": {}, "geometry": {"type": "Polygon", "coordinates": [[[101.613009, 3.07275], [101.612947, 3.072751], [101.612948, 3.072904], [101.613011, 3.07292], [101.613074, 3.072919], [101.613072, 3.072766], [101.613009, 3.07275]]]}}, {"type": "Feature", "properties": {}, "geometry": {"type": "Polygon", "coordinates": [[[101.613071, 3.07275], [101.613009, 3.07275], [101.61301, 3.072903], [101.613074, 3.072919], [101.613136, 3.072919], [101.613135, 3.072765], [101.613071, 3.07275]]]}}, {"type": "Feature", "properties": {}, "geometry": {"type": "Polygon", "coordinates": [[[101.613134, 3.072749], [101.613071, 3.07275], [101.613073, 3.072903], [101.613136, 3.072919], [101.613198, 3.072918], [101.613197, 3.072765], [101.613134, 3.072749]]]}}, {"type": "Feature", "properties": {}, "geometry": {"type": "Polygon", "coordinates": [[[101.613196, 3.072748], [101.613134, 3.072749], [101.613135, 3.072902], [101.613198, 3.072918], [101.613261, 3.072917], [101.61326, 3.072764], [101.613196, 3.072748]]]}}, {"type": "Feature", "properties": {}, "geometry": {"type": "Polygon", "coordinates": [[[101.613259, 3.072748], [101.613196, 3.072748], [101.613198, 3.072902], [101.613261, 3.072917], [101.613323, 3.072917], [101.613322, 3.072764], [101.613259, 3.072748]]]}}, {"type": "Feature", "properties": {}, "geometry": {"type": "Polygon", "coordinates": [[[101.613319, 3.072939], [101.613256, 3.07294], [101.613258, 3.073089], [101.613321, 3.073105], [101.613383, 3.073104], [101.613382, 3.072955], [101.613319, 3.072939]]]}}, {"type": "Feature", "properties": {}, "geometry": {"type": "Polygon", "coordinates": [[[101.613256, 3.07294], [101.613194, 3.07294], [101.613195, 3.07309], [101.613258, 3.073105], [101.613321, 3.073105], [101.61332, 3.072956], [101.613256, 3.07294]]]}}, {"type": "Feature", "properties": {}, "geometry": {"type": "Polygon", "coordinates": [[[101.613194, 3.07294], [101.613131, 3.072941], [101.613133, 3.07309], [101.613196, 3.073106], [101.613258, 3.073105], [101.613257, 3.072956], [101.613194, 3.07294]]]}}, {"type": "Feature", "properties": {}, "geometry": {"type": "Polygon", "coordinates": [[[101.613131, 3.072941], [101.613069, 3.072942], [101.61307, 3.073091], [101.613134, 3.073107], [101.613196, 3.073106], [101.613195, 3.072957], [101.613131, 3.072941]]]}}, {"type": "Feature", "properties": {}, "geometry": {"type": "Polygon", "coordinates": [[[101.613069, 3.072942], [101.613006, 3.072942], [101.613008, 3.073091], [101.613071, 3.073107], [101.613134, 3.073107], [101.613132, 3.072957], [101.613069, 3.072942]]]}}, {"type": "Feature", "properties": {}, "geometry": {"type": "Polygon", "coordinates": [[[101.613006, 3.072942], [101.612944, 3.072943], [101.612945, 3.073092], [101.613009, 3.073108], [101.613071, 3.073107], [101.61307, 3.072958], [101.613006, 3.072942]]]}}, {"type": "Feature", "properties": {}, "geometry": {"type": "Polygon", "coordinates": [[[101.612944, 3.072943], [101.612882, 3.072943], [101.612883, 3.073092], [101.612946, 3.073108], [101.613009, 3.073108], [101.613007, 3.072958], [101.612944, 3.072943]]]}}, {"type": "Feature", "properties": {}, "geometry": {"type": "Polygon", "coordinates": [[[101.612882, 3.072943], [101.612819, 3.072944], [101.61282, 3.073093], [101.612884, 3.073109], [101.612946, 3.073108], [101.612945, 3.072959], [101.612882, 3.072943]]]}}, {"type": "Feature", "properties": {}, "geometry": {"type": "Polygon", "coordinates": [[[101.612819, 3.072944], [101.612757, 3.072944], [101.612758, 3.073093], [101.612821, 3.073109], [101.612884, 3.073109], [101.612882, 3.07296], [101.612819, 3.072944]]]}}, {"type": "Feature", "properties": {}, "geometry": {"type": "Polygon", "coordinates": [[[101.612757, 3.072944], [101.612694, 3.072945], [101.612696, 3.073094], [101.612759, 3.07311], [101.612821, 3.073109], [101.61282, 3.07296], [101.612757, 3.072944]]]}}, {"type": "Feature", "properties": {}, "geometry": {"type": "Polygon", "coordinates": [[[101.612694, 3.072945], [101.612632, 3.072945], [101.612633, 3.073095], [101.612696, 3.07311], [101.612759, 3.07311], [101.612758, 3.072961], [101.612694, 3.072945]]]}}, {"type": "Feature", "properties": {}, "geometry": {"type": "Polygon", "coordinates": [[[101.611847, 3.072754], [101.611786, 3.072754], [101.611787, 3.072906], [101.611851, 3.072921], [101.611912, 3.072921], [101.611911, 3.07277], [101.611847, 3.072754]]]}}, {"type": "Feature", "properties": {}, "geometry": {"type": "Polygon", "coordinates": [[[101.611909, 3.072753], [101.611847, 3.072754], [101.611849, 3.072905], [101.611912, 3.072921], [101.611974, 3.07292], [101.611972, 3.072769], [101.611909, 3.072753]]]}}, {"type": "Feature", "properties": {}, "geometry": {"type": "Polygon", "coordinates": [[[101.61197, 3.072753], [101.611909, 3.072753], [101.61191, 3.072904], [101.611974, 3.07292], [101.612035, 3.07292], [101.612034, 3.072769], [101.61197, 3.072753]]]}}, {"type": "Feature", "properties": {}, "geometry": {"type": "Polygon", "coordinates": [[[101.612032, 3.072752], [101.61197, 3.072753], [101.611972, 3.072904], [101.612035, 3.07292], [101.612097, 3.072919], [101.612095, 3.072768], [101.612032, 3.072752]]]}}, {"type": "Feature", "properties": {}, "geometry": {"type": "Polygon", "coordinates": [[[101.612093, 3.072752], [101.612032, 3.072752], [101.612033, 3.072903], [101.612097, 3.072919], [101.612158, 3.072919], [101.612157, 3.072767], [101.612093, 3.072752]]]}}, {"type": "Feature", "properties": {}, "geometry": {"type": "Polygon", "coordinates": [[[101.612155, 3.072751], [101.612093, 3.072752], [101.612095, 3.072903], [101.612158, 3.072919], [101.612219, 3.072918], [101.612218, 3.072767], [101.612155, 3.072751]]]}}, {"type": "Feature", "properties": {}, "geometry": {"type": "Polygon", "coordinates": [[[101.612216, 3.07275], [101.612155, 3.072751], [101.612156, 3.072902], [101.612219, 3.072918], [101.612281, 3.072917], [101.612279, 3.072766], [101.612216, 3.07275]]]}}, {"type": "Feature", "properties": {}, "geometry": {"type": "Polygon", "coordinates": [[[101.612278, 3.07275], [101.612216, 3.07275], [101.612218, 3.072902], [101.612281, 3.072917], [101.612342, 3.072917], [101.612341, 3.072766], [101.612278, 3.07275]]]}}, {"type": "Feature", "properties": {}, "geometry": {"type": "Polygon", "coordinates": [[[101.612339, 3.072749], [101.612278, 3.07275], [101.612279, 3.072901], [101.612342, 3.072917], [101.612404, 3.072916], [101.612402, 3.072765], [101.612339, 3.072749]]]}}, {"type": "Feature", "properties": {}, "geometry": {"type": "Polygon", "coordinates": [[[101.612401, 3.072749], [101.612339, 3.072749], [101.612341, 3.072901], [101.612404, 3.072916], [101.612465, 3.072916], [101.612464, 3.072765], [101.612401, 3.072749]]]}}, {"type": "Feature", "properties": {}, "geometry": {"type": "Polygon", "coordinates": [[[101.612462, 3.072748], [101.612401, 3.072749], [101.612402, 3.0729], [101.612465, 3.072916], [101.612527, 3.072915], [101.612525, 3.072764], [101.612462, 3.072748]]]}}, {"type": "Feature", "properties": {}, "geometry": {"type": "Polygon", "coordinates": [[[101.612527, 3.072937], [101.612465, 3.072938], [101.612467, 3.073093], [101.61253, 3.073109], [101.612592, 3.073109], [101.612591, 3.072953], [101.612527, 3.072937]]]}}, {"type": "Feature", "properties": {}, "geometry": {"type": "Polygon", "coordinates": [[[101.612465, 3.072938], [101.612403, 3.072938], [101.612405, 3.073094], [101.612468, 3.07311], [101.61253, 3.073109], [101.612529, 3.072954], [101.612465, 3.072938]]]}}, {"type": "Feature", "properties": {}, "geometry": {"type": "Polygon", "coordinates": [[[101.612403, 3.072938], [101.612341, 3.072939], [101.612343, 3.073094], [101.612406, 3.07311], [101.612468, 3.07311], [101.612467, 3.072954], [101.612403, 3.072938]]]}}, {"type": "Feature", "properties": {}, "geometry": {"type": "Polygon", "coordinates": [[[101.612341, 3.072939], [101.612279, 3.07294], [101.612281, 3.073095], [101.612344, 3.073111], [101.612406, 3.07311], [101.612405, 3.072955], [101.612341, 3.072939]]]}}, {"type": "Feature", "properties": {}, "geometry": {"type": "Polygon", "coordinates": [[[101.612279, 3.07294], [101.612217, 3.07294], [101.612219, 3.073096], [101.612282, 3.073111], [101.612344, 3.073111], [101.612343, 3.072955], [101.612279, 3.07294]]]}}, {"type": "Feature", "properties": {}, "geometry": {"type": "Polygon", "coordinates": [[[101.612217, 3.07294], [101.612155, 3.072941], [101.612157, 3.073096], [101.61222, 3.073112], [101.612282, 3.073111], [101.61228, 3.072956], [101.612217, 3.07294]]]}}, {"type": "Feature", "properties": {}, "geometry": {"type": "Polygon", "coordinates": [[[101.612155, 3.072941], [101.612093, 3.072941], [101.612095, 3.073097], [101.612158, 3.073113], [101.61222, 3.073112], [101.612218, 3.072957], [101.612155, 3.072941]]]}}, {"type": "Feature", "properties": {}, "geometry": {"type": "Polygon", "coordinates": [[[101.612093, 3.072941], [101.612031, 3.072942], [101.612033, 3.073097], [101.612096, 3.073113], [101.612158, 3.073113], [101.612156, 3.072957], [101.612093, 3.072941]]]}}, {"type": "Feature", "properties": {}, "geometry": {"type": "Polygon", "coordinates": [[[101.612031, 3.072942], [101.611969, 3.072942], [101.611971, 3.073098], [101.612034, 3.073114], [101.612096, 3.073113], [101.612094, 3.072958], [101.612031, 3.072942]]]}}, {"type": "Feature", "properties": {}, "geometry": {"type": "Polygon", "coordinates": [[[101.611969, 3.072942], [101.611907, 3.072943], [101.611909, 3.073098], [101.611972, 3.073114], [101.612034, 3.073114], [101.612032, 3.072958], [101.611969, 3.072942]]]}}, {"type": "Feature", "properties": {}, "geometry": {"type": "Polygon", "coordinates": [[[101.611907, 3.072943], [101.611845, 3.072944], [101.611847, 3.073099], [101.61191, 3.073115], [101.611972, 3.073114], [101.61197, 3.072959], [101.611907, 3.072943]]]}}, {"type": "Feature", "properties": {}, "geometry": {"type": "Polygon", "coordinates": [[[101.611736, 3.072942], [101.611675, 3.072943], [101.611677, 3.073095], [101.61174, 3.073111], [101.611801, 3.073111], [101.6118, 3.072958], [101.611736, 3.072942]]]}}, {"type": "Feature", "properties": {}, "geometry": {"type": "Polygon", "coordinates": [[[101.611675, 3.072943], [101.611614, 3.072943], [101.611615, 3.073096], [101.611679, 3.073112], [101.61174, 3.073111], [101.611738, 3.072959], [101.611675, 3.072943]]]}}, {"type": "Feature", "properties": {}, "geometry": {"type": "Polygon", "coordinates": [[[101.611614, 3.072943], [101.611553, 3.072944], [101.611554, 3.073096], [101.611618, 3.073112], [101.611679, 3.073112], [101.611677, 3.072959], [101.611614, 3.072943]]]}}, {"type": "Feature", "properties": {}, "geometry": {"type": "Polygon", "coordinates": [[[101.611553, 3.072944], [101.611492, 3.072944], [101.611493, 3.073097], [101.611556, 3.073113], [101.611618, 3.073112], [101.611616, 3.07296], [101.611553, 3.072944]]]}}, {"type": "Feature", "properties": {}, "geometry": {"type": "Polygon", "coordinates": [[[101.611492, 3.072944], [101.611431, 3.072945], [101.611432, 3.073098], [101.611495, 3.073113], [101.611556, 3.073113], [101.611555, 3.07296], [101.611492, 3.072944]]]}}, {"type": "Feature", "properties": {}, "geometry": {"type": "Polygon", "coordinates": [[[101.611431, 3.072945], [101.611369, 3.072946], [101.611371, 3.073098], [101.611434, 3.073114], [101.611495, 3.073113], [101.611494, 3.072961], [101.611431, 3.072945]]]}}, {"type": "Feature", "properties": {}, "geometry": {"type": "Polygon", "coordinates": [[[101.611369, 3.072946], [101.611308, 3.072946], [101.61131, 3.073099], [101.611373, 3.073114], [101.611434, 3.073114], [101.611433, 3.072961], [101.611369, 3.072946]]]}}, {"type": "Feature", "properties": {}, "geometry": {"type": "Polygon", "coordinates": [[[101.611308, 3.072946], [101.611247, 3.072947], [101.611249, 3.073099], [101.611312, 3.073115], [101.611373, 3.073114], [101.611372, 3.072962], [101.611308, 3.072946]]]}}, {"type": "Feature", "properties": {}, "geometry": {"type": "Polygon", "coordinates": [[[101.611247, 3.072947], [101.611186, 3.072947], [101.611187, 3.0731], [101.611251, 3.073116], [101.611312, 3.073115], [101.611311, 3.072963], [101.611247, 3.072947]]]}}, {"type": "Feature", "properties": {}, "geometry": {"type": "Polygon", "coordinates": [[[101.611186, 3.072947], [101.611125, 3.072948], [101.611126, 3.0731], [101.61119, 3.073116], [101.611251, 3.073116], [101.611249, 3.072963], [101.611186, 3.072947]]]}}, {"type": "Feature", "properties": {}, "geometry": {"type": "Polygon", "coordinates": [[[101.611125, 3.072948], [101.611064, 3.072948], [101.611065, 3.073101], [101.611129, 3.073117], [101.61119, 3.073116], [101.611188, 3.072964], [101.611125, 3.072948]]]}}, {"type": "Feature", "properties": {}, "geometry": {"type": "Polygon", "coordinates": [[[101.611738, 3.072751], [101.611676, 3.072752], [101.611677, 3.072904], [101.611741, 3.07292], [101.611802, 3.072919], [101.611801, 3.072767], [101.611738, 3.072751]]]}}, {"type": "Feature", "properties": {}, "geometry": {"type": "Polygon", "coordinates": [[[101.611676, 3.072752], [101.611614, 3.072752], [101.611616, 3.072905], [101.611679, 3.072921], [101.611741, 3.07292], [101.611739, 3.072767], [101.611676, 3.072752]]]}}, {"type": "Feature", "properties": {}, "geometry": {"type": "Polygon", "coordinates": [[[101.611614, 3.072752], [101.611553, 3.072753], [101.611554, 3.072905], [101.611617, 3.072921], [101.611679, 3.072921], [101.611678, 3.072768], [101.611614, 3.072752]]]}}, {"type": "Feature", "properties": {}, "geometry": {"type": "Polygon", "coordinates": [[[101.611553, 3.072753], [101.611491, 3.072753], [101.611492, 3.072906], [101.611556, 3.072922], [101.611617, 3.072921], [101.611616, 3.072769], [101.611553, 3.072753]]]}}, {"type": "Feature", "properties": {}, "geometry": {"type": "Polygon", "coordinates": [[[101.611491, 3.072753], [101.611429, 3.072754], [101.611431, 3.072906], [101.611494, 3.072922], [101.611556, 3.072922], [101.611554, 3.072769], [101.611491, 3.072753]]]}}, {"type": "Feature", "properties": {}, "geometry": {"type": "Polygon", "coordinates": [[[101.611429, 3.072754], [101.611368, 3.072754], [101.611369, 3.072907], [101.611432, 3.072923], [101.611494, 3.072922], [101.611492, 3.07277], [101.611429, 3.072754]]]}}, {"type": "Feature", "properties": {}, "geometry": {"type": "Polygon", "coordinates": [[[101.611368, 3.072754], [101.611306, 3.072755], [101.611307, 3.072907], [101.611371, 3.072923], [101.611432, 3.072923], [101.611431, 3.07277], [101.611368, 3.072754]]]}}, {"type": "Feature", "properties": {}, "geometry": {"type": "Polygon", "coordinates": [[[101.611306, 3.072755], [101.611244, 3.072755], [101.611246, 3.072908], [101.611309, 3.072924], [101.611371, 3.072923], [101.611369, 3.072771], [101.611306, 3.072755]]]}}, {"type": "Feature", "properties": {}, "geometry": {"type": "Polygon", "coordinates": [[[101.611244, 3.072755], [101.611182, 3.072756], [101.611184, 3.072909], [101.611247, 3.072924], [101.611309, 3.072924], [101.611307, 3.072771], [101.611244, 3.072755]]]}}, {"type": "Feature", "properties": {}, "geometry": {"type": "Polygon", "coordinates": [[[101.611182, 3.072756], [101.611121, 3.072757], [101.611122, 3.072909], [101.611185, 3.072925], [101.611247, 3.072924], [101.611246, 3.072772], [101.611182, 3.072756]]]}}, {"type": "Feature", "properties": {}, "geometry": {"type": "Polygon", "coordinates": [[[101.611121, 3.072757], [101.611059, 3.072757], [101.61106, 3.07291], [101.611124, 3.072926], [101.611185, 3.072925], [101.611184, 3.072773], [101.611121, 3.072757]]]}}, {"type": "Feature", "properties": {}, "geometry": {"type": "Polygon", "coordinates": [[[101.611736, 3.072189], [101.611674, 3.072189], [101.611676, 3.072348], [101.611739, 3.072364], [101.611801, 3.072363], [101.6118, 3.072204], [101.611736, 3.072189]]]}}, {"type": "Feature", "properties": {}, "geometry": {"type": "Polygon", "coordinates": [[[101.611674, 3.072189], [101.611613, 3.07219], [101.611614, 3.072349], [101.611677, 3.072364], [101.611739, 3.072364], [101.611738, 3.072205], [101.611674, 3.072189]]]}}, {"type": "Feature", "properties": {}, "geometry": {"type": "Polygon", "coordinates": [[[101.611613, 3.07219], [101.611551, 3.07219], [101.611552, 3.072349], [101.611615, 3.072365], [101.611677, 3.072364], [101.611676, 3.072206], [101.611613, 3.07219]]]}}, {"type": "Feature", "properties": {}, "geometry": {"type": "Polygon", "coordinates": [[[101.611551, 3.07219], [101.611489, 3.072191], [101.61149, 3.07235], [101.611553, 3.072366], [101.611615, 3.072365], [101.611614, 3.072206], [101.611551, 3.07219]]]}}, {"type": "Feature", "properties": {}, "geometry": {"type": "Polygon", "coordinates": [[[101.611489, 3.072191], [101.611427, 3.072191], [101.611428, 3.07235], [101.611491, 3.072366], [101.611553, 3.072366], [101.611552, 3.072207], [101.611489, 3.072191]]]}}, {"type": "Feature", "properties": {}, "geometry": {"type": "Polygon", "coordinates": [[[101.611427, 3.072191], [101.611365, 3.072192], [101.611366, 3.072351], [101.61143, 3.072367], [101.611491, 3.072366], [101.61149, 3.072207], [101.611427, 3.072191]]]}}, {"type": "Feature", "properties": {}, "geometry": {"type": "Polygon", "coordinates": [[[101.611365, 3.072192], [101.611303, 3.072193], [101.611304, 3.072351], [101.611368, 3.072367], [101.61143, 3.072367], [101.611428, 3.072208], [101.611365, 3.072192]]]}}, {"type": "Feature", "properties": {}, "geometry": {"type": "Polygon", "coordinates": [[[101.611303, 3.072193], [101.611241, 3.072193], [101.611242, 3.072352], [101.611306, 3.072368], [101.611368, 3.072367], [101.611366, 3.072208], [101.611303, 3.072193]]]}}, {"type": "Feature", "properties": {}, "geometry": {"type": "Polygon", "coordinates": [[[101.611241, 3.072193], [101.611179, 3.072194], [101.611181, 3.072353], [101.611244, 3.072368], [101.611306, 3.072368], [101.611304, 3.072209], [101.611241, 3.072193]]]}}, {"type": "Feature", "properties": {}, "geometry": {"type": "Polygon", "coordinates": [[[101.611179, 3.072194], [101.611117, 3.072194], [101.611119, 3.072353], [101.611182, 3.072369], [101.611244, 3.072368], [101.611242, 3.07221], [101.611179, 3.072194]]]}}, {"type": "Feature", "properties": {}, "geometry": {"type": "Polygon", "coordinates": [[[101.611117, 3.072194], [101.611055, 3.072195], [101.611057, 3.072354], [101.61112, 3.07237], [101.611182, 3.072369], [101.611181, 3.07221], [101.611117, 3.072194]]]}}, {"type": "Feature", "properties": {}, "geometry": {"type": "Polygon", "coordinates": [[[101.611736, 3.072378], [101.611674, 3.072378], [101.611676, 3.072538], [101.611739, 3.072554], [101.611801, 3.072553], [101.611799, 3.072393], [101.611736, 3.072378]]]}}, {"type": "Feature", "properties": {}, "geometry": {"type": "Polygon", "coordinates": [[[101.611674, 3.072378], [101.611612, 3.072379], [101.611613, 3.072538], [101.611677, 3.072554], [101.611739, 3.072554], [101.611737, 3.072394], [101.611674, 3.072378]]]}}, {"type": "Feature", "properties": {}, "geometry": {"type": "Polygon", "coordinates": [[[101.611612, 3.072379], [101.61155, 3.072379], [101.611551, 3.072539], [101.611615, 3.072555], [101.611677, 3.072554], [101.611675, 3.072395], [101.611612, 3.072379]]]}}, {"type": "Feature", "properties": {}, "geometry": {"type": "Polygon", "coordinates": [[[101.61155, 3.072379], [101.611488, 3.07238], [101.611489, 3.07254], [101.611552, 3.072555], [101.611615, 3.072555], [101.611613, 3.072395], [101.61155, 3.072379]]]}}, {"type": "Feature", "properties": {}, "geometry": {"type": "Polygon", "coordinates": [[[101.611488, 3.07238], [101.611425, 3.07238], [101.611427, 3.07254], [101.61149, 3.072556], [101.611552, 3.072555], [101.611551, 3.072396], [101.611488, 3.07238]]]}}, {"type": "Feature", "properties": {}, "geometry": {"type": "Polygon", "coordinates": [[[101.611425, 3.07238], [101.611363, 3.072381], [101.611365, 3.072541], [101.611428, 3.072557], [101.61149, 3.072556], [101.611489, 3.072396], [101.611425, 3.07238]]]}}, {"type": "Feature", "properties": {}, "geometry": {"type": "Polygon", "coordinates": [[[101.611363, 3.072381], [101.611301, 3.072382], [101.611303, 3.072541], [101.611366, 3.072557], [101.611428, 3.072557], [101.611427, 3.072397], [101.611363, 3.072381]]]}}, {"type": "Feature", "properties": {}, "geometry": {"type": "Polygon", "coordinates": [[[101.611301, 3.072382], [101.611239, 3.072382], [101.611241, 3.072542], [101.611304, 3.072558], [101.611366, 3.072557], [101.611364, 3.072397], [101.611301, 3.072382]]]}}, {"type": "Feature", "properties": {}, "geometry": {"type": "Polygon", "coordinates": [[[101.611239, 3.072382], [101.611177, 3.072383], [101.611178, 3.072542], [101.611242, 3.072558], [101.611304, 3.072558], [101.611302, 3.072398], [101.611239, 3.072382]]]}}, {"type": "Feature", "properties": {}, "geometry": {"type": "Polygon", "coordinates": [[[101.611177, 3.072383], [101.611115, 3.072383], [101.611116, 3.072543], [101.61118, 3.072559], [101.611242, 3.072558], [101.61124, 3.072398], [101.611177, 3.072383]]]}}, {"type": "Feature", "properties": {}, "geometry": {"type": "Polygon", "coordinates": [[[101.611115, 3.072383], [101.611053, 3.072384], [101.611054, 3.072543], [101.611118, 3.072559], [101.61118, 3.072559], [101.611178, 3.072399], [101.611115, 3.072383]]]}}, {"type": "Feature", "properties": {}, "geometry": {"type": "Polygon", "coordinates": [[[101.612522, 3.072376], [101.61246, 3.072376], [101.612462, 3.072533], [101.612525, 3.072549], [101.612587, 3.072548], [101.612585, 3.072391], [101.612522, 3.072376]]]}}, {"type": "Feature", "properties": {}, "geometry": {"type": "Polygon", "coordinates": [[[101.61246, 3.072376], [101.612398, 3.072377], [101.6124, 3.072533], [101.612463, 3.072549], [101.612525, 3.072549], [101.612524, 3.072392], [101.61246, 3.072376]]]}}, {"type": "Feature", "properties": {}, "geometry": {"type": "Polygon", "coordinates": [[[101.612398, 3.072377], [101.612336, 3.072377], [101.612338, 3.072534], [101.612401, 3.07255], [101.612463, 3.072549], [101.612462, 3.072392], [101.612398, 3.072377]]]}}, {"type": "Feature", "properties": {}, "geometry": {"type": "Polygon", "coordinates": [[[101.612336, 3.072377], [101.612274, 3.072378], [101.612276, 3.072535], [101.612339, 3.07255], [101.612401, 3.07255], [101.6124, 3.072393], [101.612336, 3.072377]]]}}, {"type": "Feature", "properties": {}, "geometry": {"type": "Polygon", "coordinates": [[[101.612274, 3.072378], [101.612212, 3.072378], [101.612214, 3.072535], [101.612277, 3.072551], [101.612339, 3.07255], [101.612338, 3.072394], [101.612274, 3.072378]]]}}, {"type": "Feature", "properties": {}, "geometry": {"type": "Polygon", "coordinates": [[[101.612212, 3.072378], [101.612151, 3.072379], [101.612152, 3.072536], [101.612215, 3.072551], [101.612277, 3.072551], [101.612276, 3.072394], [101.612212, 3.072378]]]}}, {"type": "Feature", "properties": {}, "geometry": {"type": "Polygon", "coordinates": [[[101.612151, 3.072379], [101.612089, 3.072379], [101.61209, 3.072536], [101.612153, 3.072552], [101.612215, 3.072551], [101.612214, 3.072395], [101.612151, 3.072379]]]}}, {"type": "Feature", "properties": {}, "geometry": {"type": "Polygon", "coordinates": [[[101.612089, 3.072379], [101.612027, 3.07238], [101.612028, 3.072537], [101.612091, 3.072553], [101.612153, 3.072552], [101.612152, 3.072395], [101.612089, 3.072379]]]}}, {"type": "Feature", "properties": {}, "geometry": {"type": "Polygon", "coordinates": [[[101.612027, 3.07238], [101.611965, 3.072381], [101.611966, 3.072537], [101.612029, 3.072553], [101.612091, 3.072553], [101.61209, 3.072396], [101.612027, 3.07238]]]}}, {"type": "Feature", "properties": {}, "geometry": {"type": "Polygon", "coordinates": [[[101.611965, 3.072381], [101.611903, 3.072381], [101.611904, 3.072538], [101.611967, 3.072554], [101.612029, 3.072553], [101.612028, 3.072396], [101.611965, 3.072381]]]}}, {"type": "Feature", "properties": {}, "geometry": {"type": "Polygon", "coordinates": [[[101.611903, 3.072381], [101.611841, 3.072382], [101.611842, 3.072538], [101.611905, 3.072554], [101.611967, 3.072554], [101.611966, 3.072397], [101.611903, 3.072381]]]}}, {"type": "Feature", "properties": {}, "geometry": {"type": "Polygon", "coordinates": [[[101.612521, 3.072185], [101.612459, 3.072185], [101.612461, 3.072339], [101.612524, 3.072355], [101.612585, 3.072354], [101.612584, 3.0722], [101.612521, 3.072185]]]}}, {"type": "Feature", "properties": {}, "geometry": {"type": "Polygon", "coordinates": [[[101.612459, 3.072185], [101.612398, 3.072186], [101.612399, 3.072339], [101.612462, 3.072355], [101.612524, 3.072355], [101.612522, 3.072201], [101.612459, 3.072185]]]}}, {"type": "Feature", "properties": {}, "geometry": {"type": "Polygon", "coordinates": [[[101.612398, 3.072186], [101.612336, 3.072186], [101.612337, 3.07234], [101.612401, 3.072356], [101.612462, 3.072355], [101.612461, 3.072202], [101.612398, 3.072186]]]}}, {"type": "Feature", "properties": {}, "geometry": {"type": "Polygon", "coordinates": [[[101.612336, 3.072186], [101.612274, 3.072187], [101.612276, 3.072341], [101.612339, 3.072356], [101.612401, 3.072356], [101.612399, 3.072202], [101.612336, 3.072186]]]}}, {"type": "Feature", "properties": {}, "geometry": {"type": "Polygon", "coordinates": [[[101.612274, 3.072187], [101.612213, 3.072187], [101.612214, 3.072341], [101.612278, 3.072357], [101.612339, 3.072356], [101.612338, 3.072203], [101.612274, 3.072187]]]}}, {"type": "Feature", "properties": {}, "geometry": {"type": "Polygon", "coordinates": [[[101.612213, 3.072187], [101.612151, 3.072188], [101.612153, 3.072342], [101.612216, 3.072357], [101.612278, 3.072357], [101.612276, 3.072203], [101.612213, 3.072187]]]}}, {"type": "Feature", "properties": {}, "geometry": {"type": "Polygon", "coordinates": [[[101.612151, 3.072188], [101.61209, 3.072189], [101.612091, 3.072342], [101.612154, 3.072358], [101.612216, 3.072357], [101.612215, 3.072204], [101.612151, 3.072188]]]}}, {"type": "Feature", "properties": {}, "geometry": {"type": "Polygon", "coordinates": [[[101.61209, 3.072189], [101.612028, 3.072189], [101.61203, 3.072343], [101.612093, 3.072359], [101.612154, 3.072358], [101.612153, 3.072204], [101.61209, 3.072189]]]}}, {"type": "Feature", "properties": {}, "geometry": {"type": "Polygon", "coordinates": [[[101.612028, 3.072189], [101.611967, 3.07219], [101.611968, 3.072343], [101.612031, 3.072359], [101.612093, 3.072359], [101.612092, 3.072205], [101.612028, 3.072189]]]}}, {"type": "Feature", "properties": {}, "geometry": {"type": "Polygon", "coordinates": [[[101.611967, 3.07219], [101.611905, 3.07219], [101.611906, 3.072344], [101.61197, 3.07236], [101.612031, 3.072359], [101.61203, 3.072205], [101.611967, 3.07219]]]}}, {"type": "Feature", "properties": {}, "geometry": {"type": "Polygon", "coordinates": [[[101.611905, 3.07219], [101.611844, 3.072191], [101.611845, 3.072344], [101.611908, 3.07236], [101.61197, 3.07236], [101.611968, 3.072206], [101.611905, 3.07219]]]}}, {"type": "Feature", "properties": {}, "geometry": {"type": "Polygon", "coordinates": [[[101.61332, 3.072186], [101.613258, 3.072187], [101.613259, 3.07234], [101.613322, 3.072356], [101.613385, 3.072355], [101.613383, 3.072202], [101.61332, 3.072186]]]}}, {"type": "Feature", "properties": {}, "geometry": {"type": "Polygon", "coordinates": [[[101.613258, 3.072187], [101.613195, 3.072187], [101.613196, 3.07234], [101.61326, 3.072356], [101.613322, 3.072356], [101.613321, 3.072202], [101.613258, 3.072187]]]}}, {"type": "Feature", "properties": {}, "geometry": {"type": "Polygon", "coordinates": [[[101.613195, 3.072187], [101.613133, 3.072188], [101.613134, 3.072341], [101.613197, 3.072357], [101.61326, 3.072356], [101.613258, 3.072203], [101.613195, 3.072187]]]}}, {"type": "Feature", "properties": {}, "geometry": {"type": "Polygon", "coordinates": [[[101.613133, 3.072188], [101.61307, 3.072188], [101.613072, 3.072341], [101.613135, 3.072357], [101.613197, 3.072357], [101.613196, 3.072204], [101.613133, 3.072188]]]}}, {"type": "Feature", "properties": {}, "geometry": {"type": "Polygon", "coordinates": [[[101.61307, 3.072188], [101.613008, 3.072189], [101.613009, 3.072342], [101.613072, 3.072358], [101.613135, 3.072357], [101.613133, 3.072204], [101.61307, 3.072188]]]}}, {"type": "Feature", "properties": {}, "geometry": {"type": "Polygon", "coordinates": [[[101.613008, 3.072189], [101.612945, 3.072189], [101.612947, 3.072343], [101.61301, 3.072358], [101.613072, 3.072358], [101.613071, 3.072205], [101.613008, 3.072189]]]}}, {"type": "Feature", "properties": {}, "geometry": {"type": "Polygon", "coordinates": [[[101.612945, 3.072189], [101.612883, 3.07219], [101.612884, 3.072343], [101.612947, 3.072359], [101.61301, 3.072358], [101.613008, 3.072205], [101.612945, 3.072189]]]}}, {"type": "Feature", "properties": {}, "geometry": {"type": "Polygon", "coordinates": [[[101.612883, 3.07219], [101.61282, 3.072191], [101.612822, 3.072344], [101.612885, 3.07236], [101.612947, 3.072359], [101.612946, 3.072206], [101.612883, 3.07219]]]}}, {"type": "Feature", "properties": {}, "geometry": {"type": "Polygon", "coordinates": [[[101.61282, 3.072191], [101.612758, 3.072191], [101.612759, 3.072344], [101.612822, 3.07236], [101.612885, 3.07236], [101.612883, 3.072206], [101.61282, 3.072191]]]}}, {"type": "Feature", "properties": {}, "geometry": {"type": "Polygon", "coordinates": [[[101.61332, 3.072379], [101.613258, 3.072379], [101.613259, 3.072537], [101.613322, 3.072552], [101.613385, 3.072552], [101.613383, 3.072395], [101.61332, 3.072379]]]}}, {"type": "Feature", "properties": {}, "geometry": {"type": "Polygon", "coordinates": [[[101.613258, 3.072379], [101.613196, 3.07238], [101.613197, 3.072537], [101.61326, 3.072553], [101.613322, 3.072552], [101.613321, 3.072395], [101.613258, 3.072379]]]}}, {"type": "Feature", "properties": {}, "geometry": {"type": "Polygon", "coordinates": [[[101.613196, 3.07238], [101.613133, 3.072381], [101.613135, 3.072538], [101.613198, 3.072554], [101.61326, 3.072553], [101.613259, 3.072396], [101.613196, 3.07238]]]}}, {"type": "Feature", "properties": {}, "geometry": {"type": "Polygon", "coordinates": [[[101.613133, 3.072381], [101.613071, 3.072381], [101.613072, 3.072538], [101.613136, 3.072554], [101.613198, 3.072554], [101.613197, 3.072396], [101.613133, 3.072381]]]}}, {"type": "Feature", "properties": {}, "geometry": {"type": "Polygon", "coordinates": [[[101.613071, 3.072381], [101.613009, 3.072382], [101.61301, 3.072539], [101.613073, 3.072555], [101.613136, 3.072554], [101.613134, 3.072397], [101.613071, 3.072381]]]}}, {"type": "Feature", "properties": {}, "geometry": {"type": "Polygon", "coordinates": [[[101.613009, 3.072382], [101.612946, 3.072382], [101.612948, 3.072539], [101.613011, 3.072555], [101.613073, 3.072555], [101.613072, 3.072398], [101.613009, 3.072382]]]}}, {"type": "Feature", "properties": {}, "geometry": {"type": "Polygon", "coordinates": [[[101.612946, 3.072382], [101.612884, 3.072383], [101.612886, 3.07254], [101.612949, 3.072556], [101.613011, 3.072555], [101.61301, 3.072398], [101.612946, 3.072382]]]}}, {"type": "Feature", "properties": {}, "geometry": {"type": "Polygon", "coordinates": [[[101.612884, 3.072383], [101.612822, 3.072383], [101.612823, 3.07254], [101.612887, 3.072556], [101.612949, 3.072556], [101.612948, 3.072399], [101.612884, 3.072383]]]}}, {"type": "Feature", "properties": {}, "geometry": {"type": "Polygon", "coordinates": [[[101.612822, 3.072383], [101.61276, 3.072384], [101.612761, 3.072541], [101.612824, 3.072557], [101.612887, 3.072556], [101.612885, 3.072399], [101.612822, 3.072383]]]}}, {"type": "Feature", "properties": {}, "geometry": {"type": "Polygon", "coordinates": [[[101.61276, 3.072384], [101.612697, 3.072384], [101.612699, 3.072542], [101.612762, 3.072557], [101.612824, 3.072557], [101.612823, 3.0724], [101.61276, 3.072384]]]}}, {"type": "Feature", "properties": {}, "geometry": {"type": "Polygon", "coordinates": [[[101.612697, 3.072384], [101.612635, 3.072385], [101.612637, 3.072542], [101.6127, 3.072558], [101.612762, 3.072557], [101.612761, 3.0724], [101.612697, 3.072384]]]}}, {"type": "Feature", "properties": {}, "geometry": {"type": "Polygon", "coordinates": [[[101.613316, 3.071635], [101.613254, 3.071635], [101.613255, 3.071785], [101.613318, 3.071801], [101.613381, 3.0718], [101.613379, 3.07165], [101.613316, 3.071635]]]}}, {"type": "Feature", "properties": {}, "geometry": {"type": "Polygon", "coordinates": [[[101.613254, 3.071635], [101.613191, 3.071636], [101.613193, 3.071786], [101.613256, 3.071801], [101.613318, 3.071801], [101.613317, 3.071651], [101.613254, 3.071635]]]}}, {"type": "Feature", "properties": {}, "geometry": {"type": "Polygon", "coordinates": [[[101.613191, 3.071636], [101.613129, 3.071636], [101.61313, 3.071786], [101.613193, 3.071802], [101.613256, 3.071801], [101.613254, 3.071652], [101.613191, 3.071636]]]}}, {"type": "Feature", "properties": {}, "geometry": {"type": "Polygon", "coordinates": [[[101.613129, 3.071636], [101.613066, 3.071637], [101.613068, 3.071787], [101.613131, 3.071802], [101.613193, 3.071802], [101.613192, 3.071652], [101.613129, 3.071636]]]}}, {"type": "Feature", "properties": {}, "geometry": {"type": "Polygon", "coordinates": [[[101.613066, 3.071637], [101.613004, 3.071637], [101.613005, 3.071787], [101.613068, 3.071803], [101.613131, 3.071802], [101.61313, 3.071653], [101.613066, 3.071637]]]}}, {"type": "Feature", "properties": {}, "geometry": {"type": "Polygon", "coordinates": [[[101.613004, 3.071637], [101.612941, 3.071638], [101.612943, 3.071788], [101.613006, 3.071804], [101.613068, 3.071803], [101.613067, 3.071653], [101.613004, 3.071637]]]}}, {"type": "Feature", "properties": {}, "geometry": {"type": "Polygon", "coordinates": [[[101.612941, 3.071638], [101.612879, 3.071639], [101.61288, 3.071788], [101.612944, 3.071804], [101.613006, 3.071804], [101.613005, 3.071654], [101.612941, 3.071638]]]}}, {"type": "Feature", "properties": {}, "geometry": {"type": "Polygon", "coordinates": [[[101.612879, 3.071639], [101.612816, 3.071639], [101.612818, 3.071789], [101.612881, 3.071805], [101.612944, 3.071804], [101.612942, 3.071654], [101.612879, 3.071639]]]}}, {"type": "Feature", "properties": {}, "geometry": {"type": "Polygon", "coordinates": [[[101.612816, 3.071639], [101.612754, 3.07164], [101.612755, 3.07179], [101.612819, 3.071805], [101.612881, 3.071805], [101.61288, 3.071655], [101.612816, 3.071639]]]}}, {"type": "Feature", "properties": {}, "geometry": {"type": "Polygon", "coordinates": [[[101.612754, 3.07164], [101.612692, 3.07164], [101.612693, 3.07179], [101.612756, 3.071806], [101.612819, 3.071805], [101.612817, 3.071656], [101.612754, 3.07164]]]}}, {"type": "Feature", "properties": {}, "geometry": {"type": "Polygon", "coordinates": [[[101.612692, 3.07164], [101.612629, 3.071641], [101.61263, 3.071791], [101.612694, 3.071807], [101.612756, 3.071806], [101.612755, 3.071656], [101.612692, 3.07164]]]}}, {"type": "Feature", "properties": {}, "geometry": {"type": "Polygon", "coordinates": [[[101.61332, 3.071827], [101.613257, 3.071828], [101.613259, 3.071974], [101.613322, 3.07199], [101.613385, 3.07199], [101.613383, 3.071843], [101.61332, 3.071827]]]}}, {"type": "Feature", "properties": {}, "geometry": {"type": "Polygon", "coordinates": [[[101.613257, 3.071828], [101.613195, 3.071828], [101.613196, 3.071975], [101.613259, 3.071991], [101.613322, 3.07199], [101.613321, 3.071844], [101.613257, 3.071828]]]}}, {"type": "Feature", "properties": {}, "geometry": {"type": "Polygon", "coordinates": [[[101.613195, 3.071828], [101.613132, 3.071829], [101.613133, 3.071976], [101.613197, 3.071991], [101.613259, 3.071991], [101.613258, 3.071844], [101.613195, 3.071828]]]}}, {"type": "Feature", "properties": {}, "geometry": {"type": "Polygon", "coordinates": [[[101.613132, 3.071829], [101.613069, 3.071829], [101.61307, 3.071976], [101.613134, 3.071992], [101.613197, 3.071991], [101.613195, 3.071845], [101.613132, 3.071829]]]}}, {"type": "Feature", "properties": {}, "geometry": {"type": "Polygon", "coordinates": [[[101.613069, 3.071829], [101.613006, 3.07183], [101.613008, 3.071977], [101.613071, 3.071992], [101.613134, 3.071992], [101.613132, 3.071845], [101.613069, 3.071829]]]}}, {"type": "Feature", "properties": {}, "geometry": {"type": "Polygon", "coordinates": [[[101.613006, 3.07183], [101.612944, 3.071831], [101.612945, 3.071977], [101.613008, 3.071993], [101.613071, 3.071992], [101.613069, 3.071846], [101.613006, 3.07183]]]}}, {"type": "Feature", "properties": {}, "geometry": {"type": "Polygon", "coordinates": [[[101.612944, 3.071831], [101.612881, 3.071831], [101.612882, 3.071978], [101.612945, 3.071994], [101.613008, 3.071993], [101.613007, 3.071846], [101.612944, 3.071831]]]}}, {"type": "Feature", "properties": {}, "geometry": {"type": "Polygon", "coordinates": [[[101.612881, 3.071831], [101.612818, 3.071832], [101.612819, 3.071978], [101.612882, 3.071994], [101.612945, 3.071994], [101.612944, 3.071847], [101.612881, 3.071831]]]}}, {"type": "Feature", "properties": {}, "geometry": {"type": "Polygon", "coordinates": [[[101.612818, 3.071832], [101.612755, 3.071832], [101.612756, 3.071979], [101.61282, 3.071995], [101.612882, 3.071994], [101.612881, 3.071848], [101.612818, 3.071832]]]}}, {"type": "Feature", "properties": {}, "geometry": {"type": "Polygon", "coordinates": [[[101.612755, 3.071832], [101.612692, 3.071833], [101.612694, 3.07198], [101.612757, 3.071995], [101.61282, 3.071995], [101.612818, 3.071848], [101.612755, 3.071832]]]}}, {"type": "Feature", "properties": {}, "geometry": {"type": "Polygon", "coordinates": [[[101.612692, 3.071833], [101.61263, 3.071833], [101.612631, 3.07198], [101.612694, 3.071996], [101.612757, 3.071995], [101.612756, 3.071849], [101.612692, 3.071833]]]}}, {"type": "Feature", "properties": {}, "geometry": {"type": "Polygon", "coordinates": [[[101.612516, 3.071825], [101.612454, 3.071826], [101.612456, 3.071981], [101.612519, 3.071997], [101.61258, 3.071996], [101.612579, 3.071841], [101.612516, 3.071825]]]}}, {"type": "Feature", "properties": {}, "geometry": {"type": "Polygon", "coordinates": [[[101.612454, 3.071826], [101.612393, 3.071826], [101.612394, 3.071982], [101.612457, 3.071997], [101.612519, 3.071997], [101.612517, 3.071842], [101.612454, 3.071826]]]}}, {"type": "Feature", "properties": {}, "geometry": {"type": "Polygon", "coordinates": [[[101.612393, 3.071826], [101.612331, 3.071827], [101.612333, 3.071982], [101.612396, 3.071998], [101.612457, 3.071997], [101.612456, 3.071842], [101.612393, 3.071826]]]}}, {"type": "Feature", "properties": {}, "geometry": {"type": "Polygon", "coordinates": [[[101.612331, 3.071827], [101.61227, 3.071827], [101.612271, 3.071983], [101.612335, 3.071998], [101.612396, 3.071998], [101.612395, 3.071843], [101.612331, 3.071827]]]}}, {"type": "Feature", "properties": {}, "geometry": {"type": "Polygon", "coordinates": [[[101.61227, 3.071827], [101.612209, 3.071828], [101.61221, 3.071983], [101.612273, 3.071999], [101.612335, 3.071998], [101.612333, 3.071843], [101.61227, 3.071827]]]}}, {"type": "Feature", "properties": {}, "geometry": {"type": "Polygon", "coordinates": [[[101.612209, 3.071828], [101.612147, 3.071828], [101.612149, 3.071984], [101.612212, 3.072], [101.612273, 3.071999], [101.612272, 3.071844], [101.612209, 3.071828]]]}}, {"type": "Feature", "properties": {}, "geometry": {"type": "Polygon", "coordinates": [[[101.612147, 3.071828], [101.612086, 3.071829], [101.612087, 3.071984], [101.612151, 3.072], [101.612212, 3.072], [101.612211, 3.071844], [101.612147, 3.071828]]]}}, {"type": "Feature", "properties": {}, "geometry": {"type": "Polygon", "coordinates": [[[101.612086, 3.071829], [101.612025, 3.07183], [101.612026, 3.071985], [101.612089, 3.072001], [101.612151, 3.072], [101.612149, 3.071845], [101.612086, 3.071829]]]}}, {"type": "Feature", "properties": {}, "geometry": {"type": "Polygon", "coordinates": [[[101.612025, 3.07183], [101.611963, 3.07183], [101.611965, 3.071985], [101.612028, 3.072001], [101.612089, 3.072001], [101.612088, 3.071845], [101.612025, 3.07183]]]}}, {"type": "Feature", "properties": {}, "geometry": {"type": "Polygon", "coordinates": [[[101.611963, 3.07183], [101.611902, 3.071831], [101.611903, 3.071986], [101.611967, 3.072002], [101.612028, 3.072001], [101.612026, 3.071846], [101.611963, 3.07183]]]}}, {"type": "Feature", "properties": {}, "geometry": {"type": "Polygon", "coordinates": [[[101.611902, 3.071831], [101.61184, 3.071831], [101.611842, 3.071986], [101.611905, 3.072002], [101.611967, 3.072002], [101.611965, 3.071846], [101.611902, 3.071831]]]}}, {"type": "Feature", "properties": {}, "geometry": {"type": "Polygon", "coordinates": [[[101.612512, 3.071629], [101.61245, 3.07163], [101.612452, 3.071788], [101.612515, 3.071804], [101.612576, 3.071803], [101.612575, 3.071645], [101.612512, 3.071629]]]}}, {"type": "Feature", "properties": {}, "geometry": {"type": "Polygon", "coordinates": [[[101.61245, 3.07163], [101.612389, 3.07163], [101.612391, 3.071788], [101.612454, 3.071804], [101.612515, 3.071804], [101.612514, 3.071645], [101.61245, 3.07163]]]}}, {"type": "Feature", "properties": {}, "geometry": {"type": "Polygon", "coordinates": [[[101.612389, 3.07163], [101.612328, 3.071631], [101.61233, 3.071789], [101.612393, 3.071805], [101.612454, 3.071804], [101.612453, 3.071646], [101.612389, 3.07163]]]}}, {"type": "Feature", "properties": {}, "geometry": {"type": "Polygon", "coordinates": [[[101.612328, 3.071631], [101.612267, 3.071631], [101.612268, 3.071789], [101.612332, 3.071805], [101.612393, 3.071805], [101.612391, 3.071646], [101.612328, 3.071631]]]}}, {"type": "Feature", "properties": {}, "geometry": {"type": "Polygon", "coordinates": [[[101.612267, 3.071631], [101.612206, 3.071632], [101.612207, 3.07179], [101.61227, 3.071806], [101.612332, 3.071805], [101.61233, 3.071647], [101.612267, 3.071631]]]}}, {"type": "Feature", "properties": {}, "geometry": {"type": "Polygon", "coordinates": [[[101.612206, 3.071632], [101.612145, 3.071632], [101.612146, 3.07179], [101.612209, 3.071806], [101.61227, 3.071806], [101.612269, 3.071648], [101.612206, 3.071632]]]}}, {"type": "Feature", "properties": {}, "geometry": {"type": "Polygon", "coordinates": [[[101.612145, 3.071632], [101.612084, 3.071633], [101.612085, 3.071791], [101.612148, 3.071807], [101.612209, 3.071806], [101.612208, 3.071648], [101.612145, 3.071632]]]}}, {"type": "Feature", "properties": {}, "geometry": {"type": "Polygon", "coordinates": [[[101.612084, 3.071633], [101.612022, 3.071633], [101.612024, 3.071792], [101.612087, 3.071807], [101.612148, 3.071807], [101.612147, 3.071649], [101.612084, 3.071633]]]}}, {"type": "Feature", "properties": {}, "geometry": {"type": "Polygon", "coordinates": [[[101.612022, 3.071633], [101.611961, 3.071634], [101.611963, 3.071792], [101.612026, 3.071808], [101.612087, 3.071807], [101.612086, 3.071649], [101.612022, 3.071633]]]}}, {"type": "Feature", "properties": {}, "geometry": {"type": "Polygon", "coordinates": [[[101.611961, 3.071634], [101.6119, 3.071635], [101.611902, 3.071793], [101.611965, 3.071808], [101.612026, 3.071808], [101.612025, 3.07165], [101.611961, 3.071634]]]}}, {"type": "Feature", "properties": {}, "geometry": {"type": "Polygon", "coordinates": [[[101.6119, 3.071635], [101.611839, 3.071635], [101.61184, 3.071793], [101.611904, 3.071809], [101.611965, 3.071808], [101.611963, 3.07165], [101.6119, 3.071635]]]}}, {"type": "Feature", "properties": {}, "geometry": {"type": "Polygon", "coordinates": [[[101.611735, 3.071825], [101.611673, 3.071826], [101.611674, 3.07198], [101.611737, 3.071996], [101.6118, 3.071995], [101.611798, 3.071841], [101.611735, 3.071825]]]}}, {"type": "Feature", "properties": {}, "geometry": {"type": "Polygon", "coordinates": [[[101.611673, 3.071826], [101.61161, 3.071827], [101.611612, 3.071981], [101.611675, 3.071997], [101.611737, 3.071996], [101.611736, 3.071842], [101.611673, 3.071826]]]}}, {"type": "Feature", "properties": {}, "geometry": {"type": "Polygon", "coordinates": [[[101.61161, 3.071827], [101.611548, 3.071827], [101.611549, 3.071981], [101.611613, 3.071997], [101.611675, 3.071997], [101.611673, 3.071842], [101.61161, 3.071827]]]}}, {"type": "Feature", "properties": {}, "geometry": {"type": "Polygon", "coordinates": [[[101.611548, 3.071827], [101.611485, 3.071828], [101.611487, 3.071982], [101.61155, 3.071998], [101.611613, 3.071997], [101.611611, 3.071843], [101.611548, 3.071827]]]}}, {"type": "Feature", "properties": {}, "geometry": {"type": "Polygon", "coordinates": [[[101.611485, 3.071828], [101.611423, 3.071828], [101.611425, 3.071982], [101.611488, 3.071998], [101.61155, 3.071998], [101.611549, 3.071843], [101.611485, 3.071828]]]}}, {"type": "Feature", "properties": {}, "geometry": {"type": "Polygon", "coordinates": [[[101.611423, 3.071828], [101.611361, 3.071829], [101.611362, 3.071983], [101.611425, 3.071999], [101.611488, 3.071998], [101.611486, 3.071844], [101.611423, 3.071828]]]}}, {"type": "Feature", "properties": {}, "geometry": {"type": "Polygon", "coordinates": [[[101.611361, 3.071829], [101.611298, 3.071829], [101.6113, 3.071983], [101.611363, 3.071999], [101.611425, 3.071999], [101.611424, 3.071845], [101.611361, 3.071829]]]}}, {"type": "Feature", "properties": {}, "geometry": {"type": "Polygon", "coordinates": [[[101.611298, 3.071829], [101.611236, 3.07183], [101.611238, 3.071984], [101.611301, 3.072], [101.611363, 3.071999], [101.611362, 3.071845], [101.611298, 3.071829]]]}}, {"type": "Feature", "properties": {}, "geometry": {"type": "Polygon", "coordinates": [[[101.611236, 3.07183], [101.611174, 3.071831], [101.611175, 3.071985], [101.611238, 3.072001], [101.611301, 3.072], [101.611299, 3.071846], [101.611236, 3.07183]]]}}, {"type": "Feature", "properties": {}, "geometry": {"type": "Polygon", "coordinates": [[[101.611174, 3.071831], [101.611111, 3.071831], [101.611113, 3.071985], [101.611176, 3.072001], [101.611238, 3.072001], [101.611237, 3.071846], [101.611174, 3.071831]]]}}, {"type": "Feature", "properties": {}, "geometry": {"type": "Polygon", "coordinates": [[[101.611111, 3.071831], [101.611049, 3.071832], [101.61105, 3.071986], [101.611114, 3.072002], [101.611176, 3.072001], [101.611175, 3.071847], [101.611111, 3.071831]]]}}, {"type": "Feature", "properties": {}, "geometry": {"type": "Polygon", "coordinates": [[[101.611734, 3.071633], [101.611671, 3.071634], [101.611673, 3.07179], [101.611736, 3.071806], [101.611798, 3.071806], [101.611797, 3.071649], [101.611734, 3.071633]]]}}, {"type": "Feature", "properties": {}, "geometry": {"type": "Polygon", "coordinates": [[[101.611671, 3.071634], [101.611609, 3.071635], [101.61161, 3.071791], [101.611674, 3.071807], [101.611736, 3.071806], [101.611735, 3.07165], [101.611671, 3.071634]]]}}, {"type": "Feature", "properties": {}, "geometry": {"type": "Polygon", "coordinates": [[[101.611609, 3.071635], [101.611547, 3.071635], [101.611548, 3.071792], [101.611611, 3.071807], [101.611674, 3.071807], [101.611672, 3.07165], [101.611609, 3.071635]]]}}, {"type": "Feature", "properties": {}, "geometry": {"type": "Polygon", "coordinates": [[[101.611547, 3.071635], [101.611484, 3.071636], [101.611486, 3.071792], [101.611549, 3.071808], [101.611611, 3.071807], [101.61161, 3.071651], [101.611547, 3.071635]]]}}, {"type": "Feature", "properties": {}, "geometry": {"type": "Polygon", "coordinates": [[[101.611484, 3.071636], [101.611422, 3.071636], [101.611423, 3.071793], [101.611487, 3.071808], [101.611549, 3.071808], [101.611548, 3.071652], [101.611484, 3.071636]]]}}, {"type": "Feature", "properties": {}, "geometry": {"type": "Polygon", "coordinates": [[[101.611422, 3.071636], [101.61136, 3.071637], [101.611361, 3.071793], [101.611424, 3.071809], [101.611487, 3.071808], [101.611485, 3.071652], [101.611422, 3.071636]]]}}, {"type": "Feature", "properties": {}, "geometry": {"type": "Polygon", "coordinates": [[[101.61136, 3.071637], [101.611297, 3.071637], [101.611299, 3.071794], [101.611362, 3.07181], [101.611424, 3.071809], [101.611423, 3.071653], [101.61136, 3.071637]]]}}, {"type": "Feature", "properties": {}, "geometry": {"type": "Polygon", "coordinates": [[[101.611297, 3.071637], [101.611235, 3.071638], [101.611236, 3.071794], [101.6113, 3.07181], [101.611362, 3.07181], [101.611361, 3.071653], [101.611297, 3.071637]]]}}, {"type": "Feature", "properties": {}, "geometry": {"type": "Polygon", "coordinates": [[[101.611235, 3.071638], [101.611173, 3.071638], [101.611174, 3.071795], [101.611237, 3.071811], [101.6113, 3.07181], [101.611298, 3.071654], [101.611235, 3.071638]]]}}, {"type": "Feature", "properties": {}, "geometry": {"type": "Polygon", "coordinates": [[[101.611173, 3.071638], [101.61111, 3.071639], [101.611112, 3.071795], [101.611175, 3.071811], [101.611237, 3.071811], [101.611236, 3.071654], [101.611173, 3.071638]]]}}, {"type": "Feature", "properties": {}, "geometry": {"type": "Polygon", "coordinates": [[[101.61111, 3.071639], [101.611048, 3.07164], [101.611049, 3.071796], [101.611112, 3.071812], [101.611175, 3.071811], [101.611173, 3.071655], [101.61111, 3.071639]]]}}, {"type": "Feature", "properties": {}, "geometry": {"type": "Polygon", "coordinates": [[[101.611732, 3.071275], [101.611671, 3.071276], [101.611672, 3.071426], [101.611735, 3.071442], [101.611797, 3.071442], [101.611795, 3.071291], [101.611732, 3.071275]]]}}, {"type": "Feature", "properties": {}, "geometry": {"type": "Polygon", "coordinates": [[[101.611671, 3.071276], [101.611609, 3.071276], [101.61161, 3.071427], [101.611674, 3.071443], [101.611735, 3.071442], [101.611734, 3.071292], [101.611671, 3.071276]]]}}, {"type": "Feature", "properties": {}, "geometry": {"type": "Polygon", "coordinates": [[[101.611609, 3.071276], [101.611548, 3.071277], [101.611549, 3.071427], [101.611612, 3.071443], [101.611674, 3.071443], [101.611672, 3.071292], [101.611609, 3.071276]]]}}, {"type": "Feature", "properties": {}, "geometry": {"type": "Polygon", "coordinates": [[[101.611548, 3.071277], [101.611486, 3.071278], [101.611487, 3.071428], [101.611551, 3.071444], [101.611612, 3.071443], [101.611611, 3.071293], [101.611548, 3.071277]]]}}, {"type": "Feature", "properties": {}, "geometry": {"type": "Polygon", "coordinates": [[[101.611486, 3.071278], [101.611424, 3.071278], [101.611426, 3.071429], [101.611489, 3.071445], [101.611551, 3.071444], [101.611549, 3.071293], [101.611486, 3.071278]]]}}, {"type": "Feature", "properties": {}, "geometry": {"type": "Polygon", "coordinates": [[[101.611424, 3.071278], [101.611363, 3.071279], [101.611364, 3.071429], [101.611427, 3.071445], [101.611489, 3.071445], [101.611488, 3.071294], [101.611424, 3.071278]]]}}, {"type": "Feature", "properties": {}, "geometry": {"type": "Polygon", "coordinates": [[[101.611363, 3.071279], [101.611301, 3.071279], [101.611303, 3.07143], [101.611366, 3.071446], [101.611427, 3.071445], [101.611426, 3.071295], [101.611363, 3.071279]]]}}, {"type": "Feature", "properties": {}, "geometry": {"type": "Polygon", "coordinates": [[[101.611301, 3.071279], [101.61124, 3.07128], [101.611241, 3.07143], [101.611304, 3.071446], [101.611366, 3.071446], [101.611364, 3.071295], [101.611301, 3.071279]]]}}, {"type": "Feature", "properties": {}, "geometry": {"type": "Polygon", "coordinates": [[[101.61124, 3.07128], [101.611178, 3.07128], [101.611179, 3.071431], [101.611243, 3.071447], [101.611304, 3.071446], [101.611303, 3.071296], [101.61124, 3.07128]]]}}, {"type": "Feature", "properties": {}, "geometry": {"type": "Polygon", "coordinates": [[[101.611178, 3.07128], [101.611116, 3.071281], [101.611118, 3.071431], [101.611181, 3.071447], [101.611243, 3.071447], [101.611241, 3.071296], [101.611178, 3.07128]]]}}, {"type": "Feature", "properties": {}, "geometry": {"type": "Polygon", "coordinates": [[[101.611116, 3.071281], [101.611055, 3.071281], [101.611056, 3.071432], [101.61112, 3.071448], [101.611181, 3.071447], [101.61118, 3.071297], [101.611116, 3.071281]]]}}, {"type": "Feature", "properties": {}, "geometry": {"type": "Polygon", "coordinates": [[[101.61173, 3.071084], [101.611668, 3.071085], [101.61167, 3.07124], [101.611733, 3.071256], [101.611794, 3.071256], [101.611793, 3.0711], [101.61173, 3.071084]]]}}, {"type": "Feature", "properties": {}, "geometry": {"type": "Polygon", "coordinates": [[[101.611668, 3.071085], [101.611607, 3.071086], [101.611608, 3.071241], [101.611671, 3.071257], [101.611733, 3.071256], [101.611731, 3.071101], [101.611668, 3.071085]]]}}, {"type": "Feature", "properties": {}, "geometry": {"type": "Polygon", "coordinates": [[[101.611607, 3.071086], [101.611545, 3.071086], [101.611547, 3.071241], [101.61161, 3.071257], [101.611671, 3.071257], [101.61167, 3.071102], [101.611607, 3.071086]]]}}, {"type": "Feature", "properties": {}, "geometry": {"type": "Polygon", "coordinates": [[[101.611545, 3.071086], [101.611484, 3.071087], [101.611485, 3.071242], [101.611548, 3.071258], [101.61161, 3.071257], [101.611609, 3.071102], [101.611545, 3.071086]]]}}, {"type": "Feature", "properties": {}, "geometry": {"type": "Polygon", "coordinates": [[[101.611484, 3.071087], [101.611422, 3.071087], [101.611424, 3.071243], [101.611487, 3.071258], [101.611548, 3.071258], [101.611547, 3.071103], [101.611484, 3.071087]]]}}, {"type": "Feature", "properties": {}, "geometry": {"type": "Polygon", "coordinates": [[[101.611422, 3.071087], [101.611361, 3.071088], [101.611362, 3.071243], [101.611425, 3.071259], [101.611487, 3.071258], [101.611486, 3.071103], [101.611422, 3.071087]]]}}, {"type": "Feature", "properties": {}, "geometry": {"type": "Polygon", "coordinates": [[[101.611361, 3.071088], [101.611299, 3.071088], [101.611301, 3.071244], [101.611364, 3.07126], [101.611425, 3.071259], [101.611424, 3.071104], [101.611361, 3.071088]]]}}, {"type": "Feature", "properties": {}, "geometry": {"type": "Polygon", "coordinates": [[[101.611299, 3.071088], [101.611238, 3.071089], [101.611239, 3.071244], [101.611302, 3.07126], [101.611364, 3.07126], [101.611362, 3.071104], [101.611299, 3.071088]]]}}, {"type": "Feature", "properties": {}, "geometry": {"type": "Polygon", "coordinates": [[[101.611238, 3.071089], [101.611176, 3.07109], [101.611178, 3.071245], [101.611241, 3.071261], [101.611302, 3.07126], [101.611301, 3.071105], [101.611238, 3.071089]]]}}, {"type": "Feature", "properties": {}, "geometry": {"type": "Polygon", "coordinates": [[[101.611176, 3.07109], [101.611115, 3.07109], [101.611116, 3.071245], [101.61118, 3.071261], [101.611241, 3.071261], [101.61124, 3.071105], [101.611176, 3.07109]]]}}, {"type": "Feature", "properties": {}, "geometry": {"type": "Polygon", "coordinates": [[[101.611115, 3.07109], [101.611053, 3.071091], [101.611055, 3.071246], [101.611118, 3.071262], [101.61118, 3.071261], [101.611178, 3.071106], [101.611115, 3.07109]]]}}, {"type": "Feature", "properties": {}, "geometry": {"type": "Polygon", "coordinates": [[[101.612528, 3.071266], [101.612465, 3.071267], [101.612466, 3.071421], [101.61253, 3.071437], [101.612592, 3.071437], [101.612591, 3.071282], [101.612528, 3.071266]]]}}, {"type": "Feature", "properties": {}, "geometry": {"type": "Polygon", "coordinates": [[[101.612465, 3.071267], [101.612403, 3.071268], [101.612404, 3.071422], [101.612467, 3.071438], [101.61253, 3.071437], [101.612528, 3.071283], [101.612465, 3.071267]]]}}, {"type": "Feature", "properties": {}, "geometry": {"type": "Polygon", "coordinates": [[[101.612403, 3.071268], [101.61234, 3.071268], [101.612342, 3.071423], [101.612405, 3.071438], [101.612467, 3.071438], [101.612466, 3.071283], [101.612403, 3.071268]]]}}, {"type": "Feature", "properties": {}, "geometry": {"type": "Polygon", "coordinates": [[[101.61234, 3.071268], [101.612278, 3.071269], [101.612279, 3.071423], [101.612342, 3.071439], [101.612405, 3.071438], [101.612403, 3.071284], [101.61234, 3.071268]]]}}, {"type": "Feature", "properties": {}, "geometry": {"type": "Polygon", "coordinates": [[[101.612278, 3.071269], [101.612215, 3.071269], [101.612217, 3.071424], [101.61228, 3.071439], [101.612342, 3.071439], [101.612341, 3.071284], [101.612278, 3.071269]]]}}, {"type": "Feature", "properties": {}, "geometry": {"type": "Polygon", "coordinates": [[[101.612215, 3.071269], [101.612153, 3.07127], [101.612154, 3.071424], [101.612217, 3.07144], [101.61228, 3.071439], [101.612278, 3.071285], [101.612215, 3.071269]]]}}, {"type": "Feature", "properties": {}, "geometry": {"type": "Polygon", "coordinates": [[[101.612153, 3.07127], [101.61209, 3.07127], [101.612092, 3.071425], [101.612155, 3.071441], [101.612217, 3.07144], [101.612216, 3.071286], [101.612153, 3.07127]]]}}, {"type": "Feature", "properties": {}, "geometry": {"type": "Polygon", "coordinates": [[[101.61209, 3.07127], [101.612028, 3.071271], [101.612029, 3.071425], [101.612092, 3.071441], [101.612155, 3.071441], [101.612153, 3.071286], [101.61209, 3.07127]]]}}, {"type": "Feature", "properties": {}, "geometry": {"type": "Polygon", "coordinates": [[[101.612028, 3.071271], [101.611965, 3.071271], [101.611967, 3.071426], [101.61203, 3.071442], [101.612092, 3.071441], [101.612091, 3.071287], [101.612028, 3.071271]]]}}, {"type": "Feature", "properties": {}, "geometry": {"type": "Polygon", "coordinates": [[[101.611965, 3.071271], [101.611903, 3.071272], [101.611904, 3.071427], [101.611968, 3.071442], [101.61203, 3.071442], [101.612028, 3.071287], [101.611965, 3.071271]]]}}, {"type": "Feature", "properties": {}, "geometry": {"type": "Polygon", "coordinates": [[[101.611903, 3.071272], [101.61184, 3.071273], [101.611842, 3.071427], [101.611905, 3.071443], [101.611968, 3.071442], [101.611966, 3.071288], [101.611903, 3.071272]]]}}, {"type": "Feature", "properties": {}, "geometry": {"type": "Polygon", "coordinates": [[[101.612526, 3.071079], [101.612464, 3.071079], [101.612465, 3.071231], [101.612528, 3.071247], [101.612591, 3.071246], [101.612589, 3.071095], [101.612526, 3.071079]]]}}, {"type": "Feature", "properties": {}, "geometry": {"type": "Polygon", "coordinates": [[[101.612464, 3.071079], [101.612401, 3.07108], [101.612403, 3.071231], [101.612466, 3.071247], [101.612528, 3.071247], [101.612527, 3.071095], [101.612464, 3.071079]]]}}, {"type": "Feature", "properties": {}, "geometry": {"type": "Polygon", "coordinates": [[[101.612401, 3.07108], [101.612339, 3.07108], [101.61234, 3.071232], [101.612403, 3.071248], [101.612466, 3.071247], [101.612465, 3.071096], [101.612401, 3.07108]]]}}, {"type": "Feature", "properties": {}, "geometry": {"type": "Polygon", "coordinates": [[[101.612339, 3.07108], [101.612276, 3.071081], [101.612278, 3.071232], [101.612341, 3.071248], [101.612403, 3.071248], [101.612402, 3.071096], [101.612339, 3.07108]]]}}, {"type": "Feature", "properties": {}, "geometry": {"type": "Polygon", "coordinates": [[[101.612276, 3.071081], [101.612214, 3.071082], [101.612215, 3.071233], [101.612278, 3.071249], [101.612341, 3.071248], [101.61234, 3.071097], [101.612276, 3.071081]]]}}, {"type": "Feature", "properties": {}, "geometry": {"type": "Polygon", "coordinates": [[[101.612214, 3.071082], [101.612151, 3.071082], [101.612153, 3.071234], [101.612216, 3.071249], [101.612278, 3.071249], [101.612277, 3.071097], [101.612214, 3.071082]]]}}, {"type": "Feature", "properties": {}, "geometry": {"type": "Polygon", "coordinates": [[[101.612151, 3.071082], [101.612089, 3.071083], [101.61209, 3.071234], [101.612154, 3.07125], [101.612216, 3.071249], [101.612215, 3.071098], [101.612151, 3.071082]]]}}, {"type": "Feature", "properties": {}, "geometry": {"type": "Polygon", "coordinates": [[[101.612089, 3.071083], [101.612026, 3.071083], [101.612028, 3.071235], [101.612091, 3.071251], [101.612154, 3.07125], [101.612152, 3.071099], [101.612089, 3.071083]]]}}, {"type": "Feature", "properties": {}, "geometry": {"type": "Polygon", "coordinates": [[[101.612026, 3.071083], [101.611964, 3.071084], [101.611965, 3.071235], [101.612028, 3.071251], [101.612091, 3.071251], [101.61209, 3.071099], [101.612026, 3.071083]]]}}, {"type": "Feature", "properties": {}, "geometry": {"type": "Polygon", "coordinates": [[[101.611964, 3.071084], [101.611901, 3.071084], [101.611903, 3.071236], [101.611966, 3.071252], [101.612028, 3.071251], [101.612027, 3.0711], [101.611964, 3.071084]]]}}, {"type": "Feature", "properties": {}, "geometry": {"type": "Polygon", "coordinates": [[[101.611901, 3.071084], [101.611839, 3.071085], [101.61184, 3.071236], [101.611904, 3.071252], [101.611966, 3.071252], [101.611965, 3.0711], [101.611901, 3.071084]]]}}, {"type": "Feature", "properties": {}, "geometry": {"type": "Polygon", "coordinates": [[[101.611732, 3.070723], [101.61167, 3.070723], [101.611672, 3.070883], [101.611735, 3.070899], [101.611797, 3.070898], [101.611795, 3.070739], [101.611732, 3.070723]]]}}, {"type": "Feature", "properties": {}, "geometry": {"type": "Polygon", "coordinates": [[[101.61167, 3.070723], [101.611608, 3.070724], [101.61161, 3.070884], [101.611673, 3.070899], [101.611735, 3.070899], [101.611733, 3.070739], [101.61167, 3.070723]]]}}, {"type": "Feature", "properties": {}, "geometry": {"type": "Polygon", "coordinates": [[[101.611608, 3.070724], [101.611546, 3.070724], [101.611547, 3.070884], [101.611611, 3.0709], [101.611673, 3.070899], [101.611671, 3.07074], [101.611608, 3.070724]]]}}, {"type": "Feature", "properties": {}, "geometry": {"type": "Polygon", "coordinates": [[[101.611546, 3.070724], [101.611484, 3.070725], [101.611485, 3.070885], [101.611548, 3.070901], [101.611611, 3.0709], [101.611609, 3.07074], [101.611546, 3.070724]]]}}, {"type": "Feature", "properties": {}, "geometry": {"type": "Polygon", "coordinates": [[[101.611484, 3.070725], [101.611422, 3.070725], [101.611423, 3.070885], [101.611486, 3.070901], [101.611548, 3.070901], [101.611547, 3.070741], [101.611484, 3.070725]]]}}, {"type": "Feature", "properties": {}, "geometry": {"type": "Polygon", "coordinates": [[[101.611422, 3.070725], [101.61136, 3.070726], [101.611361, 3.070886], [101.611424, 3.070902], [101.611486, 3.070901], [101.611485, 3.070741], [101.611422, 3.070725]]]}}, {"type": "Feature", "properties": {}, "geometry": {"type": "Polygon", "coordinates": [[[101.61136, 3.070726], [101.611297, 3.070727], [101.611299, 3.070886], [101.611362, 3.070902], [101.611424, 3.070902], [101.611423, 3.070742], [101.61136, 3.070726]]]}}, {"type": "Feature", "properties": {}, "geometry": {"type": "Polygon", "coordinates": [[[101.611297, 3.070727], [101.611235, 3.070727], [101.611237, 3.070887], [101.6113, 3.070903], [101.611362, 3.070902], [101.611361, 3.070742], [101.611297, 3.070727]]]}}, {"type": "Feature", "properties": {}, "geometry": {"type": "Polygon", "coordinates": [[[101.611235, 3.070727], [101.611173, 3.070728], [101.611175, 3.070888], [101.611238, 3.070903], [101.6113, 3.070903], [101.611299, 3.070743], [101.611235, 3.070727]]]}}, {"type": "Feature", "properties": {}, "geometry": {"type": "Polygon", "coordinates": [[[101.611173, 3.070728], [101.611111, 3.070728], [101.611113, 3.070888], [101.611176, 3.070904], [101.611238, 3.070903], [101.611236, 3.070743], [101.611173, 3.070728]]]}}, {"type": "Feature", "properties": {}, "geometry": {"type": "Polygon", "coordinates": [[[101.611111, 3.070728], [101.611049, 3.070729], [101.61105, 3.070889], [101.611114, 3.070905], [101.611176, 3.070904], [101.611174, 3.070744], [101.611111, 3.070728]]]}}, {"type": "Feature", "properties": {}, "geometry": {"type": "Polygon", "coordinates": [[[101.612642, 3.070716], [101.61258, 3.070716], [101.612581, 3.07087], [101.612644, 3.070886], [101.612706, 3.070885], [101.612705, 3.070732], [101.612642, 3.070716]]]}}, {"type": "Feature", "properties": {}, "geometry": {"type": "Polygon", "coordinates": [[[101.61258, 3.070716], [101.612518, 3.070717], [101.612519, 3.07087], [101.612582, 3.070886], [101.612644, 3.070886], [101.612643, 3.070732], [101.61258, 3.070716]]]}}, {"type": "Feature", "properties": {}, "geometry": {"type": "Polygon", "coordinates": [[[101.612518, 3.070717], [101.612456, 3.070718], [101.612457, 3.070871], [101.61252, 3.070887], [101.612582, 3.070886], [101.612581, 3.070733], [101.612518, 3.070717]]]}}, {"type": "Feature", "properties": {}, "geometry": {"type": "Polygon", "coordinates": [[[101.612456, 3.070718], [101.612394, 3.070718], [101.612395, 3.070871], [101.612458, 3.070887], [101.61252, 3.070887], [101.612519, 3.070733], [101.612456, 3.070718]]]}}, {"type": "Feature", "properties": {}, "geometry": {"type": "Polygon", "coordinates": [[[101.612394, 3.070718], [101.612332, 3.070719], [101.612333, 3.070872], [101.612396, 3.070888], [101.612458, 3.070887], [101.612457, 3.070734], [101.612394, 3.070718]]]}}, {"type": "Feature", "properties": {}, "geometry": {"type": "Polygon", "coordinates": [[[101.612332, 3.070719], [101.61227, 3.070719], [101.612271, 3.070873], [101.612334, 3.070889], [101.612396, 3.070888], [101.612395, 3.070734], [101.612332, 3.070719]]]}}, {"type": "Feature", "properties": {}, "geometry": {"type": "Polygon", "coordinates": [[[101.61227, 3.070719], [101.612208, 3.07072], [101.612209, 3.070873], [101.612272, 3.070889], [101.612334, 3.070889], [101.612333, 3.070735], [101.61227, 3.070719]]]}}, {"type": "Feature", "properties": {}, "geometry": {"type": "Polygon", "coordinates": [[[101.612208, 3.07072], [101.612146, 3.07072], [101.612147, 3.070874], [101.61221, 3.07089], [101.612272, 3.070889], [101.612271, 3.070736], [101.612208, 3.07072]]]}}, {"type": "Feature", "properties": {}, "geometry": {"type": "Polygon", "coordinates": [[[101.612146, 3.07072], [101.612084, 3.070721], [101.612085, 3.070874], [101.612148, 3.07089], [101.61221, 3.07089], [101.612209, 3.070736], [101.612146, 3.07072]]]}}, {"type": "Feature", "properties": {}, "geometry": {"type": "Polygon", "coordinates": [[[101.612084, 3.070721], [101.612022, 3.070721], [101.612023, 3.070875], [101.612086, 3.070891], [101.612148, 3.07089], [101.612147, 3.070737], [101.612084, 3.070721]]]}}, {"type": "Feature", "properties": {}, "geometry": {"type": "Polygon", "coordinates": [[[101.612022, 3.070721], [101.61196, 3.070722], [101.611961, 3.070875], [101.612024, 3.070891], [101.612086, 3.070891], [101.612085, 3.070737], [101.612022, 3.070721]]]}}, {"type": "Feature", "properties": {}, "geometry": {"type": "Polygon", "coordinates": [[[101.61196, 3.070722], [101.611898, 3.070723], [101.611899, 3.070876], [101.611962, 3.070892], [101.612024, 3.070891], [101.612023, 3.070738], [101.61196, 3.070722]]]}}, {"type": "Feature", "properties": {}, "geometry": {"type": "Polygon", "coordinates": [[[101.611898, 3.070723], [101.611836, 3.070723], [101.611837, 3.070877], [101.6119, 3.070892], [101.611962, 3.070892], [101.611961, 3.070739], [101.611898, 3.070723]]]}}, {"type": "Feature", "properties": {}, "geometry": {"type": "Polygon", "coordinates": [[[101.61386, 3.065516], [101.613763, 3.065517], [101.613764, 3.065682], [101.613827, 3.065697], [101.613924, 3.065697], [101.613923, 3.065532], [101.61386, 3.065516]]]}}, {"type": "Feature", "properties": {}, "geometry": {"type": "Polygon", "coordinates": [[[101.613921, 3.065516], [101.61386, 3.065516], [101.613861, 3.065681], [101.613924, 3.065697], [101.613985, 3.065697], [101.613984, 3.065532], [101.613921, 3.065516]]]}}, {"type": "Feature", "properties": {}, "geometry": {"type": "Polygon", "coordinates": [[[101.613982, 3.065515], [101.613921, 3.065516], [101.613922, 3.065681], [101.613985, 3.065697], [101.614046, 3.065696], [101.614045, 3.065531], [101.613982, 3.065515]]]}}, {"type": "Feature", "properties": {}, "geometry": {"type": "Polygon", "coordinates": [[[101.614043, 3.065515], [101.613982, 3.065515], [101.613983, 3.06568], [101.614046, 3.065696], [101.614107, 3.065696], [101.614106, 3.065531], [101.614043, 3.065515]]]}}, {"type": "Feature", "properties": {}, "geometry": {"type": "Polygon", "coordinates": [[[101.614104, 3.065515], [101.614043, 3.065515], [101.614044, 3.06568], [101.614107, 3.065696], [101.614168, 3.065696], [101.614167, 3.065531], [101.614104, 3.065515]]]}}, {"type": "Feature", "properties": {}, "geometry": {"type": "Polygon", "coordinates": [[[101.614164, 3.065514], [101.614104, 3.065515], [101.614104, 3.06568], [101.614168, 3.065696], [101.614229, 3.065695], [101.614228, 3.06553], [101.614164, 3.065514]]]}}, {"type": "Feature", "properties": {}, "geometry": {"type": "Polygon", "coordinates": [[[101.614225, 3.065514], [101.614164, 3.065514], [101.614165, 3.06568], [101.614229, 3.065695], [101.614289, 3.065695], [101.614289, 3.06553], [101.614225, 3.065514]]]}}, {"type": "Feature", "properties": {}, "geometry": {"type": "Polygon", "coordinates": [[[101.614286, 3.065514], [101.614225, 3.065514], [101.614226, 3.065679], [101.614289, 3.065695], [101.61435, 3.065695], [101.61435, 3.06553], [101.614286, 3.065514]]]}}, {"type": "Feature", "properties": {}, "geometry": {"type": "Polygon", "coordinates": [[[101.614347, 3.065513], [101.614286, 3.065514], [101.614287, 3.065679], [101.61435, 3.065695], [101.614411, 3.065694], [101.61441, 3.065529], [101.614347, 3.065513]]]}}, {"type": "Feature", "properties": {}, "geometry": {"type": "Polygon", "coordinates": [[[101.614408, 3.065513], [101.614347, 3.065513], [101.614348, 3.065679], [101.614411, 3.065694], [101.614472, 3.065694], [101.614471, 3.065529], [101.614408, 3.065513]]]}}, {"type": "Feature", "properties": {}, "geometry": {"type": "Polygon", "coordinates": [[[101.614469, 3.065513], [101.614408, 3.065513], [101.614409, 3.065678], [101.614472, 3.065694], [101.614533, 3.065694], [101.614532, 3.065529], [101.614469, 3.065513]]]}}, {"type": "Feature", "properties": {}, "geometry": {"type": "Polygon", "coordinates": [[[101.61453, 3.065513], [101.614469, 3.065513], [101.61447, 3.065678], [101.614533, 3.065694], [101.614594, 3.065694], [101.614593, 3.065528], [101.61453, 3.065513]]]}}, {"type": "Feature", "properties": {}, "geometry": {"type": "Polygon", "coordinates": [[[101.614591, 3.065512], [101.61453, 3.065513], [101.614531, 3.065678], [101.614594, 3.065694], [101.614655, 3.065693], [101.614654, 3.065528], [101.614591, 3.065512]]]}}, {"type": "Feature", "properties": {}, "geometry": {"type": "Polygon", "coordinates": [[[101.614652, 3.065512], [101.614591, 3.065512], [101.614592, 3.065677], [101.614655, 3.065693], [101.614716, 3.065693], [101.614715, 3.065528], [101.614652, 3.065512]]]}}, {"type": "Feature", "properties": {}, "geometry": {"type": "Polygon", "coordinates": [[[101.614712, 3.065512], [101.614652, 3.065512], [101.614652, 3.065677], [101.614716, 3.065693], [101.614777, 3.065692], [101.614776, 3.065527], [101.614712, 3.065512]]]}}, {"type": "Feature", "properties": {}, "geometry": {"type": "Polygon", "coordinates": [[[101.614878, 3.065505], [101.614816, 3.065506], [101.61482, 3.065672], [101.614883, 3.065687], [101.614944, 3.065686], [101.614941, 3.06552], [101.614878, 3.065505]]]}}, {"type": "Feature", "properties": {}, "geometry": {"type": "Polygon", "coordinates": [[[101.614939, 3.065503], [101.614878, 3.065505], [101.614881, 3.06567], [101.614944, 3.065686], [101.615006, 3.065685], [101.615003, 3.065519], [101.614939, 3.065503]]]}}, {"type": "Feature", "properties": {}, "geometry": {"type": "Polygon", "coordinates": [[[101.615001, 3.065502], [101.614939, 3.065503], [101.614943, 3.065669], [101.615006, 3.065685], [101.615067, 3.065684], [101.615064, 3.065518], [101.615001, 3.065502]]]}}, {"type": "Feature", "properties": {}, "geometry": {"type": "Polygon", "coordinates": [[[101.614323, 3.065904], [101.614323, 3.06605], [101.614386, 3.066065], [101.614448, 3.066065], [101.614448, 3.065919], [101.614385, 3.065904], [101.614323, 3.065904]]]}}, {"type": "Feature", "properties": {}, "geometry": {"type": "Polygon", "coordinates": [[[101.614262, 3.065904], [101.614262, 3.06605], [101.614325, 3.066065], [101.614386, 3.066065], [101.614386, 3.065919], [101.614323, 3.065904], [101.614262, 3.065904]]]}}, {"type": "Feature", "properties": {}, "geometry": {"type": "Polygon", "coordinates": [[[101.614201, 3.065904], [101.614201, 3.06605], [101.614264, 3.066065], [101.614325, 3.066065], [101.614325, 3.065919], [101.614262, 3.065904], [101.614201, 3.065904]]]}}, {"type": "Feature", "properties": {}, "geometry": {"type": "Polygon", "coordinates": [[[101.614139, 3.065904], [101.614139, 3.06605], [101.614202, 3.066065], [101.614264, 3.066065], [101.614264, 3.065919], [101.614201, 3.065904], [101.614139, 3.065904]]]}}, {"type": "Feature", "properties": {}, "geometry": {"type": "Polygon", "coordinates": [[[101.614078, 3.065904], [101.614078, 3.06605], [101.614141, 3.066065], [101.614202, 3.066065], [101.614202, 3.065919], [101.614139, 3.065904], [101.614078, 3.065904]]]}}, {"type": "Feature", "properties": {}, "geometry": {"type": "Polygon", "coordinates": [[[101.614016, 3.065904], [101.614016, 3.06605], [101.61408, 3.066065], [101.614141, 3.066065], [101.614141, 3.065919], [101.614078, 3.065904], [101.614016, 3.065904]]]}}, {"type": "Feature", "properties": {}, "geometry": {"type": "Polygon", "coordinates": [[[101.613955, 3.065904], [101.613955, 3.06605], [101.614018, 3.066065], [101.61408, 3.066065], [101.61408, 3.065919], [101.614016, 3.065904], [101.613955, 3.065904]]]}}, {"type": "Feature", "properties": {}, "geometry": {"type": "Polygon", "coordinates": [[[101.613797, 3.063458], [101.613598, 3.063459], [101.613559, 3.063515], [101.61356, 3.0636], [101.613877, 3.063679], [101.614113, 3.063676], [101.614113, 3.063537], [101.613797, 3.063458]]]}}, {"type": "Feature", "properties": {}, "geometry": {"type": "Polygon", "coordinates": [[[101.613797, 3.063597], [101.61356, 3.0636], [101.613561, 3.063664], [101.613877, 3.063744], [101.614114, 3.06374], [101.614113, 3.063676], [101.613797, 3.063597]]]}}, {"type": "Feature", "properties": {}, "geometry": {"type": "Polygon", "coordinates": [[[101.613798, 3.063661], [101.613561, 3.063664], [101.613562, 3.063719], [101.613878, 3.063798], [101.614115, 3.063795], [101.614114, 3.06374], [101.613798, 3.063661]]]}}, {"type": "Feature", "properties": {}, "geometry": {"type": "Polygon", "coordinates": [[[101.613799, 3.063716], [101.613562, 3.063719], [101.613563, 3.063782], [101.613879, 3.063861], [101.614116, 3.063858], [101.614115, 3.063795], [101.613799, 3.063716]]]}}, {"type": "Feature", "properties": {}, "geometry": {"type": "Polygon", "coordinates": [[[101.614946, 3.063586], [101.614944, 3.063746], [101.615008, 3.063762], [101.615069, 3.063762], [101.61507, 3.063602], [101.615007, 3.063586], [101.614946, 3.063586]]]}}, {"type": "Feature", "properties": {}, "geometry": {"type": "Polygon", "coordinates": [[[101.614884, 3.063585], [101.614883, 3.063745], [101.614946, 3.063761], [101.615008, 3.063762], [101.615009, 3.063601], [101.614946, 3.063586], [101.614884, 3.063585]]]}}, {"type": "Feature", "properties": {}, "geometry": {"type": "Polygon", "coordinates": [[[101.614823, 3.063585], [101.614822, 3.063745], [101.614885, 3.063761], [101.614946, 3.063761], [101.614947, 3.063601], [101.614884, 3.063585], [101.614823, 3.063585]]]}}, {"type": "Feature", "properties": {}, "geometry": {"type": "Polygon", "coordinates": [[[101.614762, 3.063584], [101.61476, 3.063744], [101.614824, 3.06376], [101.614885, 3.063761], [101.614886, 3.063601], [101.614823, 3.063585], [101.614762, 3.063584]]]}}, {"type": "Feature", "properties": {}, "geometry": {"type": "Polygon", "coordinates": [[[101.6147, 3.063584], [101.614699, 3.063744], [101.614762, 3.06376], [101.614824, 3.06376], [101.614825, 3.0636], [101.614762, 3.063584], [101.6147, 3.063584]]]}}, {"type": "Feature", "properties": {}, "geometry": {"type": "Polygon", "coordinates": [[[101.614639, 3.063583], [101.614638, 3.063743], [101.614701, 3.063759], [101.614762, 3.06376], [101.614764, 3.0636], [101.6147, 3.063584], [101.614639, 3.063583]]]}}, {"type": "Feature", "properties": {}, "geometry": {"type": "Polygon", "coordinates": [[[101.614578, 3.063583], [101.614577, 3.063743], [101.61464, 3.063759], [101.614701, 3.063759], [101.614702, 3.063599], [101.614639, 3.063583], [101.614578, 3.063583]]]}}, {"type": "Feature", "properties": {}, "geometry": {"type": "Polygon", "coordinates": [[[101.614517, 3.063582], [101.614515, 3.063742], [101.614579, 3.063758], [101.61464, 3.063759], [101.614641, 3.063598], [101.614578, 3.063583], [101.614517, 3.063582]]]}}, {"type": "Feature", "properties": {}, "geometry": {"type": "Polygon", "coordinates": [[[101.614455, 3.063582], [101.614454, 3.063742], [101.614517, 3.063758], [101.614579, 3.063758], [101.61458, 3.063598], [101.614517, 3.063582], [101.614455, 3.063582]]]}}, {"type": "Feature", "properties": {}, "geometry": {"type": "Polygon", "coordinates": [[[101.614394, 3.063581], [101.614393, 3.063741], [101.614456, 3.063757], [101.614517, 3.063758], [101.614519, 3.063598], [101.614455, 3.063582], [101.614394, 3.063581]]]}}, {"type": "Feature", "properties": {}, "geometry": {"type": "Polygon", "coordinates": [[[101.614333, 3.063581], [101.614332, 3.063741], [101.614395, 3.063757], [101.614456, 3.063757], [101.614457, 3.063597], [101.614394, 3.063581], [101.614333, 3.063581]]]}}, {"type": "Feature", "properties": {}, "geometry": {"type": "Polygon", "coordinates": [[[101.614272, 3.06358], [101.61427, 3.06374], [101.614334, 3.063756], [101.614395, 3.063757], [101.614396, 3.063597], [101.614333, 3.063581], [101.614272, 3.06358]]]}}, {"type": "Feature", "properties": {}, "geometry": {"type": "Polygon", "coordinates": [[[101.61421, 3.06358], [101.614209, 3.06374], [101.614272, 3.063756], [101.614334, 3.063756], [101.614335, 3.063596], [101.614272, 3.06358], [101.61421, 3.06358]]]}}, {"type": "Feature", "properties": {}, "geometry": {"type": "Polygon", "coordinates": [[[101.614149, 3.063579], [101.614148, 3.063739], [101.614211, 3.063755], [101.614272, 3.063756], [101.614274, 3.063596], [101.61421, 3.06358], [101.614149, 3.063579]]]}}, {"type": "Feature", "properties": {}, "geometry": {"type": "Polygon", "coordinates": [[[101.614148, 3.063781], [101.614087, 3.063781], [101.614087, 3.063939], [101.61415, 3.063955], [101.614212, 3.063954], [101.614211, 3.063797], [101.614148, 3.063781]]]}}, {"type": "Feature", "properties": {}, "geometry": {"type": "Polygon", "coordinates": [[[101.614209, 3.063781], [101.614148, 3.063781], [101.614148, 3.063939], [101.614212, 3.063954], [101.614273, 3.063954], [101.614272, 3.063796], [101.614209, 3.063781]]]}}, {"type": "Feature", "properties": {}, "geometry": {"type": "Polygon", "coordinates": [[[101.61427, 3.06378], [101.614209, 3.063781], [101.61421, 3.063939], [101.614273, 3.063954], [101.614334, 3.063954], [101.614334, 3.063796], [101.61427, 3.06378]]]}}, {"type": "Feature", "properties": {}, "geometry": {"type": "Polygon", "coordinates": [[[101.614332, 3.06378], [101.61427, 3.06378], [101.614271, 3.063938], [101.614334, 3.063954], [101.614395, 3.063954], [101.614395, 3.063796], [101.614332, 3.06378]]]}}, {"type": "Feature", "properties": {}, "geometry": {"type": "Polygon", "coordinates": [[[101.614393, 3.06378], [101.614332, 3.06378], [101.614332, 3.063938], [101.614395, 3.063954], [101.614456, 3.063954], [101.614456, 3.063796], [101.614393, 3.06378]]]}}, {"type": "Feature", "properties": {}, "geometry": {"type": "Polygon", "coordinates": [[[101.614454, 3.06378], [101.614393, 3.06378], [101.614393, 3.063938], [101.614456, 3.063954], [101.614518, 3.063954], [101.614517, 3.063796], [101.614454, 3.06378]]]}}, {"type": "Feature", "properties": {}, "geometry": {"type": "Polygon", "coordinates": [[[101.614515, 3.06378], [101.614454, 3.06378], [101.614454, 3.063938], [101.614518, 3.063954], [101.614579, 3.063954], [101.614578, 3.063796], [101.614515, 3.06378]]]}}, {"type": "Feature", "properties": {}, "geometry": {"type": "Polygon", "coordinates": [[[101.614576, 3.06378], [101.614515, 3.06378], [101.614515, 3.063938], [101.614579, 3.063954], [101.61464, 3.063953], [101.614639, 3.063795], [101.614576, 3.06378]]]}}, {"type": "Feature", "properties": {}, "geometry": {"type": "Polygon", "coordinates": [[[101.614637, 3.063779], [101.614576, 3.06378], [101.614577, 3.063938], [101.61464, 3.063953], [101.614701, 3.063953], [101.614701, 3.063795], [101.614637, 3.063779]]]}}, {"type": "Feature", "properties": {}, "geometry": {"type": "Polygon", "coordinates": [[[101.614699, 3.063779], [101.614637, 3.063779], [101.614638, 3.063937], [101.614701, 3.063953], [101.614762, 3.063953], [101.614762, 3.063795], [101.614699, 3.063779]]]}}, {"type": "Feature", "properties": {}, "geometry": {"type": "Polygon", "coordinates": [[[101.61476, 3.063779], [101.614699, 3.063779], [101.614699, 3.063937], [101.614762, 3.063953], [101.614823, 3.063953], [101.614823, 3.063795], [101.61476, 3.063779]]]}}, {"type": "Feature", "properties": {}, "geometry": {"type": "Polygon", "coordinates": [[[101.614821, 3.063779], [101.61476, 3.063779], [101.61476, 3.063937], [101.614823, 3.063953], [101.614885, 3.063953], [101.614884, 3.063795], [101.614821, 3.063779]]]}}, {"type": "Feature", "properties": {}, "geometry": {"type": "Polygon", "coordinates": [[[101.614882, 3.063779], [101.614821, 3.063779], [101.614821, 3.063937], [101.614885, 3.063953], [101.614946, 3.063953], [101.614945, 3.063795], [101.614882, 3.063779]]]}}, {"type": "Feature", "properties": {}, "geometry": {"type": "Polygon", "coordinates": [[[101.614943, 3.063779], [101.614882, 3.063779], [101.614882, 3.063937], [101.614946, 3.063953], [101.615007, 3.063952], [101.615007, 3.063794], [101.614943, 3.063779]]]}}, {"type": "Feature", "properties": {}, "geometry": {"type": "Polygon", "coordinates": [[[101.615004, 3.063778], [101.614943, 3.063779], [101.614944, 3.063937], [101.615007, 3.063952], [101.615068, 3.063952], [101.615068, 3.063794], [101.615004, 3.063778]]]}}, {"type": "Feature", "properties": {}, "geometry": {"type": "Polygon", "coordinates": [[[101.614851, 3.064356], [101.614791, 3.064357], [101.614793, 3.064504], [101.614856, 3.064519], [101.614916, 3.064519], [101.614914, 3.064372], [101.614851, 3.064356]]]}}, {"type": "Feature", "properties": {}, "geometry": {"type": "Polygon", "coordinates": [[[101.614911, 3.064355], [101.614851, 3.064356], [101.614853, 3.064503], [101.614916, 3.064519], [101.614976, 3.064518], [101.614975, 3.064371], [101.614911, 3.064355]]]}}, {"type": "Feature", "properties": {}, "geometry": {"type": "Polygon", "coordinates": [[[101.614972, 3.064355], [101.614911, 3.064355], [101.614913, 3.064502], [101.614976, 3.064518], [101.615037, 3.064517], [101.615035, 3.06437], [101.614972, 3.064355]]]}}, {"type": "Feature", "properties": {}, "geometry": {"type": "Polygon", "coordinates": [[[101.615032, 3.064354], [101.614972, 3.064355], [101.614973, 3.064502], [101.615037, 3.064517], [101.615097, 3.064517], [101.615095, 3.06437], [101.615032, 3.064354]]]}}, {"type": "Feature", "properties": {}, "geometry": {"type": "Polygon", "coordinates": [[[101.614973, 3.064159], [101.614973, 3.064301], [101.615036, 3.064316], [101.615098, 3.064316], [101.615098, 3.064175], [101.615035, 3.064159], [101.614973, 3.064159]]]}}, {"type": "Feature", "properties": {}, "geometry": {"type": "Polygon", "coordinates": [[[101.61491, 3.064159], [101.61491, 3.064301], [101.614974, 3.064316], [101.615036, 3.064316], [101.615036, 3.064175], [101.614973, 3.064159], [101.61491, 3.064159]]]}}, {"type": "Feature", "properties": {}, "geometry": {"type": "Polygon", "coordinates": [[[101.614848, 3.064159], [101.614848, 3.064301], [101.614911, 3.064316], [101.614974, 3.064316], [101.614974, 3.064175], [101.61491, 3.064159], [101.614848, 3.064159]]]}}, {"type": "Feature", "properties": {}, "geometry": {"type": "Polygon", "coordinates": [[[101.613892, 3.064346], [101.613891, 3.064502], [101.613954, 3.064518], [101.614024, 3.064518], [101.614026, 3.064363], [101.613963, 3.064347], [101.613892, 3.064346]]]}}, {"type": "Feature", "properties": {}, "geometry": {"type": "Polygon", "coordinates": [[[101.613963, 3.064347], [101.613961, 3.064502], [101.614024, 3.064518], [101.614084, 3.064519], [101.614086, 3.064363], [101.614022, 3.064347], [101.613963, 3.064347]]]}}, {"type": "Feature", "properties": {}, "geometry": {"type": "Polygon", "coordinates": [[[101.614022, 3.064347], [101.614021, 3.064503], [101.614084, 3.064519], [101.614144, 3.064519], [101.614145, 3.064364], [101.614082, 3.064348], [101.614022, 3.064347]]]}}, {"type": "Feature", "properties": {}, "geometry": {"type": "Polygon", "coordinates": [[[101.614082, 3.064348], [101.614081, 3.064503], [101.614144, 3.064519], [101.614204, 3.06452], [101.614205, 3.064364], [101.614142, 3.064348], [101.614082, 3.064348]]]}}, {"type": "Feature", "properties": {}, "geometry": {"type": "Polygon", "coordinates": [[[101.614142, 3.064348], [101.614141, 3.064504], [101.614204, 3.06452], [101.614264, 3.06452], [101.614265, 3.064365], [101.614202, 3.064349], [101.614142, 3.064348]]]}}, {"type": "Feature", "properties": {}, "geometry": {"type": "Polygon", "coordinates": [[[101.614202, 3.064349], [101.6142, 3.064505], [101.614264, 3.06452], [101.614324, 3.064521], [101.614325, 3.064365], [101.614262, 3.064349], [101.614202, 3.064349]]]}}, {"type": "Feature", "properties": {}, "geometry": {"type": "Polygon", "coordinates": [[[101.614262, 3.064349], [101.61426, 3.064505], [101.614324, 3.064521], [101.614383, 3.064521], [101.614385, 3.064366], [101.614321, 3.06435], [101.614262, 3.064349]]]}}, {"type": "Feature", "properties": {}, "geometry": {"type": "Polygon", "coordinates": [[[101.614321, 3.06435], [101.61432, 3.064506], [101.614383, 3.064521], [101.614443, 3.064522], [101.614445, 3.064366], [101.614381, 3.06435], [101.614321, 3.06435]]]}}, {"type": "Feature", "properties": {}, "geometry": {"type": "Polygon", "coordinates": [[[101.614381, 3.06435], [101.61438, 3.064506], [101.614443, 3.064522], [101.614503, 3.064522], [101.614504, 3.064367], [101.614441, 3.064351], [101.614381, 3.06435]]]}}, {"type": "Feature", "properties": {}, "geometry": {"type": "Polygon", "coordinates": [[[101.614503, 3.064147], [101.614442, 3.064148], [101.614443, 3.064298], [101.614507, 3.064314], [101.614568, 3.064314], [101.614566, 3.064163], [101.614503, 3.064147]]]}}, {"type": "Feature", "properties": {}, "geometry": {"type": "Polygon", "coordinates": [[[101.614442, 3.064148], [101.614381, 3.064148], [101.614382, 3.064299], [101.614446, 3.064315], [101.614507, 3.064314], [101.614505, 3.064163], [101.614442, 3.064148]]]}}, {"type": "Feature", "properties": {}, "geometry": {"type": "Polygon", "coordinates": [[[101.614381, 3.064148], [101.61432, 3.064149], [101.614321, 3.064299], [101.614385, 3.064315], [101.614446, 3.064315], [101.614444, 3.064164], [101.614381, 3.064148]]]}}, {"type": "Feature", "properties": {}, "geometry": {"type": "Polygon", "coordinates": [[[101.61432, 3.064149], [101.614259, 3.064149], [101.61426, 3.0643], [101.614323, 3.064316], [101.614385, 3.064315], [101.614383, 3.064165], [101.61432, 3.064149]]]}}, {"type": "Feature", "properties": {}, "geometry": {"type": "Polygon", "coordinates": [[[101.614259, 3.064149], [101.614198, 3.06415], [101.614199, 3.064301], [101.614262, 3.064316], [101.614323, 3.064316], [101.614322, 3.064165], [101.614259, 3.064149]]]}}, {"type": "Feature", "properties": {}, "geometry": {"type": "Polygon", "coordinates": [[[101.614198, 3.06415], [101.614137, 3.06415], [101.614138, 3.064301], [101.614201, 3.064317], [101.614262, 3.064316], [101.614261, 3.064166], [101.614198, 3.06415]]]}}, {"type": "Feature", "properties": {}, "geometry": {"type": "Polygon", "coordinates": [[[101.614137, 3.06415], [101.614076, 3.064151], [101.614077, 3.064302], [101.61414, 3.064318], [101.614201, 3.064317], [101.6142, 3.064166], [101.614137, 3.06415]]]}}, {"type": "Feature", "properties": {}, "geometry": {"type": "Polygon", "coordinates": [[[101.614076, 3.064151], [101.614015, 3.064151], [101.614016, 3.064302], [101.614079, 3.064318], [101.61414, 3.064318], [101.614139, 3.064167], [101.614076, 3.064151]]]}}, {"type": "Feature", "properties": {}, "geometry": {"type": "Polygon", "coordinates": [[[101.614015, 3.064151], [101.613953, 3.064152], [101.613955, 3.064303], [101.614018, 3.064319], [101.614079, 3.064318], [101.614078, 3.064167], [101.614015, 3.064151]]]}}, {"type": "Feature", "properties": {}, "geometry": {"type": "Polygon", "coordinates": [[[101.614247, 3.065174], [101.614091, 3.065178], [101.614092, 3.06524], [101.614156, 3.065256], [101.614311, 3.065253], [101.61431, 3.06519], [101.614247, 3.065174]]]}}, {"type": "Feature", "properties": {}, "geometry": {"type": "Polygon", "coordinates": [[[101.614245, 3.065112], [101.61409, 3.065115], [101.614091, 3.065178], [101.614154, 3.065193], [101.61431, 3.06519], [101.614309, 3.065128], [101.614245, 3.065112]]]}}, {"type": "Feature", "properties": {}, "geometry": {"type": "Polygon", "coordinates": [[[101.614244, 3.065049], [101.614088, 3.065053], [101.61409, 3.065115], [101.614153, 3.065131], [101.614309, 3.065128], [101.614307, 3.065065], [101.614244, 3.065049]]]}}, {"type": "Feature", "properties": {}, "geometry": {"type": "Polygon", "coordinates": [[[101.614243, 3.064987], [101.614087, 3.06499], [101.614088, 3.065053], [101.614152, 3.065068], [101.614307, 3.065065], [101.614306, 3.065002], [101.614243, 3.064987]]]}}, {"type": "Feature", "properties": {}, "geometry": {"type": "Polygon", "coordinates": [[[101.614241, 3.064924], [101.614086, 3.064927], [101.614087, 3.06499], [101.61415, 3.065006], [101.614306, 3.065002], [101.614304, 3.06494], [101.614241, 3.064924]]]}}, {"type": "Feature", "properties": {}, "geometry": {"type": "Polygon", "coordinates": [[[101.61424, 3.064861], [101.614084, 3.064865], [101.614086, 3.064927], [101.614149, 3.064943], [101.614304, 3.06494], [101.614303, 3.064877], [101.61424, 3.064861]]]}}, {"type": "Feature", "properties": {}, "geometry": {"type": "Polygon", "coordinates": [[[101.614238, 3.064799], [101.614083, 3.064802], [101.614084, 3.064865], [101.614148, 3.064881], [101.614303, 3.064877], [101.614302, 3.064815], [101.614238, 3.064799]]]}}, {"type": "Feature", "properties": {}, "geometry": {"type": "Polygon", "coordinates": [[[101.614052, 3.065169], [101.61389, 3.06517], [101.613891, 3.065232], [101.613954, 3.065248], [101.614116, 3.065246], [101.614115, 3.065184], [101.614052, 3.065169]]]}}, {"type": "Feature", "properties": {}, "geometry": {"type": "Polygon", "coordinates": [[[101.614051, 3.065107], [101.61389, 3.065109], [101.61389, 3.06517], [101.613953, 3.065186], [101.614115, 3.065184], [101.614114, 3.065123], [101.614051, 3.065107]]]}}, {"type": "Feature", "properties": {}, "geometry": {"type": "Polygon", "coordinates": [[[101.614051, 3.065045], [101.613889, 3.065047], [101.61389, 3.065109], [101.613953, 3.065125], [101.614114, 3.065123], [101.614114, 3.065061], [101.614051, 3.065045]]]}}, {"type": "Feature", "properties": {}, "geometry": {"type": "Polygon", "coordinates": [[[101.61405, 3.064983], [101.613888, 3.064985], [101.613889, 3.065047], [101.613952, 3.065063], [101.614114, 3.065061], [101.614113, 3.064999], [101.61405, 3.064983]]]}}, {"type": "Feature", "properties": {}, "geometry": {"type": "Polygon", "coordinates": [[[101.614049, 3.064922], [101.613888, 3.064923], [101.613888, 3.064985], [101.613952, 3.065001], [101.614113, 3.064999], [101.614113, 3.064937], [101.614049, 3.064922]]]}}, {"type": "Feature", "properties": {}, "geometry": {"type": "Polygon", "coordinates": [[[101.614049, 3.06486], [101.613887, 3.064861], [101.613888, 3.064923], [101.613951, 3.064939], [101.614113, 3.064937], [101.614112, 3.064876], [101.614049, 3.06486]]]}}, {"type": "Feature", "properties": {}, "geometry": {"type": "Polygon", "coordinates": [[[101.614048, 3.064798], [101.613886, 3.0648], [101.613887, 3.064861], [101.61395, 3.064877], [101.614112, 3.064876], [101.614111, 3.064814], [101.614048, 3.064798]]]}}, {"type": "Feature", "properties": {}, "geometry": {"type": "Polygon", "coordinates": [[[101.604775, 3.068593], [101.604627, 3.068639], [101.604627, 3.06878], [101.604662, 3.068878], [101.604753, 3.069026], [101.604848, 3.06905], [101.605122, 3.069049], [101.605066, 3.068873], [101.60487, 3.068617], [101.604775, 3.068593]]]}}, {"type": "Feature", "properties": {}, "geometry": {"type": "Polygon", "coordinates": [[[101.609011, 3.075756], [101.609011, 3.0758], [101.609106, 3.075824], [101.609831, 3.075825], [101.609831, 3.07578], [101.609736, 3.075757], [101.609011, 3.075756]]]}}, {"type": "Feature", "properties": {}, "geometry": {"type": "Polygon", "coordinates": [[[101.608512, 3.070248], [101.607786, 3.070554], [101.607681, 3.070725], [101.60798, 3.07112], [101.608375, 3.071219], [101.609073, 3.07109], [101.609383, 3.070607], [101.609317, 3.070564], [101.608908, 3.070347], [101.608512, 3.070248]]]}}, {"type": "Feature", "properties": {}, "geometry": {"type": "Polygon", "coordinates": [[[101.608133, 3.071071], [101.60798, 3.07112], [101.607901, 3.071486], [101.607902, 3.071531], [101.607917, 3.071572], [101.607953, 3.071613], [101.608003, 3.071641], [101.608118, 3.071674], [101.608513, 3.071772], [101.608543, 3.071772], [101.608579, 3.071751], [101.608615, 3.071721], [101.608644, 3.071681], [101.608664, 3.071643], [101.608672, 3.071613], [101.608656, 3.07128], [101.608529, 3.07117], [101.608133, 3.071071]]]}}, {"type": "Feature", "properties": {}, "geometry": {"type": "Polygon", "coordinates": [[[101.608311, 3.070756], [101.608191, 3.070867], [101.608138, 3.070946], [101.608133, 3.071071], [101.60815, 3.071116], [101.608587, 3.071372], [101.608982, 3.071471], [101.609006, 3.071469], [101.609021, 3.071456], [101.609107, 3.071329], [101.609125, 3.0713], [101.609133, 3.071273], [101.609133, 3.071242], [101.609073, 3.07109], [101.608706, 3.070855], [101.608311, 3.070756]]]}}, {"type": "Feature", "properties": {}, "geometry": {"type": "Polygon", "coordinates": [[[101.608827, 3.070156], [101.608761, 3.070177], [101.60871, 3.070227], [101.608647, 3.070334], [101.608902, 3.070497], [101.609012, 3.070557], [101.609407, 3.070656], [101.609548, 3.070441], [101.609258, 3.070255], [101.608863, 3.070156], [101.608827, 3.070156]]]}}, {"type": "Feature", "properties": {}, "geometry": {"type": "Polygon", "coordinates": [[[101.608178, 3.071555], [101.607853, 3.071762], [101.607852, 3.071941], [101.607971, 3.071971], [101.608323, 3.071976], [101.608517, 3.071871], [101.608535, 3.071772], [101.608296, 3.071585], [101.608178, 3.071555]]]}}, {"type": "Feature", "properties": {}, "geometry": {"type": "Polygon", "coordinates": [[[101.609377, 3.07], [101.609191, 3.070108], [101.609116, 3.070225], [101.609451, 3.070424], [101.609569, 3.070454], [101.609741, 3.07036], [101.60974, 3.070133], [101.609496, 3.07003], [101.609377, 3.07]]]}}, {"type": "Feature", "properties": {}, "geometry": {"type": "Polygon", "coordinates": [[[101.607611, 3.070839], [101.607526, 3.070893], [101.607844, 3.07151], [101.607953, 3.071662], [101.608048, 3.071686], [101.608108, 3.071632], [101.608023, 3.071095], [101.607907, 3.070972], [101.607855, 3.070937], [101.607706, 3.070863], [101.607611, 3.070839]]]}}, {"type": "Feature", "properties": {}, "geometry": {"type": "Polygon", "coordinates": [[[101.607611, 3.070839], [101.607526, 3.070893], [101.607844, 3.07151], [101.607953, 3.071662], [101.608048, 3.071686], [101.608108, 3.071632], [101.608023, 3.071095], [101.607907, 3.070972], [101.607855, 3.070937], [101.607706, 3.070863], [101.607611, 3.070839]]]}}]}