{"type": "FeatureCollection", "features": [{"type": "Feature", "properties": {}, "geometry": {"type": "Polygon", "coordinates": [[[101.607058, 3.071543], [101.606248, 3.071545], [101.605961, 3.071551], [101.605943, 3.071551], [101.605788, 3.071607], [101.605282, 3.072], [101.605292, 3.073217], [101.605306, 3.07324], [101.605328, 3.073258], [101.605803, 3.073353], [101.607846, 3.073417], [101.608816, 3.073415], [101.608971, 3.073359], [101.609031, 3.073119], [101.609031, 3.072903], [101.60903, 3.072497], [101.608127, 3.071736], [101.607752, 3.071655], [101.607058, 3.071543]]]}}, {"type": "Feature", "properties": {}, "geometry": {"type": "Polygon", "coordinates": [[[101.612641, 3.065864], [101.612589, 3.065883], [101.612583, 3.066214], [101.612752, 3.066217], [101.612804, 3.066198], [101.61281, 3.065867], [101.612641, 3.065864]]]}}, {"type": "Feature", "properties": {}, "geometry": {"type": "Polygon", "coordinates": [[[101.606881, 3.064234], [101.606829, 3.064252], [101.606714, 3.064298], [101.606742, 3.064367], [101.606794, 3.064348], [101.606908, 3.064302], [101.606881, 3.064234]]]}}, {"type": "Feature", "properties": {}, "geometry": {"type": "Polygon", "coordinates": [[[101.612507, 3.065173], [101.612455, 3.065192], [101.612364, 3.065259], [101.612404, 3.065318], [101.612456, 3.065299], [101.612544, 3.06523], [101.612507, 3.065173]]]}}, {"type": "Feature", "properties": {}, "geometry": {"type": "Polygon", "coordinates": [[[101.610561, 3.065796], [101.610086, 3.065797], [101.610034, 3.065815], [101.610027, 3.066377], [101.610475, 3.066401], [101.610527, 3.066383], [101.610561, 3.065796]]]}}, {"type": "Feature", "properties": {}, "geometry": {"type": "Polygon", "coordinates": [[[101.599479, 3.068125], [101.599192, 3.068133], [101.599141, 3.068152], [101.599143, 3.068331], [101.59943, 3.068318], [101.599482, 3.068299], [101.599479, 3.068125]]]}}, {"type": "Feature", "properties": {}, "geometry": {"type": "Polygon", "coordinates": [[[101.600499, 3.067745], [101.600482, 3.067751], [101.600437, 3.067789], [101.600438, 3.067975], [101.600518, 3.067972], [101.600535, 3.067966], [101.600533, 3.067747], [101.600499, 3.067745]]]}}, {"type": "Feature", "properties": {}, "geometry": {"type": "Polygon", "coordinates": [[[101.602676, 3.068807], [101.602611, 3.068831], [101.602611, 3.068846], [101.602649, 3.068886], [101.602823, 3.068889], [101.602887, 3.068866], [101.60289, 3.068808], [101.602676, 3.068807]]]}}, {"type": "Feature", "properties": {}, "geometry": {"type": "Polygon", "coordinates": [[[101.602502, 3.0673], [101.60233, 3.067301], [101.602265, 3.067324], [101.602269, 3.067538], [101.602391, 3.067535], [101.602456, 3.067512], [101.602503, 3.067474], [101.602502, 3.0673]]]}}, {"type": "Feature", "properties": {}, "geometry": {"type": "Polygon", "coordinates": [[[101.602678, 3.067835], [101.602614, 3.067858], [101.602613, 3.067927], [101.602831, 3.067928], [101.602896, 3.067904], [101.602896, 3.067836], [101.602678, 3.067835]]]}}, {"type": "Feature", "properties": {}, "geometry": {"type": "Polygon", "coordinates": [[[101.606071, 3.065892], [101.606019, 3.065911], [101.606008, 3.066298], [101.606341, 3.066307], [101.606392, 3.066288], [101.606403, 3.065901], [101.606071, 3.065892]]]}}, {"type": "Feature", "properties": {}, "geometry": {"type": "Polygon", "coordinates": [[[101.604536, 3.069045], [101.60398, 3.069045], [101.603874, 3.069047], [101.603723, 3.069101], [101.603697, 3.069161], [101.603699, 3.069267], [101.603724, 3.069301], [101.603866, 3.069304], [101.604276, 3.069301], [101.604374, 3.069299], [101.604534, 3.06929], [101.604685, 3.069235], [101.604711, 3.069205], [101.604709, 3.069096], [101.604681, 3.069052], [101.604536, 3.069045]]]}}, {"type": "Feature", "properties": {}, "geometry": {"type": "Polygon", "coordinates": [[[101.601362, 3.064068], [101.601149, 3.064069], [101.601098, 3.064087], [101.601061, 3.064796], [101.601062, 3.064908], [101.601103, 3.064963], [101.601315, 3.064961], [101.601367, 3.064943], [101.601362, 3.064068]]]}}, {"type": "Feature", "properties": {}, "geometry": {"type": "Polygon", "coordinates": [[[101.599461, 3.067654], [101.599174, 3.067664], [101.599122, 3.067683], [101.59913, 3.067876], [101.599414, 3.067865], [101.599466, 3.067847], [101.599461, 3.067654]]]}}, {"type": "Feature", "properties": {}, "geometry": {"type": "Polygon", "coordinates": [[[101.602959, 3.065609], [101.602929, 3.06562], [101.602931, 3.065689], [101.603154, 3.065688], [101.603184, 3.065677], [101.603186, 3.065655], [101.603141, 3.065609], [101.602959, 3.065609]]]}}, {"type": "Feature", "properties": {}, "geometry": {"type": "Polygon", "coordinates": [[[101.600258, 3.064901], [101.599444, 3.064905], [101.599392, 3.064924], [101.599378, 3.06498], [101.599378, 3.065036], [101.600207, 3.065031], [101.600259, 3.065012], [101.600258, 3.064901]]]}}, {"type": "Feature", "properties": {}, "geometry": {"type": "Polygon", "coordinates": [[[101.606069, 3.065718], [101.605616, 3.065881], [101.605596, 3.06623], [101.605985, 3.066252], [101.606438, 3.066089], [101.606456, 3.065735], [101.606218, 3.065723], [101.606069, 3.065718]]]}}, {"type": "Feature", "properties": {}, "geometry": {"type": "Polygon", "coordinates": [[[101.599191, 3.064449], [101.59914, 3.064467], [101.599139, 3.064616], [101.599207, 3.064616], [101.599257, 3.064617], [101.599309, 3.064598], [101.599309, 3.064449], [101.599191, 3.064449]]]}}, {"type": "Feature", "properties": {}, "geometry": {"type": "Polygon", "coordinates": [[[101.603772, 3.069194], [101.603687, 3.069195], [101.603536, 3.069249], [101.603478, 3.069287], [101.603478, 3.069383], [101.603482, 3.069524], [101.603517, 3.069551], [101.60362, 3.06955], [101.603771, 3.069496], [101.603808, 3.069466], [101.603807, 3.069321], [101.603807, 3.069232], [101.603772, 3.069194]]]}}, {"type": "Feature", "properties": {}, "geometry": {"type": "Polygon", "coordinates": [[[101.60387, 3.067745], [101.603794, 3.067772], [101.603432, 3.067916], [101.603432, 3.068152], [101.603457, 3.068957], [101.604459, 3.068958], [101.604535, 3.068931], [101.604535, 3.068435], [101.604469, 3.067882], [101.604121, 3.067745], [101.60387, 3.067745]]]}}, {"type": "Feature", "properties": {}, "geometry": {"type": "Polygon", "coordinates": [[[101.605953, 3.066847], [101.605816, 3.066891], [101.605408, 3.067032], [101.605257, 3.067086], [101.605312, 3.067255], [101.605508, 3.067258], [101.605801, 3.067162], [101.605952, 3.067108], [101.60601, 3.067022], [101.605953, 3.066847]]]}}, {"type": "Feature", "properties": {}, "geometry": {"type": "Polygon", "coordinates": [[[101.600619, 3.067252], [101.60044, 3.067257], [101.600388, 3.067276], [101.600388, 3.06756], [101.600571, 3.067567], [101.600622, 3.067548], [101.600619, 3.067252]]]}}, {"type": "Feature", "properties": {}, "geometry": {"type": "Polygon", "coordinates": [[[101.600539, 3.068072], [101.600474, 3.068073], [101.600457, 3.068079], [101.600459, 3.068299], [101.600523, 3.068298], [101.60054, 3.068292], [101.600539, 3.068072]]]}}, {"type": "Feature", "properties": {}, "geometry": {"type": "Polygon", "coordinates": [[[101.600279, 3.068002], [101.599713, 3.068023], [101.599661, 3.068042], [101.599666, 3.068291], [101.600227, 3.068264], [101.600279, 3.068246], [101.600279, 3.068002]]]}}, {"type": "Feature", "properties": {}, "geometry": {"type": "Polygon", "coordinates": [[[101.606341, 3.066345], [101.606263, 3.066371], [101.606091, 3.066433], [101.605974, 3.06655], [101.605921, 3.066611], [101.605895, 3.066642], [101.605907, 3.066764], [101.605976, 3.066788], [101.606149, 3.066726], [101.606442, 3.066429], [101.606431, 3.06637], [101.606341, 3.066345]]]}}, {"type": "Feature", "properties": {}, "geometry": {"type": "Polygon", "coordinates": [[[101.602456, 3.067698], [101.602425, 3.067699], [101.60236, 3.067723], [101.602364, 3.06794], [101.602432, 3.067938], [101.602497, 3.067915], [101.602493, 3.067743], [101.602456, 3.067698]]]}}, {"type": "Feature", "properties": {}, "geometry": {"type": "Polygon", "coordinates": [[[101.60242, 3.068441], [101.602247, 3.068444], [101.602116, 3.068468], [101.601979, 3.068497], [101.601927, 3.068516], [101.60193, 3.068779], [101.602289, 3.068779], [101.602341, 3.06876], [101.602421, 3.06861], [101.60242, 3.068441]]]}}, {"type": "Feature", "properties": {}, "geometry": {"type": "Polygon", "coordinates": [[[101.60458, 3.068366], [101.604529, 3.068385], [101.604521, 3.068806], [101.604555, 3.068806], [101.604709, 3.068789], [101.604761, 3.06877], [101.604765, 3.068583], [101.60473, 3.068369], [101.60458, 3.068366]]]}}, {"type": "Feature", "properties": {}, "geometry": {"type": "Polygon", "coordinates": [[[101.605227, 3.067122], [101.605076, 3.067176], [101.604816, 3.067588], [101.604769, 3.067668], [101.604921, 3.067758], [101.605032, 3.06774], [101.605183, 3.067685], [101.605262, 3.067642], [101.605438, 3.067345], [101.605395, 3.067221], [101.605227, 3.067122]]]}}, {"type": "Feature", "properties": {}, "geometry": {"type": "Polygon", "coordinates": [[[101.602993, 3.068697], [101.602929, 3.068721], [101.602921, 3.068882], [101.603107, 3.068878], [101.603172, 3.068855], [101.603209, 3.068809], [101.603211, 3.0687], [101.602993, 3.068697]]]}}, {"type": "Feature", "properties": {}, "geometry": {"type": "Polygon", "coordinates": [[[101.605211, 3.066317], [101.605159, 3.066336], [101.605127, 3.066378], [101.605202, 3.066483], [101.605267, 3.066489], [101.605318, 3.06647], [101.605326, 3.066411], [101.605283, 3.066374], [101.605211, 3.066317]]]}}, {"type": "Feature", "properties": {}, "geometry": {"type": "Polygon", "coordinates": [[[101.602166, 3.066558], [101.601943, 3.066559], [101.601879, 3.066583], [101.601879, 3.066651], [101.602102, 3.06665], [101.602167, 3.066626], [101.602166, 3.066558]]]}}, {"type": "Feature", "properties": {}, "geometry": {"type": "Polygon", "coordinates": [[[101.60268, 3.065614], [101.602649, 3.065625], [101.60261, 3.065669], [101.602611, 3.065689], [101.602831, 3.06569], [101.602862, 3.065679], [101.602863, 3.065617], [101.60268, 3.065614]]]}}, {"type": "Feature", "properties": {}, "geometry": {"type": "Polygon", "coordinates": [[[101.599477, 3.067884], [101.599187, 3.067895], [101.599135, 3.067913], [101.599138, 3.068085], [101.599425, 3.068074], [101.599477, 3.068055], [101.599477, 3.067884]]]}}, {"type": "Feature", "properties": {}, "geometry": {"type": "Polygon", "coordinates": [[[101.605085, 3.065701], [101.604934, 3.065755], [101.604928, 3.066121], [101.60526, 3.066124], [101.605411, 3.066069], [101.605424, 3.065704], [101.605085, 3.065701]]]}}, {"type": "Feature", "properties": {}, "geometry": {"type": "Polygon", "coordinates": [[[101.604694, 3.065771], [101.604642, 3.06579], [101.604635, 3.066027], [101.604854, 3.06603], [101.604905, 3.066012], [101.604914, 3.065773], [101.604694, 3.065771]]]}}, {"type": "Feature", "properties": {}, "geometry": {"type": "Polygon", "coordinates": [[[101.60469, 3.069343], [101.603991, 3.069348], [101.603892, 3.069349], [101.603742, 3.069404], [101.603711, 3.06944], [101.603712, 3.069548], [101.603743, 3.069587], [101.603866, 3.069587], [101.604004, 3.069587], [101.604434, 3.069583], [101.604545, 3.069582], [101.604696, 3.069528], [101.604727, 3.069492], [101.604726, 3.06938], [101.60469, 3.069343]]]}}, {"type": "Feature", "properties": {}, "geometry": {"type": "Polygon", "coordinates": [[[101.602993, 3.06784], [101.602941, 3.067859], [101.602941, 3.067927], [101.603156, 3.067927], [101.603207, 3.067909], [101.603208, 3.067841], [101.602993, 3.06784]]]}}, {"type": "Feature", "properties": {}, "geometry": {"type": "Polygon", "coordinates": [[[101.602507, 3.06803], [101.60234, 3.068033], [101.602276, 3.068056], [101.602279, 3.068273], [101.602396, 3.068273], [101.602461, 3.06825], [101.602509, 3.068204], [101.602507, 3.06803]]]}}, {"type": "Feature", "properties": {}, "geometry": {"type": "Polygon", "coordinates": [[[101.602365, 3.06698], [101.602348, 3.066987], [101.602353, 3.067204], [101.602425, 3.067201], [101.602442, 3.067195], [101.602441, 3.067018], [101.602387, 3.066982], [101.602365, 3.06698]]]}}, {"type": "Feature", "properties": {}, "geometry": {"type": "Polygon", "coordinates": [[[101.601, 3.067273], [101.600705, 3.067279], [101.600653, 3.067297], [101.600656, 3.067552], [101.600954, 3.067546], [101.601005, 3.067528], [101.601, 3.067273]]]}}, {"type": "Feature", "properties": {}, "geometry": {"type": "Polygon", "coordinates": [[[101.604916, 3.069093], [101.604802, 3.069095], [101.604651, 3.069149], [101.604609, 3.069175], [101.604611, 3.069273], [101.604613, 3.06942], [101.604647, 3.069453], [101.604763, 3.069452], [101.604914, 3.069398], [101.604953, 3.06937], [101.604952, 3.069264], [101.604949, 3.06913], [101.604916, 3.069093]]]}}, {"type": "Feature", "properties": {}, "geometry": {"type": "Polygon", "coordinates": [[[101.600276, 3.067608], [101.599689, 3.067613], [101.599637, 3.067632], [101.599631, 3.067876], [101.599814, 3.067911], [101.600197, 3.067903], [101.600249, 3.067884], [101.600273, 3.067838], [101.600276, 3.067608]]]}}, {"type": "Feature", "properties": {}, "geometry": {"type": "Polygon", "coordinates": [[[101.599656, 3.071128], [101.59935, 3.071141], [101.599299, 3.07116], [101.599309, 3.071403], [101.599607, 3.071393], [101.599659, 3.071374], [101.599656, 3.071128]]]}}, {"type": "Feature", "properties": {}, "geometry": {"type": "Polygon", "coordinates": [[[101.602168, 3.069822], [101.601954, 3.069823], [101.601889, 3.069846], [101.601889, 3.069914], [101.602103, 3.069914], [101.602168, 3.069891], [101.602168, 3.069822]]]}}, {"type": "Feature", "properties": {}, "geometry": {"type": "Polygon", "coordinates": [[[101.600028, 3.069742], [101.599947, 3.069744], [101.599882, 3.069767], [101.599886, 3.069979], [101.599968, 3.069978], [101.600033, 3.069955], [101.600028, 3.069742]]]}}, {"type": "Feature", "properties": {}, "geometry": {"type": "Polygon", "coordinates": [[[101.602504, 3.070009], [101.602273, 3.070011], [101.602209, 3.070035], [101.602198, 3.071409], [101.602362, 3.071411], [101.602426, 3.071388], [101.602496, 3.071326], [101.602504, 3.070009]]]}}, {"type": "Feature", "properties": {}, "geometry": {"type": "Polygon", "coordinates": [[[101.59997, 3.068907], [101.599918, 3.068926], [101.599902, 3.068969], [101.59991, 3.069174], [101.59995, 3.069242], [101.600023, 3.069239], [101.600075, 3.06922], [101.60022, 3.069159], [101.600217, 3.068942], [101.600088, 3.06891], [101.59997, 3.068907]]]}}, {"type": "Feature", "properties": {}, "geometry": {"type": "Polygon", "coordinates": [[[101.599624, 3.0697], [101.599315, 3.069705], [101.599263, 3.069724], [101.59927, 3.069965], [101.599573, 3.069959], [101.599624, 3.069941], [101.599624, 3.0697]]]}}, {"type": "Feature", "properties": {}, "geometry": {"type": "Polygon", "coordinates": [[[101.601753, 3.070443], [101.600865, 3.070467], [101.600801, 3.07049], [101.600809, 3.070699], [101.60164, 3.07068], [101.601705, 3.070657], [101.601756, 3.070608], [101.601753, 3.070443]]]}}, {"type": "Feature", "properties": {}, "geometry": {"type": "Polygon", "coordinates": [[[101.601697, 3.068538], [101.601389, 3.068548], [101.601337, 3.068567], [101.601275, 3.068679], [101.601278, 3.068744], [101.601345, 3.068779], [101.601654, 3.068776], [101.601706, 3.068757], [101.601697, 3.068538]]]}}, {"type": "Feature", "properties": {}, "geometry": {"type": "Polygon", "coordinates": [[[101.600934, 3.068921], [101.600664, 3.068928], [101.600612, 3.068947], [101.600619, 3.069165], [101.600888, 3.069158], [101.60094, 3.069139], [101.600934, 3.068921]]]}}, {"type": "Feature", "properties": {}, "geometry": {"type": "Polygon", "coordinates": [[[101.599632, 3.070407], [101.599342, 3.070412], [101.59929, 3.070431], [101.59925, 3.070552], [101.599256, 3.070744], [101.599511, 3.070733], [101.599563, 3.070715], [101.599635, 3.070664], [101.599632, 3.070407]]]}}, {"type": "Feature", "properties": {}, "geometry": {"type": "Polygon", "coordinates": [[[101.60071, 3.071695], [101.600461, 3.071701], [101.600409, 3.071719], [101.600406, 3.071944], [101.600656, 3.071936], [101.600708, 3.071918], [101.60071, 3.071695]]]}}, {"type": "Feature", "properties": {}, "geometry": {"type": "Polygon", "coordinates": [[[101.601749, 3.068865], [101.601521, 3.068872], [101.601387, 3.068914], [101.601336, 3.068933], [101.601342, 3.06915], [101.601466, 3.069231], [101.601579, 3.069228], [101.60163, 3.069209], [101.601756, 3.069145], [101.601749, 3.068865]]]}}, {"type": "Feature", "properties": {}, "geometry": {"type": "Polygon", "coordinates": [[[101.602174, 3.070014], [101.601944, 3.070017], [101.601879, 3.07004], [101.601869, 3.071352], [101.60193, 3.071416], [101.602091, 3.071411], [101.602155, 3.071388], [101.602174, 3.070014]]]}}, {"type": "Feature", "properties": {}, "geometry": {"type": "Polygon", "coordinates": [[[101.601775, 3.071669], [101.601511, 3.071679], [101.60146, 3.071698], [101.601415, 3.071781], [101.60142, 3.071955], [101.601761, 3.071941], [101.601813, 3.071923], [101.601815, 3.071845], [101.601815, 3.071786], [101.601775, 3.071669]]]}}, {"type": "Feature", "properties": {}, "geometry": {"type": "Polygon", "coordinates": [[[101.599643, 3.070771], [101.599312, 3.070787], [101.599261, 3.070806], [101.59927, 3.071098], [101.599382, 3.071095], [101.599597, 3.071031], [101.599649, 3.071012], [101.599643, 3.070771]]]}}, {"type": "Feature", "properties": {}, "geometry": {"type": "Polygon", "coordinates": [[[101.605761, 3.070573], [101.60571, 3.070591], [101.605656, 3.070616], [101.605602, 3.070696], [101.605618, 3.070718], [101.605637, 3.070744], [101.605723, 3.070747], [101.605775, 3.070728], [101.605826, 3.070693], [101.605761, 3.070573]]]}}, {"type": "Feature", "properties": {}, "geometry": {"type": "Polygon", "coordinates": [[[101.599864, 3.069424], [101.599846, 3.069431], [101.599809, 3.069468], [101.599812, 3.069658], [101.599883, 3.069653], [101.5999, 3.069647], [101.599897, 3.069429], [101.599864, 3.069424]]]}}, {"type": "Feature", "properties": {}, "geometry": {"type": "Polygon", "coordinates": [[[101.601592, 3.072093], [101.601273, 3.072101], [101.601208, 3.072124], [101.601162, 3.072191], [101.60116, 3.072386], [101.601857, 3.072367], [101.601922, 3.072344], [101.601919, 3.072095], [101.601592, 3.072093]]]}}, {"type": "Feature", "properties": {}, "geometry": {"type": "Polygon", "coordinates": [[[101.602812, 3.069938], [101.602761, 3.069956], [101.602755, 3.070775], [101.602994, 3.070777], [101.603046, 3.070758], [101.603051, 3.069939], [101.602812, 3.069938]]]}}, {"type": "Feature", "properties": {}, "geometry": {"type": "Polygon", "coordinates": [[[101.601721, 3.069384], [101.601708, 3.069385], [101.601644, 3.069408], [101.601647, 3.069622], [101.601698, 3.069621], [101.601763, 3.069597], [101.601766, 3.069428], [101.601721, 3.069384]]]}}, {"type": "Feature", "properties": {}, "geometry": {"type": "Polygon", "coordinates": [[[101.600801, 3.071193], [101.599985, 3.071214], [101.59992, 3.071237], [101.599924, 3.071459], [101.600739, 3.071438], [101.600804, 3.071415], [101.600801, 3.071193]]]}}, {"type": "Feature", "properties": {}, "geometry": {"type": "Polygon", "coordinates": [[[101.602496, 3.069825], [101.602278, 3.069827], [101.602214, 3.069851], [101.602214, 3.069919], [101.602432, 3.069917], [101.602496, 3.069893], [101.602496, 3.069825]]]}}, {"type": "Feature", "properties": {}, "geometry": {"type": "Polygon", "coordinates": [[[101.601165, 3.068881], [101.600975, 3.068885], [101.600923, 3.068904], [101.600928, 3.069138], [101.600999, 3.069235], [101.601114, 3.069233], [101.601166, 3.069214], [101.601292, 3.069133], [101.601288, 3.068918], [101.601165, 3.068881]]]}}, {"type": "Feature", "properties": {}, "geometry": {"type": "Polygon", "coordinates": [[[101.602124, 3.071661], [101.60188, 3.071666], [101.601828, 3.071684], [101.601764, 3.071789], [101.601764, 3.071864], [101.601828, 3.071947], [101.602121, 3.071941], [101.602172, 3.071923], [101.602167, 3.071757], [101.602124, 3.071661]]]}}, {"type": "Feature", "properties": {}, "geometry": {"type": "Polygon", "coordinates": [[[101.599675, 3.071486], [101.599372, 3.071492], [101.59932, 3.07151], [101.599261, 3.071569], [101.599264, 3.07176], [101.599633, 3.071751], [101.599685, 3.071733], [101.599742, 3.071671], [101.599737, 3.071602], [101.599675, 3.071486]]]}}, {"type": "Feature", "properties": {}, "geometry": {"type": "Polygon", "coordinates": [[[101.604827, 3.070444], [101.604623, 3.070449], [101.604472, 3.070504], [101.604469, 3.070667], [101.604486, 3.070777], [101.604496, 3.070798], [101.604692, 3.07101], [101.60488, 3.071004], [101.605031, 3.07095], [101.605031, 3.070768], [101.604827, 3.070444]]]}}, {"type": "Feature", "properties": {}, "geometry": {"type": "Polygon", "coordinates": [[[101.604263, 3.070987], [101.604058, 3.070993], [101.604006, 3.071012], [101.60401, 3.071158], [101.604215, 3.071152], [101.604267, 3.071133], [101.604263, 3.070987]]]}}, {"type": "Feature", "properties": {}, "geometry": {"type": "Polygon", "coordinates": [[[101.600788, 3.070868], [101.599956, 3.070887], [101.599891, 3.070911], [101.5999, 3.07113], [101.600726, 3.071103], [101.60079, 3.07108], [101.600788, 3.070868]]]}}, {"type": "Feature", "properties": {}, "geometry": {"type": "Polygon", "coordinates": [[[101.600766, 3.070137], [101.599951, 3.07015], [101.599886, 3.070174], [101.599822, 3.070228], [101.599822, 3.070404], [101.600706, 3.070372], [101.600771, 3.070349], [101.600766, 3.070137]]]}}, {"type": "Feature", "properties": {}, "geometry": {"type": "Polygon", "coordinates": [[[101.600766, 3.070464], [101.599892, 3.070475], [101.599827, 3.070498], [101.59983, 3.070672], [101.5999, 3.070731], [101.600709, 3.070704], [101.600774, 3.070681], [101.600766, 3.070464]]]}}, {"type": "Feature", "properties": {}, "geometry": {"type": "Polygon", "coordinates": [[[101.60129, 3.068559], [101.601046, 3.068562], [101.600994, 3.06858], [101.600927, 3.068687], [101.600931, 3.068818], [101.601281, 3.068819], [101.601333, 3.0688], [101.60133, 3.068637], [101.60129, 3.068559]]]}}, {"type": "Feature", "properties": {}, "geometry": {"type": "Polygon", "coordinates": [[[101.601705, 3.070839], [101.600888, 3.070865], [101.600823, 3.070888], [101.600827, 3.071101], [101.601713, 3.071085], [101.601777, 3.071061], [101.601775, 3.070892], [101.601705, 3.070839]]]}}, {"type": "Feature", "properties": {}, "geometry": {"type": "Polygon", "coordinates": [[[101.60093, 3.068564], [101.600672, 3.068572], [101.60062, 3.068591], [101.600562, 3.068671], [101.600562, 3.068695], [101.600565, 3.068829], [101.600878, 3.068827], [101.60093, 3.068808], [101.60093, 3.068564]]]}}, {"type": "Feature", "properties": {}, "geometry": {"type": "Polygon", "coordinates": [[[101.60399, 3.072007], [101.60279, 3.072022], [101.602639, 3.072076], [101.602642, 3.072307], [101.6036, 3.07275], [101.603847, 3.072747], [101.603998, 3.072693], [101.60399, 3.072007]]]}}, {"type": "Feature", "properties": {}, "geometry": {"type": "Polygon", "coordinates": [[[101.600957, 3.069723], [101.600876, 3.069724], [101.600811, 3.069748], [101.600815, 3.069959], [101.600896, 3.069958], [101.600961, 3.069934], [101.600957, 3.069723]]]}}, {"type": "Feature", "properties": {}, "geometry": {"type": "Polygon", "coordinates": [[[101.600946, 3.072079], [101.600858, 3.072082], [101.600401, 3.072119], [101.600337, 3.072142], [101.600343, 3.072374], [101.601047, 3.072384], [101.601112, 3.07236], [101.601112, 3.072167], [101.600946, 3.072079]]]}}, {"type": "Feature", "properties": {}, "geometry": {"type": "Polygon", "coordinates": [[[101.600571, 3.068929], [101.600319, 3.068939], [101.600267, 3.068958], [101.600272, 3.06917], [101.600369, 3.069228], [101.600431, 3.069231], [101.600483, 3.069212], [101.600576, 3.069154], [101.600571, 3.068929]]]}}, {"type": "Feature", "properties": {}, "geometry": {"type": "Polygon", "coordinates": [[[101.604811, 3.069774], [101.60466, 3.069828], [101.604483, 3.070059], [101.604459, 3.070096], [101.604451, 3.070348], [101.604666, 3.070337], [101.604817, 3.070283], [101.605045, 3.069961], [101.605034, 3.069774], [101.604811, 3.069774]]]}}, {"type": "Feature", "properties": {}, "geometry": {"type": "Polygon", "coordinates": [[[101.604043, 3.070439], [101.603259, 3.070465], [101.603108, 3.07052], [101.603112, 3.07063], [101.603122, 3.070797], [101.603903, 3.07077], [101.604054, 3.070716], [101.60405, 3.070603], [101.604043, 3.070439]]]}}, {"type": "Feature", "properties": {}, "geometry": {"type": "Polygon", "coordinates": [[[101.600214, 3.06857], [101.599938, 3.068583], [101.599886, 3.068602], [101.599891, 3.068819], [101.59995, 3.068846], [101.600267, 3.068837], [101.600319, 3.068819], [101.600319, 3.068677], [101.600214, 3.06857]]]}}, {"type": "Feature", "properties": {}, "geometry": {"type": "Polygon", "coordinates": [[[101.601771, 3.071171], [101.600886, 3.0712], [101.600835, 3.071218], [101.600839, 3.071446], [101.601646, 3.071425], [101.601698, 3.071406], [101.601773, 3.071363], [101.601771, 3.071171]]]}}, {"type": "Feature", "properties": {}, "geometry": {"type": "Polygon", "coordinates": [[[101.599605, 3.068969], [101.599288, 3.068979], [101.599236, 3.068998], [101.599236, 3.069241], [101.599269, 3.069304], [101.599409, 3.069298], [101.59946, 3.069279], [101.599605, 3.069223], [101.599605, 3.068969]]]}}, {"type": "Feature", "properties": {}, "geometry": {"type": "Polygon", "coordinates": [[[101.599624, 3.070054], [101.599326, 3.070056], [101.599274, 3.070075], [101.599277, 3.070324], [101.599575, 3.070321], [101.599627, 3.070302], [101.599624, 3.070054]]]}}, {"type": "Feature", "properties": {}, "geometry": {"type": "Polygon", "coordinates": [[[101.604973, 3.07121], [101.604688, 3.071218], [101.604637, 3.071237], [101.604637, 3.071379], [101.604921, 3.071374], [101.604973, 3.071355], [101.604973, 3.07121]]]}}, {"type": "Feature", "properties": {}, "geometry": {"type": "Polygon", "coordinates": [[[101.602437, 3.071658], [101.602238, 3.071663], [101.602186, 3.071682], [101.602192, 3.07187], [101.602385, 3.071867], [101.602437, 3.071848], [101.602437, 3.071658]]]}}, {"type": "Feature", "properties": {}, "geometry": {"type": "Polygon", "coordinates": [[[101.6003, 3.071698], [101.600031, 3.071705], [101.599979, 3.071724], [101.599985, 3.071942], [101.600256, 3.071939], [101.600308, 3.07192], [101.6003, 3.071698]]]}}, {"type": "Feature", "properties": {}, "geometry": {"type": "Polygon", "coordinates": [[[101.605191, 3.070958], [101.605093, 3.070983], [101.605042, 3.071001], [101.604963, 3.071188], [101.604964, 3.071274], [101.605229, 3.07121], [101.605281, 3.071192], [101.60525, 3.071001], [101.605191, 3.070958]]]}}, {"type": "Feature", "properties": {}, "geometry": {"type": "Polygon", "coordinates": [[[101.602113, 3.072247], [101.602048, 3.072249], [101.601996, 3.072268], [101.601997, 3.072375], [101.602067, 3.072373], [101.602118, 3.072354], [101.602113, 3.072247]]]}}, {"type": "Feature", "properties": {}, "geometry": {"type": "Polygon", "coordinates": [[[101.602887, 3.072409], [101.602645, 3.072417], [101.602581, 3.07244], [101.602551, 3.072622], [101.6026, 3.072686], [101.602667, 3.072702], [101.602774, 3.072686], [101.602839, 3.072663], [101.602887, 3.072409]]]}}, {"type": "Feature", "properties": {}, "geometry": {"type": "Polygon", "coordinates": [[[101.601064, 3.071674], [101.60081, 3.071682], [101.600758, 3.071701], [101.600755, 3.071926], [101.600871, 3.07196], [101.60101, 3.071958], [101.601062, 3.071939], [101.601064, 3.071674]]]}}, {"type": "Feature", "properties": {}, "geometry": {"type": "Polygon", "coordinates": [[[101.599621, 3.071837], [101.59923, 3.071851], [101.599178, 3.071869], [101.599047, 3.072057], [101.59905, 3.072448], [101.599575, 3.072437], [101.599627, 3.072418], [101.599621, 3.071837]]]}}, {"type": "Feature", "properties": {}, "geometry": {"type": "Polygon", "coordinates": [[[101.600568, 3.068567], [101.600319, 3.06857], [101.600267, 3.068588], [101.600267, 3.068837], [101.600565, 3.068829], [101.600617, 3.06881], [101.600614, 3.068677], [101.600568, 3.068567]]]}}, {"type": "Feature", "properties": {}, "geometry": {"type": "Polygon", "coordinates": [[[101.599616, 3.069338], [101.599263, 3.069346], [101.599211, 3.069365], [101.59921, 3.069483], [101.599242, 3.069612], [101.599278, 3.069659], [101.59942, 3.069659], [101.599471, 3.069641], [101.599613, 3.069582], [101.599616, 3.069338]]]}}, {"type": "Feature", "properties": {}, "geometry": {"type": "Polygon", "coordinates": [[[101.601416, 3.071666], [101.601158, 3.071677], [101.601106, 3.071695], [101.601114, 3.071931], [101.601256, 3.071963], [101.60142, 3.071955], [101.601472, 3.071936], [101.601467, 3.071762], [101.601416, 3.071666]]]}}, {"type": "Feature", "properties": {}, "geometry": {"type": "Polygon", "coordinates": [[[101.602331, 3.07215], [101.602166, 3.072155], [101.602149, 3.072161], [101.602153, 3.072483], [101.602319, 3.072477], [101.602336, 3.072471], [101.602331, 3.07215]]]}}, {"type": "Feature", "properties": {}, "geometry": {"type": "Polygon", "coordinates": [[[101.601776, 3.070118], [101.60086, 3.070145], [101.600796, 3.070168], [101.600801, 3.070378], [101.601678, 3.070359], [101.601743, 3.070335], [101.60178, 3.070234], [101.601776, 3.070118]]]}}, {"type": "Feature", "properties": {}, "geometry": {"type": "Polygon", "coordinates": [[[101.605702, 3.067961], [101.60565, 3.06798], [101.605538, 3.068036], [101.605377, 3.068184], [101.605294, 3.068379], [101.605267, 3.068583], [101.605294, 3.06869], [101.60568, 3.068623], [101.605732, 3.068604], [101.605842, 3.06851], [101.60585, 3.068379], [101.605785, 3.06816], [101.605737, 3.068028], [101.605702, 3.067961]]]}}, {"type": "Feature", "properties": {}, "geometry": {"type": "Polygon", "coordinates": [[[101.603016, 3.072392], [101.602952, 3.072416], [101.602912, 3.072681], [101.603494, 3.072785], [101.603559, 3.072762], [101.603609, 3.072486], [101.603016, 3.072392]]]}}, {"type": "Feature", "properties": {}, "geometry": {"type": "Polygon", "coordinates": [[[101.609282, 3.072441], [101.609217, 3.072465], [101.609213, 3.072532], [101.609261, 3.072576], [101.609417, 3.072573], [101.609482, 3.07255], [101.609483, 3.072445], [101.609282, 3.072441]]]}}, {"type": "Feature", "properties": {}, "geometry": {"type": "Polygon", "coordinates": [[[101.608022, 3.071952], [101.607971, 3.071971], [101.607969, 3.072113], [101.607964, 3.072484], [101.608757, 3.072495], [101.608809, 3.072476], [101.608815, 3.072056], [101.608816, 3.071963], [101.608375, 3.071957], [101.608022, 3.071952]]]}}, {"type": "Feature", "properties": {}, "geometry": {"type": "Polygon", "coordinates": [[[101.609312, 3.073567], [101.60926, 3.073586], [101.6092, 3.07364], [101.6092, 3.073708], [101.609254, 3.073746], [101.609326, 3.073746], [101.609435, 3.073709], [101.609487, 3.07369], [101.609487, 3.073624], [101.609373, 3.073567], [101.609312, 3.073567]]]}}, {"type": "Feature", "properties": {}, "geometry": {"type": "Polygon", "coordinates": [[[101.60949, 3.073183], [101.609282, 3.073185], [101.609217, 3.073208], [101.609217, 3.073325], [101.609256, 3.07336], [101.609431, 3.073361], [101.609495, 3.073338], [101.60949, 3.073183]]]}}, {"type": "Feature", "properties": {}, "geometry": {"type": "Polygon", "coordinates": [[[101.610281, 3.072985], [101.609549, 3.072993], [101.609484, 3.073016], [101.609484, 3.073219], [101.610219, 3.073352], [101.610284, 3.073329], [101.610281, 3.072985]]]}}, {"type": "Feature", "properties": {}, "geometry": {"type": "Polygon", "coordinates": [[[101.610549, 3.07335], [101.610333, 3.073351], [101.610268, 3.073374], [101.610267, 3.073506], [101.610428, 3.073541], [101.610493, 3.073518], [101.610552, 3.073459], [101.610549, 3.07335]]]}}, {"type": "Feature", "properties": {}, "geometry": {"type": "Polygon", "coordinates": [[[101.610276, 3.072075], [101.610216, 3.072076], [101.610152, 3.072099], [101.610153, 3.072303], [101.610213, 3.072303], [101.610278, 3.072279], [101.610276, 3.072075]]]}}, {"type": "Feature", "properties": {}, "geometry": {"type": "Polygon", "coordinates": [[[101.61055, 3.072442], [101.610326, 3.072442], [101.610262, 3.072466], [101.610259, 3.072558], [101.610433, 3.072558], [101.610498, 3.072535], [101.610549, 3.072468], [101.61055, 3.072442]]]}}, {"type": "Feature", "properties": {}, "geometry": {"type": "Polygon", "coordinates": [[[101.610267, 3.072709], [101.610206, 3.072709], [101.610142, 3.072732], [101.610143, 3.072947], [101.610203, 3.072947], [101.610268, 3.072923], [101.610267, 3.072709]]]}}, {"type": "Feature", "properties": {}, "geometry": {"type": "Polygon", "coordinates": [[[101.608156, 3.073523], [101.608104, 3.073542], [101.6081, 3.073693], [101.608517, 3.073706], [101.608569, 3.073687], [101.608574, 3.073536], [101.608156, 3.073523]]]}}, {"type": "Feature", "properties": {}, "geometry": {"type": "Polygon", "coordinates": [[[101.61028, 3.072322], [101.61022, 3.072322], [101.610155, 3.072345], [101.610157, 3.072558], [101.610217, 3.072558], [101.610282, 3.072535], [101.61028, 3.072322]]]}}, {"type": "Feature", "properties": {}, "geometry": {"type": "Polygon", "coordinates": [[[101.610565, 3.070827], [101.610291, 3.070832], [101.610274, 3.070838], [101.610276, 3.071049], [101.610277, 3.071094], [101.610547, 3.071092], [101.610565, 3.071086], [101.610565, 3.070827]]]}}, {"type": "Feature", "properties": {}, "geometry": {"type": "Polygon", "coordinates": [[[101.610248, 3.06842], [101.610203, 3.068423], [101.609779, 3.068541], [101.609521, 3.068634], [101.609437, 3.06869], [101.609451, 3.069159], [101.609829, 3.069435], [101.610268, 3.069437], [101.61029, 3.069437], [101.610549, 3.069344], [101.610671, 3.069297], [101.610672, 3.069112], [101.610573, 3.068477], [101.610248, 3.06842]]]}}, {"type": "Feature", "properties": {}, "geometry": {"type": "Polygon", "coordinates": [[[101.610275, 3.067456], [101.61013, 3.067461], [101.609889, 3.067536], [101.609837, 3.067555], [101.609623, 3.067785], [101.609338, 3.068321], [101.609338, 3.068532], [101.610006, 3.068518], [101.610058, 3.0685], [101.61027, 3.068176], [101.610388, 3.06793], [101.61039, 3.06775], [101.610275, 3.067456]]]}}, {"type": "Feature", "properties": {}, "geometry": {"type": "Polygon", "coordinates": [[[101.605346, 3.071344], [101.605236, 3.071363], [101.605144, 3.071395], [101.605093, 3.071414], [101.605018, 3.071459], [101.60509, 3.071569], [101.605738, 3.071659], [101.605789, 3.071641], [101.605858, 3.071588], [101.605769, 3.071484], [101.605734, 3.071444], [101.605675, 3.071398], [101.605531, 3.071363], [101.605469, 3.071351], [101.605431, 3.071344], [101.605346, 3.071344]]]}}, {"type": "Feature", "properties": {}, "geometry": {"type": "Polygon", "coordinates": [[[101.607172, 3.06975], [101.60712, 3.069769], [101.60701, 3.07057], [101.607085, 3.070658], [101.607123, 3.070658], [101.607263, 3.070648], [101.607314, 3.070629], [101.607354, 3.070366], [101.607253, 3.069759], [101.607172, 3.06975]]]}}, {"type": "Feature", "properties": {}, "geometry": {"type": "Polygon", "coordinates": [[[101.606593, 3.070902], [101.606541, 3.070921], [101.606536, 3.071111], [101.60664, 3.071111], [101.606692, 3.071092], [101.6067, 3.070902], [101.606593, 3.070902]]]}}, {"type": "Feature", "properties": {}, "geometry": {"type": "Polygon", "coordinates": [[[101.606217, 3.070233], [101.605968, 3.070297], [101.605916, 3.070315], [101.605997, 3.070645], [101.606042, 3.070814], [101.606629, 3.070857], [101.606681, 3.070838], [101.606738, 3.070806], [101.606758, 3.070691], [101.606217, 3.070233]]]}}, {"type": "Feature", "properties": {}, "geometry": {"type": "Polygon", "coordinates": [[[101.606515, 3.070535], [101.606463, 3.070554], [101.606436, 3.070642], [101.606823, 3.070765], [101.607442, 3.07083], [101.607571, 3.070811], [101.607623, 3.070792], [101.607633, 3.070696], [101.606515, 3.070535]]]}}, {"type": "Feature", "properties": {}, "geometry": {"type": "Polygon", "coordinates": [[[101.601446, 3.065554], [101.600614, 3.065561], [101.600554, 3.065583], [101.600557, 3.06662], [101.601537, 3.066617], [101.601598, 3.066595], [101.601592, 3.065555], [101.601446, 3.065554]]]}}, {"type": "Feature", "properties": {}, "geometry": {"type": "Polygon", "coordinates": [[[101.601524, 3.06507], [101.601472, 3.065089], [101.601387, 3.065448], [101.601386, 3.065576], [101.601532, 3.065577], [101.601685, 3.065578], [101.601736, 3.065559], [101.601739, 3.06524], [101.601661, 3.065071], [101.601524, 3.06507]]]}}, {"type": "Feature", "properties": {}, "geometry": {"type": "Polygon", "coordinates": [[[101.60812, 3.066091], [101.607026, 3.066102], [101.606975, 3.06612], [101.606978, 3.066459], [101.608071, 3.066448], [101.608123, 3.06643], [101.60812, 3.066091]]]}}, {"type": "Feature", "properties": {}, "geometry": {"type": "Polygon", "coordinates": [[[101.607742, 3.06433], [101.607561, 3.064395], [101.607272, 3.064682], [101.607267, 3.064924], [101.607261, 3.065215], [101.608122, 3.065212], [101.610337, 3.065184], [101.610518, 3.065119], [101.610583, 3.065091], [101.61062, 3.065029], [101.610626, 3.064948], [101.610618, 3.064783], [101.610591, 3.064336], [101.607742, 3.06433]]]}}, {"type": "Feature", "properties": {}, "geometry": {"type": "Polygon", "coordinates": [[[101.608506, 3.06535], [101.608454, 3.065369], [101.608449, 3.065701], [101.608769, 3.065707], [101.608821, 3.065688], [101.608827, 3.065356], [101.608506, 3.06535]]]}}, {"type": "Feature", "properties": {}, "geometry": {"type": "Polygon", "coordinates": [[[101.61095, 3.070438], [101.610866, 3.070441], [101.610814, 3.070459], [101.610505, 3.070682], [101.610504, 3.070775], [101.610676, 3.070816], [101.61081, 3.070811], [101.610861, 3.070792], [101.610949, 3.070735], [101.61095, 3.070438]]]}}, {"type": "Feature", "properties": {}, "geometry": {"type": "Polygon", "coordinates": [[[101.610302, 3.075888], [101.610256, 3.075904], [101.61002, 3.076023], [101.610019, 3.076321], [101.610252, 3.076322], [101.610298, 3.076306], [101.610382, 3.076258], [101.610384, 3.075888], [101.610302, 3.075888]]]}}, {"type": "Feature", "properties": {}, "geometry": {"type": "Polygon", "coordinates": [[[101.610527, 3.069602], [101.609907, 3.069826], [101.6099, 3.070264], [101.610401, 3.070271], [101.611022, 3.070047], [101.611028, 3.069609], [101.610895, 3.069608], [101.610527, 3.069602]]]}}, {"type": "Feature", "properties": {}, "geometry": {"type": "Polygon", "coordinates": [[[101.605552, 3.072505], [101.605443, 3.072507], [101.604368, 3.072529], [101.60411, 3.072622], [101.604111, 3.072665], [101.604139, 3.072964], [101.604304, 3.073113], [101.604551, 3.073167], [101.604981, 3.073149], [101.605, 3.073143], [101.605258, 3.07305], [101.605558, 3.072867], [101.605552, 3.072505]]]}}, {"type": "Feature", "properties": {}, "geometry": {"type": "Polygon", "coordinates": [[[101.608828, 3.065762], [101.608777, 3.065781], [101.608774, 3.066398], [101.609979, 3.066405], [101.61003, 3.066387], [101.610027, 3.06598], [101.609125, 3.065763], [101.608828, 3.065762]]]}}, {"type": "Feature", "properties": {}, "geometry": {"type": "Polygon", "coordinates": [[[101.600016, 3.062594], [101.599964, 3.062613], [101.599962, 3.062678], [101.600329, 3.063012], [101.600704, 3.063248], [101.600744, 3.063248], [101.600796, 3.063229], [101.600796, 3.06317], [101.600447, 3.062804], [101.60027, 3.062655], [101.600223, 3.06263], [101.600199, 3.06262], [101.600116, 3.062595], [101.600016, 3.062594]]]}}, {"type": "Feature", "properties": {}, "geometry": {"type": "Polygon", "coordinates": [[[101.601358, 3.063417], [101.601146, 3.063417], [101.601094, 3.063436], [101.601098, 3.064087], [101.60131, 3.064086], [101.601362, 3.064068], [101.601358, 3.063417]]]}}, {"type": "Feature", "properties": {}, "geometry": {"type": "Polygon", "coordinates": [[[101.601053, 3.063203], [101.60079, 3.063205], [101.600669, 3.063248], [101.60067, 3.063365], [101.600688, 3.063523], [101.600934, 3.063521], [101.601055, 3.063478], [101.601053, 3.063203]]]}}, {"type": "Feature", "properties": {}, "geometry": {"type": "Polygon", "coordinates": [[[101.600986, 3.063503], [101.600784, 3.063504], [101.600733, 3.063523], [101.600627, 3.063902], [101.600627, 3.063961], [101.600734, 3.06418], [101.600835, 3.064179], [101.600938, 3.064179], [101.600989, 3.06416], [101.600986, 3.063503]]]}}, {"type": "Feature", "properties": {}, "geometry": {"type": "Polygon", "coordinates": [[[101.600717, 3.063869], [101.600614, 3.06387], [101.600524, 3.063902], [101.600527, 3.064461], [101.600528, 3.064595], [101.600837, 3.064593], [101.600927, 3.064561], [101.600981, 3.064536], [101.600979, 3.064189], [101.600823, 3.063928], [101.600717, 3.063869]]]}}, {"type": "Feature", "properties": {}, "geometry": {"type": "Polygon", "coordinates": [[[101.600942, 3.064555], [101.600633, 3.064557], [101.60041, 3.064558], [101.600304, 3.064596], [101.600305, 3.064804], [101.600632, 3.064965], [101.600839, 3.064964], [101.600944, 3.064926], [101.600978, 3.06487], [101.600985, 3.064834], [101.600984, 3.064759], [101.600942, 3.064555]]]}}, {"type": "Feature", "properties": {}, "geometry": {"type": "Polygon", "coordinates": [[[101.600419, 3.062979], [101.600329, 3.063012], [101.600294, 3.063101], [101.600277, 3.063143], [101.600255, 3.063241], [101.600249, 3.063273], [101.600242, 3.063363], [101.600239, 3.063412], [101.600477, 3.063422], [101.600568, 3.063389], [101.600627, 3.063093], [101.600419, 3.062979]]]}}, {"type": "Feature", "properties": {}, "geometry": {"type": "Polygon", "coordinates": [[[101.600314, 3.063385], [101.600239, 3.063412], [101.599829, 3.064197], [101.599863, 3.064259], [101.599959, 3.064325], [101.600035, 3.064298], [101.600103, 3.064248], [101.600184, 3.064187], [101.600302, 3.064058], [101.600398, 3.063911], [101.600445, 3.063805], [101.60047, 3.063743], [101.600493, 3.063648], [101.600509, 3.063573], [101.600517, 3.063476], [101.600519, 3.063393], [101.600314, 3.063385]]]}}, {"type": "Feature", "properties": {}, "geometry": {"type": "Polygon", "coordinates": [[[101.600416, 3.064057], [101.600398, 3.064061], [101.600251, 3.064096], [101.6002, 3.064114], [101.600169, 3.064147], [101.600208, 3.064292], [101.600222, 3.06432], [101.600233, 3.064332], [101.600281, 3.064365], [101.600369, 3.064413], [101.600461, 3.064446], [101.600527, 3.064461], [101.600579, 3.064442], [101.600577, 3.064095], [101.600566, 3.06409], [101.600539, 3.064077], [101.60049, 3.064063], [101.600453, 3.064058], [101.600416, 3.064057]]]}}, {"type": "Feature", "properties": {}, "geometry": {"type": "Polygon", "coordinates": [[[101.599288, 3.066533], [101.599208, 3.066535], [101.599156, 3.066553], [101.599155, 3.06673], [101.599233, 3.066732], [101.599285, 3.066713], [101.599314, 3.066631], [101.599313, 3.066588], [101.599288, 3.066533]]]}}, {"type": "Feature", "properties": {}, "geometry": {"type": "Polygon", "coordinates": [[[101.600158, 3.06657], [101.600107, 3.066588], [101.600107, 3.066656], [101.600207, 3.066656], [101.600259, 3.066637], [101.600261, 3.066574], [101.600158, 3.06657]]]}}, {"type": "Feature", "properties": {}, "geometry": {"type": "Polygon", "coordinates": [[[101.600322, 3.066595], [101.60027, 3.066614], [101.600207, 3.066656], [101.600207, 3.066796], [101.600314, 3.066793], [101.600366, 3.066775], [101.600373, 3.066598], [101.600322, 3.066595]]]}}, {"type": "Feature", "properties": {}, "geometry": {"type": "Polygon", "coordinates": [[[101.600177, 3.065802], [101.600125, 3.065821], [101.600125, 3.066094], [101.600331, 3.066094], [101.600383, 3.066075], [101.600387, 3.065802], [101.600177, 3.065802]]]}}, {"type": "Feature", "properties": {}, "geometry": {"type": "Polygon", "coordinates": [[[101.602451, 3.065609], [101.60228, 3.065611], [101.602216, 3.065634], [101.602212, 3.065695], [101.602433, 3.065697], [101.602498, 3.065674], [101.602497, 3.06565], [101.602451, 3.065609]]]}}, {"type": "Feature", "properties": {}, "geometry": {"type": "Polygon", "coordinates": [[[101.599568, 3.062399], [101.599516, 3.062417], [101.599212, 3.062805], [101.599213, 3.063031], [101.599251, 3.063698], [101.599596, 3.063698], [101.599648, 3.063679], [101.599765, 3.063532], [101.599877, 3.063268], [101.600014, 3.062667], [101.600016, 3.062594], [101.600018, 3.0624], [101.599568, 3.062399]]]}}, {"type": "Feature", "properties": {}, "geometry": {"type": "Polygon", "coordinates": [[[101.606449, 3.07435], [101.606432, 3.074356], [101.606398, 3.07454], [101.606493, 3.074557], [101.606717, 3.074562], [101.606734, 3.074556], [101.606754, 3.074446], [101.606655, 3.074387], [101.606449, 3.07435]]]}}, {"type": "Feature", "properties": {}, "geometry": {"type": "Polygon", "coordinates": [[[101.608216, 3.065763], [101.608095, 3.065807], [101.608094, 3.066437], [101.608598, 3.066438], [101.608718, 3.066394], [101.608719, 3.065764], [101.608216, 3.065763]]]}}, {"type": "Feature", "properties": {}, "geometry": {"type": "Polygon", "coordinates": [[[101.607885, 3.065753], [101.606983, 3.065755], [101.606931, 3.065773], [101.606931, 3.066017], [101.606932, 3.06607], [101.607834, 3.066068], [101.607886, 3.06605], [101.607885, 3.065753]]]}}, {"type": "Feature", "properties": {}, "geometry": {"type": "Polygon", "coordinates": [[[101.604115, 3.066809], [101.603807, 3.06681], [101.603619, 3.066849], [101.603438, 3.066915], [101.60344, 3.067684], [101.604043, 3.067688], [101.604279, 3.067688], [101.60446, 3.067623], [101.604459, 3.066962], [101.604458, 3.066849], [101.604115, 3.066809]]]}}, {"type": "Feature", "properties": {}, "geometry": {"type": "Polygon", "coordinates": [[[101.604742, 3.067928], [101.60468, 3.067935], [101.604629, 3.067954], [101.604592, 3.067986], [101.604569, 3.068026], [101.604534, 3.068127], [101.604531, 3.068165], [101.604564, 3.068289], [101.604697, 3.068472], [101.60492, 3.068473], [101.604972, 3.068454], [101.604974, 3.068166], [101.604925, 3.067953], [101.604823, 3.067929], [101.604742, 3.067928]]]}}, {"type": "Feature", "properties": {}, "geometry": {"type": "Polygon", "coordinates": [[[101.603564, 3.069932], [101.603261, 3.069932], [101.60311, 3.069987], [101.603111, 3.070395], [101.603415, 3.070394], [101.603565, 3.07034], [101.603564, 3.069932]]]}}, {"type": "Feature", "properties": {}, "geometry": {"type": "Polygon", "coordinates": [[[101.603992, 3.069934], [101.603689, 3.069935], [101.603538, 3.069989], [101.603539, 3.070397], [101.603842, 3.070397], [101.603993, 3.070342], [101.603992, 3.069934]]]}}, {"type": "Feature", "properties": {}, "geometry": {"type": "Polygon", "coordinates": [[[101.604422, 3.069942], [101.604119, 3.069942], [101.603968, 3.069997], [101.603969, 3.070405], [101.604272, 3.070404], [101.604423, 3.07035], [101.604422, 3.069942]]]}}, {"type": "Feature", "properties": {}, "geometry": {"type": "Polygon", "coordinates": [[[101.603248, 3.071637], [101.602819, 3.071646], [101.602785, 3.071659], [101.602787, 3.071759], [101.603216, 3.071749], [101.60325, 3.071737], [101.603248, 3.071637]]]}}, {"type": "Feature", "properties": {}, "geometry": {"type": "Polygon", "coordinates": [[[101.603407, 3.071635], [101.603329, 3.071636], [101.603294, 3.071648], [101.603296, 3.071755], [101.603374, 3.071754], [101.603408, 3.071741], [101.603407, 3.071635]]]}}, {"type": "Feature", "properties": {}, "geometry": {"type": "Polygon", "coordinates": [[[101.603262, 3.071167], [101.602807, 3.071176], [101.602773, 3.071189], [101.602775, 3.071293], [101.60323, 3.071284], [101.603264, 3.071271], [101.603262, 3.071167]]]}}, {"type": "Feature", "properties": {}, "geometry": {"type": "Polygon", "coordinates": [[[101.603811, 3.071144], [101.603315, 3.071163], [101.60328, 3.071176], [101.603284, 3.071279], [101.603781, 3.071259], [101.603815, 3.071247], [101.603811, 3.071144]]]}}, {"type": "Feature", "properties": {}, "geometry": {"type": "Polygon", "coordinates": [[[101.614288, 3.063795], [101.614051, 3.063799], [101.613879, 3.063861], [101.61388, 3.063944], [101.613929, 3.063994], [101.614116, 3.063993], [101.614289, 3.063931], [101.614288, 3.063795]]]}}, {"type": "Feature", "properties": {}, "geometry": {"type": "Polygon", "coordinates": [[[101.60104, 3.072534], [101.599912, 3.07255], [101.599653, 3.072643], [101.599656, 3.072904], [101.600788, 3.072845], [101.601047, 3.072752], [101.60104, 3.072534]]]}}, {"type": "Feature", "properties": {}, "geometry": {"type": "Polygon", "coordinates": [[[101.611859, 3.07594], [101.611022, 3.075946], [101.610763, 3.076039], [101.610765, 3.076253], [101.611602, 3.076247], [101.61186, 3.076154], [101.611859, 3.07594]]]}}, {"type": "Feature", "properties": {}, "geometry": {"type": "Polygon", "coordinates": [[[101.60446, 3.075841], [101.603952, 3.075853], [101.603917, 3.075866], [101.603921, 3.076048], [101.60443, 3.076035], [101.604465, 3.076023], [101.60446, 3.075841]]]}}, {"type": "Feature", "properties": {}, "geometry": {"type": "Polygon", "coordinates": [[[101.604402, 3.075393], [101.603639, 3.075411], [101.603605, 3.075424], [101.603609, 3.075595], [101.604372, 3.075576], [101.604407, 3.075564], [101.604402, 3.075393]]]}}, {"type": "Feature", "properties": {}, "geometry": {"type": "Polygon", "coordinates": [[[101.604526, 3.075543], [101.603758, 3.075562], [101.603608, 3.075616], [101.603612, 3.075785], [101.604379, 3.075766], [101.60453, 3.075712], [101.604526, 3.075543]]]}}, {"type": "Feature", "properties": {}, "geometry": {"type": "Polygon", "coordinates": [[[101.604382, 3.074918], [101.603709, 3.074935], [101.603675, 3.074947], [101.603679, 3.075113], [101.604352, 3.075096], [101.604386, 3.075084], [101.604382, 3.074918]]]}}, {"type": "Feature", "properties": {}, "geometry": {"type": "Polygon", "coordinates": [[[101.604386, 3.075107], [101.603713, 3.075123], [101.603679, 3.075136], [101.603683, 3.075314], [101.604356, 3.075298], [101.60439, 3.075285], [101.604386, 3.075107]]]}}, {"type": "Feature", "properties": {}, "geometry": {"type": "Polygon", "coordinates": [[[101.604398, 3.074642], [101.60368, 3.07466], [101.603645, 3.074672], [101.60365, 3.074845], [101.604368, 3.074828], [101.604403, 3.074815], [101.604398, 3.074642]]]}}, {"type": "Feature", "properties": {}, "geometry": {"type": "Polygon", "coordinates": [[[101.604386, 3.074452], [101.603674, 3.07447], [101.60364, 3.074482], [101.603644, 3.07465], [101.604356, 3.074632], [101.604391, 3.07462], [101.604386, 3.074452]]]}}, {"type": "Feature", "properties": {}, "geometry": {"type": "Polygon", "coordinates": [[[101.60442, 3.074173], [101.603689, 3.074191], [101.603655, 3.074204], [101.603659, 3.074371], [101.604389, 3.074354], [101.604424, 3.074341], [101.60442, 3.074173]]]}}, {"type": "Feature", "properties": {}, "geometry": {"type": "Polygon", "coordinates": [[[101.604417, 3.073978], [101.603683, 3.073996], [101.603649, 3.074009], [101.603653, 3.074184], [101.604387, 3.074166], [101.604422, 3.074153], [101.604417, 3.073978]]]}}, {"type": "Feature", "properties": {}, "geometry": {"type": "Polygon", "coordinates": [[[101.602897, 3.075141], [101.602257, 3.075157], [101.602222, 3.075169], [101.602227, 3.075353], [101.602867, 3.075338], [101.602902, 3.075325], [101.602897, 3.075141]]]}}, {"type": "Feature", "properties": {}, "geometry": {"type": "Polygon", "coordinates": [[[101.602898, 3.074944], [101.602254, 3.074959], [101.602219, 3.074972], [101.602224, 3.075149], [101.602868, 3.075133], [101.602902, 3.075121], [101.602898, 3.074944]]]}}, {"type": "Feature", "properties": {}, "geometry": {"type": "Polygon", "coordinates": [[[101.603613, 3.07512], [101.602938, 3.075137], [101.602904, 3.075149], [101.602908, 3.075336], [101.603583, 3.075319], [101.603618, 3.075307], [101.603613, 3.07512]]]}}, {"type": "Feature", "properties": {}, "geometry": {"type": "Polygon", "coordinates": [[[101.603605, 3.074924], [101.602934, 3.07494], [101.602899, 3.074953], [101.602904, 3.07513], [101.603574, 3.075114], [101.603609, 3.075102], [101.603605, 3.074924]]]}}, {"type": "Feature", "properties": {}, "geometry": {"type": "Polygon", "coordinates": [[[101.603591, 3.07447], [101.602958, 3.074485], [101.602924, 3.074498], [101.602928, 3.074662], [101.603561, 3.074646], [101.603595, 3.074634], [101.603591, 3.07447]]]}}, {"type": "Feature", "properties": {}, "geometry": {"type": "Polygon", "coordinates": [[[101.603592, 3.074657], [101.602962, 3.074672], [101.602928, 3.074684], [101.602932, 3.074864], [101.603562, 3.074849], [101.603597, 3.074837], [101.603592, 3.074657]]]}}, {"type": "Feature", "properties": {}, "geometry": {"type": "Polygon", "coordinates": [[[101.602812, 3.074492], [101.602245, 3.074506], [101.60221, 3.074518], [101.602214, 3.074675], [101.602782, 3.074662], [101.602816, 3.074649], [101.602812, 3.074492]]]}}, {"type": "Feature", "properties": {}, "geometry": {"type": "Polygon", "coordinates": [[[101.602811, 3.074675], [101.602243, 3.074688], [101.602209, 3.074701], [101.602213, 3.074869], [101.60278, 3.074855], [101.602815, 3.074843], [101.602811, 3.074675]]]}}, {"type": "Feature", "properties": {}, "geometry": {"type": "Polygon", "coordinates": [[[101.603559, 3.074], [101.602896, 3.074016], [101.602861, 3.074028], [101.602865, 3.074174], [101.603528, 3.074158], [101.603563, 3.074146], [101.603559, 3.074]]]}}, {"type": "Feature", "properties": {}, "geometry": {"type": "Polygon", "coordinates": [[[101.603561, 3.07418], [101.602898, 3.074197], [101.602863, 3.074209], [101.602868, 3.074398], [101.603531, 3.074382], [101.603566, 3.074369], [101.603561, 3.07418]]]}}, {"type": "Feature", "properties": {}, "geometry": {"type": "Polygon", "coordinates": [[[101.602854, 3.074013], [101.602238, 3.074028], [101.602204, 3.07404], [101.602207, 3.074197], [101.602823, 3.074182], [101.602858, 3.07417], [101.602854, 3.074013]]]}}, {"type": "Feature", "properties": {}, "geometry": {"type": "Polygon", "coordinates": [[[101.602856, 3.074195], [101.602241, 3.07421], [101.602207, 3.074223], [101.602212, 3.07441], [101.602826, 3.074395], [101.602861, 3.074382], [101.602856, 3.074195]]]}}, {"type": "Feature", "properties": {}, "geometry": {"type": "Polygon", "coordinates": [[[101.603898, 3.075868], [101.60341, 3.07588], [101.603375, 3.075892], [101.60338, 3.076065], [101.603868, 3.076053], [101.603903, 3.076041], [101.603898, 3.075868]]]}}, {"type": "Feature", "properties": {}, "geometry": {"type": "Polygon", "coordinates": [[[101.602744, 3.075899], [101.602333, 3.075909], [101.602298, 3.075921], [101.602303, 3.0761], [101.602713, 3.07609], [101.602748, 3.076077], [101.602744, 3.075899]]]}}, {"type": "Feature", "properties": {}, "geometry": {"type": "Polygon", "coordinates": [[[101.603598, 3.075383], [101.602654, 3.075406], [101.60262, 3.075418], [101.602625, 3.075616], [101.603568, 3.075593], [101.603603, 3.075581], [101.603598, 3.075383]]]}}, {"type": "Feature", "properties": {}, "geometry": {"type": "Polygon", "coordinates": [[[101.603601, 3.075607], [101.60266, 3.075629], [101.602626, 3.075642], [101.602631, 3.075827], [101.603572, 3.075804], [101.603606, 3.075791], [101.603601, 3.075607]]]}}, {"type": "Feature", "properties": {}, "geometry": {"type": "Polygon", "coordinates": [[[101.602611, 3.075627], [101.601775, 3.075647], [101.60174, 3.07566], [101.601745, 3.075852], [101.602581, 3.075832], [101.602616, 3.075819], [101.602611, 3.075627]]]}}, {"type": "Feature", "properties": {}, "geometry": {"type": "Polygon", "coordinates": [[[101.602611, 3.075412], [101.601772, 3.075433], [101.601737, 3.075445], [101.601742, 3.075638], [101.602581, 3.075617], [101.602616, 3.075605], [101.602611, 3.075412]]]}}, {"type": "Feature", "properties": {}, "geometry": {"type": "Polygon", "coordinates": [[[101.60334, 3.075878], [101.603151, 3.075881], [101.603099, 3.0759], [101.602988, 3.076032], [101.603107, 3.076249], [101.603159, 3.07623], [101.603344, 3.076146], [101.60334, 3.075878]]]}}, {"type": "Feature", "properties": {}, "geometry": {"type": "Polygon", "coordinates": [[[101.603053, 3.075895], [101.602853, 3.075903], [101.602802, 3.075921], [101.602805, 3.076008], [101.603005, 3.076], [101.603057, 3.075982], [101.603053, 3.075895]]]}}, {"type": "Feature", "properties": {}, "geometry": {"type": "Polygon", "coordinates": [[[101.602218, 3.075153], [101.601595, 3.075168], [101.601561, 3.07518], [101.601565, 3.075355], [101.602188, 3.07534], [101.602222, 3.075328], [101.602218, 3.075153]]]}}, {"type": "Feature", "properties": {}, "geometry": {"type": "Polygon", "coordinates": [[[101.602215, 3.074965], [101.60159, 3.07498], [101.601556, 3.074992], [101.60156, 3.075163], [101.602185, 3.075148], [101.602219, 3.075135], [101.602215, 3.074965]]]}}, {"type": "Feature", "properties": {}, "geometry": {"type": "Polygon", "coordinates": [[[101.602208, 3.074683], [101.601586, 3.074698], [101.601551, 3.07471], [101.601556, 3.074887], [101.602178, 3.074871], [101.602213, 3.074859], [101.602208, 3.074683]]]}}, {"type": "Feature", "properties": {}, "geometry": {"type": "Polygon", "coordinates": [[[101.602209, 3.074502], [101.601575, 3.074518], [101.601541, 3.07453], [101.601545, 3.074693], [101.602178, 3.074678], [101.602213, 3.074665], [101.602209, 3.074502]]]}}, {"type": "Feature", "properties": {}, "geometry": {"type": "Polygon", "coordinates": [[[101.602199, 3.074035], [101.601566, 3.074051], [101.601532, 3.074063], [101.601536, 3.074231], [101.602169, 3.074216], [101.602203, 3.074203], [101.602199, 3.074035]]]}}, {"type": "Feature", "properties": {}, "geometry": {"type": "Polygon", "coordinates": [[[101.602204, 3.074218], [101.601567, 3.074233], [101.601533, 3.074246], [101.601537, 3.074425], [101.602174, 3.074409], [101.602209, 3.074397], [101.602204, 3.074218]]]}}, {"type": "Feature", "properties": {}, "geometry": {"type": "Polygon", "coordinates": [[[101.601956, 3.073564], [101.601574, 3.073573], [101.601522, 3.073592], [101.601526, 3.073747], [101.601908, 3.073738], [101.60196, 3.073719], [101.601956, 3.073564]]]}}, {"type": "Feature", "properties": {}, "geometry": {"type": "Polygon", "coordinates": [[[101.602101, 3.073744], [101.60156, 3.073757], [101.601526, 3.07377], [101.60153, 3.073964], [101.602071, 3.073951], [101.602106, 3.073938], [101.602101, 3.073744]]]}}, {"type": "Feature", "properties": {}, "geometry": {"type": "Polygon", "coordinates": [[[101.601516, 3.073569], [101.600943, 3.073583], [101.600892, 3.073602], [101.600896, 3.073776], [101.601469, 3.073762], [101.601521, 3.073744], [101.601516, 3.073569]]]}}, {"type": "Feature", "properties": {}, "geometry": {"type": "Polygon", "coordinates": [[[101.601506, 3.073764], [101.600913, 3.073779], [101.600878, 3.073791], [101.600883, 3.073962], [101.601475, 3.073948], [101.60151, 3.073935], [101.601506, 3.073764]]]}}, {"type": "Feature", "properties": {}, "geometry": {"type": "Polygon", "coordinates": [[[101.601522, 3.074052], [101.60094, 3.074066], [101.600905, 3.074079], [101.600909, 3.07424], [101.601491, 3.074226], [101.601526, 3.074213], [101.601522, 3.074052]]]}}, {"type": "Feature", "properties": {}, "geometry": {"type": "Polygon", "coordinates": [[[101.601512, 3.074237], [101.600953, 3.07425], [101.600919, 3.074263], [101.600923, 3.074433], [101.601482, 3.074419], [101.601517, 3.074407], [101.601512, 3.074237]]]}}, {"type": "Feature", "properties": {}, "geometry": {"type": "Polygon", "coordinates": [[[101.601521, 3.074522], [101.600959, 3.074535], [101.600924, 3.074548], [101.600928, 3.074698], [101.60149, 3.074684], [101.601525, 3.074672], [101.601521, 3.074522]]]}}, {"type": "Feature", "properties": {}, "geometry": {"type": "Polygon", "coordinates": [[[101.601525, 3.074701], [101.600965, 3.074715], [101.600931, 3.074727], [101.600935, 3.074899], [101.601494, 3.074885], [101.601529, 3.074873], [101.601525, 3.074701]]]}}, {"type": "Feature", "properties": {}, "geometry": {"type": "Polygon", "coordinates": [[[101.601537, 3.07498], [101.600991, 3.074993], [101.600956, 3.075006], [101.60096, 3.075164], [101.601506, 3.07515], [101.601541, 3.075138], [101.601537, 3.07498]]]}}, {"type": "Feature", "properties": {}, "geometry": {"type": "Polygon", "coordinates": [[[101.601547, 3.075172], [101.600975, 3.075186], [101.60094, 3.075199], [101.600944, 3.075365], [101.601517, 3.075351], [101.601551, 3.075339], [101.601547, 3.075172]]]}}, {"type": "Feature", "properties": {}, "geometry": {"type": "Polygon", "coordinates": [[[101.60149, 3.075462], [101.600974, 3.075475], [101.600939, 3.075487], [101.600943, 3.07564], [101.601459, 3.075628], [101.601493, 3.075616], [101.60149, 3.075462]]]}}, {"type": "Feature", "properties": {}, "geometry": {"type": "Polygon", "coordinates": [[[101.601486, 3.075662], [101.601004, 3.075674], [101.60097, 3.075686], [101.600973, 3.07584], [101.601455, 3.075828], [101.60149, 3.075816], [101.601486, 3.075662]]]}}, {"type": "Feature", "properties": {}, "geometry": {"type": "Polygon", "coordinates": [[[101.601506, 3.075929], [101.601011, 3.075941], [101.600976, 3.075954], [101.600982, 3.076166], [101.601477, 3.076154], [101.601511, 3.076141], [101.601506, 3.075929]]]}}, {"type": "Feature", "properties": {}, "geometry": {"type": "Polygon", "coordinates": [[[101.600789, 3.073596], [101.600594, 3.073601], [101.600559, 3.073613], [101.600579, 3.074469], [101.600774, 3.074465], [101.600808, 3.074452], [101.600789, 3.073596]]]}}, {"type": "Feature", "properties": {}, "geometry": {"type": "Polygon", "coordinates": [[[101.600567, 3.073609], [101.600352, 3.073613], [101.600318, 3.073626], [101.600337, 3.074473], [101.600552, 3.074468], [101.600586, 3.074455], [101.600567, 3.073609]]]}}, {"type": "Feature", "properties": {}, "geometry": {"type": "Polygon", "coordinates": [[[101.600819, 3.074507], [101.600615, 3.074511], [101.600581, 3.074524], [101.6006, 3.075367], [101.600803, 3.075362], [101.600838, 3.07535], [101.600819, 3.074507]]]}}, {"type": "Feature", "properties": {}, "geometry": {"type": "Polygon", "coordinates": [[[101.600586, 3.074498], [101.600376, 3.074503], [101.600341, 3.074515], [101.600361, 3.075375], [101.600571, 3.075371], [101.600605, 3.075358], [101.600586, 3.074498]]]}}, {"type": "Feature", "properties": {}, "geometry": {"type": "Polygon", "coordinates": [[[101.600827, 3.075425], [101.600629, 3.07543], [101.600594, 3.075442], [101.600608, 3.076063], [101.600806, 3.076058], [101.600841, 3.076046], [101.600827, 3.075425]]]}}, {"type": "Feature", "properties": {}, "geometry": {"type": "Polygon", "coordinates": [[[101.600597, 3.075433], [101.600398, 3.075438], [101.600364, 3.07545], [101.600377, 3.076042], [101.600576, 3.076038], [101.60061, 3.076025], [101.600597, 3.075433]]]}}, {"type": "Feature", "properties": {}, "geometry": {"type": "Polygon", "coordinates": [[[101.600296, 3.07356], [101.599644, 3.073579], [101.599386, 3.073672], [101.599391, 3.073876], [101.600044, 3.073857], [101.600302, 3.073764], [101.600296, 3.07356]]]}}, {"type": "Feature", "properties": {}, "geometry": {"type": "Polygon", "coordinates": [[[101.600299, 3.073829], [101.599654, 3.073847], [101.599395, 3.07394], [101.599401, 3.074139], [101.600046, 3.074121], [101.600305, 3.074028], [101.600299, 3.073829]]]}}, {"type": "Feature", "properties": {}, "geometry": {"type": "Polygon", "coordinates": [[[101.599015, 3.073578], [101.598795, 3.073582], [101.598761, 3.073594], [101.598772, 3.074224], [101.598991, 3.07422], [101.599026, 3.074208], [101.599015, 3.073578]]]}}, {"type": "Feature", "properties": {}, "geometry": {"type": "Polygon", "coordinates": [[[101.599549, 3.074998], [101.599515, 3.075011], [101.5995, 3.075229], [101.600224, 3.075278], [101.600259, 3.075266], [101.600273, 3.075047], [101.599549, 3.074998]]]}}, {"type": "Feature", "properties": {}, "geometry": {"type": "Polygon", "coordinates": [[[101.599444, 3.075236], [101.59941, 3.075249], [101.599395, 3.075464], [101.600187, 3.075517], [101.600221, 3.075504], [101.600236, 3.075289], [101.599444, 3.075236]]]}}, {"type": "Feature", "properties": {}, "geometry": {"type": "Polygon", "coordinates": [[[101.599331, 3.075547], [101.599297, 3.075559], [101.599283, 3.075772], [101.600231, 3.075835], [101.600266, 3.075823], [101.60028, 3.075611], [101.599331, 3.075547]]]}}, {"type": "Feature", "properties": {}, "geometry": {"type": "Polygon", "coordinates": [[[101.599307, 3.075778], [101.599272, 3.07579], [101.599257, 3.076014], [101.600216, 3.076078], [101.60025, 3.076066], [101.600266, 3.075842], [101.599307, 3.075778]]]}}, {"type": "Feature", "properties": {}, "geometry": {"type": "Polygon", "coordinates": [[[101.598802, 3.074269], [101.598767, 3.074281], [101.598552, 3.075038], [101.598777, 3.075102], [101.598812, 3.07509], [101.599027, 3.074333], [101.598802, 3.074269]]]}}, {"type": "Feature", "properties": {}, "geometry": {"type": "Polygon", "coordinates": [[[101.599345, 3.074385], [101.599311, 3.074398], [101.599091, 3.07517], [101.599281, 3.075224], [101.599316, 3.075212], [101.599536, 3.07444], [101.599345, 3.074385]]]}}, {"type": "Feature", "properties": {}, "geometry": {"type": "Polygon", "coordinates": [[[101.599084, 3.074437], [101.599049, 3.07445], [101.598863, 3.075103], [101.599067, 3.075162], [101.599101, 3.075149], [101.599288, 3.074495], [101.599084, 3.074437]]]}}, {"type": "Feature", "properties": {}, "geometry": {"type": "Polygon", "coordinates": [[[101.599102, 3.07521], [101.599068, 3.075223], [101.598878, 3.075888], [101.599072, 3.075943], [101.599107, 3.075931], [101.599296, 3.075265], [101.599102, 3.07521]]]}}, {"type": "Feature", "properties": {}, "geometry": {"type": "Polygon", "coordinates": [[[101.598876, 3.075142], [101.598841, 3.075154], [101.598624, 3.075916], [101.598828, 3.075975], [101.598863, 3.075962], [101.59908, 3.0752], [101.598876, 3.075142]]]}}, {"type": "Feature", "properties": {}, "geometry": {"type": "Polygon", "coordinates": [[[101.606191, 3.075663], [101.605424, 3.075682], [101.605373, 3.075701], [101.605377, 3.075865], [101.606144, 3.075847], [101.606195, 3.075828], [101.606191, 3.075663]]]}}, {"type": "Feature", "properties": {}, "geometry": {"type": "Polygon", "coordinates": [[[101.605316, 3.075684], [101.604655, 3.0757], [101.604603, 3.075718], [101.604607, 3.07588], [101.605268, 3.075864], [101.60532, 3.075846], [101.605316, 3.075684]]]}}, {"type": "Feature", "properties": {}, "geometry": {"type": "Polygon", "coordinates": [[[101.606075, 3.075864], [101.605412, 3.07588], [101.605378, 3.075892], [101.605382, 3.076066], [101.606045, 3.07605], [101.606079, 3.076038], [101.606075, 3.075864]]]}}, {"type": "Feature", "properties": {}, "geometry": {"type": "Polygon", "coordinates": [[[101.605298, 3.075887], [101.604643, 3.075902], [101.604608, 3.075915], [101.604612, 3.076072], [101.605268, 3.076056], [101.605302, 3.076043], [101.605298, 3.075887]]]}}, {"type": "Feature", "properties": {}, "geometry": {"type": "Polygon", "coordinates": [[[101.60812, 3.07567], [101.607926, 3.075674], [101.607874, 3.075692], [101.60788, 3.076041], [101.608074, 3.076037], [101.608126, 3.076019], [101.60812, 3.07567]]]}}, {"type": "Feature", "properties": {}, "geometry": {"type": "Polygon", "coordinates": [[[101.607906, 3.075659], [101.607748, 3.075662], [101.607697, 3.075681], [101.607703, 3.076044], [101.60786, 3.076041], [101.607912, 3.076022], [101.607906, 3.075659]]]}}, {"type": "Feature", "properties": {}, "geometry": {"type": "Polygon", "coordinates": [[[101.607454, 3.075671], [101.607279, 3.075674], [101.607227, 3.075693], [101.607234, 3.076036], [101.607408, 3.076033], [101.60746, 3.076014], [101.607454, 3.075671]]]}}, {"type": "Feature", "properties": {}, "geometry": {"type": "Polygon", "coordinates": [[[101.607643, 3.075663], [101.607469, 3.075667], [101.607417, 3.075685], [101.607423, 3.076036], [101.607597, 3.076033], [101.607649, 3.076014], [101.607643, 3.075663]]]}}, {"type": "Feature", "properties": {}, "geometry": {"type": "Polygon", "coordinates": [[[101.606983, 3.075654], [101.606816, 3.075657], [101.606765, 3.075675], [101.606771, 3.076045], [101.606938, 3.076042], [101.606989, 3.076024], [101.606983, 3.075654]]]}}, {"type": "Feature", "properties": {}, "geometry": {"type": "Polygon", "coordinates": [[[101.607178, 3.07565], [101.607, 3.075653], [101.606948, 3.075672], [101.606955, 3.076042], [101.607133, 3.076039], [101.607185, 3.07602], [101.607178, 3.07565]]]}}, {"type": "Feature", "properties": {}, "geometry": {"type": "Polygon", "coordinates": [[[101.606693, 3.075664], [101.60641, 3.075669], [101.606358, 3.075687], [101.606361, 3.075849], [101.606644, 3.075844], [101.606696, 3.075825], [101.606693, 3.075664]]]}}, {"type": "Feature", "properties": {}, "geometry": {"type": "Polygon", "coordinates": [[[101.6067, 3.075854], [101.606325, 3.07586], [101.606273, 3.075879], [101.606277, 3.076056], [101.606651, 3.076049], [101.606703, 3.07603], [101.6067, 3.075854]]]}}, {"type": "Feature", "properties": {}, "geometry": {"type": "Polygon", "coordinates": [[[101.608571, 3.075989], [101.608443, 3.075991], [101.608391, 3.07601], [101.608395, 3.076205], [101.608523, 3.076203], [101.608575, 3.076184], [101.608571, 3.075989]]]}}, {"type": "Feature", "properties": {}, "geometry": {"type": "Polygon", "coordinates": [[[101.608917, 3.07584], [101.608756, 3.075843], [101.608704, 3.075862], [101.608707, 3.075986], [101.608867, 3.075983], [101.608919, 3.075965], [101.608917, 3.07584]]]}}, {"type": "Feature", "properties": {}, "geometry": {"type": "Polygon", "coordinates": [[[101.608953, 3.075981], [101.608775, 3.075984], [101.608723, 3.076003], [101.608727, 3.07619], [101.608904, 3.076186], [101.608956, 3.076168], [101.608953, 3.075981]]]}}, {"type": "Feature", "properties": {}, "geometry": {"type": "Polygon", "coordinates": [[[101.60926, 3.075931], [101.609109, 3.075985], [101.609108, 3.076147], [101.609841, 3.076152], [101.609992, 3.076097], [101.609993, 3.075936], [101.60926, 3.075931]]]}}, {"type": "Feature", "properties": {}, "geometry": {"type": "Polygon", "coordinates": [[[101.609529, 3.074269], [101.609477, 3.074288], [101.609323, 3.074365], [101.609375, 3.07447], [101.609427, 3.074452], [101.609581, 3.074375], [101.609529, 3.074269]]]}}, {"type": "Feature", "properties": {}, "geometry": {"type": "Polygon", "coordinates": [[[101.609811, 3.074343], [101.609759, 3.074362], [101.609743, 3.074459], [101.609925, 3.07449], [101.609977, 3.074471], [101.609993, 3.074374], [101.609811, 3.074343]]]}}, {"type": "Feature", "properties": {}, "geometry": {"type": "Polygon", "coordinates": [[[101.610229, 3.075267], [101.609494, 3.075276], [101.609343, 3.07533], [101.609346, 3.075514], [101.61008, 3.075505], [101.610231, 3.07545], [101.610229, 3.075267]]]}}, {"type": "Feature", "properties": {}, "geometry": {"type": "Polygon", "coordinates": [[[101.607735, 3.075367], [101.607088, 3.075374], [101.607012, 3.075401], [101.607014, 3.075534], [101.607661, 3.075528], [101.607736, 3.075501], [101.607735, 3.075367]]]}}, {"type": "Feature", "properties": {}, "geometry": {"type": "Polygon", "coordinates": [[[101.608701, 3.074816], [101.608093, 3.074822], [101.608018, 3.07485], [101.608019, 3.074978], [101.608627, 3.074972], [101.608702, 3.074945], [101.608701, 3.074816]]]}}, {"type": "Feature", "properties": {}, "geometry": {"type": "Polygon", "coordinates": [[[101.608097, 3.075207], [101.608021, 3.075234], [101.608021, 3.075352], [101.608642, 3.075352], [101.608717, 3.075325], [101.608717, 3.075207], [101.608097, 3.075207]]]}}, {"type": "Feature", "properties": {}, "geometry": {"type": "Polygon", "coordinates": [[[101.608712, 3.075355], [101.608093, 3.07536], [101.608018, 3.075387], [101.608019, 3.075504], [101.608638, 3.075499], [101.608713, 3.075472], [101.608712, 3.075355]]]}}, {"type": "Feature", "properties": {}, "geometry": {"type": "Polygon", "coordinates": [[[101.607437, 3.074431], [101.607386, 3.07445], [101.60728, 3.074491], [101.607331, 3.074619], [101.607382, 3.0746], [101.607488, 3.074559], [101.607437, 3.074431]]]}}, {"type": "Feature", "properties": {}, "geometry": {"type": "Polygon", "coordinates": [[[101.607529, 3.074848], [101.607477, 3.074867], [101.607308, 3.074933], [101.607402, 3.075169], [101.607453, 3.07515], [101.607622, 3.075084], [101.607529, 3.074848]]]}}, {"type": "Feature", "properties": {}, "geometry": {"type": "Polygon", "coordinates": [[[101.607449, 3.074605], [101.607219, 3.074618], [101.607167, 3.074637], [101.606847, 3.074763], [101.606845, 3.074942], [101.606872, 3.075011], [101.606994, 3.075137], [101.607046, 3.075118], [101.607366, 3.074992], [101.607537, 3.074828], [101.607586, 3.074715], [101.60756, 3.074648], [101.607449, 3.074605]]]}}, {"type": "Feature", "properties": {}, "geometry": {"type": "Polygon", "coordinates": [[[101.606678, 3.074701], [101.606007, 3.074717], [101.605956, 3.074736], [101.60596, 3.074915], [101.606631, 3.074898], [101.606683, 3.07488], [101.606678, 3.074701]]]}}, {"type": "Feature", "properties": {}, "geometry": {"type": "Polygon", "coordinates": [[[101.606678, 3.074899], [101.60601, 3.074915], [101.605959, 3.074933], [101.605963, 3.075121], [101.60663, 3.075105], [101.606682, 3.075086], [101.606678, 3.074899]]]}}, {"type": "Feature", "properties": {}, "geometry": {"type": "Polygon", "coordinates": [[[101.6067, 3.075168], [101.605421, 3.075199], [101.605369, 3.075218], [101.605374, 3.075404], [101.606652, 3.075372], [101.606704, 3.075354], [101.6067, 3.075168]]]}}, {"type": "Feature", "properties": {}, "geometry": {"type": "Polygon", "coordinates": [[[101.60643, 3.075384], [101.605424, 3.075409], [101.605373, 3.075428], [101.605377, 3.075607], [101.606382, 3.075583], [101.606434, 3.075564], [101.60643, 3.075384]]]}}, {"type": "Feature", "properties": {}, "geometry": {"type": "Polygon", "coordinates": [[[101.605965, 3.074721], [101.605408, 3.074734], [101.605356, 3.074753], [101.605361, 3.074927], [101.605917, 3.074913], [101.605969, 3.074895], [101.605965, 3.074721]]]}}, {"type": "Feature", "properties": {}, "geometry": {"type": "Polygon", "coordinates": [[[101.605972, 3.074915], [101.605412, 3.074928], [101.605361, 3.074947], [101.605365, 3.075135], [101.605925, 3.075121], [101.605977, 3.075102], [101.605972, 3.074915]]]}}, {"type": "Feature", "properties": {}, "geometry": {"type": "Polygon", "coordinates": [[[101.605369, 3.075408], [101.604651, 3.075425], [101.6046, 3.075443], [101.604604, 3.075626], [101.605322, 3.07561], [101.605374, 3.075591], [101.605369, 3.075408]]]}}, {"type": "Feature", "properties": {}, "geometry": {"type": "Polygon", "coordinates": [[[101.605366, 3.075205], [101.604648, 3.075222], [101.604596, 3.075241], [101.604601, 3.07542], [101.605319, 3.075404], [101.605371, 3.075385], [101.605366, 3.075205]]]}}, {"type": "Feature", "properties": {}, "geometry": {"type": "Polygon", "coordinates": [[[101.605359, 3.074926], [101.604646, 3.074942], [101.604594, 3.07496], [101.604599, 3.075145], [101.605311, 3.075129], [101.605363, 3.07511], [101.605359, 3.074926]]]}}, {"type": "Feature", "properties": {}, "geometry": {"type": "Polygon", "coordinates": [[[101.605357, 3.074738], [101.604644, 3.074754], [101.604592, 3.074773], [101.604596, 3.074943], [101.60531, 3.074927], [101.605361, 3.074908], [101.605357, 3.074738]]]}}, {"type": "Feature", "properties": {}, "geometry": {"type": "Polygon", "coordinates": [[[101.606123, 3.07441], [101.605832, 3.074417], [101.60578, 3.074436], [101.605786, 3.074644], [101.606076, 3.074637], [101.606128, 3.074618], [101.606123, 3.07441]]]}}, {"type": "Feature", "properties": {}, "geometry": {"type": "Polygon", "coordinates": [[[101.605804, 3.074413], [101.605398, 3.074423], [101.605346, 3.074441], [101.605351, 3.074656], [101.605757, 3.074646], [101.605809, 3.074628], [101.605804, 3.074413]]]}}, {"type": "Feature", "properties": {}, "geometry": {"type": "Polygon", "coordinates": [[[101.606111, 3.074206], [101.605393, 3.074224], [101.605341, 3.074242], [101.605346, 3.074422], [101.606064, 3.074404], [101.606115, 3.074386], [101.606111, 3.074206]]]}}, {"type": "Feature", "properties": {}, "geometry": {"type": "Polygon", "coordinates": [[[101.605341, 3.074209], [101.604629, 3.074228], [101.604577, 3.074247], [101.604582, 3.074435], [101.605294, 3.074416], [101.605346, 3.074398], [101.605341, 3.074209]]]}}, {"type": "Feature", "properties": {}, "geometry": {"type": "Polygon", "coordinates": [[[101.605344, 3.074419], [101.604638, 3.074438], [101.604586, 3.074457], [101.604591, 3.07468], [101.605298, 3.074662], [101.605349, 3.074643], [101.605344, 3.074419]]]}}, {"type": "Feature", "properties": {}, "geometry": {"type": "Polygon", "coordinates": [[[101.613377, 3.075508], [101.613342, 3.075515], [101.61329, 3.075533], [101.613078, 3.075739], [101.61308, 3.075977], [101.613327, 3.075975], [101.613379, 3.075956], [101.613377, 3.075508]]]}}, {"type": "Feature", "properties": {}, "geometry": {"type": "Polygon", "coordinates": [[[101.612884, 3.075106], [101.612832, 3.075124], [101.612672, 3.075286], [101.613028, 3.075635], [101.613079, 3.075617], [101.613239, 3.075455], [101.612884, 3.075106]]]}}, {"type": "Feature", "properties": {}, "geometry": {"type": "Polygon", "coordinates": [[[101.61269, 3.075317], [101.612462, 3.075319], [101.61241, 3.075337], [101.612414, 3.075911], [101.612892, 3.075908], [101.612944, 3.07589], [101.612942, 3.075567], [101.612786, 3.075387], [101.61269, 3.075317]]]}}, {"type": "Feature", "properties": {}, "geometry": {"type": "Polygon", "coordinates": [[[101.612177, 3.074891], [101.612104, 3.074893], [101.612053, 3.074912], [101.612049, 3.075181], [101.612603, 3.075194], [101.612654, 3.075175], [101.612787, 3.075045], [101.612745, 3.07499], [101.612177, 3.074891]]]}}, {"type": "Feature", "properties": {}, "geometry": {"type": "Polygon", "coordinates": [[[101.610797, 3.074648], [101.610745, 3.074667], [101.610748, 3.075052], [101.611602, 3.075046], [101.611654, 3.075027], [101.611652, 3.074797], [101.610797, 3.074648]]]}}, {"type": "Feature", "properties": {}, "geometry": {"type": "Polygon", "coordinates": [[[101.611911, 3.074838], [101.611699, 3.07484], [101.611647, 3.074859], [101.61165, 3.075302], [101.611863, 3.0753], [101.611914, 3.075282], [101.611911, 3.074838]]]}}, {"type": "Feature", "properties": {}, "geometry": {"type": "Polygon", "coordinates": [[[101.611656, 3.075051], [101.610795, 3.075058], [101.610743, 3.075076], [101.610745, 3.075306], [101.611606, 3.075299], [101.611658, 3.075281], [101.611656, 3.075051]]]}}, {"type": "Feature", "properties": {}, "geometry": {"type": "Polygon", "coordinates": [[[101.610733, 3.074632], [101.610527, 3.074634], [101.610476, 3.074652], [101.61048, 3.07531], [101.610686, 3.075308], [101.610738, 3.07529], [101.610733, 3.074632]]]}}, {"type": "Feature", "properties": {}, "geometry": {"type": "Polygon", "coordinates": [[[101.611895, 3.075748], [101.611689, 3.075749], [101.611637, 3.075768], [101.611641, 3.076252], [101.611847, 3.076251], [101.611899, 3.076232], [101.611895, 3.075748]]]}}, {"type": "Feature", "properties": {}, "geometry": {"type": "Polygon", "coordinates": [[[101.61075, 3.075762], [101.610528, 3.075764], [101.610476, 3.075783], [101.610479, 3.076251], [101.610702, 3.07625], [101.610753, 3.076231], [101.61075, 3.075762]]]}}, {"type": "Feature", "properties": {}, "geometry": {"type": "Polygon", "coordinates": [[[101.611647, 3.075756], [101.610806, 3.075762], [101.610754, 3.075781], [101.610756, 3.075993], [101.611597, 3.075987], [101.611649, 3.075968], [101.611647, 3.075756]]]}}, {"type": "Feature", "properties": {}, "geometry": {"type": "Polygon", "coordinates": [[[101.611933, 3.070727], [101.611871, 3.070727], [101.611837, 3.07074], [101.611839, 3.070893], [101.6119, 3.070892], [101.611935, 3.07088], [101.611933, 3.070727]]]}}, {"type": "Feature", "properties": {}, "geometry": {"type": "Polygon", "coordinates": [[[101.611147, 3.070732], [101.611085, 3.070733], [101.61105, 3.070745], [101.611052, 3.070905], [101.611114, 3.070905], [101.611148, 3.070892], [101.611147, 3.070732]]]}}, {"type": "Feature", "properties": {}, "geometry": {"type": "Polygon", "coordinates": [[[101.611937, 3.071088], [101.611874, 3.071089], [101.61184, 3.071101], [101.611841, 3.071253], [101.611904, 3.071252], [101.611938, 3.07124], [101.611937, 3.071088]]]}}, {"type": "Feature", "properties": {}, "geometry": {"type": "Polygon", "coordinates": [[[101.611938, 3.071276], [101.611875, 3.071277], [101.611841, 3.071289], [101.611842, 3.071443], [101.611905, 3.071443], [101.611939, 3.07143], [101.611938, 3.071276]]]}}, {"type": "Feature", "properties": {}, "geometry": {"type": "Polygon", "coordinates": [[[101.611151, 3.071094], [101.61109, 3.071095], [101.611055, 3.071107], [101.611057, 3.071262], [101.611118, 3.071262], [101.611152, 3.071249], [101.611151, 3.071094]]]}}, {"type": "Feature", "properties": {}, "geometry": {"type": "Polygon", "coordinates": [[[101.611153, 3.071285], [101.611091, 3.071285], [101.611057, 3.071298], [101.611058, 3.071448], [101.61112, 3.071448], [101.611154, 3.071435], [101.611153, 3.071285]]]}}, {"type": "Feature", "properties": {}, "geometry": {"type": "Polygon", "coordinates": [[[101.612727, 3.071644], [101.612664, 3.071645], [101.61263, 3.071657], [101.612631, 3.071807], [101.612694, 3.071807], [101.612728, 3.071794], [101.612727, 3.071644]]]}}, {"type": "Feature", "properties": {}, "geometry": {"type": "Polygon", "coordinates": [[[101.612727, 3.071837], [101.612665, 3.071837], [101.61263, 3.07185], [101.612631, 3.071997], [101.612694, 3.071996], [101.612729, 3.071984], [101.612727, 3.071837]]]}}, {"type": "Feature", "properties": {}, "geometry": {"type": "Polygon", "coordinates": [[[101.611937, 3.071638], [101.611876, 3.071639], [101.611841, 3.071652], [101.611843, 3.07181], [101.611904, 3.071809], [101.611938, 3.071797], [101.611937, 3.071638]]]}}, {"type": "Feature", "properties": {}, "geometry": {"type": "Polygon", "coordinates": [[[101.611938, 3.071835], [101.611877, 3.071835], [101.611842, 3.071848], [101.611844, 3.072003], [101.611905, 3.072002], [101.61194, 3.07199], [101.611938, 3.071835]]]}}, {"type": "Feature", "properties": {}, "geometry": {"type": "Polygon", "coordinates": [[[101.611146, 3.071643], [101.611083, 3.071644], [101.611049, 3.071656], [101.61105, 3.071812], [101.611112, 3.071812], [101.611147, 3.071799], [101.611146, 3.071643]]]}}, {"type": "Feature", "properties": {}, "geometry": {"type": "Polygon", "coordinates": [[[101.611147, 3.071835], [101.611084, 3.071836], [101.61105, 3.071848], [101.611051, 3.072002], [101.611114, 3.072002], [101.611148, 3.071989], [101.611147, 3.071835]]]}}, {"type": "Feature", "properties": {}, "geometry": {"type": "Polygon", "coordinates": [[[101.612855, 3.072194], [101.612793, 3.072195], [101.612758, 3.072208], [101.61276, 3.072361], [101.612822, 3.07236], [101.612857, 3.072348], [101.612855, 3.072194]]]}}, {"type": "Feature", "properties": {}, "geometry": {"type": "Polygon", "coordinates": [[[101.612733, 3.072388], [101.612671, 3.072389], [101.612636, 3.072401], [101.612638, 3.072558], [101.6127, 3.072558], [101.612734, 3.072546], [101.612733, 3.072388]]]}}, {"type": "Feature", "properties": {}, "geometry": {"type": "Polygon", "coordinates": [[[101.611941, 3.072194], [101.61188, 3.072195], [101.611845, 3.072207], [101.611847, 3.072361], [101.611908, 3.07236], [101.611943, 3.072348], [101.611941, 3.072194]]]}}, {"type": "Feature", "properties": {}, "geometry": {"type": "Polygon", "coordinates": [[[101.611153, 3.072198], [101.611091, 3.072199], [101.611057, 3.072211], [101.611058, 3.07237], [101.61112, 3.07237], [101.611154, 3.072357], [101.611153, 3.072198]]]}}, {"type": "Feature", "properties": {}, "geometry": {"type": "Polygon", "coordinates": [[[101.611938, 3.072385], [101.611876, 3.072386], [101.611842, 3.072398], [101.611844, 3.072555], [101.611905, 3.072554], [101.61194, 3.072542], [101.611938, 3.072385]]]}}, {"type": "Feature", "properties": {}, "geometry": {"type": "Polygon", "coordinates": [[[101.61115, 3.072387], [101.611088, 3.072388], [101.611054, 3.0724], [101.611055, 3.07256], [101.611118, 3.072559], [101.611152, 3.072547], [101.61115, 3.072387]]]}}, {"type": "Feature", "properties": {}, "geometry": {"type": "Polygon", "coordinates": [[[101.613419, 3.072751], [101.613356, 3.072751], [101.613322, 3.072764], [101.613323, 3.072917], [101.613386, 3.072916], [101.61342, 3.072904], [101.613419, 3.072751]]]}}, {"type": "Feature", "properties": {}, "geometry": {"type": "Polygon", "coordinates": [[[101.612729, 3.072949], [101.612667, 3.072949], [101.612633, 3.072962], [101.612634, 3.073111], [101.612696, 3.07311], [101.612731, 3.073098], [101.612729, 3.072949]]]}}, {"type": "Feature", "properties": {}, "geometry": {"type": "Polygon", "coordinates": [[[101.612621, 3.072751], [101.61256, 3.072752], [101.612525, 3.072764], [101.612527, 3.072915], [101.612588, 3.072915], [101.612623, 3.072902], [101.612621, 3.072751]]]}}, {"type": "Feature", "properties": {}, "geometry": {"type": "Polygon", "coordinates": [[[101.611157, 3.072761], [101.611095, 3.072761], [101.611061, 3.072774], [101.611062, 3.072926], [101.611124, 3.072926], [101.611158, 3.072913], [101.611157, 3.072761]]]}}, {"type": "Feature", "properties": {}, "geometry": {"type": "Polygon", "coordinates": [[[101.611943, 3.072947], [101.611881, 3.072947], [101.611846, 3.07296], [101.611848, 3.073115], [101.61191, 3.073115], [101.611944, 3.073102], [101.611943, 3.072947]]]}}, {"type": "Feature", "properties": {}, "geometry": {"type": "Polygon", "coordinates": [[[101.611161, 3.072952], [101.6111, 3.072952], [101.611066, 3.072965], [101.611067, 3.073117], [101.611129, 3.073117], [101.611163, 3.073104], [101.611161, 3.072952]]]}}, {"type": "Feature", "properties": {}, "geometry": {"type": "Polygon", "coordinates": [[[101.612734, 3.073306], [101.612671, 3.073307], [101.612637, 3.073319], [101.612638, 3.073474], [101.6127, 3.073473], [101.612735, 3.073461], [101.612734, 3.073306]]]}}, {"type": "Feature", "properties": {}, "geometry": {"type": "Polygon", "coordinates": [[[101.612735, 3.073497], [101.612672, 3.073497], [101.612638, 3.07351], [101.612639, 3.073663], [101.612701, 3.073663], [101.612736, 3.07365], [101.612735, 3.073497]]]}}, {"type": "Feature", "properties": {}, "geometry": {"type": "Polygon", "coordinates": [[[101.612628, 3.07331], [101.612566, 3.073311], [101.612532, 3.073323], [101.612533, 3.073476], [101.612595, 3.073476], [101.612629, 3.073463], [101.612628, 3.07331]]]}}, {"type": "Feature", "properties": {}, "geometry": {"type": "Polygon", "coordinates": [[[101.611837, 3.073305], [101.611775, 3.073305], [101.611741, 3.073318], [101.611742, 3.073476], [101.611803, 3.073476], [101.611838, 3.073464], [101.611837, 3.073305]]]}}, {"type": "Feature", "properties": {}, "geometry": {"type": "Polygon", "coordinates": [[[101.611159, 3.073496], [101.611097, 3.073496], [101.611062, 3.073509], [101.611063, 3.073666], [101.611125, 3.073666], [101.61116, 3.073654], [101.611159, 3.073496]]]}}, {"type": "Feature", "properties": {}, "geometry": {"type": "Polygon", "coordinates": [[[101.611943, 3.073497], [101.611881, 3.073498], [101.611847, 3.07351], [101.611848, 3.07366], [101.61191, 3.07366], [101.611944, 3.073647], [101.611943, 3.073497]]]}}, {"type": "Feature", "properties": {}, "geometry": {"type": "Polygon", "coordinates": [[[101.612725, 3.067005], [101.612664, 3.067006], [101.61263, 3.067018], [101.612631, 3.067161], [101.612692, 3.067161], [101.612727, 3.067148], [101.612725, 3.067005]]]}}, {"type": "Feature", "properties": {}, "geometry": {"type": "Polygon", "coordinates": [[[101.612724, 3.067192], [101.612662, 3.067192], [101.612628, 3.067205], [101.612628, 3.067343], [101.61269, 3.067343], [101.612724, 3.06733], [101.612724, 3.067192]]]}}, {"type": "Feature", "properties": {}, "geometry": {"type": "Polygon", "coordinates": [[[101.611934, 3.067008], [101.611873, 3.067009], [101.611839, 3.067021], [101.61184, 3.067164], [101.611901, 3.067163], [101.611936, 3.067151], [101.611934, 3.067008]]]}}, {"type": "Feature", "properties": {}, "geometry": {"type": "Polygon", "coordinates": [[[101.611142, 3.067018], [101.611081, 3.067018], [101.611046, 3.067031], [101.611047, 3.067166], [101.611109, 3.067165], [101.611143, 3.067153], [101.611142, 3.067018]]]}}, {"type": "Feature", "properties": {}, "geometry": {"type": "Polygon", "coordinates": [[[101.611932, 3.067186], [101.611871, 3.067187], [101.611836, 3.067199], [101.611837, 3.067351], [101.611898, 3.067351], [101.611933, 3.067338], [101.611932, 3.067186]]]}}, {"type": "Feature", "properties": {}, "geometry": {"type": "Polygon", "coordinates": [[[101.611151, 3.067195], [101.61109, 3.067195], [101.611056, 3.067208], [101.611057, 3.067349], [101.611117, 3.067349], [101.611151, 3.067336], [101.611151, 3.067195]]]}}, {"type": "Feature", "properties": {}, "geometry": {"type": "Polygon", "coordinates": [[[101.611818, 3.067556], [101.611757, 3.067557], [101.611723, 3.067569], [101.611724, 3.067708], [101.611785, 3.067708], [101.611819, 3.067695], [101.611818, 3.067556]]]}}, {"type": "Feature", "properties": {}, "geometry": {"type": "Polygon", "coordinates": [[[101.611149, 3.067729], [101.611079, 3.06773], [101.611044, 3.067742], [101.611046, 3.067903], [101.611115, 3.067903], [101.61115, 3.067891], [101.611149, 3.067729]]]}}, {"type": "Feature", "properties": {}, "geometry": {"type": "Polygon", "coordinates": [[[101.612611, 3.067556], [101.612549, 3.067556], [101.612515, 3.067569], [101.612516, 3.06771], [101.612578, 3.067709], [101.612612, 3.067697], [101.612611, 3.067556]]]}}, {"type": "Feature", "properties": {}, "geometry": {"type": "Polygon", "coordinates": [[[101.611933, 3.067723], [101.611872, 3.067724], [101.611837, 3.067736], [101.611839, 3.067898], [101.6119, 3.067897], [101.611934, 3.067885], [101.611933, 3.067723]]]}}, {"type": "Feature", "properties": {}, "geometry": {"type": "Polygon", "coordinates": [[[101.613399, 3.067553], [101.613337, 3.067554], [101.613303, 3.067566], [101.613304, 3.067707], [101.613366, 3.067706], [101.6134, 3.067694], [101.613399, 3.067553]]]}}, {"type": "Feature", "properties": {}, "geometry": {"type": "Polygon", "coordinates": [[[101.612721, 3.067725], [101.612659, 3.067725], [101.612625, 3.067737], [101.612626, 3.067898], [101.612688, 3.067898], [101.612722, 3.067885], [101.612721, 3.067725]]]}}, {"type": "Feature", "properties": {}, "geometry": {"type": "Polygon", "coordinates": [[[101.613401, 3.068109], [101.613338, 3.068109], [101.613304, 3.068122], [101.613305, 3.068262], [101.613367, 3.068262], [101.613402, 3.06825], [101.613401, 3.068109]]]}}, {"type": "Feature", "properties": {}, "geometry": {"type": "Polygon", "coordinates": [[[101.612718, 3.06828], [101.612656, 3.06828], [101.612622, 3.068293], [101.612623, 3.068448], [101.612685, 3.068447], [101.61272, 3.068435], [101.612718, 3.06828]]]}}, {"type": "Feature", "properties": {}, "geometry": {"type": "Polygon", "coordinates": [[[101.612607, 3.068112], [101.612545, 3.068113], [101.612511, 3.068125], [101.612512, 3.068262], [101.612573, 3.068261], [101.612608, 3.068249], [101.612607, 3.068112]]]}}, {"type": "Feature", "properties": {}, "geometry": {"type": "Polygon", "coordinates": [[[101.611934, 3.06828], [101.611873, 3.06828], [101.611838, 3.068293], [101.61184, 3.068449], [101.611901, 3.068449], [101.611935, 3.068436], [101.611934, 3.06828]]]}}, {"type": "Feature", "properties": {}, "geometry": {"type": "Polygon", "coordinates": [[[101.611824, 3.068112], [101.611762, 3.068112], [101.611727, 3.068124], [101.611728, 3.068265], [101.61179, 3.068265], [101.611825, 3.068252], [101.611824, 3.068112]]]}}, {"type": "Feature", "properties": {}, "geometry": {"type": "Polygon", "coordinates": [[[101.611145, 3.068281], [101.611083, 3.068282], [101.611048, 3.068294], [101.61105, 3.068449], [101.611111, 3.068449], [101.611146, 3.068436], [101.611145, 3.068281]]]}}, {"type": "Feature", "properties": {}, "geometry": {"type": "Polygon", "coordinates": [[[101.613402, 3.068663], [101.613341, 3.068664], [101.613306, 3.068676], [101.613308, 3.068808], [101.613369, 3.068807], [101.613403, 3.068795], [101.613402, 3.068663]]]}}, {"type": "Feature", "properties": {}, "geometry": {"type": "Polygon", "coordinates": [[[101.612734, 3.068828], [101.612674, 3.068829], [101.612639, 3.068841], [101.61264, 3.068998], [101.612701, 3.068998], [101.612735, 3.068986], [101.612734, 3.068828]]]}}, {"type": "Feature", "properties": {}, "geometry": {"type": "Polygon", "coordinates": [[[101.61261, 3.068663], [101.612549, 3.068664], [101.612515, 3.068677], [101.612516, 3.068808], [101.612578, 3.068807], [101.612612, 3.068794], [101.61261, 3.068663]]]}}, {"type": "Feature", "properties": {}, "geometry": {"type": "Polygon", "coordinates": [[[101.611942, 3.068835], [101.611881, 3.068836], [101.611847, 3.068848], [101.611848, 3.069], [101.611909, 3.069], [101.611943, 3.068988], [101.611942, 3.068835]]]}}, {"type": "Feature", "properties": {}, "geometry": {"type": "Polygon", "coordinates": [[[101.611147, 3.068673], [101.611086, 3.068674], [101.611051, 3.068686], [101.611053, 3.068828], [101.611114, 3.068828], [101.611149, 3.068815], [101.611147, 3.068673]]]}}, {"type": "Feature", "properties": {}, "geometry": {"type": "Polygon", "coordinates": [[[101.611152, 3.068835], [101.611091, 3.068835], [101.611057, 3.068847], [101.611058, 3.069003], [101.611118, 3.069002], [101.611153, 3.06899], [101.611152, 3.068835]]]}}, {"type": "Feature", "properties": {}, "geometry": {"type": "Polygon", "coordinates": [[[101.611156, 3.069249], [101.61106, 3.06925], [101.611026, 3.069262], [101.611027, 3.069399], [101.611123, 3.069399], [101.611157, 3.069386], [101.611156, 3.069249]]]}}, {"type": "Feature", "properties": {}, "geometry": {"type": "Polygon", "coordinates": [[[101.61183, 3.069407], [101.611769, 3.069408], [101.611734, 3.06942], [101.611735, 3.069582], [101.611797, 3.069581], [101.611831, 3.069569], [101.61183, 3.069407]]]}}, {"type": "Feature", "properties": {}, "geometry": {"type": "Polygon", "coordinates": [[[101.612784, 3.069237], [101.612723, 3.069237], [101.612689, 3.06925], [101.61269, 3.069399], [101.612751, 3.069399], [101.612785, 3.069386], [101.612784, 3.069237]]]}}, {"type": "Feature", "properties": {}, "geometry": {"type": "Polygon", "coordinates": [[[101.612783, 3.069409], [101.612722, 3.069409], [101.612687, 3.069422], [101.612689, 3.069573], [101.61275, 3.069572], [101.612784, 3.06956], [101.612783, 3.069409]]]}}, {"type": "Feature", "properties": {}, "geometry": {"type": "Polygon", "coordinates": [[[101.61278, 3.069785], [101.612719, 3.069786], [101.612685, 3.069798], [101.612686, 3.069936], [101.612747, 3.069936], [101.612782, 3.069923], [101.61278, 3.069785]]]}}, {"type": "Feature", "properties": {}, "geometry": {"type": "Polygon", "coordinates": [[[101.612779, 3.069958], [101.612718, 3.069959], [101.612683, 3.069971], [101.612685, 3.070128], [101.612746, 3.070127], [101.612781, 3.070115], [101.612779, 3.069958]]]}}, {"type": "Feature", "properties": {}, "geometry": {"type": "Polygon", "coordinates": [[[101.613515, 3.070333], [101.613454, 3.070334], [101.613419, 3.070346], [101.613421, 3.070487], [101.613481, 3.070486], [101.613516, 3.070474], [101.613515, 3.070333]]]}}, {"type": "Feature", "properties": {}, "geometry": {"type": "Polygon", "coordinates": [[[101.611157, 3.06978], [101.611096, 3.069781], [101.611062, 3.069793], [101.611063, 3.069956], [101.611124, 3.069955], [101.611159, 3.069943], [101.611157, 3.06978]]]}}, {"type": "Feature", "properties": {}, "geometry": {"type": "Polygon", "coordinates": [[[101.611156, 3.069963], [101.611095, 3.069964], [101.611061, 3.069976], [101.611062, 3.07013], [101.611123, 3.070129], [101.611157, 3.070117], [101.611156, 3.069963]]]}}, {"type": "Feature", "properties": {}, "geometry": {"type": "Polygon", "coordinates": [[[101.612721, 3.070336], [101.612613, 3.070337], [101.612578, 3.070349], [101.61258, 3.070489], [101.612688, 3.070488], [101.612722, 3.070475], [101.612721, 3.070336]]]}}, {"type": "Feature", "properties": {}, "geometry": {"type": "Polygon", "coordinates": [[[101.611826, 3.070341], [101.611766, 3.070342], [101.611731, 3.070354], [101.611732, 3.070503], [101.611793, 3.070503], [101.611827, 3.07049], [101.611826, 3.070341]]]}}, {"type": "Feature", "properties": {}, "geometry": {"type": "Polygon", "coordinates": [[[101.611678, 3.063397], [101.611428, 3.063401], [101.611394, 3.063414], [101.611396, 3.063552], [101.611646, 3.063548], [101.61168, 3.063536], [101.611678, 3.063397]]]}}, {"type": "Feature", "properties": {}, "geometry": {"type": "Polygon", "coordinates": [[[101.611675, 3.063545], [101.611493, 3.063549], [101.611458, 3.063562], [101.611463, 3.063715], [101.611644, 3.063711], [101.611679, 3.063698], [101.611675, 3.063545]]]}}, {"type": "Feature", "properties": {}, "geometry": {"type": "Polygon", "coordinates": [[[101.611715, 3.063568], [101.611681, 3.06358], [101.61168, 3.063704], [101.611781, 3.063705], [101.611815, 3.063692], [101.611817, 3.063569], [101.611715, 3.063568]]]}}, {"type": "Feature", "properties": {}, "geometry": {"type": "Polygon", "coordinates": [[[101.611952, 3.063554], [101.611838, 3.063554], [101.611804, 3.063567], [101.611805, 3.063714], [101.611919, 3.063713], [101.611953, 3.063701], [101.611952, 3.063554]]]}}, {"type": "Feature", "properties": {}, "geometry": {"type": "Polygon", "coordinates": [[[101.612087, 3.063555], [101.611978, 3.063556], [101.611943, 3.063568], [101.611944, 3.063714], [101.612053, 3.063713], [101.612088, 3.063701], [101.612087, 3.063555]]]}}, {"type": "Feature", "properties": {}, "geometry": {"type": "Polygon", "coordinates": [[[101.612493, 3.063409], [101.612387, 3.063409], [101.612353, 3.063422], [101.612354, 3.06357], [101.612459, 3.063569], [101.612494, 3.063557], [101.612493, 3.063409]]]}}, {"type": "Feature", "properties": {}, "geometry": {"type": "Polygon", "coordinates": [[[101.612365, 3.06341], [101.612253, 3.06341], [101.612218, 3.063423], [101.612219, 3.06357], [101.612331, 3.063569], [101.612366, 3.063556], [101.612365, 3.06341]]]}}, {"type": "Feature", "properties": {}, "geometry": {"type": "Polygon", "coordinates": [[[101.612226, 3.06342], [101.612116, 3.063421], [101.612082, 3.063433], [101.612083, 3.063575], [101.612192, 3.063574], [101.612227, 3.063562], [101.612226, 3.06342]]]}}, {"type": "Feature", "properties": {}, "geometry": {"type": "Polygon", "coordinates": [[[101.611742, 3.063928], [101.611708, 3.063941], [101.61171, 3.064035], [101.611832, 3.064142], [101.611884, 3.064143], [101.611918, 3.06413], [101.611919, 3.063932], [101.611742, 3.063928]]]}}, {"type": "Feature", "properties": {}, "geometry": {"type": "Polygon", "coordinates": [[[101.612379, 3.063917], [101.612345, 3.063929], [101.612345, 3.064068], [101.612473, 3.064068], [101.612508, 3.064055], [101.612508, 3.063917], [101.612379, 3.063917]]]}}, {"type": "Feature", "properties": {}, "geometry": {"type": "Polygon", "coordinates": [[[101.61223, 3.063902], [101.612195, 3.063915], [101.612195, 3.064065], [101.612306, 3.064065], [101.61234, 3.064052], [101.61234, 3.063902], [101.61223, 3.063902]]]}}, {"type": "Feature", "properties": {}, "geometry": {"type": "Polygon", "coordinates": [[[101.612092, 3.063902], [101.612058, 3.063915], [101.612058, 3.064064], [101.612169, 3.064064], [101.612204, 3.064051], [101.612204, 3.063902], [101.612092, 3.063902]]]}}, {"type": "Feature", "properties": {}, "geometry": {"type": "Polygon", "coordinates": [[[101.611951, 3.063908], [101.611916, 3.06392], [101.611916, 3.064067], [101.612029, 3.064067], [101.612063, 3.064055], [101.612063, 3.063908], [101.611951, 3.063908]]]}}, {"type": "Feature", "properties": {}, "geometry": {"type": "Polygon", "coordinates": [[[101.613386, 3.063409], [101.613279, 3.063409], [101.613244, 3.063422], [101.613245, 3.063568], [101.613352, 3.063568], [101.613386, 3.063555], [101.613386, 3.063409]]]}}, {"type": "Feature", "properties": {}, "geometry": {"type": "Polygon", "coordinates": [[[101.613246, 3.063403], [101.613137, 3.063404], [101.613103, 3.063416], [101.613103, 3.063568], [101.613212, 3.063568], [101.613247, 3.063555], [101.613246, 3.063403]]]}}, {"type": "Feature", "properties": {}, "geometry": {"type": "Polygon", "coordinates": [[[101.613111, 3.063404], [101.613004, 3.063404], [101.61297, 3.063417], [101.61297, 3.063567], [101.613077, 3.063567], [101.613111, 3.063555], [101.613111, 3.063404]]]}}, {"type": "Feature", "properties": {}, "geometry": {"type": "Polygon", "coordinates": [[[101.612975, 3.063408], [101.612865, 3.063408], [101.612831, 3.063421], [101.612831, 3.063567], [101.612941, 3.063567], [101.612975, 3.063555], [101.612975, 3.063408]]]}}, {"type": "Feature", "properties": {}, "geometry": {"type": "Polygon", "coordinates": [[[101.612841, 3.063553], [101.612732, 3.063553], [101.612698, 3.063566], [101.612698, 3.063718], [101.612807, 3.063717], [101.612841, 3.063705], [101.612841, 3.063553]]]}}, {"type": "Feature", "properties": {}, "geometry": {"type": "Polygon", "coordinates": [[[101.613351, 3.064889], [101.613165, 3.064894], [101.61313, 3.064907], [101.613132, 3.065088], [101.613176, 3.065092], [101.613211, 3.065079], [101.61335, 3.064943], [101.613351, 3.064889]]]}}, {"type": "Feature", "properties": {}, "geometry": {"type": "Polygon", "coordinates": [[[101.613131, 3.064905], [101.613023, 3.064906], [101.612989, 3.064918], [101.61299, 3.06506], [101.613099, 3.065059], [101.613133, 3.065047], [101.613131, 3.064905]]]}}, {"type": "Feature", "properties": {}, "geometry": {"type": "Polygon", "coordinates": [[[101.61286, 3.06505], [101.61274, 3.065051], [101.612706, 3.065063], [101.612707, 3.065208], [101.612827, 3.065207], [101.612861, 3.065194], [101.61286, 3.06505]]]}}, {"type": "Feature", "properties": {}, "geometry": {"type": "Polygon", "coordinates": [[[101.612997, 3.065049], [101.612883, 3.06505], [101.612848, 3.065062], [101.612849, 3.065206], [101.612963, 3.065206], [101.612998, 3.065193], [101.612997, 3.065049]]]}}, {"type": "Feature", "properties": {}, "geometry": {"type": "Polygon", "coordinates": [[[101.611106, 3.064392], [101.611051, 3.064392], [101.611017, 3.064405], [101.611017, 3.064526], [101.611072, 3.064526], [101.611106, 3.064514], [101.611106, 3.064392]]]}}, {"type": "Feature", "properties": {}, "geometry": {"type": "Polygon", "coordinates": [[[101.610987, 3.064057], [101.610933, 3.064057], [101.610898, 3.06407], [101.6109, 3.064195], [101.610954, 3.064194], [101.610989, 3.064181], [101.610987, 3.064057]]]}}, {"type": "Feature", "properties": {}, "geometry": {"type": "Polygon", "coordinates": [[[101.61166, 3.064549], [101.611605, 3.06455], [101.611571, 3.064562], [101.611572, 3.064688], [101.611626, 3.064687], [101.611661, 3.064675], [101.61166, 3.064549]]]}}, {"type": "Feature", "properties": {}, "geometry": {"type": "Polygon", "coordinates": [[[101.611126, 3.064888], [101.611071, 3.064888], [101.611037, 3.064901], [101.611037, 3.065022], [101.611092, 3.065022], [101.611127, 3.065009], [101.611126, 3.064888]]]}}, {"type": "Feature", "properties": {}, "geometry": {"type": "Polygon", "coordinates": [[[101.611205, 3.065041], [101.611057, 3.065042], [101.611023, 3.065055], [101.611024, 3.065119], [101.611047, 3.065186], [101.611172, 3.065184], [101.611207, 3.065172], [101.611205, 3.065041]]]}}, {"type": "Feature", "properties": {}, "geometry": {"type": "Polygon", "coordinates": [[[101.611146, 3.065879], [101.611112, 3.065892], [101.611111, 3.06603], [101.611172, 3.066031], [101.611206, 3.066018], [101.611207, 3.06588], [101.611146, 3.065879]]]}}, {"type": "Feature", "properties": {}, "geometry": {"type": "Polygon", "coordinates": [[[101.612416, 3.065873], [101.612355, 3.065873], [101.612321, 3.065886], [101.612322, 3.066023], [101.612383, 3.066023], [101.612417, 3.06601], [101.612416, 3.065873]]]}}, {"type": "Feature", "properties": {}, "geometry": {"type": "Polygon", "coordinates": [[[101.611929, 3.066044], [101.611867, 3.066045], [101.611833, 3.066057], [101.611834, 3.066217], [101.611896, 3.066217], [101.61193, 3.066204], [101.611929, 3.066044]]]}}, {"type": "Feature", "properties": {}, "geometry": {"type": "Polygon", "coordinates": [[[101.611142, 3.066048], [101.61108, 3.066049], [101.611046, 3.066061], [101.611047, 3.066223], [101.611109, 3.066223], [101.611143, 3.06621], [101.611142, 3.066048]]]}}, {"type": "Feature", "properties": {}, "geometry": {"type": "Polygon", "coordinates": [[[101.611925, 3.066432], [101.611864, 3.066432], [101.611829, 3.066444], [101.611831, 3.066588], [101.611892, 3.066587], [101.611927, 3.066575], [101.611925, 3.066432]]]}}, {"type": "Feature", "properties": {}, "geometry": {"type": "Polygon", "coordinates": [[[101.611927, 3.066591], [101.611866, 3.066591], [101.611831, 3.066604], [101.611833, 3.066761], [101.611894, 3.06676], [101.611928, 3.066748], [101.611927, 3.066591]]]}}, {"type": "Feature", "properties": {}, "geometry": {"type": "Polygon", "coordinates": [[[101.611144, 3.066431], [101.611083, 3.066431], [101.611048, 3.066444], [101.61105, 3.066596], [101.611111, 3.066595], [101.611145, 3.066583], [101.611144, 3.066431]]]}}, {"type": "Feature", "properties": {}, "geometry": {"type": "Polygon", "coordinates": [[[101.611144, 3.066599], [101.611083, 3.0666], [101.611048, 3.066612], [101.61105, 3.066772], [101.61111, 3.066772], [101.611145, 3.066759], [101.611144, 3.066599]]]}}, {"type": "Feature", "properties": {}, "geometry": {"type": "Polygon", "coordinates": [[[101.613182, 3.06573], [101.612923, 3.065823], [101.612923, 3.066085], [101.613392, 3.066085], [101.613651, 3.065992], [101.613651, 3.06573], [101.613182, 3.06573]]]}}, {"type": "Feature", "properties": {}, "geometry": {"type": "Polygon", "coordinates": [[[101.613126, 3.066098], [101.612954, 3.066161], [101.612954, 3.066222], [101.613162, 3.066222], [101.613334, 3.06616], [101.613334, 3.066098], [101.613126, 3.066098]]]}}, {"type": "Feature", "properties": {}, "geometry": {"type": "Polygon", "coordinates": [[[101.613381, 3.066097], [101.613209, 3.066159], [101.613209, 3.06622], [101.613415, 3.06622], [101.613588, 3.066158], [101.613588, 3.066097], [101.613381, 3.066097]]]}}, {"type": "Feature", "properties": {}, "geometry": {"type": "Polygon", "coordinates": [[[101.612322, 3.066413], [101.61227, 3.066432], [101.61227, 3.066774], [101.612488, 3.066774], [101.61254, 3.066755], [101.61254, 3.066413], [101.612322, 3.066413]]]}}, {"type": "Feature", "properties": {}, "geometry": {"type": "Polygon", "coordinates": [[[101.613271, 3.062906], [101.61318, 3.06291], [101.613145, 3.062922], [101.613153, 3.063084], [101.613244, 3.06308], [101.613279, 3.063067], [101.613271, 3.062906]]]}}, {"type": "Feature", "properties": {}, "geometry": {"type": "Polygon", "coordinates": [[[101.613051, 3.062934], [101.612962, 3.062935], [101.612927, 3.062948], [101.61293, 3.063109], [101.613019, 3.063108], [101.613053, 3.063095], [101.613051, 3.062934]]]}}, {"type": "Feature", "properties": {}, "geometry": {"type": "Polygon", "coordinates": [[[101.612913, 3.062936], [101.612825, 3.062939], [101.612791, 3.062951], [101.612796, 3.063116], [101.612883, 3.063114], [101.612918, 3.063101], [101.612913, 3.062936]]]}}, {"type": "Feature", "properties": {}, "geometry": {"type": "Polygon", "coordinates": [[[101.611222, 3.063073], [101.611187, 3.063086], [101.611253, 3.063233], [101.611335, 3.063234], [101.611369, 3.063222], [101.611372, 3.063074], [101.611222, 3.063073]]]}}, {"type": "Feature", "properties": {}, "geometry": {"type": "Polygon", "coordinates": [[[101.611527, 3.063044], [101.611492, 3.063057], [101.611489, 3.063223], [101.611579, 3.063225], [101.611613, 3.063213], [101.611617, 3.063046], [101.611527, 3.063044]]]}}, {"type": "Feature", "properties": {}, "geometry": {"type": "Polygon", "coordinates": [[[101.611745, 3.063024], [101.611711, 3.063036], [101.611707, 3.063208], [101.611791, 3.063209], [101.611825, 3.063197], [101.611828, 3.063025], [101.611745, 3.063024]]]}}, {"type": "Feature", "properties": {}, "geometry": {"type": "Polygon", "coordinates": [[[101.612059, 3.063005], [101.611962, 3.063006], [101.611927, 3.063018], [101.611928, 3.063187], [101.612025, 3.063187], [101.612059, 3.063174], [101.612059, 3.063005]]]}}, {"type": "Feature", "properties": {}, "geometry": {"type": "Polygon", "coordinates": [[[101.612279, 3.062976], [101.612184, 3.062976], [101.61215, 3.062988], [101.61215, 3.063003], [101.61215, 3.063172], [101.612245, 3.063171], [101.61228, 3.063159], [101.612279, 3.062976]]]}}, {"type": "Feature", "properties": {}, "geometry": {"type": "Polygon", "coordinates": [[[101.612395, 3.062982], [101.612301, 3.062984], [101.612266, 3.062996], [101.612269, 3.063153], [101.612364, 3.063152], [101.612398, 3.063139], [101.612395, 3.062982]]]}}, {"type": "Feature", "properties": {}, "geometry": {"type": "Polygon", "coordinates": [[[101.611814, 3.062775], [101.611705, 3.062779], [101.611671, 3.062792], [101.61168, 3.063002], [101.611789, 3.062997], [101.611823, 3.062985], [101.611814, 3.062775]]]}}, {"type": "Feature", "properties": {}, "geometry": {"type": "Polygon", "coordinates": [[[101.611675, 3.062792], [101.611546, 3.062796], [101.611511, 3.062808], [101.611517, 3.063003], [101.611646, 3.062999], [101.61168, 3.062987], [101.611675, 3.062792]]]}}, {"type": "Feature", "properties": {}, "geometry": {"type": "Polygon", "coordinates": [[[101.611515, 3.062807], [101.611397, 3.062811], [101.611362, 3.062824], [101.611369, 3.063029], [101.611488, 3.063024], [101.611523, 3.063012], [101.611515, 3.062807]]]}}, {"type": "Feature", "properties": {}, "geometry": {"type": "Polygon", "coordinates": [[[101.611356, 3.06282], [101.611238, 3.062827], [101.611204, 3.062839], [101.611215, 3.063047], [101.611333, 3.063041], [101.611367, 3.063028], [101.611356, 3.06282]]]}}, {"type": "Feature", "properties": {}, "geometry": {"type": "Polygon", "coordinates": [[[101.611182, 3.06285], [101.611071, 3.062855], [101.611036, 3.062868], [101.611047, 3.06307], [101.611159, 3.063064], [101.611193, 3.063051], [101.611182, 3.06285]]]}}, {"type": "Feature", "properties": {}, "geometry": {"type": "Polygon", "coordinates": [[[101.611017, 3.062904], [101.610908, 3.062912], [101.610873, 3.062924], [101.610889, 3.063132], [101.610998, 3.063124], [101.611032, 3.063111], [101.611017, 3.062904]]]}}, {"type": "Feature", "properties": {}, "geometry": {"type": "Polygon", "coordinates": [[[101.610846, 3.062961], [101.610707, 3.062969], [101.610672, 3.062981], [101.610683, 3.063181], [101.610822, 3.063173], [101.610857, 3.063161], [101.610846, 3.062961]]]}}, {"type": "Feature", "properties": {}, "geometry": {"type": "Polygon", "coordinates": [[[101.610841, 3.063231], [101.610807, 3.063243], [101.610733, 3.063305], [101.610833, 3.063425], [101.610868, 3.063412], [101.610987, 3.063313], [101.610927, 3.063242], [101.610841, 3.063231]]]}}, {"type": "Feature", "properties": {}, "geometry": {"type": "Polygon", "coordinates": [[[101.611067, 3.063408], [101.611032, 3.063421], [101.61091, 3.06352], [101.610968, 3.063591], [101.611003, 3.063579], [101.611125, 3.063479], [101.611067, 3.063408]]]}}, {"type": "Feature", "properties": {}, "geometry": {"type": "Polygon", "coordinates": [[[101.611199, 3.06358], [101.611165, 3.063593], [101.611046, 3.06369], [101.611104, 3.063761], [101.611139, 3.063749], [101.611258, 3.063652], [101.611199, 3.06358]]]}}, {"type": "Feature", "properties": {}, "geometry": {"type": "Polygon", "coordinates": [[[101.611336, 3.063749], [101.611302, 3.063761], [101.611176, 3.063864], [101.611236, 3.063936], [101.61127, 3.063924], [101.611396, 3.063821], [101.611336, 3.063749]]]}}, {"type": "Feature", "properties": {}, "geometry": {"type": "Polygon", "coordinates": [[[101.611471, 3.063918], [101.611437, 3.063931], [101.611315, 3.06403], [101.611375, 3.064104], [101.61141, 3.064091], [101.611532, 3.063992], [101.611471, 3.063918]]]}}, {"type": "Feature", "properties": {}, "geometry": {"type": "Polygon", "coordinates": [[[101.611608, 3.064093], [101.611573, 3.064106], [101.611453, 3.064204], [101.611514, 3.064278], [101.611549, 3.064266], [101.611669, 3.064168], [101.611608, 3.064093]]]}}, {"type": "Feature", "properties": {}, "geometry": {"type": "Polygon", "coordinates": [[[101.611745, 3.064265], [101.611711, 3.064277], [101.611588, 3.064377], [101.611648, 3.06445], [101.611682, 3.064438], [101.611805, 3.064337], [101.611745, 3.064265]]]}}, {"type": "Feature", "properties": {}, "geometry": {"type": "Polygon", "coordinates": [[[101.61187, 3.064454], [101.611836, 3.064467], [101.611734, 3.06455], [101.611797, 3.064626], [101.611831, 3.064613], [101.611932, 3.06453], [101.61187, 3.064454]]]}}, {"type": "Feature", "properties": {}, "geometry": {"type": "Polygon", "coordinates": [[[101.612013, 3.064613], [101.611979, 3.064625], [101.611862, 3.064721], [101.611923, 3.064795], [101.611957, 3.064783], [101.612074, 3.064687], [101.612013, 3.064613]]]}}, {"type": "Feature", "properties": {}, "geometry": {"type": "Polygon", "coordinates": [[[101.612138, 3.064782], [101.612103, 3.064795], [101.611976, 3.0649], [101.612035, 3.064971], [101.612069, 3.064958], [101.612196, 3.064853], [101.612138, 3.064782]]]}}, {"type": "Feature", "properties": {}, "geometry": {"type": "Polygon", "coordinates": [[[101.612279, 3.064954], [101.612245, 3.064967], [101.612114, 3.065076], [101.612172, 3.065145], [101.612207, 3.065133], [101.612337, 3.065024], [101.612279, 3.064954]]]}}, {"type": "Feature", "properties": {}, "geometry": {"type": "Polygon", "coordinates": [[[101.605636, 3.062765], [101.605602, 3.062778], [101.60552, 3.062912], [101.605725, 3.063038], [101.60576, 3.063025], [101.605842, 3.062891], [101.605636, 3.062765]]]}}, {"type": "Feature", "properties": {}, "geometry": {"type": "Polygon", "coordinates": [[[101.605545, 3.062929], [101.605511, 3.062941], [101.605426, 3.06308], [101.605637, 3.063209], [101.605671, 3.063196], [101.605756, 3.063058], [101.605545, 3.062929]]]}}, {"type": "Feature", "properties": {}, "geometry": {"type": "Polygon", "coordinates": [[[101.605447, 3.063115], [101.605413, 3.063127], [101.605327, 3.063267], [101.605532, 3.063392], [101.605567, 3.06338], [101.605652, 3.06324], [101.605447, 3.063115]]]}}, {"type": "Feature", "properties": {}, "geometry": {"type": "Polygon", "coordinates": [[[101.605353, 3.063273], [101.605319, 3.063285], [101.60523, 3.063429], [101.60543, 3.063552], [101.605465, 3.063539], [101.605553, 3.063395], [101.605353, 3.063273]]]}}, {"type": "Feature", "properties": {}, "geometry": {"type": "Polygon", "coordinates": [[[101.60596, 3.062973], [101.605925, 3.062985], [101.605834, 3.063134], [101.606059, 3.063272], [101.606094, 3.063259], [101.606185, 3.063111], [101.60596, 3.062973]]]}}, {"type": "Feature", "properties": {}, "geometry": {"type": "Polygon", "coordinates": [[[101.605851, 3.06314], [101.605817, 3.063152], [101.605721, 3.063308], [101.605954, 3.063451], [101.605989, 3.063438], [101.606084, 3.063282], [101.605851, 3.06314]]]}}, {"type": "Feature", "properties": {}, "geometry": {"type": "Polygon", "coordinates": [[[101.60572, 3.063344], [101.605686, 3.063357], [101.605597, 3.063502], [101.605825, 3.063642], [101.60586, 3.06363], [101.605949, 3.063484], [101.60572, 3.063344]]]}}, {"type": "Feature", "properties": {}, "geometry": {"type": "Polygon", "coordinates": [[[101.605615, 3.063508], [101.605581, 3.063521], [101.605499, 3.063655], [101.605729, 3.063796], [101.605763, 3.063783], [101.605846, 3.063649], [101.605615, 3.063508]]]}}, {"type": "Feature", "properties": {}, "geometry": {"type": "Polygon", "coordinates": [[[101.60628, 3.063028], [101.606246, 3.06304], [101.606157, 3.063185], [101.606347, 3.063301], [101.606382, 3.063289], [101.606471, 3.063144], [101.60628, 3.063028]]]}}, {"type": "Feature", "properties": {}, "geometry": {"type": "Polygon", "coordinates": [[[101.606179, 3.063197], [101.606144, 3.06321], [101.60605, 3.063363], [101.606248, 3.063484], [101.606282, 3.063472], [101.606377, 3.063318], [101.606179, 3.063197]]]}}, {"type": "Feature", "properties": {}, "geometry": {"type": "Polygon", "coordinates": [[[101.606052, 3.063401], [101.606018, 3.063413], [101.605932, 3.063553], [101.606141, 3.063681], [101.606175, 3.063669], [101.606261, 3.063529], [101.606052, 3.063401]]]}}, {"type": "Feature", "properties": {}, "geometry": {"type": "Polygon", "coordinates": [[[101.605951, 3.063566], [101.605917, 3.063578], [101.605822, 3.063732], [101.606034, 3.063863], [101.606069, 3.06385], [101.606163, 3.063696], [101.605951, 3.063566]]]}}, {"type": "Feature", "properties": {}, "geometry": {"type": "Polygon", "coordinates": [[[101.605833, 3.063749], [101.605799, 3.063761], [101.605708, 3.063909], [101.605917, 3.064037], [101.605952, 3.064025], [101.606043, 3.063877], [101.605833, 3.063749]]]}}, {"type": "Feature", "properties": {}, "geometry": {"type": "Polygon", "coordinates": [[[101.606603, 3.063217], [101.606569, 3.063229], [101.606482, 3.063371], [101.606676, 3.06349], [101.606711, 3.063478], [101.606798, 3.063336], [101.606603, 3.063217]]]}}, {"type": "Feature", "properties": {}, "geometry": {"type": "Polygon", "coordinates": [[[101.60651, 3.063392], [101.606476, 3.063404], [101.606385, 3.063552], [101.606587, 3.063675], [101.606621, 3.063663], [101.606712, 3.063515], [101.60651, 3.063392]]]}}, {"type": "Feature", "properties": {}, "geometry": {"type": "Polygon", "coordinates": [[[101.606408, 3.063564], [101.606373, 3.063576], [101.606273, 3.063741], [101.606477, 3.063866], [101.606512, 3.063854], [101.606613, 3.063689], [101.606408, 3.063564]]]}}, {"type": "Feature", "properties": {}, "geometry": {"type": "Polygon", "coordinates": [[[101.606276, 3.063759], [101.606242, 3.063772], [101.606156, 3.063912], [101.606365, 3.06404], [101.606399, 3.064028], [101.606485, 3.063887], [101.606276, 3.063759]]]}}, {"type": "Feature", "properties": {}, "geometry": {"type": "Polygon", "coordinates": [[[101.606179, 3.063921], [101.606144, 3.063934], [101.606053, 3.064083], [101.606264, 3.064213], [101.606298, 3.0642], [101.60639, 3.064051], [101.606179, 3.063921]]]}}, {"type": "Feature", "properties": {}, "geometry": {"type": "Polygon", "coordinates": [[[101.606895, 3.06329], [101.606861, 3.063302], [101.606774, 3.063443], [101.606952, 3.063552], [101.606986, 3.06354], [101.607073, 3.063399], [101.606895, 3.06329]]]}}, {"type": "Feature", "properties": {}, "geometry": {"type": "Polygon", "coordinates": [[[101.606805, 3.063458], [101.606771, 3.063471], [101.606681, 3.063616], [101.606848, 3.063718], [101.606883, 3.063706], [101.606972, 3.063561], [101.606805, 3.063458]]]}}, {"type": "Feature", "properties": {}, "geometry": {"type": "Polygon", "coordinates": [[[101.6067, 3.063632], [101.606666, 3.063645], [101.606578, 3.063787], [101.606762, 3.0639], [101.606796, 3.063887], [101.606884, 3.063745], [101.6067, 3.063632]]]}}, {"type": "Feature", "properties": {}, "geometry": {"type": "Polygon", "coordinates": [[[101.606602, 3.063799], [101.606567, 3.063811], [101.606478, 3.063957], [101.606668, 3.064074], [101.606703, 3.064062], [101.606792, 3.063915], [101.606602, 3.063799]]]}}, {"type": "Feature", "properties": {}, "geometry": {"type": "Polygon", "coordinates": [[[101.606491, 3.063971], [101.606457, 3.063983], [101.60637, 3.064125], [101.606569, 3.064245], [101.606603, 3.064233], [101.60669, 3.064091], [101.606491, 3.063971]]]}}, {"type": "Feature", "properties": {}, "geometry": {"type": "Polygon", "coordinates": [[[101.606385, 3.064145], [101.60635, 3.064157], [101.606275, 3.064288], [101.606475, 3.064403], [101.606509, 3.06439], [101.606585, 3.06426], [101.606385, 3.064145]]]}}, {"type": "Feature", "properties": {}, "geometry": {"type": "Polygon", "coordinates": [[[101.606962, 3.063987], [101.606927, 3.064], [101.606848, 3.064127], [101.607043, 3.064249], [101.607077, 3.064237], [101.607157, 3.06411], [101.606962, 3.063987]]]}}, {"type": "Feature", "properties": {}, "geometry": {"type": "Polygon", "coordinates": [[[101.607275, 3.063426], [101.607241, 3.063438], [101.607176, 3.063581], [101.607382, 3.063674], [101.607417, 3.063661], [101.607481, 3.063518], [101.607275, 3.063426]]]}}, {"type": "Feature", "properties": {}, "geometry": {"type": "Polygon", "coordinates": [[[101.607004, 3.062987], [101.606969, 3.063], [101.606934, 3.063159], [101.607124, 3.063201], [101.607159, 3.063188], [101.607194, 3.063029], [101.607004, 3.062987]]]}}, {"type": "Feature", "properties": {}, "geometry": {"type": "Polygon", "coordinates": [[[101.607362, 3.063201], [101.607327, 3.063213], [101.607281, 3.063349], [101.607492, 3.063422], [101.607526, 3.063409], [101.607573, 3.063274], [101.607362, 3.063201]]]}}, {"type": "Feature", "properties": {}, "geometry": {"type": "Polygon", "coordinates": [[[101.61486, 3.075719], [101.614826, 3.075732], [101.614824, 3.075922], [101.614907, 3.075922], [101.614941, 3.07591], [101.614943, 3.07572], [101.61486, 3.075719]]]}}, {"type": "Feature", "properties": {}, "geometry": {"type": "Polygon", "coordinates": [[[101.614859, 3.075941], [101.614825, 3.075954], [101.614824, 3.076144], [101.614907, 3.076144], [101.614942, 3.076131], [101.614942, 3.075942], [101.614859, 3.075941]]]}}, {"type": "Feature", "properties": {}, "geometry": {"type": "Polygon", "coordinates": [[[101.614887, 3.075314], [101.614812, 3.075341], [101.614812, 3.075546], [101.615548, 3.075546], [101.615624, 3.075519], [101.615624, 3.075314], [101.614887, 3.075314]]]}}, {"type": "Feature", "properties": {}, "geometry": {"type": "Polygon", "coordinates": [[[101.614873, 3.07478], [101.614798, 3.074808], [101.614798, 3.075013], [101.615534, 3.075013], [101.61561, 3.074985], [101.61561, 3.07478], [101.614873, 3.07478]]]}}, {"type": "Feature", "properties": {}, "geometry": {"type": "Polygon", "coordinates": [[[101.614294, 3.075239], [101.614004, 3.07524], [101.613952, 3.075259], [101.613953, 3.075402], [101.614243, 3.075401], [101.614294, 3.075382], [101.614294, 3.075239]]]}}, {"type": "Feature", "properties": {}, "geometry": {"type": "Polygon", "coordinates": [[[101.614073, 3.07583], [101.613997, 3.075858], [101.613997, 3.076512], [101.614184, 3.076512], [101.614259, 3.076485], [101.614259, 3.07583], [101.614073, 3.07583]]]}}, {"type": "Feature", "properties": {}, "geometry": {"type": "Polygon", "coordinates": [[[101.614003, 3.075455], [101.613928, 3.075482], [101.613926, 3.075668], [101.614582, 3.075673], [101.614657, 3.075646], [101.614659, 3.07546], [101.614003, 3.075455]]]}}, {"type": "Feature", "properties": {}, "geometry": {"type": "Polygon", "coordinates": [[[101.614972, 3.071679], [101.614906, 3.071679], [101.614871, 3.071692], [101.614872, 3.071838], [101.614937, 3.071838], [101.614972, 3.071825], [101.614972, 3.071679]]]}}, {"type": "Feature", "properties": {}, "geometry": {"type": "Polygon", "coordinates": [[[101.614913, 3.072175], [101.614878, 3.072187], [101.614878, 3.072343], [101.614934, 3.072343], [101.614969, 3.07233], [101.614968, 3.072175], [101.614913, 3.072175]]]}}, {"type": "Feature", "properties": {}, "geometry": {"type": "Polygon", "coordinates": [[[101.614972, 3.072673], [101.614917, 3.072674], [101.614882, 3.072686], [101.614882, 3.072843], [101.614938, 3.072843], [101.614972, 3.072831], [101.614972, 3.072673]]]}}, {"type": "Feature", "properties": {}, "geometry": {"type": "Polygon", "coordinates": [[[101.615013, 3.074038], [101.614951, 3.074038], [101.614886, 3.074061], [101.614886, 3.074279], [101.614949, 3.074279], [101.615013, 3.074255], [101.615013, 3.074038]]]}}, {"type": "Feature", "properties": {}, "geometry": {"type": "Polygon", "coordinates": [[[101.615014, 3.073775], [101.614952, 3.073775], [101.614887, 3.073799], [101.614888, 3.074022], [101.614949, 3.074021], [101.615014, 3.073998], [101.615014, 3.073775]]]}}, {"type": "Feature", "properties": {}, "geometry": {"type": "Polygon", "coordinates": [[[101.614972, 3.073174], [101.614917, 3.073174], [101.614882, 3.073187], [101.614882, 3.073347], [101.614937, 3.073347], [101.614972, 3.073334], [101.614972, 3.073174]]]}}, {"type": "Feature", "properties": {}, "geometry": {"type": "Polygon", "coordinates": [[[101.61395, 3.070914], [101.613895, 3.070915], [101.61386, 3.070927], [101.613861, 3.071063], [101.613916, 3.071063], [101.613951, 3.07105], [101.61395, 3.070914]]]}}, {"type": "Feature", "properties": {}, "geometry": {"type": "Polygon", "coordinates": [[[101.61467, 3.071078], [101.614615, 3.071078], [101.61458, 3.071091], [101.614581, 3.071238], [101.614636, 3.071238], [101.61467, 3.071225], [101.61467, 3.071078]]]}}, {"type": "Feature", "properties": {}, "geometry": {"type": "Polygon", "coordinates": [[[101.613951, 3.071413], [101.613896, 3.071413], [101.613862, 3.071426], [101.613862, 3.071562], [101.613917, 3.071562], [101.613951, 3.071549], [101.613951, 3.071413]]]}}, {"type": "Feature", "properties": {}, "geometry": {"type": "Polygon", "coordinates": [[[101.614665, 3.072068], [101.61461, 3.072068], [101.614576, 3.072081], [101.614576, 3.072225], [101.61463, 3.072225], [101.614665, 3.072212], [101.614665, 3.072068]]]}}, {"type": "Feature", "properties": {}, "geometry": {"type": "Polygon", "coordinates": [[[101.613896, 3.071898], [101.613862, 3.07191], [101.613862, 3.072062], [101.613917, 3.072062], [101.613951, 3.07205], [101.613951, 3.071898], [101.613896, 3.071898]]]}}, {"type": "Feature", "properties": {}, "geometry": {"type": "Polygon", "coordinates": [[[101.614671, 3.072571], [101.614616, 3.072571], [101.614582, 3.072583], [101.614582, 3.072725], [101.614637, 3.072725], [101.614671, 3.072712], [101.614671, 3.072571]]]}}, {"type": "Feature", "properties": {}, "geometry": {"type": "Polygon", "coordinates": [[[101.613899, 3.072404], [101.613864, 3.072417], [101.613865, 3.072565], [101.61392, 3.072565], [101.613954, 3.072552], [101.613954, 3.072404], [101.613899, 3.072404]]]}}, {"type": "Feature", "properties": {}, "geometry": {"type": "Polygon", "coordinates": [[[101.613959, 3.072899], [101.613904, 3.0729], [101.61387, 3.072912], [101.61387, 3.073058], [101.613925, 3.073058], [101.61396, 3.073045], [101.613959, 3.072899]]]}}, {"type": "Feature", "properties": {}, "geometry": {"type": "Polygon", "coordinates": [[[101.614679, 3.073069], [101.614624, 3.073069], [101.61459, 3.073081], [101.61459, 3.073224], [101.614645, 3.073224], [101.614679, 3.073211], [101.614679, 3.073069]]]}}, {"type": "Feature", "properties": {}, "geometry": {"type": "Polygon", "coordinates": [[[101.614631, 3.074068], [101.614597, 3.07408], [101.614597, 3.074222], [101.614653, 3.074222], [101.614688, 3.07421], [101.614687, 3.074068], [101.614631, 3.074068]]]}}, {"type": "Feature", "properties": {}, "geometry": {"type": "Polygon", "coordinates": [[[101.614245, 3.073903], [101.614133, 3.073904], [101.614098, 3.073916], [101.614099, 3.074056], [101.614212, 3.074055], [101.614246, 3.074043], [101.614245, 3.073903]]]}}, {"type": "Feature", "properties": {}, "geometry": {"type": "Polygon", "coordinates": [[[101.614667, 3.073568], [101.614613, 3.073568], [101.614579, 3.07358], [101.614579, 3.073723], [101.614633, 3.073723], [101.614667, 3.073711], [101.614667, 3.073568]]]}}, {"type": "Feature", "properties": {}, "geometry": {"type": "Polygon", "coordinates": [[[101.613959, 3.073403], [101.613904, 3.073403], [101.61387, 3.073416], [101.61387, 3.073555], [101.613925, 3.073555], [101.61396, 3.073542], [101.613959, 3.073403]]]}}, {"type": "Feature", "properties": {}, "geometry": {"type": "Polygon", "coordinates": [[[101.612196, 3.064853], [101.612162, 3.064865], [101.612035, 3.064971], [101.612093, 3.065041], [101.612128, 3.065029], [101.612255, 3.064923], [101.612196, 3.064853]]]}}, {"type": "Feature", "properties": {}, "geometry": {"type": "Polygon", "coordinates": [[[101.611951, 3.064055], [101.611916, 3.064067], [101.611916, 3.064214], [101.612029, 3.064214], [101.612063, 3.064202], [101.612063, 3.064055], [101.611951, 3.064055]]]}}, {"type": "Feature", "properties": {}, "geometry": {"type": "Polygon", "coordinates": [[[101.612092, 3.064051], [101.612058, 3.064064], [101.612058, 3.064213], [101.612169, 3.064213], [101.612204, 3.064201], [101.612204, 3.064051], [101.612092, 3.064051]]]}}, {"type": "Feature", "properties": {}, "geometry": {"type": "Polygon", "coordinates": [[[101.61223, 3.064052], [101.612195, 3.064065], [101.612195, 3.064214], [101.612306, 3.064214], [101.61234, 3.064202], [101.61234, 3.064052], [101.61223, 3.064052]]]}}, {"type": "Feature", "properties": {}, "geometry": {"type": "Polygon", "coordinates": [[[101.612379, 3.064055], [101.612345, 3.064068], [101.612345, 3.064206], [101.612473, 3.064206], [101.612508, 3.064194], [101.612508, 3.064055], [101.612379, 3.064055]]]}}, {"type": "Feature", "properties": {}, "geometry": {"type": "Polygon", "coordinates": [[[101.612227, 3.063562], [101.612117, 3.063563], [101.612083, 3.063575], [101.612083, 3.063717], [101.612193, 3.063716], [101.612228, 3.063704], [101.612227, 3.063562]]]}}, {"type": "Feature", "properties": {}, "geometry": {"type": "Polygon", "coordinates": [[[101.612494, 3.063557], [101.612388, 3.063557], [101.612354, 3.06357], [101.612355, 3.063718], [101.61246, 3.063717], [101.612495, 3.063705], [101.612494, 3.063557]]]}}, {"type": "Feature", "properties": {}, "geometry": {"type": "Polygon", "coordinates": [[[101.612366, 3.063556], [101.612254, 3.063557], [101.612219, 3.06357], [101.61222, 3.063717], [101.612332, 3.063716], [101.612367, 3.063703], [101.612366, 3.063556]]]}}, {"type": "Feature", "properties": {}, "geometry": {"type": "Polygon", "coordinates": [[[101.612184, 3.062991], [101.612089, 3.062991], [101.612055, 3.063003], [101.612055, 3.063172], [101.61215, 3.063172], [101.612185, 3.063159], [101.612184, 3.062991]]]}}, {"type": "Feature", "properties": {}, "geometry": {"type": "Polygon", "coordinates": [[[101.612337, 3.065024], [101.612303, 3.065036], [101.612172, 3.065145], [101.61223, 3.065215], [101.612265, 3.065203], [101.612396, 3.065093], [101.612337, 3.065024]]]}}, {"type": "Feature", "properties": {}, "geometry": {"type": "Polygon", "coordinates": [[[101.613133, 3.065047], [101.613024, 3.065048], [101.61299, 3.06506], [101.612991, 3.065202], [101.613101, 3.065201], [101.613135, 3.065189], [101.613133, 3.065047]]]}}, {"type": "Feature", "properties": {}, "geometry": {"type": "Polygon", "coordinates": [[[101.612995, 3.064906], [101.612882, 3.064906], [101.612847, 3.064919], [101.612848, 3.065062], [101.612962, 3.065062], [101.612997, 3.065049], [101.612995, 3.064906]]]}}, {"type": "Feature", "properties": {}, "geometry": {"type": "Polygon", "coordinates": [[[101.612859, 3.064906], [101.612739, 3.064907], [101.612705, 3.064919], [101.612706, 3.065063], [101.612826, 3.065063], [101.61286, 3.06505], [101.612859, 3.064906]]]}}, {"type": "Feature", "properties": {}, "geometry": {"type": "Polygon", "coordinates": [[[101.613402, 3.064396], [101.613294, 3.064396], [101.61326, 3.064409], [101.61326, 3.064555], [101.613368, 3.064555], [101.613402, 3.064542], [101.613402, 3.064396]]]}}, {"type": "Feature", "properties": {}, "geometry": {"type": "Polygon", "coordinates": [[[101.613262, 3.064542], [101.613153, 3.064543], [101.613119, 3.064555], [101.613119, 3.064703], [101.613228, 3.064703], [101.613263, 3.064691], [101.613262, 3.064542]]]}}, {"type": "Feature", "properties": {}, "geometry": {"type": "Polygon", "coordinates": [[[101.612991, 3.064542], [101.612881, 3.064542], [101.612847, 3.064554], [101.612848, 3.064704], [101.612957, 3.064704], [101.612991, 3.064692], [101.612991, 3.064542]]]}}, {"type": "Feature", "properties": {}, "geometry": {"type": "Polygon", "coordinates": [[[101.612856, 3.06454], [101.612748, 3.06454], [101.612713, 3.064553], [101.612714, 3.064705], [101.612822, 3.064704], [101.612857, 3.064692], [101.612856, 3.06454]]]}}, {"type": "Feature", "properties": {}, "geometry": {"type": "Polygon", "coordinates": [[[101.61299, 3.064395], [101.612881, 3.064395], [101.612847, 3.064408], [101.612847, 3.064554], [101.612956, 3.064554], [101.612991, 3.064542], [101.61299, 3.064395]]]}}, {"type": "Feature", "properties": {}, "geometry": {"type": "Polygon", "coordinates": [[[101.613126, 3.064391], [101.61302, 3.064391], [101.612985, 3.064404], [101.612986, 3.064554], [101.613092, 3.064554], [101.613127, 3.064542], [101.613126, 3.064391]]]}}, {"type": "Feature", "properties": {}, "geometry": {"type": "Polygon", "coordinates": [[[101.613262, 3.06439], [101.613153, 3.064391], [101.613118, 3.064403], [101.613119, 3.064555], [101.613228, 3.064555], [101.613262, 3.064542], [101.613262, 3.06439]]]}}, {"type": "Feature", "properties": {}, "geometry": {"type": "Polygon", "coordinates": [[[101.613402, 3.064542], [101.613295, 3.064543], [101.61326, 3.064555], [101.613261, 3.064703], [101.613368, 3.064703], [101.613403, 3.06469], [101.613402, 3.064542]]]}}, {"type": "Feature", "properties": {}, "geometry": {"type": "Polygon", "coordinates": [[[101.612856, 3.064388], [101.612747, 3.064388], [101.612713, 3.064401], [101.612713, 3.064553], [101.612822, 3.064552], [101.612856, 3.06454], [101.612856, 3.064388]]]}}, {"type": "Feature", "properties": {}, "geometry": {"type": "Polygon", "coordinates": [[[101.613127, 3.064542], [101.61302, 3.064542], [101.612986, 3.064554], [101.612987, 3.064704], [101.613093, 3.064703], [101.613127, 3.064691], [101.613127, 3.064542]]]}}, {"type": "Feature", "properties": {}, "geometry": {"type": "Polygon", "coordinates": [[[101.613387, 3.063912], [101.61328, 3.063912], [101.613245, 3.063925], [101.613246, 3.064071], [101.613353, 3.064071], [101.613387, 3.064058], [101.613387, 3.063912]]]}}, {"type": "Feature", "properties": {}, "geometry": {"type": "Polygon", "coordinates": [[[101.613248, 3.064058], [101.613139, 3.064059], [101.613104, 3.064071], [101.613105, 3.064219], [101.613214, 3.064219], [101.613248, 3.064207], [101.613248, 3.064058]]]}}, {"type": "Feature", "properties": {}, "geometry": {"type": "Polygon", "coordinates": [[[101.612976, 3.064058], [101.612867, 3.064058], [101.612832, 3.06407], [101.612833, 3.06422], [101.612942, 3.06422], [101.612977, 3.064207], [101.612976, 3.064058]]]}}, {"type": "Feature", "properties": {}, "geometry": {"type": "Polygon", "coordinates": [[[101.612842, 3.064056], [101.612733, 3.064056], [101.612698, 3.064068], [101.612699, 3.064221], [101.612808, 3.06422], [101.612842, 3.064208], [101.612842, 3.064056]]]}}, {"type": "Feature", "properties": {}, "geometry": {"type": "Polygon", "coordinates": [[[101.612976, 3.063911], [101.612866, 3.063911], [101.612832, 3.063924], [101.612832, 3.06407], [101.612942, 3.06407], [101.612976, 3.064058], [101.612976, 3.063911]]]}}, {"type": "Feature", "properties": {}, "geometry": {"type": "Polygon", "coordinates": [[[101.613112, 3.063907], [101.613005, 3.063907], [101.612971, 3.063919], [101.612971, 3.06407], [101.613078, 3.06407], [101.613112, 3.064058], [101.613112, 3.063907]]]}}, {"type": "Feature", "properties": {}, "geometry": {"type": "Polygon", "coordinates": [[[101.613247, 3.063906], [101.613138, 3.063907], [101.613104, 3.063919], [101.613104, 3.064071], [101.613213, 3.064071], [101.613248, 3.064058], [101.613247, 3.063906]]]}}, {"type": "Feature", "properties": {}, "geometry": {"type": "Polygon", "coordinates": [[[101.613387, 3.064058], [101.61328, 3.064059], [101.613246, 3.064071], [101.613246, 3.064219], [101.613353, 3.064219], [101.613388, 3.064206], [101.613387, 3.064058]]]}}, {"type": "Feature", "properties": {}, "geometry": {"type": "Polygon", "coordinates": [[[101.612841, 3.063904], [101.612732, 3.063904], [101.612698, 3.063917], [101.612698, 3.064068], [101.612807, 3.064068], [101.612842, 3.064056], [101.612841, 3.063904]]]}}, {"type": "Feature", "properties": {}, "geometry": {"type": "Polygon", "coordinates": [[[101.613112, 3.064058], [101.613006, 3.064058], [101.612971, 3.06407], [101.612972, 3.06422], [101.613078, 3.06422], [101.613113, 3.064207], [101.613112, 3.064058]]]}}, {"type": "Feature", "properties": {}, "geometry": {"type": "Polygon", "coordinates": [[[101.613386, 3.063555], [101.613279, 3.063556], [101.613245, 3.063568], [101.613245, 3.063716], [101.613353, 3.063716], [101.613387, 3.063703], [101.613386, 3.063555]]]}}, {"type": "Feature", "properties": {}, "geometry": {"type": "Polygon", "coordinates": [[[101.613247, 3.063555], [101.613138, 3.063556], [101.613103, 3.063568], [101.613104, 3.063716], [101.613213, 3.063716], [101.613247, 3.063704], [101.613247, 3.063555]]]}}, {"type": "Feature", "properties": {}, "geometry": {"type": "Polygon", "coordinates": [[[101.613111, 3.063555], [101.613005, 3.063555], [101.61297, 3.063567], [101.612971, 3.063717], [101.613077, 3.063717], [101.613112, 3.063704], [101.613111, 3.063555]]]}}, {"type": "Feature", "properties": {}, "geometry": {"type": "Polygon", "coordinates": [[[101.612975, 3.063555], [101.612866, 3.063555], [101.612831, 3.063567], [101.612832, 3.063717], [101.612941, 3.063717], [101.612976, 3.063705], [101.612975, 3.063555]]]}}, {"type": "Feature", "properties": {}, "geometry": {"type": "Polygon", "coordinates": [[[101.61284, 3.063401], [101.612732, 3.063401], [101.612697, 3.063414], [101.612698, 3.063566], [101.612806, 3.063565], [101.612841, 3.063553], [101.61284, 3.063401]]]}}, {"type": "Feature", "properties": {}, "geometry": {"type": "Polygon", "coordinates": [[[101.605174, 3.06903], [101.604899, 3.069031], [101.604848, 3.06905], [101.604849, 3.069577], [101.605123, 3.069577], [101.605175, 3.069558], [101.605174, 3.069305], [101.605174, 3.06903]]]}}, {"type": "Feature", "properties": {}, "geometry": {"type": "Polygon", "coordinates": [[[101.600567, 3.063114], [101.600536, 3.063125], [101.600508, 3.063195], [101.600489, 3.063268], [101.600487, 3.063295], [101.60067, 3.063365], [101.6007, 3.063354], [101.600734, 3.063237], [101.600734, 3.063206], [101.600567, 3.063114]]]}}, {"type": "Feature", "properties": {}, "geometry": {"type": "Polygon", "coordinates": [[[101.610066, 3.066624], [101.609007, 3.066643], [101.608914, 3.066665], [101.608763, 3.066719], [101.608765, 3.066864], [101.608788, 3.066911], [101.60903, 3.066907], [101.609777, 3.06688], [101.609928, 3.066826], [101.609962, 3.066809], [101.610068, 3.066749], [101.610066, 3.066624]]]}}, {"type": "Feature", "properties": {}, "geometry": {"type": "Polygon", "coordinates": [[[101.610184, 3.067081], [101.610027, 3.067096], [101.609987, 3.067103], [101.609856, 3.067149], [101.609705, 3.067204], [101.609023, 3.067531], [101.608934, 3.067575], [101.609026, 3.067762], [101.609151, 3.067735], [101.609302, 3.067681], [101.609482, 3.067595], [101.61025, 3.067216], [101.610184, 3.067081]]]}}, {"type": "Feature", "properties": {}, "geometry": {"type": "Polygon", "coordinates": [[[101.605215, 3.070689], [101.605163, 3.070708], [101.605127, 3.070734], [101.605365, 3.071066], [101.605634, 3.0713], [101.605712, 3.071305], [101.605764, 3.071286], [101.605855, 3.071202], [101.605919, 3.071026], [101.605816, 3.070882], [101.605215, 3.070689]]]}}, {"type": "Feature", "properties": {}, "geometry": {"type": "Polygon", "coordinates": [[[101.604591, 3.071834], [101.604323, 3.07184], [101.604271, 3.071859], [101.604272, 3.071909], [101.60454, 3.071903], [101.604592, 3.071885], [101.604591, 3.071834]]]}}, {"type": "Feature", "properties": {}, "geometry": {"type": "Polygon", "coordinates": [[[101.604187, 3.071596], [101.604143, 3.071598], [101.604091, 3.071616], [101.604095, 3.071742], [101.604139, 3.07174], [101.604191, 3.071722], [101.604187, 3.071596]]]}}, {"type": "Feature", "properties": {}, "geometry": {"type": "Polygon", "coordinates": [[[101.604906, 3.071928], [101.604519, 3.071942], [101.604467, 3.071961], [101.60447, 3.072044], [101.604857, 3.072029], [101.604909, 3.072011], [101.604906, 3.071928]]]}}, {"type": "Feature", "properties": {}, "geometry": {"type": "Polygon", "coordinates": [[[101.605061, 3.07208], [101.604974, 3.072082], [101.604922, 3.072101], [101.604926, 3.072288], [101.605013, 3.072286], [101.605065, 3.072268], [101.605061, 3.07208]]]}}, {"type": "Feature", "properties": {}, "geometry": {"type": "Polygon", "coordinates": [[[101.605084, 3.07227], [101.604977, 3.072275], [101.604925, 3.072293], [101.604932, 3.072458], [101.605039, 3.072453], [101.605091, 3.072435], [101.605084, 3.07227]]]}}, {"type": "Feature", "properties": {}, "geometry": {"type": "Polygon", "coordinates": [[[101.604997, 3.071766], [101.604945, 3.071784], [101.604877, 3.07187], [101.604869, 3.072081], [101.604928, 3.072083], [101.604979, 3.072065], [101.605052, 3.071926], [101.605058, 3.071768], [101.604997, 3.071766]]]}}, {"type": "Feature", "properties": {}, "geometry": {"type": "Polygon", "coordinates": [[[101.605818, 3.073347], [101.605803, 3.073353], [101.605811, 3.073545], [101.606193, 3.073546], [101.606208, 3.07354], [101.606206, 3.073354], [101.605818, 3.073347]]]}}, {"type": "Feature", "properties": {}, "geometry": {"type": "Polygon", "coordinates": [[[101.608488, 3.0692], [101.608436, 3.069218], [101.608263, 3.069778], [101.608344, 3.069797], [101.608395, 3.069778], [101.608572, 3.069222], [101.608488, 3.0692]]]}}, {"type": "Feature", "properties": {}, "geometry": {"type": "Polygon", "coordinates": [[[101.608684, 3.069876], [101.608633, 3.069895], [101.608551, 3.070013], [101.608668, 3.070093], [101.608719, 3.070074], [101.608801, 3.069956], [101.608684, 3.069876]]]}}, {"type": "Feature", "properties": {}, "geometry": {"type": "Polygon", "coordinates": [[[101.610451, 3.066593], [101.61025, 3.066627], [101.6101, 3.066682], [101.610074, 3.066733], [101.610037, 3.066815], [101.61005, 3.066896], [101.610099, 3.067073], [101.610247, 3.06714], [101.610281, 3.067155], [101.610347, 3.067143], [101.610498, 3.067089], [101.610553, 3.067064], [101.610647, 3.066919], [101.610607, 3.066681], [101.610451, 3.066593]]]}}, {"type": "Feature", "properties": {}, "geometry": {"type": "Polygon", "coordinates": [[[101.608188, 3.071611], [101.60816, 3.071614], [101.608108, 3.071632], [101.608083, 3.071643], [101.608062, 3.071662], [101.608048, 3.071686], [101.608042, 3.071713], [101.608045, 3.07174], [101.608056, 3.071766], [101.608075, 3.071786], [101.608102, 3.0718], [101.608153, 3.071782], [101.60826, 3.071663], [101.608238, 3.071632], [101.608215, 3.071617], [101.608188, 3.071611]]]}}, {"type": "Feature", "properties": {}, "geometry": {"type": "Polygon", "coordinates": [[[101.614556, 3.064975], [101.614504, 3.064994], [101.614504, 3.065249], [101.614646, 3.065249], [101.614698, 3.06523], [101.614698, 3.064975], [101.614556, 3.064975]]]}}, {"type": "Feature", "properties": {}, "geometry": {"type": "Polygon", "coordinates": [[[101.615305, 3.064737], [101.614875, 3.064739], [101.614724, 3.064793], [101.614727, 3.065299], [101.615473, 3.065295], [101.615624, 3.065241], [101.615623, 3.065008], [101.615305, 3.064737]]]}}, {"type": "Feature", "properties": {}, "geometry": {"type": "Polygon", "coordinates": [[[101.614185, 3.063582], [101.614151, 3.063595], [101.61415, 3.063755], [101.614211, 3.063755], [101.614245, 3.063743], [101.614247, 3.063583], [101.614185, 3.063582]]]}}, {"type": "Feature", "properties": {}, "geometry": {"type": "Polygon", "coordinates": [[[101.614883, 3.064162], [101.614849, 3.064175], [101.614849, 3.064316], [101.614911, 3.064316], [101.614946, 3.064304], [101.614946, 3.064162], [101.614883, 3.064162]]]}}, {"type": "Feature", "properties": {}, "geometry": {"type": "Polygon", "coordinates": [[[101.614539, 3.064354], [101.614504, 3.064367], [101.614503, 3.064522], [101.614563, 3.064523], [101.614597, 3.064511], [101.614599, 3.064355], [101.614539, 3.064354]]]}}, {"type": "Feature", "properties": {}, "geometry": {"type": "Polygon", "coordinates": [[[101.614051, 3.064155], [101.61399, 3.064156], [101.613956, 3.064168], [101.613957, 3.064319], [101.614018, 3.064319], [101.614053, 3.064306], [101.614051, 3.064155]]]}}, {"type": "Feature", "properties": {}, "geometry": {"type": "Polygon", "coordinates": [[[101.614335, 3.06474], [101.614179, 3.064743], [101.614145, 3.064755], [101.614146, 3.064818], [101.614302, 3.064815], [101.614336, 3.064802], [101.614335, 3.06474]]]}}, {"type": "Feature", "properties": {}, "geometry": {"type": "Polygon", "coordinates": [[[101.614145, 3.06474], [101.613983, 3.064741], [101.613949, 3.064754], [101.61395, 3.064815], [101.614111, 3.064814], [101.614146, 3.064801], [101.614145, 3.06474]]]}}, {"type": "Feature", "properties": {}, "geometry": {"type": "Polygon", "coordinates": [[[101.614871, 3.065515], [101.61481, 3.065515], [101.614776, 3.065527], [101.614777, 3.065692], [101.614837, 3.065692], [101.614872, 3.06568], [101.614871, 3.065515]]]}}, {"type": "Feature", "properties": {}, "geometry": {"type": "Polygon", "coordinates": [[[101.613991, 3.065907], [101.613957, 3.065919], [101.613957, 3.066065], [101.614018, 3.066065], [101.614053, 3.066053], [101.614053, 3.065907], [101.613991, 3.065907]]]}}, {"type": "Feature", "properties": {}, "geometry": {"type": "Polygon", "coordinates": [[[101.614417, 3.066085], [101.614383, 3.066098], [101.614383, 3.066253], [101.614444, 3.066253], [101.614478, 3.06624], [101.614478, 3.066085], [101.614417, 3.066085]]]}}, {"type": "Feature", "properties": {}, "geometry": {"type": "Polygon", "coordinates": [[[101.614484, 3.066637], [101.614422, 3.066637], [101.614388, 3.06665], [101.614389, 3.066786], [101.614451, 3.066785], [101.614485, 3.066773], [101.614484, 3.066637]]]}}, {"type": "Feature", "properties": {}, "geometry": {"type": "Polygon", "coordinates": [[[101.61399, 3.066456], [101.613956, 3.066469], [101.613956, 3.066617], [101.614017, 3.066617], [101.614052, 3.066605], [101.614052, 3.066456], [101.61399, 3.066456]]]}}, {"type": "Feature", "properties": {}, "geometry": {"type": "Polygon", "coordinates": [[[101.614968, 3.067009], [101.614907, 3.067009], [101.614872, 3.067022], [101.614873, 3.067176], [101.614935, 3.067176], [101.61497, 3.067163], [101.614968, 3.067009]]]}}, {"type": "Feature", "properties": {}, "geometry": {"type": "Polygon", "coordinates": [[[101.614793, 3.067183], [101.614759, 3.067195], [101.614758, 3.067362], [101.61482, 3.067362], [101.614855, 3.06735], [101.614855, 3.067183], [101.614793, 3.067183]]]}}, {"type": "Feature", "properties": {}, "geometry": {"type": "Polygon", "coordinates": [[[101.613989, 3.067004], [101.613955, 3.067017], [101.613954, 3.067166], [101.614016, 3.067167], [101.614051, 3.067154], [101.614051, 3.067004], [101.613989, 3.067004]]]}}, {"type": "Feature", "properties": {}, "geometry": {"type": "Polygon", "coordinates": [[[101.613942, 3.067821], [101.613856, 3.067821], [101.613821, 3.067834], [101.613822, 3.067985], [101.613908, 3.067985], [101.613943, 3.067973], [101.613942, 3.067821]]]}}, {"type": "Feature", "properties": {}, "geometry": {"type": "Polygon", "coordinates": [[[101.614598, 3.068005], [101.614564, 3.068017], [101.614563, 3.068172], [101.614674, 3.068173], [101.614708, 3.06816], [101.61471, 3.068005], [101.614598, 3.068005]]]}}, {"type": "Feature", "properties": {}, "geometry": {"type": "Polygon", "coordinates": [[[101.614898, 3.067824], [101.614864, 3.067836], [101.614863, 3.067986], [101.614918, 3.067986], [101.614952, 3.067973], [101.614953, 3.067824], [101.614898, 3.067824]]]}}, {"type": "Feature", "properties": {}, "geometry": {"type": "Polygon", "coordinates": [[[101.614864, 3.068316], [101.614829, 3.068329], [101.614829, 3.068484], [101.61492, 3.068485], [101.614954, 3.068472], [101.614955, 3.068317], [101.614864, 3.068316]]]}}, {"type": "Feature", "properties": {}, "geometry": {"type": "Polygon", "coordinates": [[[101.613832, 3.068323], [101.613798, 3.068336], [101.613797, 3.068487], [101.613904, 3.068487], [101.613939, 3.068475], [101.61394, 3.068324], [101.613832, 3.068323]]]}}, {"type": "Feature", "properties": {}, "geometry": {"type": "Polygon", "coordinates": [[[101.614599, 3.068501], [101.614564, 3.068514], [101.614562, 3.068674], [101.614617, 3.068675], [101.614652, 3.068662], [101.614654, 3.068502], [101.614599, 3.068501]]]}}, {"type": "Feature", "properties": {}, "geometry": {"type": "Polygon", "coordinates": [[[101.615068, 3.068814], [101.614962, 3.068815], [101.614928, 3.068827], [101.614928, 3.068985], [101.615034, 3.068984], [101.615069, 3.068972], [101.615068, 3.068814]]]}}, {"type": "Feature", "properties": {}, "geometry": {"type": "Polygon", "coordinates": [[[101.613886, 3.068814], [101.613851, 3.068827], [101.61385, 3.068982], [101.613905, 3.068983], [101.613939, 3.06897], [101.613941, 3.068815], [101.613886, 3.068814]]]}}, {"type": "Feature", "properties": {}, "geometry": {"type": "Polygon", "coordinates": [[[101.614601, 3.068999], [101.614567, 3.069011], [101.614566, 3.069141], [101.614621, 3.069142], [101.614655, 3.069129], [101.614656, 3.068999], [101.614601, 3.068999]]]}}, {"type": "Feature", "properties": {}, "geometry": {"type": "Polygon", "coordinates": [[[101.614962, 3.069328], [101.614907, 3.069328], [101.614873, 3.069341], [101.614873, 3.069483], [101.614928, 3.069483], [101.614962, 3.069471], [101.614962, 3.069328]]]}}, {"type": "Feature", "properties": {}, "geometry": {"type": "Polygon", "coordinates": [[[101.613895, 3.069338], [101.613861, 3.069351], [101.61386, 3.069478], [101.613916, 3.069479], [101.61395, 3.069466], [101.613951, 3.069339], [101.613895, 3.069338]]]}}, {"type": "Feature", "properties": {}, "geometry": {"type": "Polygon", "coordinates": [[[101.613892, 3.069486], [101.613857, 3.069498], [101.613856, 3.06963], [101.613911, 3.069631], [101.613946, 3.069619], [101.613947, 3.069486], [101.613892, 3.069486]]]}}, {"type": "Feature", "properties": {}, "geometry": {"type": "Polygon", "coordinates": [[[101.614917, 3.069827], [101.614882, 3.069839], [101.614882, 3.069976], [101.614936, 3.069976], [101.614971, 3.069963], [101.614971, 3.069827], [101.614917, 3.069827]]]}}, {"type": "Feature", "properties": {}, "geometry": {"type": "Polygon", "coordinates": [[[101.614964, 3.070323], [101.614909, 3.070324], [101.614874, 3.070337], [101.614876, 3.070471], [101.614931, 3.07047], [101.614966, 3.070458], [101.614964, 3.070323]]]}}, {"type": "Feature", "properties": {}, "geometry": {"type": "Polygon", "coordinates": [[[101.61399, 3.073917], [101.613939, 3.073936], [101.613844, 3.074021], [101.614002, 3.074196], [101.614053, 3.074177], [101.614148, 3.074092], [101.61399, 3.073917]]]}}, {"type": "Feature", "properties": {}, "geometry": {"type": "Polygon", "coordinates": [[[101.600324, 3.067044], [101.599718, 3.06706], [101.599666, 3.067079], [101.599658, 3.067154], [101.599669, 3.067547], [101.600334, 3.06755], [101.600385, 3.067531], [101.600402, 3.067186], [101.600324, 3.067044]]]}}, {"type": "Feature", "properties": {}, "geometry": {"type": "Polygon", "coordinates": [[[101.601973, 3.066623], [101.601899, 3.066626], [101.601847, 3.066645], [101.601847, 3.066671], [101.601848, 3.066771], [101.601927, 3.066771], [101.601979, 3.066752], [101.601973, 3.066623]]]}}, {"type": "Feature", "properties": {}, "geometry": {"type": "Polygon", "coordinates": [[[101.601848, 3.066911], [101.601796, 3.06693], [101.601788, 3.06695], [101.601785, 3.066977], [101.602097, 3.066979], [101.602148, 3.066961], [101.602151, 3.066915], [101.601848, 3.066911]]]}}, {"type": "Feature", "properties": {}, "geometry": {"type": "Polygon", "coordinates": [[[101.604643, 3.065708], [101.604591, 3.065727], [101.60458, 3.066114], [101.604913, 3.066123], [101.604965, 3.066104], [101.604976, 3.065717], [101.604643, 3.065708]]]}}, {"type": "Feature", "properties": {}, "geometry": {"type": "Polygon", "coordinates": [[[101.610425, 3.063581], [101.609838, 3.063585], [101.609688, 3.06364], [101.609691, 3.06415], [101.610277, 3.064146], [101.610428, 3.064092], [101.610425, 3.063581]]]}}, {"type": "Feature", "properties": {}, "geometry": {"type": "Polygon", "coordinates": [[[101.61042, 3.063011], [101.609833, 3.063015], [101.609683, 3.063069], [101.609686, 3.06358], [101.610273, 3.063576], [101.610423, 3.063521], [101.61042, 3.063011]]]}}, {"type": "Feature", "properties": {}, "geometry": {"type": "Polygon", "coordinates": [[[101.607397, 3.063021], [101.607367, 3.063032], [101.607323, 3.063169], [101.607548, 3.063241], [101.607579, 3.06323], [101.607623, 3.063092], [101.607397, 3.063021]]]}}, {"type": "Feature", "properties": {}, "geometry": {"type": "Polygon", "coordinates": [[[101.609332, 3.07436], [101.608598, 3.074369], [101.608447, 3.074423], [101.608449, 3.074606], [101.609183, 3.074597], [101.609334, 3.074543], [101.609332, 3.07436]]]}}, {"type": "Feature", "properties": {}, "geometry": {"type": "Polygon", "coordinates": [[[101.610224, 3.074546], [101.60949, 3.074555], [101.609339, 3.074609], [101.609341, 3.074793], [101.610075, 3.074784], [101.610226, 3.074729], [101.610224, 3.074546]]]}}, {"type": "Feature", "properties": {}, "geometry": {"type": "Polygon", "coordinates": [[[101.610227, 3.074901], [101.609492, 3.07491], [101.609341, 3.074964], [101.609344, 3.075147], [101.610078, 3.075138], [101.610229, 3.075084], [101.610227, 3.074901]]]}}, {"type": "Feature", "properties": {}, "geometry": {"type": "Polygon", "coordinates": [[[101.610079, 3.075861], [101.610027, 3.07588], [101.610026, 3.07597], [101.610086, 3.075971], [101.610138, 3.075952], [101.610139, 3.075862], [101.610079, 3.075861]]]}}, {"type": "Feature", "properties": {}, "geometry": {"type": "Polygon", "coordinates": [[[101.608895, 3.074832], [101.608761, 3.074833], [101.608686, 3.07486], [101.60869, 3.075506], [101.608824, 3.075505], [101.608899, 3.075478], [101.608895, 3.074832]]]}}, {"type": "Feature", "properties": {}, "geometry": {"type": "Polygon", "coordinates": [[[101.608028, 3.074792], [101.607894, 3.074793], [101.607743, 3.074848], [101.607747, 3.075494], [101.607881, 3.075493], [101.608032, 3.075439], [101.608028, 3.074792]]]}}, {"type": "Feature", "properties": {}, "geometry": {"type": "Polygon", "coordinates": [[[101.612396, 3.075319], [101.612208, 3.07532], [101.612156, 3.075339], [101.61216, 3.075913], [101.612348, 3.075912], [101.6124, 3.075893], [101.612396, 3.075319]]]}}, {"type": "Feature", "properties": {}, "geometry": {"type": "Polygon", "coordinates": [[[101.615025, 3.075942], [101.614991, 3.075954], [101.61499, 3.076144], [101.615032, 3.076144], [101.615066, 3.076132], [101.615066, 3.075942], [101.615025, 3.075942]]]}}, {"type": "Feature", "properties": {}, "geometry": {"type": "Polygon", "coordinates": [[[101.614984, 3.075942], [101.614949, 3.075954], [101.614949, 3.076144], [101.61499, 3.076144], [101.615025, 3.076132], [101.615025, 3.075942], [101.614984, 3.075942]]]}}, {"type": "Feature", "properties": {}, "geometry": {"type": "Polygon", "coordinates": [[[101.614942, 3.075942], [101.614908, 3.075954], [101.614907, 3.076144], [101.614949, 3.076144], [101.614983, 3.076132], [101.614984, 3.075942], [101.614942, 3.075942]]]}}, {"type": "Feature", "properties": {}, "geometry": {"type": "Polygon", "coordinates": [[[101.615026, 3.075721], [101.614991, 3.075733], [101.61499, 3.075923], [101.615031, 3.075923], [101.615066, 3.075911], [101.615067, 3.075721], [101.615026, 3.075721]]]}}, {"type": "Feature", "properties": {}, "geometry": {"type": "Polygon", "coordinates": [[[101.614984, 3.07572], [101.61495, 3.075733], [101.614948, 3.075923], [101.61499, 3.075923], [101.615024, 3.075911], [101.615026, 3.075721], [101.614984, 3.07572]]]}}, {"type": "Feature", "properties": {}, "geometry": {"type": "Polygon", "coordinates": [[[101.614943, 3.07572], [101.614908, 3.075732], [101.614907, 3.075922], [101.614948, 3.075923], [101.614983, 3.07591], [101.614984, 3.07572], [101.614943, 3.07572]]]}}, {"type": "Feature", "properties": {}, "geometry": {"type": "Polygon", "coordinates": [[[101.607743, 3.066515], [101.606912, 3.066522], [101.606861, 3.06654], [101.606864, 3.066727], [101.608137, 3.067099], [101.608188, 3.06708], [101.608246, 3.066881], [101.607743, 3.066515]]]}}, {"type": "Feature", "properties": {}, "geometry": {"type": "Polygon", "coordinates": [[[101.613893, 3.071572], [101.613858, 3.071584], [101.613857, 3.071722], [101.613913, 3.071722], [101.613948, 3.071709], [101.613949, 3.071572], [101.613893, 3.071572]]]}}, {"type": "Feature", "properties": {}, "geometry": {"type": "Polygon", "coordinates": [[[101.607532, 3.073191], [101.607515, 3.073197], [101.607459, 3.073249], [101.607464, 3.0736], [101.607688, 3.073598], [101.607705, 3.073592], [101.607704, 3.073243], [101.607655, 3.073191], [101.607532, 3.073191]]]}}, {"type": "Feature", "properties": {}, "geometry": {"type": "Polygon", "coordinates": [[[101.609494, 3.073487], [101.609443, 3.073506], [101.609433, 3.073557], [101.609576, 3.073582], [101.609627, 3.073564], [101.609637, 3.073513], [101.609494, 3.073487]]]}}, {"type": "Feature", "properties": {}, "geometry": {"type": "Polygon", "coordinates": [[[101.61127, 3.065041], [101.611205, 3.065041], [101.611171, 3.065054], [101.611172, 3.065184], [101.611237, 3.065184], [101.611271, 3.065171], [101.61127, 3.065041]]]}}, {"type": "Feature", "properties": {}, "geometry": {"type": "Polygon", "coordinates": [[[101.611334, 3.06504], [101.61127, 3.065041], [101.611235, 3.065053], [101.611237, 3.065184], [101.611301, 3.065183], [101.611335, 3.065171], [101.611334, 3.06504]]]}}, {"type": "Feature", "properties": {}, "geometry": {"type": "Polygon", "coordinates": [[[101.611399, 3.065039], [101.611334, 3.06504], [101.6113, 3.065053], [101.611301, 3.065183], [101.611366, 3.065183], [101.6114, 3.06517], [101.611399, 3.065039]]]}}, {"type": "Feature", "properties": {}, "geometry": {"type": "Polygon", "coordinates": [[[101.611463, 3.065039], [101.611399, 3.065039], [101.611364, 3.065052], [101.611366, 3.065183], [101.61143, 3.065182], [101.611464, 3.06517], [101.611463, 3.065039]]]}}, {"type": "Feature", "properties": {}, "geometry": {"type": "Polygon", "coordinates": [[[101.611528, 3.065038], [101.611463, 3.065039], [101.611429, 3.065051], [101.61143, 3.065182], [101.611494, 3.065182], [101.611529, 3.065169], [101.611528, 3.065038]]]}}, {"type": "Feature", "properties": {}, "geometry": {"type": "Polygon", "coordinates": [[[101.611592, 3.065038], [101.611528, 3.065038], [101.611493, 3.065051], [101.611494, 3.065182], [101.611559, 3.065181], [101.611593, 3.065169], [101.611592, 3.065038]]]}}, {"type": "Feature", "properties": {}, "geometry": {"type": "Polygon", "coordinates": [[[101.611657, 3.065037], [101.611592, 3.065038], [101.611558, 3.06505], [101.611559, 3.065181], [101.611623, 3.06518], [101.611658, 3.065168], [101.611657, 3.065037]]]}}, {"type": "Feature", "properties": {}, "geometry": {"type": "Polygon", "coordinates": [[[101.611721, 3.065037], [101.611657, 3.065037], [101.611622, 3.06505], [101.611623, 3.06518], [101.611688, 3.06518], [101.611722, 3.065168], [101.611721, 3.065037]]]}}, {"type": "Feature", "properties": {}, "geometry": {"type": "Polygon", "coordinates": [[[101.611786, 3.065036], [101.611721, 3.065037], [101.611687, 3.065049], [101.611688, 3.06518], [101.611752, 3.065179], [101.611787, 3.065167], [101.611786, 3.065036]]]}}, {"type": "Feature", "properties": {}, "geometry": {"type": "Polygon", "coordinates": [[[101.61185, 3.065036], [101.611786, 3.065036], [101.611751, 3.065049], [101.611752, 3.065179], [101.611817, 3.065179], [101.611851, 3.065166], [101.61185, 3.065036]]]}}, {"type": "Feature", "properties": {}, "geometry": {"type": "Polygon", "coordinates": [[[101.611914, 3.065035], [101.61185, 3.065036], [101.611816, 3.065048], [101.611817, 3.065179], [101.611881, 3.065178], [101.611916, 3.065166], [101.611914, 3.065035]]]}}, {"type": "Feature", "properties": {}, "geometry": {"type": "Polygon", "coordinates": [[[101.611979, 3.065034], [101.611914, 3.065035], [101.61188, 3.065047], [101.611881, 3.065178], [101.611946, 3.065178], [101.61198, 3.065165], [101.611979, 3.065034]]]}}, {"type": "Feature", "properties": {}, "geometry": {"type": "Polygon", "coordinates": [[[101.612074, 3.065034], [101.611979, 3.065034], [101.611945, 3.065047], [101.611946, 3.065178], [101.612041, 3.065177], [101.612075, 3.065164], [101.612074, 3.065034]]]}}, {"type": "Feature", "properties": {}, "geometry": {"type": "Polygon", "coordinates": [[[101.611915, 3.064884], [101.611839, 3.064885], [101.611804, 3.064897], [101.611805, 3.065018], [101.611937, 3.065018], [101.611972, 3.065005], [101.611972, 3.064956], [101.611915, 3.064884]]]}}, {"type": "Feature", "properties": {}, "geometry": {"type": "Polygon", "coordinates": [[[101.611839, 3.064885], [101.611784, 3.064885], [101.61175, 3.064898], [101.61175, 3.065019], [101.611805, 3.065018], [101.611839, 3.065006], [101.611839, 3.064885]]]}}, {"type": "Feature", "properties": {}, "geometry": {"type": "Polygon", "coordinates": [[[101.611784, 3.064885], [101.611729, 3.064885], [101.611695, 3.064898], [101.611695, 3.065019], [101.61175, 3.065019], [101.611785, 3.065006], [101.611784, 3.064885]]]}}, {"type": "Feature", "properties": {}, "geometry": {"type": "Polygon", "coordinates": [[[101.611729, 3.064885], [101.611674, 3.064886], [101.61164, 3.064898], [101.61164, 3.065019], [101.611695, 3.065019], [101.61173, 3.065007], [101.611729, 3.064885]]]}}, {"type": "Feature", "properties": {}, "geometry": {"type": "Polygon", "coordinates": [[[101.611674, 3.064886], [101.61162, 3.064886], [101.611585, 3.064898], [101.611586, 3.06502], [101.61164, 3.065019], [101.611675, 3.065007], [101.611674, 3.064886]]]}}, {"type": "Feature", "properties": {}, "geometry": {"type": "Polygon", "coordinates": [[[101.61162, 3.064886], [101.611565, 3.064886], [101.61153, 3.064899], [101.611531, 3.06502], [101.611586, 3.06502], [101.61162, 3.065007], [101.61162, 3.064886]]]}}, {"type": "Feature", "properties": {}, "geometry": {"type": "Polygon", "coordinates": [[[101.611565, 3.064886], [101.61151, 3.064886], [101.611475, 3.064899], [101.611476, 3.06502], [101.611531, 3.06502], [101.611565, 3.065007], [101.611565, 3.064886]]]}}, {"type": "Feature", "properties": {}, "geometry": {"type": "Polygon", "coordinates": [[[101.61151, 3.064886], [101.611455, 3.064887], [101.611421, 3.064899], [101.611421, 3.06502], [101.611476, 3.06502], [101.61151, 3.065008], [101.61151, 3.064886]]]}}, {"type": "Feature", "properties": {}, "geometry": {"type": "Polygon", "coordinates": [[[101.611455, 3.064887], [101.6114, 3.064887], [101.611366, 3.064899], [101.611366, 3.065021], [101.611421, 3.06502], [101.611456, 3.065008], [101.611455, 3.064887]]]}}, {"type": "Feature", "properties": {}, "geometry": {"type": "Polygon", "coordinates": [[[101.6114, 3.064887], [101.611345, 3.064887], [101.611311, 3.0649], [101.611312, 3.065021], [101.611366, 3.065021], [101.611401, 3.065008], [101.6114, 3.064887]]]}}, {"type": "Feature", "properties": {}, "geometry": {"type": "Polygon", "coordinates": [[[101.611345, 3.064887], [101.611291, 3.064887], [101.611256, 3.0649], [101.611257, 3.065021], [101.611312, 3.065021], [101.611346, 3.065008], [101.611345, 3.064887]]]}}, {"type": "Feature", "properties": {}, "geometry": {"type": "Polygon", "coordinates": [[[101.611291, 3.064887], [101.611236, 3.064888], [101.611201, 3.0649], [101.611202, 3.065021], [101.611257, 3.065021], [101.611291, 3.065009], [101.611291, 3.064887]]]}}, {"type": "Feature", "properties": {}, "geometry": {"type": "Polygon", "coordinates": [[[101.611236, 3.064888], [101.611181, 3.064888], [101.611147, 3.0649], [101.611147, 3.065022], [101.611202, 3.065021], [101.611236, 3.065009], [101.611236, 3.064888]]]}}, {"type": "Feature", "properties": {}, "geometry": {"type": "Polygon", "coordinates": [[[101.611181, 3.064888], [101.611126, 3.064888], [101.611092, 3.064901], [101.611092, 3.065022], [101.611147, 3.065022], [101.611182, 3.065009], [101.611181, 3.064888]]]}}, {"type": "Feature", "properties": {}, "geometry": {"type": "Polygon", "coordinates": [[[101.611117, 3.064554], [101.611063, 3.064555], [101.611029, 3.064567], [101.61103, 3.064693], [101.611084, 3.064692], [101.611118, 3.06468], [101.611117, 3.064554]]]}}, {"type": "Feature", "properties": {}, "geometry": {"type": "Polygon", "coordinates": [[[101.611171, 3.064554], [101.611117, 3.064554], [101.611083, 3.064567], [101.611084, 3.064692], [101.611138, 3.064692], [101.611173, 3.064679], [101.611171, 3.064554]]]}}, {"type": "Feature", "properties": {}, "geometry": {"type": "Polygon", "coordinates": [[[101.611226, 3.064553], [101.611171, 3.064554], [101.611137, 3.064566], [101.611138, 3.064692], [101.611192, 3.064691], [101.611227, 3.064679], [101.611226, 3.064553]]]}}, {"type": "Feature", "properties": {}, "geometry": {"type": "Polygon", "coordinates": [[[101.61128, 3.064553], [101.611226, 3.064553], [101.611191, 3.064566], [101.611192, 3.064691], [101.611247, 3.064691], [101.611281, 3.064678], [101.61128, 3.064553]]]}}, {"type": "Feature", "properties": {}, "geometry": {"type": "Polygon", "coordinates": [[[101.611334, 3.064552], [101.61128, 3.064553], [101.611245, 3.064565], [101.611247, 3.064691], [101.611301, 3.06469], [101.611335, 3.064678], [101.611334, 3.064552]]]}}, {"type": "Feature", "properties": {}, "geometry": {"type": "Polygon", "coordinates": [[[101.611388, 3.064552], [101.611334, 3.064552], [101.6113, 3.064564], [101.611301, 3.06469], [101.611355, 3.06469], [101.61139, 3.064677], [101.611388, 3.064552]]]}}, {"type": "Feature", "properties": {}, "geometry": {"type": "Polygon", "coordinates": [[[101.611443, 3.064551], [101.611388, 3.064552], [101.611354, 3.064564], [101.611355, 3.06469], [101.611409, 3.064689], [101.611444, 3.064677], [101.611443, 3.064551]]]}}, {"type": "Feature", "properties": {}, "geometry": {"type": "Polygon", "coordinates": [[[101.611497, 3.064551], [101.611443, 3.064551], [101.611408, 3.064564], [101.611409, 3.064689], [101.611464, 3.064689], [101.611498, 3.064676], [101.611497, 3.064551]]]}}, {"type": "Feature", "properties": {}, "geometry": {"type": "Polygon", "coordinates": [[[101.611551, 3.06455], [101.611497, 3.064551], [101.611463, 3.064563], [101.611464, 3.064689], [101.611518, 3.064688], [101.611552, 3.064676], [101.611551, 3.06455]]]}}, {"type": "Feature", "properties": {}, "geometry": {"type": "Polygon", "coordinates": [[[101.611605, 3.06455], [101.611551, 3.06455], [101.611517, 3.064563], [101.611518, 3.064688], [101.611572, 3.064688], [101.611607, 3.064675], [101.611605, 3.06455]]]}}, {"type": "Feature", "properties": {}, "geometry": {"type": "Polygon", "coordinates": [[[101.611486, 3.064391], [101.611432, 3.064391], [101.611397, 3.064403], [101.611398, 3.064525], [101.611452, 3.064525], [101.611487, 3.064513], [101.611486, 3.064391]]]}}, {"type": "Feature", "properties": {}, "geometry": {"type": "Polygon", "coordinates": [[[101.611432, 3.064391], [101.611378, 3.064391], [101.611343, 3.064404], [101.611344, 3.064525], [101.611398, 3.064525], [101.611432, 3.064513], [101.611432, 3.064391]]]}}, {"type": "Feature", "properties": {}, "geometry": {"type": "Polygon", "coordinates": [[[101.611378, 3.064391], [101.611323, 3.064391], [101.611289, 3.064404], [101.611289, 3.064525], [101.611344, 3.064525], [101.611378, 3.064513], [101.611378, 3.064391]]]}}, {"type": "Feature", "properties": {}, "geometry": {"type": "Polygon", "coordinates": [[[101.611323, 3.064391], [101.611269, 3.064391], [101.611234, 3.064404], [101.611235, 3.064526], [101.611289, 3.064525], [101.611324, 3.064513], [101.611323, 3.064391]]]}}, {"type": "Feature", "properties": {}, "geometry": {"type": "Polygon", "coordinates": [[[101.611269, 3.064391], [101.611214, 3.064392], [101.61118, 3.064404], [101.61118, 3.064526], [101.611235, 3.064526], [101.611269, 3.064513], [101.611269, 3.064391]]]}}, {"type": "Feature", "properties": {}, "geometry": {"type": "Polygon", "coordinates": [[[101.611214, 3.064392], [101.61116, 3.064392], [101.611126, 3.064404], [101.611126, 3.064526], [101.61118, 3.064526], [101.611215, 3.064513], [101.611214, 3.064392]]]}}, {"type": "Feature", "properties": {}, "geometry": {"type": "Polygon", "coordinates": [[[101.61116, 3.064392], [101.611106, 3.064392], [101.611071, 3.064404], [101.611072, 3.064526], [101.611126, 3.064526], [101.61116, 3.064514], [101.61116, 3.064392]]]}}, {"type": "Feature", "properties": {}, "geometry": {"type": "Polygon", "coordinates": [[[101.611258, 3.064053], [101.611204, 3.064054], [101.61117, 3.064066], [101.611171, 3.064191], [101.611226, 3.06419], [101.61126, 3.064177], [101.611258, 3.064053]]]}}, {"type": "Feature", "properties": {}, "geometry": {"type": "Polygon", "coordinates": [[[101.611204, 3.064054], [101.61115, 3.064054], [101.611115, 3.064067], [101.611117, 3.064192], [101.611171, 3.064191], [101.611206, 3.064178], [101.611204, 3.064054]]]}}, {"type": "Feature", "properties": {}, "geometry": {"type": "Polygon", "coordinates": [[[101.61115, 3.064054], [101.611095, 3.064055], [101.611061, 3.064068], [101.611063, 3.064192], [101.611117, 3.064192], [101.611151, 3.064179], [101.61115, 3.064054]]]}}, {"type": "Feature", "properties": {}, "geometry": {"type": "Polygon", "coordinates": [[[101.611095, 3.064055], [101.611041, 3.064056], [101.611007, 3.064068], [101.611008, 3.064193], [101.611063, 3.064192], [101.611097, 3.06418], [101.611095, 3.064055]]]}}, {"type": "Feature", "properties": {}, "geometry": {"type": "Polygon", "coordinates": [[[101.611041, 3.064056], [101.610987, 3.064057], [101.610952, 3.064069], [101.610954, 3.064194], [101.611008, 3.064193], [101.611043, 3.064181], [101.611041, 3.064056]]]}}, {"type": "Feature", "properties": {}, "geometry": {"type": "Polygon", "coordinates": [[[101.610987, 3.063313], [101.610952, 3.063325], [101.610833, 3.063425], [101.610893, 3.063496], [101.610927, 3.063483], [101.611046, 3.063384], [101.610987, 3.063313]]]}}, {"type": "Feature", "properties": {}, "geometry": {"type": "Polygon", "coordinates": [[[101.611125, 3.063479], [101.611091, 3.063492], [101.610968, 3.063591], [101.611027, 3.063663], [101.611061, 3.06365], [101.611183, 3.06355], [101.611125, 3.063479]]]}}, {"type": "Feature", "properties": {}, "geometry": {"type": "Polygon", "coordinates": [[[101.611258, 3.063652], [101.611223, 3.063664], [101.611104, 3.063761], [101.611162, 3.063833], [101.611197, 3.06382], [101.611316, 3.063723], [101.611258, 3.063652]]]}}, {"type": "Feature", "properties": {}, "geometry": {"type": "Polygon", "coordinates": [[[101.611396, 3.063821], [101.611361, 3.063834], [101.611236, 3.063936], [101.611295, 3.064009], [101.61133, 3.063997], [101.611455, 3.063894], [101.611396, 3.063821]]]}}, {"type": "Feature", "properties": {}, "geometry": {"type": "Polygon", "coordinates": [[[101.611532, 3.063992], [101.611497, 3.064004], [101.611375, 3.064104], [101.611436, 3.064177], [101.61147, 3.064165], [101.611592, 3.064066], [101.611532, 3.063992]]]}}, {"type": "Feature", "properties": {}, "geometry": {"type": "Polygon", "coordinates": [[[101.611669, 3.064168], [101.611634, 3.06418], [101.611514, 3.064278], [101.611575, 3.064353], [101.61161, 3.06434], [101.61173, 3.064242], [101.611669, 3.064168]]]}}, {"type": "Feature", "properties": {}, "geometry": {"type": "Polygon", "coordinates": [[[101.611805, 3.064337], [101.61177, 3.06435], [101.611648, 3.06445], [101.611707, 3.064522], [101.611741, 3.06451], [101.611864, 3.06441], [101.611805, 3.064337]]]}}, {"type": "Feature", "properties": {}, "geometry": {"type": "Polygon", "coordinates": [[[101.611932, 3.06453], [101.611898, 3.064543], [101.611797, 3.064626], [101.611859, 3.064701], [101.611893, 3.064689], [101.611995, 3.064606], [101.611932, 3.06453]]]}}, {"type": "Feature", "properties": {}, "geometry": {"type": "Polygon", "coordinates": [[[101.612074, 3.064687], [101.61204, 3.0647], [101.611923, 3.064795], [101.611983, 3.064869], [101.612018, 3.064857], [101.612135, 3.064761], [101.612074, 3.064687]]]}}, {"type": "Feature", "properties": {}, "geometry": {"type": "Polygon", "coordinates": [[[101.611717, 3.063421], [101.611682, 3.063434], [101.611681, 3.06358], [101.611782, 3.063581], [101.611817, 3.063569], [101.611818, 3.063422], [101.611717, 3.063421]]]}}, {"type": "Feature", "properties": {}, "geometry": {"type": "Polygon", "coordinates": [[[101.611951, 3.063406], [101.611837, 3.063407], [101.611803, 3.06342], [101.611804, 3.063567], [101.611918, 3.063566], [101.611952, 3.063554], [101.611951, 3.063406]]]}}, {"type": "Feature", "properties": {}, "geometry": {"type": "Polygon", "coordinates": [[[101.612086, 3.063409], [101.611977, 3.06341], [101.611942, 3.063422], [101.611943, 3.063568], [101.612052, 3.063567], [101.612087, 3.063555], [101.612086, 3.063409]]]}}, {"type": "Feature", "properties": {}, "geometry": {"type": "Polygon", "coordinates": [[[101.611222, 3.063073], [101.611187, 3.063086], [101.611093, 3.063171], [101.611173, 3.063293], [101.611207, 3.06328], [101.611288, 3.06322], [101.611222, 3.063073]]]}}, {"type": "Feature", "properties": {}, "geometry": {"type": "Polygon", "coordinates": [[[101.611429, 3.063042], [101.611395, 3.063055], [101.611391, 3.063221], [101.611489, 3.063223], [101.611523, 3.063211], [101.611527, 3.063044], [101.611429, 3.063042]]]}}, {"type": "Feature", "properties": {}, "geometry": {"type": "Polygon", "coordinates": [[[101.611652, 3.063022], [101.611617, 3.063035], [101.611614, 3.063206], [101.611707, 3.063208], [101.611742, 3.063195], [101.611745, 3.063024], [101.611652, 3.063022]]]}}, {"type": "Feature", "properties": {}, "geometry": {"type": "Polygon", "coordinates": [[[101.611962, 3.063006], [101.611864, 3.063006], [101.61183, 3.063019], [101.611831, 3.063188], [101.611928, 3.063187], [101.611963, 3.063175], [101.611962, 3.063006]]]}}, {"type": "Feature", "properties": {}, "geometry": {"type": "Polygon", "coordinates": [[[101.61336, 3.062901], [101.613271, 3.062906], [101.613237, 3.062918], [101.613244, 3.06308], [101.613333, 3.063076], [101.613367, 3.063063], [101.61336, 3.062901]]]}}, {"type": "Feature", "properties": {}, "geometry": {"type": "Polygon", "coordinates": [[[101.61314, 3.062933], [101.613051, 3.062934], [101.613016, 3.062946], [101.613019, 3.063108], [101.613108, 3.063106], [101.613142, 3.063094], [101.61314, 3.062933]]]}}, {"type": "Feature", "properties": {}, "geometry": {"type": "Polygon", "coordinates": [[[101.612825, 3.062939], [101.612738, 3.062941], [101.612703, 3.062954], [101.612708, 3.063119], [101.612796, 3.063116], [101.61283, 3.063104], [101.612825, 3.062939]]]}}, {"type": "Feature", "properties": {}, "geometry": {"type": "Polygon", "coordinates": [[[101.61249, 3.06298], [101.612395, 3.062982], [101.612361, 3.062994], [101.612364, 3.063152], [101.612458, 3.06315], [101.612493, 3.063137], [101.61249, 3.06298]]]}}, {"type": "Feature", "properties": {}, "geometry": {"type": "Polygon", "coordinates": [[[101.608409, 3.063989], [101.607994, 3.064009], [101.607959, 3.064022], [101.60797, 3.064238], [101.608385, 3.064218], [101.60842, 3.064205], [101.608409, 3.063989]]]}}, {"type": "Feature", "properties": {}, "geometry": {"type": "Polygon", "coordinates": [[[101.608888, 3.063984], [101.608461, 3.063995], [101.608426, 3.064008], [101.608432, 3.064212], [101.608859, 3.064201], [101.608893, 3.064188], [101.608888, 3.063984]]]}}, {"type": "Feature", "properties": {}, "geometry": {"type": "Polygon", "coordinates": [[[101.608905, 3.063566], [101.608475, 3.063584], [101.608441, 3.063596], [101.608449, 3.063803], [101.608879, 3.063785], [101.608914, 3.063773], [101.608905, 3.063566]]]}}, {"type": "Feature", "properties": {}, "geometry": {"type": "Polygon", "coordinates": [[[101.608432, 3.063585], [101.608132, 3.063596], [101.608097, 3.063609], [101.608105, 3.063814], [101.608406, 3.063803], [101.60844, 3.06379], [101.608432, 3.063585]]]}}, {"type": "Feature", "properties": {}, "geometry": {"type": "Polygon", "coordinates": [[[101.606745, 3.06284], [101.606711, 3.062852], [101.606685, 3.063007], [101.606915, 3.063045], [101.60695, 3.063032], [101.606975, 3.062877], [101.606745, 3.06284]]]}}, {"type": "Feature", "properties": {}, "geometry": {"type": "Polygon", "coordinates": [[[101.607045, 3.062798], [101.607011, 3.062811], [101.606976, 3.062969], [101.607172, 3.063012], [101.607206, 3.063], [101.607241, 3.062842], [101.607045, 3.062798]]]}}, {"type": "Feature", "properties": {}, "geometry": {"type": "Polygon", "coordinates": [[[101.607436, 3.062809], [101.607401, 3.062821], [101.607372, 3.062965], [101.607597, 3.06301], [101.607632, 3.062998], [101.607661, 3.062855], [101.607436, 3.062809]]]}}, {"type": "Feature", "properties": {}, "geometry": {"type": "Polygon", "coordinates": [[[101.607183, 3.063592], [101.607148, 3.063604], [101.607084, 3.063746], [101.607302, 3.063843], [101.607336, 3.063831], [101.6074, 3.063689], [101.607183, 3.063592]]]}}, {"type": "Feature", "properties": {}, "geometry": {"type": "Polygon", "coordinates": [[[101.607063, 3.063834], [101.607028, 3.063847], [101.606955, 3.063973], [101.607151, 3.064087], [101.607186, 3.064074], [101.607259, 3.063948], [101.607063, 3.063834]]]}}, {"type": "Feature", "properties": {}, "geometry": {"type": "Polygon", "coordinates": [[[101.602663, 3.065671], [101.602611, 3.065689], [101.602611, 3.065828], [101.602831, 3.065828], [101.602883, 3.06581], [101.602883, 3.065671], [101.602663, 3.065671]]]}}, {"type": "Feature", "properties": {}, "geometry": {"type": "Polygon", "coordinates": [[[101.602162, 3.065942], [101.601939, 3.065944], [101.601875, 3.065967], [101.601875, 3.066036], [101.602098, 3.066034], [101.602162, 3.066011], [101.602162, 3.065942]]]}}, {"type": "Feature", "properties": {}, "geometry": {"type": "Polygon", "coordinates": [[[101.600764, 3.069727], [101.600682, 3.069729], [101.600617, 3.069752], [101.600622, 3.069965], [101.600703, 3.069963], [101.600768, 3.06994], [101.600764, 3.069727]]]}}, {"type": "Feature", "properties": {}, "geometry": {"type": "Polygon", "coordinates": [[[101.601115, 3.069394], [101.601034, 3.069395], [101.600969, 3.069418], [101.600972, 3.069632], [101.601053, 3.069631], [101.601118, 3.069608], [101.601115, 3.069394]]]}}, {"type": "Feature", "properties": {}, "geometry": {"type": "Polygon", "coordinates": [[[101.601608, 3.069712], [101.601526, 3.069713], [101.601462, 3.069736], [101.601465, 3.069948], [101.601547, 3.069946], [101.601611, 3.069923], [101.601608, 3.069712]]]}}, {"type": "Feature", "properties": {}, "geometry": {"type": "Polygon", "coordinates": [[[101.603208, 3.066285], [101.602986, 3.066286], [101.602934, 3.066305], [101.602935, 3.066374], [101.603157, 3.066372], [101.603209, 3.066354], [101.603208, 3.066285]]]}}, {"type": "Feature", "properties": {}, "geometry": {"type": "Polygon", "coordinates": [[[101.602679, 3.067492], [101.602615, 3.067515], [101.602615, 3.067584], [101.602832, 3.067585], [101.602897, 3.067561], [101.602897, 3.067493], [101.602679, 3.067492]]]}}, {"type": "Feature", "properties": {}, "geometry": {"type": "Polygon", "coordinates": [[[101.602318, 3.066965], [101.60225, 3.066967], [101.602185, 3.06699], [101.60219, 3.067208], [101.602259, 3.067206], [101.602323, 3.067183], [101.602318, 3.066965]]]}}, {"type": "Feature", "properties": {}, "geometry": {"type": "Polygon", "coordinates": [[[101.60321, 3.066628], [101.602988, 3.066629], [101.602936, 3.066648], [101.602936, 3.066716], [101.603158, 3.066715], [101.60321, 3.066696], [101.60321, 3.066628]]]}}, {"type": "Feature", "properties": {}, "geometry": {"type": "Polygon", "coordinates": [[[101.602676, 3.068423], [101.602612, 3.068446], [101.602612, 3.068514], [101.602825, 3.068514], [101.60289, 3.068491], [101.60289, 3.068423], [101.602676, 3.068423]]]}}, {"type": "Feature", "properties": {}, "geometry": {"type": "Polygon", "coordinates": [[[101.602999, 3.068082], [101.602935, 3.068106], [101.602934, 3.068174], [101.603152, 3.068176], [101.603216, 3.068153], [101.603217, 3.068084], [101.602999, 3.068082]]]}}, {"type": "Feature", "properties": {}, "geometry": {"type": "Polygon", "coordinates": [[[101.601039, 3.069721], [101.600957, 3.069723], [101.600893, 3.069746], [101.600896, 3.069958], [101.600977, 3.069956], [101.601042, 3.069933], [101.601039, 3.069721]]]}}, {"type": "Feature", "properties": {}, "geometry": {"type": "Polygon", "coordinates": [[[101.601332, 3.067722], [101.601263, 3.067722], [101.601199, 3.067746], [101.601201, 3.067965], [101.601269, 3.067964], [101.601334, 3.067941], [101.601332, 3.067722]]]}}, {"type": "Feature", "properties": {}, "geometry": {"type": "Polygon", "coordinates": [[[101.601295, 3.06699], [101.601227, 3.066991], [101.601162, 3.067014], [101.601167, 3.067232], [101.601236, 3.06723], [101.6013, 3.067207], [101.601295, 3.06699]]]}}, {"type": "Feature", "properties": {}, "geometry": {"type": "Polygon", "coordinates": [[[101.602996, 3.068424], [101.602931, 3.068447], [101.60293, 3.068516], [101.603148, 3.068518], [101.603213, 3.068495], [101.603214, 3.068426], [101.602996, 3.068424]]]}}, {"type": "Feature", "properties": {}, "geometry": {"type": "Polygon", "coordinates": [[[101.602662, 3.066559], [101.602611, 3.066578], [101.602611, 3.066646], [101.602831, 3.066646], [101.602883, 3.066627], [101.602883, 3.066559], [101.602662, 3.066559]]]}}, {"type": "Feature", "properties": {}, "geometry": {"type": "Polygon", "coordinates": [[[101.602328, 3.067701], [101.60226, 3.067702], [101.602195, 3.067726], [101.602199, 3.067943], [101.602267, 3.067941], [101.602332, 3.067918], [101.602328, 3.067701]]]}}, {"type": "Feature", "properties": {}, "geometry": {"type": "Polygon", "coordinates": [[[101.602261, 3.067302], [101.602193, 3.067304], [101.602128, 3.067327], [101.602132, 3.06754], [101.602201, 3.067539], [101.602265, 3.067516], [101.602261, 3.067302]]]}}, {"type": "Feature", "properties": {}, "geometry": {"type": "Polygon", "coordinates": [[[101.600106, 3.069409], [101.600024, 3.069411], [101.599959, 3.069434], [101.599962, 3.069653], [101.600044, 3.069651], [101.600108, 3.069628], [101.600106, 3.069409]]]}}, {"type": "Feature", "properties": {}, "geometry": {"type": "Polygon", "coordinates": [[[101.60185, 3.06771], [101.601781, 3.067711], [101.601716, 3.067734], [101.60172, 3.067951], [101.601789, 3.06795], [101.601853, 3.067927], [101.60185, 3.06771]]]}}, {"type": "Feature", "properties": {}, "geometry": {"type": "Polygon", "coordinates": [[[101.602993, 3.067637], [101.602941, 3.067656], [101.602941, 3.067724], [101.603156, 3.067724], [101.603208, 3.067705], [101.603208, 3.067637], [101.602993, 3.067637]]]}}, {"type": "Feature", "properties": {}, "geometry": {"type": "Polygon", "coordinates": [[[101.601277, 3.069392], [101.601196, 3.069393], [101.601131, 3.069416], [101.601135, 3.06963], [101.601216, 3.069629], [101.601281, 3.069605], [101.601277, 3.069392]]]}}, {"type": "Feature", "properties": {}, "geometry": {"type": "Polygon", "coordinates": [[[101.602165, 3.066421], [101.601942, 3.066423], [101.601878, 3.066446], [101.601878, 3.066514], [101.602101, 3.066513], [101.602166, 3.06649], [101.602165, 3.066421]]]}}, {"type": "Feature", "properties": {}, "geometry": {"type": "Polygon", "coordinates": [[[101.60233, 3.067301], [101.602261, 3.067302], [101.602197, 3.067326], [101.602201, 3.067539], [101.602269, 3.067538], [101.602334, 3.067515], [101.60233, 3.067301]]]}}, {"type": "Feature", "properties": {}, "geometry": {"type": "Polygon", "coordinates": [[[101.602276, 3.065809], [101.602211, 3.065832], [101.602211, 3.0659], [101.602432, 3.065902], [101.602497, 3.065879], [101.602497, 3.06581], [101.602276, 3.065809]]]}}, {"type": "Feature", "properties": {}, "geometry": {"type": "Polygon", "coordinates": [[[101.603209, 3.066354], [101.602986, 3.066355], [101.602935, 3.066374], [101.602935, 3.066442], [101.603157, 3.066441], [101.603209, 3.066422], [101.603209, 3.066354]]]}}, {"type": "Feature", "properties": {}, "geometry": {"type": "Polygon", "coordinates": [[[101.60268, 3.067286], [101.602615, 3.067309], [101.602615, 3.067378], [101.602833, 3.067379], [101.602897, 3.067355], [101.602898, 3.067287], [101.60268, 3.067286]]]}}, {"type": "Feature", "properties": {}, "geometry": {"type": "Polygon", "coordinates": [[[101.602999, 3.068151], [101.602934, 3.068174], [101.602933, 3.068242], [101.603151, 3.068244], [101.603216, 3.068221], [101.603216, 3.068153], [101.602999, 3.068151]]]}}, {"type": "Feature", "properties": {}, "geometry": {"type": "Polygon", "coordinates": [[[101.601227, 3.066991], [101.601159, 3.066993], [101.601094, 3.067016], [101.601099, 3.067234], [101.601167, 3.067232], [101.601232, 3.067209], [101.601227, 3.066991]]]}}, {"type": "Feature", "properties": {}, "geometry": {"type": "Polygon", "coordinates": [[[101.602662, 3.066355], [101.602611, 3.066373], [101.602611, 3.066441], [101.602831, 3.066442], [101.602883, 3.066423], [101.602883, 3.066355], [101.602662, 3.066355]]]}}, {"type": "Feature", "properties": {}, "geometry": {"type": "Polygon", "coordinates": [[[101.602167, 3.069275], [101.601953, 3.069275], [101.601888, 3.069298], [101.601888, 3.069367], [101.602103, 3.069367], [101.602167, 3.069343], [101.602167, 3.069275]]]}}, {"type": "Feature", "properties": {}, "geometry": {"type": "Polygon", "coordinates": [[[101.600676, 3.069402], [101.600595, 3.069403], [101.60053, 3.069427], [101.600533, 3.069645], [101.600615, 3.069644], [101.600679, 3.069621], [101.600676, 3.069402]]]}}, {"type": "Feature", "properties": {}, "geometry": {"type": "Polygon", "coordinates": [[[101.601783, 3.067311], [101.601715, 3.067312], [101.60165, 3.067335], [101.601654, 3.067549], [101.601722, 3.067548], [101.601787, 3.067524], [101.601783, 3.067311]]]}}, {"type": "Feature", "properties": {}, "geometry": {"type": "Polygon", "coordinates": [[[101.602993, 3.067366], [101.602942, 3.067385], [101.602942, 3.067452], [101.603156, 3.067453], [101.603208, 3.067434], [101.603208, 3.067366], [101.602993, 3.067366]]]}}, {"type": "Feature", "properties": {}, "geometry": {"type": "Polygon", "coordinates": [[[101.602163, 3.066148], [101.601941, 3.066149], [101.601876, 3.066172], [101.601876, 3.066241], [101.602099, 3.066239], [101.602164, 3.066216], [101.602163, 3.066148]]]}}, {"type": "Feature", "properties": {}, "geometry": {"type": "Polygon", "coordinates": [[[101.601521, 3.069388], [101.60144, 3.069389], [101.601376, 3.069412], [101.601379, 3.069626], [101.60146, 3.069625], [101.601525, 3.069602], [101.601521, 3.069388]]]}}, {"type": "Feature", "properties": {}, "geometry": {"type": "Polygon", "coordinates": [[[101.601588, 3.068043], [101.601519, 3.068044], [101.601455, 3.068068], [101.601458, 3.068285], [101.601526, 3.068284], [101.601591, 3.068261], [101.601588, 3.068043]]]}}, {"type": "Feature", "properties": {}, "geometry": {"type": "Polygon", "coordinates": [[[101.602166, 3.06649], [101.601943, 3.066491], [101.601878, 3.066514], [101.601879, 3.066583], [101.602102, 3.066581], [101.602166, 3.066558], [101.602166, 3.06649]]]}}, {"type": "Feature", "properties": {}, "geometry": {"type": "Polygon", "coordinates": [[[101.60011, 3.06974], [101.600028, 3.069742], [101.599964, 3.069765], [101.599968, 3.069978], [101.60005, 3.069976], [101.600114, 3.069953], [101.60011, 3.06974]]]}}, {"type": "Feature", "properties": {}, "geometry": {"type": "Polygon", "coordinates": [[[101.602275, 3.065945], [101.60221, 3.065969], [101.60221, 3.066037], [101.602431, 3.066038], [101.602496, 3.066015], [101.602496, 3.065947], [101.602275, 3.065945]]]}}, {"type": "Feature", "properties": {}, "geometry": {"type": "Polygon", "coordinates": [[[101.602493, 3.06962], [101.602276, 3.069623], [101.602211, 3.069646], [101.602212, 3.069714], [101.602429, 3.069712], [101.602494, 3.069688], [101.602493, 3.06962]]]}}, {"type": "Feature", "properties": {}, "geometry": {"type": "Polygon", "coordinates": [[[101.60268, 3.067149], [101.602616, 3.067172], [101.602616, 3.067241], [101.602833, 3.067241], [101.602898, 3.067218], [101.602898, 3.06715], [101.60268, 3.067149]]]}}, {"type": "Feature", "properties": {}, "geometry": {"type": "Polygon", "coordinates": [[[101.602276, 3.065741], [101.602212, 3.065764], [101.602211, 3.065832], [101.602433, 3.065834], [101.602497, 3.06581], [101.602498, 3.065742], [101.602276, 3.065741]]]}}, {"type": "Feature", "properties": {}, "geometry": {"type": "Polygon", "coordinates": [[[101.603208, 3.066148], [101.602985, 3.06615], [101.602934, 3.066168], [101.602934, 3.066237], [101.603156, 3.066236], [101.603208, 3.066217], [101.603208, 3.066148]]]}}, {"type": "Feature", "properties": {}, "geometry": {"type": "Polygon", "coordinates": [[[101.600717, 3.067728], [101.600648, 3.067729], [101.600584, 3.067752], [101.600586, 3.067971], [101.600654, 3.067971], [101.600719, 3.067947], [101.600717, 3.067728]]]}}, {"type": "Feature", "properties": {}, "geometry": {"type": "Polygon", "coordinates": [[[101.60268, 3.067355], [101.602615, 3.067378], [101.602615, 3.067447], [101.602833, 3.067447], [101.602897, 3.067424], [101.602897, 3.067355], [101.60268, 3.067355]]]}}, {"type": "Feature", "properties": {}, "geometry": {"type": "Polygon", "coordinates": [[[101.601909, 3.066975], [101.601841, 3.066977], [101.601776, 3.067], [101.601781, 3.067218], [101.601849, 3.067216], [101.601914, 3.067193], [101.601909, 3.066975]]]}}, {"type": "Feature", "properties": {}, "geometry": {"type": "Polygon", "coordinates": [[[101.602663, 3.066218], [101.602611, 3.066237], [101.602611, 3.066305], [101.602831, 3.066305], [101.602883, 3.066287], [101.602883, 3.066219], [101.602663, 3.066218]]]}}, {"type": "Feature", "properties": {}, "geometry": {"type": "Polygon", "coordinates": [[[101.601195, 3.067723], [101.601127, 3.067724], [101.601062, 3.067747], [101.601064, 3.067966], [101.601133, 3.067966], [101.601197, 3.067942], [101.601195, 3.067723]]]}}, {"type": "Feature", "properties": {}, "geometry": {"type": "Polygon", "coordinates": [[[101.60035, 3.069406], [101.600269, 3.069407], [101.600204, 3.069431], [101.600207, 3.069649], [101.600288, 3.069648], [101.600353, 3.069625], [101.60035, 3.069406]]]}}, {"type": "Feature", "properties": {}, "geometry": {"type": "Polygon", "coordinates": [[[101.601431, 3.066986], [101.601363, 3.066988], [101.601299, 3.067011], [101.601304, 3.067229], [101.601372, 3.067227], [101.601437, 3.067204], [101.601431, 3.066986]]]}}, {"type": "Feature", "properties": {}, "geometry": {"type": "Polygon", "coordinates": [[[101.60151, 3.067316], [101.601441, 3.067317], [101.601377, 3.06734], [101.601381, 3.067554], [101.601449, 3.067553], [101.601513, 3.067529], [101.60151, 3.067316]]]}}, {"type": "Feature", "properties": {}, "geometry": {"type": "Polygon", "coordinates": [[[101.602662, 3.066423], [101.602611, 3.066441], [101.602611, 3.06651], [101.602831, 3.06651], [101.602883, 3.066491], [101.602883, 3.066423], [101.602662, 3.066423]]]}}, {"type": "Feature", "properties": {}, "geometry": {"type": "Polygon", "coordinates": [[[101.600791, 3.068054], [101.600723, 3.068054], [101.600658, 3.068077], [101.60066, 3.068297], [101.600728, 3.068297], [101.600793, 3.068273], [101.600791, 3.068054]]]}}, {"type": "Feature", "properties": {}, "geometry": {"type": "Polygon", "coordinates": [[[101.602993, 3.067162], [101.602942, 3.067181], [101.602942, 3.067249], [101.603156, 3.067249], [101.603208, 3.06723], [101.603208, 3.067163], [101.602993, 3.067162]]]}}, {"type": "Feature", "properties": {}, "geometry": {"type": "Polygon", "coordinates": [[[101.602164, 3.066216], [101.601941, 3.066218], [101.601876, 3.066241], [101.601877, 3.066309], [101.6021, 3.066308], [101.602164, 3.066284], [101.602164, 3.066216]]]}}, {"type": "Feature", "properties": {}, "geometry": {"type": "Polygon", "coordinates": [[[101.600437, 3.069734], [101.600355, 3.069735], [101.60029, 3.069758], [101.600295, 3.069971], [101.600376, 3.06997], [101.600441, 3.069946], [101.600437, 3.069734]]]}}, {"type": "Feature", "properties": {}, "geometry": {"type": "Polygon", "coordinates": [[[101.60127, 3.06805], [101.601201, 3.06805], [101.601137, 3.068074], [101.601138, 3.068293], [101.601207, 3.068293], [101.601271, 3.06827], [101.60127, 3.06805]]]}}, {"type": "Feature", "properties": {}, "geometry": {"type": "Polygon", "coordinates": [[[101.602272, 3.066424], [101.602207, 3.066447], [101.602207, 3.066515], [101.602428, 3.066517], [101.602493, 3.066493], [101.602493, 3.066425], [101.602272, 3.066424]]]}}, {"type": "Feature", "properties": {}, "geometry": {"type": "Polygon", "coordinates": [[[101.602677, 3.068015], [101.602612, 3.068038], [101.602612, 3.068106], [101.602825, 3.068106], [101.60289, 3.068083], [101.60289, 3.068015], [101.602677, 3.068015]]]}}, {"type": "Feature", "properties": {}, "geometry": {"type": "Polygon", "coordinates": [[[101.602491, 3.069415], [101.602274, 3.069418], [101.602209, 3.069441], [101.60221, 3.069509], [101.602427, 3.069507], [101.602492, 3.069484], [101.602491, 3.069415]]]}}, {"type": "Feature", "properties": {}, "geometry": {"type": "Polygon", "coordinates": [[[101.602203, 3.068035], [101.602135, 3.068036], [101.60207, 3.068059], [101.602073, 3.068276], [101.602142, 3.068275], [101.602206, 3.068252], [101.602203, 3.068035]]]}}, {"type": "Feature", "properties": {}, "geometry": {"type": "Polygon", "coordinates": [[[101.6014, 3.067721], [101.601332, 3.067722], [101.601267, 3.067745], [101.601269, 3.067964], [101.601338, 3.067963], [101.601402, 3.06794], [101.6014, 3.067721]]]}}, {"type": "Feature", "properties": {}, "geometry": {"type": "Polygon", "coordinates": [[[101.602676, 3.068151], [101.602612, 3.068174], [101.602612, 3.068242], [101.602825, 3.068242], [101.60289, 3.068219], [101.60289, 3.068151], [101.602676, 3.068151]]]}}, {"type": "Feature", "properties": {}, "geometry": {"type": "Polygon", "coordinates": [[[101.601998, 3.068038], [101.60193, 3.068039], [101.601865, 3.068062], [101.601868, 3.068279], [101.601936, 3.068278], [101.602001, 3.068255], [101.601998, 3.068038]]]}}, {"type": "Feature", "properties": {}, "geometry": {"type": "Polygon", "coordinates": [[[101.602114, 3.06697], [101.602045, 3.066972], [101.601981, 3.066995], [101.601986, 3.067213], [101.602054, 3.067211], [101.602119, 3.067188], [101.602114, 3.06697]]]}}, {"type": "Feature", "properties": {}, "geometry": {"type": "Polygon", "coordinates": [[[101.601708, 3.06971], [101.601608, 3.069712], [101.601543, 3.069735], [101.601547, 3.069946], [101.601647, 3.069945], [101.601712, 3.069922], [101.601708, 3.06971]]]}}, {"type": "Feature", "properties": {}, "geometry": {"type": "Polygon", "coordinates": [[[101.602167, 3.06948], [101.601953, 3.06948], [101.601888, 3.069504], [101.601889, 3.069572], [101.602103, 3.069572], [101.602167, 3.069549], [101.602167, 3.06948]]]}}, {"type": "Feature", "properties": {}, "geometry": {"type": "Polygon", "coordinates": [[[101.602994, 3.067027], [101.602942, 3.067045], [101.602942, 3.067113], [101.603157, 3.067114], [101.603208, 3.067095], [101.603208, 3.067027], [101.602994, 3.067027]]]}}, {"type": "Feature", "properties": {}, "geometry": {"type": "Polygon", "coordinates": [[[101.600432, 3.069405], [101.60035, 3.069406], [101.600286, 3.06943], [101.600288, 3.069648], [101.60037, 3.069647], [101.600435, 3.069624], [101.600432, 3.069405]]]}}, {"type": "Feature", "properties": {}, "geometry": {"type": "Polygon", "coordinates": [[[101.601305, 3.067319], [101.601236, 3.06732], [101.601172, 3.067344], [101.601175, 3.067557], [101.601244, 3.067556], [101.601308, 3.067533], [101.601305, 3.067319]]]}}, {"type": "Feature", "properties": {}, "geometry": {"type": "Polygon", "coordinates": [[[101.602168, 3.069686], [101.601953, 3.069686], [101.601889, 3.069709], [101.601889, 3.069777], [101.602103, 3.069777], [101.602168, 3.069754], [101.602168, 3.069686]]]}}, {"type": "Feature", "properties": {}, "geometry": {"type": "Polygon", "coordinates": [[[101.602993, 3.06723], [101.602942, 3.067249], [101.602942, 3.067317], [101.603156, 3.067317], [101.603208, 3.067298], [101.603208, 3.06723], [101.602993, 3.06723]]]}}, {"type": "Feature", "properties": {}, "geometry": {"type": "Polygon", "coordinates": [[[101.602271, 3.06656], [101.602206, 3.066584], [101.602206, 3.066652], [101.602427, 3.066653], [101.602492, 3.06663], [101.602492, 3.066562], [101.602271, 3.06656]]]}}, {"type": "Feature", "properties": {}, "geometry": {"type": "Polygon", "coordinates": [[[101.602662, 3.066763], [101.60261, 3.066782], [101.60261, 3.06685], [101.602831, 3.06685], [101.602882, 3.066832], [101.602883, 3.066764], [101.602662, 3.066763]]]}}, {"type": "Feature", "properties": {}, "geometry": {"type": "Polygon", "coordinates": [[[101.602162, 3.066011], [101.60194, 3.066012], [101.601875, 3.066036], [101.601876, 3.066104], [101.602098, 3.066102], [101.602163, 3.066079], [101.602162, 3.066011]]]}}, {"type": "Feature", "properties": {}, "geometry": {"type": "Polygon", "coordinates": [[[101.60249, 3.069279], [101.602272, 3.069281], [101.602208, 3.069304], [101.602208, 3.069373], [101.602426, 3.06937], [101.60249, 3.069347], [101.60249, 3.069279]]]}}, {"type": "Feature", "properties": {}, "geometry": {"type": "Polygon", "coordinates": [[[101.601034, 3.069395], [101.600952, 3.069396], [101.600888, 3.06942], [101.600891, 3.069634], [101.600972, 3.069632], [101.601037, 3.069609], [101.601034, 3.069395]]]}}, {"type": "Feature", "properties": {}, "geometry": {"type": "Polygon", "coordinates": [[[101.60227, 3.066629], [101.602206, 3.066652], [101.602205, 3.066749], [101.602426, 3.066751], [101.602491, 3.066728], [101.602492, 3.06663], [101.60227, 3.066629]]]}}, {"type": "Feature", "properties": {}, "geometry": {"type": "Polygon", "coordinates": [[[101.601526, 3.069713], [101.601445, 3.069715], [101.601381, 3.069738], [101.601384, 3.069949], [101.601465, 3.069948], [101.60153, 3.069925], [101.601526, 3.069713]]]}}, {"type": "Feature", "properties": {}, "geometry": {"type": "Polygon", "coordinates": [[[101.602492, 3.069484], [101.602274, 3.069486], [101.60221, 3.069509], [101.60221, 3.069577], [101.602428, 3.069575], [101.602493, 3.069552], [101.602492, 3.069484]]]}}, {"type": "Feature", "properties": {}, "geometry": {"type": "Polygon", "coordinates": [[[101.602679, 3.067561], [101.602615, 3.067584], [101.602614, 3.067652], [101.602832, 3.067653], [101.602897, 3.06763], [101.602897, 3.067561], [101.602679, 3.067561]]]}}, {"type": "Feature", "properties": {}, "geometry": {"type": "Polygon", "coordinates": [[[101.602135, 3.068036], [101.602066, 3.068037], [101.602002, 3.06806], [101.602005, 3.068277], [101.602073, 3.068276], [101.602138, 3.068253], [101.602135, 3.068036]]]}}, {"type": "Feature", "properties": {}, "geometry": {"type": "Polygon", "coordinates": [[[101.60225, 3.066967], [101.602182, 3.066969], [101.602117, 3.066992], [101.602122, 3.06721], [101.60219, 3.067208], [101.602255, 3.067185], [101.60225, 3.066967]]]}}, {"type": "Feature", "properties": {}, "geometry": {"type": "Polygon", "coordinates": [[[101.60321, 3.066696], [101.602988, 3.066697], [101.602936, 3.066716], [101.602937, 3.066784], [101.603159, 3.066783], [101.60321, 3.066765], [101.60321, 3.066696]]]}}, {"type": "Feature", "properties": {}, "geometry": {"type": "Polygon", "coordinates": [[[101.602676, 3.068627], [101.602612, 3.06865], [101.602611, 3.068718], [101.602825, 3.068718], [101.60289, 3.068695], [101.60289, 3.068627], [101.602676, 3.068627]]]}}, {"type": "Feature", "properties": {}, "geometry": {"type": "Polygon", "coordinates": [[[101.601282, 3.069717], [101.601201, 3.069719], [101.601136, 3.069742], [101.60114, 3.069953], [101.601221, 3.069952], [101.601286, 3.069929], [101.601282, 3.069717]]]}}, {"type": "Feature", "properties": {}, "geometry": {"type": "Polygon", "coordinates": [[[101.602679, 3.067766], [101.602614, 3.06779], [101.602614, 3.067858], [101.602831, 3.067859], [101.602896, 3.067836], [101.602896, 3.067767], [101.602679, 3.067766]]]}}, {"type": "Feature", "properties": {}, "geometry": {"type": "Polygon", "coordinates": [[[101.601406, 3.068049], [101.601338, 3.068049], [101.601273, 3.068073], [101.601275, 3.068292], [101.601343, 3.068292], [101.601408, 3.068269], [101.601406, 3.068049]]]}}, {"type": "Feature", "properties": {}, "geometry": {"type": "Polygon", "coordinates": [[[101.602045, 3.066972], [101.601977, 3.066974], [101.601912, 3.066997], [101.601918, 3.067214], [101.601986, 3.067213], [101.60205, 3.067189], [101.602045, 3.066972]]]}}, {"type": "Feature", "properties": {}, "geometry": {"type": "Polygon", "coordinates": [[[101.602995, 3.068492], [101.60293, 3.068516], [101.60293, 3.068584], [101.603148, 3.068586], [101.603212, 3.068563], [101.603213, 3.068495], [101.602995, 3.068492]]]}}, {"type": "Feature", "properties": {}, "geometry": {"type": "Polygon", "coordinates": [[[101.602662, 3.066627], [101.602611, 3.066646], [101.60261, 3.066714], [101.602831, 3.066714], [101.602883, 3.066695], [101.602883, 3.066627], [101.602662, 3.066627]]]}}, {"type": "Feature", "properties": {}, "geometry": {"type": "Polygon", "coordinates": [[[101.60226, 3.067702], [101.602191, 3.067704], [101.602127, 3.067727], [101.602131, 3.067944], [101.602199, 3.067943], [101.602264, 3.067919], [101.60226, 3.067702]]]}}, {"type": "Feature", "properties": {}, "geometry": {"type": "Polygon", "coordinates": [[[101.602167, 3.069549], [101.601953, 3.069549], [101.601889, 3.069572], [101.601889, 3.069641], [101.602103, 3.06964], [101.602168, 3.069617], [101.602167, 3.069549]]]}}, {"type": "Feature", "properties": {}, "geometry": {"type": "Polygon", "coordinates": [[[101.600952, 3.069396], [101.600871, 3.069398], [101.600806, 3.069421], [101.600809, 3.069635], [101.600891, 3.069634], [101.600955, 3.06961], [101.600952, 3.069396]]]}}, {"type": "Feature", "properties": {}, "geometry": {"type": "Polygon", "coordinates": [[[101.602056, 3.067306], [101.601988, 3.067307], [101.601923, 3.067331], [101.601927, 3.067544], [101.601996, 3.067543], [101.60206, 3.06752], [101.602056, 3.067306]]]}}, {"type": "Feature", "properties": {}, "geometry": {"type": "Polygon", "coordinates": [[[101.600187, 3.069408], [101.600106, 3.069409], [101.600041, 3.069433], [101.600044, 3.069651], [101.600125, 3.06965], [101.60019, 3.069627], [101.600187, 3.069408]]]}}, {"type": "Feature", "properties": {}, "geometry": {"type": "Polygon", "coordinates": [[[101.601373, 3.067318], [101.601305, 3.067319], [101.60124, 3.067343], [101.601244, 3.067556], [101.601312, 3.067555], [101.601377, 3.067532], [101.601373, 3.067318]]]}}, {"type": "Feature", "properties": {}, "geometry": {"type": "Polygon", "coordinates": [[[101.602055, 3.067706], [101.601986, 3.067707], [101.601922, 3.067731], [101.601925, 3.067947], [101.601994, 3.067946], [101.602058, 3.067923], [101.602055, 3.067706]]]}}, {"type": "Feature", "properties": {}, "geometry": {"type": "Polygon", "coordinates": [[[101.602993, 3.067705], [101.602941, 3.067724], [101.602941, 3.067791], [101.603156, 3.067792], [101.603208, 3.067773], [101.603208, 3.067705], [101.602993, 3.067705]]]}}, {"type": "Feature", "properties": {}, "geometry": {"type": "Polygon", "coordinates": [[[101.601196, 3.069393], [101.601115, 3.069394], [101.60105, 3.069417], [101.601053, 3.069631], [101.601135, 3.06963], [101.601199, 3.069607], [101.601196, 3.069393]]]}}, {"type": "Feature", "properties": {}, "geometry": {"type": "Polygon", "coordinates": [[[101.600655, 3.068055], [101.600586, 3.068055], [101.600521, 3.068078], [101.600523, 3.068298], [101.600592, 3.068298], [101.600656, 3.068274], [101.600655, 3.068055]]]}}, {"type": "Feature", "properties": {}, "geometry": {"type": "Polygon", "coordinates": [[[101.601445, 3.069715], [101.601364, 3.069716], [101.601299, 3.069739], [101.601303, 3.069951], [101.601384, 3.069949], [101.601449, 3.069926], [101.601445, 3.069715]]]}}, {"type": "Feature", "properties": {}, "geometry": {"type": "Polygon", "coordinates": [[[101.603209, 3.066422], [101.602987, 3.066423], [101.602935, 3.066442], [101.602935, 3.066511], [101.603157, 3.066509], [101.603209, 3.066491], [101.603209, 3.066422]]]}}, {"type": "Feature", "properties": {}, "geometry": {"type": "Polygon", "coordinates": [[[101.602679, 3.067629], [101.602614, 3.067652], [101.602614, 3.067721], [101.602832, 3.067722], [101.602896, 3.067698], [101.602897, 3.06763], [101.602679, 3.067629]]]}}, {"type": "Feature", "properties": {}, "geometry": {"type": "Polygon", "coordinates": [[[101.60234, 3.068033], [101.602272, 3.068034], [101.602207, 3.068057], [101.60221, 3.068274], [101.602279, 3.068273], [101.602343, 3.06825], [101.60234, 3.068033]]]}}, {"type": "Feature", "properties": {}, "geometry": {"type": "Polygon", "coordinates": [[[101.602998, 3.068219], [101.602933, 3.068242], [101.602933, 3.06831], [101.60315, 3.068313], [101.603215, 3.068289], [101.603216, 3.068221], [101.602998, 3.068219]]]}}, {"type": "Feature", "properties": {}, "geometry": {"type": "Polygon", "coordinates": [[[101.602662, 3.066695], [101.60261, 3.066714], [101.60261, 3.066782], [101.602831, 3.066782], [101.602883, 3.066764], [101.602883, 3.066695], [101.602662, 3.066695]]]}}, {"type": "Feature", "properties": {}, "geometry": {"type": "Polygon", "coordinates": [[[101.602191, 3.067704], [101.602123, 3.067705], [101.602058, 3.067728], [101.602062, 3.067945], [101.602131, 3.067944], [101.602195, 3.06792], [101.602191, 3.067704]]]}}, {"type": "Feature", "properties": {}, "geometry": {"type": "Polygon", "coordinates": [[[101.602167, 3.069343], [101.601953, 3.069344], [101.601888, 3.069367], [101.601888, 3.069435], [101.602103, 3.069435], [101.602167, 3.069412], [101.602167, 3.069343]]]}}, {"type": "Feature", "properties": {}, "geometry": {"type": "Polygon", "coordinates": [[[101.601851, 3.06731], [101.601783, 3.067311], [101.601718, 3.067334], [101.601722, 3.067548], [101.601791, 3.067547], [101.601855, 3.067523], [101.601851, 3.06731]]]}}, {"type": "Feature", "properties": {}, "geometry": {"type": "Polygon", "coordinates": [[[101.602993, 3.067434], [101.602942, 3.067452], [101.602941, 3.06752], [101.603156, 3.06752], [101.603208, 3.067502], [101.603208, 3.067434], [101.602993, 3.067434]]]}}, {"type": "Feature", "properties": {}, "geometry": {"type": "Polygon", "coordinates": [[[101.602993, 3.067773], [101.602941, 3.067791], [101.602941, 3.067859], [101.603156, 3.067859], [101.603208, 3.067841], [101.603208, 3.067773], [101.602993, 3.067773]]]}}, {"type": "Feature", "properties": {}, "geometry": {"type": "Polygon", "coordinates": [[[101.600758, 3.069401], [101.600676, 3.069402], [101.600612, 3.069425], [101.600615, 3.069644], [101.600696, 3.069643], [101.600761, 3.06962], [101.600758, 3.069401]]]}}, {"type": "Feature", "properties": {}, "geometry": {"type": "Polygon", "coordinates": [[[101.600355, 3.069735], [101.600273, 3.069737], [101.600209, 3.06976], [101.600213, 3.069973], [101.600295, 3.069971], [101.600359, 3.069948], [101.600355, 3.069735]]]}}, {"type": "Feature", "properties": {}, "geometry": {"type": "Polygon", "coordinates": [[[101.602274, 3.06615], [101.602209, 3.066174], [101.602209, 3.066242], [101.60243, 3.066243], [101.602494, 3.06622], [101.602495, 3.066152], [101.602274, 3.06615]]]}}, {"type": "Feature", "properties": {}, "geometry": {"type": "Polygon", "coordinates": [[[101.602494, 3.069688], [101.602277, 3.069691], [101.602212, 3.069714], [101.602213, 3.069782], [101.60243, 3.06978], [101.602495, 3.069757], [101.602494, 3.069688]]]}}, {"type": "Feature", "properties": {}, "geometry": {"type": "Polygon", "coordinates": [[[101.602681, 3.066943], [101.602616, 3.066966], [101.602616, 3.067035], [101.602834, 3.067035], [101.602898, 3.067012], [101.602899, 3.066944], [101.602681, 3.066943]]]}}, {"type": "Feature", "properties": {}, "geometry": {"type": "Polygon", "coordinates": [[[101.603207, 3.065943], [101.602984, 3.065944], [101.602933, 3.065963], [101.602933, 3.066031], [101.603155, 3.06603], [101.603207, 3.066012], [101.603207, 3.065943]]]}}, {"type": "Feature", "properties": {}, "geometry": {"type": "Polygon", "coordinates": [[[101.600785, 3.067728], [101.600717, 3.067728], [101.600652, 3.067751], [101.600654, 3.067971], [101.600723, 3.06797], [101.600787, 3.067947], [101.600785, 3.067728]]]}}, {"type": "Feature", "properties": {}, "geometry": {"type": "Polygon", "coordinates": [[[101.602413, 3.066963], [101.602318, 3.066965], [101.602254, 3.066989], [101.602259, 3.067206], [101.602353, 3.067204], [101.602418, 3.067181], [101.602413, 3.066963]]]}}, {"type": "Feature", "properties": {}, "geometry": {"type": "Polygon", "coordinates": [[[101.60268, 3.067423], [101.602615, 3.067447], [101.602615, 3.067515], [101.602832, 3.067516], [101.602897, 3.067493], [101.602897, 3.067424], [101.60268, 3.067423]]]}}, {"type": "Feature", "properties": {}, "geometry": {"type": "Polygon", "coordinates": [[[101.601724, 3.068042], [101.601656, 3.068043], [101.601591, 3.068066], [101.601594, 3.068283], [101.601663, 3.068282], [101.601727, 3.068259], [101.601724, 3.068042]]]}}, {"type": "Feature", "properties": {}, "geometry": {"type": "Polygon", "coordinates": [[[101.601841, 3.066977], [101.601773, 3.066978], [101.601708, 3.067002], [101.601713, 3.067219], [101.601781, 3.067218], [101.601846, 3.067194], [101.601841, 3.066977]]]}}, {"type": "Feature", "properties": {}, "geometry": {"type": "Polygon", "coordinates": [[[101.602663, 3.066014], [101.602611, 3.066033], [101.602611, 3.066101], [101.602831, 3.066101], [101.602883, 3.066082], [101.602883, 3.066014], [101.602663, 3.066014]]]}}, {"type": "Feature", "properties": {}, "geometry": {"type": "Polygon", "coordinates": [[[101.60099, 3.067725], [101.600922, 3.067726], [101.600857, 3.067749], [101.600859, 3.067968], [101.600928, 3.067968], [101.600992, 3.067944], [101.60099, 3.067725]]]}}, {"type": "Feature", "properties": {}, "geometry": {"type": "Polygon", "coordinates": [[[101.601636, 3.066982], [101.601568, 3.066983], [101.601503, 3.067006], [101.601508, 3.067224], [101.601577, 3.067222], [101.601641, 3.067199], [101.601636, 3.066982]]]}}, {"type": "Feature", "properties": {}, "geometry": {"type": "Polygon", "coordinates": [[[101.601578, 3.067314], [101.60151, 3.067316], [101.601445, 3.067339], [101.601449, 3.067553], [101.601517, 3.067551], [101.601582, 3.067528], [101.601578, 3.067314]]]}}, {"type": "Feature", "properties": {}, "geometry": {"type": "Polygon", "coordinates": [[[101.602662, 3.066491], [101.602611, 3.06651], [101.602611, 3.066578], [101.602831, 3.066578], [101.602883, 3.066559], [101.602883, 3.066491], [101.602662, 3.066491]]]}}, {"type": "Feature", "properties": {}, "geometry": {"type": "Polygon", "coordinates": [[[101.60086, 3.068053], [101.600791, 3.068054], [101.600727, 3.068077], [101.600728, 3.068297], [101.600797, 3.068296], [101.600861, 3.068273], [101.60086, 3.068053]]]}}, {"type": "Feature", "properties": {}, "geometry": {"type": "Polygon", "coordinates": [[[101.60192, 3.067308], [101.601851, 3.06731], [101.601787, 3.067333], [101.601791, 3.067547], [101.601859, 3.067545], [101.601924, 3.067522], [101.60192, 3.067308]]]}}, {"type": "Feature", "properties": {}, "geometry": {"type": "Polygon", "coordinates": [[[101.602993, 3.067501], [101.602941, 3.06752], [101.602941, 3.067588], [101.603156, 3.067588], [101.603208, 3.06757], [101.603208, 3.067502], [101.602993, 3.067501]]]}}, {"type": "Feature", "properties": {}, "geometry": {"type": "Polygon", "coordinates": [[[101.602164, 3.066284], [101.601942, 3.066286], [101.601877, 3.066309], [101.601877, 3.066378], [101.6021, 3.066376], [101.602165, 3.066353], [101.602164, 3.066284]]]}}, {"type": "Feature", "properties": {}, "geometry": {"type": "Polygon", "coordinates": [[[101.600682, 3.069729], [101.6006, 3.06973], [101.600536, 3.069754], [101.60054, 3.069966], [101.600622, 3.069965], [101.600686, 3.069941], [101.600682, 3.069729]]]}}, {"type": "Feature", "properties": {}, "geometry": {"type": "Polygon", "coordinates": [[[101.601065, 3.068052], [101.600996, 3.068052], [101.600932, 3.068075], [101.600933, 3.068295], [101.601002, 3.068294], [101.601066, 3.068271], [101.601065, 3.068052]]]}}, {"type": "Feature", "properties": {}, "geometry": {"type": "Polygon", "coordinates": [[[101.603205, 3.06567], [101.602983, 3.065671], [101.602931, 3.065689], [101.602932, 3.065826], [101.603154, 3.065825], [101.603206, 3.065806], [101.603205, 3.06567]]]}}, {"type": "Feature", "properties": {}, "geometry": {"type": "Polygon", "coordinates": [[[101.602272, 3.066355], [101.602208, 3.066379], [101.602207, 3.066447], [101.602428, 3.066448], [101.602493, 3.066425], [101.602493, 3.066357], [101.602272, 3.066355]]]}}, {"type": "Feature", "properties": {}, "geometry": {"type": "Polygon", "coordinates": [[[101.603206, 3.065806], [101.602984, 3.065807], [101.602932, 3.065826], [101.602932, 3.065894], [101.603155, 3.065893], [101.603206, 3.065875], [101.603206, 3.065806]]]}}, {"type": "Feature", "properties": {}, "geometry": {"type": "Polygon", "coordinates": [[[101.602495, 3.069757], [101.602277, 3.069759], [101.602213, 3.069782], [101.602214, 3.069851], [101.602431, 3.069848], [101.602496, 3.069825], [101.602495, 3.069757]]]}}, {"type": "Feature", "properties": {}, "geometry": {"type": "Polygon", "coordinates": [[[101.602676, 3.068355], [101.602612, 3.068378], [101.602612, 3.068446], [101.602825, 3.068446], [101.60289, 3.068423], [101.60289, 3.068355], [101.602676, 3.068355]]]}}, {"type": "Feature", "properties": {}, "geometry": {"type": "Polygon", "coordinates": [[[101.600853, 3.067727], [101.600785, 3.067728], [101.60072, 3.067751], [101.600723, 3.06797], [101.600791, 3.067969], [101.600856, 3.067946], [101.600853, 3.067727]]]}}, {"type": "Feature", "properties": {}, "geometry": {"type": "Polygon", "coordinates": [[[101.60193, 3.068039], [101.601861, 3.06804], [101.601797, 3.068063], [101.6018, 3.06828], [101.601868, 3.068279], [101.601933, 3.068256], [101.60193, 3.068039]]]}}, {"type": "Feature", "properties": {}, "geometry": {"type": "Polygon", "coordinates": [[[101.601773, 3.066978], [101.601704, 3.06698], [101.60164, 3.067003], [101.601645, 3.067221], [101.601713, 3.067219], [101.601778, 3.067196], [101.601773, 3.066978]]]}}, {"type": "Feature", "properties": {}, "geometry": {"type": "Polygon", "coordinates": [[[101.602663, 3.06581], [101.602611, 3.065828], [101.602611, 3.065896], [101.602831, 3.065896], [101.602883, 3.065878], [101.602883, 3.06581], [101.602663, 3.06581]]]}}, {"type": "Feature", "properties": {}, "geometry": {"type": "Polygon", "coordinates": [[[101.600513, 3.069404], [101.600432, 3.069405], [101.600367, 3.069429], [101.60037, 3.069647], [101.600452, 3.069646], [101.600516, 3.069623], [101.600513, 3.069404]]]}}, {"type": "Feature", "properties": {}, "geometry": {"type": "Polygon", "coordinates": [[[101.601646, 3.067313], [101.601578, 3.067314], [101.601513, 3.067338], [101.601517, 3.067551], [101.601585, 3.06755], [101.60165, 3.067527], [101.601646, 3.067313]]]}}, {"type": "Feature", "properties": {}, "geometry": {"type": "Polygon", "coordinates": [[[101.600024, 3.069411], [101.599945, 3.069412], [101.59988, 3.069435], [101.599883, 3.069653], [101.599962, 3.069653], [101.600027, 3.069629], [101.600024, 3.069411]]]}}, {"type": "Feature", "properties": {}, "geometry": {"type": "Polygon", "coordinates": [[[101.601781, 3.067711], [101.601713, 3.067712], [101.601648, 3.067735], [101.601652, 3.067952], [101.60172, 3.067951], [101.601785, 3.067928], [101.601781, 3.067711]]]}}, {"type": "Feature", "properties": {}, "geometry": {"type": "Polygon", "coordinates": [[[101.602168, 3.069754], [101.601953, 3.069754], [101.601889, 3.069777], [101.601889, 3.069846], [101.602103, 3.069846], [101.602168, 3.069822], [101.602168, 3.069754]]]}}, {"type": "Feature", "properties": {}, "geometry": {"type": "Polygon", "coordinates": [[[101.600928, 3.068053], [101.60086, 3.068053], [101.600795, 3.068076], [101.600797, 3.068296], [101.600865, 3.068296], [101.60093, 3.068272], [101.600928, 3.068053]]]}}, {"type": "Feature", "properties": {}, "geometry": {"type": "Polygon", "coordinates": [[[101.602993, 3.067298], [101.602942, 3.067317], [101.602942, 3.067385], [101.603156, 3.067385], [101.603208, 3.067366], [101.603208, 3.067298], [101.602993, 3.067298]]]}}, {"type": "Feature", "properties": {}, "geometry": {"type": "Polygon", "coordinates": [[[101.602271, 3.066492], [101.602207, 3.066515], [101.602206, 3.066584], [101.602428, 3.066585], [101.602492, 3.066562], [101.602493, 3.066493], [101.602271, 3.066492]]]}}, {"type": "Feature", "properties": {}, "geometry": {"type": "Polygon", "coordinates": [[[101.602676, 3.068695], [101.602611, 3.068718], [101.602611, 3.068831], [101.602825, 3.068831], [101.60289, 3.068808], [101.60289, 3.068695], [101.602676, 3.068695]]]}}, {"type": "Feature", "properties": {}, "geometry": {"type": "Polygon", "coordinates": [[[101.602161, 3.065806], [101.601938, 3.065807], [101.601874, 3.06583], [101.601874, 3.065899], [101.602097, 3.065897], [101.602161, 3.065874], [101.602161, 3.065806]]]}}, {"type": "Feature", "properties": {}, "geometry": {"type": "Polygon", "coordinates": [[[101.602273, 3.066287], [101.602208, 3.06631], [101.602208, 3.066379], [101.602429, 3.06638], [101.602493, 3.066357], [101.602494, 3.066288], [101.602273, 3.066287]]]}}, {"type": "Feature", "properties": {}, "geometry": {"type": "Polygon", "coordinates": [[[101.602493, 3.069552], [101.602275, 3.069554], [101.60221, 3.069577], [101.602211, 3.069646], [101.602429, 3.069643], [101.602493, 3.06962], [101.602493, 3.069552]]]}}, {"type": "Feature", "properties": {}, "geometry": {"type": "Polygon", "coordinates": [[[101.602066, 3.068037], [101.601998, 3.068038], [101.601933, 3.068061], [101.601936, 3.068278], [101.602005, 3.068277], [101.60207, 3.068254], [101.602066, 3.068037]]]}}, {"type": "Feature", "properties": {}, "geometry": {"type": "Polygon", "coordinates": [[[101.603209, 3.066491], [101.602987, 3.066492], [101.602935, 3.066511], [101.602936, 3.066579], [101.603158, 3.066578], [101.60321, 3.066559], [101.603209, 3.066491]]]}}, {"type": "Feature", "properties": {}, "geometry": {"type": "Polygon", "coordinates": [[[101.602676, 3.068559], [101.602612, 3.068582], [101.602612, 3.06865], [101.602825, 3.06865], [101.60289, 3.068627], [101.60289, 3.068559], [101.602676, 3.068559]]]}}, {"type": "Feature", "properties": {}, "geometry": {"type": "Polygon", "coordinates": [[[101.601201, 3.069719], [101.60112, 3.06972], [101.601055, 3.069743], [101.601059, 3.069955], [101.60114, 3.069953], [101.601205, 3.06993], [101.601201, 3.069719]]]}}, {"type": "Feature", "properties": {}, "geometry": {"type": "Polygon", "coordinates": [[[101.600648, 3.067729], [101.60058, 3.06773], [101.600515, 3.067753], [101.600518, 3.067972], [101.600586, 3.067971], [101.600651, 3.067948], [101.600648, 3.067729]]]}}, {"type": "Feature", "properties": {}, "geometry": {"type": "Polygon", "coordinates": [[[101.601861, 3.06804], [101.601793, 3.068041], [101.601728, 3.068064], [101.601731, 3.068281], [101.6018, 3.06828], [101.601864, 3.068257], [101.601861, 3.06804]]]}}, {"type": "Feature", "properties": {}, "geometry": {"type": "Polygon", "coordinates": [[[101.601977, 3.066974], [101.601909, 3.066975], [101.601844, 3.066998], [101.601849, 3.067216], [101.601918, 3.067214], [101.601982, 3.067191], [101.601977, 3.066974]]]}}, {"type": "Feature", "properties": {}, "geometry": {"type": "Polygon", "coordinates": [[[101.602997, 3.068287], [101.602933, 3.06831], [101.602932, 3.068379], [101.60315, 3.068381], [101.603214, 3.068358], [101.603215, 3.068289], [101.602997, 3.068287]]]}}, {"type": "Feature", "properties": {}, "geometry": {"type": "Polygon", "coordinates": [[[101.602663, 3.065878], [101.602611, 3.065896], [101.602611, 3.065965], [101.602831, 3.065965], [101.602883, 3.065946], [101.602883, 3.065878], [101.602663, 3.065878]]]}}, {"type": "Feature", "properties": {}, "geometry": {"type": "Polygon", "coordinates": [[[101.602168, 3.069617], [101.601953, 3.069617], [101.601889, 3.069641], [101.601889, 3.069709], [101.602103, 3.069709], [101.602168, 3.069686], [101.602168, 3.069617]]]}}, {"type": "Feature", "properties": {}, "geometry": {"type": "Polygon", "coordinates": [[[101.602125, 3.067305], [101.602056, 3.067306], [101.601992, 3.067329], [101.601996, 3.067543], [101.602064, 3.067542], [101.602129, 3.067518], [101.602125, 3.067305]]]}}, {"type": "Feature", "properties": {}, "geometry": {"type": "Polygon", "coordinates": [[[101.601441, 3.067317], [101.601373, 3.067318], [101.601308, 3.067341], [101.601312, 3.067555], [101.601381, 3.067554], [101.601445, 3.06753], [101.601441, 3.067317]]]}}, {"type": "Feature", "properties": {}, "geometry": {"type": "Polygon", "coordinates": [[[101.60216, 3.065669], [101.601937, 3.06567], [101.601873, 3.065694], [101.601873, 3.065762], [101.602096, 3.065761], [101.602161, 3.065737], [101.60216, 3.065669]]]}}, {"type": "Feature", "properties": {}, "geometry": {"type": "Polygon", "coordinates": [[[101.601986, 3.067707], [101.601918, 3.067709], [101.601853, 3.067732], [101.601857, 3.067949], [101.601925, 3.067947], [101.60199, 3.067924], [101.601986, 3.067707]]]}}, {"type": "Feature", "properties": {}, "geometry": {"type": "Polygon", "coordinates": [[[101.60144, 3.069389], [101.601359, 3.06939], [101.601294, 3.069414], [101.601297, 3.069627], [101.601379, 3.069626], [101.601443, 3.069603], [101.60144, 3.069389]]]}}, {"type": "Feature", "properties": {}, "geometry": {"type": "Polygon", "coordinates": [[[101.600723, 3.068054], [101.600655, 3.068055], [101.60059, 3.068078], [101.600592, 3.068298], [101.60066, 3.068297], [101.600725, 3.068274], [101.600723, 3.068054]]]}}, {"type": "Feature", "properties": {}, "geometry": {"type": "Polygon", "coordinates": [[[101.601576, 3.067715], [101.601508, 3.067716], [101.601443, 3.067739], [101.601447, 3.067956], [101.601515, 3.067955], [101.60158, 3.067932], [101.601576, 3.067715]]]}}, {"type": "Feature", "properties": {}, "geometry": {"type": "Polygon", "coordinates": [[[101.601364, 3.069716], [101.601282, 3.069717], [101.601218, 3.069741], [101.601221, 3.069952], [101.601303, 3.069951], [101.601367, 3.069927], [101.601364, 3.069716]]]}}, {"type": "Feature", "properties": {}, "geometry": {"type": "Polygon", "coordinates": [[[101.603208, 3.066217], [101.602986, 3.066218], [101.602934, 3.066237], [101.602934, 3.066305], [101.603156, 3.066304], [101.603208, 3.066285], [101.603208, 3.066217]]]}}, {"type": "Feature", "properties": {}, "geometry": {"type": "Polygon", "coordinates": [[[101.602679, 3.067698], [101.602614, 3.067721], [101.602614, 3.06779], [101.602831, 3.06779], [101.602896, 3.067767], [101.602896, 3.067698], [101.602679, 3.067698]]]}}, {"type": "Feature", "properties": {}, "geometry": {"type": "Polygon", "coordinates": [[[101.602676, 3.068491], [101.602612, 3.068514], [101.602612, 3.068582], [101.602825, 3.068582], [101.60289, 3.068559], [101.60289, 3.068491], [101.602676, 3.068491]]]}}, {"type": "Feature", "properties": {}, "geometry": {"type": "Polygon", "coordinates": [[[101.601708, 3.069385], [101.601603, 3.069387], [101.601538, 3.06941], [101.601541, 3.069624], [101.601647, 3.069622], [101.601711, 3.069599], [101.601708, 3.069385]]]}}, {"type": "Feature", "properties": {}, "geometry": {"type": "Polygon", "coordinates": [[[101.603, 3.068014], [101.602935, 3.068037], [101.602935, 3.068106], [101.603152, 3.068108], [101.603217, 3.068084], [101.603218, 3.068016], [101.603, 3.068014]]]}}, {"type": "Feature", "properties": {}, "geometry": {"type": "Polygon", "coordinates": [[[101.60112, 3.06972], [101.601039, 3.069721], [101.600974, 3.069745], [101.600977, 3.069956], [101.601059, 3.069955], [101.601123, 3.069932], [101.60112, 3.06972]]]}}, {"type": "Feature", "properties": {}, "geometry": {"type": "Polygon", "coordinates": [[[101.601263, 3.067722], [101.601195, 3.067723], [101.60113, 3.067746], [101.601133, 3.067966], [101.601201, 3.067965], [101.601266, 3.067942], [101.601263, 3.067722]]]}}, {"type": "Feature", "properties": {}, "geometry": {"type": "Polygon", "coordinates": [[[101.601363, 3.066988], [101.601295, 3.06699], [101.60123, 3.067013], [101.601236, 3.06723], [101.601304, 3.067229], [101.601368, 3.067206], [101.601363, 3.066988]]]}}, {"type": "Feature", "properties": {}, "geometry": {"type": "Polygon", "coordinates": [[[101.602123, 3.067705], [101.602055, 3.067706], [101.60199, 3.067729], [101.601994, 3.067946], [101.602062, 3.067945], [101.602127, 3.067922], [101.602123, 3.067705]]]}}, {"type": "Feature", "properties": {}, "geometry": {"type": "Polygon", "coordinates": [[[101.602193, 3.067304], [101.602125, 3.067305], [101.60206, 3.067328], [101.602064, 3.067542], [101.602132, 3.06754], [101.602197, 3.067517], [101.602193, 3.067304]]]}}, {"type": "Feature", "properties": {}, "geometry": {"type": "Polygon", "coordinates": [[[101.601918, 3.067709], [101.60185, 3.06771], [101.601785, 3.067733], [101.601789, 3.06795], [101.601857, 3.067949], [101.601922, 3.067925], [101.601918, 3.067709]]]}}, {"type": "Feature", "properties": {}, "geometry": {"type": "Polygon", "coordinates": [[[101.601338, 3.068049], [101.60127, 3.06805], [101.601205, 3.068073], [101.601207, 3.068293], [101.601275, 3.068292], [101.60134, 3.068269], [101.601338, 3.068049]]]}}, {"type": "Feature", "properties": {}, "geometry": {"type": "Polygon", "coordinates": [[[101.602165, 3.066353], [101.601942, 3.066354], [101.601877, 3.066378], [101.601878, 3.066446], [101.602101, 3.066444], [101.602165, 3.066421], [101.602165, 3.066353]]]}}, {"type": "Feature", "properties": {}, "geometry": {"type": "Polygon", "coordinates": [[[101.600273, 3.069737], [101.600192, 3.069739], [101.600127, 3.069762], [101.600131, 3.069974], [101.600213, 3.069973], [101.600278, 3.06995], [101.600273, 3.069737]]]}}, {"type": "Feature", "properties": {}, "geometry": {"type": "Polygon", "coordinates": [[[101.602274, 3.066082], [101.602209, 3.066105], [101.602209, 3.066174], [101.60243, 3.066175], [101.602495, 3.066152], [101.602495, 3.066084], [101.602274, 3.066082]]]}}, {"type": "Feature", "properties": {}, "geometry": {"type": "Polygon", "coordinates": [[[101.602681, 3.067012], [101.602616, 3.067035], [101.602616, 3.067103], [101.602834, 3.067104], [101.602898, 3.067081], [101.602898, 3.067012], [101.602681, 3.067012]]]}}, {"type": "Feature", "properties": {}, "geometry": {"type": "Polygon", "coordinates": [[[101.602167, 3.066626], [101.601944, 3.066628], [101.601879, 3.066651], [101.60188, 3.066755], [101.602103, 3.066753], [101.602167, 3.06673], [101.602167, 3.066626]]]}}, {"type": "Feature", "properties": {}, "geometry": {"type": "Polygon", "coordinates": [[[101.602275, 3.065877], [101.602211, 3.0659], [101.60221, 3.065969], [101.602432, 3.06597], [101.602496, 3.065947], [101.602497, 3.065879], [101.602275, 3.065877]]]}}, {"type": "Feature", "properties": {}, "geometry": {"type": "Polygon", "coordinates": [[[101.602425, 3.067699], [101.602328, 3.067701], [101.602263, 3.067724], [101.602267, 3.067941], [101.602364, 3.06794], [101.602428, 3.067916], [101.602425, 3.067699]]]}}, {"type": "Feature", "properties": {}, "geometry": {"type": "Polygon", "coordinates": [[[101.603207, 3.066012], [101.602985, 3.066013], [101.602933, 3.066031], [101.602933, 3.0661], [101.603155, 3.066099], [101.603207, 3.06608], [101.603207, 3.066012]]]}}, {"type": "Feature", "properties": {}, "geometry": {"type": "Polygon", "coordinates": [[[101.60268, 3.067217], [101.602616, 3.067241], [101.602615, 3.067309], [101.602833, 3.06731], [101.602898, 3.067287], [101.602898, 3.067218], [101.60268, 3.067217]]]}}, {"type": "Feature", "properties": {}, "geometry": {"type": "Polygon", "coordinates": [[[101.601656, 3.068043], [101.601588, 3.068043], [101.601523, 3.068067], [101.601526, 3.068284], [101.601594, 3.068283], [101.601659, 3.06826], [101.601656, 3.068043]]]}}, {"type": "Feature", "properties": {}, "geometry": {"type": "Polygon", "coordinates": [[[101.602663, 3.066082], [101.602611, 3.066101], [101.602611, 3.066169], [101.602831, 3.066169], [101.602883, 3.06615], [101.602883, 3.066082], [101.602663, 3.066082]]]}}, {"type": "Feature", "properties": {}, "geometry": {"type": "Polygon", "coordinates": [[[101.601058, 3.067725], [101.60099, 3.067725], [101.600925, 3.067749], [101.600928, 3.067968], [101.600996, 3.067967], [101.601061, 3.067944], [101.601058, 3.067725]]]}}, {"type": "Feature", "properties": {}, "geometry": {"type": "Polygon", "coordinates": [[[101.601568, 3.066983], [101.6015, 3.066985], [101.601435, 3.067008], [101.60144, 3.067226], [101.601508, 3.067224], [101.601573, 3.067201], [101.601568, 3.066983]]]}}, {"type": "Feature", "properties": {}, "geometry": {"type": "Polygon", "coordinates": [[[101.602663, 3.066287], [101.602611, 3.066305], [101.602611, 3.066373], [101.602831, 3.066373], [101.602883, 3.066355], [101.602883, 3.066287], [101.602663, 3.066287]]]}}, {"type": "Feature", "properties": {}, "geometry": {"type": "Polygon", "coordinates": [[[101.600595, 3.069403], [101.600513, 3.069404], [101.600449, 3.069428], [101.600452, 3.069646], [101.600533, 3.069645], [101.600598, 3.069622], [101.600595, 3.069403]]]}}, {"type": "Feature", "properties": {}, "geometry": {"type": "Polygon", "coordinates": [[[101.601988, 3.067307], [101.60192, 3.067308], [101.601855, 3.067332], [101.601859, 3.067545], [101.601927, 3.067544], [101.601992, 3.067521], [101.601988, 3.067307]]]}}, {"type": "Feature", "properties": {}, "geometry": {"type": "Polygon", "coordinates": [[[101.602993, 3.067569], [101.602941, 3.067588], [101.602941, 3.067656], [101.603156, 3.067656], [101.603208, 3.067637], [101.603208, 3.06757], [101.602993, 3.067569]]]}}, {"type": "Feature", "properties": {}, "geometry": {"type": "Polygon", "coordinates": [[[101.602163, 3.066079], [101.60194, 3.066081], [101.601876, 3.066104], [101.601876, 3.066172], [101.602099, 3.066171], [101.602163, 3.066148], [101.602163, 3.066079]]]}}, {"type": "Feature", "properties": {}, "geometry": {"type": "Polygon", "coordinates": [[[101.6006, 3.06973], [101.600518, 3.069732], [101.600454, 3.069755], [101.600458, 3.069968], [101.60054, 3.069966], [101.600605, 3.069943], [101.6006, 3.06973]]]}}, {"type": "Feature", "properties": {}, "geometry": {"type": "Polygon", "coordinates": [[[101.601603, 3.069387], [101.601521, 3.069388], [101.601457, 3.069411], [101.60146, 3.069625], [101.601541, 3.069624], [101.601606, 3.069601], [101.601603, 3.069387]]]}}, {"type": "Feature", "properties": {}, "geometry": {"type": "Polygon", "coordinates": [[[101.601133, 3.068051], [101.601065, 3.068052], [101.601, 3.068075], [101.601002, 3.068294], [101.60107, 3.068294], [101.601135, 3.068271], [101.601133, 3.068051]]]}}, {"type": "Feature", "properties": {}, "geometry": {"type": "Polygon", "coordinates": [[[101.602277, 3.065672], [101.602212, 3.065695], [101.602212, 3.065764], [101.602433, 3.065765], [101.602498, 3.065742], [101.602498, 3.065674], [101.602277, 3.065672]]]}}, {"type": "Feature", "properties": {}, "geometry": {"type": "Polygon", "coordinates": [[[101.60321, 3.066765], [101.602988, 3.066766], [101.602937, 3.066784], [101.602937, 3.066853], [101.603159, 3.066852], [101.603211, 3.066833], [101.60321, 3.066765]]]}}, {"type": "Feature", "properties": {}, "geometry": {"type": "Polygon", "coordinates": [[[101.600192, 3.069739], [101.60011, 3.06974], [101.600045, 3.069764], [101.60005, 3.069976], [101.600131, 3.069974], [101.600196, 3.069951], [101.600192, 3.069739]]]}}, {"type": "Feature", "properties": {}, "geometry": {"type": "Polygon", "coordinates": [[[101.602275, 3.066014], [101.60221, 3.066037], [101.602209, 3.066105], [101.602431, 3.066107], [101.602495, 3.066084], [101.602496, 3.066015], [101.602275, 3.066014]]]}}, {"type": "Feature", "properties": {}, "geometry": {"type": "Polygon", "coordinates": [[[101.603206, 3.065875], [101.602984, 3.065876], [101.602932, 3.065894], [101.602933, 3.065963], [101.603155, 3.065962], [101.603207, 3.065943], [101.603206, 3.065875]]]}}, {"type": "Feature", "properties": {}, "geometry": {"type": "Polygon", "coordinates": [[[101.602681, 3.06708], [101.602616, 3.067103], [101.602616, 3.067172], [101.602833, 3.067173], [101.602898, 3.06715], [101.602898, 3.067081], [101.602681, 3.06708]]]}}, {"type": "Feature", "properties": {}, "geometry": {"type": "Polygon", "coordinates": [[[101.602676, 3.068287], [101.602612, 3.06831], [101.602612, 3.068378], [101.602825, 3.068378], [101.60289, 3.068355], [101.60289, 3.068287], [101.602676, 3.068287]]]}}, {"type": "Feature", "properties": {}, "geometry": {"type": "Polygon", "coordinates": [[[101.603207, 3.06608], [101.602985, 3.066081], [101.602933, 3.0661], [101.602934, 3.066168], [101.603156, 3.066167], [101.603208, 3.066148], [101.603207, 3.06608]]]}}, {"type": "Feature", "properties": {}, "geometry": {"type": "Polygon", "coordinates": [[[101.600922, 3.067726], [101.600853, 3.067727], [101.600789, 3.06775], [101.600791, 3.067969], [101.600859, 3.067968], [101.600924, 3.067945], [101.600922, 3.067726]]]}}, {"type": "Feature", "properties": {}, "geometry": {"type": "Polygon", "coordinates": [[[101.601704, 3.06698], [101.601636, 3.066982], [101.601572, 3.067005], [101.601577, 3.067222], [101.601645, 3.067221], [101.601709, 3.067198], [101.601704, 3.06698]]]}}, {"type": "Feature", "properties": {}, "geometry": {"type": "Polygon", "coordinates": [[[101.602994, 3.068561], [101.60293, 3.068584], [101.602929, 3.068652], [101.603147, 3.068655], [101.603212, 3.068631], [101.603212, 3.068563], [101.602994, 3.068561]]]}}, {"type": "Feature", "properties": {}, "geometry": {"type": "Polygon", "coordinates": [[[101.602663, 3.06615], [101.602611, 3.066169], [101.602611, 3.066237], [101.602831, 3.066237], [101.602883, 3.066219], [101.602883, 3.06615], [101.602663, 3.06615]]]}}, {"type": "Feature", "properties": {}, "geometry": {"type": "Polygon", "coordinates": [[[101.602676, 3.068083], [101.602612, 3.068106], [101.602612, 3.068174], [101.602825, 3.068174], [101.60289, 3.068151], [101.60289, 3.068083], [101.602676, 3.068083]]]}}, {"type": "Feature", "properties": {}, "geometry": {"type": "Polygon", "coordinates": [[[101.601127, 3.067724], [101.601058, 3.067725], [101.600994, 3.067748], [101.600996, 3.067967], [101.601064, 3.067966], [101.601129, 3.067943], [101.601127, 3.067724]]]}}, {"type": "Feature", "properties": {}, "geometry": {"type": "Polygon", "coordinates": [[[101.600269, 3.069407], [101.600187, 3.069408], [101.600122, 3.069432], [101.600125, 3.06965], [101.600207, 3.069649], [101.600271, 3.069626], [101.600269, 3.069407]]]}}, {"type": "Feature", "properties": {}, "geometry": {"type": "Polygon", "coordinates": [[[101.6015, 3.066985], [101.601431, 3.066986], [101.601367, 3.06701], [101.601372, 3.067227], [101.60144, 3.067226], [101.601505, 3.067202], [101.6015, 3.066985]]]}}, {"type": "Feature", "properties": {}, "geometry": {"type": "Polygon", "coordinates": [[[101.601715, 3.067312], [101.601646, 3.067313], [101.601582, 3.067337], [101.601585, 3.06755], [101.601654, 3.067549], [101.601719, 3.067526], [101.601715, 3.067312]]]}}, {"type": "Feature", "properties": {}, "geometry": {"type": "Polygon", "coordinates": [[[101.601713, 3.067712], [101.601644, 3.067713], [101.60158, 3.067737], [101.601584, 3.067953], [101.601652, 3.067952], [101.601717, 3.067929], [101.601713, 3.067712]]]}}, {"type": "Feature", "properties": {}, "geometry": {"type": "Polygon", "coordinates": [[[101.600996, 3.068052], [101.600928, 3.068053], [101.600863, 3.068076], [101.600865, 3.068296], [101.600933, 3.068295], [101.600998, 3.068272], [101.600996, 3.068052]]]}}, {"type": "Feature", "properties": {}, "geometry": {"type": "Polygon", "coordinates": [[[101.60227, 3.066726], [101.602205, 3.066749], [101.602203, 3.066808], [101.602385, 3.06681], [101.60245, 3.066786], [101.602492, 3.066747], [101.602491, 3.066728], [101.60227, 3.066726]]]}}, {"type": "Feature", "properties": {}, "geometry": {"type": "Polygon", "coordinates": [[[101.602994, 3.067095], [101.602942, 3.067113], [101.602942, 3.067181], [101.603156, 3.067181], [101.603208, 3.067163], [101.603208, 3.067095], [101.602994, 3.067095]]]}}, {"type": "Feature", "properties": {}, "geometry": {"type": "Polygon", "coordinates": [[[101.602161, 3.065874], [101.601939, 3.065876], [101.601874, 3.065899], [101.601875, 3.065967], [101.602097, 3.065966], [101.602162, 3.065942], [101.602161, 3.065874]]]}}, {"type": "Feature", "properties": {}, "geometry": {"type": "Polygon", "coordinates": [[[101.600518, 3.069732], [101.600437, 3.069734], [101.600372, 3.069757], [101.600376, 3.06997], [101.600458, 3.069968], [101.600523, 3.069945], [101.600518, 3.069732]]]}}, {"type": "Feature", "properties": {}, "geometry": {"type": "Polygon", "coordinates": [[[101.601201, 3.06805], [101.601133, 3.068051], [101.601068, 3.068074], [101.60107, 3.068294], [101.601138, 3.068293], [101.601203, 3.06827], [101.601201, 3.06805]]]}}, {"type": "Feature", "properties": {}, "geometry": {"type": "Polygon", "coordinates": [[[101.602273, 3.066219], [101.602209, 3.066242], [101.602208, 3.06631], [101.602429, 3.066312], [101.602494, 3.066288], [101.602494, 3.06622], [101.602273, 3.066219]]]}}, {"type": "Feature", "properties": {}, "geometry": {"type": "Polygon", "coordinates": [[[101.60249, 3.069347], [101.602273, 3.069349], [101.602208, 3.069373], [101.602209, 3.069441], [101.602426, 3.069439], [101.602491, 3.069415], [101.60249, 3.069347]]]}}, {"type": "Feature", "properties": {}, "geometry": {"type": "Polygon", "coordinates": [[[101.602272, 3.068034], [101.602203, 3.068035], [101.602139, 3.068058], [101.602142, 3.068275], [101.60221, 3.068274], [101.602275, 3.068251], [101.602272, 3.068034]]]}}, {"type": "Feature", "properties": {}, "geometry": {"type": "Polygon", "coordinates": [[[101.60321, 3.066559], [101.602987, 3.06656], [101.602936, 3.066579], [101.602936, 3.066648], [101.603158, 3.066646], [101.60321, 3.066628], [101.60321, 3.066559]]]}}, {"type": "Feature", "properties": {}, "geometry": {"type": "Polygon", "coordinates": [[[101.602676, 3.068219], [101.602612, 3.068242], [101.602612, 3.06831], [101.602825, 3.06831], [101.60289, 3.068287], [101.60289, 3.068219], [101.602676, 3.068219]]]}}, {"type": "Feature", "properties": {}, "geometry": {"type": "Polygon", "coordinates": [[[101.601793, 3.068041], [101.601724, 3.068042], [101.60166, 3.068065], [101.601663, 3.068282], [101.601731, 3.068281], [101.601796, 3.068258], [101.601793, 3.068041]]]}}, {"type": "Feature", "properties": {}, "geometry": {"type": "Polygon", "coordinates": [[[101.602182, 3.066969], [101.602114, 3.06697], [101.602049, 3.066994], [101.602054, 3.067211], [101.602122, 3.06721], [101.602187, 3.067186], [101.602182, 3.066969]]]}}, {"type": "Feature", "properties": {}, "geometry": {"type": "Polygon", "coordinates": [[[101.602997, 3.068356], [101.602932, 3.068379], [101.602931, 3.068447], [101.603149, 3.068449], [101.603214, 3.068426], [101.603214, 3.068358], [101.602997, 3.068356]]]}}, {"type": "Feature", "properties": {}, "geometry": {"type": "Polygon", "coordinates": [[[101.602663, 3.065946], [101.602611, 3.065965], [101.602611, 3.066033], [101.602831, 3.066033], [101.602883, 3.066014], [101.602883, 3.065946], [101.602663, 3.065946]]]}}, {"type": "Feature", "properties": {}, "geometry": {"type": "Polygon", "coordinates": [[[101.602167, 3.069412], [101.601953, 3.069412], [101.601888, 3.069435], [101.601888, 3.069504], [101.602103, 3.069503], [101.602167, 3.06948], [101.602167, 3.069412]]]}}, {"type": "Feature", "properties": {}, "geometry": {"type": "Polygon", "coordinates": [[[101.602994, 3.066959], [101.602942, 3.066978], [101.602942, 3.067045], [101.603157, 3.067046], [101.603208, 3.067027], [101.603208, 3.066959], [101.602994, 3.066959]]]}}, {"type": "Feature", "properties": {}, "geometry": {"type": "Polygon", "coordinates": [[[101.601236, 3.06732], [101.601168, 3.067322], [101.601103, 3.067345], [101.601107, 3.067559], [101.601175, 3.067557], [101.60124, 3.067534], [101.601236, 3.06732]]]}}, {"type": "Feature", "properties": {}, "geometry": {"type": "Polygon", "coordinates": [[[101.602994, 3.068629], [101.602929, 3.068652], [101.602929, 3.068721], [101.603146, 3.068723], [101.603211, 3.0687], [101.603212, 3.068631], [101.602994, 3.068629]]]}}, {"type": "Feature", "properties": {}, "geometry": {"type": "Polygon", "coordinates": [[[101.602161, 3.065737], [101.601938, 3.065739], [101.601873, 3.065762], [101.601874, 3.06583], [101.602096, 3.065829], [101.602161, 3.065806], [101.602161, 3.065737]]]}}, {"type": "Feature", "properties": {}, "geometry": {"type": "Polygon", "coordinates": [[[101.601644, 3.067713], [101.601576, 3.067715], [101.601511, 3.067738], [101.601515, 3.067955], [101.601584, 3.067953], [101.601648, 3.06793], [101.601644, 3.067713]]]}}, {"type": "Feature", "properties": {}, "geometry": {"type": "Polygon", "coordinates": [[[101.601359, 3.06939], [101.601277, 3.069392], [101.601213, 3.069415], [101.601216, 3.069629], [101.601297, 3.069627], [101.601362, 3.069604], [101.601359, 3.06939]]]}}, {"type": "Feature", "properties": {}, "geometry": {"type": "Polygon", "coordinates": [[[101.611161, 3.070347], [101.611101, 3.070348], [101.611066, 3.07036], [101.611068, 3.070509], [101.611128, 3.070509], [101.611163, 3.070496], [101.611161, 3.070347]]]}}, {"type": "Feature", "properties": {}, "geometry": {"type": "Polygon", "coordinates": [[[101.611222, 3.070347], [101.611161, 3.070347], [101.611127, 3.07036], [101.611128, 3.070509], [101.611188, 3.070508], [101.611223, 3.070496], [101.611222, 3.070347]]]}}, {"type": "Feature", "properties": {}, "geometry": {"type": "Polygon", "coordinates": [[[101.611282, 3.070346], [101.611222, 3.070347], [101.611187, 3.070359], [101.611188, 3.070508], [101.611249, 3.070508], [101.611283, 3.070495], [101.611282, 3.070346]]]}}, {"type": "Feature", "properties": {}, "geometry": {"type": "Polygon", "coordinates": [[[101.611342, 3.070346], [101.611282, 3.070346], [101.611248, 3.070359], [101.611249, 3.070508], [101.611309, 3.070507], [101.611344, 3.070495], [101.611342, 3.070346]]]}}, {"type": "Feature", "properties": {}, "geometry": {"type": "Polygon", "coordinates": [[[101.611403, 3.070345], [101.611342, 3.070346], [101.611308, 3.070358], [101.611309, 3.070507], [101.61137, 3.070507], [101.611404, 3.070494], [101.611403, 3.070345]]]}}, {"type": "Feature", "properties": {}, "geometry": {"type": "Polygon", "coordinates": [[[101.611463, 3.070345], [101.611403, 3.070345], [101.611368, 3.070358], [101.61137, 3.070507], [101.61143, 3.070506], [101.611465, 3.070494], [101.611463, 3.070345]]]}}, {"type": "Feature", "properties": {}, "geometry": {"type": "Polygon", "coordinates": [[[101.611524, 3.070344], [101.611463, 3.070345], [101.611429, 3.070357], [101.61143, 3.070506], [101.611491, 3.070505], [101.611525, 3.070493], [101.611524, 3.070344]]]}}, {"type": "Feature", "properties": {}, "geometry": {"type": "Polygon", "coordinates": [[[101.611584, 3.070344], [101.611524, 3.070344], [101.611489, 3.070356], [101.611491, 3.070505], [101.611551, 3.070505], [101.611586, 3.070492], [101.611584, 3.070344]]]}}, {"type": "Feature", "properties": {}, "geometry": {"type": "Polygon", "coordinates": [[[101.611645, 3.070343], [101.611584, 3.070344], [101.61155, 3.070356], [101.611551, 3.070505], [101.611612, 3.070504], [101.611646, 3.070492], [101.611645, 3.070343]]]}}, {"type": "Feature", "properties": {}, "geometry": {"type": "Polygon", "coordinates": [[[101.611705, 3.070342], [101.611645, 3.070343], [101.61161, 3.070355], [101.611612, 3.070504], [101.611672, 3.070504], [101.611706, 3.070491], [101.611705, 3.070342]]]}}, {"type": "Feature", "properties": {}, "geometry": {"type": "Polygon", "coordinates": [[[101.611766, 3.070342], [101.611705, 3.070342], [101.611671, 3.070355], [101.611672, 3.070504], [101.611732, 3.070503], [101.611767, 3.070491], [101.611766, 3.070342]]]}}, {"type": "Feature", "properties": {}, "geometry": {"type": "Polygon", "coordinates": [[[101.611946, 3.070343], [101.611885, 3.070344], [101.611851, 3.070356], [101.611852, 3.070495], [101.611913, 3.070495], [101.611947, 3.070482], [101.611946, 3.070343]]]}}, {"type": "Feature", "properties": {}, "geometry": {"type": "Polygon", "coordinates": [[[101.612006, 3.070343], [101.611946, 3.070343], [101.611911, 3.070355], [101.611913, 3.070495], [101.611973, 3.070494], [101.612008, 3.070482], [101.612006, 3.070343]]]}}, {"type": "Feature", "properties": {}, "geometry": {"type": "Polygon", "coordinates": [[[101.612067, 3.070342], [101.612006, 3.070343], [101.611972, 3.070355], [101.611973, 3.070494], [101.612034, 3.070494], [101.612068, 3.070481], [101.612067, 3.070342]]]}}, {"type": "Feature", "properties": {}, "geometry": {"type": "Polygon", "coordinates": [[[101.612128, 3.070341], [101.612067, 3.070342], [101.612033, 3.070354], [101.612034, 3.070494], [101.612095, 3.070493], [101.612129, 3.070481], [101.612128, 3.070341]]]}}, {"type": "Feature", "properties": {}, "geometry": {"type": "Polygon", "coordinates": [[[101.612188, 3.070341], [101.612128, 3.070341], [101.612093, 3.070354], [101.612095, 3.070493], [101.612155, 3.070492], [101.61219, 3.07048], [101.612188, 3.070341]]]}}, {"type": "Feature", "properties": {}, "geometry": {"type": "Polygon", "coordinates": [[[101.612249, 3.07034], [101.612188, 3.070341], [101.612154, 3.070353], [101.612155, 3.070492], [101.612216, 3.070492], [101.61225, 3.07048], [101.612249, 3.07034]]]}}, {"type": "Feature", "properties": {}, "geometry": {"type": "Polygon", "coordinates": [[[101.61231, 3.07034], [101.612249, 3.07034], [101.612215, 3.070353], [101.612216, 3.070492], [101.612276, 3.070491], [101.612311, 3.070479], [101.61231, 3.07034]]]}}, {"type": "Feature", "properties": {}, "geometry": {"type": "Polygon", "coordinates": [[[101.61237, 3.070339], [101.61231, 3.07034], [101.612275, 3.070352], [101.612276, 3.070491], [101.612337, 3.070491], [101.612372, 3.070478], [101.61237, 3.070339]]]}}, {"type": "Feature", "properties": {}, "geometry": {"type": "Polygon", "coordinates": [[[101.612431, 3.070339], [101.61237, 3.070339], [101.612336, 3.070352], [101.612337, 3.070491], [101.612398, 3.07049], [101.612432, 3.070478], [101.612431, 3.070339]]]}}, {"type": "Feature", "properties": {}, "geometry": {"type": "Polygon", "coordinates": [[[101.612492, 3.070338], [101.612431, 3.070339], [101.612397, 3.070351], [101.612398, 3.07049], [101.612459, 3.07049], [101.612493, 3.070477], [101.612492, 3.070338]]]}}, {"type": "Feature", "properties": {}, "geometry": {"type": "Polygon", "coordinates": [[[101.612552, 3.070337], [101.612492, 3.070338], [101.612457, 3.07035], [101.612459, 3.07049], [101.612519, 3.070489], [101.612554, 3.070477], [101.612552, 3.070337]]]}}, {"type": "Feature", "properties": {}, "geometry": {"type": "Polygon", "coordinates": [[[101.612613, 3.070337], [101.612552, 3.070337], [101.612518, 3.07035], [101.612519, 3.070489], [101.61258, 3.070489], [101.612614, 3.070476], [101.612613, 3.070337]]]}}, {"type": "Feature", "properties": {}, "geometry": {"type": "Polygon", "coordinates": [[[101.612845, 3.07034], [101.612784, 3.07034], [101.612749, 3.070353], [101.612751, 3.070493], [101.612812, 3.070492], [101.612846, 3.07048], [101.612845, 3.07034]]]}}, {"type": "Feature", "properties": {}, "geometry": {"type": "Polygon", "coordinates": [[[101.612906, 3.070339], [101.612845, 3.07034], [101.61281, 3.070352], [101.612812, 3.070492], [101.612872, 3.070492], [101.612907, 3.070479], [101.612906, 3.070339]]]}}, {"type": "Feature", "properties": {}, "geometry": {"type": "Polygon", "coordinates": [[[101.612966, 3.070339], [101.612906, 3.070339], [101.612871, 3.070352], [101.612872, 3.070492], [101.612933, 3.070491], [101.612968, 3.070479], [101.612966, 3.070339]]]}}, {"type": "Feature", "properties": {}, "geometry": {"type": "Polygon", "coordinates": [[[101.613027, 3.070338], [101.612966, 3.070339], [101.612932, 3.070351], [101.612933, 3.070491], [101.612994, 3.070491], [101.613029, 3.070478], [101.613027, 3.070338]]]}}, {"type": "Feature", "properties": {}, "geometry": {"type": "Polygon", "coordinates": [[[101.613088, 3.070337], [101.613027, 3.070338], [101.612993, 3.07035], [101.612994, 3.070491], [101.613055, 3.07049], [101.61309, 3.070478], [101.613088, 3.070337]]]}}, {"type": "Feature", "properties": {}, "geometry": {"type": "Polygon", "coordinates": [[[101.613149, 3.070337], [101.613088, 3.070337], [101.613054, 3.07035], [101.613055, 3.07049], [101.613116, 3.07049], [101.61315, 3.070477], [101.613149, 3.070337]]]}}, {"type": "Feature", "properties": {}, "geometry": {"type": "Polygon", "coordinates": [[[101.61321, 3.070336], [101.613149, 3.070337], [101.613115, 3.070349], [101.613116, 3.07049], [101.613177, 3.070489], [101.613211, 3.070477], [101.61321, 3.070336]]]}}, {"type": "Feature", "properties": {}, "geometry": {"type": "Polygon", "coordinates": [[[101.613271, 3.070336], [101.61321, 3.070336], [101.613176, 3.070349], [101.613177, 3.070489], [101.613238, 3.070489], [101.613272, 3.070476], [101.613271, 3.070336]]]}}, {"type": "Feature", "properties": {}, "geometry": {"type": "Polygon", "coordinates": [[[101.613332, 3.070335], [101.613271, 3.070336], [101.613236, 3.070348], [101.613238, 3.070489], [101.613299, 3.070488], [101.613333, 3.070475], [101.613332, 3.070335]]]}}, {"type": "Feature", "properties": {}, "geometry": {"type": "Polygon", "coordinates": [[[101.613393, 3.070335], [101.613332, 3.070335], [101.613297, 3.070348], [101.613299, 3.070488], [101.61336, 3.070487], [101.613394, 3.070475], [101.613393, 3.070335]]]}}, {"type": "Feature", "properties": {}, "geometry": {"type": "Polygon", "coordinates": [[[101.613454, 3.070334], [101.613393, 3.070335], [101.613358, 3.070347], [101.61336, 3.070487], [101.613421, 3.070487], [101.613455, 3.070474], [101.613454, 3.070334]]]}}, {"type": "Feature", "properties": {}, "geometry": {"type": "Polygon", "coordinates": [[[101.613514, 3.069951], [101.613453, 3.069952], [101.613419, 3.069964], [101.61342, 3.070121], [101.613481, 3.07012], [101.613516, 3.070108], [101.613514, 3.069951]]]}}, {"type": "Feature", "properties": {}, "geometry": {"type": "Polygon", "coordinates": [[[101.613453, 3.069952], [101.613392, 3.069952], [101.613357, 3.069965], [101.613359, 3.070121], [101.61342, 3.070121], [101.613455, 3.070109], [101.613453, 3.069952]]]}}, {"type": "Feature", "properties": {}, "geometry": {"type": "Polygon", "coordinates": [[[101.613392, 3.069952], [101.613331, 3.069953], [101.613296, 3.069965], [101.613298, 3.070122], [101.613359, 3.070121], [101.613393, 3.070109], [101.613392, 3.069952]]]}}, {"type": "Feature", "properties": {}, "geometry": {"type": "Polygon", "coordinates": [[[101.613331, 3.069953], [101.613269, 3.069953], [101.613235, 3.069966], [101.613236, 3.070123], [101.613298, 3.070122], [101.613332, 3.07011], [101.613331, 3.069953]]]}}, {"type": "Feature", "properties": {}, "geometry": {"type": "Polygon", "coordinates": [[[101.613269, 3.069953], [101.613208, 3.069954], [101.613174, 3.069967], [101.613175, 3.070123], [101.613236, 3.070123], [101.613271, 3.07011], [101.613269, 3.069953]]]}}, {"type": "Feature", "properties": {}, "geometry": {"type": "Polygon", "coordinates": [[[101.613208, 3.069954], [101.613147, 3.069955], [101.613112, 3.069967], [101.613114, 3.070124], [101.613175, 3.070123], [101.61321, 3.070111], [101.613208, 3.069954]]]}}, {"type": "Feature", "properties": {}, "geometry": {"type": "Polygon", "coordinates": [[[101.613147, 3.069955], [101.613086, 3.069955], [101.613051, 3.069968], [101.613052, 3.070124], [101.613114, 3.070124], [101.613148, 3.070111], [101.613147, 3.069955]]]}}, {"type": "Feature", "properties": {}, "geometry": {"type": "Polygon", "coordinates": [[[101.613086, 3.069955], [101.613024, 3.069956], [101.61299, 3.069968], [101.612991, 3.070125], [101.613052, 3.070124], [101.613087, 3.070112], [101.613086, 3.069955]]]}}, {"type": "Feature", "properties": {}, "geometry": {"type": "Polygon", "coordinates": [[[101.613024, 3.069956], [101.612963, 3.069956], [101.612928, 3.069969], [101.61293, 3.070125], [101.612991, 3.070125], [101.613026, 3.070112], [101.613024, 3.069956]]]}}, {"type": "Feature", "properties": {}, "geometry": {"type": "Polygon", "coordinates": [[[101.612963, 3.069956], [101.612902, 3.069957], [101.612867, 3.069969], [101.612869, 3.070126], [101.61293, 3.070125], [101.612964, 3.070113], [101.612963, 3.069956]]]}}, {"type": "Feature", "properties": {}, "geometry": {"type": "Polygon", "coordinates": [[[101.612902, 3.069957], [101.61284, 3.069957], [101.612806, 3.06997], [101.612807, 3.070127], [101.612869, 3.070126], [101.612903, 3.070114], [101.612902, 3.069957]]]}}, {"type": "Feature", "properties": {}, "geometry": {"type": "Polygon", "coordinates": [[[101.61284, 3.069957], [101.612779, 3.069958], [101.612745, 3.06997], [101.612746, 3.070127], [101.612807, 3.070127], [101.612842, 3.070114], [101.61284, 3.069957]]]}}, {"type": "Feature", "properties": {}, "geometry": {"type": "Polygon", "coordinates": [[[101.613514, 3.069779], [101.613453, 3.069779], [101.613419, 3.069792], [101.61342, 3.06993], [101.613481, 3.069929], [101.613516, 3.069917], [101.613514, 3.069779]]]}}, {"type": "Feature", "properties": {}, "geometry": {"type": "Polygon", "coordinates": [[[101.613453, 3.069779], [101.613392, 3.06978], [101.613358, 3.069792], [101.613359, 3.06993], [101.61342, 3.06993], [101.613455, 3.069917], [101.613453, 3.069779]]]}}, {"type": "Feature", "properties": {}, "geometry": {"type": "Polygon", "coordinates": [[[101.613392, 3.06978], [101.613331, 3.06978], [101.613297, 3.069793], [101.613298, 3.069931], [101.613359, 3.06993], [101.613393, 3.069918], [101.613392, 3.06978]]]}}, {"type": "Feature", "properties": {}, "geometry": {"type": "Polygon", "coordinates": [[[101.613331, 3.06978], [101.61327, 3.069781], [101.613235, 3.069793], [101.613237, 3.069931], [101.613298, 3.069931], [101.613332, 3.069918], [101.613331, 3.06978]]]}}, {"type": "Feature", "properties": {}, "geometry": {"type": "Polygon", "coordinates": [[[101.61327, 3.069781], [101.613209, 3.069781], [101.613174, 3.069794], [101.613175, 3.069932], [101.613237, 3.069931], [101.613271, 3.069919], [101.61327, 3.069781]]]}}, {"type": "Feature", "properties": {}, "geometry": {"type": "Polygon", "coordinates": [[[101.613209, 3.069781], [101.613147, 3.069782], [101.613113, 3.069794], [101.613114, 3.069932], [101.613175, 3.069932], [101.61321, 3.069919], [101.613209, 3.069781]]]}}, {"type": "Feature", "properties": {}, "geometry": {"type": "Polygon", "coordinates": [[[101.613147, 3.069782], [101.613086, 3.069782], [101.613052, 3.069795], [101.613053, 3.069933], [101.613114, 3.069932], [101.613149, 3.06992], [101.613147, 3.069782]]]}}, {"type": "Feature", "properties": {}, "geometry": {"type": "Polygon", "coordinates": [[[101.613086, 3.069782], [101.613025, 3.069783], [101.612991, 3.069796], [101.612992, 3.069933], [101.613053, 3.069933], [101.613088, 3.06992], [101.613086, 3.069782]]]}}, {"type": "Feature", "properties": {}, "geometry": {"type": "Polygon", "coordinates": [[[101.613025, 3.069783], [101.612964, 3.069784], [101.61293, 3.069796], [101.612931, 3.069934], [101.612992, 3.069933], [101.613026, 3.069921], [101.613025, 3.069783]]]}}, {"type": "Feature", "properties": {}, "geometry": {"type": "Polygon", "coordinates": [[[101.612964, 3.069784], [101.612903, 3.069784], [101.612868, 3.069797], [101.61287, 3.069935], [101.612931, 3.069934], [101.612965, 3.069922], [101.612964, 3.069784]]]}}, {"type": "Feature", "properties": {}, "geometry": {"type": "Polygon", "coordinates": [[[101.612903, 3.069784], [101.612842, 3.069785], [101.612807, 3.069797], [101.612808, 3.069935], [101.61287, 3.069935], [101.612904, 3.069922], [101.612903, 3.069784]]]}}, {"type": "Feature", "properties": {}, "geometry": {"type": "Polygon", "coordinates": [[[101.612842, 3.069785], [101.61278, 3.069785], [101.612746, 3.069798], [101.612747, 3.069936], [101.612808, 3.069935], [101.612843, 3.069923], [101.612842, 3.069785]]]}}, {"type": "Feature", "properties": {}, "geometry": {"type": "Polygon", "coordinates": [[[101.613514, 3.069402], [101.613453, 3.069403], [101.613419, 3.069415], [101.61342, 3.069566], [101.613481, 3.069565], [101.613516, 3.069553], [101.613514, 3.069402]]]}}, {"type": "Feature", "properties": {}, "geometry": {"type": "Polygon", "coordinates": [[[101.613453, 3.069403], [101.613392, 3.069403], [101.613358, 3.069416], [101.613359, 3.069567], [101.61342, 3.069566], [101.613455, 3.069554], [101.613453, 3.069403]]]}}, {"type": "Feature", "properties": {}, "geometry": {"type": "Polygon", "coordinates": [[[101.613392, 3.069403], [101.613331, 3.069404], [101.613297, 3.069416], [101.613298, 3.069567], [101.613359, 3.069567], [101.613394, 3.069554], [101.613392, 3.069403]]]}}, {"type": "Feature", "properties": {}, "geometry": {"type": "Polygon", "coordinates": [[[101.613331, 3.069404], [101.61327, 3.069404], [101.613236, 3.069417], [101.613237, 3.069568], [101.613298, 3.069567], [101.613333, 3.069555], [101.613331, 3.069404]]]}}, {"type": "Feature", "properties": {}, "geometry": {"type": "Polygon", "coordinates": [[[101.61327, 3.069404], [101.61321, 3.069405], [101.613175, 3.069417], [101.613176, 3.069568], [101.613237, 3.069568], [101.613272, 3.069555], [101.61327, 3.069404]]]}}, {"type": "Feature", "properties": {}, "geometry": {"type": "Polygon", "coordinates": [[[101.61321, 3.069405], [101.613149, 3.069405], [101.613114, 3.069418], [101.613116, 3.069569], [101.613176, 3.069568], [101.613211, 3.069556], [101.61321, 3.069405]]]}}, {"type": "Feature", "properties": {}, "geometry": {"type": "Polygon", "coordinates": [[[101.613149, 3.069405], [101.613088, 3.069406], [101.613053, 3.069418], [101.613055, 3.069569], [101.613116, 3.069569], [101.61315, 3.069556], [101.613149, 3.069405]]]}}, {"type": "Feature", "properties": {}, "geometry": {"type": "Polygon", "coordinates": [[[101.613088, 3.069406], [101.613027, 3.069406], [101.612992, 3.069419], [101.612994, 3.06957], [101.613055, 3.069569], [101.613089, 3.069557], [101.613088, 3.069406]]]}}, {"type": "Feature", "properties": {}, "geometry": {"type": "Polygon", "coordinates": [[[101.613027, 3.069406], [101.612966, 3.069407], [101.612931, 3.069419], [101.612933, 3.069571], [101.612994, 3.06957], [101.613028, 3.069557], [101.613027, 3.069406]]]}}, {"type": "Feature", "properties": {}, "geometry": {"type": "Polygon", "coordinates": [[[101.612966, 3.069407], [101.612905, 3.069408], [101.61287, 3.06942], [101.612872, 3.069571], [101.612933, 3.069571], [101.612967, 3.069558], [101.612966, 3.069407]]]}}, {"type": "Feature", "properties": {}, "geometry": {"type": "Polygon", "coordinates": [[[101.612905, 3.069408], [101.612844, 3.069408], [101.612809, 3.069421], [101.612811, 3.069572], [101.612872, 3.069571], [101.612906, 3.069559], [101.612905, 3.069408]]]}}, {"type": "Feature", "properties": {}, "geometry": {"type": "Polygon", "coordinates": [[[101.612844, 3.069408], [101.612783, 3.069409], [101.612748, 3.069421], [101.61275, 3.069572], [101.612811, 3.069572], [101.612845, 3.069559], [101.612844, 3.069408]]]}}, {"type": "Feature", "properties": {}, "geometry": {"type": "Polygon", "coordinates": [[[101.613512, 3.06923], [101.613451, 3.069231], [101.613416, 3.069243], [101.613418, 3.069393], [101.613479, 3.069392], [101.613513, 3.06938], [101.613512, 3.06923]]]}}, {"type": "Feature", "properties": {}, "geometry": {"type": "Polygon", "coordinates": [[[101.613451, 3.069231], [101.61339, 3.069231], [101.613356, 3.069244], [101.613357, 3.069393], [101.613418, 3.069393], [101.613452, 3.06938], [101.613451, 3.069231]]]}}, {"type": "Feature", "properties": {}, "geometry": {"type": "Polygon", "coordinates": [[[101.61339, 3.069231], [101.61333, 3.069232], [101.613295, 3.069244], [101.613297, 3.069394], [101.613357, 3.069393], [101.613392, 3.069381], [101.61339, 3.069231]]]}}, {"type": "Feature", "properties": {}, "geometry": {"type": "Polygon", "coordinates": [[[101.61333, 3.069232], [101.613269, 3.069232], [101.613235, 3.069245], [101.613236, 3.069394], [101.613297, 3.069394], [101.613331, 3.069381], [101.61333, 3.069232]]]}}, {"type": "Feature", "properties": {}, "geometry": {"type": "Polygon", "coordinates": [[[101.613269, 3.069232], [101.613208, 3.069233], [101.613174, 3.069246], [101.613175, 3.069395], [101.613236, 3.069394], [101.61327, 3.069382], [101.613269, 3.069232]]]}}, {"type": "Feature", "properties": {}, "geometry": {"type": "Polygon", "coordinates": [[[101.613208, 3.069233], [101.613148, 3.069234], [101.613113, 3.069246], [101.613115, 3.069395], [101.613175, 3.069395], [101.61321, 3.069382], [101.613208, 3.069233]]]}}, {"type": "Feature", "properties": {}, "geometry": {"type": "Polygon", "coordinates": [[[101.613148, 3.069234], [101.613087, 3.069234], [101.613053, 3.069247], [101.613054, 3.069396], [101.613115, 3.069395], [101.613149, 3.069383], [101.613148, 3.069234]]]}}, {"type": "Feature", "properties": {}, "geometry": {"type": "Polygon", "coordinates": [[[101.613087, 3.069234], [101.613027, 3.069235], [101.612992, 3.069247], [101.612993, 3.069396], [101.613054, 3.069396], [101.613089, 3.069383], [101.613087, 3.069234]]]}}, {"type": "Feature", "properties": {}, "geometry": {"type": "Polygon", "coordinates": [[[101.613027, 3.069235], [101.612966, 3.069235], [101.612932, 3.069248], [101.612933, 3.069397], [101.612993, 3.069396], [101.613028, 3.069384], [101.613027, 3.069235]]]}}, {"type": "Feature", "properties": {}, "geometry": {"type": "Polygon", "coordinates": [[[101.612966, 3.069235], [101.612905, 3.069236], [101.612871, 3.069248], [101.612872, 3.069398], [101.612933, 3.069397], [101.612967, 3.069385], [101.612966, 3.069235]]]}}, {"type": "Feature", "properties": {}, "geometry": {"type": "Polygon", "coordinates": [[[101.612905, 3.069236], [101.612845, 3.069236], [101.61281, 3.069249], [101.612812, 3.069398], [101.612872, 3.069398], [101.612907, 3.069385], [101.612905, 3.069236]]]}}, {"type": "Feature", "properties": {}, "geometry": {"type": "Polygon", "coordinates": [[[101.612845, 3.069236], [101.612784, 3.069237], [101.61275, 3.069249], [101.612751, 3.069399], [101.612812, 3.069398], [101.612846, 3.069386], [101.612845, 3.069236]]]}}, {"type": "Feature", "properties": {}, "geometry": {"type": "Polygon", "coordinates": [[[101.611823, 3.069957], [101.611763, 3.069958], [101.611728, 3.06997], [101.611729, 3.070124], [101.61179, 3.070123], [101.611825, 3.070111], [101.611823, 3.069957]]]}}, {"type": "Feature", "properties": {}, "geometry": {"type": "Polygon", "coordinates": [[[101.611763, 3.069958], [101.611702, 3.069958], [101.611667, 3.069971], [101.611669, 3.070124], [101.611729, 3.070124], [101.611764, 3.070112], [101.611763, 3.069958]]]}}, {"type": "Feature", "properties": {}, "geometry": {"type": "Polygon", "coordinates": [[[101.611702, 3.069958], [101.611641, 3.069959], [101.611607, 3.069971], [101.611608, 3.070125], [101.611669, 3.070124], [101.611703, 3.070112], [101.611702, 3.069958]]]}}, {"type": "Feature", "properties": {}, "geometry": {"type": "Polygon", "coordinates": [[[101.611641, 3.069959], [101.611581, 3.069959], [101.611546, 3.069972], [101.611548, 3.070126], [101.611608, 3.070125], [101.611643, 3.070113], [101.611641, 3.069959]]]}}, {"type": "Feature", "properties": {}, "geometry": {"type": "Polygon", "coordinates": [[[101.611581, 3.069959], [101.61152, 3.06996], [101.611485, 3.069972], [101.611487, 3.070126], [101.611548, 3.070126], [101.611582, 3.070113], [101.611581, 3.069959]]]}}, {"type": "Feature", "properties": {}, "geometry": {"type": "Polygon", "coordinates": [[[101.61152, 3.06996], [101.611459, 3.069961], [101.611425, 3.069973], [101.611426, 3.070127], [101.611487, 3.070126], [101.611521, 3.070114], [101.61152, 3.06996]]]}}, {"type": "Feature", "properties": {}, "geometry": {"type": "Polygon", "coordinates": [[[101.611459, 3.069961], [101.611399, 3.069961], [101.611364, 3.069974], [101.611366, 3.070127], [101.611426, 3.070127], [101.611461, 3.070114], [101.611459, 3.069961]]]}}, {"type": "Feature", "properties": {}, "geometry": {"type": "Polygon", "coordinates": [[[101.611399, 3.069961], [101.611338, 3.069962], [101.611303, 3.069974], [101.611305, 3.070128], [101.611366, 3.070127], [101.6114, 3.070115], [101.611399, 3.069961]]]}}, {"type": "Feature", "properties": {}, "geometry": {"type": "Polygon", "coordinates": [[[101.611338, 3.069962], [101.611277, 3.069962], [101.611243, 3.069975], [101.611244, 3.070128], [101.611305, 3.070128], [101.611339, 3.070115], [101.611338, 3.069962]]]}}, {"type": "Feature", "properties": {}, "geometry": {"type": "Polygon", "coordinates": [[[101.611277, 3.069962], [101.611217, 3.069963], [101.611182, 3.069975], [101.611184, 3.070129], [101.611244, 3.070128], [101.611279, 3.070116], [101.611277, 3.069962]]]}}, {"type": "Feature", "properties": {}, "geometry": {"type": "Polygon", "coordinates": [[[101.611217, 3.069963], [101.611156, 3.069963], [101.611121, 3.069976], [101.611123, 3.070129], [101.611184, 3.070129], [101.611218, 3.070116], [101.611217, 3.069963]]]}}, {"type": "Feature", "properties": {}, "geometry": {"type": "Polygon", "coordinates": [[[101.611828, 3.069774], [101.611767, 3.069775], [101.611733, 3.069787], [101.611734, 3.06995], [101.611795, 3.069949], [101.61183, 3.069937], [101.611828, 3.069774]]]}}, {"type": "Feature", "properties": {}, "geometry": {"type": "Polygon", "coordinates": [[[101.611767, 3.069775], [101.611706, 3.069775], [101.611672, 3.069788], [101.611673, 3.06995], [101.611734, 3.06995], [101.611769, 3.069937], [101.611767, 3.069775]]]}}, {"type": "Feature", "properties": {}, "geometry": {"type": "Polygon", "coordinates": [[[101.611706, 3.069775], [101.611645, 3.069776], [101.611611, 3.069788], [101.611612, 3.069951], [101.611673, 3.06995], [101.611708, 3.069938], [101.611706, 3.069775]]]}}, {"type": "Feature", "properties": {}, "geometry": {"type": "Polygon", "coordinates": [[[101.611645, 3.069776], [101.611584, 3.069776], [101.61155, 3.069789], [101.611551, 3.069951], [101.611612, 3.069951], [101.611647, 3.069938], [101.611645, 3.069776]]]}}, {"type": "Feature", "properties": {}, "geometry": {"type": "Polygon", "coordinates": [[[101.611584, 3.069776], [101.611523, 3.069777], [101.611489, 3.069789], [101.61149, 3.069952], [101.611551, 3.069951], [101.611586, 3.069939], [101.611584, 3.069776]]]}}, {"type": "Feature", "properties": {}, "geometry": {"type": "Polygon", "coordinates": [[[101.611523, 3.069777], [101.611462, 3.069777], [101.611428, 3.06979], [101.611429, 3.069952], [101.61149, 3.069952], [101.611525, 3.069939], [101.611523, 3.069777]]]}}, {"type": "Feature", "properties": {}, "geometry": {"type": "Polygon", "coordinates": [[[101.611462, 3.069777], [101.611401, 3.069778], [101.611367, 3.06979], [101.611368, 3.069953], [101.611429, 3.069952], [101.611464, 3.06994], [101.611462, 3.069777]]]}}, {"type": "Feature", "properties": {}, "geometry": {"type": "Polygon", "coordinates": [[[101.611401, 3.069778], [101.61134, 3.069779], [101.611306, 3.069791], [101.611307, 3.069954], [101.611368, 3.069953], [101.611403, 3.06994], [101.611401, 3.069778]]]}}, {"type": "Feature", "properties": {}, "geometry": {"type": "Polygon", "coordinates": [[[101.61134, 3.069779], [101.611279, 3.069779], [101.611245, 3.069792], [101.611246, 3.069954], [101.611307, 3.069954], [101.611342, 3.069941], [101.61134, 3.069779]]]}}, {"type": "Feature", "properties": {}, "geometry": {"type": "Polygon", "coordinates": [[[101.611279, 3.069779], [101.611218, 3.06978], [101.611184, 3.069792], [101.611185, 3.069955], [101.611246, 3.069954], [101.611281, 3.069942], [101.611279, 3.069779]]]}}, {"type": "Feature", "properties": {}, "geometry": {"type": "Polygon", "coordinates": [[[101.611218, 3.06978], [101.611157, 3.06978], [101.611123, 3.069793], [101.611124, 3.069955], [101.611185, 3.069955], [101.61122, 3.069942], [101.611218, 3.06978]]]}}, {"type": "Feature", "properties": {}, "geometry": {"type": "Polygon", "coordinates": [[[101.611823, 3.069243], [101.611763, 3.069244], [101.611728, 3.069256], [101.611729, 3.069393], [101.61179, 3.069393], [101.611824, 3.06938], [101.611823, 3.069243]]]}}, {"type": "Feature", "properties": {}, "geometry": {"type": "Polygon", "coordinates": [[[101.611763, 3.069244], [101.611702, 3.069244], [101.611667, 3.069256], [101.611669, 3.069394], [101.611729, 3.069393], [101.611764, 3.069381], [101.611763, 3.069244]]]}}, {"type": "Feature", "properties": {}, "geometry": {"type": "Polygon", "coordinates": [[[101.611702, 3.069244], [101.611641, 3.069245], [101.611607, 3.069257], [101.611608, 3.069394], [101.611669, 3.069394], [101.611703, 3.069381], [101.611702, 3.069244]]]}}, {"type": "Feature", "properties": {}, "geometry": {"type": "Polygon", "coordinates": [[[101.611641, 3.069245], [101.61158, 3.069245], [101.611546, 3.069258], [101.611547, 3.069395], [101.611608, 3.069394], [101.611642, 3.069382], [101.611641, 3.069245]]]}}, {"type": "Feature", "properties": {}, "geometry": {"type": "Polygon", "coordinates": [[[101.61158, 3.069245], [101.61152, 3.069246], [101.611485, 3.069258], [101.611487, 3.069395], [101.611547, 3.069395], [101.611582, 3.069382], [101.61158, 3.069245]]]}}, {"type": "Feature", "properties": {}, "geometry": {"type": "Polygon", "coordinates": [[[101.61152, 3.069246], [101.611459, 3.069246], [101.611425, 3.069259], [101.611426, 3.069396], [101.611487, 3.069395], [101.611521, 3.069383], [101.61152, 3.069246]]]}}, {"type": "Feature", "properties": {}, "geometry": {"type": "Polygon", "coordinates": [[[101.611459, 3.069246], [101.611398, 3.069247], [101.611364, 3.069259], [101.611365, 3.069396], [101.611426, 3.069396], [101.61146, 3.069383], [101.611459, 3.069246]]]}}, {"type": "Feature", "properties": {}, "geometry": {"type": "Polygon", "coordinates": [[[101.611398, 3.069247], [101.611338, 3.069247], [101.611303, 3.06926], [101.611305, 3.069397], [101.611365, 3.069396], [101.6114, 3.069384], [101.611398, 3.069247]]]}}, {"type": "Feature", "properties": {}, "geometry": {"type": "Polygon", "coordinates": [[[101.611338, 3.069247], [101.611277, 3.069248], [101.611243, 3.06926], [101.611244, 3.069398], [101.611305, 3.069397], [101.611339, 3.069384], [101.611338, 3.069247]]]}}, {"type": "Feature", "properties": {}, "geometry": {"type": "Polygon", "coordinates": [[[101.611277, 3.069248], [101.611216, 3.069249], [101.611182, 3.069261], [101.611183, 3.069398], [101.611244, 3.069398], [101.611278, 3.069385], [101.611277, 3.069248]]]}}, {"type": "Feature", "properties": {}, "geometry": {"type": "Polygon", "coordinates": [[[101.611216, 3.069249], [101.611156, 3.069249], [101.611121, 3.069262], [101.611123, 3.069399], [101.611183, 3.069398], [101.611218, 3.069386], [101.611216, 3.069249]]]}}, {"type": "Feature", "properties": {}, "geometry": {"type": "Polygon", "coordinates": [[[101.611155, 3.069413], [101.611063, 3.069414], [101.611028, 3.069427], [101.61103, 3.069589], [101.611122, 3.069588], [101.611157, 3.069575], [101.611155, 3.069413]]]}}, {"type": "Feature", "properties": {}, "geometry": {"type": "Polygon", "coordinates": [[[101.611217, 3.069413], [101.611155, 3.069413], [101.611121, 3.069426], [101.611122, 3.069588], [101.611184, 3.069587], [101.611218, 3.069575], [101.611217, 3.069413]]]}}, {"type": "Feature", "properties": {}, "geometry": {"type": "Polygon", "coordinates": [[[101.611278, 3.069412], [101.611217, 3.069413], [101.611182, 3.069425], [101.611184, 3.069587], [101.611245, 3.069587], [101.611279, 3.069574], [101.611278, 3.069412]]]}}, {"type": "Feature", "properties": {}, "geometry": {"type": "Polygon", "coordinates": [[[101.611339, 3.069412], [101.611278, 3.069412], [101.611243, 3.069425], [101.611245, 3.069587], [101.611306, 3.069586], [101.611341, 3.069573], [101.611339, 3.069412]]]}}, {"type": "Feature", "properties": {}, "geometry": {"type": "Polygon", "coordinates": [[[101.611401, 3.069411], [101.611339, 3.069412], [101.611305, 3.069424], [101.611306, 3.069586], [101.611368, 3.069585], [101.611402, 3.069573], [101.611401, 3.069411]]]}}, {"type": "Feature", "properties": {}, "geometry": {"type": "Polygon", "coordinates": [[[101.611462, 3.069411], [101.611401, 3.069411], [101.611366, 3.069424], [101.611368, 3.069585], [101.611429, 3.069585], [101.611463, 3.069572], [101.611462, 3.069411]]]}}, {"type": "Feature", "properties": {}, "geometry": {"type": "Polygon", "coordinates": [[[101.611523, 3.06941], [101.611462, 3.069411], [101.611427, 3.069423], [101.611429, 3.069585], [101.61149, 3.069584], [101.611525, 3.069572], [101.611523, 3.06941]]]}}, {"type": "Feature", "properties": {}, "geometry": {"type": "Polygon", "coordinates": [[[101.611585, 3.06941], [101.611523, 3.06941], [101.611489, 3.069422], [101.61149, 3.069584], [101.611552, 3.069584], [101.611586, 3.069571], [101.611585, 3.06941]]]}}, {"type": "Feature", "properties": {}, "geometry": {"type": "Polygon", "coordinates": [[[101.611646, 3.069409], [101.611585, 3.06941], [101.61155, 3.069422], [101.611552, 3.069584], [101.611613, 3.069583], [101.611647, 3.069571], [101.611646, 3.069409]]]}}, {"type": "Feature", "properties": {}, "geometry": {"type": "Polygon", "coordinates": [[[101.611707, 3.069408], [101.611646, 3.069409], [101.611611, 3.069421], [101.611613, 3.069583], [101.611674, 3.069583], [101.611709, 3.06957], [101.611707, 3.069408]]]}}, {"type": "Feature", "properties": {}, "geometry": {"type": "Polygon", "coordinates": [[[101.611769, 3.069408], [101.611707, 3.069408], [101.611673, 3.069421], [101.611674, 3.069583], [101.611735, 3.069582], [101.61177, 3.06957], [101.611769, 3.069408]]]}}, {"type": "Feature", "properties": {}, "geometry": {"type": "Polygon", "coordinates": [[[101.61182, 3.068665], [101.611759, 3.068666], [101.611725, 3.068678], [101.611727, 3.068821], [101.611788, 3.06882], [101.611822, 3.068807], [101.61182, 3.068665]]]}}, {"type": "Feature", "properties": {}, "geometry": {"type": "Polygon", "coordinates": [[[101.611759, 3.068666], [101.611698, 3.068666], [101.611664, 3.068679], [101.611665, 3.068821], [101.611727, 3.068821], [101.611761, 3.068808], [101.611759, 3.068666]]]}}, {"type": "Feature", "properties": {}, "geometry": {"type": "Polygon", "coordinates": [[[101.611698, 3.068666], [101.611637, 3.068667], [101.611602, 3.06868], [101.611604, 3.068822], [101.611665, 3.068821], [101.6117, 3.068809], [101.611698, 3.068666]]]}}, {"type": "Feature", "properties": {}, "geometry": {"type": "Polygon", "coordinates": [[[101.611637, 3.068667], [101.611575, 3.068668], [101.611541, 3.06868], [101.611543, 3.068823], [101.611604, 3.068822], [101.611638, 3.06881], [101.611637, 3.068667]]]}}, {"type": "Feature", "properties": {}, "geometry": {"type": "Polygon", "coordinates": [[[101.611575, 3.068668], [101.611514, 3.068669], [101.61148, 3.068681], [101.611481, 3.068823], [101.611543, 3.068823], [101.611577, 3.06881], [101.611575, 3.068668]]]}}, {"type": "Feature", "properties": {}, "geometry": {"type": "Polygon", "coordinates": [[[101.611514, 3.068669], [101.611453, 3.068669], [101.611419, 3.068682], [101.61142, 3.068824], [101.611481, 3.068823], [101.611516, 3.068811], [101.611514, 3.068669]]]}}, {"type": "Feature", "properties": {}, "geometry": {"type": "Polygon", "coordinates": [[[101.611453, 3.068669], [101.611392, 3.06867], [101.611357, 3.068682], [101.611359, 3.068825], [101.61142, 3.068824], [101.611455, 3.068812], [101.611453, 3.068669]]]}}, {"type": "Feature", "properties": {}, "geometry": {"type": "Polygon", "coordinates": [[[101.611392, 3.06867], [101.611331, 3.068671], [101.611296, 3.068683], [101.611298, 3.068826], [101.611359, 3.068825], [101.611393, 3.068812], [101.611392, 3.06867]]]}}, {"type": "Feature", "properties": {}, "geometry": {"type": "Polygon", "coordinates": [[[101.611331, 3.068671], [101.611269, 3.068672], [101.611235, 3.068684], [101.611237, 3.068826], [101.611298, 3.068826], [101.611332, 3.068813], [101.611331, 3.068671]]]}}, {"type": "Feature", "properties": {}, "geometry": {"type": "Polygon", "coordinates": [[[101.611269, 3.068672], [101.611208, 3.068672], [101.611174, 3.068685], [101.611175, 3.068827], [101.611237, 3.068826], [101.611271, 3.068814], [101.611269, 3.068672]]]}}, {"type": "Feature", "properties": {}, "geometry": {"type": "Polygon", "coordinates": [[[101.611208, 3.068672], [101.611147, 3.068673], [101.611112, 3.068685], [101.611114, 3.068828], [101.611175, 3.068827], [101.61121, 3.068815], [101.611208, 3.068672]]]}}, {"type": "Feature", "properties": {}, "geometry": {"type": "Polygon", "coordinates": [[[101.611816, 3.06883], [101.611755, 3.068831], [101.611721, 3.068843], [101.611722, 3.068998], [101.611782, 3.068998], [101.611817, 3.068986], [101.611816, 3.06883]]]}}, {"type": "Feature", "properties": {}, "geometry": {"type": "Polygon", "coordinates": [[[101.611755, 3.068831], [101.611695, 3.068831], [101.61166, 3.068843], [101.611661, 3.068999], [101.611722, 3.068998], [101.611756, 3.068986], [101.611755, 3.068831]]]}}, {"type": "Feature", "properties": {}, "geometry": {"type": "Polygon", "coordinates": [[[101.611695, 3.068831], [101.611635, 3.068831], [101.6116, 3.068844], [101.611601, 3.068999], [101.611661, 3.068999], [101.611696, 3.068986], [101.611695, 3.068831]]]}}, {"type": "Feature", "properties": {}, "geometry": {"type": "Polygon", "coordinates": [[[101.611635, 3.068831], [101.611574, 3.068832], [101.61154, 3.068844], [101.611541, 3.069], [101.611601, 3.068999], [101.611636, 3.068987], [101.611635, 3.068831]]]}}, {"type": "Feature", "properties": {}, "geometry": {"type": "Polygon", "coordinates": [[[101.611574, 3.068832], [101.611514, 3.068832], [101.611479, 3.068845], [101.61148, 3.069], [101.611541, 3.069], [101.611575, 3.068987], [101.611574, 3.068832]]]}}, {"type": "Feature", "properties": {}, "geometry": {"type": "Polygon", "coordinates": [[[101.611514, 3.068832], [101.611453, 3.068833], [101.611419, 3.068845], [101.61142, 3.069], [101.61148, 3.069], [101.611515, 3.068988], [101.611514, 3.068832]]]}}, {"type": "Feature", "properties": {}, "geometry": {"type": "Polygon", "coordinates": [[[101.611453, 3.068833], [101.611393, 3.068833], [101.611359, 3.068845], [101.61136, 3.069001], [101.61142, 3.069], [101.611454, 3.068988], [101.611453, 3.068833]]]}}, {"type": "Feature", "properties": {}, "geometry": {"type": "Polygon", "coordinates": [[[101.611393, 3.068833], [101.611333, 3.068833], [101.611298, 3.068846], [101.611299, 3.069001], [101.61136, 3.069001], [101.611394, 3.068988], [101.611393, 3.068833]]]}}, {"type": "Feature", "properties": {}, "geometry": {"type": "Polygon", "coordinates": [[[101.611333, 3.068833], [101.611272, 3.068834], [101.611238, 3.068846], [101.611239, 3.069002], [101.611299, 3.069001], [101.611334, 3.068989], [101.611333, 3.068833]]]}}, {"type": "Feature", "properties": {}, "geometry": {"type": "Polygon", "coordinates": [[[101.611272, 3.068834], [101.611212, 3.068834], [101.611178, 3.068847], [101.611179, 3.069002], [101.611239, 3.069002], [101.611273, 3.068989], [101.611272, 3.068834]]]}}, {"type": "Feature", "properties": {}, "geometry": {"type": "Polygon", "coordinates": [[[101.611212, 3.068834], [101.611152, 3.068835], [101.611117, 3.068847], [101.611118, 3.069002], [101.611179, 3.069002], [101.611213, 3.068989], [101.611212, 3.068834]]]}}, {"type": "Feature", "properties": {}, "geometry": {"type": "Polygon", "coordinates": [[[101.612492, 3.068831], [101.61243, 3.068832], [101.612396, 3.068844], [101.612397, 3.068996], [101.612458, 3.068996], [101.612493, 3.068984], [101.612492, 3.068831]]]}}, {"type": "Feature", "properties": {}, "geometry": {"type": "Polygon", "coordinates": [[[101.61243, 3.068832], [101.612369, 3.068832], [101.612335, 3.068845], [101.612336, 3.068997], [101.612397, 3.068996], [101.612432, 3.068984], [101.61243, 3.068832]]]}}, {"type": "Feature", "properties": {}, "geometry": {"type": "Polygon", "coordinates": [[[101.612369, 3.068832], [101.612308, 3.068833], [101.612274, 3.068845], [101.612275, 3.068997], [101.612336, 3.068997], [101.612371, 3.068985], [101.612369, 3.068832]]]}}, {"type": "Feature", "properties": {}, "geometry": {"type": "Polygon", "coordinates": [[[101.612308, 3.068833], [101.612247, 3.068833], [101.612213, 3.068846], [101.612214, 3.068998], [101.612275, 3.068997], [101.61231, 3.068985], [101.612308, 3.068833]]]}}, {"type": "Feature", "properties": {}, "geometry": {"type": "Polygon", "coordinates": [[[101.612247, 3.068833], [101.612186, 3.068833], [101.612152, 3.068846], [101.612153, 3.068998], [101.612214, 3.068998], [101.612249, 3.068985], [101.612247, 3.068833]]]}}, {"type": "Feature", "properties": {}, "geometry": {"type": "Polygon", "coordinates": [[[101.612186, 3.068833], [101.612125, 3.068834], [101.612091, 3.068846], [101.612092, 3.068999], [101.612153, 3.068998], [101.612188, 3.068986], [101.612186, 3.068833]]]}}, {"type": "Feature", "properties": {}, "geometry": {"type": "Polygon", "coordinates": [[[101.612125, 3.068834], [101.612064, 3.068834], [101.61203, 3.068847], [101.612031, 3.068999], [101.612092, 3.068999], [101.612127, 3.068986], [101.612125, 3.068834]]]}}, {"type": "Feature", "properties": {}, "geometry": {"type": "Polygon", "coordinates": [[[101.612064, 3.068834], [101.612003, 3.068835], [101.611969, 3.068847], [101.61197, 3.069], [101.612031, 3.068999], [101.612065, 3.068987], [101.612064, 3.068834]]]}}, {"type": "Feature", "properties": {}, "geometry": {"type": "Polygon", "coordinates": [[[101.612003, 3.068835], [101.611942, 3.068835], [101.611908, 3.068848], [101.611909, 3.069], [101.61197, 3.069], [101.612004, 3.068987], [101.612003, 3.068835]]]}}, {"type": "Feature", "properties": {}, "geometry": {"type": "Polygon", "coordinates": [[[101.611934, 3.068671], [101.611873, 3.068672], [101.611838, 3.068684], [101.61184, 3.068815], [101.611901, 3.068815], [101.611936, 3.068802], [101.611934, 3.068671]]]}}, {"type": "Feature", "properties": {}, "geometry": {"type": "Polygon", "coordinates": [[[101.611996, 3.06867], [101.611934, 3.068671], [101.6119, 3.068684], [101.611901, 3.068815], [101.611963, 3.068814], [101.611997, 3.068802], [101.611996, 3.06867]]]}}, {"type": "Feature", "properties": {}, "geometry": {"type": "Polygon", "coordinates": [[[101.612057, 3.06867], [101.611996, 3.06867], [101.611961, 3.068683], [101.611963, 3.068814], [101.612024, 3.068813], [101.612059, 3.068801], [101.612057, 3.06867]]]}}, {"type": "Feature", "properties": {}, "geometry": {"type": "Polygon", "coordinates": [[[101.612119, 3.068669], [101.612057, 3.06867], [101.612023, 3.068682], [101.612024, 3.068813], [101.612086, 3.068813], [101.61212, 3.0688], [101.612119, 3.068669]]]}}, {"type": "Feature", "properties": {}, "geometry": {"type": "Polygon", "coordinates": [[[101.61218, 3.068668], [101.612119, 3.068669], [101.612084, 3.068681], [101.612086, 3.068813], [101.612147, 3.068812], [101.612182, 3.068799], [101.61218, 3.068668]]]}}, {"type": "Feature", "properties": {}, "geometry": {"type": "Polygon", "coordinates": [[[101.612242, 3.068668], [101.61218, 3.068668], [101.612146, 3.068681], [101.612147, 3.068812], [101.612209, 3.068811], [101.612243, 3.068799], [101.612242, 3.068668]]]}}, {"type": "Feature", "properties": {}, "geometry": {"type": "Polygon", "coordinates": [[[101.612303, 3.068667], [101.612242, 3.068668], [101.612207, 3.06868], [101.612209, 3.068811], [101.61227, 3.068811], [101.612305, 3.068798], [101.612303, 3.068667]]]}}, {"type": "Feature", "properties": {}, "geometry": {"type": "Polygon", "coordinates": [[[101.612365, 3.068666], [101.612303, 3.068667], [101.612269, 3.068679], [101.61227, 3.068811], [101.612332, 3.06881], [101.612366, 3.068797], [101.612365, 3.068666]]]}}, {"type": "Feature", "properties": {}, "geometry": {"type": "Polygon", "coordinates": [[[101.612426, 3.068665], [101.612365, 3.068666], [101.61233, 3.068679], [101.612332, 3.06881], [101.612393, 3.068809], [101.612428, 3.068797], [101.612426, 3.068665]]]}}, {"type": "Feature", "properties": {}, "geometry": {"type": "Polygon", "coordinates": [[[101.612488, 3.068665], [101.612426, 3.068665], [101.612392, 3.068678], [101.612393, 3.068809], [101.612455, 3.068808], [101.612489, 3.068796], [101.612488, 3.068665]]]}}, {"type": "Feature", "properties": {}, "geometry": {"type": "Polygon", "coordinates": [[[101.612549, 3.068664], [101.612488, 3.068665], [101.612453, 3.068677], [101.612455, 3.068808], [101.612516, 3.068808], [101.612551, 3.068795], [101.612549, 3.068664]]]}}, {"type": "Feature", "properties": {}, "geometry": {"type": "Polygon", "coordinates": [[[101.613399, 3.068824], [101.613339, 3.068824], [101.613304, 3.068837], [101.613305, 3.068994], [101.613366, 3.068994], [101.6134, 3.068981], [101.613399, 3.068824]]]}}, {"type": "Feature", "properties": {}, "geometry": {"type": "Polygon", "coordinates": [[[101.613339, 3.068824], [101.613278, 3.068825], [101.613244, 3.068837], [101.613245, 3.068995], [101.613305, 3.068994], [101.61334, 3.068982], [101.613339, 3.068824]]]}}, {"type": "Feature", "properties": {}, "geometry": {"type": "Polygon", "coordinates": [[[101.613278, 3.068825], [101.613218, 3.068825], [101.613184, 3.068838], [101.613185, 3.068995], [101.613245, 3.068995], [101.613279, 3.068982], [101.613278, 3.068825]]]}}, {"type": "Feature", "properties": {}, "geometry": {"type": "Polygon", "coordinates": [[[101.613218, 3.068825], [101.613158, 3.068825], [101.613123, 3.068838], [101.613124, 3.068995], [101.613185, 3.068995], [101.613219, 3.068982], [101.613218, 3.068825]]]}}, {"type": "Feature", "properties": {}, "geometry": {"type": "Polygon", "coordinates": [[[101.613158, 3.068825], [101.613097, 3.068826], [101.613063, 3.068838], [101.613064, 3.068996], [101.613124, 3.068995], [101.613159, 3.068983], [101.613158, 3.068825]]]}}, {"type": "Feature", "properties": {}, "geometry": {"type": "Polygon", "coordinates": [[[101.613097, 3.068826], [101.613037, 3.068826], [101.613002, 3.068839], [101.613003, 3.068996], [101.613064, 3.068996], [101.613098, 3.068983], [101.613097, 3.068826]]]}}, {"type": "Feature", "properties": {}, "geometry": {"type": "Polygon", "coordinates": [[[101.613037, 3.068826], [101.612976, 3.068827], [101.612942, 3.068839], [101.612943, 3.068996], [101.613003, 3.068996], [101.613038, 3.068984], [101.613037, 3.068826]]]}}, {"type": "Feature", "properties": {}, "geometry": {"type": "Polygon", "coordinates": [[[101.612976, 3.068827], [101.612916, 3.068827], [101.612881, 3.06884], [101.612882, 3.068997], [101.612943, 3.068996], [101.612977, 3.068984], [101.612976, 3.068827]]]}}, {"type": "Feature", "properties": {}, "geometry": {"type": "Polygon", "coordinates": [[[101.612916, 3.068827], [101.612855, 3.068827], [101.612821, 3.06884], [101.612822, 3.068997], [101.612882, 3.068997], [101.612917, 3.068984], [101.612916, 3.068827]]]}}, {"type": "Feature", "properties": {}, "geometry": {"type": "Polygon", "coordinates": [[[101.612855, 3.068827], [101.612795, 3.068828], [101.61276, 3.06884], [101.612761, 3.068998], [101.612822, 3.068997], [101.612856, 3.068985], [101.612855, 3.068827]]]}}, {"type": "Feature", "properties": {}, "geometry": {"type": "Polygon", "coordinates": [[[101.612795, 3.068828], [101.612734, 3.068828], [101.6127, 3.068841], [101.612701, 3.068998], [101.612761, 3.068998], [101.612796, 3.068985], [101.612795, 3.068828]]]}}, {"type": "Feature", "properties": {}, "geometry": {"type": "Polygon", "coordinates": [[[101.612732, 3.068671], [101.612671, 3.068672], [101.612636, 3.068684], [101.612638, 3.068816], [101.612699, 3.068815], [101.612733, 3.068803], [101.612732, 3.068671]]]}}, {"type": "Feature", "properties": {}, "geometry": {"type": "Polygon", "coordinates": [[[101.612793, 3.06867], [101.612732, 3.068671], [101.612697, 3.068683], [101.612699, 3.068815], [101.61276, 3.068814], [101.612794, 3.068802], [101.612793, 3.06867]]]}}, {"type": "Feature", "properties": {}, "geometry": {"type": "Polygon", "coordinates": [[[101.612854, 3.068669], [101.612793, 3.06867], [101.612758, 3.068682], [101.61276, 3.068814], [101.612821, 3.068814], [101.612855, 3.068801], [101.612854, 3.068669]]]}}, {"type": "Feature", "properties": {}, "geometry": {"type": "Polygon", "coordinates": [[[101.612915, 3.068669], [101.612854, 3.068669], [101.612819, 3.068682], [101.612821, 3.068814], [101.612882, 3.068813], [101.612916, 3.068801], [101.612915, 3.068669]]]}}, {"type": "Feature", "properties": {}, "geometry": {"type": "Polygon", "coordinates": [[[101.612975, 3.068668], [101.612915, 3.068669], [101.61288, 3.068681], [101.612882, 3.068813], [101.612943, 3.068812], [101.612977, 3.0688], [101.612975, 3.068668]]]}}, {"type": "Feature", "properties": {}, "geometry": {"type": "Polygon", "coordinates": [[[101.613036, 3.068667], [101.612975, 3.068668], [101.612941, 3.06868], [101.612943, 3.068812], [101.613003, 3.068812], [101.613038, 3.068799], [101.613036, 3.068667]]]}}, {"type": "Feature", "properties": {}, "geometry": {"type": "Polygon", "coordinates": [[[101.613097, 3.068667], [101.613036, 3.068667], [101.613002, 3.06868], [101.613003, 3.068812], [101.613064, 3.068811], [101.613099, 3.068798], [101.613097, 3.068667]]]}}, {"type": "Feature", "properties": {}, "geometry": {"type": "Polygon", "coordinates": [[[101.613158, 3.068666], [101.613097, 3.068667], [101.613063, 3.068679], [101.613064, 3.068811], [101.613125, 3.06881], [101.61316, 3.068798], [101.613158, 3.068666]]]}}, {"type": "Feature", "properties": {}, "geometry": {"type": "Polygon", "coordinates": [[[101.613219, 3.068665], [101.613158, 3.068666], [101.613124, 3.068678], [101.613125, 3.06881], [101.613186, 3.068809], [101.613221, 3.068797], [101.613219, 3.068665]]]}}, {"type": "Feature", "properties": {}, "geometry": {"type": "Polygon", "coordinates": [[[101.61328, 3.068664], [101.613219, 3.068665], [101.613185, 3.068678], [101.613186, 3.068809], [101.613247, 3.068809], [101.613281, 3.068796], [101.61328, 3.068664]]]}}, {"type": "Feature", "properties": {}, "geometry": {"type": "Polygon", "coordinates": [[[101.613341, 3.068664], [101.61328, 3.068664], [101.613246, 3.068677], [101.613247, 3.068809], [101.613308, 3.068808], [101.613342, 3.068796], [101.613341, 3.068664]]]}}, {"type": "Feature", "properties": {}, "geometry": {"type": "Polygon", "coordinates": [[[101.611143, 3.068116], [101.611081, 3.068117], [101.611046, 3.068129], [101.611047, 3.06827], [101.611109, 3.068269], [101.611144, 3.068257], [101.611143, 3.068116]]]}}, {"type": "Feature", "properties": {}, "geometry": {"type": "Polygon", "coordinates": [[[101.611204, 3.068116], [101.611143, 3.068116], [101.611108, 3.068129], [101.611109, 3.068269], [101.611171, 3.068269], [101.611205, 3.068256], [101.611204, 3.068116]]]}}, {"type": "Feature", "properties": {}, "geometry": {"type": "Polygon", "coordinates": [[[101.611266, 3.068115], [101.611204, 3.068116], [101.61117, 3.068128], [101.611171, 3.068269], [101.611233, 3.068268], [101.611267, 3.068256], [101.611266, 3.068115]]]}}, {"type": "Feature", "properties": {}, "geometry": {"type": "Polygon", "coordinates": [[[101.611328, 3.068115], [101.611266, 3.068115], [101.611232, 3.068128], [101.611233, 3.068268], [101.611295, 3.068268], [101.611329, 3.068255], [101.611328, 3.068115]]]}}, {"type": "Feature", "properties": {}, "geometry": {"type": "Polygon", "coordinates": [[[101.61139, 3.068114], [101.611328, 3.068115], [101.611294, 3.068127], [101.611295, 3.068268], [101.611357, 3.068268], [101.611391, 3.068255], [101.61139, 3.068114]]]}}, {"type": "Feature", "properties": {}, "geometry": {"type": "Polygon", "coordinates": [[[101.611452, 3.068114], [101.61139, 3.068114], [101.611356, 3.068127], [101.611357, 3.068268], [101.611419, 3.068267], [101.611453, 3.068255], [101.611452, 3.068114]]]}}, {"type": "Feature", "properties": {}, "geometry": {"type": "Polygon", "coordinates": [[[101.611514, 3.068114], [101.611452, 3.068114], [101.611418, 3.068126], [101.611419, 3.068267], [101.611481, 3.068267], [101.611515, 3.068254], [101.611514, 3.068114]]]}}, {"type": "Feature", "properties": {}, "geometry": {"type": "Polygon", "coordinates": [[[101.611576, 3.068113], [101.611514, 3.068114], [101.61148, 3.068126], [101.611481, 3.068267], [101.611542, 3.068266], [101.611577, 3.068254], [101.611576, 3.068113]]]}}, {"type": "Feature", "properties": {}, "geometry": {"type": "Polygon", "coordinates": [[[101.611638, 3.068113], [101.611576, 3.068113], [101.611542, 3.068126], [101.611542, 3.068266], [101.611604, 3.068266], [101.611639, 3.068253], [101.611638, 3.068113]]]}}, {"type": "Feature", "properties": {}, "geometry": {"type": "Polygon", "coordinates": [[[101.6117, 3.068112], [101.611638, 3.068113], [101.611603, 3.068125], [101.611604, 3.068266], [101.611666, 3.068265], [101.611701, 3.068253], [101.6117, 3.068112]]]}}, {"type": "Feature", "properties": {}, "geometry": {"type": "Polygon", "coordinates": [[[101.611762, 3.068112], [101.6117, 3.068112], [101.611665, 3.068125], [101.611666, 3.068265], [101.611728, 3.068265], [101.611763, 3.068253], [101.611762, 3.068112]]]}}, {"type": "Feature", "properties": {}, "geometry": {"type": "Polygon", "coordinates": [[[101.611822, 3.068275], [101.61176, 3.068276], [101.611726, 3.068288], [101.611727, 3.068443], [101.611789, 3.068443], [101.611823, 3.06843], [101.611822, 3.068275]]]}}, {"type": "Feature", "properties": {}, "geometry": {"type": "Polygon", "coordinates": [[[101.61176, 3.068276], [101.611699, 3.068277], [101.611664, 3.068289], [101.611666, 3.068444], [101.611727, 3.068443], [101.611762, 3.068431], [101.61176, 3.068276]]]}}, {"type": "Feature", "properties": {}, "geometry": {"type": "Polygon", "coordinates": [[[101.611699, 3.068277], [101.611637, 3.068277], [101.611603, 3.06829], [101.611604, 3.068444], [101.611666, 3.068444], [101.6117, 3.068431], [101.611699, 3.068277]]]}}, {"type": "Feature", "properties": {}, "geometry": {"type": "Polygon", "coordinates": [[[101.611637, 3.068277], [101.611576, 3.068278], [101.611541, 3.06829], [101.611543, 3.068445], [101.611604, 3.068444], [101.611639, 3.068432], [101.611637, 3.068277]]]}}, {"type": "Feature", "properties": {}, "geometry": {"type": "Polygon", "coordinates": [[[101.611576, 3.068278], [101.611514, 3.068278], [101.61148, 3.068291], [101.611481, 3.068445], [101.611543, 3.068445], [101.611577, 3.068432], [101.611576, 3.068278]]]}}, {"type": "Feature", "properties": {}, "geometry": {"type": "Polygon", "coordinates": [[[101.611514, 3.068278], [101.611452, 3.068279], [101.611418, 3.068291], [101.611419, 3.068446], [101.611481, 3.068445], [101.611515, 3.068433], [101.611514, 3.068278]]]}}, {"type": "Feature", "properties": {}, "geometry": {"type": "Polygon", "coordinates": [[[101.611452, 3.068279], [101.611391, 3.068279], [101.611356, 3.068292], [101.611358, 3.068446], [101.611419, 3.068446], [101.611454, 3.068433], [101.611452, 3.068279]]]}}, {"type": "Feature", "properties": {}, "geometry": {"type": "Polygon", "coordinates": [[[101.611391, 3.068279], [101.611329, 3.06828], [101.611295, 3.068292], [101.611296, 3.068447], [101.611358, 3.068446], [101.611392, 3.068434], [101.611391, 3.068279]]]}}, {"type": "Feature", "properties": {}, "geometry": {"type": "Polygon", "coordinates": [[[101.611329, 3.06828], [101.611268, 3.06828], [101.611233, 3.068293], [101.611235, 3.068447], [101.611296, 3.068447], [101.611331, 3.068434], [101.611329, 3.06828]]]}}, {"type": "Feature", "properties": {}, "geometry": {"type": "Polygon", "coordinates": [[[101.611268, 3.06828], [101.611206, 3.068281], [101.611172, 3.068293], [101.611173, 3.068448], [101.611235, 3.068447], [101.611269, 3.068435], [101.611268, 3.06828]]]}}, {"type": "Feature", "properties": {}, "geometry": {"type": "Polygon", "coordinates": [[[101.611206, 3.068281], [101.611145, 3.068281], [101.61111, 3.068294], [101.611111, 3.068449], [101.611173, 3.068448], [101.611207, 3.068436], [101.611206, 3.068281]]]}}, {"type": "Feature", "properties": {}, "geometry": {"type": "Polygon", "coordinates": [[[101.612606, 3.068274], [101.612545, 3.068274], [101.612511, 3.068287], [101.612512, 3.068443], [101.612573, 3.068443], [101.612608, 3.06843], [101.612606, 3.068274]]]}}, {"type": "Feature", "properties": {}, "geometry": {"type": "Polygon", "coordinates": [[[101.612545, 3.068274], [101.612484, 3.068275], [101.61245, 3.068287], [101.612451, 3.068444], [101.612512, 3.068443], [101.612547, 3.068431], [101.612545, 3.068274]]]}}, {"type": "Feature", "properties": {}, "geometry": {"type": "Polygon", "coordinates": [[[101.612484, 3.068275], [101.612423, 3.068275], [101.612389, 3.068288], [101.61239, 3.068444], [101.612451, 3.068444], [101.612486, 3.068431], [101.612484, 3.068275]]]}}, {"type": "Feature", "properties": {}, "geometry": {"type": "Polygon", "coordinates": [[[101.612423, 3.068275], [101.612362, 3.068276], [101.612327, 3.068288], [101.612329, 3.068445], [101.61239, 3.068444], [101.612424, 3.068432], [101.612423, 3.068275]]]}}, {"type": "Feature", "properties": {}, "geometry": {"type": "Polygon", "coordinates": [[[101.612362, 3.068276], [101.612301, 3.068276], [101.612266, 3.068289], [101.612268, 3.068445], [101.612329, 3.068445], [101.612363, 3.068432], [101.612362, 3.068276]]]}}, {"type": "Feature", "properties": {}, "geometry": {"type": "Polygon", "coordinates": [[[101.612301, 3.068276], [101.61224, 3.068277], [101.612205, 3.068289], [101.612207, 3.068446], [101.612268, 3.068445], [101.612302, 3.068433], [101.612301, 3.068276]]]}}, {"type": "Feature", "properties": {}, "geometry": {"type": "Polygon", "coordinates": [[[101.61224, 3.068277], [101.612178, 3.068277], [101.612144, 3.06829], [101.612145, 3.068446], [101.612207, 3.068446], [101.612241, 3.068434], [101.61224, 3.068277]]]}}, {"type": "Feature", "properties": {}, "geometry": {"type": "Polygon", "coordinates": [[[101.612178, 3.068277], [101.612117, 3.068278], [101.612083, 3.06829], [101.612084, 3.068447], [101.612145, 3.068446], [101.61218, 3.068434], [101.612178, 3.068277]]]}}, {"type": "Feature", "properties": {}, "geometry": {"type": "Polygon", "coordinates": [[[101.612117, 3.068278], [101.612056, 3.068278], [101.612022, 3.068291], [101.612023, 3.068448], [101.612084, 3.068447], [101.612119, 3.068435], [101.612117, 3.068278]]]}}, {"type": "Feature", "properties": {}, "geometry": {"type": "Polygon", "coordinates": [[[101.612056, 3.068278], [101.611995, 3.068279], [101.611961, 3.068291], [101.611962, 3.068448], [101.612023, 3.068448], [101.612058, 3.068435], [101.612056, 3.068278]]]}}, {"type": "Feature", "properties": {}, "geometry": {"type": "Polygon", "coordinates": [[[101.611995, 3.068279], [101.611934, 3.06828], [101.6119, 3.068292], [101.611901, 3.068449], [101.611962, 3.068448], [101.611996, 3.068436], [101.611995, 3.068279]]]}}, {"type": "Feature", "properties": {}, "geometry": {"type": "Polygon", "coordinates": [[[101.611933, 3.068117], [101.611872, 3.068118], [101.611837, 3.06813], [101.611838, 3.068267], [101.6119, 3.068266], [101.611934, 3.068254], [101.611933, 3.068117]]]}}, {"type": "Feature", "properties": {}, "geometry": {"type": "Polygon", "coordinates": [[[101.611994, 3.068117], [101.611933, 3.068117], [101.611899, 3.068129], [101.6119, 3.068266], [101.611961, 3.068266], [101.611995, 3.068253], [101.611994, 3.068117]]]}}, {"type": "Feature", "properties": {}, "geometry": {"type": "Polygon", "coordinates": [[[101.612056, 3.068116], [101.611994, 3.068117], [101.61196, 3.068129], [101.611961, 3.068266], [101.612022, 3.068265], [101.612057, 3.068253], [101.612056, 3.068116]]]}}, {"type": "Feature", "properties": {}, "geometry": {"type": "Polygon", "coordinates": [[[101.612117, 3.068116], [101.612056, 3.068116], [101.612021, 3.068129], [101.612022, 3.068265], [101.612083, 3.068265], [101.612118, 3.068252], [101.612117, 3.068116]]]}}, {"type": "Feature", "properties": {}, "geometry": {"type": "Polygon", "coordinates": [[[101.612178, 3.068115], [101.612117, 3.068116], [101.612082, 3.068128], [101.612083, 3.068265], [101.612145, 3.068264], [101.612179, 3.068252], [101.612178, 3.068115]]]}}, {"type": "Feature", "properties": {}, "geometry": {"type": "Polygon", "coordinates": [[[101.612239, 3.068115], [101.612178, 3.068115], [101.612144, 3.068128], [101.612145, 3.068264], [101.612206, 3.068264], [101.61224, 3.068251], [101.612239, 3.068115]]]}}, {"type": "Feature", "properties": {}, "geometry": {"type": "Polygon", "coordinates": [[[101.612301, 3.068114], [101.612239, 3.068115], [101.612205, 3.068127], [101.612206, 3.068264], [101.612267, 3.068264], [101.612302, 3.068251], [101.612301, 3.068114]]]}}, {"type": "Feature", "properties": {}, "geometry": {"type": "Polygon", "coordinates": [[[101.612362, 3.068114], [101.612301, 3.068114], [101.612266, 3.068127], [101.612267, 3.068264], [101.612328, 3.068263], [101.612363, 3.068251], [101.612362, 3.068114]]]}}, {"type": "Feature", "properties": {}, "geometry": {"type": "Polygon", "coordinates": [[[101.612423, 3.068114], [101.612362, 3.068114], [101.612327, 3.068126], [101.612328, 3.068263], [101.61239, 3.068263], [101.612424, 3.06825], [101.612423, 3.068114]]]}}, {"type": "Feature", "properties": {}, "geometry": {"type": "Polygon", "coordinates": [[[101.612484, 3.068113], [101.612423, 3.068114], [101.612388, 3.068126], [101.61239, 3.068263], [101.612451, 3.068262], [101.612485, 3.06825], [101.612484, 3.068113]]]}}, {"type": "Feature", "properties": {}, "geometry": {"type": "Polygon", "coordinates": [[[101.612545, 3.068113], [101.612484, 3.068113], [101.61245, 3.068126], [101.612451, 3.068262], [101.612512, 3.068262], [101.612546, 3.068249], [101.612545, 3.068113]]]}}, {"type": "Feature", "properties": {}, "geometry": {"type": "Polygon", "coordinates": [[[101.613402, 3.068274], [101.61334, 3.068274], [101.613305, 3.068287], [101.613306, 3.068442], [101.613369, 3.068442], [101.613403, 3.068429], [101.613402, 3.068274]]]}}, {"type": "Feature", "properties": {}, "geometry": {"type": "Polygon", "coordinates": [[[101.61334, 3.068274], [101.613277, 3.068275], [101.613243, 3.068287], [101.613244, 3.068443], [101.613306, 3.068442], [101.613341, 3.06843], [101.61334, 3.068274]]]}}, {"type": "Feature", "properties": {}, "geometry": {"type": "Polygon", "coordinates": [[[101.613277, 3.068275], [101.613215, 3.068276], [101.613181, 3.068288], [101.613182, 3.068443], [101.613244, 3.068443], [101.613279, 3.06843], [101.613277, 3.068275]]]}}, {"type": "Feature", "properties": {}, "geometry": {"type": "Polygon", "coordinates": [[[101.613215, 3.068276], [101.613153, 3.068276], [101.613119, 3.068288], [101.61312, 3.068444], [101.613182, 3.068443], [101.613217, 3.068431], [101.613215, 3.068276]]]}}, {"type": "Feature", "properties": {}, "geometry": {"type": "Polygon", "coordinates": [[[101.613153, 3.068276], [101.613091, 3.068277], [101.613057, 3.068289], [101.613058, 3.068444], [101.61312, 3.068444], [101.613155, 3.068431], [101.613153, 3.068276]]]}}, {"type": "Feature", "properties": {}, "geometry": {"type": "Polygon", "coordinates": [[[101.613091, 3.068277], [101.613029, 3.068277], [101.612994, 3.06829], [101.612996, 3.068445], [101.613058, 3.068444], [101.613092, 3.068432], [101.613091, 3.068277]]]}}, {"type": "Feature", "properties": {}, "geometry": {"type": "Polygon", "coordinates": [[[101.613029, 3.068277], [101.612967, 3.068278], [101.612932, 3.06829], [101.612934, 3.068445], [101.612996, 3.068445], [101.61303, 3.068432], [101.613029, 3.068277]]]}}, {"type": "Feature", "properties": {}, "geometry": {"type": "Polygon", "coordinates": [[[101.612967, 3.068278], [101.612905, 3.068278], [101.61287, 3.068291], [101.612872, 3.068446], [101.612934, 3.068445], [101.612968, 3.068433], [101.612967, 3.068278]]]}}, {"type": "Feature", "properties": {}, "geometry": {"type": "Polygon", "coordinates": [[[101.612905, 3.068278], [101.612843, 3.068279], [101.612808, 3.068291], [101.612809, 3.068446], [101.612872, 3.068446], [101.612906, 3.068433], [101.612905, 3.068278]]]}}, {"type": "Feature", "properties": {}, "geometry": {"type": "Polygon", "coordinates": [[[101.612843, 3.068279], [101.61278, 3.068279], [101.612746, 3.068292], [101.612747, 3.068447], [101.612809, 3.068446], [101.612844, 3.068434], [101.612843, 3.068279]]]}}, {"type": "Feature", "properties": {}, "geometry": {"type": "Polygon", "coordinates": [[[101.61278, 3.068279], [101.612718, 3.06828], [101.612684, 3.068292], [101.612685, 3.068447], [101.612747, 3.068447], [101.612782, 3.068434], [101.61278, 3.068279]]]}}, {"type": "Feature", "properties": {}, "geometry": {"type": "Polygon", "coordinates": [[[101.612716, 3.068113], [101.612654, 3.068114], [101.612619, 3.068126], [101.61262, 3.068267], [101.612683, 3.068267], [101.612717, 3.068254], [101.612716, 3.068113]]]}}, {"type": "Feature", "properties": {}, "geometry": {"type": "Polygon", "coordinates": [[[101.612778, 3.068113], [101.612716, 3.068113], [101.612681, 3.068126], [101.612683, 3.068267], [101.612745, 3.068266], [101.612779, 3.068254], [101.612778, 3.068113]]]}}, {"type": "Feature", "properties": {}, "geometry": {"type": "Polygon", "coordinates": [[[101.61284, 3.068113], [101.612778, 3.068113], [101.612744, 3.068125], [101.612745, 3.068266], [101.612807, 3.068266], [101.612841, 3.068253], [101.61284, 3.068113]]]}}, {"type": "Feature", "properties": {}, "geometry": {"type": "Polygon", "coordinates": [[[101.612903, 3.068112], [101.61284, 3.068113], [101.612806, 3.068125], [101.612807, 3.068266], [101.612869, 3.068265], [101.612904, 3.068253], [101.612903, 3.068112]]]}}, {"type": "Feature", "properties": {}, "geometry": {"type": "Polygon", "coordinates": [[[101.612965, 3.068112], [101.612903, 3.068112], [101.612868, 3.068125], [101.612869, 3.068265], [101.612932, 3.068265], [101.612966, 3.068252], [101.612965, 3.068112]]]}}, {"type": "Feature", "properties": {}, "geometry": {"type": "Polygon", "coordinates": [[[101.613027, 3.068111], [101.612965, 3.068112], [101.612931, 3.068124], [101.612932, 3.068265], [101.612994, 3.068265], [101.613028, 3.068252], [101.613027, 3.068111]]]}}, {"type": "Feature", "properties": {}, "geometry": {"type": "Polygon", "coordinates": [[[101.613089, 3.068111], [101.613027, 3.068111], [101.612993, 3.068124], [101.612994, 3.068265], [101.613056, 3.068264], [101.61309, 3.068252], [101.613089, 3.068111]]]}}, {"type": "Feature", "properties": {}, "geometry": {"type": "Polygon", "coordinates": [[[101.613152, 3.068111], [101.613089, 3.068111], [101.613055, 3.068124], [101.613056, 3.068264], [101.613118, 3.068264], [101.613153, 3.068251], [101.613152, 3.068111]]]}}, {"type": "Feature", "properties": {}, "geometry": {"type": "Polygon", "coordinates": [[[101.613214, 3.06811], [101.613152, 3.068111], [101.613117, 3.068123], [101.613118, 3.068264], [101.61318, 3.068263], [101.613215, 3.068251], [101.613214, 3.06811]]]}}, {"type": "Feature", "properties": {}, "geometry": {"type": "Polygon", "coordinates": [[[101.613276, 3.06811], [101.613214, 3.06811], [101.61318, 3.068123], [101.61318, 3.068263], [101.613243, 3.068263], [101.613277, 3.06825], [101.613276, 3.06811]]]}}, {"type": "Feature", "properties": {}, "geometry": {"type": "Polygon", "coordinates": [[[101.613338, 3.068109], [101.613276, 3.06811], [101.613242, 3.068122], [101.613243, 3.068263], [101.613305, 3.068262], [101.613339, 3.06825], [101.613338, 3.068109]]]}}, {"type": "Feature", "properties": {}, "geometry": {"type": "Polygon", "coordinates": [[[101.612718, 3.06756], [101.612656, 3.06756], [101.612622, 3.067573], [101.612623, 3.067713], [101.612685, 3.067712], [101.612719, 3.0677], [101.612718, 3.06756]]]}}, {"type": "Feature", "properties": {}, "geometry": {"type": "Polygon", "coordinates": [[[101.61278, 3.067559], [101.612718, 3.06756], [101.612684, 3.067572], [101.612685, 3.067712], [101.612747, 3.067712], [101.612781, 3.067699], [101.61278, 3.067559]]]}}, {"type": "Feature", "properties": {}, "geometry": {"type": "Polygon", "coordinates": [[[101.612842, 3.067558], [101.61278, 3.067559], [101.612746, 3.067572], [101.612747, 3.067712], [101.612809, 3.067711], [101.612843, 3.067699], [101.612842, 3.067558]]]}}, {"type": "Feature", "properties": {}, "geometry": {"type": "Polygon", "coordinates": [[[101.612904, 3.067558], [101.612842, 3.067558], [101.612808, 3.067571], [101.612809, 3.067711], [101.612871, 3.067711], [101.612905, 3.067698], [101.612904, 3.067558]]]}}, {"type": "Feature", "properties": {}, "geometry": {"type": "Polygon", "coordinates": [[[101.612966, 3.067557], [101.612904, 3.067558], [101.612869, 3.06757], [101.612871, 3.067711], [101.612932, 3.06771], [101.612967, 3.067698], [101.612966, 3.067557]]]}}, {"type": "Feature", "properties": {}, "geometry": {"type": "Polygon", "coordinates": [[[101.613028, 3.067557], [101.612966, 3.067557], [101.612931, 3.06757], [101.612932, 3.06771], [101.612994, 3.067709], [101.613029, 3.067697], [101.613028, 3.067557]]]}}, {"type": "Feature", "properties": {}, "geometry": {"type": "Polygon", "coordinates": [[[101.613089, 3.067556], [101.613028, 3.067557], [101.612993, 3.067569], [101.612994, 3.067709], [101.613056, 3.067709], [101.613091, 3.067696], [101.613089, 3.067556]]]}}, {"type": "Feature", "properties": {}, "geometry": {"type": "Polygon", "coordinates": [[[101.613151, 3.067556], [101.613089, 3.067556], [101.613055, 3.067569], [101.613056, 3.067709], [101.613118, 3.067708], [101.613153, 3.067696], [101.613151, 3.067556]]]}}, {"type": "Feature", "properties": {}, "geometry": {"type": "Polygon", "coordinates": [[[101.613213, 3.067555], [101.613151, 3.067556], [101.613117, 3.067568], [101.613118, 3.067708], [101.61318, 3.067708], [101.613215, 3.067695], [101.613213, 3.067555]]]}}, {"type": "Feature", "properties": {}, "geometry": {"type": "Polygon", "coordinates": [[[101.613275, 3.067554], [101.613213, 3.067555], [101.613179, 3.067568], [101.61318, 3.067708], [101.613242, 3.067707], [101.613276, 3.067695], [101.613275, 3.067554]]]}}, {"type": "Feature", "properties": {}, "geometry": {"type": "Polygon", "coordinates": [[[101.613337, 3.067554], [101.613275, 3.067554], [101.613241, 3.067567], [101.613242, 3.067707], [101.613304, 3.067707], [101.613338, 3.067694], [101.613337, 3.067554]]]}}, {"type": "Feature", "properties": {}, "geometry": {"type": "Polygon", "coordinates": [[[101.613403, 3.06772], [101.613341, 3.06772], [101.613307, 3.067732], [101.613308, 3.067893], [101.61337, 3.067893], [101.613404, 3.06788], [101.613403, 3.06772]]]}}, {"type": "Feature", "properties": {}, "geometry": {"type": "Polygon", "coordinates": [[[101.613341, 3.06772], [101.613279, 3.06772], [101.613245, 3.067733], [101.613246, 3.067894], [101.613308, 3.067893], [101.613342, 3.067881], [101.613341, 3.06772]]]}}, {"type": "Feature", "properties": {}, "geometry": {"type": "Polygon", "coordinates": [[[101.613279, 3.06772], [101.613217, 3.067721], [101.613183, 3.067733], [101.613184, 3.067894], [101.613246, 3.067894], [101.61328, 3.067881], [101.613279, 3.06772]]]}}, {"type": "Feature", "properties": {}, "geometry": {"type": "Polygon", "coordinates": [[[101.613217, 3.067721], [101.613155, 3.067721], [101.613121, 3.067734], [101.613122, 3.067895], [101.613184, 3.067894], [101.613218, 3.067882], [101.613217, 3.067721]]]}}, {"type": "Feature", "properties": {}, "geometry": {"type": "Polygon", "coordinates": [[[101.613155, 3.067721], [101.613093, 3.067722], [101.613059, 3.067734], [101.61306, 3.067895], [101.613122, 3.067895], [101.613156, 3.067882], [101.613155, 3.067721]]]}}, {"type": "Feature", "properties": {}, "geometry": {"type": "Polygon", "coordinates": [[[101.613093, 3.067722], [101.613031, 3.067722], [101.612997, 3.067735], [101.612998, 3.067896], [101.61306, 3.067895], [101.613094, 3.067883], [101.613093, 3.067722]]]}}, {"type": "Feature", "properties": {}, "geometry": {"type": "Polygon", "coordinates": [[[101.613031, 3.067722], [101.612969, 3.067723], [101.612935, 3.067735], [101.612936, 3.067896], [101.612998, 3.067896], [101.613032, 3.067883], [101.613031, 3.067722]]]}}, {"type": "Feature", "properties": {}, "geometry": {"type": "Polygon", "coordinates": [[[101.612969, 3.067723], [101.612907, 3.067723], [101.612873, 3.067736], [101.612874, 3.067896], [101.612936, 3.067896], [101.61297, 3.067884], [101.612969, 3.067723]]]}}, {"type": "Feature", "properties": {}, "geometry": {"type": "Polygon", "coordinates": [[[101.612907, 3.067723], [101.612845, 3.067724], [101.612811, 3.067736], [101.612812, 3.067897], [101.612874, 3.067896], [101.612908, 3.067884], [101.612907, 3.067723]]]}}, {"type": "Feature", "properties": {}, "geometry": {"type": "Polygon", "coordinates": [[[101.612845, 3.067724], [101.612783, 3.067724], [101.612749, 3.067737], [101.61275, 3.067897], [101.612812, 3.067897], [101.612846, 3.067885], [101.612845, 3.067724]]]}}, {"type": "Feature", "properties": {}, "geometry": {"type": "Polygon", "coordinates": [[[101.612783, 3.067724], [101.612721, 3.067725], [101.612687, 3.067737], [101.612688, 3.067898], [101.61275, 3.067897], [101.612784, 3.067885], [101.612783, 3.067724]]]}}, {"type": "Feature", "properties": {}, "geometry": {"type": "Polygon", "coordinates": [[[101.611931, 3.067562], [101.611869, 3.067563], [101.611834, 3.067575], [101.611836, 3.067716], [101.611898, 3.067716], [101.611932, 3.067703], [101.611931, 3.067562]]]}}, {"type": "Feature", "properties": {}, "geometry": {"type": "Polygon", "coordinates": [[[101.611992, 3.067562], [101.611931, 3.067562], [101.611896, 3.067575], [101.611898, 3.067716], [101.611959, 3.067715], [101.611994, 3.067703], [101.611992, 3.067562]]]}}, {"type": "Feature", "properties": {}, "geometry": {"type": "Polygon", "coordinates": [[[101.612054, 3.067561], [101.611992, 3.067562], [101.611958, 3.067574], [101.611959, 3.067715], [101.612021, 3.067715], [101.612056, 3.067702], [101.612054, 3.067561]]]}}, {"type": "Feature", "properties": {}, "geometry": {"type": "Polygon", "coordinates": [[[101.612116, 3.06756], [101.612054, 3.067561], [101.61202, 3.067573], [101.612021, 3.067715], [101.612083, 3.067714], [101.612117, 3.067701], [101.612116, 3.06756]]]}}, {"type": "Feature", "properties": {}, "geometry": {"type": "Polygon", "coordinates": [[[101.612178, 3.06756], [101.612116, 3.06756], [101.612082, 3.067573], [101.612083, 3.067714], [101.612145, 3.067713], [101.612179, 3.067701], [101.612178, 3.06756]]]}}, {"type": "Feature", "properties": {}, "geometry": {"type": "Polygon", "coordinates": [[[101.61224, 3.067559], [101.612178, 3.06756], [101.612144, 3.067572], [101.612145, 3.067713], [101.612207, 3.067713], [101.612241, 3.0677], [101.61224, 3.067559]]]}}, {"type": "Feature", "properties": {}, "geometry": {"type": "Polygon", "coordinates": [[[101.612302, 3.067559], [101.61224, 3.067559], [101.612205, 3.067572], [101.612207, 3.067713], [101.612268, 3.067712], [101.612303, 3.0677], [101.612302, 3.067559]]]}}, {"type": "Feature", "properties": {}, "geometry": {"type": "Polygon", "coordinates": [[[101.612363, 3.067558], [101.612302, 3.067559], [101.612267, 3.067571], [101.612268, 3.067712], [101.61233, 3.067712], [101.612365, 3.067699], [101.612363, 3.067558]]]}}, {"type": "Feature", "properties": {}, "geometry": {"type": "Polygon", "coordinates": [[[101.612425, 3.067558], [101.612363, 3.067558], [101.612329, 3.067571], [101.61233, 3.067712], [101.612392, 3.067711], [101.612427, 3.067699], [101.612425, 3.067558]]]}}, {"type": "Feature", "properties": {}, "geometry": {"type": "Polygon", "coordinates": [[[101.612487, 3.067557], [101.612425, 3.067558], [101.612391, 3.06757], [101.612392, 3.067711], [101.612454, 3.067711], [101.612488, 3.067698], [101.612487, 3.067557]]]}}, {"type": "Feature", "properties": {}, "geometry": {"type": "Polygon", "coordinates": [[[101.612549, 3.067556], [101.612487, 3.067557], [101.612453, 3.067569], [101.612454, 3.067711], [101.612516, 3.06771], [101.61255, 3.067697], [101.612549, 3.067556]]]}}, {"type": "Feature", "properties": {}, "geometry": {"type": "Polygon", "coordinates": [[[101.612604, 3.067718], [101.612543, 3.067718], [101.612508, 3.067731], [101.61251, 3.067893], [101.612571, 3.067892], [101.612605, 3.06788], [101.612604, 3.067718]]]}}, {"type": "Feature", "properties": {}, "geometry": {"type": "Polygon", "coordinates": [[[101.612543, 3.067718], [101.612482, 3.067719], [101.612447, 3.067731], [101.612449, 3.067893], [101.61251, 3.067893], [101.612544, 3.06788], [101.612543, 3.067718]]]}}, {"type": "Feature", "properties": {}, "geometry": {"type": "Polygon", "coordinates": [[[101.612482, 3.067719], [101.612421, 3.067719], [101.612386, 3.067732], [101.612388, 3.067893], [101.612449, 3.067893], [101.612483, 3.06788], [101.612482, 3.067719]]]}}, {"type": "Feature", "properties": {}, "geometry": {"type": "Polygon", "coordinates": [[[101.612421, 3.067719], [101.61236, 3.06772], [101.612325, 3.067732], [101.612327, 3.067894], [101.612388, 3.067893], [101.612422, 3.067881], [101.612421, 3.067719]]]}}, {"type": "Feature", "properties": {}, "geometry": {"type": "Polygon", "coordinates": [[[101.61236, 3.06772], [101.612299, 3.06772], [101.612264, 3.067733], [101.612266, 3.067894], [101.612327, 3.067894], [101.612361, 3.067881], [101.61236, 3.06772]]]}}, {"type": "Feature", "properties": {}, "geometry": {"type": "Polygon", "coordinates": [[[101.612299, 3.06772], [101.612238, 3.067721], [101.612203, 3.067733], [101.612205, 3.067895], [101.612266, 3.067894], [101.6123, 3.067882], [101.612299, 3.06772]]]}}, {"type": "Feature", "properties": {}, "geometry": {"type": "Polygon", "coordinates": [[[101.612238, 3.067721], [101.612177, 3.067721], [101.612142, 3.067734], [101.612144, 3.067895], [101.612205, 3.067895], [101.612239, 3.067882], [101.612238, 3.067721]]]}}, {"type": "Feature", "properties": {}, "geometry": {"type": "Polygon", "coordinates": [[[101.612177, 3.067721], [101.612116, 3.067722], [101.612081, 3.067734], [101.612082, 3.067896], [101.612144, 3.067895], [101.612178, 3.067883], [101.612177, 3.067721]]]}}, {"type": "Feature", "properties": {}, "geometry": {"type": "Polygon", "coordinates": [[[101.612116, 3.067722], [101.612055, 3.067722], [101.61202, 3.067735], [101.612021, 3.067896], [101.612082, 3.067896], [101.612117, 3.067883], [101.612116, 3.067722]]]}}, {"type": "Feature", "properties": {}, "geometry": {"type": "Polygon", "coordinates": [[[101.612055, 3.067722], [101.611994, 3.067723], [101.611959, 3.067735], [101.61196, 3.067897], [101.612021, 3.067896], [101.612056, 3.067884], [101.612055, 3.067722]]]}}, {"type": "Feature", "properties": {}, "geometry": {"type": "Polygon", "coordinates": [[[101.611994, 3.067723], [101.611933, 3.067723], [101.611898, 3.067736], [101.6119, 3.067897], [101.61196, 3.067897], [101.611995, 3.067884], [101.611994, 3.067723]]]}}, {"type": "Feature", "properties": {}, "geometry": {"type": "Polygon", "coordinates": [[[101.611822, 3.067724], [101.611761, 3.067725], [101.611726, 3.067737], [101.611728, 3.067898], [101.611789, 3.067898], [101.611823, 3.067885], [101.611822, 3.067724]]]}}, {"type": "Feature", "properties": {}, "geometry": {"type": "Polygon", "coordinates": [[[101.611761, 3.067725], [101.6117, 3.067725], [101.611665, 3.067737], [101.611666, 3.067899], [101.611728, 3.067898], [101.611762, 3.067886], [101.611761, 3.067725]]]}}, {"type": "Feature", "properties": {}, "geometry": {"type": "Polygon", "coordinates": [[[101.6117, 3.067725], [101.611638, 3.067725], [101.611604, 3.067738], [101.611605, 3.067899], [101.611666, 3.067899], [101.611701, 3.067886], [101.6117, 3.067725]]]}}, {"type": "Feature", "properties": {}, "geometry": {"type": "Polygon", "coordinates": [[[101.611638, 3.067725], [101.611577, 3.067726], [101.611543, 3.067738], [101.611544, 3.0679], [101.611605, 3.067899], [101.61164, 3.067887], [101.611638, 3.067725]]]}}, {"type": "Feature", "properties": {}, "geometry": {"type": "Polygon", "coordinates": [[[101.611577, 3.067726], [101.611516, 3.067726], [101.611481, 3.067739], [101.611483, 3.0679], [101.611544, 3.0679], [101.611578, 3.067887], [101.611577, 3.067726]]]}}, {"type": "Feature", "properties": {}, "geometry": {"type": "Polygon", "coordinates": [[[101.611516, 3.067726], [101.611455, 3.067727], [101.61142, 3.067739], [101.611421, 3.067901], [101.611483, 3.0679], [101.611517, 3.067888], [101.611516, 3.067726]]]}}, {"type": "Feature", "properties": {}, "geometry": {"type": "Polygon", "coordinates": [[[101.611455, 3.067727], [101.611393, 3.067727], [101.611359, 3.06774], [101.61136, 3.067901], [101.611421, 3.067901], [101.611456, 3.067888], [101.611455, 3.067727]]]}}, {"type": "Feature", "properties": {}, "geometry": {"type": "Polygon", "coordinates": [[[101.611393, 3.067727], [101.611332, 3.067728], [101.611298, 3.06774], [101.611299, 3.067902], [101.61136, 3.067901], [101.611395, 3.067889], [101.611393, 3.067727]]]}}, {"type": "Feature", "properties": {}, "geometry": {"type": "Polygon", "coordinates": [[[101.611332, 3.067728], [101.611271, 3.067728], [101.611237, 3.067741], [101.611238, 3.067902], [101.611299, 3.067902], [101.611333, 3.067889], [101.611332, 3.067728]]]}}, {"type": "Feature", "properties": {}, "geometry": {"type": "Polygon", "coordinates": [[[101.611271, 3.067728], [101.61121, 3.067729], [101.611175, 3.067741], [101.611176, 3.067903], [101.611238, 3.067902], [101.611272, 3.06789], [101.611271, 3.067728]]]}}, {"type": "Feature", "properties": {}, "geometry": {"type": "Polygon", "coordinates": [[[101.61121, 3.067729], [101.611149, 3.067729], [101.611114, 3.067742], [101.611115, 3.067903], [101.611176, 3.067903], [101.611211, 3.06789], [101.61121, 3.067729]]]}}, {"type": "Feature", "properties": {}, "geometry": {"type": "Polygon", "coordinates": [[[101.61115, 3.067562], [101.611076, 3.067563], [101.611042, 3.067576], [101.611043, 3.067715], [101.611117, 3.067714], [101.611152, 3.067702], [101.61115, 3.067562]]]}}, {"type": "Feature", "properties": {}, "geometry": {"type": "Polygon", "coordinates": [[[101.611211, 3.067562], [101.61115, 3.067562], [101.611116, 3.067575], [101.611117, 3.067714], [101.611178, 3.067713], [101.611212, 3.067701], [101.611211, 3.067562]]]}}, {"type": "Feature", "properties": {}, "geometry": {"type": "Polygon", "coordinates": [[[101.611272, 3.067561], [101.611211, 3.067562], [101.611177, 3.067574], [101.611178, 3.067713], [101.611239, 3.067713], [101.611273, 3.0677], [101.611272, 3.067561]]]}}, {"type": "Feature", "properties": {}, "geometry": {"type": "Polygon", "coordinates": [[[101.611332, 3.067561], [101.611272, 3.067561], [101.611237, 3.067574], [101.611239, 3.067713], [101.611299, 3.067712], [101.611334, 3.0677], [101.611332, 3.067561]]]}}, {"type": "Feature", "properties": {}, "geometry": {"type": "Polygon", "coordinates": [[[101.611393, 3.06756], [101.611332, 3.067561], [101.611298, 3.067573], [101.611299, 3.067712], [101.61136, 3.067712], [101.611394, 3.067699], [101.611393, 3.06756]]]}}, {"type": "Feature", "properties": {}, "geometry": {"type": "Polygon", "coordinates": [[[101.611454, 3.06756], [101.611393, 3.06756], [101.611359, 3.067573], [101.61136, 3.067712], [101.611421, 3.067711], [101.611455, 3.067699], [101.611454, 3.06756]]]}}, {"type": "Feature", "properties": {}, "geometry": {"type": "Polygon", "coordinates": [[[101.611514, 3.067559], [101.611454, 3.06756], [101.611419, 3.067572], [101.611421, 3.067711], [101.611481, 3.067711], [101.611516, 3.067698], [101.611514, 3.067559]]]}}, {"type": "Feature", "properties": {}, "geometry": {"type": "Polygon", "coordinates": [[[101.611575, 3.067558], [101.611514, 3.067559], [101.61148, 3.067572], [101.611481, 3.067711], [101.611542, 3.06771], [101.611576, 3.067698], [101.611575, 3.067558]]]}}, {"type": "Feature", "properties": {}, "geometry": {"type": "Polygon", "coordinates": [[[101.611636, 3.067558], [101.611575, 3.067558], [101.611541, 3.067571], [101.611542, 3.06771], [101.611603, 3.067709], [101.611637, 3.067697], [101.611636, 3.067558]]]}}, {"type": "Feature", "properties": {}, "geometry": {"type": "Polygon", "coordinates": [[[101.611697, 3.067557], [101.611636, 3.067558], [101.611601, 3.06757], [101.611603, 3.067709], [101.611663, 3.067709], [101.611698, 3.067696], [101.611697, 3.067557]]]}}, {"type": "Feature", "properties": {}, "geometry": {"type": "Polygon", "coordinates": [[[101.611757, 3.067557], [101.611697, 3.067557], [101.611662, 3.06757], [101.611663, 3.067709], [101.611724, 3.067708], [101.611758, 3.067696], [101.611757, 3.067557]]]}}, {"type": "Feature", "properties": {}, "geometry": {"type": "Polygon", "coordinates": [[[101.611817, 3.067191], [101.611756, 3.067191], [101.611722, 3.067204], [101.611723, 3.067345], [101.611783, 3.067345], [101.611818, 3.067332], [101.611817, 3.067191]]]}}, {"type": "Feature", "properties": {}, "geometry": {"type": "Polygon", "coordinates": [[[101.611756, 3.067191], [101.611696, 3.067192], [101.611661, 3.067204], [101.611662, 3.067345], [101.611723, 3.067345], [101.611757, 3.067333], [101.611756, 3.067191]]]}}, {"type": "Feature", "properties": {}, "geometry": {"type": "Polygon", "coordinates": [[[101.611696, 3.067192], [101.611635, 3.067192], [101.611601, 3.067204], [101.611602, 3.067346], [101.611662, 3.067345], [101.611697, 3.067333], [101.611696, 3.067192]]]}}, {"type": "Feature", "properties": {}, "geometry": {"type": "Polygon", "coordinates": [[[101.611635, 3.067192], [101.611575, 3.067192], [101.61154, 3.067205], [101.611541, 3.067346], [101.611602, 3.067346], [101.611636, 3.067333], [101.611635, 3.067192]]]}}, {"type": "Feature", "properties": {}, "geometry": {"type": "Polygon", "coordinates": [[[101.611575, 3.067192], [101.611514, 3.067193], [101.61148, 3.067205], [101.61148, 3.067346], [101.611541, 3.067346], [101.611576, 3.067334], [101.611575, 3.067192]]]}}, {"type": "Feature", "properties": {}, "geometry": {"type": "Polygon", "coordinates": [[[101.611514, 3.067193], [101.611454, 3.067193], [101.611419, 3.067206], [101.61142, 3.067347], [101.61148, 3.067346], [101.611515, 3.067334], [101.611514, 3.067193]]]}}, {"type": "Feature", "properties": {}, "geometry": {"type": "Polygon", "coordinates": [[[101.611454, 3.067193], [101.611393, 3.067193], [101.611359, 3.067206], [101.611359, 3.067347], [101.61142, 3.067347], [101.611454, 3.067334], [101.611454, 3.067193]]]}}, {"type": "Feature", "properties": {}, "geometry": {"type": "Polygon", "coordinates": [[[101.611393, 3.067193], [101.611332, 3.067194], [101.611298, 3.067206], [101.611299, 3.067347], [101.611359, 3.067347], [101.611394, 3.067335], [101.611393, 3.067193]]]}}, {"type": "Feature", "properties": {}, "geometry": {"type": "Polygon", "coordinates": [[[101.611332, 3.067194], [101.611272, 3.067194], [101.611237, 3.067207], [101.611238, 3.067348], [101.611299, 3.067347], [101.611333, 3.067335], [101.611332, 3.067194]]]}}, {"type": "Feature", "properties": {}, "geometry": {"type": "Polygon", "coordinates": [[[101.611272, 3.067194], [101.611211, 3.067194], [101.611177, 3.067207], [101.611178, 3.067348], [101.611238, 3.067348], [101.611273, 3.067335], [101.611272, 3.067194]]]}}, {"type": "Feature", "properties": {}, "geometry": {"type": "Polygon", "coordinates": [[[101.611211, 3.067194], [101.611151, 3.067195], [101.611116, 3.067207], [101.611117, 3.067349], [101.611178, 3.067348], [101.611212, 3.067336], [101.611211, 3.067194]]]}}, {"type": "Feature", "properties": {}, "geometry": {"type": "Polygon", "coordinates": [[[101.611817, 3.067011], [101.611755, 3.067012], [101.611721, 3.067024], [101.611722, 3.06716], [101.611783, 3.067159], [101.611818, 3.067147], [101.611817, 3.067011]]]}}, {"type": "Feature", "properties": {}, "geometry": {"type": "Polygon", "coordinates": [[[101.611755, 3.067012], [101.611694, 3.067013], [101.61166, 3.067025], [101.611661, 3.06716], [101.611722, 3.06716], [101.611756, 3.067147], [101.611755, 3.067012]]]}}, {"type": "Feature", "properties": {}, "geometry": {"type": "Polygon", "coordinates": [[[101.611694, 3.067013], [101.611633, 3.067013], [101.611598, 3.067026], [101.611599, 3.067161], [101.611661, 3.06716], [101.611695, 3.067148], [101.611694, 3.067013]]]}}, {"type": "Feature", "properties": {}, "geometry": {"type": "Polygon", "coordinates": [[[101.611633, 3.067013], [101.611571, 3.067014], [101.611537, 3.067026], [101.611538, 3.067161], [101.611599, 3.067161], [101.611634, 3.067148], [101.611633, 3.067013]]]}}, {"type": "Feature", "properties": {}, "geometry": {"type": "Polygon", "coordinates": [[[101.611571, 3.067014], [101.61151, 3.067014], [101.611475, 3.067027], [101.611477, 3.067162], [101.611538, 3.067161], [101.611573, 3.067149], [101.611571, 3.067014]]]}}, {"type": "Feature", "properties": {}, "geometry": {"type": "Polygon", "coordinates": [[[101.61151, 3.067014], [101.611449, 3.067015], [101.611414, 3.067027], [101.611415, 3.067162], [101.611477, 3.067162], [101.611511, 3.06715], [101.61151, 3.067014]]]}}, {"type": "Feature", "properties": {}, "geometry": {"type": "Polygon", "coordinates": [[[101.611449, 3.067015], [101.611387, 3.067015], [101.611353, 3.067028], [101.611354, 3.067163], [101.611415, 3.067162], [101.61145, 3.06715], [101.611449, 3.067015]]]}}, {"type": "Feature", "properties": {}, "geometry": {"type": "Polygon", "coordinates": [[[101.611387, 3.067015], [101.611326, 3.067016], [101.611291, 3.067028], [101.611293, 3.067164], [101.611354, 3.067163], [101.611389, 3.067151], [101.611387, 3.067015]]]}}, {"type": "Feature", "properties": {}, "geometry": {"type": "Polygon", "coordinates": [[[101.611326, 3.067016], [101.611265, 3.067016], [101.61123, 3.067029], [101.611232, 3.067164], [101.611293, 3.067164], [101.611327, 3.067151], [101.611326, 3.067016]]]}}, {"type": "Feature", "properties": {}, "geometry": {"type": "Polygon", "coordinates": [[[101.611265, 3.067016], [101.611203, 3.067017], [101.611169, 3.067029], [101.61117, 3.067165], [101.611232, 3.067164], [101.611266, 3.067152], [101.611265, 3.067016]]]}}, {"type": "Feature", "properties": {}, "geometry": {"type": "Polygon", "coordinates": [[[101.611203, 3.067017], [101.611142, 3.067018], [101.611108, 3.06703], [101.611109, 3.067165], [101.61117, 3.067165], [101.611205, 3.067152], [101.611203, 3.067017]]]}}, {"type": "Feature", "properties": {}, "geometry": {"type": "Polygon", "coordinates": [[[101.612606, 3.067183], [101.612544, 3.067183], [101.61251, 3.067195], [101.612511, 3.067347], [101.612572, 3.067347], [101.612606, 3.067335], [101.612606, 3.067183]]]}}, {"type": "Feature", "properties": {}, "geometry": {"type": "Polygon", "coordinates": [[[101.612544, 3.067183], [101.612483, 3.067183], [101.612449, 3.067196], [101.612449, 3.067348], [101.612511, 3.067347], [101.612545, 3.067335], [101.612544, 3.067183]]]}}, {"type": "Feature", "properties": {}, "geometry": {"type": "Polygon", "coordinates": [[[101.612483, 3.067183], [101.612422, 3.067184], [101.612387, 3.067196], [101.612388, 3.067348], [101.612449, 3.067348], [101.612484, 3.067335], [101.612483, 3.067183]]]}}, {"type": "Feature", "properties": {}, "geometry": {"type": "Polygon", "coordinates": [[[101.612422, 3.067184], [101.612361, 3.067184], [101.612326, 3.067196], [101.612327, 3.067348], [101.612388, 3.067348], [101.612423, 3.067336], [101.612422, 3.067184]]]}}, {"type": "Feature", "properties": {}, "geometry": {"type": "Polygon", "coordinates": [[[101.612361, 3.067184], [101.612299, 3.067184], [101.612265, 3.067197], [101.612266, 3.067349], [101.612327, 3.067348], [101.612361, 3.067336], [101.612361, 3.067184]]]}}, {"type": "Feature", "properties": {}, "geometry": {"type": "Polygon", "coordinates": [[[101.612299, 3.067184], [101.612238, 3.067185], [101.612204, 3.067197], [101.612204, 3.067349], [101.612266, 3.067349], [101.6123, 3.067336], [101.612299, 3.067184]]]}}, {"type": "Feature", "properties": {}, "geometry": {"type": "Polygon", "coordinates": [[[101.612238, 3.067185], [101.612177, 3.067185], [101.612142, 3.067197], [101.612143, 3.067349], [101.612204, 3.067349], [101.612239, 3.067337], [101.612238, 3.067185]]]}}, {"type": "Feature", "properties": {}, "geometry": {"type": "Polygon", "coordinates": [[[101.612177, 3.067185], [101.612116, 3.067185], [101.612081, 3.067198], [101.612082, 3.06735], [101.612143, 3.067349], [101.612178, 3.067337], [101.612177, 3.067185]]]}}, {"type": "Feature", "properties": {}, "geometry": {"type": "Polygon", "coordinates": [[[101.612116, 3.067185], [101.612054, 3.067186], [101.61202, 3.067198], [101.612021, 3.06735], [101.612082, 3.06735], [101.612116, 3.067337], [101.612116, 3.067185]]]}}, {"type": "Feature", "properties": {}, "geometry": {"type": "Polygon", "coordinates": [[[101.612054, 3.067186], [101.611993, 3.067186], [101.611959, 3.067198], [101.611959, 3.06735], [101.612021, 3.06735], [101.612055, 3.067338], [101.612054, 3.067186]]]}}, {"type": "Feature", "properties": {}, "geometry": {"type": "Polygon", "coordinates": [[[101.611993, 3.067186], [101.611932, 3.067186], [101.611897, 3.067199], [101.611898, 3.067351], [101.611959, 3.06735], [101.611994, 3.067338], [101.611993, 3.067186]]]}}, {"type": "Feature", "properties": {}, "geometry": {"type": "Polygon", "coordinates": [[[101.612605, 3.067002], [101.612544, 3.067003], [101.61251, 3.067015], [101.612511, 3.067157], [101.612572, 3.067157], [101.612607, 3.067144], [101.612605, 3.067002]]]}}, {"type": "Feature", "properties": {}, "geometry": {"type": "Polygon", "coordinates": [[[101.612544, 3.067003], [101.612483, 3.067003], [101.612449, 3.067016], [101.61245, 3.067158], [101.612511, 3.067157], [101.612546, 3.067145], [101.612544, 3.067003]]]}}, {"type": "Feature", "properties": {}, "geometry": {"type": "Polygon", "coordinates": [[[101.612483, 3.067003], [101.612422, 3.067004], [101.612388, 3.067016], [101.612389, 3.067159], [101.61245, 3.067158], [101.612485, 3.067145], [101.612483, 3.067003]]]}}, {"type": "Feature", "properties": {}, "geometry": {"type": "Polygon", "coordinates": [[[101.612422, 3.067004], [101.612361, 3.067004], [101.612327, 3.067017], [101.612328, 3.067159], [101.612389, 3.067159], [101.612424, 3.067146], [101.612422, 3.067004]]]}}, {"type": "Feature", "properties": {}, "geometry": {"type": "Polygon", "coordinates": [[[101.612361, 3.067004], [101.6123, 3.067005], [101.612266, 3.067017], [101.612267, 3.06716], [101.612328, 3.067159], [101.612363, 3.067147], [101.612361, 3.067004]]]}}, {"type": "Feature", "properties": {}, "geometry": {"type": "Polygon", "coordinates": [[[101.6123, 3.067005], [101.612239, 3.067005], [101.612205, 3.067018], [101.612206, 3.06716], [101.612267, 3.06716], [101.612302, 3.067147], [101.6123, 3.067005]]]}}, {"type": "Feature", "properties": {}, "geometry": {"type": "Polygon", "coordinates": [[[101.612239, 3.067005], [101.612178, 3.067006], [101.612144, 3.067018], [101.612145, 3.067161], [101.612206, 3.06716], [101.612241, 3.067148], [101.612239, 3.067005]]]}}, {"type": "Feature", "properties": {}, "geometry": {"type": "Polygon", "coordinates": [[[101.612178, 3.067006], [101.612117, 3.067007], [101.612083, 3.067019], [101.612084, 3.067161], [101.612145, 3.067161], [101.61218, 3.067148], [101.612178, 3.067006]]]}}, {"type": "Feature", "properties": {}, "geometry": {"type": "Polygon", "coordinates": [[[101.612117, 3.067007], [101.612056, 3.067007], [101.612022, 3.067019], [101.612023, 3.067162], [101.612084, 3.067161], [101.612119, 3.067149], [101.612117, 3.067007]]]}}, {"type": "Feature", "properties": {}, "geometry": {"type": "Polygon", "coordinates": [[[101.612056, 3.067007], [101.611995, 3.067008], [101.611961, 3.06702], [101.611962, 3.067162], [101.612023, 3.067162], [101.612058, 3.067149], [101.612056, 3.067007]]]}}, {"type": "Feature", "properties": {}, "geometry": {"type": "Polygon", "coordinates": [[[101.611995, 3.067008], [101.611934, 3.067008], [101.6119, 3.067021], [101.611901, 3.067163], [101.611962, 3.067162], [101.611997, 3.06715], [101.611995, 3.067008]]]}}, {"type": "Feature", "properties": {}, "geometry": {"type": "Polygon", "coordinates": [[[101.613403, 3.067188], [101.613342, 3.067188], [101.613307, 3.067201], [101.613308, 3.067339], [101.61337, 3.067339], [101.613404, 3.067326], [101.613403, 3.067188]]]}}, {"type": "Feature", "properties": {}, "geometry": {"type": "Polygon", "coordinates": [[[101.613342, 3.067188], [101.61328, 3.067189], [101.613245, 3.067201], [101.613246, 3.06734], [101.613308, 3.067339], [101.613342, 3.067327], [101.613342, 3.067188]]]}}, {"type": "Feature", "properties": {}, "geometry": {"type": "Polygon", "coordinates": [[[101.61328, 3.067189], [101.613218, 3.067189], [101.613184, 3.067201], [101.613184, 3.06734], [101.613246, 3.06734], [101.613281, 3.067327], [101.61328, 3.067189]]]}}, {"type": "Feature", "properties": {}, "geometry": {"type": "Polygon", "coordinates": [[[101.613218, 3.067189], [101.613156, 3.067189], [101.613122, 3.067202], [101.613123, 3.06734], [101.613184, 3.06734], [101.613219, 3.067327], [101.613218, 3.067189]]]}}, {"type": "Feature", "properties": {}, "geometry": {"type": "Polygon", "coordinates": [[[101.613156, 3.067189], [101.613094, 3.06719], [101.61306, 3.067202], [101.613061, 3.067341], [101.613123, 3.06734], [101.613157, 3.067328], [101.613156, 3.067189]]]}}, {"type": "Feature", "properties": {}, "geometry": {"type": "Polygon", "coordinates": [[[101.613094, 3.06719], [101.613033, 3.06719], [101.612998, 3.067203], [101.612999, 3.067341], [101.613061, 3.067341], [101.613095, 3.067328], [101.613094, 3.06719]]]}}, {"type": "Feature", "properties": {}, "geometry": {"type": "Polygon", "coordinates": [[[101.613033, 3.06719], [101.612971, 3.067191], [101.612936, 3.067203], [101.612937, 3.067341], [101.612999, 3.067341], [101.613033, 3.067329], [101.613033, 3.06719]]]}}, {"type": "Feature", "properties": {}, "geometry": {"type": "Polygon", "coordinates": [[[101.612971, 3.067191], [101.612909, 3.067191], [101.612875, 3.067203], [101.612875, 3.067342], [101.612937, 3.067341], [101.612972, 3.067329], [101.612971, 3.067191]]]}}, {"type": "Feature", "properties": {}, "geometry": {"type": "Polygon", "coordinates": [[[101.612909, 3.067191], [101.612847, 3.067191], [101.612813, 3.067204], [101.612814, 3.067342], [101.612875, 3.067342], [101.61291, 3.067329], [101.612909, 3.067191]]]}}, {"type": "Feature", "properties": {}, "geometry": {"type": "Polygon", "coordinates": [[[101.612847, 3.067191], [101.612785, 3.067192], [101.612751, 3.067204], [101.612752, 3.067342], [101.612814, 3.067342], [101.612848, 3.06733], [101.612847, 3.067191]]]}}, {"type": "Feature", "properties": {}, "geometry": {"type": "Polygon", "coordinates": [[[101.612785, 3.067192], [101.612724, 3.067192], [101.612689, 3.067204], [101.61269, 3.067343], [101.612752, 3.067342], [101.612786, 3.06733], [101.612785, 3.067192]]]}}, {"type": "Feature", "properties": {}, "geometry": {"type": "Polygon", "coordinates": [[[101.613399, 3.066999], [101.613338, 3.067], [101.613304, 3.067012], [101.613305, 3.067155], [101.613366, 3.067155], [101.613401, 3.067142], [101.613399, 3.066999]]]}}, {"type": "Feature", "properties": {}, "geometry": {"type": "Polygon", "coordinates": [[[101.613338, 3.067], [101.613277, 3.067], [101.613242, 3.067013], [101.613244, 3.067156], [101.613305, 3.067155], [101.613339, 3.067143], [101.613338, 3.067]]]}}, {"type": "Feature", "properties": {}, "geometry": {"type": "Polygon", "coordinates": [[[101.613277, 3.067], [101.613215, 3.067001], [101.613181, 3.067013], [101.613182, 3.067156], [101.613244, 3.067156], [101.613278, 3.067143], [101.613277, 3.067]]]}}, {"type": "Feature", "properties": {}, "geometry": {"type": "Polygon", "coordinates": [[[101.613215, 3.067001], [101.613154, 3.067001], [101.61312, 3.067014], [101.613121, 3.067157], [101.613182, 3.067156], [101.613217, 3.067144], [101.613215, 3.067001]]]}}, {"type": "Feature", "properties": {}, "geometry": {"type": "Polygon", "coordinates": [[[101.613154, 3.067001], [101.613093, 3.067002], [101.613058, 3.067014], [101.61306, 3.067157], [101.613121, 3.067157], [101.613156, 3.067144], [101.613154, 3.067001]]]}}, {"type": "Feature", "properties": {}, "geometry": {"type": "Polygon", "coordinates": [[[101.613093, 3.067002], [101.613032, 3.067002], [101.612997, 3.067015], [101.612999, 3.067158], [101.61306, 3.067157], [101.613094, 3.067145], [101.613093, 3.067002]]]}}, {"type": "Feature", "properties": {}, "geometry": {"type": "Polygon", "coordinates": [[[101.613032, 3.067002], [101.61297, 3.067003], [101.612936, 3.067015], [101.612937, 3.067159], [101.612999, 3.067158], [101.613033, 3.067146], [101.613032, 3.067002]]]}}, {"type": "Feature", "properties": {}, "geometry": {"type": "Polygon", "coordinates": [[[101.61297, 3.067003], [101.612909, 3.067004], [101.612875, 3.067016], [101.612876, 3.067159], [101.612937, 3.067159], [101.612972, 3.067146], [101.61297, 3.067003]]]}}, {"type": "Feature", "properties": {}, "geometry": {"type": "Polygon", "coordinates": [[[101.612909, 3.067004], [101.612848, 3.067004], [101.612814, 3.067016], [101.612815, 3.06716], [101.612876, 3.067159], [101.612911, 3.067147], [101.612909, 3.067004]]]}}, {"type": "Feature", "properties": {}, "geometry": {"type": "Polygon", "coordinates": [[[101.612848, 3.067004], [101.612787, 3.067005], [101.612752, 3.067017], [101.612754, 3.06716], [101.612815, 3.06716], [101.612849, 3.067147], [101.612848, 3.067004]]]}}, {"type": "Feature", "properties": {}, "geometry": {"type": "Polygon", "coordinates": [[[101.612787, 3.067005], [101.612725, 3.067005], [101.612691, 3.067018], [101.612692, 3.067161], [101.612754, 3.06716], [101.612788, 3.067148], [101.612787, 3.067005]]]}}, {"type": "Feature", "properties": {}, "geometry": {"type": "Polygon", "coordinates": [[[101.613126, 3.066652], [101.612954, 3.066714], [101.612954, 3.066775], [101.613162, 3.066775], [101.613334, 3.066713], [101.613334, 3.066652], [101.613126, 3.066652]]]}}, {"type": "Feature", "properties": {}, "geometry": {"type": "Polygon", "coordinates": [[[101.613126, 3.06659], [101.612954, 3.066652], [101.612954, 3.066714], [101.613162, 3.066714], [101.613334, 3.066652], [101.613334, 3.06659], [101.613126, 3.06659]]]}}, {"type": "Feature", "properties": {}, "geometry": {"type": "Polygon", "coordinates": [[[101.613126, 3.066529], [101.612954, 3.066591], [101.612954, 3.066652], [101.613162, 3.066652], [101.613334, 3.06659], [101.613334, 3.066529], [101.613126, 3.066529]]]}}, {"type": "Feature", "properties": {}, "geometry": {"type": "Polygon", "coordinates": [[[101.613126, 3.066467], [101.612954, 3.066529], [101.612954, 3.066591], [101.613162, 3.066591], [101.613334, 3.066529], [101.613334, 3.066467], [101.613126, 3.066467]]]}}, {"type": "Feature", "properties": {}, "geometry": {"type": "Polygon", "coordinates": [[[101.613126, 3.066406], [101.612954, 3.066468], [101.612954, 3.066529], [101.613162, 3.066529], [101.613334, 3.066467], [101.613334, 3.066406], [101.613126, 3.066406]]]}}, {"type": "Feature", "properties": {}, "geometry": {"type": "Polygon", "coordinates": [[[101.613126, 3.066344], [101.612954, 3.066406], [101.612954, 3.066468], [101.613162, 3.066468], [101.613334, 3.066406], [101.613334, 3.066344], [101.613126, 3.066344]]]}}, {"type": "Feature", "properties": {}, "geometry": {"type": "Polygon", "coordinates": [[[101.613126, 3.066283], [101.612954, 3.066345], [101.612954, 3.066406], [101.613162, 3.066406], [101.613334, 3.066344], [101.613334, 3.066283], [101.613126, 3.066283]]]}}, {"type": "Feature", "properties": {}, "geometry": {"type": "Polygon", "coordinates": [[[101.613126, 3.066221], [101.612954, 3.066283], [101.612954, 3.066345], [101.613162, 3.066345], [101.613334, 3.066283], [101.613334, 3.066221], [101.613126, 3.066221]]]}}, {"type": "Feature", "properties": {}, "geometry": {"type": "Polygon", "coordinates": [[[101.613126, 3.06616], [101.612954, 3.066222], [101.612954, 3.066283], [101.613162, 3.066283], [101.613334, 3.066221], [101.613334, 3.06616], [101.613126, 3.06616]]]}}, {"type": "Feature", "properties": {}, "geometry": {"type": "Polygon", "coordinates": [[[101.613381, 3.066648], [101.613209, 3.06671], [101.613209, 3.066771], [101.613415, 3.066771], [101.613588, 3.066709], [101.613588, 3.066648], [101.613381, 3.066648]]]}}, {"type": "Feature", "properties": {}, "geometry": {"type": "Polygon", "coordinates": [[[101.613381, 3.066587], [101.613209, 3.066649], [101.613209, 3.06671], [101.613415, 3.06671], [101.613588, 3.066648], [101.613588, 3.066587], [101.613381, 3.066587]]]}}, {"type": "Feature", "properties": {}, "geometry": {"type": "Polygon", "coordinates": [[[101.613381, 3.066525], [101.613209, 3.066588], [101.613209, 3.066649], [101.613415, 3.066649], [101.613588, 3.066587], [101.613588, 3.066525], [101.613381, 3.066525]]]}}, {"type": "Feature", "properties": {}, "geometry": {"type": "Polygon", "coordinates": [[[101.613381, 3.066464], [101.613209, 3.066526], [101.613209, 3.066588], [101.613415, 3.066588], [101.613588, 3.066525], [101.613588, 3.066464], [101.613381, 3.066464]]]}}, {"type": "Feature", "properties": {}, "geometry": {"type": "Polygon", "coordinates": [[[101.613381, 3.066403], [101.613209, 3.066465], [101.613209, 3.066526], [101.613415, 3.066526], [101.613588, 3.066464], [101.613588, 3.066403], [101.613381, 3.066403]]]}}, {"type": "Feature", "properties": {}, "geometry": {"type": "Polygon", "coordinates": [[[101.613381, 3.066342], [101.613209, 3.066404], [101.613209, 3.066465], [101.613415, 3.066465], [101.613588, 3.066403], [101.613588, 3.066342], [101.613381, 3.066342]]]}}, {"type": "Feature", "properties": {}, "geometry": {"type": "Polygon", "coordinates": [[[101.613381, 3.066281], [101.613209, 3.066343], [101.613209, 3.066404], [101.613415, 3.066404], [101.613588, 3.066342], [101.613588, 3.066281], [101.613381, 3.066281]]]}}, {"type": "Feature", "properties": {}, "geometry": {"type": "Polygon", "coordinates": [[[101.613381, 3.066219], [101.613209, 3.066282], [101.613209, 3.066343], [101.613415, 3.066343], [101.613588, 3.066281], [101.613588, 3.066219], [101.613381, 3.066219]]]}}, {"type": "Feature", "properties": {}, "geometry": {"type": "Polygon", "coordinates": [[[101.613381, 3.066158], [101.613209, 3.06622], [101.613209, 3.066282], [101.613415, 3.066282], [101.613588, 3.066219], [101.613588, 3.066158], [101.613381, 3.066158]]]}}, {"type": "Feature", "properties": {}, "geometry": {"type": "Polygon", "coordinates": [[[101.611811, 3.066593], [101.611751, 3.066594], [101.611716, 3.066606], [101.611718, 3.066766], [101.611778, 3.066766], [101.611813, 3.066753], [101.611811, 3.066593]]]}}, {"type": "Feature", "properties": {}, "geometry": {"type": "Polygon", "coordinates": [[[101.611751, 3.066594], [101.61169, 3.066594], [101.611655, 3.066607], [101.611657, 3.066767], [101.611718, 3.066766], [101.611752, 3.066754], [101.611751, 3.066594]]]}}, {"type": "Feature", "properties": {}, "geometry": {"type": "Polygon", "coordinates": [[[101.61169, 3.066594], [101.611629, 3.066595], [101.611595, 3.066607], [101.611596, 3.066767], [101.611657, 3.066767], [101.611691, 3.066754], [101.61169, 3.066594]]]}}, {"type": "Feature", "properties": {}, "geometry": {"type": "Polygon", "coordinates": [[[101.611629, 3.066595], [101.611568, 3.066596], [101.611534, 3.066608], [101.611536, 3.066768], [101.611596, 3.066767], [101.611631, 3.066755], [101.611629, 3.066595]]]}}, {"type": "Feature", "properties": {}, "geometry": {"type": "Polygon", "coordinates": [[[101.611568, 3.066596], [101.611508, 3.066596], [101.611473, 3.066609], [101.611475, 3.066768], [101.611536, 3.066768], [101.61157, 3.066755], [101.611568, 3.066596]]]}}, {"type": "Feature", "properties": {}, "geometry": {"type": "Polygon", "coordinates": [[[101.611508, 3.066596], [101.611447, 3.066597], [101.611413, 3.066609], [101.611414, 3.066769], [101.611475, 3.066768], [101.611509, 3.066756], [101.611508, 3.066596]]]}}, {"type": "Feature", "properties": {}, "geometry": {"type": "Polygon", "coordinates": [[[101.611447, 3.066597], [101.611386, 3.066597], [101.611352, 3.06661], [101.611353, 3.066769], [101.611414, 3.066769], [101.611449, 3.066756], [101.611447, 3.066597]]]}}, {"type": "Feature", "properties": {}, "geometry": {"type": "Polygon", "coordinates": [[[101.611386, 3.066597], [101.611326, 3.066598], [101.611291, 3.06661], [101.611293, 3.06677], [101.611353, 3.066769], [101.611388, 3.066757], [101.611386, 3.066597]]]}}, {"type": "Feature", "properties": {}, "geometry": {"type": "Polygon", "coordinates": [[[101.611326, 3.066598], [101.611265, 3.066598], [101.611231, 3.066611], [101.611232, 3.066771], [101.611293, 3.06677], [101.611327, 3.066758], [101.611326, 3.066598]]]}}, {"type": "Feature", "properties": {}, "geometry": {"type": "Polygon", "coordinates": [[[101.611265, 3.066598], [101.611204, 3.066599], [101.61117, 3.066611], [101.611171, 3.066771], [101.611232, 3.066771], [101.611266, 3.066758], [101.611265, 3.066598]]]}}, {"type": "Feature", "properties": {}, "geometry": {"type": "Polygon", "coordinates": [[[101.611204, 3.066599], [101.611144, 3.066599], [101.611109, 3.066612], [101.61111, 3.066772], [101.611171, 3.066771], [101.611206, 3.066759], [101.611204, 3.066599]]]}}, {"type": "Feature", "properties": {}, "geometry": {"type": "Polygon", "coordinates": [[[101.611812, 3.066425], [101.611752, 3.066425], [101.611717, 3.066438], [101.611718, 3.06659], [101.611779, 3.066589], [101.611814, 3.066576], [101.611812, 3.066425]]]}}, {"type": "Feature", "properties": {}, "geometry": {"type": "Polygon", "coordinates": [[[101.611752, 3.066425], [101.611691, 3.066426], [101.611656, 3.066438], [101.611658, 3.06659], [101.611718, 3.06659], [101.611753, 3.066577], [101.611752, 3.066425]]]}}, {"type": "Feature", "properties": {}, "geometry": {"type": "Polygon", "coordinates": [[[101.611691, 3.066426], [101.61163, 3.066426], [101.611596, 3.066439], [101.611597, 3.066591], [101.611658, 3.06659], [101.611692, 3.066578], [101.611691, 3.066426]]]}}, {"type": "Feature", "properties": {}, "geometry": {"type": "Polygon", "coordinates": [[[101.61163, 3.066426], [101.611569, 3.066427], [101.611535, 3.066439], [101.611536, 3.066591], [101.611597, 3.066591], [101.611631, 3.066578], [101.61163, 3.066426]]]}}, {"type": "Feature", "properties": {}, "geometry": {"type": "Polygon", "coordinates": [[[101.611569, 3.066427], [101.611508, 3.066427], [101.611474, 3.06644], [101.611475, 3.066592], [101.611536, 3.066591], [101.611571, 3.066579], [101.611569, 3.066427]]]}}, {"type": "Feature", "properties": {}, "geometry": {"type": "Polygon", "coordinates": [[[101.611508, 3.066427], [101.611448, 3.066428], [101.611413, 3.06644], [101.611415, 3.066592], [101.611475, 3.066592], [101.61151, 3.066579], [101.611508, 3.066427]]]}}, {"type": "Feature", "properties": {}, "geometry": {"type": "Polygon", "coordinates": [[[101.611448, 3.066428], [101.611387, 3.066428], [101.611352, 3.066441], [101.611354, 3.066593], [101.611415, 3.066592], [101.611449, 3.06658], [101.611448, 3.066428]]]}}, {"type": "Feature", "properties": {}, "geometry": {"type": "Polygon", "coordinates": [[[101.611387, 3.066428], [101.611326, 3.066429], [101.611292, 3.066441], [101.611293, 3.066593], [101.611354, 3.066593], [101.611388, 3.06658], [101.611387, 3.066428]]]}}, {"type": "Feature", "properties": {}, "geometry": {"type": "Polygon", "coordinates": [[[101.611326, 3.066429], [101.611265, 3.06643], [101.611231, 3.066442], [101.611232, 3.066594], [101.611293, 3.066593], [101.611327, 3.066581], [101.611326, 3.066429]]]}}, {"type": "Feature", "properties": {}, "geometry": {"type": "Polygon", "coordinates": [[[101.611265, 3.06643], [101.611205, 3.06643], [101.61117, 3.066442], [101.611171, 3.066594], [101.611232, 3.066594], [101.611267, 3.066581], [101.611265, 3.06643]]]}}, {"type": "Feature", "properties": {}, "geometry": {"type": "Polygon", "coordinates": [[[101.611205, 3.06643], [101.611144, 3.066431], [101.611109, 3.066443], [101.611111, 3.066595], [101.611171, 3.066594], [101.611206, 3.066582], [101.611205, 3.06643]]]}}, {"type": "Feature", "properties": {}, "geometry": {"type": "Polygon", "coordinates": [[[101.612232, 3.066588], [101.612171, 3.066588], [101.612137, 3.066601], [101.612138, 3.066758], [101.612199, 3.066758], [101.612234, 3.066745], [101.612232, 3.066588]]]}}, {"type": "Feature", "properties": {}, "geometry": {"type": "Polygon", "coordinates": [[[101.612171, 3.066588], [101.61211, 3.066589], [101.612076, 3.066601], [101.612077, 3.066759], [101.612138, 3.066758], [101.612173, 3.066746], [101.612171, 3.066588]]]}}, {"type": "Feature", "properties": {}, "geometry": {"type": "Polygon", "coordinates": [[[101.61211, 3.066589], [101.612049, 3.066589], [101.612015, 3.066602], [101.612016, 3.066759], [101.612077, 3.066759], [101.612112, 3.066746], [101.61211, 3.066589]]]}}, {"type": "Feature", "properties": {}, "geometry": {"type": "Polygon", "coordinates": [[[101.612049, 3.066589], [101.611988, 3.06659], [101.611954, 3.066602], [101.611955, 3.06676], [101.612016, 3.066759], [101.612051, 3.066747], [101.612049, 3.066589]]]}}, {"type": "Feature", "properties": {}, "geometry": {"type": "Polygon", "coordinates": [[[101.611988, 3.06659], [101.611927, 3.066591], [101.611893, 3.066603], [101.611894, 3.06676], [101.611955, 3.06676], [101.611989, 3.066747], [101.611988, 3.06659]]]}}, {"type": "Feature", "properties": {}, "geometry": {"type": "Polygon", "coordinates": [[[101.612232, 3.066429], [101.612171, 3.066429], [101.612136, 3.066442], [101.612138, 3.066585], [101.612199, 3.066584], [101.612234, 3.066572], [101.612232, 3.066429]]]}}, {"type": "Feature", "properties": {}, "geometry": {"type": "Polygon", "coordinates": [[[101.612171, 3.066429], [101.612109, 3.06643], [101.612075, 3.066442], [101.612076, 3.066586], [101.612138, 3.066585], [101.612172, 3.066573], [101.612171, 3.066429]]]}}, {"type": "Feature", "properties": {}, "geometry": {"type": "Polygon", "coordinates": [[[101.612109, 3.06643], [101.612048, 3.06643], [101.612014, 3.066443], [101.612015, 3.066586], [101.612076, 3.066586], [101.612111, 3.066573], [101.612109, 3.06643]]]}}, {"type": "Feature", "properties": {}, "geometry": {"type": "Polygon", "coordinates": [[[101.612048, 3.06643], [101.611987, 3.066431], [101.611952, 3.066443], [101.611953, 3.066587], [101.612015, 3.066586], [101.612049, 3.066574], [101.612048, 3.06643]]]}}, {"type": "Feature", "properties": {}, "geometry": {"type": "Polygon", "coordinates": [[[101.611987, 3.066431], [101.611925, 3.066432], [101.611891, 3.066444], [101.611892, 3.066587], [101.611953, 3.066587], [101.611988, 3.066574], [101.611987, 3.066431]]]}}, {"type": "Feature", "properties": {}, "geometry": {"type": "Polygon", "coordinates": [[[101.611756, 3.065883], [101.611722, 3.065896], [101.611721, 3.066035], [101.611782, 3.066035], [101.611816, 3.066023], [101.611817, 3.065884], [101.611756, 3.065883]]]}}, {"type": "Feature", "properties": {}, "geometry": {"type": "Polygon", "coordinates": [[[101.611695, 3.065883], [101.61166, 3.065895], [101.61166, 3.066034], [101.611721, 3.066035], [101.611755, 3.066022], [101.611756, 3.065883], [101.611695, 3.065883]]]}}, {"type": "Feature", "properties": {}, "geometry": {"type": "Polygon", "coordinates": [[[101.611634, 3.065883], [101.611599, 3.065895], [101.611598, 3.066034], [101.61166, 3.066034], [101.611694, 3.066022], [101.611695, 3.065883], [101.611634, 3.065883]]]}}, {"type": "Feature", "properties": {}, "geometry": {"type": "Polygon", "coordinates": [[[101.611573, 3.065882], [101.611538, 3.065895], [101.611538, 3.066033], [101.611598, 3.066034], [101.611633, 3.066021], [101.611634, 3.065883], [101.611573, 3.065882]]]}}, {"type": "Feature", "properties": {}, "geometry": {"type": "Polygon", "coordinates": [[[101.611512, 3.065882], [101.611478, 3.065894], [101.611477, 3.066033], [101.611538, 3.066033], [101.611572, 3.066021], [101.611573, 3.065882], [101.611512, 3.065882]]]}}, {"type": "Feature", "properties": {}, "geometry": {"type": "Polygon", "coordinates": [[[101.611451, 3.065881], [101.611417, 3.065894], [101.611416, 3.066032], [101.611477, 3.066033], [101.611511, 3.066021], [101.611512, 3.065882], [101.611451, 3.065881]]]}}, {"type": "Feature", "properties": {}, "geometry": {"type": "Polygon", "coordinates": [[[101.61139, 3.065881], [101.611356, 3.065893], [101.611355, 3.066032], [101.611416, 3.066032], [101.61145, 3.06602], [101.611451, 3.065881], [101.61139, 3.065881]]]}}, {"type": "Feature", "properties": {}, "geometry": {"type": "Polygon", "coordinates": [[[101.611329, 3.06588], [101.611295, 3.065893], [101.611294, 3.066032], [101.611355, 3.066032], [101.611389, 3.06602], [101.61139, 3.065881], [101.611329, 3.06588]]]}}, {"type": "Feature", "properties": {}, "geometry": {"type": "Polygon", "coordinates": [[[101.611268, 3.06588], [101.611234, 3.065892], [101.611233, 3.066031], [101.611294, 3.066032], [101.611328, 3.066019], [101.611329, 3.06588], [101.611268, 3.06588]]]}}, {"type": "Feature", "properties": {}, "geometry": {"type": "Polygon", "coordinates": [[[101.611207, 3.06588], [101.611173, 3.065892], [101.611172, 3.066031], [101.611233, 3.066031], [101.611267, 3.066019], [101.611268, 3.06588], [101.611207, 3.06588]]]}}, {"type": "Feature", "properties": {}, "geometry": {"type": "Polygon", "coordinates": [[[101.611077, 3.065879], [101.611043, 3.065891], [101.611042, 3.06603], [101.611111, 3.06603], [101.611145, 3.066018], [101.611146, 3.065879], [101.611077, 3.065879]]]}}, {"type": "Feature", "properties": {}, "geometry": {"type": "Polygon", "coordinates": [[[101.612422, 3.06604], [101.61236, 3.06604], [101.612325, 3.066053], [101.612327, 3.066213], [101.612388, 3.066212], [101.612423, 3.0662], [101.612422, 3.06604]]]}}, {"type": "Feature", "properties": {}, "geometry": {"type": "Polygon", "coordinates": [[[101.61236, 3.06604], [101.612298, 3.066041], [101.612264, 3.066053], [101.612265, 3.066213], [101.612327, 3.066213], [101.612361, 3.0662], [101.61236, 3.06604]]]}}, {"type": "Feature", "properties": {}, "geometry": {"type": "Polygon", "coordinates": [[[101.612298, 3.066041], [101.612237, 3.066042], [101.612202, 3.066054], [101.612204, 3.066214], [101.612265, 3.066213], [101.6123, 3.066201], [101.612298, 3.066041]]]}}, {"type": "Feature", "properties": {}, "geometry": {"type": "Polygon", "coordinates": [[[101.612237, 3.066042], [101.612175, 3.066042], [101.612141, 3.066054], [101.612142, 3.066214], [101.612204, 3.066214], [101.612238, 3.066201], [101.612237, 3.066042]]]}}, {"type": "Feature", "properties": {}, "geometry": {"type": "Polygon", "coordinates": [[[101.612175, 3.066042], [101.612114, 3.066043], [101.612079, 3.066055], [101.612081, 3.066215], [101.612142, 3.066214], [101.612177, 3.066202], [101.612175, 3.066042]]]}}, {"type": "Feature", "properties": {}, "geometry": {"type": "Polygon", "coordinates": [[[101.612114, 3.066043], [101.612052, 3.066043], [101.612017, 3.066056], [101.612019, 3.066215], [101.612081, 3.066215], [101.612115, 3.066202], [101.612114, 3.066043]]]}}, {"type": "Feature", "properties": {}, "geometry": {"type": "Polygon", "coordinates": [[[101.612052, 3.066043], [101.61199, 3.066044], [101.611956, 3.066056], [101.611957, 3.066216], [101.612019, 3.066215], [101.612053, 3.066203], [101.612052, 3.066043]]]}}, {"type": "Feature", "properties": {}, "geometry": {"type": "Polygon", "coordinates": [[[101.61199, 3.066044], [101.611929, 3.066044], [101.611894, 3.066057], [101.611896, 3.066217], [101.611957, 3.066216], [101.611992, 3.066204], [101.61199, 3.066044]]]}}, {"type": "Feature", "properties": {}, "geometry": {"type": "Polygon", "coordinates": [[[101.611927, 3.065877], [101.611866, 3.065878], [101.611832, 3.06589], [101.611833, 3.066028], [101.611894, 3.066027], [101.611929, 3.066015], [101.611927, 3.065877]]]}}, {"type": "Feature", "properties": {}, "geometry": {"type": "Polygon", "coordinates": [[[101.611988, 3.065877], [101.611927, 3.065877], [101.611893, 3.06589], [101.611894, 3.066027], [101.611955, 3.066027], [101.61199, 3.066014], [101.611988, 3.065877]]]}}, {"type": "Feature", "properties": {}, "geometry": {"type": "Polygon", "coordinates": [[[101.61205, 3.065876], [101.611988, 3.065877], [101.611954, 3.065889], [101.611955, 3.066027], [101.612016, 3.066026], [101.612051, 3.066014], [101.61205, 3.065876]]]}}, {"type": "Feature", "properties": {}, "geometry": {"type": "Polygon", "coordinates": [[[101.612111, 3.065876], [101.61205, 3.065876], [101.612015, 3.065889], [101.612016, 3.066026], [101.612077, 3.066025], [101.612112, 3.066013], [101.612111, 3.065876]]]}}, {"type": "Feature", "properties": {}, "geometry": {"type": "Polygon", "coordinates": [[[101.612172, 3.065875], [101.612111, 3.065876], [101.612076, 3.065888], [101.612077, 3.066025], [101.612139, 3.066025], [101.612173, 3.066012], [101.612172, 3.065875]]]}}, {"type": "Feature", "properties": {}, "geometry": {"type": "Polygon", "coordinates": [[[101.612233, 3.065875], [101.612172, 3.065875], [101.612137, 3.065888], [101.612139, 3.066025], [101.6122, 3.066024], [101.612234, 3.066012], [101.612233, 3.065875]]]}}, {"type": "Feature", "properties": {}, "geometry": {"type": "Polygon", "coordinates": [[[101.612294, 3.065874], [101.612233, 3.065875], [101.612198, 3.065887], [101.6122, 3.066024], [101.612261, 3.066024], [101.612295, 3.066011], [101.612294, 3.065874]]]}}, {"type": "Feature", "properties": {}, "geometry": {"type": "Polygon", "coordinates": [[[101.612355, 3.065873], [101.612294, 3.065874], [101.612259, 3.065886], [101.612261, 3.066024], [101.612322, 3.066023], [101.612356, 3.066011], [101.612355, 3.065873]]]}}, {"type": "Feature", "properties": {}, "geometry": {"type": "Polygon", "coordinates": [[[101.611819, 3.066042], [101.611757, 3.066043], [101.611723, 3.066055], [101.611724, 3.066217], [101.611786, 3.066217], [101.611821, 3.066204], [101.611819, 3.066042]]]}}, {"type": "Feature", "properties": {}, "geometry": {"type": "Polygon", "coordinates": [[[101.611757, 3.066043], [101.611696, 3.066043], [101.611661, 3.066056], [101.611663, 3.066218], [101.611724, 3.066217], [101.611759, 3.066205], [101.611757, 3.066043]]]}}, {"type": "Feature", "properties": {}, "geometry": {"type": "Polygon", "coordinates": [[[101.611696, 3.066043], [101.611634, 3.066044], [101.6116, 3.066056], [101.611601, 3.066218], [101.611663, 3.066218], [101.611697, 3.066205], [101.611696, 3.066043]]]}}, {"type": "Feature", "properties": {}, "geometry": {"type": "Polygon", "coordinates": [[[101.611634, 3.066044], [101.611573, 3.066045], [101.611538, 3.066057], [101.61154, 3.066219], [101.611601, 3.066218], [101.611636, 3.066206], [101.611634, 3.066044]]]}}, {"type": "Feature", "properties": {}, "geometry": {"type": "Polygon", "coordinates": [[[101.611573, 3.066045], [101.611511, 3.066045], [101.611477, 3.066057], [101.611478, 3.066219], [101.61154, 3.066219], [101.611574, 3.066206], [101.611573, 3.066045]]]}}, {"type": "Feature", "properties": {}, "geometry": {"type": "Polygon", "coordinates": [[[101.611511, 3.066045], [101.61145, 3.066046], [101.611415, 3.066058], [101.611417, 3.06622], [101.611478, 3.066219], [101.611513, 3.066207], [101.611511, 3.066045]]]}}, {"type": "Feature", "properties": {}, "geometry": {"type": "Polygon", "coordinates": [[[101.61145, 3.066046], [101.611388, 3.066046], [101.611354, 3.066059], [101.611355, 3.066221], [101.611417, 3.06622], [101.611451, 3.066207], [101.61145, 3.066046]]]}}, {"type": "Feature", "properties": {}, "geometry": {"type": "Polygon", "coordinates": [[[101.611388, 3.066046], [101.611327, 3.066047], [101.611292, 3.066059], [101.611294, 3.066221], [101.611355, 3.066221], [101.61139, 3.066208], [101.611388, 3.066046]]]}}, {"type": "Feature", "properties": {}, "geometry": {"type": "Polygon", "coordinates": [[[101.611327, 3.066047], [101.611265, 3.066047], [101.611231, 3.06606], [101.611232, 3.066222], [101.611294, 3.066221], [101.611328, 3.066209], [101.611327, 3.066047]]]}}, {"type": "Feature", "properties": {}, "geometry": {"type": "Polygon", "coordinates": [[[101.611265, 3.066047], [101.611203, 3.066048], [101.611169, 3.06606], [101.611171, 3.066222], [101.611232, 3.066222], [101.611267, 3.066209], [101.611265, 3.066047]]]}}, {"type": "Feature", "properties": {}, "geometry": {"type": "Polygon", "coordinates": [[[101.611203, 3.066048], [101.611142, 3.066048], [101.611108, 3.066061], [101.611109, 3.066223], [101.611171, 3.066222], [101.611205, 3.06621], [101.611203, 3.066048]]]}}, {"type": "Feature", "properties": {}, "geometry": {"type": "Polygon", "coordinates": [[[101.615075, 3.074038], [101.615013, 3.074038], [101.614948, 3.074061], [101.614949, 3.074279], [101.615011, 3.074278], [101.615076, 3.074255], [101.615075, 3.074038]]]}}, {"type": "Feature", "properties": {}, "geometry": {"type": "Polygon", "coordinates": [[[101.615076, 3.073775], [101.615014, 3.073775], [101.614949, 3.073798], [101.614949, 3.074021], [101.615011, 3.074021], [101.615076, 3.073998], [101.615076, 3.073775]]]}}, {"type": "Feature", "properties": {}, "geometry": {"type": "Polygon", "coordinates": [[[101.614975, 3.073351], [101.614919, 3.073351], [101.614885, 3.073363], [101.614885, 3.073506], [101.61494, 3.073506], [101.614975, 3.073494], [101.614975, 3.073351]]]}}, {"type": "Feature", "properties": {}, "geometry": {"type": "Polygon", "coordinates": [[[101.614975, 3.073351], [101.61494, 3.073363], [101.61494, 3.073506], [101.614996, 3.073506], [101.61503, 3.073494], [101.61503, 3.073351], [101.614975, 3.073351]]]}}, {"type": "Feature", "properties": {}, "geometry": {"type": "Polygon", "coordinates": [[[101.615085, 3.073351], [101.61503, 3.073351], [101.614996, 3.073363], [101.614996, 3.073506], [101.615051, 3.073506], [101.615086, 3.073494], [101.615085, 3.073351]]]}}, {"type": "Feature", "properties": {}, "geometry": {"type": "Polygon", "coordinates": [[[101.615082, 3.073174], [101.615027, 3.073174], [101.614992, 3.073187], [101.614993, 3.073347], [101.615048, 3.073347], [101.615082, 3.073334], [101.615082, 3.073174]]]}}, {"type": "Feature", "properties": {}, "geometry": {"type": "Polygon", "coordinates": [[[101.615027, 3.073174], [101.614972, 3.073174], [101.614937, 3.073187], [101.614937, 3.073347], [101.614993, 3.073347], [101.615027, 3.073334], [101.615027, 3.073174]]]}}, {"type": "Feature", "properties": {}, "geometry": {"type": "Polygon", "coordinates": [[[101.614975, 3.072847], [101.614921, 3.072847], [101.614886, 3.07286], [101.614886, 3.073001], [101.614941, 3.073001], [101.614975, 3.072989], [101.614975, 3.072847]]]}}, {"type": "Feature", "properties": {}, "geometry": {"type": "Polygon", "coordinates": [[[101.61503, 3.072847], [101.614975, 3.072847], [101.614941, 3.07286], [101.614941, 3.073001], [101.614996, 3.073001], [101.61503, 3.072989], [101.61503, 3.072847]]]}}, {"type": "Feature", "properties": {}, "geometry": {"type": "Polygon", "coordinates": [[[101.615084, 3.072847], [101.61503, 3.072847], [101.614995, 3.07286], [101.614996, 3.073001], [101.61505, 3.073001], [101.615085, 3.072989], [101.615084, 3.072847]]]}}, {"type": "Feature", "properties": {}, "geometry": {"type": "Polygon", "coordinates": [[[101.615083, 3.072673], [101.615027, 3.072673], [101.614993, 3.072686], [101.614993, 3.072843], [101.615049, 3.072843], [101.615083, 3.072831], [101.615083, 3.072673]]]}}, {"type": "Feature", "properties": {}, "geometry": {"type": "Polygon", "coordinates": [[[101.615027, 3.072673], [101.614972, 3.072673], [101.614938, 3.072686], [101.614938, 3.072843], [101.614993, 3.072843], [101.615028, 3.072831], [101.615027, 3.072673]]]}}, {"type": "Feature", "properties": {}, "geometry": {"type": "Polygon", "coordinates": [[[101.614969, 3.072352], [101.614914, 3.072352], [101.61488, 3.072364], [101.61488, 3.072505], [101.614935, 3.072505], [101.61497, 3.072492], [101.614969, 3.072352]]]}}, {"type": "Feature", "properties": {}, "geometry": {"type": "Polygon", "coordinates": [[[101.615025, 3.072351], [101.614969, 3.072352], [101.614935, 3.072364], [101.614935, 3.072505], [101.61499, 3.072504], [101.615025, 3.072492], [101.615025, 3.072351]]]}}, {"type": "Feature", "properties": {}, "geometry": {"type": "Polygon", "coordinates": [[[101.61508, 3.072351], [101.615025, 3.072351], [101.61499, 3.072364], [101.61499, 3.072504], [101.615046, 3.072504], [101.61508, 3.072492], [101.61508, 3.072351]]]}}, {"type": "Feature", "properties": {}, "geometry": {"type": "Polygon", "coordinates": [[[101.61508, 3.072175], [101.615024, 3.072175], [101.614989, 3.072187], [101.61499, 3.072343], [101.615045, 3.072343], [101.61508, 3.07233], [101.61508, 3.072175]]]}}, {"type": "Feature", "properties": {}, "geometry": {"type": "Polygon", "coordinates": [[[101.615024, 3.072175], [101.614968, 3.072175], [101.614934, 3.072187], [101.614934, 3.072343], [101.61499, 3.072343], [101.615024, 3.07233], [101.615024, 3.072175]]]}}, {"type": "Feature", "properties": {}, "geometry": {"type": "Polygon", "coordinates": [[[101.614972, 3.07185], [101.614898, 3.071851], [101.614863, 3.071863], [101.614864, 3.072008], [101.614938, 3.072008], [101.614972, 3.071995], [101.614972, 3.07185]]]}}, {"type": "Feature", "properties": {}, "geometry": {"type": "Polygon", "coordinates": [[[101.614972, 3.07185], [101.614937, 3.071863], [101.614938, 3.072008], [101.614993, 3.072008], [101.615027, 3.071995], [101.615027, 3.07185], [101.614972, 3.07185]]]}}, {"type": "Feature", "properties": {}, "geometry": {"type": "Polygon", "coordinates": [[[101.615082, 3.07185], [101.615027, 3.07185], [101.614993, 3.071863], [101.614993, 3.072008], [101.615048, 3.072008], [101.615083, 3.071995], [101.615082, 3.07185]]]}}, {"type": "Feature", "properties": {}, "geometry": {"type": "Polygon", "coordinates": [[[101.615082, 3.071679], [101.615027, 3.071679], [101.614992, 3.071692], [101.614993, 3.071838], [101.615048, 3.071837], [101.615082, 3.071825], [101.615082, 3.071679]]]}}, {"type": "Feature", "properties": {}, "geometry": {"type": "Polygon", "coordinates": [[[101.615027, 3.071679], [101.614972, 3.071679], [101.614937, 3.071692], [101.614937, 3.071838], [101.614993, 3.071838], [101.615027, 3.071825], [101.615027, 3.071679]]]}}, {"type": "Feature", "properties": {}, "geometry": {"type": "Polygon", "coordinates": [[[101.614684, 3.073899], [101.614629, 3.0739], [101.614595, 3.073912], [101.614596, 3.074052], [101.614651, 3.074052], [101.614685, 3.074039], [101.614684, 3.073899]]]}}, {"type": "Feature", "properties": {}, "geometry": {"type": "Polygon", "coordinates": [[[101.614629, 3.0739], [101.614574, 3.0739], [101.61454, 3.073913], [101.614541, 3.074052], [101.614596, 3.074052], [101.61463, 3.07404], [101.614629, 3.0739]]]}}, {"type": "Feature", "properties": {}, "geometry": {"type": "Polygon", "coordinates": [[[101.614574, 3.0739], [101.61452, 3.073901], [101.614485, 3.073913], [101.614486, 3.074053], [101.614541, 3.074052], [101.614576, 3.07404], [101.614574, 3.0739]]]}}, {"type": "Feature", "properties": {}, "geometry": {"type": "Polygon", "coordinates": [[[101.61452, 3.073901], [101.614465, 3.073901], [101.61443, 3.073914], [101.614431, 3.074053], [101.614486, 3.074053], [101.614521, 3.07404], [101.61452, 3.073901]]]}}, {"type": "Feature", "properties": {}, "geometry": {"type": "Polygon", "coordinates": [[[101.614465, 3.073901], [101.61441, 3.073902], [101.614375, 3.073914], [101.614377, 3.074054], [101.614431, 3.074053], [101.614466, 3.074041], [101.614465, 3.073901]]]}}, {"type": "Feature", "properties": {}, "geometry": {"type": "Polygon", "coordinates": [[[101.61441, 3.073902], [101.614355, 3.073902], [101.614321, 3.073914], [101.614322, 3.074054], [101.614377, 3.074054], [101.614411, 3.074041], [101.61441, 3.073902]]]}}, {"type": "Feature", "properties": {}, "geometry": {"type": "Polygon", "coordinates": [[[101.614355, 3.073902], [101.6143, 3.073902], [101.614266, 3.073915], [101.614267, 3.074055], [101.614322, 3.074054], [101.614356, 3.074042], [101.614355, 3.073902]]]}}, {"type": "Feature", "properties": {}, "geometry": {"type": "Polygon", "coordinates": [[[101.6143, 3.073902], [101.614245, 3.073903], [101.614211, 3.073915], [101.614212, 3.074055], [101.614267, 3.074055], [101.614301, 3.074042], [101.6143, 3.073902]]]}}, {"type": "Feature", "properties": {}, "geometry": {"type": "Polygon", "coordinates": [[[101.614349, 3.074068], [101.614315, 3.074081], [101.614315, 3.074223], [101.614372, 3.074223], [101.614406, 3.07421], [101.614406, 3.074068], [101.614349, 3.074068]]]}}, {"type": "Feature", "properties": {}, "geometry": {"type": "Polygon", "coordinates": [[[101.614462, 3.074068], [101.614406, 3.074068], [101.614371, 3.074081], [101.614372, 3.074223], [101.614428, 3.074222], [101.614462, 3.07421], [101.614462, 3.074068]]]}}, {"type": "Feature", "properties": {}, "geometry": {"type": "Polygon", "coordinates": [[[101.614518, 3.074068], [101.614462, 3.074068], [101.614428, 3.074081], [101.614428, 3.074222], [101.614484, 3.074222], [101.614519, 3.07421], [101.614518, 3.074068]]]}}, {"type": "Feature", "properties": {}, "geometry": {"type": "Polygon", "coordinates": [[[101.614575, 3.074068], [101.614518, 3.074068], [101.614484, 3.074081], [101.614484, 3.074222], [101.614541, 3.074222], [101.614575, 3.07421], [101.614575, 3.074068]]]}}, {"type": "Feature", "properties": {}, "geometry": {"type": "Polygon", "coordinates": [[[101.614631, 3.074068], [101.614575, 3.074068], [101.61454, 3.074081], [101.614541, 3.074222], [101.614597, 3.074222], [101.614631, 3.07421], [101.614631, 3.074068]]]}}, {"type": "Feature", "properties": {}, "geometry": {"type": "Polygon", "coordinates": [[[101.613965, 3.073569], [101.613911, 3.073569], [101.613876, 3.073581], [101.613877, 3.073724], [101.613931, 3.073724], [101.613965, 3.073712], [101.613965, 3.073569]]]}}, {"type": "Feature", "properties": {}, "geometry": {"type": "Polygon", "coordinates": [[[101.614019, 3.073569], [101.613965, 3.073569], [101.61393, 3.073581], [101.613931, 3.073724], [101.613985, 3.073724], [101.614019, 3.073712], [101.614019, 3.073569]]]}}, {"type": "Feature", "properties": {}, "geometry": {"type": "Polygon", "coordinates": [[[101.614073, 3.073569], [101.614019, 3.073569], [101.613984, 3.073581], [101.613985, 3.073724], [101.614039, 3.073724], [101.614073, 3.073712], [101.614073, 3.073569]]]}}, {"type": "Feature", "properties": {}, "geometry": {"type": "Polygon", "coordinates": [[[101.614073, 3.073569], [101.614038, 3.073581], [101.614039, 3.073724], [101.614093, 3.073724], [101.614127, 3.073712], [101.614127, 3.073569], [101.614073, 3.073569]]]}}, {"type": "Feature", "properties": {}, "geometry": {"type": "Polygon", "coordinates": [[[101.614181, 3.073569], [101.614127, 3.073569], [101.614092, 3.073581], [101.614093, 3.073724], [101.614147, 3.073724], [101.614181, 3.073712], [101.614181, 3.073569]]]}}, {"type": "Feature", "properties": {}, "geometry": {"type": "Polygon", "coordinates": [[[101.614235, 3.073568], [101.614181, 3.073569], [101.614146, 3.073581], [101.614147, 3.073724], [101.614201, 3.073724], [101.614235, 3.073712], [101.614235, 3.073568]]]}}, {"type": "Feature", "properties": {}, "geometry": {"type": "Polygon", "coordinates": [[[101.614289, 3.073568], [101.614235, 3.073568], [101.6142, 3.073581], [101.614201, 3.073724], [101.614255, 3.073724], [101.614289, 3.073711], [101.614289, 3.073568]]]}}, {"type": "Feature", "properties": {}, "geometry": {"type": "Polygon", "coordinates": [[[101.614289, 3.073568], [101.614255, 3.073581], [101.614255, 3.073724], [101.614309, 3.073724], [101.614343, 3.073711], [101.614343, 3.073568], [101.614289, 3.073568]]]}}, {"type": "Feature", "properties": {}, "geometry": {"type": "Polygon", "coordinates": [[[101.614397, 3.073568], [101.614343, 3.073568], [101.614309, 3.073581], [101.614309, 3.073724], [101.614363, 3.073724], [101.614397, 3.073711], [101.614397, 3.073568]]]}}, {"type": "Feature", "properties": {}, "geometry": {"type": "Polygon", "coordinates": [[[101.614451, 3.073568], [101.614397, 3.073568], [101.614363, 3.073581], [101.614363, 3.073724], [101.614417, 3.073724], [101.614451, 3.073711], [101.614451, 3.073568]]]}}, {"type": "Feature", "properties": {}, "geometry": {"type": "Polygon", "coordinates": [[[101.614505, 3.073568], [101.614451, 3.073568], [101.614417, 3.073581], [101.614417, 3.073724], [101.614471, 3.073724], [101.614505, 3.073711], [101.614505, 3.073568]]]}}, {"type": "Feature", "properties": {}, "geometry": {"type": "Polygon", "coordinates": [[[101.614505, 3.073568], [101.614471, 3.07358], [101.614471, 3.073724], [101.614525, 3.073724], [101.614559, 3.073711], [101.614559, 3.073568], [101.614505, 3.073568]]]}}, {"type": "Feature", "properties": {}, "geometry": {"type": "Polygon", "coordinates": [[[101.614613, 3.073568], [101.614559, 3.073568], [101.614525, 3.07358], [101.614525, 3.073724], [101.614579, 3.073723], [101.614613, 3.073711], [101.614613, 3.073568]]]}}, {"type": "Feature", "properties": {}, "geometry": {"type": "Polygon", "coordinates": [[[101.614678, 3.073402], [101.614623, 3.073402], [101.614588, 3.073415], [101.614588, 3.073554], [101.614644, 3.073553], [101.614678, 3.073541], [101.614678, 3.073402]]]}}, {"type": "Feature", "properties": {}, "geometry": {"type": "Polygon", "coordinates": [[[101.614567, 3.073402], [101.614533, 3.073415], [101.614533, 3.073554], [101.614588, 3.073554], [101.614623, 3.073541], [101.614623, 3.073402], [101.614567, 3.073402]]]}}, {"type": "Feature", "properties": {}, "geometry": {"type": "Polygon", "coordinates": [[[101.614567, 3.073402], [101.614512, 3.073402], [101.614478, 3.073415], [101.614478, 3.073554], [101.614533, 3.073554], [101.614568, 3.073541], [101.614567, 3.073402]]]}}, {"type": "Feature", "properties": {}, "geometry": {"type": "Polygon", "coordinates": [[[101.614512, 3.073402], [101.614457, 3.073402], [101.614422, 3.073415], [101.614423, 3.073554], [101.614478, 3.073554], [101.614512, 3.073541], [101.614512, 3.073402]]]}}, {"type": "Feature", "properties": {}, "geometry": {"type": "Polygon", "coordinates": [[[101.614457, 3.073402], [101.614402, 3.073403], [101.614367, 3.073415], [101.614367, 3.073554], [101.614423, 3.073554], [101.614457, 3.073541], [101.614457, 3.073402]]]}}, {"type": "Feature", "properties": {}, "geometry": {"type": "Polygon", "coordinates": [[[101.614402, 3.073403], [101.614346, 3.073403], [101.614312, 3.073415], [101.614312, 3.073554], [101.614367, 3.073554], [101.614402, 3.073541], [101.614402, 3.073403]]]}}, {"type": "Feature", "properties": {}, "geometry": {"type": "Polygon", "coordinates": [[[101.614346, 3.073403], [101.614291, 3.073403], [101.614257, 3.073415], [101.614257, 3.073554], [101.614312, 3.073554], [101.614347, 3.073542], [101.614346, 3.073403]]]}}, {"type": "Feature", "properties": {}, "geometry": {"type": "Polygon", "coordinates": [[[101.614291, 3.073403], [101.614236, 3.073403], [101.614201, 3.073415], [101.614201, 3.073554], [101.614257, 3.073554], [101.614291, 3.073542], [101.614291, 3.073403]]]}}, {"type": "Feature", "properties": {}, "geometry": {"type": "Polygon", "coordinates": [[[101.61418, 3.073403], [101.614146, 3.073415], [101.614146, 3.073554], [101.614201, 3.073554], [101.614236, 3.073542], [101.614236, 3.073403], [101.61418, 3.073403]]]}}, {"type": "Feature", "properties": {}, "geometry": {"type": "Polygon", "coordinates": [[[101.61418, 3.073403], [101.614125, 3.073403], [101.614091, 3.073415], [101.614091, 3.073554], [101.614146, 3.073554], [101.614181, 3.073542], [101.61418, 3.073403]]]}}, {"type": "Feature", "properties": {}, "geometry": {"type": "Polygon", "coordinates": [[[101.614125, 3.073403], [101.61407, 3.073403], [101.614035, 3.073415], [101.614036, 3.073554], [101.614091, 3.073554], [101.614125, 3.073542], [101.614125, 3.073403]]]}}, {"type": "Feature", "properties": {}, "geometry": {"type": "Polygon", "coordinates": [[[101.61407, 3.073403], [101.614015, 3.073403], [101.61398, 3.073416], [101.61398, 3.073555], [101.614036, 3.073554], [101.61407, 3.073542], [101.61407, 3.073403]]]}}, {"type": "Feature", "properties": {}, "geometry": {"type": "Polygon", "coordinates": [[[101.614015, 3.073403], [101.613959, 3.073403], [101.613925, 3.073416], [101.613925, 3.073555], [101.61398, 3.073555], [101.614015, 3.073542], [101.614015, 3.073403]]]}}, {"type": "Feature", "properties": {}, "geometry": {"type": "Polygon", "coordinates": [[[101.613908, 3.07307], [101.613874, 3.073082], [101.613874, 3.073225], [101.613929, 3.073225], [101.613963, 3.073213], [101.613963, 3.07307], [101.613908, 3.07307]]]}}, {"type": "Feature", "properties": {}, "geometry": {"type": "Polygon", "coordinates": [[[101.614018, 3.07307], [101.613963, 3.07307], [101.613929, 3.073082], [101.613929, 3.073225], [101.613984, 3.073225], [101.614018, 3.073212], [101.614018, 3.07307]]]}}, {"type": "Feature", "properties": {}, "geometry": {"type": "Polygon", "coordinates": [[[101.614073, 3.073069], [101.614018, 3.07307], [101.613984, 3.073082], [101.613984, 3.073225], [101.614039, 3.073225], [101.614074, 3.073212], [101.614073, 3.073069]]]}}, {"type": "Feature", "properties": {}, "geometry": {"type": "Polygon", "coordinates": [[[101.614128, 3.073069], [101.614073, 3.073069], [101.614039, 3.073082], [101.614039, 3.073225], [101.614094, 3.073225], [101.614129, 3.073212], [101.614128, 3.073069]]]}}, {"type": "Feature", "properties": {}, "geometry": {"type": "Polygon", "coordinates": [[[101.614184, 3.073069], [101.614128, 3.073069], [101.614094, 3.073082], [101.614094, 3.073225], [101.614149, 3.073225], [101.614184, 3.073212], [101.614184, 3.073069]]]}}, {"type": "Feature", "properties": {}, "geometry": {"type": "Polygon", "coordinates": [[[101.614184, 3.073069], [101.614149, 3.073082], [101.614149, 3.073225], [101.614204, 3.073225], [101.614239, 3.073212], [101.614239, 3.073069], [101.614184, 3.073069]]]}}, {"type": "Feature", "properties": {}, "geometry": {"type": "Polygon", "coordinates": [[[101.614294, 3.073069], [101.614239, 3.073069], [101.614204, 3.073082], [101.614204, 3.073225], [101.61426, 3.073224], [101.614294, 3.073212], [101.614294, 3.073069]]]}}, {"type": "Feature", "properties": {}, "geometry": {"type": "Polygon", "coordinates": [[[101.614349, 3.073069], [101.614294, 3.073069], [101.614259, 3.073082], [101.61426, 3.073224], [101.614315, 3.073224], [101.614349, 3.073212], [101.614349, 3.073069]]]}}, {"type": "Feature", "properties": {}, "geometry": {"type": "Polygon", "coordinates": [[[101.614404, 3.073069], [101.614349, 3.073069], [101.614314, 3.073081], [101.614315, 3.073224], [101.61437, 3.073224], [101.614404, 3.073212], [101.614404, 3.073069]]]}}, {"type": "Feature", "properties": {}, "geometry": {"type": "Polygon", "coordinates": [[[101.614459, 3.073069], [101.614404, 3.073069], [101.614369, 3.073081], [101.61437, 3.073224], [101.614425, 3.073224], [101.614459, 3.073212], [101.614459, 3.073069]]]}}, {"type": "Feature", "properties": {}, "geometry": {"type": "Polygon", "coordinates": [[[101.614459, 3.073069], [101.614424, 3.073081], [101.614425, 3.073224], [101.61448, 3.073224], [101.614514, 3.073212], [101.614514, 3.073069], [101.614459, 3.073069]]]}}, {"type": "Feature", "properties": {}, "geometry": {"type": "Polygon", "coordinates": [[[101.614569, 3.073069], [101.614514, 3.073069], [101.61448, 3.073081], [101.61448, 3.073224], [101.614535, 3.073224], [101.614569, 3.073212], [101.614569, 3.073069]]]}}, {"type": "Feature", "properties": {}, "geometry": {"type": "Polygon", "coordinates": [[[101.614624, 3.073069], [101.614569, 3.073069], [101.614535, 3.073081], [101.614535, 3.073224], [101.61459, 3.073224], [101.614624, 3.073212], [101.614624, 3.073069]]]}}, {"type": "Feature", "properties": {}, "geometry": {"type": "Polygon", "coordinates": [[[101.614677, 3.072898], [101.614621, 3.072898], [101.614587, 3.072911], [101.614587, 3.073057], [101.614642, 3.073057], [101.614677, 3.073044], [101.614677, 3.072898]]]}}, {"type": "Feature", "properties": {}, "geometry": {"type": "Polygon", "coordinates": [[[101.614621, 3.072898], [101.614566, 3.072899], [101.614532, 3.072911], [101.614532, 3.073057], [101.614587, 3.073057], [101.614622, 3.073044], [101.614621, 3.072898]]]}}, {"type": "Feature", "properties": {}, "geometry": {"type": "Polygon", "coordinates": [[[101.614511, 3.072899], [101.614477, 3.072911], [101.614477, 3.073057], [101.614532, 3.073057], [101.614566, 3.073044], [101.614566, 3.072899], [101.614511, 3.072899]]]}}, {"type": "Feature", "properties": {}, "geometry": {"type": "Polygon", "coordinates": [[[101.614511, 3.072899], [101.614456, 3.072899], [101.614421, 3.072911], [101.614422, 3.073057], [101.614477, 3.073057], [101.614511, 3.073044], [101.614511, 3.072899]]]}}, {"type": "Feature", "properties": {}, "geometry": {"type": "Polygon", "coordinates": [[[101.614456, 3.072899], [101.614401, 3.072899], [101.614366, 3.072911], [101.614367, 3.073057], [101.614422, 3.073057], [101.614456, 3.073045], [101.614456, 3.072899]]]}}, {"type": "Feature", "properties": {}, "geometry": {"type": "Polygon", "coordinates": [[[101.614401, 3.072899], [101.614346, 3.072899], [101.614311, 3.072911], [101.614311, 3.073057], [101.614367, 3.073057], [101.614401, 3.073045], [101.614401, 3.072899]]]}}, {"type": "Feature", "properties": {}, "geometry": {"type": "Polygon", "coordinates": [[[101.614346, 3.072899], [101.61429, 3.072899], [101.614256, 3.072911], [101.614256, 3.073057], [101.614311, 3.073057], [101.614346, 3.073045], [101.614346, 3.072899]]]}}, {"type": "Feature", "properties": {}, "geometry": {"type": "Polygon", "coordinates": [[[101.61429, 3.072899], [101.614235, 3.072899], [101.614201, 3.072912], [101.614201, 3.073057], [101.614256, 3.073057], [101.614291, 3.073045], [101.61429, 3.072899]]]}}, {"type": "Feature", "properties": {}, "geometry": {"type": "Polygon", "coordinates": [[[101.614235, 3.072899], [101.61418, 3.072899], [101.614146, 3.072912], [101.614146, 3.073057], [101.614201, 3.073057], [101.614235, 3.073045], [101.614235, 3.072899]]]}}, {"type": "Feature", "properties": {}, "geometry": {"type": "Polygon", "coordinates": [[[101.61418, 3.072899], [101.614125, 3.072899], [101.61409, 3.072912], [101.614091, 3.073057], [101.614146, 3.073057], [101.61418, 3.073045], [101.61418, 3.072899]]]}}, {"type": "Feature", "properties": {}, "geometry": {"type": "Polygon", "coordinates": [[[101.61407, 3.072899], [101.614035, 3.072912], [101.614035, 3.073057], [101.614091, 3.073057], [101.614125, 3.073045], [101.614125, 3.072899], [101.61407, 3.072899]]]}}, {"type": "Feature", "properties": {}, "geometry": {"type": "Polygon", "coordinates": [[[101.61407, 3.072899], [101.614014, 3.072899], [101.61398, 3.072912], [101.61398, 3.073058], [101.614035, 3.073057], [101.61407, 3.073045], [101.61407, 3.072899]]]}}, {"type": "Feature", "properties": {}, "geometry": {"type": "Polygon", "coordinates": [[[101.614014, 3.072899], [101.613959, 3.072899], [101.613925, 3.072912], [101.613925, 3.073058], [101.61398, 3.073058], [101.614015, 3.073045], [101.614014, 3.072899]]]}}, {"type": "Feature", "properties": {}, "geometry": {"type": "Polygon", "coordinates": [[[101.613955, 3.072572], [101.6139, 3.072572], [101.613866, 3.072584], [101.613866, 3.072726], [101.613921, 3.072726], [101.613955, 3.072713], [101.613955, 3.072572]]]}}, {"type": "Feature", "properties": {}, "geometry": {"type": "Polygon", "coordinates": [[[101.613955, 3.072572], [101.613921, 3.072584], [101.613921, 3.072726], [101.613976, 3.072726], [101.61401, 3.072713], [101.61401, 3.072572], [101.613955, 3.072572]]]}}, {"type": "Feature", "properties": {}, "geometry": {"type": "Polygon", "coordinates": [[[101.614065, 3.072572], [101.61401, 3.072572], [101.613976, 3.072584], [101.613976, 3.072726], [101.614031, 3.072726], [101.614066, 3.072713], [101.614065, 3.072572]]]}}, {"type": "Feature", "properties": {}, "geometry": {"type": "Polygon", "coordinates": [[[101.61412, 3.072571], [101.614065, 3.072572], [101.614031, 3.072584], [101.614031, 3.072726], [101.614086, 3.072726], [101.614121, 3.072713], [101.61412, 3.072571]]]}}, {"type": "Feature", "properties": {}, "geometry": {"type": "Polygon", "coordinates": [[[101.614175, 3.072571], [101.61412, 3.072571], [101.614086, 3.072584], [101.614086, 3.072726], [101.614141, 3.072725], [101.614176, 3.072713], [101.614175, 3.072571]]]}}, {"type": "Feature", "properties": {}, "geometry": {"type": "Polygon", "coordinates": [[[101.614231, 3.072571], [101.614175, 3.072571], [101.614141, 3.072584], [101.614141, 3.072725], [101.614196, 3.072725], [101.614231, 3.072713], [101.614231, 3.072571]]]}}, {"type": "Feature", "properties": {}, "geometry": {"type": "Polygon", "coordinates": [[[101.614231, 3.072571], [101.614196, 3.072584], [101.614196, 3.072725], [101.614251, 3.072725], [101.614286, 3.072713], [101.614286, 3.072571], [101.614231, 3.072571]]]}}, {"type": "Feature", "properties": {}, "geometry": {"type": "Polygon", "coordinates": [[[101.614341, 3.072571], [101.614286, 3.072571], [101.614251, 3.072584], [101.614251, 3.072725], [101.614306, 3.072725], [101.614341, 3.072713], [101.614341, 3.072571]]]}}, {"type": "Feature", "properties": {}, "geometry": {"type": "Polygon", "coordinates": [[[101.614396, 3.072571], [101.614341, 3.072571], [101.614306, 3.072584], [101.614306, 3.072725], [101.614362, 3.072725], [101.614396, 3.072713], [101.614396, 3.072571]]]}}, {"type": "Feature", "properties": {}, "geometry": {"type": "Polygon", "coordinates": [[[101.614451, 3.072571], [101.614396, 3.072571], [101.614361, 3.072583], [101.614362, 3.072725], [101.614417, 3.072725], [101.614451, 3.072713], [101.614451, 3.072571]]]}}, {"type": "Feature", "properties": {}, "geometry": {"type": "Polygon", "coordinates": [[[101.614506, 3.072571], [101.614451, 3.072571], [101.614416, 3.072583], [101.614417, 3.072725], [101.614472, 3.072725], [101.614506, 3.072712], [101.614506, 3.072571]]]}}, {"type": "Feature", "properties": {}, "geometry": {"type": "Polygon", "coordinates": [[[101.614506, 3.072571], [101.614471, 3.072583], [101.614472, 3.072725], [101.614527, 3.072725], [101.614561, 3.072712], [101.614561, 3.072571], [101.614506, 3.072571]]]}}, {"type": "Feature", "properties": {}, "geometry": {"type": "Polygon", "coordinates": [[[101.614616, 3.072571], [101.614561, 3.072571], [101.614527, 3.072583], [101.614527, 3.072725], [101.614582, 3.072725], [101.614616, 3.072712], [101.614616, 3.072571]]]}}, {"type": "Feature", "properties": {}, "geometry": {"type": "Polygon", "coordinates": [[[101.61467, 3.072403], [101.614615, 3.072403], [101.61458, 3.072415], [101.614581, 3.072564], [101.614636, 3.072564], [101.61467, 3.072551], [101.61467, 3.072403]]]}}, {"type": "Feature", "properties": {}, "geometry": {"type": "Polygon", "coordinates": [[[101.614615, 3.072403], [101.61456, 3.072403], [101.614525, 3.072416], [101.614525, 3.072564], [101.614581, 3.072564], [101.614615, 3.072551], [101.614615, 3.072403]]]}}, {"type": "Feature", "properties": {}, "geometry": {"type": "Polygon", "coordinates": [[[101.61456, 3.072403], [101.614505, 3.072403], [101.61447, 3.072416], [101.61447, 3.072564], [101.614525, 3.072564], [101.61456, 3.072551], [101.61456, 3.072403]]]}}, {"type": "Feature", "properties": {}, "geometry": {"type": "Polygon", "coordinates": [[[101.614505, 3.072403], [101.61445, 3.072403], [101.614415, 3.072416], [101.614415, 3.072564], [101.61447, 3.072564], [101.614505, 3.072551], [101.614505, 3.072403]]]}}, {"type": "Feature", "properties": {}, "geometry": {"type": "Polygon", "coordinates": [[[101.61445, 3.072403], [101.614394, 3.072403], [101.61436, 3.072416], [101.61436, 3.072564], [101.614415, 3.072564], [101.61445, 3.072551], [101.61445, 3.072403]]]}}, {"type": "Feature", "properties": {}, "geometry": {"type": "Polygon", "coordinates": [[[101.614394, 3.072403], [101.614339, 3.072404], [101.614305, 3.072416], [101.614305, 3.072564], [101.61436, 3.072564], [101.614395, 3.072552], [101.614394, 3.072403]]]}}, {"type": "Feature", "properties": {}, "geometry": {"type": "Polygon", "coordinates": [[[101.614284, 3.072404], [101.61425, 3.072416], [101.61425, 3.072564], [101.614305, 3.072564], [101.61434, 3.072552], [101.614339, 3.072404], [101.614284, 3.072404]]]}}, {"type": "Feature", "properties": {}, "geometry": {"type": "Polygon", "coordinates": [[[101.614284, 3.072404], [101.614229, 3.072404], [101.614195, 3.072416], [101.614195, 3.072564], [101.61425, 3.072564], [101.614285, 3.072552], [101.614284, 3.072404]]]}}, {"type": "Feature", "properties": {}, "geometry": {"type": "Polygon", "coordinates": [[[101.614229, 3.072404], [101.614174, 3.072404], [101.61414, 3.072416], [101.61414, 3.072564], [101.614195, 3.072564], [101.614229, 3.072552], [101.614229, 3.072404]]]}}, {"type": "Feature", "properties": {}, "geometry": {"type": "Polygon", "coordinates": [[[101.614174, 3.072404], [101.614119, 3.072404], [101.614085, 3.072416], [101.614085, 3.072564], [101.61414, 3.072564], [101.614174, 3.072552], [101.614174, 3.072404]]]}}, {"type": "Feature", "properties": {}, "geometry": {"type": "Polygon", "coordinates": [[[101.614119, 3.072404], [101.614064, 3.072404], [101.61403, 3.072416], [101.61403, 3.072564], [101.614085, 3.072564], [101.614119, 3.072552], [101.614119, 3.072404]]]}}, {"type": "Feature", "properties": {}, "geometry": {"type": "Polygon", "coordinates": [[[101.614064, 3.072404], [101.614009, 3.072404], [101.613974, 3.072417], [101.613975, 3.072564], [101.61403, 3.072564], [101.614064, 3.072552], [101.614064, 3.072404]]]}}, {"type": "Feature", "properties": {}, "geometry": {"type": "Polygon", "coordinates": [[[101.614009, 3.072404], [101.613954, 3.072404], [101.613919, 3.072417], [101.61392, 3.072565], [101.613975, 3.072564], [101.614009, 3.072552], [101.614009, 3.072404]]]}}, {"type": "Feature", "properties": {}, "geometry": {"type": "Polygon", "coordinates": [[[101.613955, 3.072069], [101.6139, 3.07207], [101.613866, 3.072082], [101.613866, 3.072226], [101.61392, 3.072226], [101.613955, 3.072214], [101.613955, 3.072069]]]}}, {"type": "Feature", "properties": {}, "geometry": {"type": "Polygon", "coordinates": [[[101.614009, 3.072069], [101.613955, 3.072069], [101.61392, 3.072082], [101.61392, 3.072226], [101.613975, 3.072226], [101.614009, 3.072213], [101.614009, 3.072069]]]}}, {"type": "Feature", "properties": {}, "geometry": {"type": "Polygon", "coordinates": [[[101.614064, 3.072069], [101.614009, 3.072069], [101.613975, 3.072082], [101.613975, 3.072226], [101.61403, 3.072226], [101.614064, 3.072213], [101.614064, 3.072069]]]}}, {"type": "Feature", "properties": {}, "geometry": {"type": "Polygon", "coordinates": [[[101.614118, 3.072069], [101.614064, 3.072069], [101.614029, 3.072082], [101.61403, 3.072226], [101.614084, 3.072226], [101.614119, 3.072213], [101.614118, 3.072069]]]}}, {"type": "Feature", "properties": {}, "geometry": {"type": "Polygon", "coordinates": [[[101.614173, 3.072069], [101.614118, 3.072069], [101.614084, 3.072082], [101.614084, 3.072226], [101.614139, 3.072226], [101.614173, 3.072213], [101.614173, 3.072069]]]}}, {"type": "Feature", "properties": {}, "geometry": {"type": "Polygon", "coordinates": [[[101.614173, 3.072069], [101.614139, 3.072081], [101.614139, 3.072226], [101.614193, 3.072226], [101.614228, 3.072213], [101.614228, 3.072069], [101.614173, 3.072069]]]}}, {"type": "Feature", "properties": {}, "geometry": {"type": "Polygon", "coordinates": [[[101.614282, 3.072069], [101.614228, 3.072069], [101.614193, 3.072081], [101.614193, 3.072226], [101.614248, 3.072226], [101.614282, 3.072213], [101.614282, 3.072069]]]}}, {"type": "Feature", "properties": {}, "geometry": {"type": "Polygon", "coordinates": [[[101.614337, 3.072069], [101.614282, 3.072069], [101.614248, 3.072081], [101.614248, 3.072226], [101.614303, 3.072225], [101.614337, 3.072213], [101.614337, 3.072069]]]}}, {"type": "Feature", "properties": {}, "geometry": {"type": "Polygon", "coordinates": [[[101.614391, 3.072069], [101.614337, 3.072069], [101.614302, 3.072081], [101.614303, 3.072225], [101.614357, 3.072225], [101.614392, 3.072213], [101.614391, 3.072069]]]}}, {"type": "Feature", "properties": {}, "geometry": {"type": "Polygon", "coordinates": [[[101.614446, 3.072069], [101.614391, 3.072069], [101.614357, 3.072081], [101.614357, 3.072225], [101.614412, 3.072225], [101.614446, 3.072213], [101.614446, 3.072069]]]}}, {"type": "Feature", "properties": {}, "geometry": {"type": "Polygon", "coordinates": [[[101.614446, 3.072069], [101.614412, 3.072081], [101.614412, 3.072225], [101.614467, 3.072225], [101.614501, 3.072213], [101.614501, 3.072069], [101.614446, 3.072069]]]}}, {"type": "Feature", "properties": {}, "geometry": {"type": "Polygon", "coordinates": [[[101.614555, 3.072069], [101.614501, 3.072069], [101.614466, 3.072081], [101.614467, 3.072225], [101.614521, 3.072225], [101.614556, 3.072213], [101.614555, 3.072069]]]}}, {"type": "Feature", "properties": {}, "geometry": {"type": "Polygon", "coordinates": [[[101.61461, 3.072068], [101.614555, 3.072069], [101.614521, 3.072081], [101.614521, 3.072225], [101.614576, 3.072225], [101.61461, 3.072213], [101.61461, 3.072068]]]}}, {"type": "Feature", "properties": {}, "geometry": {"type": "Polygon", "coordinates": [[[101.614669, 3.071897], [101.614613, 3.071897], [101.614579, 3.071909], [101.614579, 3.072061], [101.614634, 3.072061], [101.614669, 3.072049], [101.614669, 3.071897]]]}}, {"type": "Feature", "properties": {}, "geometry": {"type": "Polygon", "coordinates": [[[101.614558, 3.071897], [101.614524, 3.071909], [101.614524, 3.072062], [101.614579, 3.072061], [101.614614, 3.072049], [101.614613, 3.071897], [101.614558, 3.071897]]]}}, {"type": "Feature", "properties": {}, "geometry": {"type": "Polygon", "coordinates": [[[101.614558, 3.071897], [101.614503, 3.071897], [101.614469, 3.07191], [101.614469, 3.072062], [101.614524, 3.072062], [101.614558, 3.072049], [101.614558, 3.071897]]]}}, {"type": "Feature", "properties": {}, "geometry": {"type": "Polygon", "coordinates": [[[101.614503, 3.071897], [101.614448, 3.071897], [101.614413, 3.07191], [101.614414, 3.072062], [101.614469, 3.072062], [101.614503, 3.072049], [101.614503, 3.071897]]]}}, {"type": "Feature", "properties": {}, "geometry": {"type": "Polygon", "coordinates": [[[101.614448, 3.071897], [101.614393, 3.071897], [101.614358, 3.07191], [101.614358, 3.072062], [101.614414, 3.072062], [101.614448, 3.072049], [101.614448, 3.071897]]]}}, {"type": "Feature", "properties": {}, "geometry": {"type": "Polygon", "coordinates": [[[101.614337, 3.071897], [101.614303, 3.07191], [101.614303, 3.072062], [101.614358, 3.072062], [101.614393, 3.072049], [101.614393, 3.071897], [101.614337, 3.071897]]]}}, {"type": "Feature", "properties": {}, "geometry": {"type": "Polygon", "coordinates": [[[101.614337, 3.071897], [101.614282, 3.071897], [101.614248, 3.07191], [101.614248, 3.072062], [101.614303, 3.072062], [101.614338, 3.072049], [101.614337, 3.071897]]]}}, {"type": "Feature", "properties": {}, "geometry": {"type": "Polygon", "coordinates": [[[101.614282, 3.071897], [101.614227, 3.071898], [101.614193, 3.07191], [101.614193, 3.072062], [101.614248, 3.072062], [101.614283, 3.07205], [101.614282, 3.071897]]]}}, {"type": "Feature", "properties": {}, "geometry": {"type": "Polygon", "coordinates": [[[101.614227, 3.071898], [101.614172, 3.071898], [101.614137, 3.07191], [101.614138, 3.072062], [101.614193, 3.072062], [101.614227, 3.07205], [101.614227, 3.071898]]]}}, {"type": "Feature", "properties": {}, "geometry": {"type": "Polygon", "coordinates": [[[101.614117, 3.071898], [101.614082, 3.07191], [101.614082, 3.072062], [101.614138, 3.072062], [101.614172, 3.07205], [101.614172, 3.071898], [101.614117, 3.071898]]]}}, {"type": "Feature", "properties": {}, "geometry": {"type": "Polygon", "coordinates": [[[101.614117, 3.071898], [101.614062, 3.071898], [101.614027, 3.07191], [101.614027, 3.072062], [101.614082, 3.072062], [101.614117, 3.07205], [101.614117, 3.071898]]]}}, {"type": "Feature", "properties": {}, "geometry": {"type": "Polygon", "coordinates": [[[101.614062, 3.071898], [101.614006, 3.071898], [101.613972, 3.07191], [101.613972, 3.072062], [101.614027, 3.072062], [101.614062, 3.07205], [101.614062, 3.071898]]]}}, {"type": "Feature", "properties": {}, "geometry": {"type": "Polygon", "coordinates": [[[101.614006, 3.071898], [101.613951, 3.071898], [101.613917, 3.07191], [101.613917, 3.072062], [101.613972, 3.072062], [101.614007, 3.07205], [101.614006, 3.071898]]]}}, {"type": "Feature", "properties": {}, "geometry": {"type": "Polygon", "coordinates": [[[101.614619, 3.071576], [101.614584, 3.071588], [101.614583, 3.071726], [101.614639, 3.071726], [101.614674, 3.071713], [101.614675, 3.071576], [101.614619, 3.071576]]]}}, {"type": "Feature", "properties": {}, "geometry": {"type": "Polygon", "coordinates": [[[101.614563, 3.071575], [101.614528, 3.071588], [101.614528, 3.071725], [101.614583, 3.071726], [101.614618, 3.071713], [101.614619, 3.071576], [101.614563, 3.071575]]]}}, {"type": "Feature", "properties": {}, "geometry": {"type": "Polygon", "coordinates": [[[101.614507, 3.071575], [101.614473, 3.071588], [101.614472, 3.071725], [101.614528, 3.071725], [101.614562, 3.071713], [101.614563, 3.071575], [101.614507, 3.071575]]]}}, {"type": "Feature", "properties": {}, "geometry": {"type": "Polygon", "coordinates": [[[101.614451, 3.071575], [101.614417, 3.071587], [101.614416, 3.071725], [101.614472, 3.071725], [101.614506, 3.071713], [101.614507, 3.071575], [101.614451, 3.071575]]]}}, {"type": "Feature", "properties": {}, "geometry": {"type": "Polygon", "coordinates": [[[101.614395, 3.071574], [101.614361, 3.071587], [101.61436, 3.071724], [101.614416, 3.071725], [101.61445, 3.071712], [101.614451, 3.071575], [101.614395, 3.071574]]]}}, {"type": "Feature", "properties": {}, "geometry": {"type": "Polygon", "coordinates": [[[101.614339, 3.071574], [101.614305, 3.071587], [101.614304, 3.071724], [101.61436, 3.071724], [101.614395, 3.071712], [101.614395, 3.071574], [101.614339, 3.071574]]]}}, {"type": "Feature", "properties": {}, "geometry": {"type": "Polygon", "coordinates": [[[101.614284, 3.071574], [101.614249, 3.071586], [101.614248, 3.071724], [101.614304, 3.071724], [101.614339, 3.071712], [101.614339, 3.071574], [101.614284, 3.071574]]]}}, {"type": "Feature", "properties": {}, "geometry": {"type": "Polygon", "coordinates": [[[101.614228, 3.071574], [101.614193, 3.071586], [101.614193, 3.071723], [101.614248, 3.071724], [101.614283, 3.071711], [101.614284, 3.071574], [101.614228, 3.071574]]]}}, {"type": "Feature", "properties": {}, "geometry": {"type": "Polygon", "coordinates": [[[101.614172, 3.071573], [101.614137, 3.071586], [101.614137, 3.071723], [101.614193, 3.071723], [101.614227, 3.071711], [101.614228, 3.071574], [101.614172, 3.071573]]]}}, {"type": "Feature", "properties": {}, "geometry": {"type": "Polygon", "coordinates": [[[101.614116, 3.071573], [101.614082, 3.071585], [101.614081, 3.071723], [101.614137, 3.071723], [101.614171, 3.071711], [101.614172, 3.071573], [101.614116, 3.071573]]]}}, {"type": "Feature", "properties": {}, "geometry": {"type": "Polygon", "coordinates": [[[101.61406, 3.071573], [101.614026, 3.071585], [101.614025, 3.071722], [101.614081, 3.071723], [101.614115, 3.07171], [101.614116, 3.071573], [101.61406, 3.071573]]]}}, {"type": "Feature", "properties": {}, "geometry": {"type": "Polygon", "coordinates": [[[101.614004, 3.071572], [101.61397, 3.071585], [101.613969, 3.071722], [101.614025, 3.071722], [101.614059, 3.07171], [101.61406, 3.071573], [101.614004, 3.071572]]]}}, {"type": "Feature", "properties": {}, "geometry": {"type": "Polygon", "coordinates": [[[101.613949, 3.071572], [101.613914, 3.071584], [101.613913, 3.071722], [101.613969, 3.071722], [101.614004, 3.07171], [101.614004, 3.071572], [101.613949, 3.071572]]]}}, {"type": "Feature", "properties": {}, "geometry": {"type": "Polygon", "coordinates": [[[101.614613, 3.071412], [101.614579, 3.071424], [101.614579, 3.071561], [101.614634, 3.071561], [101.614669, 3.071548], [101.614669, 3.071412], [101.614613, 3.071412]]]}}, {"type": "Feature", "properties": {}, "geometry": {"type": "Polygon", "coordinates": [[[101.614613, 3.071412], [101.614558, 3.071412], [101.614524, 3.071425], [101.614524, 3.071561], [101.614579, 3.071561], [101.614614, 3.071548], [101.614613, 3.071412]]]}}, {"type": "Feature", "properties": {}, "geometry": {"type": "Polygon", "coordinates": [[[101.614558, 3.071412], [101.614503, 3.071412], [101.614469, 3.071425], [101.614469, 3.071561], [101.614524, 3.071561], [101.614558, 3.071548], [101.614558, 3.071412]]]}}, {"type": "Feature", "properties": {}, "geometry": {"type": "Polygon", "coordinates": [[[101.614503, 3.071412], [101.614448, 3.071412], [101.614413, 3.071425], [101.614414, 3.071561], [101.614469, 3.071561], [101.614503, 3.071548], [101.614503, 3.071412]]]}}, {"type": "Feature", "properties": {}, "geometry": {"type": "Polygon", "coordinates": [[[101.614448, 3.071412], [101.614393, 3.071412], [101.614358, 3.071425], [101.614358, 3.071561], [101.614414, 3.071561], [101.614448, 3.071549], [101.614448, 3.071412]]]}}, {"type": "Feature", "properties": {}, "geometry": {"type": "Polygon", "coordinates": [[[101.614393, 3.071412], [101.614337, 3.071412], [101.614303, 3.071425], [101.614303, 3.071561], [101.614358, 3.071561], [101.614393, 3.071549], [101.614393, 3.071412]]]}}, {"type": "Feature", "properties": {}, "geometry": {"type": "Polygon", "coordinates": [[[101.614282, 3.071412], [101.614248, 3.071425], [101.614248, 3.071561], [101.614303, 3.071561], [101.614338, 3.071549], [101.614337, 3.071412], [101.614282, 3.071412]]]}}, {"type": "Feature", "properties": {}, "geometry": {"type": "Polygon", "coordinates": [[[101.614282, 3.071412], [101.614227, 3.071413], [101.614193, 3.071425], [101.614193, 3.071561], [101.614248, 3.071561], [101.614283, 3.071549], [101.614282, 3.071412]]]}}, {"type": "Feature", "properties": {}, "geometry": {"type": "Polygon", "coordinates": [[[101.614227, 3.071413], [101.614172, 3.071413], [101.614137, 3.071425], [101.614138, 3.071561], [101.614193, 3.071561], [101.614227, 3.071549], [101.614227, 3.071413]]]}}, {"type": "Feature", "properties": {}, "geometry": {"type": "Polygon", "coordinates": [[[101.614172, 3.071413], [101.614117, 3.071413], [101.614082, 3.071425], [101.614083, 3.071562], [101.614138, 3.071561], [101.614172, 3.071549], [101.614172, 3.071413]]]}}, {"type": "Feature", "properties": {}, "geometry": {"type": "Polygon", "coordinates": [[[101.614117, 3.071413], [101.614062, 3.071413], [101.614027, 3.071425], [101.614027, 3.071562], [101.614083, 3.071562], [101.614117, 3.071549], [101.614117, 3.071413]]]}}, {"type": "Feature", "properties": {}, "geometry": {"type": "Polygon", "coordinates": [[[101.614062, 3.071413], [101.614006, 3.071413], [101.613972, 3.071425], [101.613972, 3.071562], [101.614027, 3.071562], [101.614062, 3.071549], [101.614062, 3.071413]]]}}, {"type": "Feature", "properties": {}, "geometry": {"type": "Polygon", "coordinates": [[[101.613951, 3.071413], [101.613917, 3.071425], [101.613917, 3.071562], [101.613972, 3.071562], [101.614007, 3.071549], [101.614006, 3.071413], [101.613951, 3.071413]]]}}, {"type": "Feature", "properties": {}, "geometry": {"type": "Polygon", "coordinates": [[[101.613953, 3.071079], [101.613897, 3.07108], [101.613863, 3.071092], [101.613863, 3.071239], [101.613918, 3.071239], [101.613953, 3.071226], [101.613953, 3.071079]]]}}, {"type": "Feature", "properties": {}, "geometry": {"type": "Polygon", "coordinates": [[[101.614008, 3.071079], [101.613953, 3.071079], [101.613918, 3.071092], [101.613918, 3.071239], [101.613974, 3.071239], [101.614008, 3.071226], [101.614008, 3.071079]]]}}, {"type": "Feature", "properties": {}, "geometry": {"type": "Polygon", "coordinates": [[[101.614063, 3.071079], [101.614008, 3.071079], [101.613973, 3.071092], [101.613974, 3.071239], [101.614029, 3.071239], [101.614063, 3.071226], [101.614063, 3.071079]]]}}, {"type": "Feature", "properties": {}, "geometry": {"type": "Polygon", "coordinates": [[[101.614118, 3.071079], [101.614063, 3.071079], [101.614029, 3.071092], [101.614029, 3.071239], [101.614084, 3.071239], [101.614118, 3.071226], [101.614118, 3.071079]]]}}, {"type": "Feature", "properties": {}, "geometry": {"type": "Polygon", "coordinates": [[[101.614118, 3.071079], [101.614084, 3.071092], [101.614084, 3.071239], [101.614139, 3.071239], [101.614173, 3.071226], [101.614173, 3.071079], [101.614118, 3.071079]]]}}, {"type": "Feature", "properties": {}, "geometry": {"type": "Polygon", "coordinates": [[[101.614228, 3.071079], [101.614173, 3.071079], [101.614139, 3.071092], [101.614139, 3.071239], [101.614194, 3.071239], [101.614229, 3.071226], [101.614228, 3.071079]]]}}, {"type": "Feature", "properties": {}, "geometry": {"type": "Polygon", "coordinates": [[[101.614284, 3.071079], [101.614228, 3.071079], [101.614194, 3.071092], [101.614194, 3.071239], [101.614249, 3.071238], [101.614284, 3.071226], [101.614284, 3.071079]]]}}, {"type": "Feature", "properties": {}, "geometry": {"type": "Polygon", "coordinates": [[[101.614339, 3.071079], [101.614284, 3.071079], [101.614249, 3.071091], [101.614249, 3.071238], [101.614305, 3.071238], [101.614339, 3.071226], [101.614339, 3.071079]]]}}, {"type": "Feature", "properties": {}, "geometry": {"type": "Polygon", "coordinates": [[[101.614394, 3.071079], [101.614339, 3.071079], [101.614304, 3.071091], [101.614305, 3.071238], [101.61436, 3.071238], [101.614394, 3.071226], [101.614394, 3.071079]]]}}, {"type": "Feature", "properties": {}, "geometry": {"type": "Polygon", "coordinates": [[[101.614449, 3.071079], [101.614394, 3.071079], [101.61436, 3.071091], [101.61436, 3.071238], [101.614415, 3.071238], [101.614449, 3.071226], [101.614449, 3.071079]]]}}, {"type": "Feature", "properties": {}, "geometry": {"type": "Polygon", "coordinates": [[[101.614449, 3.071079], [101.614415, 3.071091], [101.614415, 3.071238], [101.61447, 3.071238], [101.614505, 3.071226], [101.614504, 3.071079], [101.614449, 3.071079]]]}}, {"type": "Feature", "properties": {}, "geometry": {"type": "Polygon", "coordinates": [[[101.61456, 3.071079], [101.614504, 3.071079], [101.61447, 3.071091], [101.61447, 3.071238], [101.614525, 3.071238], [101.61456, 3.071226], [101.61456, 3.071079]]]}}, {"type": "Feature", "properties": {}, "geometry": {"type": "Polygon", "coordinates": [[[101.614615, 3.071078], [101.61456, 3.071079], [101.614525, 3.071091], [101.614525, 3.071238], [101.614581, 3.071238], [101.614615, 3.071225], [101.614615, 3.071078]]]}}, {"type": "Feature", "properties": {}, "geometry": {"type": "Polygon", "coordinates": [[[101.614674, 3.070913], [101.614618, 3.070914], [101.614584, 3.070926], [101.614584, 3.071062], [101.61464, 3.071062], [101.614674, 3.071049], [101.614674, 3.070913]]]}}, {"type": "Feature", "properties": {}, "geometry": {"type": "Polygon", "coordinates": [[[101.614563, 3.070914], [101.614528, 3.070926], [101.614528, 3.071062], [101.614584, 3.071062], [101.614618, 3.071049], [101.614618, 3.070914], [101.614563, 3.070914]]]}}, {"type": "Feature", "properties": {}, "geometry": {"type": "Polygon", "coordinates": [[[101.614563, 3.070914], [101.614507, 3.070914], [101.614473, 3.070926], [101.614473, 3.071062], [101.614528, 3.071062], [101.614563, 3.07105], [101.614563, 3.070914]]]}}, {"type": "Feature", "properties": {}, "geometry": {"type": "Polygon", "coordinates": [[[101.614507, 3.070914], [101.614451, 3.070914], [101.614417, 3.070926], [101.614417, 3.071062], [101.614473, 3.071062], [101.614507, 3.07105], [101.614507, 3.070914]]]}}, {"type": "Feature", "properties": {}, "geometry": {"type": "Polygon", "coordinates": [[[101.614451, 3.070914], [101.614396, 3.070914], [101.614361, 3.070926], [101.614361, 3.071062], [101.614417, 3.071062], [101.614451, 3.07105], [101.614451, 3.070914]]]}}, {"type": "Feature", "properties": {}, "geometry": {"type": "Polygon", "coordinates": [[[101.614396, 3.070914], [101.61434, 3.070914], [101.614306, 3.070926], [101.614306, 3.071062], [101.614361, 3.071062], [101.614396, 3.07105], [101.614396, 3.070914]]]}}, {"type": "Feature", "properties": {}, "geometry": {"type": "Polygon", "coordinates": [[[101.61434, 3.070914], [101.614284, 3.070914], [101.61425, 3.070927], [101.61425, 3.071062], [101.614306, 3.071062], [101.61434, 3.07105], [101.61434, 3.070914]]]}}, {"type": "Feature", "properties": {}, "geometry": {"type": "Polygon", "coordinates": [[[101.614229, 3.070914], [101.614194, 3.070927], [101.614194, 3.071063], [101.61425, 3.071062], [101.614285, 3.07105], [101.614284, 3.070914], [101.614229, 3.070914]]]}}, {"type": "Feature", "properties": {}, "geometry": {"type": "Polygon", "coordinates": [[[101.614229, 3.070914], [101.614173, 3.070914], [101.614139, 3.070927], [101.614139, 3.071063], [101.614194, 3.071063], [101.614229, 3.07105], [101.614229, 3.070914]]]}}, {"type": "Feature", "properties": {}, "geometry": {"type": "Polygon", "coordinates": [[[101.614173, 3.070914], [101.614117, 3.070914], [101.614083, 3.070927], [101.614083, 3.071063], [101.614139, 3.071063], [101.614173, 3.07105], [101.614173, 3.070914]]]}}, {"type": "Feature", "properties": {}, "geometry": {"type": "Polygon", "coordinates": [[[101.614117, 3.070914], [101.614062, 3.070914], [101.614027, 3.070927], [101.614028, 3.071063], [101.614083, 3.071063], [101.614118, 3.07105], [101.614117, 3.070914]]]}}, {"type": "Feature", "properties": {}, "geometry": {"type": "Polygon", "coordinates": [[[101.614062, 3.070914], [101.614006, 3.070914], [101.613972, 3.070927], [101.613972, 3.071063], [101.614028, 3.071063], [101.614062, 3.07105], [101.614062, 3.070914]]]}}, {"type": "Feature", "properties": {}, "geometry": {"type": "Polygon", "coordinates": [[[101.61395, 3.070914], [101.613916, 3.070927], [101.613916, 3.071063], [101.613972, 3.071063], [101.614006, 3.07105], [101.614006, 3.070914], [101.61395, 3.070914]]]}}, {"type": "Feature", "properties": {}, "geometry": {"type": "Polygon", "coordinates": [[[101.615073, 3.070322], [101.615018, 3.070322], [101.614984, 3.070335], [101.614986, 3.07047], [101.615041, 3.070469], [101.615075, 3.070456], [101.615073, 3.070322]]]}}, {"type": "Feature", "properties": {}, "geometry": {"type": "Polygon", "coordinates": [[[101.615018, 3.070322], [101.614964, 3.070323], [101.614929, 3.070336], [101.614931, 3.07047], [101.614986, 3.07047], [101.615021, 3.070457], [101.615018, 3.070322]]]}}, {"type": "Feature", "properties": {}, "geometry": {"type": "Polygon", "coordinates": [[[101.61491, 3.069982], [101.614875, 3.069995], [101.614874, 3.070131], [101.614929, 3.070132], [101.614963, 3.070119], [101.614965, 3.069983], [101.61491, 3.069982]]]}}, {"type": "Feature", "properties": {}, "geometry": {"type": "Polygon", "coordinates": [[[101.614965, 3.069983], [101.61493, 3.069995], [101.614929, 3.070132], [101.614983, 3.070132], [101.615018, 3.07012], [101.615019, 3.069983], [101.614965, 3.069983]]]}}, {"type": "Feature", "properties": {}, "geometry": {"type": "Polygon", "coordinates": [[[101.615019, 3.069983], [101.614985, 3.069996], [101.614983, 3.070132], [101.615038, 3.070133], [101.615073, 3.070121], [101.615074, 3.069984], [101.615019, 3.069983]]]}}, {"type": "Feature", "properties": {}, "geometry": {"type": "Polygon", "coordinates": [[[101.615025, 3.069827], [101.614991, 3.069839], [101.614991, 3.069976], [101.615044, 3.069976], [101.615079, 3.069963], [101.615079, 3.069827], [101.615025, 3.069827]]]}}, {"type": "Feature", "properties": {}, "geometry": {"type": "Polygon", "coordinates": [[[101.614971, 3.069827], [101.614936, 3.069839], [101.614936, 3.069976], [101.614991, 3.069976], [101.615025, 3.069963], [101.615025, 3.069827], [101.614971, 3.069827]]]}}, {"type": "Feature", "properties": {}, "geometry": {"type": "Polygon", "coordinates": [[[101.614908, 3.06949], [101.614873, 3.069502], [101.614873, 3.069639], [101.614928, 3.069639], [101.614962, 3.069627], [101.614963, 3.06949], [101.614908, 3.06949]]]}}, {"type": "Feature", "properties": {}, "geometry": {"type": "Polygon", "coordinates": [[[101.614963, 3.06949], [101.614928, 3.069503], [101.614928, 3.069639], [101.614983, 3.069639], [101.615017, 3.069627], [101.615018, 3.06949], [101.614963, 3.06949]]]}}, {"type": "Feature", "properties": {}, "geometry": {"type": "Polygon", "coordinates": [[[101.615018, 3.06949], [101.614983, 3.069503], [101.614983, 3.069639], [101.615037, 3.069639], [101.615072, 3.069627], [101.615072, 3.06949], [101.615018, 3.06949]]]}}, {"type": "Feature", "properties": {}, "geometry": {"type": "Polygon", "coordinates": [[[101.615071, 3.069328], [101.615016, 3.069328], [101.614982, 3.06934], [101.614982, 3.069483], [101.615037, 3.069483], [101.615072, 3.06947], [101.615071, 3.069328]]]}}, {"type": "Feature", "properties": {}, "geometry": {"type": "Polygon", "coordinates": [[[101.615016, 3.069328], [101.614962, 3.069328], [101.614927, 3.069341], [101.614928, 3.069483], [101.614982, 3.069483], [101.615017, 3.06947], [101.615016, 3.069328]]]}}, {"type": "Feature", "properties": {}, "geometry": {"type": "Polygon", "coordinates": [[[101.614907, 3.068992], [101.614872, 3.069005], [101.614871, 3.06913], [101.614926, 3.06913], [101.614961, 3.069118], [101.614962, 3.068993], [101.614907, 3.068992]]]}}, {"type": "Feature", "properties": {}, "geometry": {"type": "Polygon", "coordinates": [[[101.614962, 3.068993], [101.614927, 3.069005], [101.614926, 3.06913], [101.614981, 3.06913], [101.615016, 3.069118], [101.615017, 3.068993], [101.614962, 3.068993]]]}}, {"type": "Feature", "properties": {}, "geometry": {"type": "Polygon", "coordinates": [[[101.615017, 3.068993], [101.614982, 3.069005], [101.614981, 3.06913], [101.615036, 3.069131], [101.615071, 3.069118], [101.615072, 3.068993], [101.615017, 3.068993]]]}}, {"type": "Feature", "properties": {}, "geometry": {"type": "Polygon", "coordinates": [[[101.61495, 3.068499], [101.614871, 3.0685], [101.614836, 3.068512], [101.614837, 3.068663], [101.614916, 3.068662], [101.61495, 3.06865], [101.61495, 3.068499]]]}}, {"type": "Feature", "properties": {}, "geometry": {"type": "Polygon", "coordinates": [[[101.615004, 3.068499], [101.61495, 3.068499], [101.614915, 3.068512], [101.614916, 3.068662], [101.614971, 3.068662], [101.615005, 3.06865], [101.615004, 3.068499]]]}}, {"type": "Feature", "properties": {}, "geometry": {"type": "Polygon", "coordinates": [[[101.615059, 3.068499], [101.615004, 3.068499], [101.61497, 3.068512], [101.614971, 3.068662], [101.615026, 3.068662], [101.61506, 3.068649], [101.615059, 3.068499]]]}}, {"type": "Feature", "properties": {}, "geometry": {"type": "Polygon", "coordinates": [[[101.61501, 3.068317], [101.614975, 3.06833], [101.614975, 3.068485], [101.615029, 3.068485], [101.615064, 3.068473], [101.615065, 3.068318], [101.61501, 3.068317]]]}}, {"type": "Feature", "properties": {}, "geometry": {"type": "Polygon", "coordinates": [[[101.614955, 3.068317], [101.614921, 3.068329], [101.61492, 3.068485], [101.614975, 3.068485], [101.615009, 3.068473], [101.61501, 3.068317], [101.614955, 3.068317]]]}}, {"type": "Feature", "properties": {}, "geometry": {"type": "Polygon", "coordinates": [[[101.614899, 3.067995], [101.614864, 3.068007], [101.614863, 3.068158], [101.614918, 3.068159], [101.614952, 3.068146], [101.614954, 3.067995], [101.614899, 3.067995]]]}}, {"type": "Feature", "properties": {}, "geometry": {"type": "Polygon", "coordinates": [[[101.614954, 3.067995], [101.614919, 3.068008], [101.614918, 3.068159], [101.614972, 3.068159], [101.615007, 3.068147], [101.615008, 3.067996], [101.614954, 3.067995]]]}}, {"type": "Feature", "properties": {}, "geometry": {"type": "Polygon", "coordinates": [[[101.615008, 3.067996], [101.614974, 3.068008], [101.614972, 3.068159], [101.615027, 3.06816], [101.615062, 3.068147], [101.615063, 3.067996], [101.615008, 3.067996]]]}}, {"type": "Feature", "properties": {}, "geometry": {"type": "Polygon", "coordinates": [[[101.615008, 3.067824], [101.614973, 3.067836], [101.614973, 3.067986], [101.615027, 3.067986], [101.615062, 3.067974], [101.615062, 3.067824], [101.615008, 3.067824]]]}}, {"type": "Feature", "properties": {}, "geometry": {"type": "Polygon", "coordinates": [[[101.614953, 3.067824], [101.614919, 3.067836], [101.614918, 3.067986], [101.614973, 3.067986], [101.615007, 3.067974], [101.615008, 3.067824], [101.614953, 3.067824]]]}}, {"type": "Feature", "properties": {}, "geometry": {"type": "Polygon", "coordinates": [[[101.614612, 3.069493], [101.614577, 3.069505], [101.614576, 3.069638], [101.614631, 3.069638], [101.614666, 3.069626], [101.614667, 3.069494], [101.614612, 3.069493]]]}}, {"type": "Feature", "properties": {}, "geometry": {"type": "Polygon", "coordinates": [[[101.614556, 3.069492], [101.614522, 3.069505], [101.61452, 3.069637], [101.614576, 3.069638], [101.61461, 3.069625], [101.614612, 3.069493], [101.614556, 3.069492]]]}}, {"type": "Feature", "properties": {}, "geometry": {"type": "Polygon", "coordinates": [[[101.614501, 3.069492], [101.614466, 3.069504], [101.614465, 3.069637], [101.61452, 3.069637], [101.614555, 3.069625], [101.614556, 3.069492], [101.614501, 3.069492]]]}}, {"type": "Feature", "properties": {}, "geometry": {"type": "Polygon", "coordinates": [[[101.614445, 3.069491], [101.614411, 3.069504], [101.61441, 3.069636], [101.614465, 3.069637], [101.6145, 3.069624], [101.614501, 3.069492], [101.614445, 3.069491]]]}}, {"type": "Feature", "properties": {}, "geometry": {"type": "Polygon", "coordinates": [[[101.61439, 3.069491], [101.614356, 3.069503], [101.614354, 3.069635], [101.61441, 3.069636], [101.614444, 3.069624], [101.614445, 3.069491], [101.61439, 3.069491]]]}}, {"type": "Feature", "properties": {}, "geometry": {"type": "Polygon", "coordinates": [[[101.614335, 3.06949], [101.6143, 3.069503], [101.614299, 3.069635], [101.614354, 3.069635], [101.614389, 3.069623], [101.61439, 3.069491], [101.614335, 3.06949]]]}}, {"type": "Feature", "properties": {}, "geometry": {"type": "Polygon", "coordinates": [[[101.614279, 3.06949], [101.614245, 3.069502], [101.614244, 3.069634], [101.614299, 3.069635], [101.614333, 3.069622], [101.614335, 3.06949], [101.614279, 3.06949]]]}}, {"type": "Feature", "properties": {}, "geometry": {"type": "Polygon", "coordinates": [[[101.614224, 3.069489], [101.614189, 3.069502], [101.614188, 3.069634], [101.614244, 3.069634], [101.614278, 3.069622], [101.614279, 3.06949], [101.614224, 3.069489]]]}}, {"type": "Feature", "properties": {}, "geometry": {"type": "Polygon", "coordinates": [[[101.614169, 3.069489], [101.614134, 3.069501], [101.614133, 3.069633], [101.614188, 3.069634], [101.614223, 3.069621], [101.614224, 3.069489], [101.614169, 3.069489]]]}}, {"type": "Feature", "properties": {}, "geometry": {"type": "Polygon", "coordinates": [[[101.614113, 3.069488], [101.614079, 3.069501], [101.614077, 3.069633], [101.614133, 3.069633], [101.614167, 3.069621], [101.614169, 3.069489], [101.614113, 3.069488]]]}}, {"type": "Feature", "properties": {}, "geometry": {"type": "Polygon", "coordinates": [[[101.614058, 3.069487], [101.614023, 3.0695], [101.614022, 3.069632], [101.614077, 3.069633], [101.614112, 3.06962], [101.614113, 3.069488], [101.614058, 3.069487]]]}}, {"type": "Feature", "properties": {}, "geometry": {"type": "Polygon", "coordinates": [[[101.614002, 3.069487], [101.613968, 3.069499], [101.613967, 3.069631], [101.614022, 3.069632], [101.614057, 3.06962], [101.614058, 3.069487], [101.614002, 3.069487]]]}}, {"type": "Feature", "properties": {}, "geometry": {"type": "Polygon", "coordinates": [[[101.613947, 3.069486], [101.613913, 3.069499], [101.613911, 3.069631], [101.613967, 3.069631], [101.614001, 3.069619], [101.614002, 3.069487], [101.613947, 3.069486]]]}}, {"type": "Feature", "properties": {}, "geometry": {"type": "Polygon", "coordinates": [[[101.614615, 3.069343], [101.614581, 3.069355], [101.61458, 3.069483], [101.614635, 3.069484], [101.61467, 3.069471], [101.614671, 3.069343], [101.614615, 3.069343]]]}}, {"type": "Feature", "properties": {}, "geometry": {"type": "Polygon", "coordinates": [[[101.61456, 3.069343], [101.614526, 3.069355], [101.614525, 3.069483], [101.61458, 3.069483], [101.614614, 3.069471], [101.614615, 3.069343], [101.61456, 3.069343]]]}}, {"type": "Feature", "properties": {}, "geometry": {"type": "Polygon", "coordinates": [[[101.614505, 3.069342], [101.61447, 3.069355], [101.614469, 3.069482], [101.614525, 3.069483], [101.614559, 3.06947], [101.61456, 3.069343], [101.614505, 3.069342]]]}}, {"type": "Feature", "properties": {}, "geometry": {"type": "Polygon", "coordinates": [[[101.614449, 3.069342], [101.614415, 3.069354], [101.614414, 3.069482], [101.614469, 3.069482], [101.614504, 3.06947], [101.614505, 3.069342], [101.614449, 3.069342]]]}}, {"type": "Feature", "properties": {}, "geometry": {"type": "Polygon", "coordinates": [[[101.614394, 3.069342], [101.614359, 3.069354], [101.614358, 3.069482], [101.614414, 3.069482], [101.614448, 3.06947], [101.614449, 3.069342], [101.614394, 3.069342]]]}}, {"type": "Feature", "properties": {}, "geometry": {"type": "Polygon", "coordinates": [[[101.614339, 3.069341], [101.614304, 3.069354], [101.614303, 3.069481], [101.614358, 3.069482], [101.614393, 3.069469], [101.614394, 3.069342], [101.614339, 3.069341]]]}}, {"type": "Feature", "properties": {}, "geometry": {"type": "Polygon", "coordinates": [[[101.614283, 3.069341], [101.614249, 3.069353], [101.614248, 3.069481], [101.614303, 3.069481], [101.614338, 3.069469], [101.614339, 3.069341], [101.614283, 3.069341]]]}}, {"type": "Feature", "properties": {}, "geometry": {"type": "Polygon", "coordinates": [[[101.614228, 3.06934], [101.614193, 3.069353], [101.614192, 3.069481], [101.614248, 3.069481], [101.614282, 3.069469], [101.614283, 3.069341], [101.614228, 3.06934]]]}}, {"type": "Feature", "properties": {}, "geometry": {"type": "Polygon", "coordinates": [[[101.614172, 3.06934], [101.614138, 3.069352], [101.614137, 3.06948], [101.614192, 3.069481], [101.614227, 3.069468], [101.614228, 3.06934], [101.614172, 3.06934]]]}}, {"type": "Feature", "properties": {}, "geometry": {"type": "Polygon", "coordinates": [[[101.614117, 3.06934], [101.614083, 3.069352], [101.614082, 3.06948], [101.614137, 3.06948], [101.614171, 3.069468], [101.614172, 3.06934], [101.614117, 3.06934]]]}}, {"type": "Feature", "properties": {}, "geometry": {"type": "Polygon", "coordinates": [[[101.614062, 3.069339], [101.614027, 3.069352], [101.614026, 3.069479], [101.614082, 3.06948], [101.614116, 3.069467], [101.614117, 3.06934], [101.614062, 3.069339]]]}}, {"type": "Feature", "properties": {}, "geometry": {"type": "Polygon", "coordinates": [[[101.614006, 3.069339], [101.613972, 3.069351], [101.613971, 3.069479], [101.614026, 3.069479], [101.614061, 3.069467], [101.614062, 3.069339], [101.614006, 3.069339]]]}}, {"type": "Feature", "properties": {}, "geometry": {"type": "Polygon", "coordinates": [[[101.613951, 3.069339], [101.613916, 3.069351], [101.613916, 3.069479], [101.613971, 3.069479], [101.614005, 3.069467], [101.614006, 3.069339], [101.613951, 3.069339]]]}}, {"type": "Feature", "properties": {}, "geometry": {"type": "Polygon", "coordinates": [[[101.613892, 3.068994], [101.613857, 3.069007], [101.613856, 3.069137], [101.613911, 3.069137], [101.613945, 3.069125], [101.613946, 3.068995], [101.613892, 3.068994]]]}}, {"type": "Feature", "properties": {}, "geometry": {"type": "Polygon", "coordinates": [[[101.613946, 3.068995], [101.613912, 3.069007], [101.613911, 3.069137], [101.613965, 3.069137], [101.614, 3.069125], [101.614001, 3.068995], [101.613946, 3.068995]]]}}, {"type": "Feature", "properties": {}, "geometry": {"type": "Polygon", "coordinates": [[[101.614001, 3.068995], [101.613966, 3.069008], [101.613965, 3.069137], [101.61402, 3.069138], [101.614054, 3.069125], [101.614055, 3.068995], [101.614001, 3.068995]]]}}, {"type": "Feature", "properties": {}, "geometry": {"type": "Polygon", "coordinates": [[[101.614055, 3.068995], [101.614021, 3.069008], [101.61402, 3.069138], [101.614075, 3.069138], [101.614109, 3.069126], [101.61411, 3.068996], [101.614055, 3.068995]]]}}, {"type": "Feature", "properties": {}, "geometry": {"type": "Polygon", "coordinates": [[[101.61411, 3.068996], [101.614075, 3.069008], [101.614075, 3.069138], [101.614129, 3.069139], [101.614164, 3.069126], [101.614164, 3.068996], [101.61411, 3.068996]]]}}, {"type": "Feature", "properties": {}, "geometry": {"type": "Polygon", "coordinates": [[[101.614164, 3.068996], [101.61413, 3.069009], [101.614129, 3.069139], [101.614184, 3.069139], [101.614218, 3.069126], [101.614219, 3.068997], [101.614164, 3.068996]]]}}, {"type": "Feature", "properties": {}, "geometry": {"type": "Polygon", "coordinates": [[[101.614219, 3.068997], [101.614185, 3.069009], [101.614184, 3.069139], [101.614238, 3.069139], [101.614273, 3.069127], [101.614274, 3.068997], [101.614219, 3.068997]]]}}, {"type": "Feature", "properties": {}, "geometry": {"type": "Polygon", "coordinates": [[[101.614274, 3.068997], [101.614239, 3.069009], [101.614238, 3.069139], [101.614293, 3.06914], [101.614327, 3.069127], [101.614328, 3.068997], [101.614274, 3.068997]]]}}, {"type": "Feature", "properties": {}, "geometry": {"type": "Polygon", "coordinates": [[[101.614328, 3.068997], [101.614294, 3.06901], [101.614293, 3.06914], [101.614347, 3.06914], [101.614382, 3.069127], [101.614383, 3.068998], [101.614328, 3.068997]]]}}, {"type": "Feature", "properties": {}, "geometry": {"type": "Polygon", "coordinates": [[[101.614383, 3.068998], [101.614348, 3.06901], [101.614347, 3.06914], [101.614402, 3.06914], [101.614437, 3.069128], [101.614437, 3.068998], [101.614383, 3.068998]]]}}, {"type": "Feature", "properties": {}, "geometry": {"type": "Polygon", "coordinates": [[[101.614437, 3.068998], [101.614403, 3.06901], [101.614402, 3.06914], [101.614457, 3.069141], [101.614491, 3.069128], [101.614492, 3.068998], [101.614437, 3.068998]]]}}, {"type": "Feature", "properties": {}, "geometry": {"type": "Polygon", "coordinates": [[[101.614492, 3.068998], [101.614458, 3.069011], [101.614457, 3.069141], [101.614511, 3.069141], [101.614546, 3.069129], [101.614547, 3.068999], [101.614492, 3.068998]]]}}, {"type": "Feature", "properties": {}, "geometry": {"type": "Polygon", "coordinates": [[[101.614547, 3.068999], [101.614512, 3.069011], [101.614511, 3.069141], [101.614566, 3.069141], [101.6146, 3.069129], [101.614601, 3.068999], [101.614547, 3.068999]]]}}, {"type": "Feature", "properties": {}, "geometry": {"type": "Polygon", "coordinates": [[[101.6146, 3.068822], [101.614565, 3.068834], [101.614564, 3.06899], [101.614619, 3.06899], [101.614653, 3.068978], [101.614655, 3.068822], [101.6146, 3.068822]]]}}, {"type": "Feature", "properties": {}, "geometry": {"type": "Polygon", "coordinates": [[[101.614545, 3.068821], [101.614511, 3.068834], [101.614509, 3.068989], [101.614564, 3.06899], [101.614598, 3.068977], [101.6146, 3.068822], [101.614545, 3.068821]]]}}, {"type": "Feature", "properties": {}, "geometry": {"type": "Polygon", "coordinates": [[[101.61449, 3.06882], [101.614456, 3.068833], [101.614454, 3.068988], [101.614509, 3.068989], [101.614544, 3.068977], [101.614545, 3.068821], [101.61449, 3.06882]]]}}, {"type": "Feature", "properties": {}, "geometry": {"type": "Polygon", "coordinates": [[[101.614435, 3.06882], [101.614401, 3.068832], [101.614399, 3.068988], [101.614454, 3.068988], [101.614489, 3.068976], [101.61449, 3.06882], [101.614435, 3.06882]]]}}, {"type": "Feature", "properties": {}, "geometry": {"type": "Polygon", "coordinates": [[[101.61438, 3.068819], [101.614346, 3.068832], [101.614344, 3.068987], [101.614399, 3.068988], [101.614434, 3.068975], [101.614435, 3.06882], [101.61438, 3.068819]]]}}, {"type": "Feature", "properties": {}, "geometry": {"type": "Polygon", "coordinates": [[[101.614325, 3.068819], [101.614291, 3.068831], [101.614289, 3.068987], [101.614344, 3.068987], [101.614379, 3.068975], [101.61438, 3.068819], [101.614325, 3.068819]]]}}, {"type": "Feature", "properties": {}, "geometry": {"type": "Polygon", "coordinates": [[[101.61427, 3.068818], [101.614236, 3.068831], [101.614234, 3.068986], [101.614289, 3.068987], [101.614324, 3.068974], [101.614325, 3.068819], [101.61427, 3.068818]]]}}, {"type": "Feature", "properties": {}, "geometry": {"type": "Polygon", "coordinates": [[[101.614215, 3.068818], [101.614181, 3.06883], [101.614179, 3.068986], [101.614234, 3.068986], [101.614269, 3.068974], [101.61427, 3.068818], [101.614215, 3.068818]]]}}, {"type": "Feature", "properties": {}, "geometry": {"type": "Polygon", "coordinates": [[[101.61416, 3.068817], [101.614126, 3.06883], [101.614124, 3.068985], [101.614179, 3.068986], [101.614214, 3.068973], [101.614215, 3.068818], [101.61416, 3.068817]]]}}, {"type": "Feature", "properties": {}, "geometry": {"type": "Polygon", "coordinates": [[[101.614106, 3.068816], [101.614071, 3.068829], [101.614069, 3.068984], [101.614124, 3.068985], [101.614159, 3.068973], [101.61416, 3.068817], [101.614106, 3.068816]]]}}, {"type": "Feature", "properties": {}, "geometry": {"type": "Polygon", "coordinates": [[[101.614051, 3.068816], [101.614016, 3.068828], [101.614014, 3.068984], [101.614069, 3.068984], [101.614104, 3.068972], [101.614106, 3.068816], [101.614051, 3.068816]]]}}, {"type": "Feature", "properties": {}, "geometry": {"type": "Polygon", "coordinates": [[[101.613996, 3.068815], [101.613961, 3.068828], [101.61396, 3.068983], [101.614014, 3.068984], [101.614049, 3.068971], [101.614051, 3.068816], [101.613996, 3.068815]]]}}, {"type": "Feature", "properties": {}, "geometry": {"type": "Polygon", "coordinates": [[[101.613941, 3.068815], [101.613906, 3.068827], [101.613905, 3.068983], [101.61396, 3.068983], [101.613994, 3.068971], [101.613996, 3.068815], [101.613941, 3.068815]]]}}, {"type": "Feature", "properties": {}, "geometry": {"type": "Polygon", "coordinates": [[[101.613835, 3.068492], [101.6138, 3.068504], [101.613798, 3.068664], [101.6139, 3.068666], [101.613935, 3.068653], [101.613937, 3.068493], [101.613835, 3.068492]]]}}, {"type": "Feature", "properties": {}, "geometry": {"type": "Polygon", "coordinates": [[[101.613937, 3.068493], [101.613902, 3.068505], [101.6139, 3.068666], [101.613956, 3.068666], [101.61399, 3.068654], [101.613992, 3.068494], [101.613937, 3.068493]]]}}, {"type": "Feature", "properties": {}, "geometry": {"type": "Polygon", "coordinates": [[[101.613992, 3.068494], [101.613958, 3.068506], [101.613956, 3.068666], [101.614011, 3.068667], [101.614045, 3.068655], [101.614047, 3.068494], [101.613992, 3.068494]]]}}, {"type": "Feature", "properties": {}, "geometry": {"type": "Polygon", "coordinates": [[[101.614047, 3.068494], [101.614013, 3.068507], [101.614011, 3.068667], [101.614066, 3.068668], [101.6141, 3.068655], [101.614102, 3.068495], [101.614047, 3.068494]]]}}, {"type": "Feature", "properties": {}, "geometry": {"type": "Polygon", "coordinates": [[[101.614102, 3.068495], [101.614068, 3.068507], [101.614066, 3.068668], [101.614121, 3.068668], [101.614155, 3.068656], [101.614158, 3.068496], [101.614102, 3.068495]]]}}, {"type": "Feature", "properties": {}, "geometry": {"type": "Polygon", "coordinates": [[[101.614158, 3.068496], [101.614123, 3.068508], [101.614121, 3.068668], [101.614176, 3.068669], [101.614211, 3.068657], [101.614213, 3.068496], [101.614158, 3.068496]]]}}, {"type": "Feature", "properties": {}, "geometry": {"type": "Polygon", "coordinates": [[[101.614213, 3.068496], [101.614178, 3.068509], [101.614176, 3.068669], [101.614231, 3.06867], [101.614266, 3.068657], [101.614268, 3.068497], [101.614213, 3.068496]]]}}, {"type": "Feature", "properties": {}, "geometry": {"type": "Polygon", "coordinates": [[[101.614268, 3.068497], [101.614233, 3.06851], [101.614231, 3.06867], [101.614286, 3.068671], [101.614321, 3.068658], [101.614323, 3.068498], [101.614268, 3.068497]]]}}, {"type": "Feature", "properties": {}, "geometry": {"type": "Polygon", "coordinates": [[[101.614323, 3.068498], [101.614289, 3.06851], [101.614286, 3.068671], [101.614342, 3.068671], [101.614376, 3.068659], [101.614378, 3.068499], [101.614323, 3.068498]]]}}, {"type": "Feature", "properties": {}, "geometry": {"type": "Polygon", "coordinates": [[[101.614378, 3.068499], [101.614344, 3.068511], [101.614342, 3.068671], [101.614397, 3.068672], [101.614431, 3.06866], [101.614433, 3.068499], [101.614378, 3.068499]]]}}, {"type": "Feature", "properties": {}, "geometry": {"type": "Polygon", "coordinates": [[[101.614433, 3.068499], [101.614399, 3.068512], [101.614397, 3.068672], [101.614452, 3.068673], [101.614486, 3.06866], [101.614489, 3.0685], [101.614433, 3.068499]]]}}, {"type": "Feature", "properties": {}, "geometry": {"type": "Polygon", "coordinates": [[[101.614489, 3.0685], [101.614454, 3.068512], [101.614452, 3.068673], [101.614507, 3.068673], [101.614542, 3.068661], [101.614544, 3.068501], [101.614489, 3.0685]]]}}, {"type": "Feature", "properties": {}, "geometry": {"type": "Polygon", "coordinates": [[[101.614544, 3.068501], [101.614509, 3.068513], [101.614507, 3.068673], [101.614562, 3.068674], [101.614597, 3.068662], [101.614599, 3.068501], [101.614544, 3.068501]]]}}, {"type": "Feature", "properties": {}, "geometry": {"type": "Polygon", "coordinates": [[[101.6146, 3.068328], [101.614565, 3.068341], [101.614564, 3.068492], [101.614619, 3.068492], [101.614654, 3.068479], [101.614655, 3.068328], [101.6146, 3.068328]]]}}, {"type": "Feature", "properties": {}, "geometry": {"type": "Polygon", "coordinates": [[[101.614545, 3.068328], [101.61451, 3.06834], [101.614509, 3.068491], [101.614564, 3.068492], [101.614599, 3.068479], [101.6146, 3.068328], [101.614545, 3.068328]]]}}, {"type": "Feature", "properties": {}, "geometry": {"type": "Polygon", "coordinates": [[[101.61449, 3.068327], [101.614455, 3.06834], [101.614454, 3.068491], [101.614509, 3.068491], [101.614544, 3.068479], [101.614545, 3.068328], [101.61449, 3.068327]]]}}, {"type": "Feature", "properties": {}, "geometry": {"type": "Polygon", "coordinates": [[[101.614435, 3.068327], [101.6144, 3.068339], [101.614399, 3.06849], [101.614454, 3.068491], [101.614489, 3.068478], [101.61449, 3.068327], [101.614435, 3.068327]]]}}, {"type": "Feature", "properties": {}, "geometry": {"type": "Polygon", "coordinates": [[[101.61438, 3.068327], [101.614345, 3.068339], [101.614344, 3.06849], [101.614399, 3.06849], [101.614434, 3.068478], [101.614435, 3.068327], [101.61438, 3.068327]]]}}, {"type": "Feature", "properties": {}, "geometry": {"type": "Polygon", "coordinates": [[[101.614325, 3.068326], [101.61429, 3.068339], [101.614289, 3.06849], [101.614344, 3.06849], [101.614379, 3.068478], [101.61438, 3.068327], [101.614325, 3.068326]]]}}, {"type": "Feature", "properties": {}, "geometry": {"type": "Polygon", "coordinates": [[[101.61427, 3.068326], [101.614235, 3.068338], [101.614234, 3.06849], [101.614289, 3.06849], [101.614324, 3.068477], [101.614325, 3.068326], [101.61427, 3.068326]]]}}, {"type": "Feature", "properties": {}, "geometry": {"type": "Polygon", "coordinates": [[[101.614215, 3.068326], [101.61418, 3.068338], [101.614179, 3.068489], [101.614234, 3.06849], [101.614269, 3.068477], [101.61427, 3.068326], [101.614215, 3.068326]]]}}, {"type": "Feature", "properties": {}, "geometry": {"type": "Polygon", "coordinates": [[[101.61416, 3.068325], [101.614125, 3.068338], [101.614124, 3.068489], [101.614179, 3.068489], [101.614214, 3.068477], [101.614215, 3.068326], [101.61416, 3.068325]]]}}, {"type": "Feature", "properties": {}, "geometry": {"type": "Polygon", "coordinates": [[[101.614105, 3.068325], [101.61407, 3.068337], [101.614069, 3.068488], [101.614124, 3.068489], [101.614159, 3.068476], [101.61416, 3.068325], [101.614105, 3.068325]]]}}, {"type": "Feature", "properties": {}, "geometry": {"type": "Polygon", "coordinates": [[[101.61405, 3.068325], [101.614015, 3.068337], [101.614014, 3.068488], [101.614069, 3.068488], [101.614104, 3.068476], [101.614105, 3.068325], [101.61405, 3.068325]]]}}, {"type": "Feature", "properties": {}, "geometry": {"type": "Polygon", "coordinates": [[[101.613995, 3.068324], [101.61396, 3.068337], [101.613959, 3.068488], [101.614014, 3.068488], [101.614049, 3.068476], [101.61405, 3.068325], [101.613995, 3.068324]]]}}, {"type": "Feature", "properties": {}, "geometry": {"type": "Polygon", "coordinates": [[[101.61394, 3.068324], [101.613905, 3.068336], [101.613904, 3.068487], [101.613959, 3.068488], [101.613994, 3.068475], [101.613995, 3.068324], [101.61394, 3.068324]]]}}, {"type": "Feature", "properties": {}, "geometry": {"type": "Polygon", "coordinates": [[[101.613847, 3.068], [101.613813, 3.068013], [101.613812, 3.068167], [101.613901, 3.068168], [101.613935, 3.068155], [101.613936, 3.068001], [101.613847, 3.068]]]}}, {"type": "Feature", "properties": {}, "geometry": {"type": "Polygon", "coordinates": [[[101.613936, 3.068001], [101.613901, 3.068013], [101.613901, 3.068168], [101.613956, 3.068168], [101.61399, 3.068156], [101.613991, 3.068001], [101.613936, 3.068001]]]}}, {"type": "Feature", "properties": {}, "geometry": {"type": "Polygon", "coordinates": [[[101.613991, 3.068001], [101.613957, 3.068014], [101.613956, 3.068168], [101.614011, 3.068169], [101.614045, 3.068156], [101.614046, 3.068001], [101.613991, 3.068001]]]}}, {"type": "Feature", "properties": {}, "geometry": {"type": "Polygon", "coordinates": [[[101.614046, 3.068001], [101.614012, 3.068014], [101.614011, 3.068169], [101.614066, 3.068169], [101.614101, 3.068156], [101.614101, 3.068002], [101.614046, 3.068001]]]}}, {"type": "Feature", "properties": {}, "geometry": {"type": "Polygon", "coordinates": [[[101.614101, 3.068002], [101.614067, 3.068014], [101.614066, 3.068169], [101.614121, 3.068169], [101.614156, 3.068157], [101.614157, 3.068002], [101.614101, 3.068002]]]}}, {"type": "Feature", "properties": {}, "geometry": {"type": "Polygon", "coordinates": [[[101.614157, 3.068002], [101.614122, 3.068014], [101.614121, 3.068169], [101.614176, 3.06817], [101.614211, 3.068157], [101.614212, 3.068002], [101.614157, 3.068002]]]}}, {"type": "Feature", "properties": {}, "geometry": {"type": "Polygon", "coordinates": [[[101.614212, 3.068002], [101.614177, 3.068015], [101.614176, 3.06817], [101.614232, 3.06817], [101.614266, 3.068157], [101.614267, 3.068003], [101.614212, 3.068002]]]}}, {"type": "Feature", "properties": {}, "geometry": {"type": "Polygon", "coordinates": [[[101.614267, 3.068003], [101.614233, 3.068015], [101.614232, 3.06817], [101.614287, 3.06817], [101.614321, 3.068158], [101.614322, 3.068003], [101.614267, 3.068003]]]}}, {"type": "Feature", "properties": {}, "geometry": {"type": "Polygon", "coordinates": [[[101.614322, 3.068003], [101.614288, 3.068016], [101.614287, 3.06817], [101.614342, 3.068171], [101.614376, 3.068158], [101.614377, 3.068003], [101.614322, 3.068003]]]}}, {"type": "Feature", "properties": {}, "geometry": {"type": "Polygon", "coordinates": [[[101.614377, 3.068003], [101.614343, 3.068016], [101.614342, 3.068171], [101.614397, 3.068171], [101.614432, 3.068158], [101.614433, 3.068004], [101.614377, 3.068003]]]}}, {"type": "Feature", "properties": {}, "geometry": {"type": "Polygon", "coordinates": [[[101.614433, 3.068004], [101.614398, 3.068016], [101.614397, 3.068171], [101.614452, 3.068171], [101.614487, 3.068159], [101.614488, 3.068004], [101.614433, 3.068004]]]}}, {"type": "Feature", "properties": {}, "geometry": {"type": "Polygon", "coordinates": [[[101.614488, 3.068004], [101.614453, 3.068017], [101.614452, 3.068171], [101.614507, 3.068172], [101.614542, 3.068159], [101.614543, 3.068004], [101.614488, 3.068004]]]}}, {"type": "Feature", "properties": {}, "geometry": {"type": "Polygon", "coordinates": [[[101.614543, 3.068004], [101.614508, 3.068017], [101.614507, 3.068172], [101.614563, 3.068172], [101.614597, 3.06816], [101.614598, 3.068005], [101.614543, 3.068004]]]}}, {"type": "Feature", "properties": {}, "geometry": {"type": "Polygon", "coordinates": [[[101.614652, 3.067819], [101.614598, 3.067819], [101.614563, 3.067831], [101.614564, 3.067983], [101.614618, 3.067983], [101.614653, 3.06797], [101.614652, 3.067819]]]}}, {"type": "Feature", "properties": {}, "geometry": {"type": "Polygon", "coordinates": [[[101.614598, 3.067819], [101.614543, 3.067819], [101.614509, 3.067831], [101.614509, 3.067983], [101.614564, 3.067983], [101.614598, 3.06797], [101.614598, 3.067819]]]}}, {"type": "Feature", "properties": {}, "geometry": {"type": "Polygon", "coordinates": [[[101.614543, 3.067819], [101.614488, 3.067819], [101.614454, 3.067832], [101.614454, 3.067983], [101.614509, 3.067983], [101.614544, 3.067971], [101.614543, 3.067819]]]}}, {"type": "Feature", "properties": {}, "geometry": {"type": "Polygon", "coordinates": [[[101.614488, 3.067819], [101.614434, 3.067819], [101.614399, 3.067832], [101.6144, 3.067983], [101.614454, 3.067983], [101.614489, 3.067971], [101.614488, 3.067819]]]}}, {"type": "Feature", "properties": {}, "geometry": {"type": "Polygon", "coordinates": [[[101.614434, 3.067819], [101.614379, 3.067819], [101.614345, 3.067832], [101.614345, 3.067983], [101.6144, 3.067983], [101.614434, 3.067971], [101.614434, 3.067819]]]}}, {"type": "Feature", "properties": {}, "geometry": {"type": "Polygon", "coordinates": [[[101.614379, 3.067819], [101.614325, 3.06782], [101.61429, 3.067832], [101.614291, 3.067984], [101.614345, 3.067983], [101.61438, 3.067971], [101.614379, 3.067819]]]}}, {"type": "Feature", "properties": {}, "geometry": {"type": "Polygon", "coordinates": [[[101.614325, 3.06782], [101.61427, 3.06782], [101.614236, 3.067832], [101.614236, 3.067984], [101.614291, 3.067984], [101.614325, 3.067971], [101.614325, 3.06782]]]}}, {"type": "Feature", "properties": {}, "geometry": {"type": "Polygon", "coordinates": [[[101.61427, 3.06782], [101.614215, 3.06782], [101.614181, 3.067833], [101.614182, 3.067984], [101.614236, 3.067984], [101.614271, 3.067971], [101.61427, 3.06782]]]}}, {"type": "Feature", "properties": {}, "geometry": {"type": "Polygon", "coordinates": [[[101.614215, 3.06782], [101.614161, 3.06782], [101.614126, 3.067833], [101.614127, 3.067984], [101.614182, 3.067984], [101.614216, 3.067972], [101.614215, 3.06782]]]}}, {"type": "Feature", "properties": {}, "geometry": {"type": "Polygon", "coordinates": [[[101.614161, 3.06782], [101.614106, 3.06782], [101.614072, 3.067833], [101.614072, 3.067985], [101.614127, 3.067984], [101.614161, 3.067972], [101.614161, 3.06782]]]}}, {"type": "Feature", "properties": {}, "geometry": {"type": "Polygon", "coordinates": [[[101.614106, 3.06782], [101.614052, 3.067821], [101.614017, 3.067833], [101.614018, 3.067985], [101.614072, 3.067985], [101.614107, 3.067972], [101.614106, 3.06782]]]}}, {"type": "Feature", "properties": {}, "geometry": {"type": "Polygon", "coordinates": [[[101.614052, 3.067821], [101.613997, 3.067821], [101.613963, 3.067833], [101.613963, 3.067985], [101.614018, 3.067985], [101.614052, 3.067972], [101.614052, 3.067821]]]}}, {"type": "Feature", "properties": {}, "geometry": {"type": "Polygon", "coordinates": [[[101.613997, 3.067821], [101.613942, 3.067821], [101.613908, 3.067833], [101.613908, 3.067985], [101.613963, 3.067985], [101.613998, 3.067972], [101.613997, 3.067821]]]}}, {"type": "Feature", "properties": {}, "geometry": {"type": "Polygon", "coordinates": [[[101.613986, 3.06718], [101.613952, 3.067193], [101.613951, 3.067359], [101.614013, 3.06736], [101.614048, 3.067347], [101.614048, 3.06718], [101.613986, 3.06718]]]}}, {"type": "Feature", "properties": {}, "geometry": {"type": "Polygon", "coordinates": [[[101.614048, 3.06718], [101.614014, 3.067193], [101.614013, 3.06736], [101.614075, 3.06736], [101.61411, 3.067347], [101.61411, 3.067181], [101.614048, 3.06718]]]}}, {"type": "Feature", "properties": {}, "geometry": {"type": "Polygon", "coordinates": [[[101.61411, 3.067181], [101.614076, 3.067193], [101.614075, 3.06736], [101.614138, 3.06736], [101.614172, 3.067348], [101.614173, 3.067181], [101.61411, 3.067181]]]}}, {"type": "Feature", "properties": {}, "geometry": {"type": "Polygon", "coordinates": [[[101.614173, 3.067181], [101.614138, 3.067193], [101.614138, 3.06736], [101.6142, 3.06736], [101.614234, 3.067348], [101.614235, 3.067181], [101.614173, 3.067181]]]}}, {"type": "Feature", "properties": {}, "geometry": {"type": "Polygon", "coordinates": [[[101.614235, 3.067181], [101.6142, 3.067193], [101.6142, 3.06736], [101.614262, 3.06736], [101.614296, 3.067348], [101.614297, 3.067181], [101.614235, 3.067181]]]}}, {"type": "Feature", "properties": {}, "geometry": {"type": "Polygon", "coordinates": [[[101.614297, 3.067181], [101.614262, 3.067194], [101.614262, 3.06736], [101.614324, 3.067361], [101.614358, 3.067348], [101.614359, 3.067181], [101.614297, 3.067181]]]}}, {"type": "Feature", "properties": {}, "geometry": {"type": "Polygon", "coordinates": [[[101.614359, 3.067181], [101.614324, 3.067194], [101.614324, 3.067361], [101.614386, 3.067361], [101.61442, 3.067348], [101.614421, 3.067181], [101.614359, 3.067181]]]}}, {"type": "Feature", "properties": {}, "geometry": {"type": "Polygon", "coordinates": [[[101.614421, 3.067181], [101.614386, 3.067194], [101.614386, 3.067361], [101.614448, 3.067361], [101.614482, 3.067349], [101.614483, 3.067182], [101.614421, 3.067181]]]}}, {"type": "Feature", "properties": {}, "geometry": {"type": "Polygon", "coordinates": [[[101.614483, 3.067182], [101.614448, 3.067194], [101.614448, 3.067361], [101.61451, 3.067361], [101.614544, 3.067349], [101.614545, 3.067182], [101.614483, 3.067182]]]}}, {"type": "Feature", "properties": {}, "geometry": {"type": "Polygon", "coordinates": [[[101.614545, 3.067182], [101.614511, 3.067194], [101.61451, 3.067361], [101.614572, 3.067361], [101.614607, 3.067349], [101.614607, 3.067182], [101.614545, 3.067182]]]}}, {"type": "Feature", "properties": {}, "geometry": {"type": "Polygon", "coordinates": [[[101.614607, 3.067182], [101.614573, 3.067194], [101.614572, 3.067361], [101.614634, 3.067362], [101.614669, 3.067349], [101.614669, 3.067182], [101.614607, 3.067182]]]}}, {"type": "Feature", "properties": {}, "geometry": {"type": "Polygon", "coordinates": [[[101.614669, 3.067182], [101.614635, 3.067195], [101.614634, 3.067362], [101.614696, 3.067362], [101.614731, 3.067349], [101.614731, 3.067182], [101.614669, 3.067182]]]}}, {"type": "Feature", "properties": {}, "geometry": {"type": "Polygon", "coordinates": [[[101.614731, 3.067182], [101.614697, 3.067195], [101.614696, 3.067362], [101.614758, 3.067362], [101.614793, 3.067349], [101.614793, 3.067183], [101.614731, 3.067182]]]}}, {"type": "Feature", "properties": {}, "geometry": {"type": "Polygon", "coordinates": [[[101.614796, 3.067007], [101.614762, 3.067019], [101.614761, 3.067169], [101.614823, 3.067169], [101.614858, 3.067157], [101.614858, 3.067007], [101.614796, 3.067007]]]}}, {"type": "Feature", "properties": {}, "geometry": {"type": "Polygon", "coordinates": [[[101.614734, 3.067007], [101.614699, 3.067019], [101.614699, 3.067169], [101.614761, 3.067169], [101.614796, 3.067157], [101.614796, 3.067007], [101.614734, 3.067007]]]}}, {"type": "Feature", "properties": {}, "geometry": {"type": "Polygon", "coordinates": [[[101.614672, 3.067006], [101.614637, 3.067019], [101.614637, 3.067169], [101.614699, 3.067169], [101.614733, 3.067156], [101.614734, 3.067007], [101.614672, 3.067006]]]}}, {"type": "Feature", "properties": {}, "geometry": {"type": "Polygon", "coordinates": [[[101.61461, 3.067006], [101.614575, 3.067019], [101.614575, 3.067169], [101.614637, 3.067169], [101.614671, 3.067156], [101.614672, 3.067006], [101.61461, 3.067006]]]}}, {"type": "Feature", "properties": {}, "geometry": {"type": "Polygon", "coordinates": [[[101.614548, 3.067006], [101.614513, 3.067019], [101.614513, 3.067168], [101.614575, 3.067169], [101.614609, 3.067156], [101.61461, 3.067006], [101.614548, 3.067006]]]}}, {"type": "Feature", "properties": {}, "geometry": {"type": "Polygon", "coordinates": [[[101.614486, 3.067006], [101.614451, 3.067018], [101.614451, 3.067168], [101.614513, 3.067168], [101.614547, 3.067156], [101.614548, 3.067006], [101.614486, 3.067006]]]}}, {"type": "Feature", "properties": {}, "geometry": {"type": "Polygon", "coordinates": [[[101.614424, 3.067006], [101.614389, 3.067018], [101.614389, 3.067168], [101.614451, 3.067168], [101.614485, 3.067156], [101.614486, 3.067006], [101.614424, 3.067006]]]}}, {"type": "Feature", "properties": {}, "geometry": {"type": "Polygon", "coordinates": [[[101.614361, 3.067005], [101.614327, 3.067018], [101.614327, 3.067168], [101.614389, 3.067168], [101.614423, 3.067155], [101.614424, 3.067006], [101.614361, 3.067005]]]}}, {"type": "Feature", "properties": {}, "geometry": {"type": "Polygon", "coordinates": [[[101.614299, 3.067005], [101.614265, 3.067018], [101.614265, 3.067168], [101.614327, 3.067168], [101.614361, 3.067155], [101.614361, 3.067005], [101.614299, 3.067005]]]}}, {"type": "Feature", "properties": {}, "geometry": {"type": "Polygon", "coordinates": [[[101.614237, 3.067005], [101.614203, 3.067017], [101.614203, 3.067167], [101.614265, 3.067168], [101.614299, 3.067155], [101.614299, 3.067005], [101.614237, 3.067005]]]}}, {"type": "Feature", "properties": {}, "geometry": {"type": "Polygon", "coordinates": [[[101.614175, 3.067005], [101.614141, 3.067017], [101.61414, 3.067167], [101.614203, 3.067167], [101.614237, 3.067155], [101.614237, 3.067005], [101.614175, 3.067005]]]}}, {"type": "Feature", "properties": {}, "geometry": {"type": "Polygon", "coordinates": [[[101.614113, 3.067005], [101.614079, 3.067017], [101.614078, 3.067167], [101.61414, 3.067167], [101.614175, 3.067155], [101.614175, 3.067005], [101.614113, 3.067005]]]}}, {"type": "Feature", "properties": {}, "geometry": {"type": "Polygon", "coordinates": [[[101.614051, 3.067004], [101.614017, 3.067017], [101.614016, 3.067167], [101.614078, 3.067167], [101.614113, 3.067154], [101.614113, 3.067005], [101.614051, 3.067004]]]}}, {"type": "Feature", "properties": {}, "geometry": {"type": "Polygon", "coordinates": [[[101.614967, 3.067185], [101.614905, 3.067186], [101.61487, 3.067198], [101.614872, 3.067354], [101.614935, 3.067353], [101.614969, 3.067341], [101.614967, 3.067185]]]}}, {"type": "Feature", "properties": {}, "geometry": {"type": "Polygon", "coordinates": [[[101.61503, 3.067185], [101.614967, 3.067185], [101.614933, 3.067198], [101.614935, 3.067353], [101.614997, 3.067353], [101.615032, 3.06734], [101.61503, 3.067185]]]}}, {"type": "Feature", "properties": {}, "geometry": {"type": "Polygon", "coordinates": [[[101.615093, 3.067184], [101.61503, 3.067185], [101.614996, 3.067197], [101.614997, 3.067353], [101.61506, 3.067352], [101.615094, 3.06734], [101.615093, 3.067184]]]}}, {"type": "Feature", "properties": {}, "geometry": {"type": "Polygon", "coordinates": [[[101.615092, 3.067008], [101.61503, 3.067008], [101.614996, 3.067021], [101.614997, 3.067175], [101.615059, 3.067175], [101.615093, 3.067163], [101.615092, 3.067008]]]}}, {"type": "Feature", "properties": {}, "geometry": {"type": "Polygon", "coordinates": [[[101.61503, 3.067008], [101.614968, 3.067009], [101.614934, 3.067021], [101.614935, 3.067176], [101.614997, 3.067175], [101.615031, 3.067163], [101.61503, 3.067008]]]}}, {"type": "Feature", "properties": {}, "geometry": {"type": "Polygon", "coordinates": [[[101.61405, 3.066641], [101.613988, 3.066642], [101.613953, 3.066654], [101.613955, 3.066791], [101.614017, 3.06679], [101.614051, 3.066778], [101.61405, 3.066641]]]}}, {"type": "Feature", "properties": {}, "geometry": {"type": "Polygon", "coordinates": [[[101.614112, 3.066641], [101.61405, 3.066641], [101.614015, 3.066654], [101.614017, 3.06679], [101.614079, 3.06679], [101.614113, 3.066777], [101.614112, 3.066641]]]}}, {"type": "Feature", "properties": {}, "geometry": {"type": "Polygon", "coordinates": [[[101.614174, 3.06664], [101.614112, 3.066641], [101.614077, 3.066653], [101.614079, 3.06679], [101.614141, 3.066789], [101.614175, 3.066776], [101.614174, 3.06664]]]}}, {"type": "Feature", "properties": {}, "geometry": {"type": "Polygon", "coordinates": [[[101.614236, 3.066639], [101.614174, 3.06664], [101.614139, 3.066652], [101.614141, 3.066789], [101.614203, 3.066788], [101.614237, 3.066776], [101.614236, 3.066639]]]}}, {"type": "Feature", "properties": {}, "geometry": {"type": "Polygon", "coordinates": [[[101.614298, 3.066639], [101.614236, 3.066639], [101.614201, 3.066652], [101.614203, 3.066788], [101.614265, 3.066788], [101.614299, 3.066775], [101.614298, 3.066639]]]}}, {"type": "Feature", "properties": {}, "geometry": {"type": "Polygon", "coordinates": [[[101.61436, 3.066638], [101.614298, 3.066639], [101.614264, 3.066651], [101.614265, 3.066788], [101.614327, 3.066787], [101.614361, 3.066774], [101.61436, 3.066638]]]}}, {"type": "Feature", "properties": {}, "geometry": {"type": "Polygon", "coordinates": [[[101.614422, 3.066637], [101.61436, 3.066638], [101.614326, 3.06665], [101.614327, 3.066787], [101.614389, 3.066786], [101.614423, 3.066774], [101.614422, 3.066637]]]}}, {"type": "Feature", "properties": {}, "geometry": {"type": "Polygon", "coordinates": [[[101.614422, 3.066456], [101.614388, 3.066469], [101.614388, 3.066617], [101.614449, 3.066617], [101.614484, 3.066605], [101.614484, 3.066456], [101.614422, 3.066456]]]}}, {"type": "Feature", "properties": {}, "geometry": {"type": "Polygon", "coordinates": [[[101.61436, 3.066456], [101.614326, 3.066469], [101.614326, 3.066617], [101.614388, 3.066617], [101.614422, 3.066605], [101.614422, 3.066456], [101.61436, 3.066456]]]}}, {"type": "Feature", "properties": {}, "geometry": {"type": "Polygon", "coordinates": [[[101.614299, 3.066456], [101.614264, 3.066469], [101.614264, 3.066617], [101.614326, 3.066617], [101.61436, 3.066605], [101.61436, 3.066456], [101.614299, 3.066456]]]}}, {"type": "Feature", "properties": {}, "geometry": {"type": "Polygon", "coordinates": [[[101.614237, 3.066456], [101.614202, 3.066469], [101.614202, 3.066617], [101.614264, 3.066617], [101.614299, 3.066605], [101.614299, 3.066456], [101.614237, 3.066456]]]}}, {"type": "Feature", "properties": {}, "geometry": {"type": "Polygon", "coordinates": [[[101.614175, 3.066456], [101.614141, 3.066469], [101.614141, 3.066617], [101.614202, 3.066617], [101.614237, 3.066605], [101.614237, 3.066456], [101.614175, 3.066456]]]}}, {"type": "Feature", "properties": {}, "geometry": {"type": "Polygon", "coordinates": [[[101.614113, 3.066456], [101.614079, 3.066469], [101.614079, 3.066617], [101.614141, 3.066617], [101.614175, 3.066605], [101.614175, 3.066456], [101.614113, 3.066456]]]}}, {"type": "Feature", "properties": {}, "geometry": {"type": "Polygon", "coordinates": [[[101.614052, 3.066456], [101.614017, 3.066469], [101.614017, 3.066617], [101.614079, 3.066617], [101.614113, 3.066605], [101.614113, 3.066456], [101.614052, 3.066456]]]}}, {"type": "Feature", "properties": {}, "geometry": {"type": "Polygon", "coordinates": [[[101.61399, 3.066085], [101.613956, 3.066098], [101.613956, 3.066253], [101.614017, 3.066253], [101.614051, 3.06624], [101.614051, 3.066085], [101.61399, 3.066085]]]}}, {"type": "Feature", "properties": {}, "geometry": {"type": "Polygon", "coordinates": [[[101.614051, 3.066085], [101.614017, 3.066098], [101.614017, 3.066253], [101.614078, 3.066253], [101.614112, 3.06624], [101.614112, 3.066085], [101.614051, 3.066085]]]}}, {"type": "Feature", "properties": {}, "geometry": {"type": "Polygon", "coordinates": [[[101.614112, 3.066085], [101.614078, 3.066098], [101.614078, 3.066253], [101.614139, 3.066253], [101.614173, 3.06624], [101.614173, 3.066085], [101.614112, 3.066085]]]}}, {"type": "Feature", "properties": {}, "geometry": {"type": "Polygon", "coordinates": [[[101.614173, 3.066085], [101.614139, 3.066098], [101.614139, 3.066253], [101.6142, 3.066253], [101.614234, 3.06624], [101.614234, 3.066085], [101.614173, 3.066085]]]}}, {"type": "Feature", "properties": {}, "geometry": {"type": "Polygon", "coordinates": [[[101.614234, 3.066085], [101.6142, 3.066098], [101.6142, 3.066253], [101.614261, 3.066253], [101.614295, 3.06624], [101.614295, 3.066085], [101.614234, 3.066085]]]}}, {"type": "Feature", "properties": {}, "geometry": {"type": "Polygon", "coordinates": [[[101.614295, 3.066085], [101.614261, 3.066098], [101.614261, 3.066253], [101.614322, 3.066253], [101.614356, 3.06624], [101.614356, 3.066085], [101.614295, 3.066085]]]}}, {"type": "Feature", "properties": {}, "geometry": {"type": "Polygon", "coordinates": [[[101.614356, 3.066085], [101.614322, 3.066098], [101.614322, 3.066253], [101.614383, 3.066253], [101.614417, 3.06624], [101.614417, 3.066085], [101.614356, 3.066085]]]}}, {"type": "Feature", "properties": {}, "geometry": {"type": "Polygon", "coordinates": [[[101.609487, 3.072812], [101.609279, 3.072814], [101.609214, 3.072837], [101.609215, 3.072899], [101.609423, 3.072897], [101.609487, 3.072874], [101.609487, 3.072812]]]}}, {"type": "Feature", "properties": {}, "geometry": {"type": "Polygon", "coordinates": [[[101.609487, 3.072874], [101.609279, 3.072876], [101.609215, 3.072899], [101.609215, 3.072961], [101.609423, 3.072959], [101.609488, 3.072936], [101.609487, 3.072874]]]}}, {"type": "Feature", "properties": {}, "geometry": {"type": "Polygon", "coordinates": [[[101.609488, 3.072936], [101.60928, 3.072937], [101.609215, 3.072961], [101.609216, 3.073023], [101.609424, 3.073021], [101.609488, 3.072998], [101.609488, 3.072936]]]}}, {"type": "Feature", "properties": {}, "geometry": {"type": "Polygon", "coordinates": [[[101.609488, 3.072998], [101.60928, 3.072999], [101.609216, 3.073023], [101.609216, 3.073084], [101.609424, 3.073083], [101.609489, 3.07306], [101.609488, 3.072998]]]}}, {"type": "Feature", "properties": {}, "geometry": {"type": "Polygon", "coordinates": [[[101.609489, 3.07306], [101.609281, 3.073061], [101.609216, 3.073084], [101.609217, 3.073146], [101.609425, 3.073145], [101.609489, 3.073121], [101.609489, 3.07306]]]}}, {"type": "Feature", "properties": {}, "geometry": {"type": "Polygon", "coordinates": [[[101.609483, 3.072726], [101.609325, 3.072729], [101.60926, 3.072752], [101.609215, 3.0728], [101.609214, 3.072837], [101.609422, 3.072836], [101.609487, 3.072812], [101.609483, 3.072726]]]}}, {"type": "Feature", "properties": {}, "geometry": {"type": "Polygon", "coordinates": [[[101.609489, 3.073121], [101.609281, 3.073123], [101.609217, 3.073146], [101.609217, 3.073208], [101.609425, 3.073206], [101.60949, 3.073183], [101.609489, 3.073121]]]}}, {"type": "Feature", "properties": {}, "geometry": {"type": "Polygon", "coordinates": [[[101.610548, 3.073289], [101.610332, 3.07329], [101.610268, 3.073314], [101.610268, 3.073374], [101.610484, 3.073373], [101.610549, 3.07335], [101.610548, 3.073289]]]}}, {"type": "Feature", "properties": {}, "geometry": {"type": "Polygon", "coordinates": [[[101.610548, 3.073228], [101.610332, 3.073229], [101.610267, 3.073253], [101.610268, 3.073314], [101.610484, 3.073312], [101.610548, 3.073289], [101.610548, 3.073228]]]}}, {"type": "Feature", "properties": {}, "geometry": {"type": "Polygon", "coordinates": [[[101.610548, 3.073167], [101.610332, 3.073169], [101.610267, 3.073192], [101.610267, 3.073253], [101.610483, 3.073252], [101.610548, 3.073228], [101.610548, 3.073167]]]}}, {"type": "Feature", "properties": {}, "geometry": {"type": "Polygon", "coordinates": [[[101.610547, 3.073106], [101.610331, 3.073108], [101.610267, 3.073131], [101.610267, 3.073192], [101.610483, 3.07319], [101.610548, 3.073167], [101.610547, 3.073106]]]}}, {"type": "Feature", "properties": {}, "geometry": {"type": "Polygon", "coordinates": [[[101.610547, 3.073045], [101.610331, 3.073047], [101.610266, 3.07307], [101.610267, 3.073131], [101.610483, 3.07313], [101.610547, 3.073106], [101.610547, 3.073045]]]}}, {"type": "Feature", "properties": {}, "geometry": {"type": "Polygon", "coordinates": [[[101.610547, 3.072984], [101.610331, 3.072986], [101.610266, 3.073009], [101.610266, 3.07307], [101.610482, 3.073069], [101.610547, 3.073045], [101.610547, 3.072984]]]}}, {"type": "Feature", "properties": {}, "geometry": {"type": "Polygon", "coordinates": [[[101.610546, 3.072924], [101.61033, 3.072925], [101.610266, 3.072948], [101.610266, 3.073009], [101.610482, 3.073008], [101.610547, 3.072984], [101.610546, 3.072924]]]}}, {"type": "Feature", "properties": {}, "geometry": {"type": "Polygon", "coordinates": [[[101.610546, 3.072863], [101.61033, 3.072864], [101.610265, 3.072887], [101.610266, 3.072948], [101.610482, 3.072947], [101.610546, 3.072924], [101.610546, 3.072863]]]}}, {"type": "Feature", "properties": {}, "geometry": {"type": "Polygon", "coordinates": [[[101.610546, 3.072802], [101.61033, 3.072803], [101.610265, 3.072826], [101.610265, 3.072887], [101.610481, 3.072886], [101.610546, 3.072863], [101.610546, 3.072802]]]}}, {"type": "Feature", "properties": {}, "geometry": {"type": "Polygon", "coordinates": [[[101.610491, 3.072713], [101.61033, 3.072715], [101.610266, 3.072738], [101.610265, 3.072826], [101.610481, 3.072825], [101.610546, 3.072802], [101.610544, 3.072774], [101.610491, 3.072713]]]}}, {"type": "Feature", "properties": {}, "geometry": {"type": "Polygon", "coordinates": [[[101.609601, 3.072713], [101.60954, 3.072713], [101.609476, 3.072736], [101.609477, 3.072951], [101.609537, 3.07295], [101.609602, 3.072927], [101.609601, 3.072713]]]}}, {"type": "Feature", "properties": {}, "geometry": {"type": "Polygon", "coordinates": [[[101.609661, 3.072712], [101.609601, 3.072713], [101.609536, 3.072736], [101.609537, 3.07295], [101.609598, 3.07295], [101.609663, 3.072927], [101.609661, 3.072712]]]}}, {"type": "Feature", "properties": {}, "geometry": {"type": "Polygon", "coordinates": [[[101.609722, 3.072712], [101.609661, 3.072712], [101.609597, 3.072735], [101.609598, 3.07295], [101.609658, 3.07295], [101.609723, 3.072926], [101.609722, 3.072712]]]}}, {"type": "Feature", "properties": {}, "geometry": {"type": "Polygon", "coordinates": [[[101.609782, 3.072711], [101.609722, 3.072712], [101.609657, 3.072735], [101.609658, 3.07295], [101.609719, 3.072949], [101.609784, 3.072926], [101.609782, 3.072711]]]}}, {"type": "Feature", "properties": {}, "geometry": {"type": "Polygon", "coordinates": [[[101.609843, 3.072711], [101.609782, 3.072711], [101.609718, 3.072735], [101.609719, 3.072949], [101.60978, 3.072949], [101.609844, 3.072926], [101.609843, 3.072711]]]}}, {"type": "Feature", "properties": {}, "geometry": {"type": "Polygon", "coordinates": [[[101.609904, 3.072711], [101.609843, 3.072711], [101.609778, 3.072734], [101.60978, 3.072949], [101.60984, 3.072949], [101.609905, 3.072925], [101.609904, 3.072711]]]}}, {"type": "Feature", "properties": {}, "geometry": {"type": "Polygon", "coordinates": [[[101.609964, 3.07271], [101.609904, 3.072711], [101.609839, 3.072734], [101.60984, 3.072949], [101.609901, 3.072948], [101.609965, 3.072925], [101.609964, 3.07271]]]}}, {"type": "Feature", "properties": {}, "geometry": {"type": "Polygon", "coordinates": [[[101.610025, 3.07271], [101.609964, 3.07271], [101.609899, 3.072734], [101.609901, 3.072948], [101.609961, 3.072948], [101.610026, 3.072925], [101.610025, 3.07271]]]}}, {"type": "Feature", "properties": {}, "geometry": {"type": "Polygon", "coordinates": [[[101.610085, 3.07271], [101.610025, 3.07271], [101.60996, 3.072733], [101.609961, 3.072948], [101.610022, 3.072948], [101.610086, 3.072924], [101.610085, 3.07271]]]}}, {"type": "Feature", "properties": {}, "geometry": {"type": "Polygon", "coordinates": [[[101.610146, 3.072709], [101.610085, 3.07271], [101.610021, 3.072733], [101.610022, 3.072948], [101.610082, 3.072947], [101.610147, 3.072924], [101.610146, 3.072709]]]}}, {"type": "Feature", "properties": {}, "geometry": {"type": "Polygon", "coordinates": [[[101.610206, 3.072709], [101.610146, 3.072709], [101.610081, 3.072733], [101.610082, 3.072947], [101.610143, 3.072947], [101.610208, 3.072924], [101.610206, 3.072709]]]}}, {"type": "Feature", "properties": {}, "geometry": {"type": "Polygon", "coordinates": [[[101.61055, 3.07221], [101.610326, 3.072211], [101.610261, 3.072234], [101.610261, 3.072292], [101.610485, 3.072291], [101.61055, 3.072268], [101.61055, 3.07221]]]}}, {"type": "Feature", "properties": {}, "geometry": {"type": "Polygon", "coordinates": [[[101.61055, 3.072268], [101.610326, 3.072269], [101.610261, 3.072292], [101.610262, 3.07235], [101.610485, 3.072349], [101.61055, 3.072326], [101.61055, 3.072268]]]}}, {"type": "Feature", "properties": {}, "geometry": {"type": "Polygon", "coordinates": [[[101.61055, 3.072326], [101.610326, 3.072326], [101.610262, 3.07235], [101.610262, 3.072408], [101.610485, 3.072407], [101.61055, 3.072384], [101.61055, 3.072326]]]}}, {"type": "Feature", "properties": {}, "geometry": {"type": "Polygon", "coordinates": [[[101.61055, 3.072384], [101.610326, 3.072384], [101.610262, 3.072408], [101.610262, 3.072466], [101.610485, 3.072465], [101.61055, 3.072442], [101.61055, 3.072384]]]}}, {"type": "Feature", "properties": {}, "geometry": {"type": "Polygon", "coordinates": [[[101.609286, 3.072215], [101.609221, 3.072238], [101.60922, 3.072294], [101.609421, 3.072298], [101.609486, 3.072274], [101.609486, 3.072218], [101.609286, 3.072215]]]}}, {"type": "Feature", "properties": {}, "geometry": {"type": "Polygon", "coordinates": [[[101.609285, 3.072271], [101.60922, 3.072294], [101.609219, 3.072351], [101.60942, 3.072354], [101.609485, 3.072331], [101.609486, 3.072274], [101.609285, 3.072271]]]}}, {"type": "Feature", "properties": {}, "geometry": {"type": "Polygon", "coordinates": [[[101.609284, 3.072328], [101.609219, 3.072351], [101.609218, 3.072408], [101.609419, 3.072411], [101.609484, 3.072388], [101.609485, 3.072331], [101.609284, 3.072328]]]}}, {"type": "Feature", "properties": {}, "geometry": {"type": "Polygon", "coordinates": [[[101.60949, 3.072079], [101.609342, 3.072084], [101.609278, 3.072107], [101.609227, 3.072155], [101.609221, 3.072238], [101.609422, 3.072241], [101.609486, 3.072218], [101.60949, 3.072079]]]}}, {"type": "Feature", "properties": {}, "geometry": {"type": "Polygon", "coordinates": [[[101.609283, 3.072385], [101.609218, 3.072408], [101.609217, 3.072465], [101.609418, 3.072468], [101.609483, 3.072445], [101.609484, 3.072388], [101.609283, 3.072385]]]}}, {"type": "Feature", "properties": {}, "geometry": {"type": "Polygon", "coordinates": [[[101.610506, 3.072061], [101.610329, 3.072067], [101.610264, 3.07209], [101.610261, 3.072234], [101.610485, 3.072233], [101.61055, 3.07221], [101.610552, 3.072112], [101.610506, 3.072061]]]}}, {"type": "Feature", "properties": {}, "geometry": {"type": "Polygon", "coordinates": [[[101.609616, 3.07208], [101.609539, 3.07208], [101.609474, 3.072103], [101.609475, 3.072307], [101.609553, 3.072307], [101.609618, 3.072283], [101.609616, 3.07208]]]}}, {"type": "Feature", "properties": {}, "geometry": {"type": "Polygon", "coordinates": [[[101.609676, 3.072079], [101.609616, 3.07208], [101.609552, 3.072103], [101.609553, 3.072307], [101.609613, 3.072306], [101.609678, 3.072283], [101.609676, 3.072079]]]}}, {"type": "Feature", "properties": {}, "geometry": {"type": "Polygon", "coordinates": [[[101.609736, 3.072079], [101.609676, 3.072079], [101.609612, 3.072102], [101.609613, 3.072306], [101.609673, 3.072306], [101.609738, 3.072283], [101.609736, 3.072079]]]}}, {"type": "Feature", "properties": {}, "geometry": {"type": "Polygon", "coordinates": [[[101.609796, 3.072078], [101.609736, 3.072079], [101.609672, 3.072102], [101.609673, 3.072306], [101.609733, 3.072306], [101.609798, 3.072282], [101.609796, 3.072078]]]}}, {"type": "Feature", "properties": {}, "geometry": {"type": "Polygon", "coordinates": [[[101.609856, 3.072078], [101.609796, 3.072078], [101.609732, 3.072102], [101.609733, 3.072306], [101.609793, 3.072305], [101.609858, 3.072282], [101.609856, 3.072078]]]}}, {"type": "Feature", "properties": {}, "geometry": {"type": "Polygon", "coordinates": [[[101.609916, 3.072078], [101.609856, 3.072078], [101.609792, 3.072101], [101.609793, 3.072305], [101.609853, 3.072305], [101.609918, 3.072282], [101.609916, 3.072078]]]}}, {"type": "Feature", "properties": {}, "geometry": {"type": "Polygon", "coordinates": [[[101.609976, 3.072077], [101.609916, 3.072078], [101.609852, 3.072101], [101.609853, 3.072305], [101.609913, 3.072304], [101.609978, 3.072281], [101.609976, 3.072077]]]}}, {"type": "Feature", "properties": {}, "geometry": {"type": "Polygon", "coordinates": [[[101.610036, 3.072077], [101.609976, 3.072077], [101.609912, 3.0721], [101.609913, 3.072304], [101.609973, 3.072304], [101.610038, 3.072281], [101.610036, 3.072077]]]}}, {"type": "Feature", "properties": {}, "geometry": {"type": "Polygon", "coordinates": [[[101.610096, 3.072077], [101.610036, 3.072077], [101.609972, 3.0721], [101.609973, 3.072304], [101.610033, 3.072304], [101.610098, 3.07228], [101.610096, 3.072077]]]}}, {"type": "Feature", "properties": {}, "geometry": {"type": "Polygon", "coordinates": [[[101.610156, 3.072076], [101.610096, 3.072077], [101.610032, 3.0721], [101.610033, 3.072304], [101.610093, 3.072303], [101.610158, 3.07228], [101.610156, 3.072076]]]}}, {"type": "Feature", "properties": {}, "geometry": {"type": "Polygon", "coordinates": [[[101.610216, 3.072076], [101.610156, 3.072076], [101.610092, 3.072099], [101.610093, 3.072303], [101.610153, 3.072303], [101.610218, 3.07228], [101.610216, 3.072076]]]}}, {"type": "Feature", "properties": {}, "geometry": {"type": "Polygon", "coordinates": [[[101.609621, 3.072327], [101.609541, 3.072328], [101.609476, 3.072351], [101.609478, 3.072565], [101.609558, 3.072564], [101.609623, 3.072541], [101.609621, 3.072327]]]}}, {"type": "Feature", "properties": {}, "geometry": {"type": "Polygon", "coordinates": [[[101.609681, 3.072327], [101.609621, 3.072327], [101.609556, 3.072351], [101.609558, 3.072564], [101.609618, 3.072563], [101.609683, 3.07254], [101.609681, 3.072327]]]}}, {"type": "Feature", "properties": {}, "geometry": {"type": "Polygon", "coordinates": [[[101.609741, 3.072326], [101.609681, 3.072327], [101.609616, 3.07235], [101.609618, 3.072563], [101.609678, 3.072563], [101.609743, 3.07254], [101.609741, 3.072326]]]}}, {"type": "Feature", "properties": {}, "geometry": {"type": "Polygon", "coordinates": [[[101.609801, 3.072326], [101.609741, 3.072326], [101.609676, 3.07235], [101.609678, 3.072563], [101.609738, 3.072562], [101.609803, 3.072539], [101.609801, 3.072326]]]}}, {"type": "Feature", "properties": {}, "geometry": {"type": "Polygon", "coordinates": [[[101.609861, 3.072325], [101.609801, 3.072326], [101.609736, 3.072349], [101.609738, 3.072562], [101.609798, 3.072562], [101.609862, 3.072539], [101.609861, 3.072325]]]}}, {"type": "Feature", "properties": {}, "geometry": {"type": "Polygon", "coordinates": [[[101.60992, 3.072325], [101.609861, 3.072325], [101.609796, 3.072349], [101.609798, 3.072562], [101.609858, 3.072561], [101.609922, 3.072538], [101.60992, 3.072325]]]}}, {"type": "Feature", "properties": {}, "geometry": {"type": "Polygon", "coordinates": [[[101.60998, 3.072324], [101.60992, 3.072325], [101.609856, 3.072348], [101.609858, 3.072561], [101.609918, 3.072561], [101.609982, 3.072537], [101.60998, 3.072324]]]}}, {"type": "Feature", "properties": {}, "geometry": {"type": "Polygon", "coordinates": [[[101.61004, 3.072324], [101.60998, 3.072324], [101.609916, 3.072347], [101.609918, 3.072561], [101.609977, 3.07256], [101.610042, 3.072537], [101.61004, 3.072324]]]}}, {"type": "Feature", "properties": {}, "geometry": {"type": "Polygon", "coordinates": [[[101.6101, 3.072323], [101.61004, 3.072324], [101.609976, 3.072347], [101.609977, 3.07256], [101.610037, 3.07256], [101.610102, 3.072536], [101.6101, 3.072323]]]}}, {"type": "Feature", "properties": {}, "geometry": {"type": "Polygon", "coordinates": [[[101.61016, 3.072323], [101.6101, 3.072323], [101.610035, 3.072346], [101.610037, 3.07256], [101.610097, 3.072559], [101.610162, 3.072536], [101.61016, 3.072323]]]}}, {"type": "Feature", "properties": {}, "geometry": {"type": "Polygon", "coordinates": [[[101.61022, 3.072322], [101.61016, 3.072323], [101.610095, 3.072346], [101.610097, 3.072559], [101.610157, 3.072558], [101.610222, 3.072535], [101.61022, 3.072322]]]}}, {"type": "Feature", "properties": {}, "geometry": {"type": "Polygon", "coordinates": [[[101.61184, 3.073492], [101.611778, 3.073493], [101.611743, 3.073505], [101.611744, 3.073663], [101.611806, 3.073663], [101.611841, 3.07365], [101.61184, 3.073492]]]}}, {"type": "Feature", "properties": {}, "geometry": {"type": "Polygon", "coordinates": [[[101.611778, 3.073493], [101.611716, 3.073493], [101.611682, 3.073506], [101.611682, 3.073663], [101.611744, 3.073663], [101.611779, 3.07365], [101.611778, 3.073493]]]}}, {"type": "Feature", "properties": {}, "geometry": {"type": "Polygon", "coordinates": [[[101.611716, 3.073493], [101.611654, 3.073493], [101.61162, 3.073506], [101.61162, 3.073663], [101.611682, 3.073663], [101.611717, 3.073651], [101.611716, 3.073493]]]}}, {"type": "Feature", "properties": {}, "geometry": {"type": "Polygon", "coordinates": [[[101.611654, 3.073493], [101.611592, 3.073494], [101.611558, 3.073506], [101.611559, 3.073664], [101.61162, 3.073663], [101.611655, 3.073651], [101.611654, 3.073493]]]}}, {"type": "Feature", "properties": {}, "geometry": {"type": "Polygon", "coordinates": [[[101.611592, 3.073494], [101.61153, 3.073494], [101.611496, 3.073507], [101.611497, 3.073664], [101.611559, 3.073664], [101.611593, 3.073651], [101.611592, 3.073494]]]}}, {"type": "Feature", "properties": {}, "geometry": {"type": "Polygon", "coordinates": [[[101.61153, 3.073494], [101.611468, 3.073494], [101.611434, 3.073507], [101.611435, 3.073665], [101.611497, 3.073664], [101.611531, 3.073652], [101.61153, 3.073494]]]}}, {"type": "Feature", "properties": {}, "geometry": {"type": "Polygon", "coordinates": [[[101.611468, 3.073494], [101.611406, 3.073495], [101.611372, 3.073507], [101.611373, 3.073665], [101.611435, 3.073665], [101.611469, 3.073652], [101.611468, 3.073494]]]}}, {"type": "Feature", "properties": {}, "geometry": {"type": "Polygon", "coordinates": [[[101.611406, 3.073495], [101.611344, 3.073495], [101.61131, 3.073507], [101.611311, 3.073665], [101.611373, 3.073665], [101.611407, 3.073652], [101.611406, 3.073495]]]}}, {"type": "Feature", "properties": {}, "geometry": {"type": "Polygon", "coordinates": [[[101.611344, 3.073495], [101.611283, 3.073495], [101.611248, 3.073508], [101.611249, 3.073666], [101.611311, 3.073665], [101.611345, 3.073653], [101.611344, 3.073495]]]}}, {"type": "Feature", "properties": {}, "geometry": {"type": "Polygon", "coordinates": [[[101.611283, 3.073495], [101.611221, 3.073496], [101.611186, 3.073508], [101.611187, 3.073666], [101.611249, 3.073666], [101.611283, 3.073653], [101.611283, 3.073495]]]}}, {"type": "Feature", "properties": {}, "geometry": {"type": "Polygon", "coordinates": [[[101.611221, 3.073496], [101.611159, 3.073496], [101.611124, 3.073508], [101.611125, 3.073666], [101.611187, 3.073666], [101.611221, 3.073653], [101.611221, 3.073496]]]}}, {"type": "Feature", "properties": {}, "geometry": {"type": "Polygon", "coordinates": [[[101.611159, 3.073308], [101.611097, 3.073309], [101.611062, 3.073321], [101.611063, 3.07348], [101.611125, 3.07348], [101.611159, 3.073467], [101.611159, 3.073308]]]}}, {"type": "Feature", "properties": {}, "geometry": {"type": "Polygon", "coordinates": [[[101.61122, 3.073308], [101.611159, 3.073308], [101.611124, 3.073321], [101.611125, 3.07348], [101.611187, 3.073479], [101.611221, 3.073467], [101.61122, 3.073308]]]}}, {"type": "Feature", "properties": {}, "geometry": {"type": "Polygon", "coordinates": [[[101.611282, 3.073308], [101.61122, 3.073308], [101.611186, 3.07332], [101.611187, 3.073479], [101.611248, 3.073479], [101.611283, 3.073467], [101.611282, 3.073308]]]}}, {"type": "Feature", "properties": {}, "geometry": {"type": "Polygon", "coordinates": [[[101.611344, 3.073307], [101.611282, 3.073308], [101.611247, 3.07332], [101.611248, 3.073479], [101.61131, 3.073479], [101.611344, 3.073466], [101.611344, 3.073307]]]}}, {"type": "Feature", "properties": {}, "geometry": {"type": "Polygon", "coordinates": [[[101.611405, 3.073307], [101.611344, 3.073307], [101.611309, 3.07332], [101.61131, 3.073479], [101.611372, 3.073478], [101.611406, 3.073466], [101.611405, 3.073307]]]}}, {"type": "Feature", "properties": {}, "geometry": {"type": "Polygon", "coordinates": [[[101.611467, 3.073307], [101.611405, 3.073307], [101.611371, 3.07332], [101.611372, 3.073478], [101.611433, 3.073478], [101.611468, 3.073466], [101.611467, 3.073307]]]}}, {"type": "Feature", "properties": {}, "geometry": {"type": "Polygon", "coordinates": [[[101.611529, 3.073306], [101.611467, 3.073307], [101.611433, 3.073319], [101.611433, 3.073478], [101.611495, 3.073478], [101.611529, 3.073465], [101.611529, 3.073306]]]}}, {"type": "Feature", "properties": {}, "geometry": {"type": "Polygon", "coordinates": [[[101.61159, 3.073306], [101.611529, 3.073306], [101.611494, 3.073319], [101.611495, 3.073478], [101.611557, 3.073477], [101.611591, 3.073465], [101.61159, 3.073306]]]}}, {"type": "Feature", "properties": {}, "geometry": {"type": "Polygon", "coordinates": [[[101.611652, 3.073306], [101.61159, 3.073306], [101.611556, 3.073319], [101.611557, 3.073477], [101.611618, 3.073477], [101.611653, 3.073465], [101.611652, 3.073306]]]}}, {"type": "Feature", "properties": {}, "geometry": {"type": "Polygon", "coordinates": [[[101.611714, 3.073305], [101.611652, 3.073306], [101.611617, 3.073318], [101.611618, 3.073477], [101.61168, 3.073477], [101.611714, 3.073464], [101.611714, 3.073305]]]}}, {"type": "Feature", "properties": {}, "geometry": {"type": "Polygon", "coordinates": [[[101.611775, 3.073305], [101.611714, 3.073305], [101.611679, 3.073318], [101.61168, 3.073477], [101.611742, 3.073476], [101.611776, 3.073464], [101.611775, 3.073305]]]}}, {"type": "Feature", "properties": {}, "geometry": {"type": "Polygon", "coordinates": [[[101.611945, 3.073314], [101.611883, 3.073314], [101.611848, 3.073327], [101.611849, 3.073479], [101.611911, 3.073479], [101.611946, 3.073467], [101.611945, 3.073314]]]}}, {"type": "Feature", "properties": {}, "geometry": {"type": "Polygon", "coordinates": [[[101.612007, 3.073314], [101.611945, 3.073314], [101.61191, 3.073326], [101.611911, 3.073479], [101.611973, 3.073479], [101.612008, 3.073466], [101.612007, 3.073314]]]}}, {"type": "Feature", "properties": {}, "geometry": {"type": "Polygon", "coordinates": [[[101.612069, 3.073313], [101.612007, 3.073314], [101.611972, 3.073326], [101.611973, 3.073479], [101.612036, 3.073478], [101.61207, 3.073466], [101.612069, 3.073313]]]}}, {"type": "Feature", "properties": {}, "geometry": {"type": "Polygon", "coordinates": [[[101.612131, 3.073313], [101.612069, 3.073313], [101.612035, 3.073326], [101.612036, 3.073478], [101.612098, 3.073478], [101.612132, 3.073466], [101.612131, 3.073313]]]}}, {"type": "Feature", "properties": {}, "geometry": {"type": "Polygon", "coordinates": [[[101.612193, 3.073313], [101.612131, 3.073313], [101.612097, 3.073325], [101.612098, 3.073478], [101.61216, 3.073478], [101.612194, 3.073465], [101.612193, 3.073313]]]}}, {"type": "Feature", "properties": {}, "geometry": {"type": "Polygon", "coordinates": [[[101.612256, 3.073312], [101.612193, 3.073313], [101.612159, 3.073325], [101.61216, 3.073478], [101.612222, 3.073478], [101.612256, 3.073465], [101.612256, 3.073312]]]}}, {"type": "Feature", "properties": {}, "geometry": {"type": "Polygon", "coordinates": [[[101.612318, 3.073312], [101.612256, 3.073312], [101.612221, 3.073325], [101.612222, 3.073478], [101.612284, 3.073477], [101.612319, 3.073465], [101.612318, 3.073312]]]}}, {"type": "Feature", "properties": {}, "geometry": {"type": "Polygon", "coordinates": [[[101.61238, 3.073312], [101.612318, 3.073312], [101.612283, 3.073324], [101.612284, 3.073477], [101.612346, 3.073477], [101.612381, 3.073464], [101.61238, 3.073312]]]}}, {"type": "Feature", "properties": {}, "geometry": {"type": "Polygon", "coordinates": [[[101.612442, 3.073311], [101.61238, 3.073312], [101.612345, 3.073324], [101.612346, 3.073477], [101.612408, 3.073476], [101.612443, 3.073464], [101.612442, 3.073311]]]}}, {"type": "Feature", "properties": {}, "geometry": {"type": "Polygon", "coordinates": [[[101.612504, 3.073311], [101.612442, 3.073311], [101.612408, 3.073324], [101.612408, 3.073476], [101.612471, 3.073476], [101.612505, 3.073464], [101.612504, 3.073311]]]}}, {"type": "Feature", "properties": {}, "geometry": {"type": "Polygon", "coordinates": [[[101.612566, 3.073311], [101.612504, 3.073311], [101.61247, 3.073323], [101.612471, 3.073476], [101.612533, 3.073476], [101.612567, 3.073463], [101.612566, 3.073311]]]}}, {"type": "Feature", "properties": {}, "geometry": {"type": "Polygon", "coordinates": [[[101.612626, 3.073494], [101.612564, 3.073494], [101.612529, 3.073507], [101.61253, 3.073656], [101.612592, 3.073656], [101.612626, 3.073644], [101.612626, 3.073494]]]}}, {"type": "Feature", "properties": {}, "geometry": {"type": "Polygon", "coordinates": [[[101.612564, 3.073494], [101.612502, 3.073495], [101.612467, 3.073507], [101.612468, 3.073657], [101.61253, 3.073656], [101.612564, 3.073644], [101.612564, 3.073494]]]}}, {"type": "Feature", "properties": {}, "geometry": {"type": "Polygon", "coordinates": [[[101.612502, 3.073495], [101.61244, 3.073495], [101.612405, 3.073507], [101.612406, 3.073657], [101.612468, 3.073657], [101.612502, 3.073644], [101.612502, 3.073495]]]}}, {"type": "Feature", "properties": {}, "geometry": {"type": "Polygon", "coordinates": [[[101.61244, 3.073495], [101.612378, 3.073495], [101.612343, 3.073508], [101.612344, 3.073657], [101.612406, 3.073657], [101.61244, 3.073645], [101.61244, 3.073495]]]}}, {"type": "Feature", "properties": {}, "geometry": {"type": "Polygon", "coordinates": [[[101.612378, 3.073495], [101.612316, 3.073496], [101.612281, 3.073508], [101.612282, 3.073658], [101.612344, 3.073657], [101.612378, 3.073645], [101.612378, 3.073495]]]}}, {"type": "Feature", "properties": {}, "geometry": {"type": "Polygon", "coordinates": [[[101.612316, 3.073496], [101.612254, 3.073496], [101.612219, 3.073508], [101.61222, 3.073658], [101.612282, 3.073658], [101.612316, 3.073645], [101.612316, 3.073496]]]}}, {"type": "Feature", "properties": {}, "geometry": {"type": "Polygon", "coordinates": [[[101.612254, 3.073496], [101.612192, 3.073496], [101.612157, 3.073509], [101.612158, 3.073659], [101.61222, 3.073658], [101.612254, 3.073646], [101.612254, 3.073496]]]}}, {"type": "Feature", "properties": {}, "geometry": {"type": "Polygon", "coordinates": [[[101.612192, 3.073496], [101.612129, 3.073497], [101.612095, 3.073509], [101.612096, 3.073659], [101.612158, 3.073659], [101.612192, 3.073646], [101.612192, 3.073496]]]}}, {"type": "Feature", "properties": {}, "geometry": {"type": "Polygon", "coordinates": [[[101.612129, 3.073497], [101.612067, 3.073497], [101.612033, 3.073509], [101.612034, 3.073659], [101.612096, 3.073659], [101.61213, 3.073646], [101.612129, 3.073497]]]}}, {"type": "Feature", "properties": {}, "geometry": {"type": "Polygon", "coordinates": [[[101.612067, 3.073497], [101.612005, 3.073497], [101.611971, 3.07351], [101.611972, 3.073659], [101.612034, 3.073659], [101.612068, 3.073647], [101.612067, 3.073497]]]}}, {"type": "Feature", "properties": {}, "geometry": {"type": "Polygon", "coordinates": [[[101.612005, 3.073497], [101.611943, 3.073497], [101.611909, 3.07351], [101.61191, 3.07366], [101.611972, 3.073659], [101.612006, 3.073647], [101.612005, 3.073497]]]}}, {"type": "Feature", "properties": {}, "geometry": {"type": "Polygon", "coordinates": [[[101.613421, 3.073494], [101.613359, 3.073494], [101.613324, 3.073506], [101.613325, 3.07366], [101.613387, 3.073659], [101.613422, 3.073647], [101.613421, 3.073494]]]}}, {"type": "Feature", "properties": {}, "geometry": {"type": "Polygon", "coordinates": [[[101.613359, 3.073494], [101.613296, 3.073494], [101.613262, 3.073507], [101.613263, 3.07366], [101.613325, 3.07366], [101.613359, 3.073647], [101.613359, 3.073494]]]}}, {"type": "Feature", "properties": {}, "geometry": {"type": "Polygon", "coordinates": [[[101.613296, 3.073494], [101.613234, 3.073495], [101.613199, 3.073507], [101.6132, 3.07366], [101.613263, 3.07366], [101.613297, 3.073647], [101.613296, 3.073494]]]}}, {"type": "Feature", "properties": {}, "geometry": {"type": "Polygon", "coordinates": [[[101.613234, 3.073495], [101.613171, 3.073495], [101.613137, 3.073507], [101.613138, 3.07366], [101.6132, 3.07366], [101.613235, 3.073648], [101.613234, 3.073495]]]}}, {"type": "Feature", "properties": {}, "geometry": {"type": "Polygon", "coordinates": [[[101.613171, 3.073495], [101.613109, 3.073495], [101.613075, 3.073508], [101.613075, 3.073661], [101.613138, 3.07366], [101.613172, 3.073648], [101.613171, 3.073495]]]}}, {"type": "Feature", "properties": {}, "geometry": {"type": "Polygon", "coordinates": [[[101.613109, 3.073495], [101.613047, 3.073496], [101.613012, 3.073508], [101.613013, 3.073661], [101.613075, 3.073661], [101.61311, 3.073648], [101.613109, 3.073495]]]}}, {"type": "Feature", "properties": {}, "geometry": {"type": "Polygon", "coordinates": [[[101.613047, 3.073496], [101.612984, 3.073496], [101.61295, 3.073508], [101.612951, 3.073662], [101.613013, 3.073661], [101.613048, 3.073649], [101.613047, 3.073496]]]}}, {"type": "Feature", "properties": {}, "geometry": {"type": "Polygon", "coordinates": [[[101.612984, 3.073496], [101.612922, 3.073496], [101.612887, 3.073509], [101.612888, 3.073662], [101.612951, 3.073662], [101.612985, 3.073649], [101.612984, 3.073496]]]}}, {"type": "Feature", "properties": {}, "geometry": {"type": "Polygon", "coordinates": [[[101.612922, 3.073496], [101.61286, 3.073497], [101.612825, 3.073509], [101.612826, 3.073662], [101.612888, 3.073662], [101.612923, 3.073649], [101.612922, 3.073496]]]}}, {"type": "Feature", "properties": {}, "geometry": {"type": "Polygon", "coordinates": [[[101.61286, 3.073497], [101.612797, 3.073497], [101.612763, 3.073509], [101.612764, 3.073662], [101.612826, 3.073662], [101.61286, 3.07365], [101.61286, 3.073497]]]}}, {"type": "Feature", "properties": {}, "geometry": {"type": "Polygon", "coordinates": [[[101.612797, 3.073497], [101.612735, 3.073497], [101.6127, 3.07351], [101.612701, 3.073663], [101.612764, 3.073662], [101.612798, 3.07365], [101.612797, 3.073497]]]}}, {"type": "Feature", "properties": {}, "geometry": {"type": "Polygon", "coordinates": [[[101.613421, 3.073303], [101.613358, 3.073303], [101.613324, 3.073316], [101.613325, 3.07347], [101.613387, 3.07347], [101.613422, 3.073457], [101.613421, 3.073303]]]}}, {"type": "Feature", "properties": {}, "geometry": {"type": "Polygon", "coordinates": [[[101.613358, 3.073303], [101.613296, 3.073303], [101.613261, 3.073316], [101.613262, 3.07347], [101.613325, 3.07347], [101.613359, 3.073458], [101.613358, 3.073303]]]}}, {"type": "Feature", "properties": {}, "geometry": {"type": "Polygon", "coordinates": [[[101.613296, 3.073303], [101.613233, 3.073304], [101.613199, 3.073316], [101.6132, 3.073471], [101.613262, 3.07347], [101.613297, 3.073458], [101.613296, 3.073303]]]}}, {"type": "Feature", "properties": {}, "geometry": {"type": "Polygon", "coordinates": [[[101.613233, 3.073304], [101.613171, 3.073304], [101.613137, 3.073316], [101.613137, 3.073471], [101.6132, 3.073471], [101.613234, 3.073458], [101.613233, 3.073304]]]}}, {"type": "Feature", "properties": {}, "geometry": {"type": "Polygon", "coordinates": [[[101.613171, 3.073304], [101.613109, 3.073304], [101.613074, 3.073317], [101.613075, 3.073472], [101.613137, 3.073471], [101.613172, 3.073459], [101.613171, 3.073304]]]}}, {"type": "Feature", "properties": {}, "geometry": {"type": "Polygon", "coordinates": [[[101.613109, 3.073304], [101.613046, 3.073305], [101.613012, 3.073317], [101.613012, 3.073472], [101.613075, 3.073472], [101.613109, 3.073459], [101.613109, 3.073304]]]}}, {"type": "Feature", "properties": {}, "geometry": {"type": "Polygon", "coordinates": [[[101.613046, 3.073305], [101.612984, 3.073305], [101.612949, 3.073317], [101.61295, 3.073472], [101.613012, 3.073472], [101.613047, 3.073459], [101.613046, 3.073305]]]}}, {"type": "Feature", "properties": {}, "geometry": {"type": "Polygon", "coordinates": [[[101.612984, 3.073305], [101.612921, 3.073305], [101.612887, 3.073318], [101.612887, 3.073472], [101.61295, 3.073472], [101.612984, 3.07346], [101.612984, 3.073305]]]}}, {"type": "Feature", "properties": {}, "geometry": {"type": "Polygon", "coordinates": [[[101.612921, 3.073305], [101.612859, 3.073306], [101.612824, 3.073318], [101.612825, 3.073473], [101.612887, 3.073472], [101.612922, 3.07346], [101.612921, 3.073305]]]}}, {"type": "Feature", "properties": {}, "geometry": {"type": "Polygon", "coordinates": [[[101.612859, 3.073306], [101.612796, 3.073306], [101.612762, 3.073319], [101.612763, 3.073473], [101.612825, 3.073473], [101.612859, 3.07346], [101.612859, 3.073306]]]}}, {"type": "Feature", "properties": {}, "geometry": {"type": "Polygon", "coordinates": [[[101.612796, 3.073306], [101.612734, 3.073306], [101.612699, 3.073319], [101.6127, 3.073473], [101.612763, 3.073473], [101.612797, 3.073461], [101.612796, 3.073306]]]}}, {"type": "Feature", "properties": {}, "geometry": {"type": "Polygon", "coordinates": [[[101.612732, 3.072757], [101.61267, 3.072758], [101.612635, 3.07277], [101.612636, 3.072923], [101.612699, 3.072923], [101.612733, 3.07291], [101.612732, 3.072757]]]}}, {"type": "Feature", "properties": {}, "geometry": {"type": "Polygon", "coordinates": [[[101.612794, 3.072756], [101.612732, 3.072757], [101.612698, 3.072769], [101.612699, 3.072923], [101.612761, 3.072922], [101.612796, 3.07291], [101.612794, 3.072756]]]}}, {"type": "Feature", "properties": {}, "geometry": {"type": "Polygon", "coordinates": [[[101.612857, 3.072756], [101.612794, 3.072756], [101.61276, 3.072769], [101.612761, 3.072922], [101.612824, 3.072922], [101.612858, 3.072909], [101.612857, 3.072756]]]}}, {"type": "Feature", "properties": {}, "geometry": {"type": "Polygon", "coordinates": [[[101.612919, 3.072755], [101.612857, 3.072756], [101.612822, 3.072768], [101.612824, 3.072922], [101.612886, 3.072921], [101.612921, 3.072908], [101.612919, 3.072755]]]}}, {"type": "Feature", "properties": {}, "geometry": {"type": "Polygon", "coordinates": [[[101.612982, 3.072755], [101.612919, 3.072755], [101.612885, 3.072768], [101.612886, 3.072921], [101.612949, 3.07292], [101.612983, 3.072908], [101.612982, 3.072755]]]}}, {"type": "Feature", "properties": {}, "geometry": {"type": "Polygon", "coordinates": [[[101.613044, 3.072754], [101.612982, 3.072755], [101.612947, 3.072767], [101.612949, 3.07292], [101.613011, 3.07292], [101.613046, 3.072907], [101.613044, 3.072754]]]}}, {"type": "Feature", "properties": {}, "geometry": {"type": "Polygon", "coordinates": [[[101.613107, 3.072754], [101.613044, 3.072754], [101.61301, 3.072767], [101.613011, 3.07292], [101.613074, 3.072919], [101.613108, 3.072907], [101.613107, 3.072754]]]}}, {"type": "Feature", "properties": {}, "geometry": {"type": "Polygon", "coordinates": [[[101.613169, 3.072753], [101.613107, 3.072754], [101.613072, 3.072766], [101.613074, 3.072919], [101.613136, 3.072919], [101.613171, 3.072906], [101.613169, 3.072753]]]}}, {"type": "Feature", "properties": {}, "geometry": {"type": "Polygon", "coordinates": [[[101.613232, 3.072752], [101.613169, 3.072753], [101.613135, 3.072765], [101.613136, 3.072919], [101.613198, 3.072918], [101.613233, 3.072906], [101.613232, 3.072752]]]}}, {"type": "Feature", "properties": {}, "geometry": {"type": "Polygon", "coordinates": [[[101.613294, 3.072752], [101.613232, 3.072752], [101.613197, 3.072765], [101.613198, 3.072918], [101.613261, 3.072917], [101.613295, 3.072905], [101.613294, 3.072752]]]}}, {"type": "Feature", "properties": {}, "geometry": {"type": "Polygon", "coordinates": [[[101.613356, 3.072751], [101.613294, 3.072752], [101.61326, 3.072764], [101.613261, 3.072917], [101.613323, 3.072917], [101.613358, 3.072904], [101.613356, 3.072751]]]}}, {"type": "Feature", "properties": {}, "geometry": {"type": "Polygon", "coordinates": [[[101.613416, 3.072943], [101.613354, 3.072943], [101.61332, 3.072956], [101.613321, 3.073105], [101.613383, 3.073104], [101.613418, 3.073092], [101.613416, 3.072943]]]}}, {"type": "Feature", "properties": {}, "geometry": {"type": "Polygon", "coordinates": [[[101.613354, 3.072943], [101.613292, 3.072944], [101.613257, 3.072956], [101.613258, 3.073105], [101.613321, 3.073105], [101.613355, 3.073092], [101.613354, 3.072943]]]}}, {"type": "Feature", "properties": {}, "geometry": {"type": "Polygon", "coordinates": [[[101.613292, 3.072944], [101.613229, 3.072944], [101.613195, 3.072957], [101.613196, 3.073106], [101.613258, 3.073105], [101.613293, 3.073093], [101.613292, 3.072944]]]}}, {"type": "Feature", "properties": {}, "geometry": {"type": "Polygon", "coordinates": [[[101.613229, 3.072944], [101.613167, 3.072945], [101.613132, 3.072957], [101.613134, 3.073107], [101.613196, 3.073106], [101.61323, 3.073094], [101.613229, 3.072944]]]}}, {"type": "Feature", "properties": {}, "geometry": {"type": "Polygon", "coordinates": [[[101.613167, 3.072945], [101.613104, 3.072946], [101.61307, 3.072958], [101.613071, 3.073107], [101.613134, 3.073107], [101.613168, 3.073094], [101.613167, 3.072945]]]}}, {"type": "Feature", "properties": {}, "geometry": {"type": "Polygon", "coordinates": [[[101.613104, 3.072946], [101.613042, 3.072946], [101.613007, 3.072958], [101.613009, 3.073108], [101.613071, 3.073107], [101.613106, 3.073095], [101.613104, 3.072946]]]}}, {"type": "Feature", "properties": {}, "geometry": {"type": "Polygon", "coordinates": [[[101.613042, 3.072946], [101.612979, 3.072947], [101.612945, 3.072959], [101.612946, 3.073108], [101.613009, 3.073108], [101.613043, 3.073095], [101.613042, 3.072946]]]}}, {"type": "Feature", "properties": {}, "geometry": {"type": "Polygon", "coordinates": [[[101.612979, 3.072947], [101.612917, 3.072947], [101.612882, 3.07296], [101.612884, 3.073109], [101.612946, 3.073108], [101.612981, 3.073096], [101.612979, 3.072947]]]}}, {"type": "Feature", "properties": {}, "geometry": {"type": "Polygon", "coordinates": [[[101.612917, 3.072947], [101.612854, 3.072948], [101.61282, 3.07296], [101.612821, 3.073109], [101.612884, 3.073109], [101.612918, 3.073096], [101.612917, 3.072947]]]}}, {"type": "Feature", "properties": {}, "geometry": {"type": "Polygon", "coordinates": [[[101.612854, 3.072948], [101.612792, 3.072948], [101.612758, 3.072961], [101.612759, 3.07311], [101.612821, 3.073109], [101.612856, 3.073097], [101.612854, 3.072948]]]}}, {"type": "Feature", "properties": {}, "geometry": {"type": "Polygon", "coordinates": [[[101.612792, 3.072948], [101.612729, 3.072949], [101.612695, 3.072961], [101.612696, 3.07311], [101.612759, 3.07311], [101.612793, 3.073097], [101.612792, 3.072948]]]}}, {"type": "Feature", "properties": {}, "geometry": {"type": "Polygon", "coordinates": [[[101.611945, 3.072757], [101.611884, 3.072758], [101.611849, 3.07277], [101.611851, 3.072921], [101.611912, 3.072921], [101.611947, 3.072908], [101.611945, 3.072757]]]}}, {"type": "Feature", "properties": {}, "geometry": {"type": "Polygon", "coordinates": [[[101.612007, 3.072757], [101.611945, 3.072757], [101.611911, 3.07277], [101.611912, 3.072921], [101.611974, 3.07292], [101.612008, 3.072908], [101.612007, 3.072757]]]}}, {"type": "Feature", "properties": {}, "geometry": {"type": "Polygon", "coordinates": [[[101.612068, 3.072756], [101.612007, 3.072757], [101.611972, 3.072769], [101.611974, 3.07292], [101.612035, 3.07292], [101.612069, 3.072907], [101.612068, 3.072756]]]}}, {"type": "Feature", "properties": {}, "geometry": {"type": "Polygon", "coordinates": [[[101.61213, 3.072756], [101.612068, 3.072756], [101.612034, 3.072769], [101.612035, 3.07292], [101.612097, 3.072919], [101.612131, 3.072907], [101.61213, 3.072756]]]}}, {"type": "Feature", "properties": {}, "geometry": {"type": "Polygon", "coordinates": [[[101.612191, 3.072755], [101.61213, 3.072756], [101.612095, 3.072768], [101.612097, 3.072919], [101.612158, 3.072919], [101.612192, 3.072906], [101.612191, 3.072755]]]}}, {"type": "Feature", "properties": {}, "geometry": {"type": "Polygon", "coordinates": [[[101.612252, 3.072754], [101.612191, 3.072755], [101.612157, 3.072767], [101.612158, 3.072919], [101.612219, 3.072918], [101.612254, 3.072906], [101.612252, 3.072754]]]}}, {"type": "Feature", "properties": {}, "geometry": {"type": "Polygon", "coordinates": [[[101.612314, 3.072754], [101.612252, 3.072754], [101.612218, 3.072767], [101.612219, 3.072918], [101.612281, 3.072917], [101.612315, 3.072905], [101.612314, 3.072754]]]}}, {"type": "Feature", "properties": {}, "geometry": {"type": "Polygon", "coordinates": [[[101.612375, 3.072753], [101.612314, 3.072754], [101.612279, 3.072766], [101.612281, 3.072917], [101.612342, 3.072917], [101.612377, 3.072904], [101.612375, 3.072753]]]}}, {"type": "Feature", "properties": {}, "geometry": {"type": "Polygon", "coordinates": [[[101.612437, 3.072753], [101.612375, 3.072753], [101.612341, 3.072766], [101.612342, 3.072917], [101.612404, 3.072916], [101.612438, 3.072904], [101.612437, 3.072753]]]}}, {"type": "Feature", "properties": {}, "geometry": {"type": "Polygon", "coordinates": [[[101.612498, 3.072752], [101.612437, 3.072753], [101.612402, 3.072765], [101.612404, 3.072916], [101.612465, 3.072916], [101.6125, 3.072903], [101.612498, 3.072752]]]}}, {"type": "Feature", "properties": {}, "geometry": {"type": "Polygon", "coordinates": [[[101.61256, 3.072752], [101.612498, 3.072752], [101.612464, 3.072765], [101.612465, 3.072916], [101.612527, 3.072915], [101.612561, 3.072903], [101.61256, 3.072752]]]}}, {"type": "Feature", "properties": {}, "geometry": {"type": "Polygon", "coordinates": [[[101.612625, 3.072941], [101.612563, 3.072941], [101.612529, 3.072954], [101.61253, 3.073109], [101.612592, 3.073109], [101.612627, 3.073096], [101.612625, 3.072941]]]}}, {"type": "Feature", "properties": {}, "geometry": {"type": "Polygon", "coordinates": [[[101.612563, 3.072941], [101.612501, 3.072942], [101.612467, 3.072954], [101.612468, 3.07311], [101.61253, 3.073109], [101.612565, 3.073097], [101.612563, 3.072941]]]}}, {"type": "Feature", "properties": {}, "geometry": {"type": "Polygon", "coordinates": [[[101.612501, 3.072942], [101.612439, 3.072942], [101.612405, 3.072955], [101.612406, 3.07311], [101.612468, 3.07311], [101.612503, 3.073097], [101.612501, 3.072942]]]}}, {"type": "Feature", "properties": {}, "geometry": {"type": "Polygon", "coordinates": [[[101.612439, 3.072942], [101.612377, 3.072943], [101.612343, 3.072955], [101.612344, 3.073111], [101.612406, 3.07311], [101.612441, 3.073098], [101.612439, 3.072942]]]}}, {"type": "Feature", "properties": {}, "geometry": {"type": "Polygon", "coordinates": [[[101.612377, 3.072943], [101.612315, 3.072944], [101.61228, 3.072956], [101.612282, 3.073111], [101.612344, 3.073111], [101.612378, 3.073098], [101.612377, 3.072943]]]}}, {"type": "Feature", "properties": {}, "geometry": {"type": "Polygon", "coordinates": [[[101.612315, 3.072944], [101.612253, 3.072944], [101.612218, 3.072957], [101.61222, 3.073112], [101.612282, 3.073111], [101.612316, 3.073099], [101.612315, 3.072944]]]}}, {"type": "Feature", "properties": {}, "geometry": {"type": "Polygon", "coordinates": [[[101.612253, 3.072944], [101.612191, 3.072945], [101.612156, 3.072957], [101.612158, 3.073113], [101.61222, 3.073112], [101.612254, 3.0731], [101.612253, 3.072944]]]}}, {"type": "Feature", "properties": {}, "geometry": {"type": "Polygon", "coordinates": [[[101.612191, 3.072945], [101.612129, 3.072945], [101.612094, 3.072958], [101.612096, 3.073113], [101.612158, 3.073113], [101.612192, 3.0731], [101.612191, 3.072945]]]}}, {"type": "Feature", "properties": {}, "geometry": {"type": "Polygon", "coordinates": [[[101.612129, 3.072945], [101.612067, 3.072946], [101.612032, 3.072958], [101.612034, 3.073114], [101.612096, 3.073113], [101.61213, 3.073101], [101.612129, 3.072945]]]}}, {"type": "Feature", "properties": {}, "geometry": {"type": "Polygon", "coordinates": [[[101.612067, 3.072946], [101.612005, 3.072946], [101.61197, 3.072959], [101.611972, 3.073114], [101.612034, 3.073114], [101.612068, 3.073101], [101.612067, 3.072946]]]}}, {"type": "Feature", "properties": {}, "geometry": {"type": "Polygon", "coordinates": [[[101.612005, 3.072946], [101.611943, 3.072947], [101.611908, 3.072959], [101.61191, 3.073115], [101.611972, 3.073114], [101.612006, 3.073102], [101.612005, 3.072946]]]}}, {"type": "Feature", "properties": {}, "geometry": {"type": "Polygon", "coordinates": [[[101.611834, 3.072946], [101.611773, 3.072946], [101.611738, 3.072959], [101.61174, 3.073111], [101.611801, 3.073111], [101.611835, 3.073098], [101.611834, 3.072946]]]}}, {"type": "Feature", "properties": {}, "geometry": {"type": "Polygon", "coordinates": [[[101.611773, 3.072946], [101.611712, 3.072947], [101.611677, 3.072959], [101.611679, 3.073112], [101.61174, 3.073111], [101.611774, 3.073099], [101.611773, 3.072946]]]}}, {"type": "Feature", "properties": {}, "geometry": {"type": "Polygon", "coordinates": [[[101.611712, 3.072947], [101.611651, 3.072947], [101.611616, 3.07296], [101.611618, 3.073112], [101.611679, 3.073112], [101.611713, 3.073099], [101.611712, 3.072947]]]}}, {"type": "Feature", "properties": {}, "geometry": {"type": "Polygon", "coordinates": [[[101.611651, 3.072947], [101.611589, 3.072948], [101.611555, 3.07296], [101.611556, 3.073113], [101.611618, 3.073112], [101.611652, 3.0731], [101.611651, 3.072947]]]}}, {"type": "Feature", "properties": {}, "geometry": {"type": "Polygon", "coordinates": [[[101.611589, 3.072948], [101.611528, 3.072948], [101.611494, 3.072961], [101.611495, 3.073113], [101.611556, 3.073113], [101.611591, 3.0731], [101.611589, 3.072948]]]}}, {"type": "Feature", "properties": {}, "geometry": {"type": "Polygon", "coordinates": [[[101.611528, 3.072948], [101.611467, 3.072949], [101.611433, 3.072961], [101.611434, 3.073114], [101.611495, 3.073113], [101.61153, 3.073101], [101.611528, 3.072948]]]}}, {"type": "Feature", "properties": {}, "geometry": {"type": "Polygon", "coordinates": [[[101.611467, 3.072949], [101.611406, 3.07295], [101.611372, 3.072962], [101.611373, 3.073114], [101.611434, 3.073114], [101.611469, 3.073102], [101.611467, 3.072949]]]}}, {"type": "Feature", "properties": {}, "geometry": {"type": "Polygon", "coordinates": [[[101.611406, 3.07295], [101.611345, 3.07295], [101.611311, 3.072963], [101.611312, 3.073115], [101.611373, 3.073114], [101.611407, 3.073102], [101.611406, 3.07295]]]}}, {"type": "Feature", "properties": {}, "geometry": {"type": "Polygon", "coordinates": [[[101.611345, 3.07295], [101.611284, 3.072951], [101.611249, 3.072963], [101.611251, 3.073116], [101.611312, 3.073115], [101.611346, 3.073103], [101.611345, 3.07295]]]}}, {"type": "Feature", "properties": {}, "geometry": {"type": "Polygon", "coordinates": [[[101.611284, 3.072951], [101.611223, 3.072951], [101.611188, 3.072964], [101.61119, 3.073116], [101.611251, 3.073116], [101.611285, 3.073103], [101.611284, 3.072951]]]}}, {"type": "Feature", "properties": {}, "geometry": {"type": "Polygon", "coordinates": [[[101.611223, 3.072951], [101.611161, 3.072952], [101.611127, 3.072964], [101.611129, 3.073117], [101.61119, 3.073116], [101.611224, 3.073104], [101.611223, 3.072951]]]}}, {"type": "Feature", "properties": {}, "geometry": {"type": "Polygon", "coordinates": [[[101.611835, 3.072754], [101.611774, 3.072755], [101.611739, 3.072767], [101.611741, 3.07292], [101.611802, 3.072919], [101.611837, 3.072907], [101.611835, 3.072754]]]}}, {"type": "Feature", "properties": {}, "geometry": {"type": "Polygon", "coordinates": [[[101.611774, 3.072755], [101.611712, 3.072756], [101.611678, 3.072768], [101.611679, 3.072921], [101.611741, 3.07292], [101.611775, 3.072908], [101.611774, 3.072755]]]}}, {"type": "Feature", "properties": {}, "geometry": {"type": "Polygon", "coordinates": [[[101.611712, 3.072756], [101.61165, 3.072756], [101.611616, 3.072769], [101.611617, 3.072921], [101.611679, 3.072921], [101.611713, 3.072908], [101.611712, 3.072756]]]}}, {"type": "Feature", "properties": {}, "geometry": {"type": "Polygon", "coordinates": [[[101.61165, 3.072756], [101.611589, 3.072757], [101.611554, 3.072769], [101.611556, 3.072922], [101.611617, 3.072921], [101.611652, 3.072909], [101.61165, 3.072756]]]}}, {"type": "Feature", "properties": {}, "geometry": {"type": "Polygon", "coordinates": [[[101.611589, 3.072757], [101.611527, 3.072757], [101.611492, 3.07277], [101.611494, 3.072922], [101.611556, 3.072922], [101.61159, 3.072909], [101.611589, 3.072757]]]}}, {"type": "Feature", "properties": {}, "geometry": {"type": "Polygon", "coordinates": [[[101.611527, 3.072757], [101.611465, 3.072758], [101.611431, 3.07277], [101.611432, 3.072923], [101.611494, 3.072922], [101.611528, 3.07291], [101.611527, 3.072757]]]}}, {"type": "Feature", "properties": {}, "geometry": {"type": "Polygon", "coordinates": [[[101.611465, 3.072758], [101.611404, 3.072758], [101.611369, 3.072771], [101.611371, 3.072923], [101.611432, 3.072923], [101.611467, 3.07291], [101.611465, 3.072758]]]}}, {"type": "Feature", "properties": {}, "geometry": {"type": "Polygon", "coordinates": [[[101.611404, 3.072758], [101.611342, 3.072759], [101.611307, 3.072771], [101.611309, 3.072924], [101.611371, 3.072923], [101.611405, 3.072911], [101.611404, 3.072758]]]}}, {"type": "Feature", "properties": {}, "geometry": {"type": "Polygon", "coordinates": [[[101.611342, 3.072759], [101.61128, 3.072759], [101.611246, 3.072772], [101.611247, 3.072924], [101.611309, 3.072924], [101.611343, 3.072911], [101.611342, 3.072759]]]}}, {"type": "Feature", "properties": {}, "geometry": {"type": "Polygon", "coordinates": [[[101.61128, 3.072759], [101.611218, 3.07276], [101.611184, 3.072773], [101.611185, 3.072925], [101.611247, 3.072924], [101.611282, 3.072912], [101.61128, 3.072759]]]}}, {"type": "Feature", "properties": {}, "geometry": {"type": "Polygon", "coordinates": [[[101.611218, 3.07276], [101.611157, 3.072761], [101.611122, 3.072773], [101.611124, 3.072926], [101.611185, 3.072925], [101.61122, 3.072913], [101.611218, 3.07276]]]}}, {"type": "Feature", "properties": {}, "geometry": {"type": "Polygon", "coordinates": [[[101.611834, 3.072192], [101.611772, 3.072193], [101.611738, 3.072205], [101.611739, 3.072364], [101.611801, 3.072363], [101.611835, 3.072351], [101.611834, 3.072192]]]}}, {"type": "Feature", "properties": {}, "geometry": {"type": "Polygon", "coordinates": [[[101.611772, 3.072193], [101.61171, 3.072193], [101.611676, 3.072206], [101.611677, 3.072364], [101.611739, 3.072364], [101.611774, 3.072351], [101.611772, 3.072193]]]}}, {"type": "Feature", "properties": {}, "geometry": {"type": "Polygon", "coordinates": [[[101.61171, 3.072193], [101.611648, 3.072194], [101.611614, 3.072206], [101.611615, 3.072365], [101.611677, 3.072364], [101.611712, 3.072352], [101.61171, 3.072193]]]}}, {"type": "Feature", "properties": {}, "geometry": {"type": "Polygon", "coordinates": [[[101.611648, 3.072194], [101.611586, 3.072194], [101.611552, 3.072207], [101.611553, 3.072366], [101.611615, 3.072365], [101.61165, 3.072353], [101.611648, 3.072194]]]}}, {"type": "Feature", "properties": {}, "geometry": {"type": "Polygon", "coordinates": [[[101.611586, 3.072194], [101.611524, 3.072195], [101.61149, 3.072207], [101.611491, 3.072366], [101.611553, 3.072366], [101.611588, 3.072353], [101.611586, 3.072194]]]}}, {"type": "Feature", "properties": {}, "geometry": {"type": "Polygon", "coordinates": [[[101.611524, 3.072195], [101.611463, 3.072195], [101.611428, 3.072208], [101.61143, 3.072367], [101.611491, 3.072366], [101.611526, 3.072354], [101.611524, 3.072195]]]}}, {"type": "Feature", "properties": {}, "geometry": {"type": "Polygon", "coordinates": [[[101.611463, 3.072195], [101.611401, 3.072196], [101.611366, 3.072208], [101.611368, 3.072367], [101.61143, 3.072367], [101.611464, 3.072354], [101.611463, 3.072195]]]}}, {"type": "Feature", "properties": {}, "geometry": {"type": "Polygon", "coordinates": [[[101.611401, 3.072196], [101.611339, 3.072197], [101.611304, 3.072209], [101.611306, 3.072368], [101.611368, 3.072367], [101.611402, 3.072355], [101.611401, 3.072196]]]}}, {"type": "Feature", "properties": {}, "geometry": {"type": "Polygon", "coordinates": [[[101.611339, 3.072197], [101.611277, 3.072197], [101.611242, 3.07221], [101.611244, 3.072368], [101.611306, 3.072368], [101.61134, 3.072355], [101.611339, 3.072197]]]}}, {"type": "Feature", "properties": {}, "geometry": {"type": "Polygon", "coordinates": [[[101.611277, 3.072197], [101.611215, 3.072198], [101.611181, 3.07221], [101.611182, 3.072369], [101.611244, 3.072368], [101.611278, 3.072356], [101.611277, 3.072197]]]}}, {"type": "Feature", "properties": {}, "geometry": {"type": "Polygon", "coordinates": [[[101.611215, 3.072198], [101.611153, 3.072198], [101.611119, 3.072211], [101.61112, 3.07237], [101.611182, 3.072369], [101.611216, 3.072356], [101.611215, 3.072198]]]}}, {"type": "Feature", "properties": {}, "geometry": {"type": "Polygon", "coordinates": [[[101.611834, 3.072381], [101.611772, 3.072382], [101.611737, 3.072394], [101.611739, 3.072554], [101.611801, 3.072553], [101.611835, 3.072541], [101.611834, 3.072381]]]}}, {"type": "Feature", "properties": {}, "geometry": {"type": "Polygon", "coordinates": [[[101.611772, 3.072382], [101.61171, 3.072382], [101.611675, 3.072395], [101.611677, 3.072554], [101.611739, 3.072554], [101.611773, 3.072541], [101.611772, 3.072382]]]}}, {"type": "Feature", "properties": {}, "geometry": {"type": "Polygon", "coordinates": [[[101.61171, 3.072382], [101.611647, 3.072383], [101.611613, 3.072395], [101.611615, 3.072555], [101.611677, 3.072554], [101.611711, 3.072542], [101.61171, 3.072382]]]}}, {"type": "Feature", "properties": {}, "geometry": {"type": "Polygon", "coordinates": [[[101.611647, 3.072383], [101.611585, 3.072383], [101.611551, 3.072396], [101.611552, 3.072555], [101.611615, 3.072555], [101.611649, 3.072542], [101.611647, 3.072383]]]}}, {"type": "Feature", "properties": {}, "geometry": {"type": "Polygon", "coordinates": [[[101.611585, 3.072383], [101.611523, 3.072384], [101.611489, 3.072396], [101.61149, 3.072556], [101.611552, 3.072555], [101.611587, 3.072543], [101.611585, 3.072383]]]}}, {"type": "Feature", "properties": {}, "geometry": {"type": "Polygon", "coordinates": [[[101.611523, 3.072384], [101.611461, 3.072384], [101.611427, 3.072397], [101.611428, 3.072557], [101.61149, 3.072556], [101.611525, 3.072543], [101.611523, 3.072384]]]}}, {"type": "Feature", "properties": {}, "geometry": {"type": "Polygon", "coordinates": [[[101.611461, 3.072384], [101.611399, 3.072385], [101.611364, 3.072397], [101.611366, 3.072557], [101.611428, 3.072557], [101.611463, 3.072544], [101.611461, 3.072384]]]}}, {"type": "Feature", "properties": {}, "geometry": {"type": "Polygon", "coordinates": [[[101.611399, 3.072385], [101.611337, 3.072386], [101.611302, 3.072398], [101.611304, 3.072558], [101.611366, 3.072557], [101.6114, 3.072545], [101.611399, 3.072385]]]}}, {"type": "Feature", "properties": {}, "geometry": {"type": "Polygon", "coordinates": [[[101.611337, 3.072386], [101.611275, 3.072386], [101.61124, 3.072398], [101.611242, 3.072558], [101.611304, 3.072558], [101.611338, 3.072545], [101.611337, 3.072386]]]}}, {"type": "Feature", "properties": {}, "geometry": {"type": "Polygon", "coordinates": [[[101.611275, 3.072386], [101.611213, 3.072387], [101.611178, 3.072399], [101.61118, 3.072559], [101.611242, 3.072558], [101.611276, 3.072546], [101.611275, 3.072386]]]}}, {"type": "Feature", "properties": {}, "geometry": {"type": "Polygon", "coordinates": [[[101.611213, 3.072387], [101.61115, 3.072387], [101.611116, 3.0724], [101.611118, 3.072559], [101.61118, 3.072559], [101.611214, 3.072546], [101.611213, 3.072387]]]}}, {"type": "Feature", "properties": {}, "geometry": {"type": "Polygon", "coordinates": [[[101.61262, 3.072379], [101.612558, 3.07238], [101.612524, 3.072392], [101.612525, 3.072549], [101.612587, 3.072548], [101.612621, 3.072536], [101.61262, 3.072379]]]}}, {"type": "Feature", "properties": {}, "geometry": {"type": "Polygon", "coordinates": [[[101.612558, 3.07238], [101.612496, 3.07238], [101.612462, 3.072392], [101.612463, 3.072549], [101.612525, 3.072549], [101.612559, 3.072536], [101.612558, 3.07238]]]}}, {"type": "Feature", "properties": {}, "geometry": {"type": "Polygon", "coordinates": [[[101.612496, 3.07238], [101.612434, 3.072381], [101.6124, 3.072393], [101.612401, 3.07255], [101.612463, 3.072549], [101.612498, 3.072537], [101.612496, 3.07238]]]}}, {"type": "Feature", "properties": {}, "geometry": {"type": "Polygon", "coordinates": [[[101.612434, 3.072381], [101.612372, 3.072381], [101.612338, 3.072394], [101.612339, 3.07255], [101.612401, 3.07255], [101.612436, 3.072537], [101.612434, 3.072381]]]}}, {"type": "Feature", "properties": {}, "geometry": {"type": "Polygon", "coordinates": [[[101.612372, 3.072381], [101.61231, 3.072382], [101.612276, 3.072394], [101.612277, 3.072551], [101.612339, 3.07255], [101.612374, 3.072538], [101.612372, 3.072381]]]}}, {"type": "Feature", "properties": {}, "geometry": {"type": "Polygon", "coordinates": [[[101.61231, 3.072382], [101.612248, 3.072382], [101.612214, 3.072395], [101.612215, 3.072551], [101.612277, 3.072551], [101.612312, 3.072538], [101.61231, 3.072382]]]}}, {"type": "Feature", "properties": {}, "geometry": {"type": "Polygon", "coordinates": [[[101.612248, 3.072382], [101.612186, 3.072383], [101.612152, 3.072395], [101.612153, 3.072552], [101.612215, 3.072551], [101.61225, 3.072539], [101.612248, 3.072382]]]}}, {"type": "Feature", "properties": {}, "geometry": {"type": "Polygon", "coordinates": [[[101.612186, 3.072383], [101.612124, 3.072383], [101.61209, 3.072396], [101.612091, 3.072553], [101.612153, 3.072552], [101.612188, 3.07254], [101.612186, 3.072383]]]}}, {"type": "Feature", "properties": {}, "geometry": {"type": "Polygon", "coordinates": [[[101.612124, 3.072383], [101.612062, 3.072384], [101.612028, 3.072396], [101.612029, 3.072553], [101.612091, 3.072553], [101.612126, 3.07254], [101.612124, 3.072383]]]}}, {"type": "Feature", "properties": {}, "geometry": {"type": "Polygon", "coordinates": [[[101.612062, 3.072384], [101.612, 3.072385], [101.611966, 3.072397], [101.611967, 3.072554], [101.612029, 3.072553], [101.612064, 3.072541], [101.612062, 3.072384]]]}}, {"type": "Feature", "properties": {}, "geometry": {"type": "Polygon", "coordinates": [[[101.612, 3.072385], [101.611938, 3.072385], [101.611904, 3.072398], [101.611905, 3.072554], [101.611967, 3.072554], [101.612002, 3.072541], [101.612, 3.072385]]]}}, {"type": "Feature", "properties": {}, "geometry": {"type": "Polygon", "coordinates": [[[101.612618, 3.072188], [101.612557, 3.072189], [101.612522, 3.072201], [101.612524, 3.072355], [101.612585, 3.072354], [101.61262, 3.072342], [101.612618, 3.072188]]]}}, {"type": "Feature", "properties": {}, "geometry": {"type": "Polygon", "coordinates": [[[101.612557, 3.072189], [101.612495, 3.072189], [101.612461, 3.072202], [101.612462, 3.072355], [101.612524, 3.072355], [101.612558, 3.072342], [101.612557, 3.072189]]]}}, {"type": "Feature", "properties": {}, "geometry": {"type": "Polygon", "coordinates": [[[101.612495, 3.072189], [101.612434, 3.07219], [101.612399, 3.072202], [101.612401, 3.072356], [101.612462, 3.072355], [101.612497, 3.072343], [101.612495, 3.072189]]]}}, {"type": "Feature", "properties": {}, "geometry": {"type": "Polygon", "coordinates": [[[101.612434, 3.07219], [101.612372, 3.07219], [101.612338, 3.072203], [101.612339, 3.072356], [101.612401, 3.072356], [101.612435, 3.072343], [101.612434, 3.07219]]]}}, {"type": "Feature", "properties": {}, "geometry": {"type": "Polygon", "coordinates": [[[101.612372, 3.07219], [101.612311, 3.072191], [101.612276, 3.072203], [101.612278, 3.072357], [101.612339, 3.072356], [101.612374, 3.072344], [101.612372, 3.07219]]]}}, {"type": "Feature", "properties": {}, "geometry": {"type": "Polygon", "coordinates": [[[101.612311, 3.072191], [101.612249, 3.072191], [101.612215, 3.072204], [101.612216, 3.072357], [101.612278, 3.072357], [101.612312, 3.072345], [101.612311, 3.072191]]]}}, {"type": "Feature", "properties": {}, "geometry": {"type": "Polygon", "coordinates": [[[101.612249, 3.072191], [101.612187, 3.072192], [101.612153, 3.072204], [101.612154, 3.072358], [101.612216, 3.072357], [101.61225, 3.072345], [101.612249, 3.072191]]]}}, {"type": "Feature", "properties": {}, "geometry": {"type": "Polygon", "coordinates": [[[101.612187, 3.072192], [101.612126, 3.072192], [101.612092, 3.072205], [101.612093, 3.072359], [101.612154, 3.072358], [101.612189, 3.072346], [101.612187, 3.072192]]]}}, {"type": "Feature", "properties": {}, "geometry": {"type": "Polygon", "coordinates": [[[101.612126, 3.072192], [101.612064, 3.072193], [101.61203, 3.072205], [101.612031, 3.072359], [101.612093, 3.072359], [101.612127, 3.072346], [101.612126, 3.072192]]]}}, {"type": "Feature", "properties": {}, "geometry": {"type": "Polygon", "coordinates": [[[101.612064, 3.072193], [101.612003, 3.072194], [101.611968, 3.072206], [101.61197, 3.07236], [101.612031, 3.072359], [101.612066, 3.072347], [101.612064, 3.072193]]]}}, {"type": "Feature", "properties": {}, "geometry": {"type": "Polygon", "coordinates": [[[101.612003, 3.072194], [101.611941, 3.072194], [101.611907, 3.072207], [101.611908, 3.07236], [101.61197, 3.07236], [101.612004, 3.072347], [101.612003, 3.072194]]]}}, {"type": "Feature", "properties": {}, "geometry": {"type": "Polygon", "coordinates": [[[101.613418, 3.072189], [101.613355, 3.07219], [101.613321, 3.072202], [101.613322, 3.072356], [101.613385, 3.072355], [101.613419, 3.072343], [101.613418, 3.072189]]]}}, {"type": "Feature", "properties": {}, "geometry": {"type": "Polygon", "coordinates": [[[101.613355, 3.07219], [101.613293, 3.072191], [101.613258, 3.072203], [101.61326, 3.072356], [101.613322, 3.072356], [101.613357, 3.072343], [101.613355, 3.07219]]]}}, {"type": "Feature", "properties": {}, "geometry": {"type": "Polygon", "coordinates": [[[101.613293, 3.072191], [101.61323, 3.072191], [101.613196, 3.072204], [101.613197, 3.072357], [101.61326, 3.072356], [101.613294, 3.072344], [101.613293, 3.072191]]]}}, {"type": "Feature", "properties": {}, "geometry": {"type": "Polygon", "coordinates": [[[101.61323, 3.072191], [101.613168, 3.072192], [101.613133, 3.072204], [101.613135, 3.072357], [101.613197, 3.072357], [101.613232, 3.072344], [101.61323, 3.072191]]]}}, {"type": "Feature", "properties": {}, "geometry": {"type": "Polygon", "coordinates": [[[101.613168, 3.072192], [101.613105, 3.072192], [101.613071, 3.072205], [101.613072, 3.072358], [101.613135, 3.072357], [101.613169, 3.072345], [101.613168, 3.072192]]]}}, {"type": "Feature", "properties": {}, "geometry": {"type": "Polygon", "coordinates": [[[101.613105, 3.072192], [101.613043, 3.072193], [101.613008, 3.072205], [101.61301, 3.072358], [101.613072, 3.072358], [101.613107, 3.072345], [101.613105, 3.072192]]]}}, {"type": "Feature", "properties": {}, "geometry": {"type": "Polygon", "coordinates": [[[101.613043, 3.072193], [101.61298, 3.072193], [101.612946, 3.072206], [101.612947, 3.072359], [101.61301, 3.072358], [101.613044, 3.072346], [101.613043, 3.072193]]]}}, {"type": "Feature", "properties": {}, "geometry": {"type": "Polygon", "coordinates": [[[101.61298, 3.072193], [101.612918, 3.072194], [101.612883, 3.072206], [101.612885, 3.07236], [101.612947, 3.072359], [101.612982, 3.072347], [101.61298, 3.072193]]]}}, {"type": "Feature", "properties": {}, "geometry": {"type": "Polygon", "coordinates": [[[101.612918, 3.072194], [101.612855, 3.072194], [101.612821, 3.072207], [101.612822, 3.07236], [101.612885, 3.07236], [101.612919, 3.072347], [101.612918, 3.072194]]]}}, {"type": "Feature", "properties": {}, "geometry": {"type": "Polygon", "coordinates": [[[101.613418, 3.072382], [101.613355, 3.072383], [101.613321, 3.072395], [101.613322, 3.072552], [101.613385, 3.072552], [101.613419, 3.072539], [101.613418, 3.072382]]]}}, {"type": "Feature", "properties": {}, "geometry": {"type": "Polygon", "coordinates": [[[101.613355, 3.072383], [101.613293, 3.072383], [101.613259, 3.072396], [101.61326, 3.072553], [101.613322, 3.072552], [101.613357, 3.07254], [101.613355, 3.072383]]]}}, {"type": "Feature", "properties": {}, "geometry": {"type": "Polygon", "coordinates": [[[101.613293, 3.072383], [101.613231, 3.072384], [101.613197, 3.072396], [101.613198, 3.072554], [101.61326, 3.072553], [101.613295, 3.07254], [101.613293, 3.072383]]]}}, {"type": "Feature", "properties": {}, "geometry": {"type": "Polygon", "coordinates": [[[101.613231, 3.072384], [101.613169, 3.072384], [101.613134, 3.072397], [101.613136, 3.072554], [101.613198, 3.072554], [101.613232, 3.072541], [101.613231, 3.072384]]]}}, {"type": "Feature", "properties": {}, "geometry": {"type": "Polygon", "coordinates": [[[101.613169, 3.072384], [101.613106, 3.072385], [101.613072, 3.072398], [101.613073, 3.072555], [101.613136, 3.072554], [101.61317, 3.072542], [101.613169, 3.072384]]]}}, {"type": "Feature", "properties": {}, "geometry": {"type": "Polygon", "coordinates": [[[101.613106, 3.072385], [101.613044, 3.072386], [101.61301, 3.072398], [101.613011, 3.072555], [101.613073, 3.072555], [101.613108, 3.072542], [101.613106, 3.072385]]]}}, {"type": "Feature", "properties": {}, "geometry": {"type": "Polygon", "coordinates": [[[101.613044, 3.072386], [101.612982, 3.072386], [101.612948, 3.072399], [101.612949, 3.072556], [101.613011, 3.072555], [101.613046, 3.072543], [101.613044, 3.072386]]]}}, {"type": "Feature", "properties": {}, "geometry": {"type": "Polygon", "coordinates": [[[101.612982, 3.072386], [101.61292, 3.072387], [101.612885, 3.072399], [101.612887, 3.072556], [101.612949, 3.072556], [101.612983, 3.072543], [101.612982, 3.072386]]]}}, {"type": "Feature", "properties": {}, "geometry": {"type": "Polygon", "coordinates": [[[101.61292, 3.072387], [101.612857, 3.072387], [101.612823, 3.0724], [101.612824, 3.072557], [101.612887, 3.072556], [101.612921, 3.072544], [101.61292, 3.072387]]]}}, {"type": "Feature", "properties": {}, "geometry": {"type": "Polygon", "coordinates": [[[101.612857, 3.072387], [101.612795, 3.072388], [101.612761, 3.0724], [101.612762, 3.072557], [101.612824, 3.072557], [101.612859, 3.072544], [101.612857, 3.072387]]]}}, {"type": "Feature", "properties": {}, "geometry": {"type": "Polygon", "coordinates": [[[101.612795, 3.072388], [101.612733, 3.072388], [101.612698, 3.072401], [101.6127, 3.072558], [101.612762, 3.072557], [101.612797, 3.072545], [101.612795, 3.072388]]]}}, {"type": "Feature", "properties": {}, "geometry": {"type": "Polygon", "coordinates": [[[101.613414, 3.071638], [101.613351, 3.071639], [101.613317, 3.071651], [101.613318, 3.071801], [101.613381, 3.0718], [101.613415, 3.071788], [101.613414, 3.071638]]]}}, {"type": "Feature", "properties": {}, "geometry": {"type": "Polygon", "coordinates": [[[101.613351, 3.071639], [101.613289, 3.071639], [101.613254, 3.071652], [101.613256, 3.071801], [101.613318, 3.071801], [101.613353, 3.071788], [101.613351, 3.071639]]]}}, {"type": "Feature", "properties": {}, "geometry": {"type": "Polygon", "coordinates": [[[101.613289, 3.071639], [101.613226, 3.07164], [101.613192, 3.071652], [101.613193, 3.071802], [101.613256, 3.071801], [101.61329, 3.071789], [101.613289, 3.071639]]]}}, {"type": "Feature", "properties": {}, "geometry": {"type": "Polygon", "coordinates": [[[101.613226, 3.07164], [101.613164, 3.07164], [101.61313, 3.071653], [101.613131, 3.071802], [101.613193, 3.071802], [101.613228, 3.07179], [101.613226, 3.07164]]]}}, {"type": "Feature", "properties": {}, "geometry": {"type": "Polygon", "coordinates": [[[101.613164, 3.07164], [101.613102, 3.071641], [101.613067, 3.071653], [101.613068, 3.071803], [101.613131, 3.071802], [101.613165, 3.07179], [101.613164, 3.07164]]]}}, {"type": "Feature", "properties": {}, "geometry": {"type": "Polygon", "coordinates": [[[101.613102, 3.071641], [101.613039, 3.071641], [101.613005, 3.071654], [101.613006, 3.071804], [101.613068, 3.071803], [101.613103, 3.071791], [101.613102, 3.071641]]]}}, {"type": "Feature", "properties": {}, "geometry": {"type": "Polygon", "coordinates": [[[101.613039, 3.071641], [101.612977, 3.071642], [101.612942, 3.071654], [101.612944, 3.071804], [101.613006, 3.071804], [101.61304, 3.071791], [101.613039, 3.071641]]]}}, {"type": "Feature", "properties": {}, "geometry": {"type": "Polygon", "coordinates": [[[101.612977, 3.071642], [101.612914, 3.071643], [101.61288, 3.071655], [101.612881, 3.071805], [101.612944, 3.071804], [101.612978, 3.071792], [101.612977, 3.071642]]]}}, {"type": "Feature", "properties": {}, "geometry": {"type": "Polygon", "coordinates": [[[101.612914, 3.071643], [101.612852, 3.071643], [101.612817, 3.071656], [101.612819, 3.071805], [101.612881, 3.071805], [101.612916, 3.071792], [101.612914, 3.071643]]]}}, {"type": "Feature", "properties": {}, "geometry": {"type": "Polygon", "coordinates": [[[101.612852, 3.071643], [101.612789, 3.071644], [101.612755, 3.071656], [101.612756, 3.071806], [101.612819, 3.071805], [101.612853, 3.071793], [101.612852, 3.071643]]]}}, {"type": "Feature", "properties": {}, "geometry": {"type": "Polygon", "coordinates": [[[101.612789, 3.071644], [101.612727, 3.071644], [101.612692, 3.071657], [101.612694, 3.071807], [101.612756, 3.071806], [101.612791, 3.071793], [101.612789, 3.071644]]]}}, {"type": "Feature", "properties": {}, "geometry": {"type": "Polygon", "coordinates": [[[101.613418, 3.071831], [101.613355, 3.071831], [101.613321, 3.071844], [101.613322, 3.07199], [101.613385, 3.07199], [101.613419, 3.071977], [101.613418, 3.071831]]]}}, {"type": "Feature", "properties": {}, "geometry": {"type": "Polygon", "coordinates": [[[101.613355, 3.071831], [101.613292, 3.071832], [101.613258, 3.071844], [101.613259, 3.071991], [101.613322, 3.07199], [101.613356, 3.071978], [101.613355, 3.071831]]]}}, {"type": "Feature", "properties": {}, "geometry": {"type": "Polygon", "coordinates": [[[101.613292, 3.071832], [101.61323, 3.071832], [101.613195, 3.071845], [101.613197, 3.071991], [101.613259, 3.071991], [101.613294, 3.071978], [101.613292, 3.071832]]]}}, {"type": "Feature", "properties": {}, "geometry": {"type": "Polygon", "coordinates": [[[101.61323, 3.071832], [101.613167, 3.071833], [101.613132, 3.071845], [101.613134, 3.071992], [101.613197, 3.071991], [101.613231, 3.071979], [101.61323, 3.071832]]]}}, {"type": "Feature", "properties": {}, "geometry": {"type": "Polygon", "coordinates": [[[101.613167, 3.071833], [101.613104, 3.071833], [101.613069, 3.071846], [101.613071, 3.071992], [101.613134, 3.071992], [101.613168, 3.07198], [101.613167, 3.071833]]]}}, {"type": "Feature", "properties": {}, "geometry": {"type": "Polygon", "coordinates": [[[101.613104, 3.071833], [101.613041, 3.071834], [101.613007, 3.071846], [101.613008, 3.071993], [101.613071, 3.071992], [101.613105, 3.07198], [101.613104, 3.071833]]]}}, {"type": "Feature", "properties": {}, "geometry": {"type": "Polygon", "coordinates": [[[101.613041, 3.071834], [101.612978, 3.071835], [101.612944, 3.071847], [101.612945, 3.071994], [101.613008, 3.071993], [101.613043, 3.071981], [101.613041, 3.071834]]]}}, {"type": "Feature", "properties": {}, "geometry": {"type": "Polygon", "coordinates": [[[101.612978, 3.071835], [101.612916, 3.071835], [101.612881, 3.071848], [101.612882, 3.071994], [101.612945, 3.071994], [101.61298, 3.071981], [101.612978, 3.071835]]]}}, {"type": "Feature", "properties": {}, "geometry": {"type": "Polygon", "coordinates": [[[101.612916, 3.071835], [101.612853, 3.071836], [101.612818, 3.071848], [101.61282, 3.071995], [101.612882, 3.071994], [101.612917, 3.071982], [101.612916, 3.071835]]]}}, {"type": "Feature", "properties": {}, "geometry": {"type": "Polygon", "coordinates": [[[101.612853, 3.071836], [101.61279, 3.071836], [101.612756, 3.071849], [101.612757, 3.071995], [101.61282, 3.071995], [101.612854, 3.071982], [101.612853, 3.071836]]]}}, {"type": "Feature", "properties": {}, "geometry": {"type": "Polygon", "coordinates": [[[101.61279, 3.071836], [101.612727, 3.071837], [101.612693, 3.071849], [101.612694, 3.071996], [101.612757, 3.071995], [101.612791, 3.071983], [101.61279, 3.071836]]]}}, {"type": "Feature", "properties": {}, "geometry": {"type": "Polygon", "coordinates": [[[101.612613, 3.071829], [101.612552, 3.071829], [101.612517, 3.071842], [101.612519, 3.071997], [101.61258, 3.071996], [101.612615, 3.071984], [101.612613, 3.071829]]]}}, {"type": "Feature", "properties": {}, "geometry": {"type": "Polygon", "coordinates": [[[101.612552, 3.071829], [101.61249, 3.07183], [101.612456, 3.071842], [101.612457, 3.071997], [101.612519, 3.071997], [101.612553, 3.071984], [101.612552, 3.071829]]]}}, {"type": "Feature", "properties": {}, "geometry": {"type": "Polygon", "coordinates": [[[101.61249, 3.07183], [101.612429, 3.07183], [101.612395, 3.071843], [101.612396, 3.071998], [101.612457, 3.071997], [101.612492, 3.071985], [101.61249, 3.07183]]]}}, {"type": "Feature", "properties": {}, "geometry": {"type": "Polygon", "coordinates": [[[101.612429, 3.07183], [101.612368, 3.071831], [101.612333, 3.071843], [101.612335, 3.071998], [101.612396, 3.071998], [101.612431, 3.071985], [101.612429, 3.07183]]]}}, {"type": "Feature", "properties": {}, "geometry": {"type": "Polygon", "coordinates": [[[101.612368, 3.071831], [101.612306, 3.071831], [101.612272, 3.071844], [101.612273, 3.071999], [101.612335, 3.071998], [101.612369, 3.071986], [101.612368, 3.071831]]]}}, {"type": "Feature", "properties": {}, "geometry": {"type": "Polygon", "coordinates": [[[101.612306, 3.071831], [101.612245, 3.071832], [101.612211, 3.071844], [101.612212, 3.072], [101.612273, 3.071999], [101.612308, 3.071987], [101.612306, 3.071831]]]}}, {"type": "Feature", "properties": {}, "geometry": {"type": "Polygon", "coordinates": [[[101.612245, 3.071832], [101.612184, 3.071832], [101.612149, 3.071845], [101.612151, 3.072], [101.612212, 3.072], [101.612246, 3.071987], [101.612245, 3.071832]]]}}, {"type": "Feature", "properties": {}, "geometry": {"type": "Polygon", "coordinates": [[[101.612184, 3.071832], [101.612122, 3.071833], [101.612088, 3.071845], [101.612089, 3.072001], [101.612151, 3.072], [101.612185, 3.071988], [101.612184, 3.071832]]]}}, {"type": "Feature", "properties": {}, "geometry": {"type": "Polygon", "coordinates": [[[101.612122, 3.071833], [101.612061, 3.071834], [101.612026, 3.071846], [101.612028, 3.072001], [101.612089, 3.072001], [101.612124, 3.071988], [101.612122, 3.071833]]]}}, {"type": "Feature", "properties": {}, "geometry": {"type": "Polygon", "coordinates": [[[101.612061, 3.071834], [101.612, 3.071834], [101.611965, 3.071846], [101.611967, 3.072002], [101.612028, 3.072001], [101.612062, 3.071989], [101.612061, 3.071834]]]}}, {"type": "Feature", "properties": {}, "geometry": {"type": "Polygon", "coordinates": [[[101.612, 3.071834], [101.611938, 3.071835], [101.611904, 3.071847], [101.611905, 3.072002], [101.611967, 3.072002], [101.612001, 3.071989], [101.612, 3.071834]]]}}, {"type": "Feature", "properties": {}, "geometry": {"type": "Polygon", "coordinates": [[[101.612609, 3.071632], [101.612548, 3.071633], [101.612514, 3.071645], [101.612515, 3.071804], [101.612576, 3.071803], [101.612611, 3.071791], [101.612609, 3.071632]]]}}, {"type": "Feature", "properties": {}, "geometry": {"type": "Polygon", "coordinates": [[[101.612548, 3.071633], [101.612487, 3.071634], [101.612453, 3.071646], [101.612454, 3.071804], [101.612515, 3.071804], [101.61255, 3.071791], [101.612548, 3.071633]]]}}, {"type": "Feature", "properties": {}, "geometry": {"type": "Polygon", "coordinates": [[[101.612487, 3.071634], [101.612426, 3.071634], [101.612391, 3.071646], [101.612393, 3.071805], [101.612454, 3.071804], [101.612488, 3.071792], [101.612487, 3.071634]]]}}, {"type": "Feature", "properties": {}, "geometry": {"type": "Polygon", "coordinates": [[[101.612426, 3.071634], [101.612365, 3.071635], [101.61233, 3.071647], [101.612332, 3.071805], [101.612393, 3.071805], [101.612427, 3.071792], [101.612426, 3.071634]]]}}, {"type": "Feature", "properties": {}, "geometry": {"type": "Polygon", "coordinates": [[[101.612365, 3.071635], [101.612304, 3.071635], [101.612269, 3.071648], [101.61227, 3.071806], [101.612332, 3.071805], [101.612366, 3.071793], [101.612365, 3.071635]]]}}, {"type": "Feature", "properties": {}, "geometry": {"type": "Polygon", "coordinates": [[[101.612304, 3.071635], [101.612242, 3.071636], [101.612208, 3.071648], [101.612209, 3.071806], [101.61227, 3.071806], [101.612305, 3.071793], [101.612304, 3.071635]]]}}, {"type": "Feature", "properties": {}, "geometry": {"type": "Polygon", "coordinates": [[[101.612242, 3.071636], [101.612181, 3.071636], [101.612147, 3.071649], [101.612148, 3.071807], [101.612209, 3.071806], [101.612244, 3.071794], [101.612242, 3.071636]]]}}, {"type": "Feature", "properties": {}, "geometry": {"type": "Polygon", "coordinates": [[[101.612181, 3.071636], [101.61212, 3.071637], [101.612086, 3.071649], [101.612087, 3.071807], [101.612148, 3.071807], [101.612183, 3.071794], [101.612181, 3.071636]]]}}, {"type": "Feature", "properties": {}, "geometry": {"type": "Polygon", "coordinates": [[[101.61212, 3.071637], [101.612059, 3.071637], [101.612025, 3.07165], [101.612026, 3.071808], [101.612087, 3.071807], [101.612122, 3.071795], [101.61212, 3.071637]]]}}, {"type": "Feature", "properties": {}, "geometry": {"type": "Polygon", "coordinates": [[[101.612059, 3.071637], [101.611998, 3.071638], [101.611963, 3.07165], [101.611965, 3.071808], [101.612026, 3.071808], [101.61206, 3.071795], [101.612059, 3.071637]]]}}, {"type": "Feature", "properties": {}, "geometry": {"type": "Polygon", "coordinates": [[[101.611998, 3.071638], [101.611937, 3.071638], [101.611902, 3.071651], [101.611904, 3.071809], [101.611965, 3.071808], [101.611999, 3.071796], [101.611998, 3.071638]]]}}, {"type": "Feature", "properties": {}, "geometry": {"type": "Polygon", "coordinates": [[[101.611833, 3.071829], [101.61177, 3.071829], [101.611736, 3.071842], [101.611737, 3.071996], [101.6118, 3.071995], [101.611834, 3.071983], [101.611833, 3.071829]]]}}, {"type": "Feature", "properties": {}, "geometry": {"type": "Polygon", "coordinates": [[[101.61177, 3.071829], [101.611708, 3.07183], [101.611673, 3.071842], [101.611675, 3.071997], [101.611737, 3.071996], [101.611772, 3.071983], [101.61177, 3.071829]]]}}, {"type": "Feature", "properties": {}, "geometry": {"type": "Polygon", "coordinates": [[[101.611708, 3.07183], [101.611646, 3.071831], [101.611611, 3.071843], [101.611613, 3.071997], [101.611675, 3.071997], [101.611709, 3.071984], [101.611708, 3.07183]]]}}, {"type": "Feature", "properties": {}, "geometry": {"type": "Polygon", "coordinates": [[[101.611646, 3.071831], [101.611583, 3.071831], [101.611549, 3.071843], [101.61155, 3.071998], [101.611613, 3.071997], [101.611647, 3.071985], [101.611646, 3.071831]]]}}, {"type": "Feature", "properties": {}, "geometry": {"type": "Polygon", "coordinates": [[[101.611583, 3.071831], [101.611521, 3.071832], [101.611486, 3.071844], [101.611488, 3.071998], [101.61155, 3.071998], [101.611585, 3.071985], [101.611583, 3.071831]]]}}, {"type": "Feature", "properties": {}, "geometry": {"type": "Polygon", "coordinates": [[[101.611521, 3.071832], [101.611458, 3.071832], [101.611424, 3.071845], [101.611425, 3.071999], [101.611488, 3.071998], [101.611522, 3.071986], [101.611521, 3.071832]]]}}, {"type": "Feature", "properties": {}, "geometry": {"type": "Polygon", "coordinates": [[[101.611458, 3.071832], [101.611396, 3.071833], [101.611362, 3.071845], [101.611363, 3.071999], [101.611425, 3.071999], [101.61146, 3.071986], [101.611458, 3.071832]]]}}, {"type": "Feature", "properties": {}, "geometry": {"type": "Polygon", "coordinates": [[[101.611396, 3.071833], [101.611334, 3.071833], [101.611299, 3.071846], [101.611301, 3.072], [101.611363, 3.071999], [101.611398, 3.071987], [101.611396, 3.071833]]]}}, {"type": "Feature", "properties": {}, "geometry": {"type": "Polygon", "coordinates": [[[101.611334, 3.071833], [101.611271, 3.071834], [101.611237, 3.071846], [101.611238, 3.072001], [101.611301, 3.072], [101.611335, 3.071987], [101.611334, 3.071833]]]}}, {"type": "Feature", "properties": {}, "geometry": {"type": "Polygon", "coordinates": [[[101.611271, 3.071834], [101.611209, 3.071834], [101.611175, 3.071847], [101.611176, 3.072001], [101.611238, 3.072001], [101.611273, 3.071988], [101.611271, 3.071834]]]}}, {"type": "Feature", "properties": {}, "geometry": {"type": "Polygon", "coordinates": [[[101.611209, 3.071834], [101.611147, 3.071835], [101.611112, 3.071848], [101.611114, 3.072002], [101.611176, 3.072001], [101.611211, 3.071989], [101.611209, 3.071834]]]}}, {"type": "Feature", "properties": {}, "geometry": {"type": "Polygon", "coordinates": [[[101.611831, 3.071637], [101.611769, 3.071637], [101.611735, 3.07165], [101.611736, 3.071806], [101.611798, 3.071806], [101.611833, 3.071793], [101.611831, 3.071637]]]}}, {"type": "Feature", "properties": {}, "geometry": {"type": "Polygon", "coordinates": [[[101.611769, 3.071637], [101.611707, 3.071638], [101.611672, 3.07165], [101.611674, 3.071807], [101.611736, 3.071806], [101.61177, 3.071794], [101.611769, 3.071637]]]}}, {"type": "Feature", "properties": {}, "geometry": {"type": "Polygon", "coordinates": [[[101.611707, 3.071638], [101.611644, 3.071638], [101.61161, 3.071651], [101.611611, 3.071807], [101.611674, 3.071807], [101.611708, 3.071794], [101.611707, 3.071638]]]}}, {"type": "Feature", "properties": {}, "geometry": {"type": "Polygon", "coordinates": [[[101.611644, 3.071638], [101.611582, 3.071639], [101.611548, 3.071652], [101.611549, 3.071808], [101.611611, 3.071807], [101.611646, 3.071795], [101.611644, 3.071638]]]}}, {"type": "Feature", "properties": {}, "geometry": {"type": "Polygon", "coordinates": [[[101.611582, 3.071639], [101.61152, 3.07164], [101.611485, 3.071652], [101.611487, 3.071808], [101.611549, 3.071808], [101.611583, 3.071796], [101.611582, 3.071639]]]}}, {"type": "Feature", "properties": {}, "geometry": {"type": "Polygon", "coordinates": [[[101.61152, 3.07164], [101.611457, 3.07164], [101.611423, 3.071653], [101.611424, 3.071809], [101.611487, 3.071808], [101.611521, 3.071796], [101.61152, 3.07164]]]}}, {"type": "Feature", "properties": {}, "geometry": {"type": "Polygon", "coordinates": [[[101.611457, 3.07164], [101.611395, 3.071641], [101.611361, 3.071653], [101.611362, 3.07181], [101.611424, 3.071809], [101.611459, 3.071797], [101.611457, 3.07164]]]}}, {"type": "Feature", "properties": {}, "geometry": {"type": "Polygon", "coordinates": [[[101.611395, 3.071641], [101.611333, 3.071641], [101.611298, 3.071654], [101.6113, 3.07181], [101.611362, 3.07181], [101.611396, 3.071797], [101.611395, 3.071641]]]}}, {"type": "Feature", "properties": {}, "geometry": {"type": "Polygon", "coordinates": [[[101.611333, 3.071641], [101.61127, 3.071642], [101.611236, 3.071654], [101.611237, 3.071811], [101.6113, 3.07181], [101.611334, 3.071798], [101.611333, 3.071641]]]}}, {"type": "Feature", "properties": {}, "geometry": {"type": "Polygon", "coordinates": [[[101.61127, 3.071642], [101.611208, 3.071642], [101.611173, 3.071655], [101.611175, 3.071811], [101.611237, 3.071811], [101.611272, 3.071798], [101.61127, 3.071642]]]}}, {"type": "Feature", "properties": {}, "geometry": {"type": "Polygon", "coordinates": [[[101.611208, 3.071642], [101.611146, 3.071643], [101.611111, 3.071655], [101.611112, 3.071812], [101.611175, 3.071811], [101.611209, 3.071799], [101.611208, 3.071642]]]}}, {"type": "Feature", "properties": {}, "geometry": {"type": "Polygon", "coordinates": [[[101.61183, 3.071279], [101.611768, 3.071279], [101.611734, 3.071292], [101.611735, 3.071442], [101.611797, 3.071442], [101.611831, 3.071429], [101.61183, 3.071279]]]}}, {"type": "Feature", "properties": {}, "geometry": {"type": "Polygon", "coordinates": [[[101.611768, 3.071279], [101.611707, 3.07128], [101.611672, 3.071292], [101.611674, 3.071443], [101.611735, 3.071442], [101.61177, 3.07143], [101.611768, 3.071279]]]}}, {"type": "Feature", "properties": {}, "geometry": {"type": "Polygon", "coordinates": [[[101.611707, 3.07128], [101.611645, 3.07128], [101.611611, 3.071293], [101.611612, 3.071443], [101.611674, 3.071443], [101.611708, 3.07143], [101.611707, 3.07128]]]}}, {"type": "Feature", "properties": {}, "geometry": {"type": "Polygon", "coordinates": [[[101.611645, 3.07128], [101.611584, 3.071281], [101.611549, 3.071293], [101.611551, 3.071444], [101.611612, 3.071443], [101.611647, 3.071431], [101.611645, 3.07128]]]}}, {"type": "Feature", "properties": {}, "geometry": {"type": "Polygon", "coordinates": [[[101.611584, 3.071281], [101.611522, 3.071282], [101.611488, 3.071294], [101.611489, 3.071445], [101.611551, 3.071444], [101.611585, 3.071431], [101.611584, 3.071281]]]}}, {"type": "Feature", "properties": {}, "geometry": {"type": "Polygon", "coordinates": [[[101.611522, 3.071282], [101.61146, 3.071282], [101.611426, 3.071295], [101.611427, 3.071445], [101.611489, 3.071445], [101.611523, 3.071432], [101.611522, 3.071282]]]}}, {"type": "Feature", "properties": {}, "geometry": {"type": "Polygon", "coordinates": [[[101.61146, 3.071282], [101.611399, 3.071283], [101.611364, 3.071295], [101.611366, 3.071446], [101.611427, 3.071445], [101.611462, 3.071433], [101.61146, 3.071282]]]}}, {"type": "Feature", "properties": {}, "geometry": {"type": "Polygon", "coordinates": [[[101.611399, 3.071283], [101.611337, 3.071283], [101.611303, 3.071296], [101.611304, 3.071446], [101.611366, 3.071446], [101.6114, 3.071433], [101.611399, 3.071283]]]}}, {"type": "Feature", "properties": {}, "geometry": {"type": "Polygon", "coordinates": [[[101.611337, 3.071283], [101.611276, 3.071284], [101.611241, 3.071296], [101.611243, 3.071447], [101.611304, 3.071446], [101.611339, 3.071434], [101.611337, 3.071283]]]}}, {"type": "Feature", "properties": {}, "geometry": {"type": "Polygon", "coordinates": [[[101.611276, 3.071284], [101.611214, 3.071284], [101.61118, 3.071297], [101.611181, 3.071447], [101.611243, 3.071447], [101.611277, 3.071434], [101.611276, 3.071284]]]}}, {"type": "Feature", "properties": {}, "geometry": {"type": "Polygon", "coordinates": [[[101.611214, 3.071284], [101.611153, 3.071285], [101.611118, 3.071297], [101.61112, 3.071448], [101.611181, 3.071447], [101.611216, 3.071435], [101.611214, 3.071284]]]}}, {"type": "Feature", "properties": {}, "geometry": {"type": "Polygon", "coordinates": [[[101.611827, 3.071088], [101.611766, 3.071088], [101.611731, 3.071101], [101.611733, 3.071256], [101.611794, 3.071256], [101.611829, 3.071243], [101.611827, 3.071088]]]}}, {"type": "Feature", "properties": {}, "geometry": {"type": "Polygon", "coordinates": [[[101.611766, 3.071088], [101.611704, 3.071089], [101.61167, 3.071102], [101.611671, 3.071257], [101.611733, 3.071256], [101.611767, 3.071244], [101.611766, 3.071088]]]}}, {"type": "Feature", "properties": {}, "geometry": {"type": "Polygon", "coordinates": [[[101.611704, 3.071089], [101.611643, 3.07109], [101.611609, 3.071102], [101.61161, 3.071257], [101.611671, 3.071257], [101.611706, 3.071244], [101.611704, 3.071089]]]}}, {"type": "Feature", "properties": {}, "geometry": {"type": "Polygon", "coordinates": [[[101.611643, 3.07109], [101.611581, 3.07109], [101.611547, 3.071103], [101.611548, 3.071258], [101.61161, 3.071257], [101.611644, 3.071245], [101.611643, 3.07109]]]}}, {"type": "Feature", "properties": {}, "geometry": {"type": "Polygon", "coordinates": [[[101.611581, 3.07109], [101.61152, 3.071091], [101.611486, 3.071103], [101.611487, 3.071258], [101.611548, 3.071258], [101.611583, 3.071245], [101.611581, 3.07109]]]}}, {"type": "Feature", "properties": {}, "geometry": {"type": "Polygon", "coordinates": [[[101.61152, 3.071091], [101.611458, 3.071091], [101.611424, 3.071104], [101.611425, 3.071259], [101.611487, 3.071258], [101.611521, 3.071246], [101.61152, 3.071091]]]}}, {"type": "Feature", "properties": {}, "geometry": {"type": "Polygon", "coordinates": [[[101.611458, 3.071091], [101.611397, 3.071092], [101.611362, 3.071104], [101.611364, 3.07126], [101.611425, 3.071259], [101.61146, 3.071246], [101.611458, 3.071091]]]}}, {"type": "Feature", "properties": {}, "geometry": {"type": "Polygon", "coordinates": [[[101.611397, 3.071092], [101.611336, 3.071092], [101.611301, 3.071105], [101.611302, 3.07126], [101.611364, 3.07126], [101.611398, 3.071247], [101.611397, 3.071092]]]}}, {"type": "Feature", "properties": {}, "geometry": {"type": "Polygon", "coordinates": [[[101.611336, 3.071092], [101.611274, 3.071093], [101.61124, 3.071105], [101.611241, 3.071261], [101.611302, 3.07126], [101.611337, 3.071248], [101.611336, 3.071092]]]}}, {"type": "Feature", "properties": {}, "geometry": {"type": "Polygon", "coordinates": [[[101.611274, 3.071093], [101.611213, 3.071093], [101.611178, 3.071106], [101.61118, 3.071261], [101.611241, 3.071261], [101.611275, 3.071248], [101.611274, 3.071093]]]}}, {"type": "Feature", "properties": {}, "geometry": {"type": "Polygon", "coordinates": [[[101.611213, 3.071093], [101.611151, 3.071094], [101.611117, 3.071106], [101.611118, 3.071262], [101.61118, 3.071261], [101.611214, 3.071249], [101.611213, 3.071093]]]}}, {"type": "Feature", "properties": {}, "geometry": {"type": "Polygon", "coordinates": [[[101.612625, 3.07127], [101.612563, 3.07127], [101.612528, 3.071283], [101.61253, 3.071437], [101.612592, 3.071437], [101.612627, 3.071424], [101.612625, 3.07127]]]}}, {"type": "Feature", "properties": {}, "geometry": {"type": "Polygon", "coordinates": [[[101.612563, 3.07127], [101.6125, 3.071271], [101.612466, 3.071283], [101.612467, 3.071438], [101.61253, 3.071437], [101.612564, 3.071425], [101.612563, 3.07127]]]}}, {"type": "Feature", "properties": {}, "geometry": {"type": "Polygon", "coordinates": [[[101.6125, 3.071271], [101.612438, 3.071271], [101.612403, 3.071284], [101.612405, 3.071438], [101.612467, 3.071438], [101.612502, 3.071425], [101.6125, 3.071271]]]}}, {"type": "Feature", "properties": {}, "geometry": {"type": "Polygon", "coordinates": [[[101.612438, 3.071271], [101.612375, 3.071272], [101.612341, 3.071284], [101.612342, 3.071439], [101.612405, 3.071438], [101.612439, 3.071426], [101.612438, 3.071271]]]}}, {"type": "Feature", "properties": {}, "geometry": {"type": "Polygon", "coordinates": [[[101.612375, 3.071272], [101.612313, 3.071273], [101.612278, 3.071285], [101.61228, 3.071439], [101.612342, 3.071439], [101.612377, 3.071426], [101.612375, 3.071272]]]}}, {"type": "Feature", "properties": {}, "geometry": {"type": "Polygon", "coordinates": [[[101.612313, 3.071273], [101.61225, 3.071273], [101.612216, 3.071286], [101.612217, 3.07144], [101.61228, 3.071439], [101.612314, 3.071427], [101.612313, 3.071273]]]}}, {"type": "Feature", "properties": {}, "geometry": {"type": "Polygon", "coordinates": [[[101.61225, 3.071273], [101.612188, 3.071274], [101.612153, 3.071286], [101.612155, 3.071441], [101.612217, 3.07144], [101.612252, 3.071428], [101.61225, 3.071273]]]}}, {"type": "Feature", "properties": {}, "geometry": {"type": "Polygon", "coordinates": [[[101.612188, 3.071274], [101.612125, 3.071274], [101.612091, 3.071287], [101.612092, 3.071441], [101.612155, 3.071441], [101.612189, 3.071428], [101.612188, 3.071274]]]}}, {"type": "Feature", "properties": {}, "geometry": {"type": "Polygon", "coordinates": [[[101.612125, 3.071274], [101.612063, 3.071275], [101.612028, 3.071287], [101.61203, 3.071442], [101.612092, 3.071441], [101.612127, 3.071429], [101.612125, 3.071274]]]}}, {"type": "Feature", "properties": {}, "geometry": {"type": "Polygon", "coordinates": [[[101.612063, 3.071275], [101.612, 3.071275], [101.611966, 3.071288], [101.611968, 3.071442], [101.61203, 3.071442], [101.612064, 3.071429], [101.612063, 3.071275]]]}}, {"type": "Feature", "properties": {}, "geometry": {"type": "Polygon", "coordinates": [[[101.612, 3.071275], [101.611938, 3.071276], [101.611903, 3.071288], [101.611905, 3.071443], [101.611968, 3.071442], [101.612002, 3.07143], [101.612, 3.071275]]]}}, {"type": "Feature", "properties": {}, "geometry": {"type": "Polygon", "coordinates": [[[101.612624, 3.071082], [101.612561, 3.071083], [101.612527, 3.071095], [101.612528, 3.071247], [101.612591, 3.071246], [101.612625, 3.071234], [101.612624, 3.071082]]]}}, {"type": "Feature", "properties": {}, "geometry": {"type": "Polygon", "coordinates": [[[101.612561, 3.071083], [101.612499, 3.071083], [101.612465, 3.071096], [101.612466, 3.071247], [101.612528, 3.071247], [101.612563, 3.071234], [101.612561, 3.071083]]]}}, {"type": "Feature", "properties": {}, "geometry": {"type": "Polygon", "coordinates": [[[101.612499, 3.071083], [101.612436, 3.071084], [101.612402, 3.071096], [101.612403, 3.071248], [101.612466, 3.071247], [101.6125, 3.071235], [101.612499, 3.071083]]]}}, {"type": "Feature", "properties": {}, "geometry": {"type": "Polygon", "coordinates": [[[101.612436, 3.071084], [101.612374, 3.071084], [101.61234, 3.071097], [101.612341, 3.071248], [101.612403, 3.071248], [101.612438, 3.071235], [101.612436, 3.071084]]]}}, {"type": "Feature", "properties": {}, "geometry": {"type": "Polygon", "coordinates": [[[101.612374, 3.071084], [101.612312, 3.071085], [101.612277, 3.071097], [101.612278, 3.071249], [101.612341, 3.071248], [101.612375, 3.071236], [101.612374, 3.071084]]]}}, {"type": "Feature", "properties": {}, "geometry": {"type": "Polygon", "coordinates": [[[101.612312, 3.071085], [101.612249, 3.071086], [101.612215, 3.071098], [101.612216, 3.071249], [101.612278, 3.071249], [101.612313, 3.071236], [101.612312, 3.071085]]]}}, {"type": "Feature", "properties": {}, "geometry": {"type": "Polygon", "coordinates": [[[101.612249, 3.071086], [101.612187, 3.071086], [101.612152, 3.071099], [101.612154, 3.07125], [101.612216, 3.071249], [101.61225, 3.071237], [101.612249, 3.071086]]]}}, {"type": "Feature", "properties": {}, "geometry": {"type": "Polygon", "coordinates": [[[101.612187, 3.071086], [101.612124, 3.071087], [101.61209, 3.071099], [101.612091, 3.071251], [101.612154, 3.07125], [101.612188, 3.071237], [101.612187, 3.071086]]]}}, {"type": "Feature", "properties": {}, "geometry": {"type": "Polygon", "coordinates": [[[101.612124, 3.071087], [101.612062, 3.071087], [101.612027, 3.0711], [101.612028, 3.071251], [101.612091, 3.071251], [101.612125, 3.071238], [101.612124, 3.071087]]]}}, {"type": "Feature", "properties": {}, "geometry": {"type": "Polygon", "coordinates": [[[101.612062, 3.071087], [101.611999, 3.071088], [101.611965, 3.0711], [101.611966, 3.071252], [101.612028, 3.071251], [101.612063, 3.071239], [101.612062, 3.071087]]]}}, {"type": "Feature", "properties": {}, "geometry": {"type": "Polygon", "coordinates": [[[101.611999, 3.071088], [101.611937, 3.071088], [101.611902, 3.071101], [101.611904, 3.071252], [101.611966, 3.071252], [101.612001, 3.071239], [101.611999, 3.071088]]]}}, {"type": "Feature", "properties": {}, "geometry": {"type": "Polygon", "coordinates": [[[101.61183, 3.070726], [101.611768, 3.070727], [101.611733, 3.070739], [101.611735, 3.070899], [101.611797, 3.070898], [101.611832, 3.070886], [101.61183, 3.070726]]]}}, {"type": "Feature", "properties": {}, "geometry": {"type": "Polygon", "coordinates": [[[101.611768, 3.070727], [101.611706, 3.070727], [101.611671, 3.07074], [101.611673, 3.070899], [101.611735, 3.070899], [101.611769, 3.070886], [101.611768, 3.070727]]]}}, {"type": "Feature", "properties": {}, "geometry": {"type": "Polygon", "coordinates": [[[101.611706, 3.070727], [101.611644, 3.070728], [101.611609, 3.07074], [101.611611, 3.0709], [101.611673, 3.070899], [101.611707, 3.070887], [101.611706, 3.070727]]]}}, {"type": "Feature", "properties": {}, "geometry": {"type": "Polygon", "coordinates": [[[101.611644, 3.070728], [101.611582, 3.070728], [101.611547, 3.070741], [101.611548, 3.070901], [101.611611, 3.0709], [101.611645, 3.070888], [101.611644, 3.070728]]]}}, {"type": "Feature", "properties": {}, "geometry": {"type": "Polygon", "coordinates": [[[101.611582, 3.070728], [101.611519, 3.070729], [101.611485, 3.070741], [101.611486, 3.070901], [101.611548, 3.070901], [101.611583, 3.070888], [101.611582, 3.070728]]]}}, {"type": "Feature", "properties": {}, "geometry": {"type": "Polygon", "coordinates": [[[101.611519, 3.070729], [101.611457, 3.070729], [101.611423, 3.070742], [101.611424, 3.070902], [101.611486, 3.070901], [101.611521, 3.070889], [101.611519, 3.070729]]]}}, {"type": "Feature", "properties": {}, "geometry": {"type": "Polygon", "coordinates": [[[101.611457, 3.070729], [101.611395, 3.07073], [101.611361, 3.070742], [101.611362, 3.070902], [101.611424, 3.070902], [101.611459, 3.070889], [101.611457, 3.070729]]]}}, {"type": "Feature", "properties": {}, "geometry": {"type": "Polygon", "coordinates": [[[101.611395, 3.07073], [101.611333, 3.07073], [101.611299, 3.070743], [101.6113, 3.070903], [101.611362, 3.070902], [101.611397, 3.07089], [101.611395, 3.07073]]]}}, {"type": "Feature", "properties": {}, "geometry": {"type": "Polygon", "coordinates": [[[101.611333, 3.07073], [101.611271, 3.070731], [101.611236, 3.070743], [101.611238, 3.070903], [101.6113, 3.070903], [101.611334, 3.07089], [101.611333, 3.07073]]]}}, {"type": "Feature", "properties": {}, "geometry": {"type": "Polygon", "coordinates": [[[101.611271, 3.070731], [101.611209, 3.070732], [101.611174, 3.070744], [101.611176, 3.070904], [101.611238, 3.070903], [101.611272, 3.070891], [101.611271, 3.070731]]]}}, {"type": "Feature", "properties": {}, "geometry": {"type": "Polygon", "coordinates": [[[101.611209, 3.070732], [101.611147, 3.070732], [101.611112, 3.070745], [101.611114, 3.070905], [101.611176, 3.070904], [101.61121, 3.070892], [101.611209, 3.070732]]]}}, {"type": "Feature", "properties": {}, "geometry": {"type": "Polygon", "coordinates": [[[101.612739, 3.070719], [101.612677, 3.07072], [101.612643, 3.070732], [101.612644, 3.070886], [101.612706, 3.070885], [101.612741, 3.070873], [101.612739, 3.070719]]]}}, {"type": "Feature", "properties": {}, "geometry": {"type": "Polygon", "coordinates": [[[101.612677, 3.07072], [101.612615, 3.07072], [101.612581, 3.070733], [101.612582, 3.070886], [101.612644, 3.070886], [101.612679, 3.070873], [101.612677, 3.07072]]]}}, {"type": "Feature", "properties": {}, "geometry": {"type": "Polygon", "coordinates": [[[101.612615, 3.07072], [101.612553, 3.070721], [101.612519, 3.070733], [101.61252, 3.070887], [101.612582, 3.070886], [101.612617, 3.070874], [101.612615, 3.07072]]]}}, {"type": "Feature", "properties": {}, "geometry": {"type": "Polygon", "coordinates": [[[101.612553, 3.070721], [101.612491, 3.070722], [101.612457, 3.070734], [101.612458, 3.070887], [101.61252, 3.070887], [101.612555, 3.070874], [101.612553, 3.070721]]]}}, {"type": "Feature", "properties": {}, "geometry": {"type": "Polygon", "coordinates": [[[101.612491, 3.070722], [101.612429, 3.070722], [101.612395, 3.070734], [101.612396, 3.070888], [101.612458, 3.070887], [101.612493, 3.070875], [101.612491, 3.070722]]]}}, {"type": "Feature", "properties": {}, "geometry": {"type": "Polygon", "coordinates": [[[101.612429, 3.070722], [101.612367, 3.070723], [101.612333, 3.070735], [101.612334, 3.070889], [101.612396, 3.070888], [101.612431, 3.070875], [101.612429, 3.070722]]]}}, {"type": "Feature", "properties": {}, "geometry": {"type": "Polygon", "coordinates": [[[101.612367, 3.070723], [101.612305, 3.070723], [101.612271, 3.070736], [101.612272, 3.070889], [101.612334, 3.070889], [101.612369, 3.070876], [101.612367, 3.070723]]]}}, {"type": "Feature", "properties": {}, "geometry": {"type": "Polygon", "coordinates": [[[101.612305, 3.070723], [101.612243, 3.070724], [101.612209, 3.070736], [101.61221, 3.07089], [101.612272, 3.070889], [101.612307, 3.070877], [101.612305, 3.070723]]]}}, {"type": "Feature", "properties": {}, "geometry": {"type": "Polygon", "coordinates": [[[101.612243, 3.070724], [101.612181, 3.070724], [101.612147, 3.070737], [101.612148, 3.07089], [101.61221, 3.07089], [101.612245, 3.070877], [101.612243, 3.070724]]]}}, {"type": "Feature", "properties": {}, "geometry": {"type": "Polygon", "coordinates": [[[101.612181, 3.070724], [101.612119, 3.070725], [101.612085, 3.070737], [101.612086, 3.070891], [101.612148, 3.07089], [101.612183, 3.070878], [101.612181, 3.070724]]]}}, {"type": "Feature", "properties": {}, "geometry": {"type": "Polygon", "coordinates": [[[101.612119, 3.070725], [101.612057, 3.070725], [101.612023, 3.070738], [101.612024, 3.070891], [101.612086, 3.070891], [101.612121, 3.070878], [101.612119, 3.070725]]]}}, {"type": "Feature", "properties": {}, "geometry": {"type": "Polygon", "coordinates": [[[101.612057, 3.070725], [101.611995, 3.070726], [101.611961, 3.070739], [101.611962, 3.070892], [101.612024, 3.070891], [101.612059, 3.070879], [101.612057, 3.070725]]]}}, {"type": "Feature", "properties": {}, "geometry": {"type": "Polygon", "coordinates": [[[101.611995, 3.070726], [101.611933, 3.070727], [101.611899, 3.070739], [101.6119, 3.070892], [101.611962, 3.070892], [101.611997, 3.070879], [101.611995, 3.070726]]]}}, {"type": "Feature", "properties": {}, "geometry": {"type": "Polygon", "coordinates": [[[101.613958, 3.065519], [101.613861, 3.06552], [101.613826, 3.065532], [101.613827, 3.065697], [101.613924, 3.065697], [101.613959, 3.065684], [101.613958, 3.065519]]]}}, {"type": "Feature", "properties": {}, "geometry": {"type": "Polygon", "coordinates": [[[101.614019, 3.065519], [101.613958, 3.065519], [101.613923, 3.065532], [101.613924, 3.065697], [101.613985, 3.065697], [101.61402, 3.065684], [101.614019, 3.065519]]]}}, {"type": "Feature", "properties": {}, "geometry": {"type": "Polygon", "coordinates": [[[101.61408, 3.065519], [101.614019, 3.065519], [101.613984, 3.065532], [101.613985, 3.065697], [101.614046, 3.065696], [101.61408, 3.065684], [101.61408, 3.065519]]]}}, {"type": "Feature", "properties": {}, "geometry": {"type": "Polygon", "coordinates": [[[101.61414, 3.065518], [101.61408, 3.065519], [101.614045, 3.065531], [101.614046, 3.065696], [101.614107, 3.065696], [101.614141, 3.065684], [101.61414, 3.065518]]]}}, {"type": "Feature", "properties": {}, "geometry": {"type": "Polygon", "coordinates": [[[101.614201, 3.065518], [101.61414, 3.065518], [101.614106, 3.065531], [101.614107, 3.065696], [101.614168, 3.065696], [101.614202, 3.065683], [101.614201, 3.065518]]]}}, {"type": "Feature", "properties": {}, "geometry": {"type": "Polygon", "coordinates": [[[101.614262, 3.065518], [101.614201, 3.065518], [101.614167, 3.065531], [101.614168, 3.065696], [101.614229, 3.065695], [101.614263, 3.065683], [101.614262, 3.065518]]]}}, {"type": "Feature", "properties": {}, "geometry": {"type": "Polygon", "coordinates": [[[101.614323, 3.065518], [101.614262, 3.065518], [101.614228, 3.06553], [101.614229, 3.065695], [101.614289, 3.065695], [101.614324, 3.065683], [101.614323, 3.065518]]]}}, {"type": "Feature", "properties": {}, "geometry": {"type": "Polygon", "coordinates": [[[101.614384, 3.065517], [101.614323, 3.065518], [101.614289, 3.06553], [101.614289, 3.065695], [101.61435, 3.065695], [101.614385, 3.065682], [101.614384, 3.065517]]]}}, {"type": "Feature", "properties": {}, "geometry": {"type": "Polygon", "coordinates": [[[101.614445, 3.065517], [101.614384, 3.065517], [101.61435, 3.06553], [101.61435, 3.065695], [101.614411, 3.065694], [101.614446, 3.065682], [101.614445, 3.065517]]]}}, {"type": "Feature", "properties": {}, "geometry": {"type": "Polygon", "coordinates": [[[101.614506, 3.065517], [101.614445, 3.065517], [101.61441, 3.065529], [101.614411, 3.065694], [101.614472, 3.065694], [101.614507, 3.065682], [101.614506, 3.065517]]]}}, {"type": "Feature", "properties": {}, "geometry": {"type": "Polygon", "coordinates": [[[101.614567, 3.065516], [101.614506, 3.065517], [101.614471, 3.065529], [101.614472, 3.065694], [101.614533, 3.065694], [101.614568, 3.065681], [101.614567, 3.065516]]]}}, {"type": "Feature", "properties": {}, "geometry": {"type": "Polygon", "coordinates": [[[101.614627, 3.065516], [101.614567, 3.065516], [101.614532, 3.065529], [101.614533, 3.065694], [101.614594, 3.065694], [101.614628, 3.065681], [101.614627, 3.065516]]]}}, {"type": "Feature", "properties": {}, "geometry": {"type": "Polygon", "coordinates": [[[101.614688, 3.065516], [101.614627, 3.065516], [101.614593, 3.065528], [101.614594, 3.065694], [101.614655, 3.065693], [101.614689, 3.065681], [101.614688, 3.065516]]]}}, {"type": "Feature", "properties": {}, "geometry": {"type": "Polygon", "coordinates": [[[101.614749, 3.065515], [101.614688, 3.065516], [101.614654, 3.065528], [101.614655, 3.065693], [101.614716, 3.065693], [101.61475, 3.06568], [101.614749, 3.065515]]]}}, {"type": "Feature", "properties": {}, "geometry": {"type": "Polygon", "coordinates": [[[101.61481, 3.065515], [101.614749, 3.065515], [101.614715, 3.065528], [101.614716, 3.065693], [101.614777, 3.065692], [101.614811, 3.06568], [101.61481, 3.065515]]]}}, {"type": "Feature", "properties": {}, "geometry": {"type": "Polygon", "coordinates": [[[101.614976, 3.065508], [101.614914, 3.065509], [101.61488, 3.065522], [101.614883, 3.065687], [101.614944, 3.065686], [101.614979, 3.065674], [101.614976, 3.065508]]]}}, {"type": "Feature", "properties": {}, "geometry": {"type": "Polygon", "coordinates": [[[101.615037, 3.065507], [101.614976, 3.065508], [101.614941, 3.06552], [101.614944, 3.065686], [101.615006, 3.065685], [101.61504, 3.065672], [101.615037, 3.065507]]]}}, {"type": "Feature", "properties": {}, "geometry": {"type": "Polygon", "coordinates": [[[101.614421, 3.065907], [101.614386, 3.065919], [101.614386, 3.066065], [101.614448, 3.066065], [101.614482, 3.066053], [101.614482, 3.065907], [101.614421, 3.065907]]]}}, {"type": "Feature", "properties": {}, "geometry": {"type": "Polygon", "coordinates": [[[101.61436, 3.065907], [101.614325, 3.065919], [101.614325, 3.066065], [101.614386, 3.066065], [101.614421, 3.066053], [101.614421, 3.065907], [101.61436, 3.065907]]]}}, {"type": "Feature", "properties": {}, "geometry": {"type": "Polygon", "coordinates": [[[101.614298, 3.065907], [101.614264, 3.065919], [101.614264, 3.066065], [101.614325, 3.066065], [101.61436, 3.066053], [101.61436, 3.065907], [101.614298, 3.065907]]]}}, {"type": "Feature", "properties": {}, "geometry": {"type": "Polygon", "coordinates": [[[101.614237, 3.065907], [101.614202, 3.065919], [101.614202, 3.066065], [101.614264, 3.066065], [101.614298, 3.066053], [101.614298, 3.065907], [101.614237, 3.065907]]]}}, {"type": "Feature", "properties": {}, "geometry": {"type": "Polygon", "coordinates": [[[101.614176, 3.065907], [101.614141, 3.065919], [101.614141, 3.066065], [101.614202, 3.066065], [101.614237, 3.066053], [101.614237, 3.065907], [101.614176, 3.065907]]]}}, {"type": "Feature", "properties": {}, "geometry": {"type": "Polygon", "coordinates": [[[101.614114, 3.065907], [101.61408, 3.065919], [101.61408, 3.066065], [101.614141, 3.066065], [101.614176, 3.066053], [101.614176, 3.065907], [101.614114, 3.065907]]]}}, {"type": "Feature", "properties": {}, "geometry": {"type": "Polygon", "coordinates": [[[101.614053, 3.065907], [101.614018, 3.065919], [101.614018, 3.066065], [101.61408, 3.066065], [101.614114, 3.066053], [101.614114, 3.065907], [101.614053, 3.065907]]]}}, {"type": "Feature", "properties": {}, "geometry": {"type": "Polygon", "coordinates": [[[101.614285, 3.063475], [101.614087, 3.063476], [101.613914, 3.063538], [101.613875, 3.063594], [101.613877, 3.063679], [101.614113, 3.063676], [101.614286, 3.063614], [101.614285, 3.063475]]]}}, {"type": "Feature", "properties": {}, "geometry": {"type": "Polygon", "coordinates": [[[101.614286, 3.063614], [101.614049, 3.063617], [101.613877, 3.063679], [101.613877, 3.063744], [101.614114, 3.06374], [101.614287, 3.063678], [101.614286, 3.063614]]]}}, {"type": "Feature", "properties": {}, "geometry": {"type": "Polygon", "coordinates": [[[101.614287, 3.063678], [101.61405, 3.063681], [101.613877, 3.063744], [101.613878, 3.063798], [101.614115, 3.063795], [101.614287, 3.063733], [101.614287, 3.063678]]]}}, {"type": "Feature", "properties": {}, "geometry": {"type": "Polygon", "coordinates": [[[101.614287, 3.063733], [101.61405, 3.063736], [101.613878, 3.063798], [101.613879, 3.063861], [101.614116, 3.063858], [101.614288, 3.063795], [101.614287, 3.063733]]]}}, {"type": "Feature", "properties": {}, "geometry": {"type": "Polygon", "coordinates": [[[101.614982, 3.063588], [101.614947, 3.063601], [101.614946, 3.063761], [101.615008, 3.063762], [101.615042, 3.063749], [101.615043, 3.063589], [101.614982, 3.063588]]]}}, {"type": "Feature", "properties": {}, "geometry": {"type": "Polygon", "coordinates": [[[101.614921, 3.063588], [101.614886, 3.063601], [101.614885, 3.063761], [101.614946, 3.063761], [101.614981, 3.063749], [101.614982, 3.063588], [101.614921, 3.063588]]]}}, {"type": "Feature", "properties": {}, "geometry": {"type": "Polygon", "coordinates": [[[101.614859, 3.063588], [101.614825, 3.0636], [101.614824, 3.06376], [101.614885, 3.063761], [101.614919, 3.063748], [101.614921, 3.063588], [101.614859, 3.063588]]]}}, {"type": "Feature", "properties": {}, "geometry": {"type": "Polygon", "coordinates": [[[101.614798, 3.063587], [101.614764, 3.0636], [101.614762, 3.06376], [101.614824, 3.06376], [101.614858, 3.063748], [101.614859, 3.063588], [101.614798, 3.063587]]]}}, {"type": "Feature", "properties": {}, "geometry": {"type": "Polygon", "coordinates": [[[101.614737, 3.063587], [101.614702, 3.063599], [101.614701, 3.063759], [101.614762, 3.06376], [101.614797, 3.063747], [101.614798, 3.063587], [101.614737, 3.063587]]]}}, {"type": "Feature", "properties": {}, "geometry": {"type": "Polygon", "coordinates": [[[101.614676, 3.063586], [101.614641, 3.063598], [101.61464, 3.063759], [101.614701, 3.063759], [101.614736, 3.063747], [101.614737, 3.063587], [101.614676, 3.063586]]]}}, {"type": "Feature", "properties": {}, "geometry": {"type": "Polygon", "coordinates": [[[101.614614, 3.063586], [101.61458, 3.063598], [101.614579, 3.063758], [101.61464, 3.063759], [101.614674, 3.063746], [101.614676, 3.063586], [101.614614, 3.063586]]]}}, {"type": "Feature", "properties": {}, "geometry": {"type": "Polygon", "coordinates": [[[101.614553, 3.063585], [101.614519, 3.063598], [101.614517, 3.063758], [101.614579, 3.063758], [101.614613, 3.063746], [101.614614, 3.063586], [101.614553, 3.063585]]]}}, {"type": "Feature", "properties": {}, "geometry": {"type": "Polygon", "coordinates": [[[101.614492, 3.063585], [101.614457, 3.063597], [101.614456, 3.063757], [101.614517, 3.063758], [101.614552, 3.063745], [101.614553, 3.063585], [101.614492, 3.063585]]]}}, {"type": "Feature", "properties": {}, "geometry": {"type": "Polygon", "coordinates": [[[101.614431, 3.063584], [101.614396, 3.063597], [101.614395, 3.063757], [101.614456, 3.063757], [101.614491, 3.063745], [101.614492, 3.063585], [101.614431, 3.063584]]]}}, {"type": "Feature", "properties": {}, "geometry": {"type": "Polygon", "coordinates": [[[101.614369, 3.063584], [101.614335, 3.063596], [101.614334, 3.063756], [101.614395, 3.063757], [101.614429, 3.063744], [101.614431, 3.063584], [101.614369, 3.063584]]]}}, {"type": "Feature", "properties": {}, "geometry": {"type": "Polygon", "coordinates": [[[101.614308, 3.063583], [101.614274, 3.063596], [101.614272, 3.063756], [101.614334, 3.063756], [101.614368, 3.063744], [101.614369, 3.063584], [101.614308, 3.063583]]]}}, {"type": "Feature", "properties": {}, "geometry": {"type": "Polygon", "coordinates": [[[101.614247, 3.063583], [101.614212, 3.063595], [101.614211, 3.063755], [101.614272, 3.063756], [101.614307, 3.063743], [101.614308, 3.063583], [101.614247, 3.063583]]]}}, {"type": "Feature", "properties": {}, "geometry": {"type": "Polygon", "coordinates": [[[101.614246, 3.063784], [101.614185, 3.063784], [101.61415, 3.063797], [101.61415, 3.063955], [101.614212, 3.063954], [101.614246, 3.063942], [101.614246, 3.063784]]]}}, {"type": "Feature", "properties": {}, "geometry": {"type": "Polygon", "coordinates": [[[101.614307, 3.063784], [101.614246, 3.063784], [101.614211, 3.063797], [101.614212, 3.063954], [101.614273, 3.063954], [101.614307, 3.063942], [101.614307, 3.063784]]]}}, {"type": "Feature", "properties": {}, "geometry": {"type": "Polygon", "coordinates": [[[101.614368, 3.063784], [101.614307, 3.063784], [101.614272, 3.063796], [101.614273, 3.063954], [101.614334, 3.063954], [101.614368, 3.063942], [101.614368, 3.063784]]]}}, {"type": "Feature", "properties": {}, "geometry": {"type": "Polygon", "coordinates": [[[101.614429, 3.063784], [101.614368, 3.063784], [101.614334, 3.063796], [101.614334, 3.063954], [101.614395, 3.063954], [101.61443, 3.063942], [101.614429, 3.063784]]]}}, {"type": "Feature", "properties": {}, "geometry": {"type": "Polygon", "coordinates": [[[101.61449, 3.063783], [101.614429, 3.063784], [101.614395, 3.063796], [101.614395, 3.063954], [101.614456, 3.063954], [101.614491, 3.063941], [101.61449, 3.063783]]]}}, {"type": "Feature", "properties": {}, "geometry": {"type": "Polygon", "coordinates": [[[101.614552, 3.063783], [101.61449, 3.063783], [101.614456, 3.063796], [101.614456, 3.063954], [101.614518, 3.063954], [101.614552, 3.063941], [101.614552, 3.063783]]]}}, {"type": "Feature", "properties": {}, "geometry": {"type": "Polygon", "coordinates": [[[101.614613, 3.063783], [101.614552, 3.063783], [101.614517, 3.063796], [101.614518, 3.063954], [101.614579, 3.063954], [101.614613, 3.063941], [101.614613, 3.063783]]]}}, {"type": "Feature", "properties": {}, "geometry": {"type": "Polygon", "coordinates": [[[101.614674, 3.063783], [101.614613, 3.063783], [101.614578, 3.063796], [101.614579, 3.063954], [101.61464, 3.063953], [101.614674, 3.063941], [101.614674, 3.063783]]]}}, {"type": "Feature", "properties": {}, "geometry": {"type": "Polygon", "coordinates": [[[101.614735, 3.063783], [101.614674, 3.063783], [101.614639, 3.063795], [101.61464, 3.063953], [101.614701, 3.063953], [101.614735, 3.063941], [101.614735, 3.063783]]]}}, {"type": "Feature", "properties": {}, "geometry": {"type": "Polygon", "coordinates": [[[101.614796, 3.063783], [101.614735, 3.063783], [101.614701, 3.063795], [101.614701, 3.063953], [101.614762, 3.063953], [101.614797, 3.063941], [101.614796, 3.063783]]]}}, {"type": "Feature", "properties": {}, "geometry": {"type": "Polygon", "coordinates": [[[101.614857, 3.063782], [101.614796, 3.063783], [101.614762, 3.063795], [101.614762, 3.063953], [101.614823, 3.063953], [101.614858, 3.06394], [101.614857, 3.063782]]]}}, {"type": "Feature", "properties": {}, "geometry": {"type": "Polygon", "coordinates": [[[101.614919, 3.063782], [101.614857, 3.063782], [101.614823, 3.063795], [101.614823, 3.063953], [101.614885, 3.063953], [101.614919, 3.06394], [101.614919, 3.063782]]]}}, {"type": "Feature", "properties": {}, "geometry": {"type": "Polygon", "coordinates": [[[101.61498, 3.063782], [101.614919, 3.063782], [101.614884, 3.063795], [101.614885, 3.063953], [101.614946, 3.063953], [101.61498, 3.06394], [101.61498, 3.063782]]]}}, {"type": "Feature", "properties": {}, "geometry": {"type": "Polygon", "coordinates": [[[101.615041, 3.063782], [101.61498, 3.063782], [101.614945, 3.063795], [101.614946, 3.063953], [101.615007, 3.063952], [101.615041, 3.06394], [101.615041, 3.063782]]]}}, {"type": "Feature", "properties": {}, "geometry": {"type": "Polygon", "coordinates": [[[101.614949, 3.064359], [101.614889, 3.06436], [101.614854, 3.064373], [101.614856, 3.064519], [101.614916, 3.064519], [101.614951, 3.064506], [101.614949, 3.064359]]]}}, {"type": "Feature", "properties": {}, "geometry": {"type": "Polygon", "coordinates": [[[101.615009, 3.064359], [101.614949, 3.064359], [101.614914, 3.064372], [101.614916, 3.064519], [101.614976, 3.064518], [101.615011, 3.064506], [101.615009, 3.064359]]]}}, {"type": "Feature", "properties": {}, "geometry": {"type": "Polygon", "coordinates": [[[101.615069, 3.064358], [101.615009, 3.064359], [101.614975, 3.064371], [101.614976, 3.064518], [101.615037, 3.064517], [101.615071, 3.064505], [101.615069, 3.064358]]]}}, {"type": "Feature", "properties": {}, "geometry": {"type": "Polygon", "coordinates": [[[101.615008, 3.064162], [101.614974, 3.064175], [101.614974, 3.064316], [101.615036, 3.064316], [101.61507, 3.064304], [101.61507, 3.064162], [101.615008, 3.064162]]]}}, {"type": "Feature", "properties": {}, "geometry": {"type": "Polygon", "coordinates": [[[101.614946, 3.064162], [101.614911, 3.064175], [101.614911, 3.064316], [101.614974, 3.064316], [101.615008, 3.064304], [101.615008, 3.064162], [101.614946, 3.064162]]]}}, {"type": "Feature", "properties": {}, "geometry": {"type": "Polygon", "coordinates": [[[101.61399, 3.06435], [101.613955, 3.064362], [101.613954, 3.064518], [101.614024, 3.064518], [101.614059, 3.064506], [101.61406, 3.06435], [101.61399, 3.06435]]]}}, {"type": "Feature", "properties": {}, "geometry": {"type": "Polygon", "coordinates": [[[101.61406, 3.06435], [101.614026, 3.064363], [101.614024, 3.064518], [101.614084, 3.064519], [101.614119, 3.064506], [101.61412, 3.064351], [101.61406, 3.06435]]]}}, {"type": "Feature", "properties": {}, "geometry": {"type": "Polygon", "coordinates": [[[101.61412, 3.064351], [101.614086, 3.064363], [101.614084, 3.064519], [101.614144, 3.064519], [101.614178, 3.064507], [101.61418, 3.064351], [101.61412, 3.064351]]]}}, {"type": "Feature", "properties": {}, "geometry": {"type": "Polygon", "coordinates": [[[101.61418, 3.064351], [101.614145, 3.064364], [101.614144, 3.064519], [101.614204, 3.06452], [101.614238, 3.064507], [101.61424, 3.064352], [101.61418, 3.064351]]]}}, {"type": "Feature", "properties": {}, "geometry": {"type": "Polygon", "coordinates": [[[101.61424, 3.064352], [101.614205, 3.064364], [101.614204, 3.06452], [101.614264, 3.06452], [101.614298, 3.064508], [101.6143, 3.064352], [101.61424, 3.064352]]]}}, {"type": "Feature", "properties": {}, "geometry": {"type": "Polygon", "coordinates": [[[101.6143, 3.064352], [101.614265, 3.064365], [101.614264, 3.06452], [101.614324, 3.064521], [101.614358, 3.064508], [101.614359, 3.064353], [101.6143, 3.064352]]]}}, {"type": "Feature", "properties": {}, "geometry": {"type": "Polygon", "coordinates": [[[101.614359, 3.064353], [101.614325, 3.064365], [101.614324, 3.064521], [101.614383, 3.064521], [101.614418, 3.064509], [101.614419, 3.064353], [101.614359, 3.064353]]]}}, {"type": "Feature", "properties": {}, "geometry": {"type": "Polygon", "coordinates": [[[101.614419, 3.064353], [101.614385, 3.064366], [101.614383, 3.064521], [101.614443, 3.064522], [101.614478, 3.064509], [101.614479, 3.064354], [101.614419, 3.064353]]]}}, {"type": "Feature", "properties": {}, "geometry": {"type": "Polygon", "coordinates": [[[101.614479, 3.064354], [101.614445, 3.064366], [101.614443, 3.064522], [101.614503, 3.064522], [101.614538, 3.06451], [101.614539, 3.064354], [101.614479, 3.064354]]]}}, {"type": "Feature", "properties": {}, "geometry": {"type": "Polygon", "coordinates": [[[101.614601, 3.06415], [101.61454, 3.064151], [101.614505, 3.064163], [101.614507, 3.064314], [101.614568, 3.064314], [101.614602, 3.064301], [101.614601, 3.06415]]]}}, {"type": "Feature", "properties": {}, "geometry": {"type": "Polygon", "coordinates": [[[101.61454, 3.064151], [101.614479, 3.064152], [101.614444, 3.064164], [101.614446, 3.064315], [101.614507, 3.064314], [101.614541, 3.064302], [101.61454, 3.064151]]]}}, {"type": "Feature", "properties": {}, "geometry": {"type": "Polygon", "coordinates": [[[101.614479, 3.064152], [101.614418, 3.064152], [101.614383, 3.064165], [101.614385, 3.064315], [101.614446, 3.064315], [101.61448, 3.064302], [101.614479, 3.064152]]]}}, {"type": "Feature", "properties": {}, "geometry": {"type": "Polygon", "coordinates": [[[101.614418, 3.064152], [101.614357, 3.064153], [101.614322, 3.064165], [101.614323, 3.064316], [101.614385, 3.064315], [101.614419, 3.064303], [101.614418, 3.064152]]]}}, {"type": "Feature", "properties": {}, "geometry": {"type": "Polygon", "coordinates": [[[101.614357, 3.064153], [101.614295, 3.064153], [101.614261, 3.064166], [101.614262, 3.064316], [101.614323, 3.064316], [101.614358, 3.064303], [101.614357, 3.064153]]]}}, {"type": "Feature", "properties": {}, "geometry": {"type": "Polygon", "coordinates": [[[101.614295, 3.064153], [101.614234, 3.064154], [101.6142, 3.064166], [101.614201, 3.064317], [101.614262, 3.064316], [101.614297, 3.064304], [101.614295, 3.064153]]]}}, {"type": "Feature", "properties": {}, "geometry": {"type": "Polygon", "coordinates": [[[101.614234, 3.064154], [101.614173, 3.064154], [101.614139, 3.064167], [101.61414, 3.064318], [101.614201, 3.064317], [101.614236, 3.064304], [101.614234, 3.064154]]]}}, {"type": "Feature", "properties": {}, "geometry": {"type": "Polygon", "coordinates": [[[101.614173, 3.064154], [101.614112, 3.064155], [101.614078, 3.064167], [101.614079, 3.064318], [101.61414, 3.064318], [101.614175, 3.064305], [101.614173, 3.064154]]]}}, {"type": "Feature", "properties": {}, "geometry": {"type": "Polygon", "coordinates": [[[101.614112, 3.064155], [101.614051, 3.064155], [101.614017, 3.064168], [101.614018, 3.064319], [101.614079, 3.064318], [101.614114, 3.064306], [101.614112, 3.064155]]]}}, {"type": "Feature", "properties": {}, "geometry": {"type": "Polygon", "coordinates": [[[101.614344, 3.065178], [101.614189, 3.065181], [101.614154, 3.065193], [101.614156, 3.065256], [101.614311, 3.065253], [101.614346, 3.06524], [101.614344, 3.065178]]]}}, {"type": "Feature", "properties": {}, "geometry": {"type": "Polygon", "coordinates": [[[101.614343, 3.065115], [101.614187, 3.065119], [101.614153, 3.065131], [101.614154, 3.065193], [101.61431, 3.06519], [101.614344, 3.065178], [101.614343, 3.065115]]]}}, {"type": "Feature", "properties": {}, "geometry": {"type": "Polygon", "coordinates": [[[101.614342, 3.065053], [101.614186, 3.065056], [101.614152, 3.065068], [101.614153, 3.065131], [101.614309, 3.065128], [101.614343, 3.065115], [101.614342, 3.065053]]]}}, {"type": "Feature", "properties": {}, "geometry": {"type": "Polygon", "coordinates": [[[101.61434, 3.06499], [101.614185, 3.064993], [101.61415, 3.065006], [101.614152, 3.065068], [101.614307, 3.065065], [101.614342, 3.065053], [101.61434, 3.06499]]]}}, {"type": "Feature", "properties": {}, "geometry": {"type": "Polygon", "coordinates": [[[101.614339, 3.064927], [101.614183, 3.064931], [101.614149, 3.064943], [101.61415, 3.065006], [101.614306, 3.065002], [101.61434, 3.06499], [101.614339, 3.064927]]]}}, {"type": "Feature", "properties": {}, "geometry": {"type": "Polygon", "coordinates": [[[101.614338, 3.064865], [101.614182, 3.064868], [101.614148, 3.064881], [101.614149, 3.064943], [101.614304, 3.06494], [101.614339, 3.064927], [101.614338, 3.064865]]]}}, {"type": "Feature", "properties": {}, "geometry": {"type": "Polygon", "coordinates": [[[101.614336, 3.064802], [101.614181, 3.064806], [101.614146, 3.064818], [101.614148, 3.064881], [101.614303, 3.064877], [101.614338, 3.064865], [101.614336, 3.064802]]]}}, {"type": "Feature", "properties": {}, "geometry": {"type": "Polygon", "coordinates": [[[101.61415, 3.065172], [101.613988, 3.065174], [101.613953, 3.065186], [101.613954, 3.065248], [101.614116, 3.065246], [101.61415, 3.065234], [101.61415, 3.065172]]]}}, {"type": "Feature", "properties": {}, "geometry": {"type": "Polygon", "coordinates": [[[101.614149, 3.06511], [101.613987, 3.065112], [101.613953, 3.065125], [101.613953, 3.065186], [101.614115, 3.065184], [101.61415, 3.065172], [101.614149, 3.06511]]]}}, {"type": "Feature", "properties": {}, "geometry": {"type": "Polygon", "coordinates": [[[101.614148, 3.065049], [101.613987, 3.06505], [101.613952, 3.065063], [101.613953, 3.065125], [101.614114, 3.065123], [101.614149, 3.06511], [101.614148, 3.065049]]]}}, {"type": "Feature", "properties": {}, "geometry": {"type": "Polygon", "coordinates": [[[101.614148, 3.064987], [101.613986, 3.064988], [101.613952, 3.065001], [101.613952, 3.065063], [101.614114, 3.065061], [101.614148, 3.065049], [101.614148, 3.064987]]]}}, {"type": "Feature", "properties": {}, "geometry": {"type": "Polygon", "coordinates": [[[101.614147, 3.064925], [101.613985, 3.064927], [101.613951, 3.064939], [101.613952, 3.065001], [101.614113, 3.064999], [101.614148, 3.064987], [101.614147, 3.064925]]]}}, {"type": "Feature", "properties": {}, "geometry": {"type": "Polygon", "coordinates": [[[101.614146, 3.064863], [101.613985, 3.064865], [101.61395, 3.064877], [101.613951, 3.064939], [101.614113, 3.064937], [101.614147, 3.064925], [101.614146, 3.064863]]]}}, {"type": "Feature", "properties": {}, "geometry": {"type": "Polygon", "coordinates": [[[101.614146, 3.064801], [101.613984, 3.064803], [101.61395, 3.064815], [101.61395, 3.064877], [101.614112, 3.064876], [101.614146, 3.064863], [101.614146, 3.064801]]]}}, {"type": "Feature", "properties": {}, "geometry": {"type": "Polygon", "coordinates": [[[101.604922, 3.068598], [101.604774, 3.068644], [101.604722, 3.068662], [101.604721, 3.068804], [101.604757, 3.068901], [101.604848, 3.06905], [101.605122, 3.069049], [101.605174, 3.06903], [101.605117, 3.068855], [101.604922, 3.068598]]]}}, {"type": "Feature", "properties": {}, "geometry": {"type": "Polygon", "coordinates": [[[101.609158, 3.075761], [101.609106, 3.075779], [101.609106, 3.075824], [101.609831, 3.075825], [101.609883, 3.075806], [101.609883, 3.075762], [101.609158, 3.075761]]]}}, {"type": "Feature", "properties": {}, "geometry": {"type": "Polygon", "coordinates": [[[101.609123, 3.070269], [101.608908, 3.070347], [101.608181, 3.070653], [101.608076, 3.070824], [101.608375, 3.071219], [101.609073, 3.07109], [101.609289, 3.071012], [101.609599, 3.070529], [101.609533, 3.070487], [101.609123, 3.070269]]]}}, {"type": "Feature", "properties": {}, "geometry": {"type": "Polygon", "coordinates": [[[101.608744, 3.071093], [101.608591, 3.071141], [101.608375, 3.071219], [101.608296, 3.071585], [101.608298, 3.07163], [101.608312, 3.071671], [101.608349, 3.071712], [101.608398, 3.07174], [101.608513, 3.071772], [101.608543, 3.071772], [101.608759, 3.071695], [101.608795, 3.071673], [101.608831, 3.071643], [101.608859, 3.071603], [101.608879, 3.071565], [101.608887, 3.071535], [101.608871, 3.071202], [101.608744, 3.071093]]]}}, {"type": "Feature", "properties": {}, "geometry": {"type": "Polygon", "coordinates": [[[101.608922, 3.070777], [101.608706, 3.070855], [101.608586, 3.070966], [101.608533, 3.071045], [101.608529, 3.07117], [101.608545, 3.071215], [101.608982, 3.071471], [101.609006, 3.071469], [101.609221, 3.071391], [101.609237, 3.071379], [101.609323, 3.071251], [101.609341, 3.071222], [101.609348, 3.071195], [101.609348, 3.071165], [101.609289, 3.071012], [101.608922, 3.070777]]]}}, {"type": "Feature", "properties": {}, "geometry": {"type": "Polygon", "coordinates": [[[101.609437, 3.070177], [101.609372, 3.070199], [101.609156, 3.070276], [101.609106, 3.070326], [101.609042, 3.070433], [101.609297, 3.070596], [101.609407, 3.070656], [101.609622, 3.070578], [101.609763, 3.070363], [101.609473, 3.070177], [101.609437, 3.070177]]]}}, {"type": "Feature", "properties": {}, "geometry": {"type": "Polygon", "coordinates": [[[101.608361, 3.071561], [101.608296, 3.071585], [101.607972, 3.071792], [101.607971, 3.071971], [101.608323, 3.071976], [101.608388, 3.071952], [101.608582, 3.071847], [101.608599, 3.071749], [101.608361, 3.071561]]]}}, {"type": "Feature", "properties": {}, "geometry": {"type": "Polygon", "coordinates": [[[101.609561, 3.070007], [101.609496, 3.07003], [101.60931, 3.070137], [101.609234, 3.070255], [101.609569, 3.070454], [101.609634, 3.07043], [101.609806, 3.070337], [101.609804, 3.07011], [101.609561, 3.070007]]]}}, {"type": "Feature", "properties": {}, "geometry": {"type": "Polygon", "coordinates": [[[101.607758, 3.070844], [101.607706, 3.070863], [101.60762, 3.070917], [101.607939, 3.071534], [101.608048, 3.071686], [101.6081, 3.071667], [101.60816, 3.071614], [101.608075, 3.071076], [101.607959, 3.070954], [101.607906, 3.070918], [101.607758, 3.070844]]]}}, {"type": "Feature", "properties": {}, "geometry": {"type": "Polygon", "coordinates": [[[101.607758, 3.070844], [101.607706, 3.070863], [101.60762, 3.070917], [101.607939, 3.071534], [101.608048, 3.071686], [101.6081, 3.071667], [101.60816, 3.071614], [101.608075, 3.071076], [101.607959, 3.070954], [101.607906, 3.070918], [101.607758, 3.070844]]]}}]}